ISO-10303-21;
HEADER;
FILE_DESCRIPTION(('Open CASCADE Model'),'2;1');
FILE_NAME('Open CASCADE Shape Model','2026-09-08T13:42:42',('Author'),(
    'Open CASCADE'),'Open CASCADE STEP processor 7.9','Open CASCADE 7.9'
  ,'Unknown');
FILE_SCHEMA(('AUTOMOTIVE_DESIGN { 1 0 10303 214 1 1 1 1 }'));
ENDSEC;
DATA;
#1 = APPLICATION_PROTOCOL_DEFINITION('international standard',
  'automotive_design',2000,#2);
#2 = APPLICATION_CONTEXT(
  'core data for automotive mechanical design processes');
#3 = SHAPE_DEFINITION_REPRESENTATION(#4,#10);
#4 = PRODUCT_DEFINITION_SHAPE('','',#5);
#5 = PRODUCT_DEFINITION('design','',#6,#9);
#6 = PRODUCT_DEFINITION_FORMATION('','',#7);
#7 = PRODUCT('Open CASCADE STEP translator 7.9 22',
  'Open CASCADE STEP translator 7.9 22','',(#8));
#8 = PRODUCT_CONTEXT('',#2,'mechanical');
#9 = PRODUCT_DEFINITION_CONTEXT('part definition',#2,'design');
#10 = SHAPE_REPRESENTATION('',(#11,#15,#19,#23,#27,#31,#35,#39,#43,#47,
    #51,#55,#59,#63,#67,#71,#75,#79,#83,#87,#91,#95,#99,#103,#107,#111,
    #115,#119,#123,#127,#131,#135,#139,#143,#147,#151),#155);
#11 = AXIS2_PLACEMENT_3D('',#12,#13,#14);
#12 = CARTESIAN_POINT('',(0.,0.,0.));
#13 = DIRECTION('',(0.,0.,1.));
#14 = DIRECTION('',(1.,0.,-0.));
#15 = AXIS2_PLACEMENT_3D('',#16,#17,#18);
#16 = CARTESIAN_POINT('',(0.,0.,0.));
#17 = DIRECTION('',(0.,0.,1.));
#18 = DIRECTION('',(1.,0.,-0.));
#19 = AXIS2_PLACEMENT_3D('',#20,#21,#22);
#20 = CARTESIAN_POINT('',(0.,0.,0.));
#21 = DIRECTION('',(0.,0.,1.));
#22 = DIRECTION('',(1.,0.,-0.));
#23 = AXIS2_PLACEMENT_3D('',#24,#25,#26);
#24 = CARTESIAN_POINT('',(0.,0.,0.));
#25 = DIRECTION('',(0.,0.,1.));
#26 = DIRECTION('',(1.,0.,-0.));
#27 = AXIS2_PLACEMENT_3D('',#28,#29,#30);
#28 = CARTESIAN_POINT('',(0.,0.,0.));
#29 = DIRECTION('',(0.,0.,1.));
#30 = DIRECTION('',(1.,0.,-0.));
#31 = AXIS2_PLACEMENT_3D('',#32,#33,#34);
#32 = CARTESIAN_POINT('',(0.,0.,0.));
#33 = DIRECTION('',(0.,0.,1.));
#34 = DIRECTION('',(1.,0.,-0.));
#35 = AXIS2_PLACEMENT_3D('',#36,#37,#38);
#36 = CARTESIAN_POINT('',(0.,0.,0.));
#37 = DIRECTION('',(0.,0.,1.));
#38 = DIRECTION('',(1.,0.,-0.));
#39 = AXIS2_PLACEMENT_3D('',#40,#41,#42);
#40 = CARTESIAN_POINT('',(0.,0.,0.));
#41 = DIRECTION('',(0.,0.,1.));
#42 = DIRECTION('',(1.,0.,-0.));
#43 = AXIS2_PLACEMENT_3D('',#44,#45,#46);
#44 = CARTESIAN_POINT('',(0.,0.,0.));
#45 = DIRECTION('',(0.,0.,1.));
#46 = DIRECTION('',(1.,0.,-0.));
#47 = AXIS2_PLACEMENT_3D('',#48,#49,#50);
#48 = CARTESIAN_POINT('',(0.,0.,0.));
#49 = DIRECTION('',(0.,0.,1.));
#50 = DIRECTION('',(1.,0.,-0.));
#51 = AXIS2_PLACEMENT_3D('',#52,#53,#54);
#52 = CARTESIAN_POINT('',(0.,0.,0.));
#53 = DIRECTION('',(0.,0.,1.));
#54 = DIRECTION('',(1.,0.,-0.));
#55 = AXIS2_PLACEMENT_3D('',#56,#57,#58);
#56 = CARTESIAN_POINT('',(0.,0.,0.));
#57 = DIRECTION('',(0.,0.,1.));
#58 = DIRECTION('',(1.,0.,-0.));
#59 = AXIS2_PLACEMENT_3D('',#60,#61,#62);
#60 = CARTESIAN_POINT('',(0.,0.,0.));
#61 = DIRECTION('',(0.,0.,1.));
#62 = DIRECTION('',(1.,0.,-0.));
#63 = AXIS2_PLACEMENT_3D('',#64,#65,#66);
#64 = CARTESIAN_POINT('',(0.,0.,0.));
#65 = DIRECTION('',(0.,0.,1.));
#66 = DIRECTION('',(1.,0.,-0.));
#67 = AXIS2_PLACEMENT_3D('',#68,#69,#70);
#68 = CARTESIAN_POINT('',(0.,0.,0.));
#69 = DIRECTION('',(0.,0.,1.));
#70 = DIRECTION('',(1.,0.,-0.));
#71 = AXIS2_PLACEMENT_3D('',#72,#73,#74);
#72 = CARTESIAN_POINT('',(0.,0.,0.));
#73 = DIRECTION('',(0.,0.,1.));
#74 = DIRECTION('',(1.,0.,-0.));
#75 = AXIS2_PLACEMENT_3D('',#76,#77,#78);
#76 = CARTESIAN_POINT('',(0.,0.,0.));
#77 = DIRECTION('',(0.,0.,1.));
#78 = DIRECTION('',(1.,0.,-0.));
#79 = AXIS2_PLACEMENT_3D('',#80,#81,#82);
#80 = CARTESIAN_POINT('',(0.,0.,0.));
#81 = DIRECTION('',(0.,0.,1.));
#82 = DIRECTION('',(1.,0.,-0.));
#83 = AXIS2_PLACEMENT_3D('',#84,#85,#86);
#84 = CARTESIAN_POINT('',(0.,0.,0.));
#85 = DIRECTION('',(0.,0.,1.));
#86 = DIRECTION('',(1.,0.,-0.));
#87 = AXIS2_PLACEMENT_3D('',#88,#89,#90);
#88 = CARTESIAN_POINT('',(0.,0.,0.));
#89 = DIRECTION('',(0.,0.,1.));
#90 = DIRECTION('',(1.,0.,-0.));
#91 = AXIS2_PLACEMENT_3D('',#92,#93,#94);
#92 = CARTESIAN_POINT('',(0.,0.,0.));
#93 = DIRECTION('',(0.,0.,1.));
#94 = DIRECTION('',(1.,0.,-0.));
#95 = AXIS2_PLACEMENT_3D('',#96,#97,#98);
#96 = CARTESIAN_POINT('',(0.,0.,0.));
#97 = DIRECTION('',(0.,0.,1.));
#98 = DIRECTION('',(1.,0.,-0.));
#99 = AXIS2_PLACEMENT_3D('',#100,#101,#102);
#100 = CARTESIAN_POINT('',(0.,0.,0.));
#101 = DIRECTION('',(0.,0.,1.));
#102 = DIRECTION('',(1.,0.,-0.));
#103 = AXIS2_PLACEMENT_3D('',#104,#105,#106);
#104 = CARTESIAN_POINT('',(0.,0.,0.));
#105 = DIRECTION('',(0.,0.,1.));
#106 = DIRECTION('',(1.,0.,-0.));
#107 = AXIS2_PLACEMENT_3D('',#108,#109,#110);
#108 = CARTESIAN_POINT('',(0.,0.,0.));
#109 = DIRECTION('',(0.,0.,1.));
#110 = DIRECTION('',(1.,0.,-0.));
#111 = AXIS2_PLACEMENT_3D('',#112,#113,#114);
#112 = CARTESIAN_POINT('',(0.,0.,0.));
#113 = DIRECTION('',(0.,0.,1.));
#114 = DIRECTION('',(1.,0.,-0.));
#115 = AXIS2_PLACEMENT_3D('',#116,#117,#118);
#116 = CARTESIAN_POINT('',(0.,0.,0.));
#117 = DIRECTION('',(0.,0.,1.));
#118 = DIRECTION('',(1.,0.,-0.));
#119 = AXIS2_PLACEMENT_3D('',#120,#121,#122);
#120 = CARTESIAN_POINT('',(0.,0.,0.));
#121 = DIRECTION('',(0.,0.,1.));
#122 = DIRECTION('',(1.,0.,-0.));
#123 = AXIS2_PLACEMENT_3D('',#124,#125,#126);
#124 = CARTESIAN_POINT('',(0.,0.,0.));
#125 = DIRECTION('',(0.,0.,1.));
#126 = DIRECTION('',(1.,0.,-0.));
#127 = AXIS2_PLACEMENT_3D('',#128,#129,#130);
#128 = CARTESIAN_POINT('',(0.,0.,0.));
#129 = DIRECTION('',(0.,0.,1.));
#130 = DIRECTION('',(1.,0.,-0.));
#131 = AXIS2_PLACEMENT_3D('',#132,#133,#134);
#132 = CARTESIAN_POINT('',(0.,0.,0.));
#133 = DIRECTION('',(0.,0.,1.));
#134 = DIRECTION('',(1.,0.,-0.));
#135 = AXIS2_PLACEMENT_3D('',#136,#137,#138);
#136 = CARTESIAN_POINT('',(0.,0.,0.));
#137 = DIRECTION('',(0.,0.,1.));
#138 = DIRECTION('',(1.,0.,-0.));
#139 = AXIS2_PLACEMENT_3D('',#140,#141,#142);
#140 = CARTESIAN_POINT('',(0.,0.,0.));
#141 = DIRECTION('',(0.,0.,1.));
#142 = DIRECTION('',(1.,0.,-0.));
#143 = AXIS2_PLACEMENT_3D('',#144,#145,#146);
#144 = CARTESIAN_POINT('',(0.,0.,0.));
#145 = DIRECTION('',(0.,0.,1.));
#146 = DIRECTION('',(1.,0.,-0.));
#147 = AXIS2_PLACEMENT_3D('',#148,#149,#150);
#148 = CARTESIAN_POINT('',(0.,0.,0.));
#149 = DIRECTION('',(0.,0.,1.));
#150 = DIRECTION('',(1.,0.,-0.));
#151 = AXIS2_PLACEMENT_3D('',#152,#153,#154);
#152 = CARTESIAN_POINT('',(0.,0.,0.));
#153 = DIRECTION('',(0.,0.,1.));
#154 = DIRECTION('',(1.,0.,-0.));
#155 = ( GEOMETRIC_REPRESENTATION_CONTEXT(3) 
GLOBAL_UNCERTAINTY_ASSIGNED_CONTEXT((#159)) GLOBAL_UNIT_ASSIGNED_CONTEXT
((#156,#157,#158)) REPRESENTATION_CONTEXT('Context #1',
  '3D Context with UNIT and UNCERTAINTY') );
#156 = ( LENGTH_UNIT() NAMED_UNIT(*) SI_UNIT(.MILLI.,.METRE.) );
#157 = ( NAMED_UNIT(*) PLANE_ANGLE_UNIT() SI_UNIT($,.RADIAN.) );
#158 = ( NAMED_UNIT(*) SI_UNIT($,.STERADIAN.) SOLID_ANGLE_UNIT() );
#159 = UNCERTAINTY_MEASURE_WITH_UNIT(LENGTH_MEASURE(1.E-07),#156,
  'distance_accuracy_value','confusion accuracy');
#160 = PRODUCT_RELATED_PRODUCT_CATEGORY('part',$,(#7));
#161 = SHAPE_DEFINITION_REPRESENTATION(#162,#168);
#162 = PRODUCT_DEFINITION_SHAPE('','',#163);
#163 = PRODUCT_DEFINITION('design','',#164,#167);
#164 = PRODUCT_DEFINITION_FORMATION('','',#165);
#165 = PRODUCT('Open CASCADE STEP translator 7.9 22.1',
  'Open CASCADE STEP translator 7.9 22.1','',(#166));
#166 = PRODUCT_CONTEXT('',#2,'mechanical');
#167 = PRODUCT_DEFINITION_CONTEXT('part definition',#2,'design');
#168 = ADVANCED_BREP_SHAPE_REPRESENTATION('',(#11,#169),#1207);
#169 = MANIFOLD_SOLID_BREP('',#170);
#170 = CLOSED_SHELL('',(#171,#392,#639,#686,#740,#765,#814,#863,#890,
    #944,#993,#1042,#1091,#1118,#1125,#1196));
#171 = ADVANCED_FACE('',(#172),#186,.F.);
#172 = FACE_BOUND('',#173,.F.);
#173 = EDGE_LOOP('',(#174,#209,#237,#265,#293,#316,#342,#368));
#174 = ORIENTED_EDGE('',*,*,#175,.F.);
#175 = EDGE_CURVE('',#176,#178,#180,.T.);
#176 = VERTEX_POINT('',#177);
#177 = CARTESIAN_POINT('',(-3.025,-45.57,10.21));
#178 = VERTEX_POINT('',#179);
#179 = CARTESIAN_POINT('',(-3.025,-22.415,10.21));
#180 = SURFACE_CURVE('',#181,(#185,#197),.PCURVE_S1.);
#181 = LINE('',#182,#183);
#182 = CARTESIAN_POINT('',(-3.025,-45.57,10.21));
#183 = VECTOR('',#184,1.);
#184 = DIRECTION('',(-0.,1.,0.));
#185 = PCURVE('',#186,#191);
#186 = PLANE('',#187);
#187 = AXIS2_PLACEMENT_3D('',#188,#189,#190);
#188 = CARTESIAN_POINT('',(-3.025,-45.57,0.3));
#189 = DIRECTION('',(1.,0.,-0.));
#190 = DIRECTION('',(0.,0.,1.));
#191 = DEFINITIONAL_REPRESENTATION('',(#192),#196);
#192 = LINE('',#193,#194);
#193 = CARTESIAN_POINT('',(9.91,0.));
#194 = VECTOR('',#195,1.);
#195 = DIRECTION('',(0.,-1.));
#196 = ( GEOMETRIC_REPRESENTATION_CONTEXT(2) 
PARAMETRIC_REPRESENTATION_CONTEXT() REPRESENTATION_CONTEXT('2D SPACE',''
  ) );
#197 = PCURVE('',#198,#203);
#198 = PLANE('',#199);
#199 = AXIS2_PLACEMENT_3D('',#200,#201,#202);
#200 = CARTESIAN_POINT('',(-3.025,-45.57,10.21));
#201 = DIRECTION('',(0.,0.,1.));
#202 = DIRECTION('',(1.,0.,-0.));
#203 = DEFINITIONAL_REPRESENTATION('',(#204),#208);
#204 = LINE('',#205,#206);
#205 = CARTESIAN_POINT('',(0.,0.));
#206 = VECTOR('',#207,1.);
#207 = DIRECTION('',(0.,1.));
#208 = ( GEOMETRIC_REPRESENTATION_CONTEXT(2) 
PARAMETRIC_REPRESENTATION_CONTEXT() REPRESENTATION_CONTEXT('2D SPACE',''
  ) );
#209 = ORIENTED_EDGE('',*,*,#210,.F.);
#210 = EDGE_CURVE('',#211,#176,#213,.T.);
#211 = VERTEX_POINT('',#212);
#212 = CARTESIAN_POINT('',(-3.025,-45.57,0.3));
#213 = SURFACE_CURVE('',#214,(#218,#225),.PCURVE_S1.);
#214 = LINE('',#215,#216);
#215 = CARTESIAN_POINT('',(-3.025,-45.57,0.3));
#216 = VECTOR('',#217,1.);
#217 = DIRECTION('',(0.,0.,1.));
#218 = PCURVE('',#186,#219);
#219 = DEFINITIONAL_REPRESENTATION('',(#220),#224);
#220 = LINE('',#221,#222);
#221 = CARTESIAN_POINT('',(0.,0.));
#222 = VECTOR('',#223,1.);
#223 = DIRECTION('',(1.,0.));
#224 = ( GEOMETRIC_REPRESENTATION_CONTEXT(2) 
PARAMETRIC_REPRESENTATION_CONTEXT() REPRESENTATION_CONTEXT('2D SPACE',''
  ) );
#225 = PCURVE('',#226,#231);
#226 = PLANE('',#227);
#227 = AXIS2_PLACEMENT_3D('',#228,#229,#230);
#228 = CARTESIAN_POINT('',(-3.025,-45.57,0.3));
#229 = DIRECTION('',(-0.,1.,0.));
#230 = DIRECTION('',(0.,0.,1.));
#231 = DEFINITIONAL_REPRESENTATION('',(#232),#236);
#232 = LINE('',#233,#234);
#233 = CARTESIAN_POINT('',(0.,0.));
#234 = VECTOR('',#235,1.);
#235 = DIRECTION('',(1.,0.));
#236 = ( GEOMETRIC_REPRESENTATION_CONTEXT(2) 
PARAMETRIC_REPRESENTATION_CONTEXT() REPRESENTATION_CONTEXT('2D SPACE',''
  ) );
#237 = ORIENTED_EDGE('',*,*,#238,.T.);
#238 = EDGE_CURVE('',#211,#239,#241,.T.);
#239 = VERTEX_POINT('',#240);
#240 = CARTESIAN_POINT('',(-3.025,4.93,0.3));
#241 = SURFACE_CURVE('',#242,(#246,#253),.PCURVE_S1.);
#242 = LINE('',#243,#244);
#243 = CARTESIAN_POINT('',(-3.025,-45.57,0.3));
#244 = VECTOR('',#245,1.);
#245 = DIRECTION('',(-0.,1.,0.));
#246 = PCURVE('',#186,#247);
#247 = DEFINITIONAL_REPRESENTATION('',(#248),#252);
#248 = LINE('',#249,#250);
#249 = CARTESIAN_POINT('',(0.,0.));
#250 = VECTOR('',#251,1.);
#251 = DIRECTION('',(0.,-1.));
#252 = ( GEOMETRIC_REPRESENTATION_CONTEXT(2) 
PARAMETRIC_REPRESENTATION_CONTEXT() REPRESENTATION_CONTEXT('2D SPACE',''
  ) );
#253 = PCURVE('',#254,#259);
#254 = PLANE('',#255);
#255 = AXIS2_PLACEMENT_3D('',#256,#257,#258);
#256 = CARTESIAN_POINT('',(-3.025,-45.57,0.3));
#257 = DIRECTION('',(0.,0.,1.));
#258 = DIRECTION('',(1.,0.,-0.));
#259 = DEFINITIONAL_REPRESENTATION('',(#260),#264);
#260 = LINE('',#261,#262);
#261 = CARTESIAN_POINT('',(0.,0.));
#262 = VECTOR('',#263,1.);
#263 = DIRECTION('',(0.,1.));
#264 = ( GEOMETRIC_REPRESENTATION_CONTEXT(2) 
PARAMETRIC_REPRESENTATION_CONTEXT() REPRESENTATION_CONTEXT('2D SPACE',''
  ) );
#265 = ORIENTED_EDGE('',*,*,#266,.T.);
#266 = EDGE_CURVE('',#239,#267,#269,.T.);
#267 = VERTEX_POINT('',#268);
#268 = CARTESIAN_POINT('',(-3.025,4.93,10.21));
#269 = SURFACE_CURVE('',#270,(#274,#281),.PCURVE_S1.);
#270 = LINE('',#271,#272);
#271 = CARTESIAN_POINT('',(-3.025,4.93,0.3));
#272 = VECTOR('',#273,1.);
#273 = DIRECTION('',(0.,0.,1.));
#274 = PCURVE('',#186,#275);
#275 = DEFINITIONAL_REPRESENTATION('',(#276),#280);
#276 = LINE('',#277,#278);
#277 = CARTESIAN_POINT('',(0.,-50.5));
#278 = VECTOR('',#279,1.);
#279 = DIRECTION('',(1.,0.));
#280 = ( GEOMETRIC_REPRESENTATION_CONTEXT(2) 
PARAMETRIC_REPRESENTATION_CONTEXT() REPRESENTATION_CONTEXT('2D SPACE',''
  ) );
#281 = PCURVE('',#282,#287);
#282 = PLANE('',#283);
#283 = AXIS2_PLACEMENT_3D('',#284,#285,#286);
#284 = CARTESIAN_POINT('',(-3.025,4.93,0.3));
#285 = DIRECTION('',(-0.,1.,0.));
#286 = DIRECTION('',(0.,0.,1.));
#287 = DEFINITIONAL_REPRESENTATION('',(#288),#292);
#288 = LINE('',#289,#290);
#289 = CARTESIAN_POINT('',(0.,0.));
#290 = VECTOR('',#291,1.);
#291 = DIRECTION('',(1.,0.));
#292 = ( GEOMETRIC_REPRESENTATION_CONTEXT(2) 
PARAMETRIC_REPRESENTATION_CONTEXT() REPRESENTATION_CONTEXT('2D SPACE',''
  ) );
#293 = ORIENTED_EDGE('',*,*,#294,.F.);
#294 = EDGE_CURVE('',#295,#267,#297,.T.);
#295 = VERTEX_POINT('',#296);
#296 = CARTESIAN_POINT('',(-3.025,-18.225,10.21));
#297 = SURFACE_CURVE('',#298,(#302,#309),.PCURVE_S1.);
#298 = LINE('',#299,#300);
#299 = CARTESIAN_POINT('',(-3.025,-45.57,10.21));
#300 = VECTOR('',#301,1.);
#301 = DIRECTION('',(-0.,1.,0.));
#302 = PCURVE('',#186,#303);
#303 = DEFINITIONAL_REPRESENTATION('',(#304),#308);
#304 = LINE('',#305,#306);
#305 = CARTESIAN_POINT('',(9.91,0.));
#306 = VECTOR('',#307,1.);
#307 = DIRECTION('',(0.,-1.));
#308 = ( GEOMETRIC_REPRESENTATION_CONTEXT(2) 
PARAMETRIC_REPRESENTATION_CONTEXT() REPRESENTATION_CONTEXT('2D SPACE',''
  ) );
#309 = PCURVE('',#198,#310);
#310 = DEFINITIONAL_REPRESENTATION('',(#311),#315);
#311 = LINE('',#312,#313);
#312 = CARTESIAN_POINT('',(0.,0.));
#313 = VECTOR('',#314,1.);
#314 = DIRECTION('',(0.,1.));
#315 = ( GEOMETRIC_REPRESENTATION_CONTEXT(2) 
PARAMETRIC_REPRESENTATION_CONTEXT() REPRESENTATION_CONTEXT('2D SPACE',''
  ) );
#316 = ORIENTED_EDGE('',*,*,#317,.F.);
#317 = EDGE_CURVE('',#318,#295,#320,.T.);
#318 = VERTEX_POINT('',#319);
#319 = CARTESIAN_POINT('',(-3.025,-18.225,3.78));
#320 = SURFACE_CURVE('',#321,(#325,#331),.PCURVE_S1.);
#321 = LINE('',#322,#323);
#322 = CARTESIAN_POINT('',(-3.025,-18.225,2.04));
#323 = VECTOR('',#324,1.);
#324 = DIRECTION('',(0.,0.,1.));
#325 = PCURVE('',#186,#326);
#326 = DEFINITIONAL_REPRESENTATION('',(#327),#330);
#327 = B_SPLINE_CURVE_WITH_KNOTS('',1,(#328,#329),.UNSPECIFIED.,.F.,.F.,
  (2,2),(1.74,8.17),.PIECEWISE_BEZIER_KNOTS.);
#328 = CARTESIAN_POINT('',(3.48,-27.345));
#329 = CARTESIAN_POINT('',(9.91,-27.345));
#330 = ( GEOMETRIC_REPRESENTATION_CONTEXT(2) 
PARAMETRIC_REPRESENTATION_CONTEXT() REPRESENTATION_CONTEXT('2D SPACE',''
  ) );
#331 = PCURVE('',#332,#337);
#332 = PLANE('',#333);
#333 = AXIS2_PLACEMENT_3D('',#334,#335,#336);
#334 = CARTESIAN_POINT('',(-3.1,-18.225,3.78));
#335 = DIRECTION('',(-0.,1.,0.));
#336 = DIRECTION('',(0.,0.,1.));
#337 = DEFINITIONAL_REPRESENTATION('',(#338),#341);
#338 = B_SPLINE_CURVE_WITH_KNOTS('',1,(#339,#340),.UNSPECIFIED.,.F.,.F.,
  (2,2),(1.74,8.17),.PIECEWISE_BEZIER_KNOTS.);
#339 = CARTESIAN_POINT('',(0.,7.5E-02));
#340 = CARTESIAN_POINT('',(6.43,7.5E-02));
#341 = ( GEOMETRIC_REPRESENTATION_CONTEXT(2) 
PARAMETRIC_REPRESENTATION_CONTEXT() REPRESENTATION_CONTEXT('2D SPACE',''
  ) );
#342 = ORIENTED_EDGE('',*,*,#343,.T.);
#343 = EDGE_CURVE('',#318,#344,#346,.T.);
#344 = VERTEX_POINT('',#345);
#345 = CARTESIAN_POINT('',(-3.025,-22.415,3.78));
#346 = SURFACE_CURVE('',#347,(#351,#357),.PCURVE_S1.);
#347 = LINE('',#348,#349);
#348 = CARTESIAN_POINT('',(-3.025,-33.9925,3.78));
#349 = VECTOR('',#350,1.);
#350 = DIRECTION('',(0.,-1.,0.));
#351 = PCURVE('',#186,#352);
#352 = DEFINITIONAL_REPRESENTATION('',(#353),#356);
#353 = B_SPLINE_CURVE_WITH_KNOTS('',1,(#354,#355),.UNSPECIFIED.,.F.,.F.,
  (2,2),(-15.7675,-11.5775),.PIECEWISE_BEZIER_KNOTS.);
#354 = CARTESIAN_POINT('',(3.48,-27.345));
#355 = CARTESIAN_POINT('',(3.48,-23.155));
#356 = ( GEOMETRIC_REPRESENTATION_CONTEXT(2) 
PARAMETRIC_REPRESENTATION_CONTEXT() REPRESENTATION_CONTEXT('2D SPACE',''
  ) );
#357 = PCURVE('',#358,#363);
#358 = PLANE('',#359);
#359 = AXIS2_PLACEMENT_3D('',#360,#361,#362);
#360 = CARTESIAN_POINT('',(-3.1,-22.415,3.78));
#361 = DIRECTION('',(0.,0.,1.));
#362 = DIRECTION('',(1.,0.,-0.));
#363 = DEFINITIONAL_REPRESENTATION('',(#364),#367);
#364 = B_SPLINE_CURVE_WITH_KNOTS('',1,(#365,#366),.UNSPECIFIED.,.F.,.F.,
  (2,2),(-15.7675,-11.5775),.PIECEWISE_BEZIER_KNOTS.);
#365 = CARTESIAN_POINT('',(7.5E-02,4.19));
#366 = CARTESIAN_POINT('',(7.5E-02,0.));
#367 = ( GEOMETRIC_REPRESENTATION_CONTEXT(2) 
PARAMETRIC_REPRESENTATION_CONTEXT() REPRESENTATION_CONTEXT('2D SPACE',''
  ) );
#368 = ORIENTED_EDGE('',*,*,#369,.T.);
#369 = EDGE_CURVE('',#344,#178,#370,.T.);
#370 = SURFACE_CURVE('',#371,(#375,#381),.PCURVE_S1.);
#371 = LINE('',#372,#373);
#372 = CARTESIAN_POINT('',(-3.025,-22.415,2.04));
#373 = VECTOR('',#374,1.);
#374 = DIRECTION('',(0.,0.,1.));
#375 = PCURVE('',#186,#376);
#376 = DEFINITIONAL_REPRESENTATION('',(#377),#380);
#377 = B_SPLINE_CURVE_WITH_KNOTS('',1,(#378,#379),.UNSPECIFIED.,.F.,.F.,
  (2,2),(1.74,8.17),.PIECEWISE_BEZIER_KNOTS.);
#378 = CARTESIAN_POINT('',(3.48,-23.155));
#379 = CARTESIAN_POINT('',(9.91,-23.155));
#380 = ( GEOMETRIC_REPRESENTATION_CONTEXT(2) 
PARAMETRIC_REPRESENTATION_CONTEXT() REPRESENTATION_CONTEXT('2D SPACE',''
  ) );
#381 = PCURVE('',#382,#387);
#382 = PLANE('',#383);
#383 = AXIS2_PLACEMENT_3D('',#384,#385,#386);
#384 = CARTESIAN_POINT('',(-3.1,-22.415,3.78));
#385 = DIRECTION('',(-0.,1.,0.));
#386 = DIRECTION('',(0.,0.,1.));
#387 = DEFINITIONAL_REPRESENTATION('',(#388),#391);
#388 = B_SPLINE_CURVE_WITH_KNOTS('',1,(#389,#390),.UNSPECIFIED.,.F.,.F.,
  (2,2),(1.74,8.17),.PIECEWISE_BEZIER_KNOTS.);
#389 = CARTESIAN_POINT('',(0.,7.5E-02));
#390 = CARTESIAN_POINT('',(6.43,7.5E-02));
#391 = ( GEOMETRIC_REPRESENTATION_CONTEXT(2) 
PARAMETRIC_REPRESENTATION_CONTEXT() REPRESENTATION_CONTEXT('2D SPACE',''
  ) );
#392 = ADVANCED_FACE('',(#393),#198,.T.);
#393 = FACE_BOUND('',#394,.T.);
#394 = EDGE_LOOP('',(#395,#396,#419,#447,#468,#469,#490,#516,#542,#568,
    #594,#620));
#395 = ORIENTED_EDGE('',*,*,#175,.F.);
#396 = ORIENTED_EDGE('',*,*,#397,.T.);
#397 = EDGE_CURVE('',#176,#398,#400,.T.);
#398 = VERTEX_POINT('',#399);
#399 = CARTESIAN_POINT('',(5.565,-45.57,10.21));
#400 = SURFACE_CURVE('',#401,(#405,#412),.PCURVE_S1.);
#401 = LINE('',#402,#403);
#402 = CARTESIAN_POINT('',(-3.025,-45.57,10.21));
#403 = VECTOR('',#404,1.);
#404 = DIRECTION('',(1.,0.,-0.));
#405 = PCURVE('',#198,#406);
#406 = DEFINITIONAL_REPRESENTATION('',(#407),#411);
#407 = LINE('',#408,#409);
#408 = CARTESIAN_POINT('',(0.,0.));
#409 = VECTOR('',#410,1.);
#410 = DIRECTION('',(1.,0.));
#411 = ( GEOMETRIC_REPRESENTATION_CONTEXT(2) 
PARAMETRIC_REPRESENTATION_CONTEXT() REPRESENTATION_CONTEXT('2D SPACE',''
  ) );
#412 = PCURVE('',#226,#413);
#413 = DEFINITIONAL_REPRESENTATION('',(#414),#418);
#414 = LINE('',#415,#416);
#415 = CARTESIAN_POINT('',(9.91,0.));
#416 = VECTOR('',#417,1.);
#417 = DIRECTION('',(0.,1.));
#418 = ( GEOMETRIC_REPRESENTATION_CONTEXT(2) 
PARAMETRIC_REPRESENTATION_CONTEXT() REPRESENTATION_CONTEXT('2D SPACE',''
  ) );
#419 = ORIENTED_EDGE('',*,*,#420,.T.);
#420 = EDGE_CURVE('',#398,#421,#423,.T.);
#421 = VERTEX_POINT('',#422);
#422 = CARTESIAN_POINT('',(5.565,4.93,10.21));
#423 = SURFACE_CURVE('',#424,(#428,#435),.PCURVE_S1.);
#424 = LINE('',#425,#426);
#425 = CARTESIAN_POINT('',(5.565,-45.57,10.21));
#426 = VECTOR('',#427,1.);
#427 = DIRECTION('',(-0.,1.,0.));
#428 = PCURVE('',#198,#429);
#429 = DEFINITIONAL_REPRESENTATION('',(#430),#434);
#430 = LINE('',#431,#432);
#431 = CARTESIAN_POINT('',(8.59,0.));
#432 = VECTOR('',#433,1.);
#433 = DIRECTION('',(0.,1.));
#434 = ( GEOMETRIC_REPRESENTATION_CONTEXT(2) 
PARAMETRIC_REPRESENTATION_CONTEXT() REPRESENTATION_CONTEXT('2D SPACE',''
  ) );
#435 = PCURVE('',#436,#441);
#436 = PLANE('',#437);
#437 = AXIS2_PLACEMENT_3D('',#438,#439,#440);
#438 = CARTESIAN_POINT('',(5.565,-45.57,0.3));
#439 = DIRECTION('',(1.,0.,-0.));
#440 = DIRECTION('',(0.,0.,1.));
#441 = DEFINITIONAL_REPRESENTATION('',(#442),#446);
#442 = LINE('',#443,#444);
#443 = CARTESIAN_POINT('',(9.91,0.));
#444 = VECTOR('',#445,1.);
#445 = DIRECTION('',(0.,-1.));
#446 = ( GEOMETRIC_REPRESENTATION_CONTEXT(2) 
PARAMETRIC_REPRESENTATION_CONTEXT() REPRESENTATION_CONTEXT('2D SPACE',''
  ) );
#447 = ORIENTED_EDGE('',*,*,#448,.F.);
#448 = EDGE_CURVE('',#267,#421,#449,.T.);
#449 = SURFACE_CURVE('',#450,(#454,#461),.PCURVE_S1.);
#450 = LINE('',#451,#452);
#451 = CARTESIAN_POINT('',(-3.025,4.93,10.21));
#452 = VECTOR('',#453,1.);
#453 = DIRECTION('',(1.,0.,-0.));
#454 = PCURVE('',#198,#455);
#455 = DEFINITIONAL_REPRESENTATION('',(#456),#460);
#456 = LINE('',#457,#458);
#457 = CARTESIAN_POINT('',(0.,50.5));
#458 = VECTOR('',#459,1.);
#459 = DIRECTION('',(1.,0.));
#460 = ( GEOMETRIC_REPRESENTATION_CONTEXT(2) 
PARAMETRIC_REPRESENTATION_CONTEXT() REPRESENTATION_CONTEXT('2D SPACE',''
  ) );
#461 = PCURVE('',#282,#462);
#462 = DEFINITIONAL_REPRESENTATION('',(#463),#467);
#463 = LINE('',#464,#465);
#464 = CARTESIAN_POINT('',(9.91,0.));
#465 = VECTOR('',#466,1.);
#466 = DIRECTION('',(0.,1.));
#467 = ( GEOMETRIC_REPRESENTATION_CONTEXT(2) 
PARAMETRIC_REPRESENTATION_CONTEXT() REPRESENTATION_CONTEXT('2D SPACE',''
  ) );
#468 = ORIENTED_EDGE('',*,*,#294,.F.);
#469 = ORIENTED_EDGE('',*,*,#470,.F.);
#470 = EDGE_CURVE('',#471,#295,#473,.T.);
#471 = VERTEX_POINT('',#472);
#472 = CARTESIAN_POINT('',(-1.905,-18.225,10.21));
#473 = SURFACE_CURVE('',#474,(#478,#484),.PCURVE_S1.);
#474 = LINE('',#475,#476);
#475 = CARTESIAN_POINT('',(-3.0625,-18.225,10.21));
#476 = VECTOR('',#477,1.);
#477 = DIRECTION('',(-1.,-0.,0.));
#478 = PCURVE('',#198,#479);
#479 = DEFINITIONAL_REPRESENTATION('',(#480),#483);
#480 = B_SPLINE_CURVE_WITH_KNOTS('',1,(#481,#482),.UNSPECIFIED.,.F.,.F.,
  (2,2),(-1.2625,-3.75E-02),.PIECEWISE_BEZIER_KNOTS.);
#481 = CARTESIAN_POINT('',(1.225,27.345));
#482 = CARTESIAN_POINT('',(0.,27.345));
#483 = ( GEOMETRIC_REPRESENTATION_CONTEXT(2) 
PARAMETRIC_REPRESENTATION_CONTEXT() REPRESENTATION_CONTEXT('2D SPACE',''
  ) );
#484 = PCURVE('',#332,#485);
#485 = DEFINITIONAL_REPRESENTATION('',(#486),#489);
#486 = B_SPLINE_CURVE_WITH_KNOTS('',1,(#487,#488),.UNSPECIFIED.,.F.,.F.,
  (2,2),(-1.2625,-3.75E-02),.PIECEWISE_BEZIER_KNOTS.);
#487 = CARTESIAN_POINT('',(6.43,1.3));
#488 = CARTESIAN_POINT('',(6.43,7.5E-02));
#489 = ( GEOMETRIC_REPRESENTATION_CONTEXT(2) 
PARAMETRIC_REPRESENTATION_CONTEXT() REPRESENTATION_CONTEXT('2D SPACE',''
  ) );
#490 = ORIENTED_EDGE('',*,*,#491,.T.);
#491 = EDGE_CURVE('',#471,#492,#494,.T.);
#492 = VERTEX_POINT('',#493);
#493 = CARTESIAN_POINT('',(-1.905,3.91,10.21));
#494 = SURFACE_CURVE('',#495,(#499,#505),.PCURVE_S1.);
#495 = LINE('',#496,#497);
#496 = CARTESIAN_POINT('',(-1.905,-45.06,10.21));
#497 = VECTOR('',#498,1.);
#498 = DIRECTION('',(-0.,1.,0.));
#499 = PCURVE('',#198,#500);
#500 = DEFINITIONAL_REPRESENTATION('',(#501),#504);
#501 = B_SPLINE_CURVE_WITH_KNOTS('',1,(#502,#503),.UNSPECIFIED.,.F.,.F.,
  (2,2),(0.51,48.97),.PIECEWISE_BEZIER_KNOTS.);
#502 = CARTESIAN_POINT('',(1.12,1.02));
#503 = CARTESIAN_POINT('',(1.12,49.48));
#504 = ( GEOMETRIC_REPRESENTATION_CONTEXT(2) 
PARAMETRIC_REPRESENTATION_CONTEXT() REPRESENTATION_CONTEXT('2D SPACE',''
  ) );
#505 = PCURVE('',#506,#511);
#506 = PLANE('',#507);
#507 = AXIS2_PLACEMENT_3D('',#508,#509,#510);
#508 = CARTESIAN_POINT('',(-1.905,-44.55,3.78));
#509 = DIRECTION('',(1.,0.,-0.));
#510 = DIRECTION('',(0.,0.,1.));
#511 = DEFINITIONAL_REPRESENTATION('',(#512),#515);
#512 = B_SPLINE_CURVE_WITH_KNOTS('',1,(#513,#514),.UNSPECIFIED.,.F.,.F.,
  (2,2),(0.51,48.97),.PIECEWISE_BEZIER_KNOTS.);
#513 = CARTESIAN_POINT('',(6.43,0.));
#514 = CARTESIAN_POINT('',(6.43,-48.46));
#515 = ( GEOMETRIC_REPRESENTATION_CONTEXT(2) 
PARAMETRIC_REPRESENTATION_CONTEXT() REPRESENTATION_CONTEXT('2D SPACE',''
  ) );
#516 = ORIENTED_EDGE('',*,*,#517,.F.);
#517 = EDGE_CURVE('',#518,#492,#520,.T.);
#518 = VERTEX_POINT('',#519);
#519 = CARTESIAN_POINT('',(4.445,3.91,10.21));
#520 = SURFACE_CURVE('',#521,(#525,#531),.PCURVE_S1.);
#521 = LINE('',#522,#523);
#522 = CARTESIAN_POINT('',(-2.465,3.91,10.21));
#523 = VECTOR('',#524,1.);
#524 = DIRECTION('',(-1.,-0.,0.));
#525 = PCURVE('',#198,#526);
#526 = DEFINITIONAL_REPRESENTATION('',(#527),#530);
#527 = B_SPLINE_CURVE_WITH_KNOTS('',1,(#528,#529),.UNSPECIFIED.,.F.,.F.,
  (2,2),(-6.91,-0.56),.PIECEWISE_BEZIER_KNOTS.);
#528 = CARTESIAN_POINT('',(7.47,49.48));
#529 = CARTESIAN_POINT('',(1.12,49.48));
#530 = ( GEOMETRIC_REPRESENTATION_CONTEXT(2) 
PARAMETRIC_REPRESENTATION_CONTEXT() REPRESENTATION_CONTEXT('2D SPACE',''
  ) );
#531 = PCURVE('',#532,#537);
#532 = PLANE('',#533);
#533 = AXIS2_PLACEMENT_3D('',#534,#535,#536);
#534 = CARTESIAN_POINT('',(-1.905,3.91,3.78));
#535 = DIRECTION('',(-0.,1.,0.));
#536 = DIRECTION('',(0.,0.,1.));
#537 = DEFINITIONAL_REPRESENTATION('',(#538),#541);
#538 = B_SPLINE_CURVE_WITH_KNOTS('',1,(#539,#540),.UNSPECIFIED.,.F.,.F.,
  (2,2),(-6.91,-0.56),.PIECEWISE_BEZIER_KNOTS.);
#539 = CARTESIAN_POINT('',(6.43,6.35));
#540 = CARTESIAN_POINT('',(6.43,0.));
#541 = ( GEOMETRIC_REPRESENTATION_CONTEXT(2) 
PARAMETRIC_REPRESENTATION_CONTEXT() REPRESENTATION_CONTEXT('2D SPACE',''
  ) );
#542 = ORIENTED_EDGE('',*,*,#543,.F.);
#543 = EDGE_CURVE('',#544,#518,#546,.T.);
#544 = VERTEX_POINT('',#545);
#545 = CARTESIAN_POINT('',(4.445,-44.55,10.21));
#546 = SURFACE_CURVE('',#547,(#551,#557),.PCURVE_S1.);
#547 = LINE('',#548,#549);
#548 = CARTESIAN_POINT('',(4.445,-45.06,10.21));
#549 = VECTOR('',#550,1.);
#550 = DIRECTION('',(-0.,1.,0.));
#551 = PCURVE('',#198,#552);
#552 = DEFINITIONAL_REPRESENTATION('',(#553),#556);
#553 = B_SPLINE_CURVE_WITH_KNOTS('',1,(#554,#555),.UNSPECIFIED.,.F.,.F.,
  (2,2),(0.51,48.97),.PIECEWISE_BEZIER_KNOTS.);
#554 = CARTESIAN_POINT('',(7.47,1.02));
#555 = CARTESIAN_POINT('',(7.47,49.48));
#556 = ( GEOMETRIC_REPRESENTATION_CONTEXT(2) 
PARAMETRIC_REPRESENTATION_CONTEXT() REPRESENTATION_CONTEXT('2D SPACE',''
  ) );
#557 = PCURVE('',#558,#563);
#558 = PLANE('',#559);
#559 = AXIS2_PLACEMENT_3D('',#560,#561,#562);
#560 = CARTESIAN_POINT('',(4.445,-44.55,3.78));
#561 = DIRECTION('',(1.,0.,-0.));
#562 = DIRECTION('',(0.,0.,1.));
#563 = DEFINITIONAL_REPRESENTATION('',(#564),#567);
#564 = B_SPLINE_CURVE_WITH_KNOTS('',1,(#565,#566),.UNSPECIFIED.,.F.,.F.,
  (2,2),(0.51,48.97),.PIECEWISE_BEZIER_KNOTS.);
#565 = CARTESIAN_POINT('',(6.43,0.));
#566 = CARTESIAN_POINT('',(6.43,-48.46));
#567 = ( GEOMETRIC_REPRESENTATION_CONTEXT(2) 
PARAMETRIC_REPRESENTATION_CONTEXT() REPRESENTATION_CONTEXT('2D SPACE',''
  ) );
#568 = ORIENTED_EDGE('',*,*,#569,.T.);
#569 = EDGE_CURVE('',#544,#570,#572,.T.);
#570 = VERTEX_POINT('',#571);
#571 = CARTESIAN_POINT('',(-1.905,-44.55,10.21));
#572 = SURFACE_CURVE('',#573,(#577,#583),.PCURVE_S1.);
#573 = LINE('',#574,#575);
#574 = CARTESIAN_POINT('',(-2.465,-44.55,10.21));
#575 = VECTOR('',#576,1.);
#576 = DIRECTION('',(-1.,-0.,0.));
#577 = PCURVE('',#198,#578);
#578 = DEFINITIONAL_REPRESENTATION('',(#579),#582);
#579 = B_SPLINE_CURVE_WITH_KNOTS('',1,(#580,#581),.UNSPECIFIED.,.F.,.F.,
  (2,2),(-6.91,-0.56),.PIECEWISE_BEZIER_KNOTS.);
#580 = CARTESIAN_POINT('',(7.47,1.02));
#581 = CARTESIAN_POINT('',(1.12,1.02));
#582 = ( GEOMETRIC_REPRESENTATION_CONTEXT(2) 
PARAMETRIC_REPRESENTATION_CONTEXT() REPRESENTATION_CONTEXT('2D SPACE',''
  ) );
#583 = PCURVE('',#584,#589);
#584 = PLANE('',#585);
#585 = AXIS2_PLACEMENT_3D('',#586,#587,#588);
#586 = CARTESIAN_POINT('',(-1.905,-44.55,3.78));
#587 = DIRECTION('',(-0.,1.,0.));
#588 = DIRECTION('',(0.,0.,1.));
#589 = DEFINITIONAL_REPRESENTATION('',(#590),#593);
#590 = B_SPLINE_CURVE_WITH_KNOTS('',1,(#591,#592),.UNSPECIFIED.,.F.,.F.,
  (2,2),(-6.91,-0.56),.PIECEWISE_BEZIER_KNOTS.);
#591 = CARTESIAN_POINT('',(6.43,6.35));
#592 = CARTESIAN_POINT('',(6.43,0.));
#593 = ( GEOMETRIC_REPRESENTATION_CONTEXT(2) 
PARAMETRIC_REPRESENTATION_CONTEXT() REPRESENTATION_CONTEXT('2D SPACE',''
  ) );
#594 = ORIENTED_EDGE('',*,*,#595,.T.);
#595 = EDGE_CURVE('',#570,#596,#598,.T.);
#596 = VERTEX_POINT('',#597);
#597 = CARTESIAN_POINT('',(-1.905,-22.415,10.21));
#598 = SURFACE_CURVE('',#599,(#603,#609),.PCURVE_S1.);
#599 = LINE('',#600,#601);
#600 = CARTESIAN_POINT('',(-1.905,-45.06,10.21));
#601 = VECTOR('',#602,1.);
#602 = DIRECTION('',(-0.,1.,0.));
#603 = PCURVE('',#198,#604);
#604 = DEFINITIONAL_REPRESENTATION('',(#605),#608);
#605 = B_SPLINE_CURVE_WITH_KNOTS('',1,(#606,#607),.UNSPECIFIED.,.F.,.F.,
  (2,2),(0.51,48.97),.PIECEWISE_BEZIER_KNOTS.);
#606 = CARTESIAN_POINT('',(1.12,1.02));
#607 = CARTESIAN_POINT('',(1.12,49.48));
#608 = ( GEOMETRIC_REPRESENTATION_CONTEXT(2) 
PARAMETRIC_REPRESENTATION_CONTEXT() REPRESENTATION_CONTEXT('2D SPACE',''
  ) );
#609 = PCURVE('',#610,#615);
#610 = PLANE('',#611);
#611 = AXIS2_PLACEMENT_3D('',#612,#613,#614);
#612 = CARTESIAN_POINT('',(-1.905,-44.55,3.78));
#613 = DIRECTION('',(1.,0.,-0.));
#614 = DIRECTION('',(0.,0.,1.));
#615 = DEFINITIONAL_REPRESENTATION('',(#616),#619);
#616 = B_SPLINE_CURVE_WITH_KNOTS('',1,(#617,#618),.UNSPECIFIED.,.F.,.F.,
  (2,2),(0.51,48.97),.PIECEWISE_BEZIER_KNOTS.);
#617 = CARTESIAN_POINT('',(6.43,0.));
#618 = CARTESIAN_POINT('',(6.43,-48.46));
#619 = ( GEOMETRIC_REPRESENTATION_CONTEXT(2) 
PARAMETRIC_REPRESENTATION_CONTEXT() REPRESENTATION_CONTEXT('2D SPACE',''
  ) );
#620 = ORIENTED_EDGE('',*,*,#621,.T.);
#621 = EDGE_CURVE('',#596,#178,#622,.T.);
#622 = SURFACE_CURVE('',#623,(#627,#633),.PCURVE_S1.);
#623 = LINE('',#624,#625);
#624 = CARTESIAN_POINT('',(-3.0625,-22.415,10.21));
#625 = VECTOR('',#626,1.);
#626 = DIRECTION('',(-1.,-0.,0.));
#627 = PCURVE('',#198,#628);
#628 = DEFINITIONAL_REPRESENTATION('',(#629),#632);
#629 = B_SPLINE_CURVE_WITH_KNOTS('',1,(#630,#631),.UNSPECIFIED.,.F.,.F.,
  (2,2),(-1.2625,-3.75E-02),.PIECEWISE_BEZIER_KNOTS.);
#630 = CARTESIAN_POINT('',(1.225,23.155));
#631 = CARTESIAN_POINT('',(0.,23.155));
#632 = ( GEOMETRIC_REPRESENTATION_CONTEXT(2) 
PARAMETRIC_REPRESENTATION_CONTEXT() REPRESENTATION_CONTEXT('2D SPACE',''
  ) );
#633 = PCURVE('',#382,#634);
#634 = DEFINITIONAL_REPRESENTATION('',(#635),#638);
#635 = B_SPLINE_CURVE_WITH_KNOTS('',1,(#636,#637),.UNSPECIFIED.,.F.,.F.,
  (2,2),(-1.2625,-3.75E-02),.PIECEWISE_BEZIER_KNOTS.);
#636 = CARTESIAN_POINT('',(6.43,1.3));
#637 = CARTESIAN_POINT('',(6.43,7.5E-02));
#638 = ( GEOMETRIC_REPRESENTATION_CONTEXT(2) 
PARAMETRIC_REPRESENTATION_CONTEXT() REPRESENTATION_CONTEXT('2D SPACE',''
  ) );
#639 = ADVANCED_FACE('',(#640),#382,.T.);
#640 = FACE_BOUND('',#641,.T.);
#641 = EDGE_LOOP('',(#642,#663,#684,#685));
#642 = ORIENTED_EDGE('',*,*,#643,.F.);
#643 = EDGE_CURVE('',#644,#596,#646,.T.);
#644 = VERTEX_POINT('',#645);
#645 = CARTESIAN_POINT('',(-1.905,-22.415,3.78));
#646 = SURFACE_CURVE('',#647,(#651,#657),.PCURVE_S1.);
#647 = LINE('',#648,#649);
#648 = CARTESIAN_POINT('',(-1.905,-22.415,3.78));
#649 = VECTOR('',#650,1.);
#650 = DIRECTION('',(0.,0.,1.));
#651 = PCURVE('',#382,#652);
#652 = DEFINITIONAL_REPRESENTATION('',(#653),#656);
#653 = B_SPLINE_CURVE_WITH_KNOTS('',1,(#654,#655),.UNSPECIFIED.,.F.,.F.,
  (2,2),(0.,6.43),.PIECEWISE_BEZIER_KNOTS.);
#654 = CARTESIAN_POINT('',(0.,1.195));
#655 = CARTESIAN_POINT('',(6.43,1.195));
#656 = ( GEOMETRIC_REPRESENTATION_CONTEXT(2) 
PARAMETRIC_REPRESENTATION_CONTEXT() REPRESENTATION_CONTEXT('2D SPACE',''
  ) );
#657 = PCURVE('',#610,#658);
#658 = DEFINITIONAL_REPRESENTATION('',(#659),#662);
#659 = B_SPLINE_CURVE_WITH_KNOTS('',1,(#660,#661),.UNSPECIFIED.,.F.,.F.,
  (2,2),(0.,6.43),.PIECEWISE_BEZIER_KNOTS.);
#660 = CARTESIAN_POINT('',(0.,-22.135));
#661 = CARTESIAN_POINT('',(6.43,-22.135));
#662 = ( GEOMETRIC_REPRESENTATION_CONTEXT(2) 
PARAMETRIC_REPRESENTATION_CONTEXT() REPRESENTATION_CONTEXT('2D SPACE',''
  ) );
#663 = ORIENTED_EDGE('',*,*,#664,.F.);
#664 = EDGE_CURVE('',#344,#644,#665,.T.);
#665 = SURFACE_CURVE('',#666,(#670,#677),.PCURVE_S1.);
#666 = LINE('',#667,#668);
#667 = CARTESIAN_POINT('',(-3.1,-22.415,3.78));
#668 = VECTOR('',#669,1.);
#669 = DIRECTION('',(1.,0.,-0.));
#670 = PCURVE('',#382,#671);
#671 = DEFINITIONAL_REPRESENTATION('',(#672),#676);
#672 = LINE('',#673,#674);
#673 = CARTESIAN_POINT('',(0.,0.));
#674 = VECTOR('',#675,1.);
#675 = DIRECTION('',(0.,1.));
#676 = ( GEOMETRIC_REPRESENTATION_CONTEXT(2) 
PARAMETRIC_REPRESENTATION_CONTEXT() REPRESENTATION_CONTEXT('2D SPACE',''
  ) );
#677 = PCURVE('',#358,#678);
#678 = DEFINITIONAL_REPRESENTATION('',(#679),#683);
#679 = LINE('',#680,#681);
#680 = CARTESIAN_POINT('',(0.,0.));
#681 = VECTOR('',#682,1.);
#682 = DIRECTION('',(1.,0.));
#683 = ( GEOMETRIC_REPRESENTATION_CONTEXT(2) 
PARAMETRIC_REPRESENTATION_CONTEXT() REPRESENTATION_CONTEXT('2D SPACE',''
  ) );
#684 = ORIENTED_EDGE('',*,*,#369,.T.);
#685 = ORIENTED_EDGE('',*,*,#621,.F.);
#686 = ADVANCED_FACE('',(#687),#358,.T.);
#687 = FACE_BOUND('',#688,.T.);
#688 = EDGE_LOOP('',(#689,#712,#713,#714));
#689 = ORIENTED_EDGE('',*,*,#690,.F.);
#690 = EDGE_CURVE('',#318,#691,#693,.T.);
#691 = VERTEX_POINT('',#692);
#692 = CARTESIAN_POINT('',(-1.905,-18.225,3.78));
#693 = SURFACE_CURVE('',#694,(#698,#705),.PCURVE_S1.);
#694 = LINE('',#695,#696);
#695 = CARTESIAN_POINT('',(-3.1,-18.225,3.78));
#696 = VECTOR('',#697,1.);
#697 = DIRECTION('',(1.,0.,-0.));
#698 = PCURVE('',#358,#699);
#699 = DEFINITIONAL_REPRESENTATION('',(#700),#704);
#700 = LINE('',#701,#702);
#701 = CARTESIAN_POINT('',(0.,4.19));
#702 = VECTOR('',#703,1.);
#703 = DIRECTION('',(1.,0.));
#704 = ( GEOMETRIC_REPRESENTATION_CONTEXT(2) 
PARAMETRIC_REPRESENTATION_CONTEXT() REPRESENTATION_CONTEXT('2D SPACE',''
  ) );
#705 = PCURVE('',#332,#706);
#706 = DEFINITIONAL_REPRESENTATION('',(#707),#711);
#707 = LINE('',#708,#709);
#708 = CARTESIAN_POINT('',(0.,0.));
#709 = VECTOR('',#710,1.);
#710 = DIRECTION('',(0.,1.));
#711 = ( GEOMETRIC_REPRESENTATION_CONTEXT(2) 
PARAMETRIC_REPRESENTATION_CONTEXT() REPRESENTATION_CONTEXT('2D SPACE',''
  ) );
#712 = ORIENTED_EDGE('',*,*,#343,.T.);
#713 = ORIENTED_EDGE('',*,*,#664,.T.);
#714 = ORIENTED_EDGE('',*,*,#715,.T.);
#715 = EDGE_CURVE('',#644,#691,#716,.T.);
#716 = SURFACE_CURVE('',#717,(#721,#728),.PCURVE_S1.);
#717 = LINE('',#718,#719);
#718 = CARTESIAN_POINT('',(-1.905,-44.55,3.78));
#719 = VECTOR('',#720,1.);
#720 = DIRECTION('',(-0.,1.,0.));
#721 = PCURVE('',#358,#722);
#722 = DEFINITIONAL_REPRESENTATION('',(#723),#727);
#723 = LINE('',#724,#725);
#724 = CARTESIAN_POINT('',(1.195,-22.135));
#725 = VECTOR('',#726,1.);
#726 = DIRECTION('',(0.,1.));
#727 = ( GEOMETRIC_REPRESENTATION_CONTEXT(2) 
PARAMETRIC_REPRESENTATION_CONTEXT() REPRESENTATION_CONTEXT('2D SPACE',''
  ) );
#728 = PCURVE('',#729,#734);
#729 = PLANE('',#730);
#730 = AXIS2_PLACEMENT_3D('',#731,#732,#733);
#731 = CARTESIAN_POINT('',(-1.905,-44.55,3.78));
#732 = DIRECTION('',(0.,0.,1.));
#733 = DIRECTION('',(1.,0.,-0.));
#734 = DEFINITIONAL_REPRESENTATION('',(#735),#739);
#735 = LINE('',#736,#737);
#736 = CARTESIAN_POINT('',(0.,0.));
#737 = VECTOR('',#738,1.);
#738 = DIRECTION('',(0.,1.));
#739 = ( GEOMETRIC_REPRESENTATION_CONTEXT(2) 
PARAMETRIC_REPRESENTATION_CONTEXT() REPRESENTATION_CONTEXT('2D SPACE',''
  ) );
#740 = ADVANCED_FACE('',(#741),#332,.F.);
#741 = FACE_BOUND('',#742,.F.);
#742 = EDGE_LOOP('',(#743,#762,#763,#764));
#743 = ORIENTED_EDGE('',*,*,#744,.F.);
#744 = EDGE_CURVE('',#691,#471,#745,.T.);
#745 = SURFACE_CURVE('',#746,(#750,#756),.PCURVE_S1.);
#746 = LINE('',#747,#748);
#747 = CARTESIAN_POINT('',(-1.905,-18.225,3.78));
#748 = VECTOR('',#749,1.);
#749 = DIRECTION('',(0.,0.,1.));
#750 = PCURVE('',#332,#751);
#751 = DEFINITIONAL_REPRESENTATION('',(#752),#755);
#752 = B_SPLINE_CURVE_WITH_KNOTS('',1,(#753,#754),.UNSPECIFIED.,.F.,.F.,
  (2,2),(0.,6.43),.PIECEWISE_BEZIER_KNOTS.);
#753 = CARTESIAN_POINT('',(0.,1.195));
#754 = CARTESIAN_POINT('',(6.43,1.195));
#755 = ( GEOMETRIC_REPRESENTATION_CONTEXT(2) 
PARAMETRIC_REPRESENTATION_CONTEXT() REPRESENTATION_CONTEXT('2D SPACE',''
  ) );
#756 = PCURVE('',#506,#757);
#757 = DEFINITIONAL_REPRESENTATION('',(#758),#761);
#758 = B_SPLINE_CURVE_WITH_KNOTS('',1,(#759,#760),.UNSPECIFIED.,.F.,.F.,
  (2,2),(0.,6.43),.PIECEWISE_BEZIER_KNOTS.);
#759 = CARTESIAN_POINT('',(0.,-26.325));
#760 = CARTESIAN_POINT('',(6.43,-26.325));
#761 = ( GEOMETRIC_REPRESENTATION_CONTEXT(2) 
PARAMETRIC_REPRESENTATION_CONTEXT() REPRESENTATION_CONTEXT('2D SPACE',''
  ) );
#762 = ORIENTED_EDGE('',*,*,#690,.F.);
#763 = ORIENTED_EDGE('',*,*,#317,.T.);
#764 = ORIENTED_EDGE('',*,*,#470,.F.);
#765 = ADVANCED_FACE('',(#766),#282,.T.);
#766 = FACE_BOUND('',#767,.T.);
#767 = EDGE_LOOP('',(#768,#791,#792,#793));
#768 = ORIENTED_EDGE('',*,*,#769,.F.);
#769 = EDGE_CURVE('',#239,#770,#772,.T.);
#770 = VERTEX_POINT('',#771);
#771 = CARTESIAN_POINT('',(5.565,4.93,0.3));
#772 = SURFACE_CURVE('',#773,(#777,#784),.PCURVE_S1.);
#773 = LINE('',#774,#775);
#774 = CARTESIAN_POINT('',(-3.025,4.93,0.3));
#775 = VECTOR('',#776,1.);
#776 = DIRECTION('',(1.,0.,-0.));
#777 = PCURVE('',#282,#778);
#778 = DEFINITIONAL_REPRESENTATION('',(#779),#783);
#779 = LINE('',#780,#781);
#780 = CARTESIAN_POINT('',(0.,0.));
#781 = VECTOR('',#782,1.);
#782 = DIRECTION('',(0.,1.));
#783 = ( GEOMETRIC_REPRESENTATION_CONTEXT(2) 
PARAMETRIC_REPRESENTATION_CONTEXT() REPRESENTATION_CONTEXT('2D SPACE',''
  ) );
#784 = PCURVE('',#254,#785);
#785 = DEFINITIONAL_REPRESENTATION('',(#786),#790);
#786 = LINE('',#787,#788);
#787 = CARTESIAN_POINT('',(0.,50.5));
#788 = VECTOR('',#789,1.);
#789 = DIRECTION('',(1.,0.));
#790 = ( GEOMETRIC_REPRESENTATION_CONTEXT(2) 
PARAMETRIC_REPRESENTATION_CONTEXT() REPRESENTATION_CONTEXT('2D SPACE',''
  ) );
#791 = ORIENTED_EDGE('',*,*,#266,.T.);
#792 = ORIENTED_EDGE('',*,*,#448,.T.);
#793 = ORIENTED_EDGE('',*,*,#794,.F.);
#794 = EDGE_CURVE('',#770,#421,#795,.T.);
#795 = SURFACE_CURVE('',#796,(#800,#807),.PCURVE_S1.);
#796 = LINE('',#797,#798);
#797 = CARTESIAN_POINT('',(5.565,4.93,0.3));
#798 = VECTOR('',#799,1.);
#799 = DIRECTION('',(0.,0.,1.));
#800 = PCURVE('',#282,#801);
#801 = DEFINITIONAL_REPRESENTATION('',(#802),#806);
#802 = LINE('',#803,#804);
#803 = CARTESIAN_POINT('',(0.,8.59));
#804 = VECTOR('',#805,1.);
#805 = DIRECTION('',(1.,0.));
#806 = ( GEOMETRIC_REPRESENTATION_CONTEXT(2) 
PARAMETRIC_REPRESENTATION_CONTEXT() REPRESENTATION_CONTEXT('2D SPACE',''
  ) );
#807 = PCURVE('',#436,#808);
#808 = DEFINITIONAL_REPRESENTATION('',(#809),#813);
#809 = LINE('',#810,#811);
#810 = CARTESIAN_POINT('',(0.,-50.5));
#811 = VECTOR('',#812,1.);
#812 = DIRECTION('',(1.,0.));
#813 = ( GEOMETRIC_REPRESENTATION_CONTEXT(2) 
PARAMETRIC_REPRESENTATION_CONTEXT() REPRESENTATION_CONTEXT('2D SPACE',''
  ) );
#814 = ADVANCED_FACE('',(#815),#254,.F.);
#815 = FACE_BOUND('',#816,.F.);
#816 = EDGE_LOOP('',(#817,#818,#841,#862));
#817 = ORIENTED_EDGE('',*,*,#238,.F.);
#818 = ORIENTED_EDGE('',*,*,#819,.T.);
#819 = EDGE_CURVE('',#211,#820,#822,.T.);
#820 = VERTEX_POINT('',#821);
#821 = CARTESIAN_POINT('',(5.565,-45.57,0.3));
#822 = SURFACE_CURVE('',#823,(#827,#834),.PCURVE_S1.);
#823 = LINE('',#824,#825);
#824 = CARTESIAN_POINT('',(-3.025,-45.57,0.3));
#825 = VECTOR('',#826,1.);
#826 = DIRECTION('',(1.,0.,-0.));
#827 = PCURVE('',#254,#828);
#828 = DEFINITIONAL_REPRESENTATION('',(#829),#833);
#829 = LINE('',#830,#831);
#830 = CARTESIAN_POINT('',(0.,0.));
#831 = VECTOR('',#832,1.);
#832 = DIRECTION('',(1.,0.));
#833 = ( GEOMETRIC_REPRESENTATION_CONTEXT(2) 
PARAMETRIC_REPRESENTATION_CONTEXT() REPRESENTATION_CONTEXT('2D SPACE',''
  ) );
#834 = PCURVE('',#226,#835);
#835 = DEFINITIONAL_REPRESENTATION('',(#836),#840);
#836 = LINE('',#837,#838);
#837 = CARTESIAN_POINT('',(0.,0.));
#838 = VECTOR('',#839,1.);
#839 = DIRECTION('',(0.,1.));
#840 = ( GEOMETRIC_REPRESENTATION_CONTEXT(2) 
PARAMETRIC_REPRESENTATION_CONTEXT() REPRESENTATION_CONTEXT('2D SPACE',''
  ) );
#841 = ORIENTED_EDGE('',*,*,#842,.T.);
#842 = EDGE_CURVE('',#820,#770,#843,.T.);
#843 = SURFACE_CURVE('',#844,(#848,#855),.PCURVE_S1.);
#844 = LINE('',#845,#846);
#845 = CARTESIAN_POINT('',(5.565,-45.57,0.3));
#846 = VECTOR('',#847,1.);
#847 = DIRECTION('',(-0.,1.,0.));
#848 = PCURVE('',#254,#849);
#849 = DEFINITIONAL_REPRESENTATION('',(#850),#854);
#850 = LINE('',#851,#852);
#851 = CARTESIAN_POINT('',(8.59,0.));
#852 = VECTOR('',#853,1.);
#853 = DIRECTION('',(0.,1.));
#854 = ( GEOMETRIC_REPRESENTATION_CONTEXT(2) 
PARAMETRIC_REPRESENTATION_CONTEXT() REPRESENTATION_CONTEXT('2D SPACE',''
  ) );
#855 = PCURVE('',#436,#856);
#856 = DEFINITIONAL_REPRESENTATION('',(#857),#861);
#857 = LINE('',#858,#859);
#858 = CARTESIAN_POINT('',(0.,0.));
#859 = VECTOR('',#860,1.);
#860 = DIRECTION('',(0.,-1.));
#861 = ( GEOMETRIC_REPRESENTATION_CONTEXT(2) 
PARAMETRIC_REPRESENTATION_CONTEXT() REPRESENTATION_CONTEXT('2D SPACE',''
  ) );
#862 = ORIENTED_EDGE('',*,*,#769,.F.);
#863 = ADVANCED_FACE('',(#864),#226,.F.);
#864 = FACE_BOUND('',#865,.F.);
#865 = EDGE_LOOP('',(#866,#867,#868,#869));
#866 = ORIENTED_EDGE('',*,*,#819,.F.);
#867 = ORIENTED_EDGE('',*,*,#210,.T.);
#868 = ORIENTED_EDGE('',*,*,#397,.T.);
#869 = ORIENTED_EDGE('',*,*,#870,.F.);
#870 = EDGE_CURVE('',#820,#398,#871,.T.);
#871 = SURFACE_CURVE('',#872,(#876,#883),.PCURVE_S1.);
#872 = LINE('',#873,#874);
#873 = CARTESIAN_POINT('',(5.565,-45.57,0.3));
#874 = VECTOR('',#875,1.);
#875 = DIRECTION('',(0.,0.,1.));
#876 = PCURVE('',#226,#877);
#877 = DEFINITIONAL_REPRESENTATION('',(#878),#882);
#878 = LINE('',#879,#880);
#879 = CARTESIAN_POINT('',(0.,8.59));
#880 = VECTOR('',#881,1.);
#881 = DIRECTION('',(1.,0.));
#882 = ( GEOMETRIC_REPRESENTATION_CONTEXT(2) 
PARAMETRIC_REPRESENTATION_CONTEXT() REPRESENTATION_CONTEXT('2D SPACE',''
  ) );
#883 = PCURVE('',#436,#884);
#884 = DEFINITIONAL_REPRESENTATION('',(#885),#889);
#885 = LINE('',#886,#887);
#886 = CARTESIAN_POINT('',(0.,0.));
#887 = VECTOR('',#888,1.);
#888 = DIRECTION('',(1.,0.));
#889 = ( GEOMETRIC_REPRESENTATION_CONTEXT(2) 
PARAMETRIC_REPRESENTATION_CONTEXT() REPRESENTATION_CONTEXT('2D SPACE',''
  ) );
#890 = ADVANCED_FACE('',(#891),#610,.T.);
#891 = FACE_BOUND('',#892,.T.);
#892 = EDGE_LOOP('',(#893,#916,#942,#943));
#893 = ORIENTED_EDGE('',*,*,#894,.F.);
#894 = EDGE_CURVE('',#895,#570,#897,.T.);
#895 = VERTEX_POINT('',#896);
#896 = CARTESIAN_POINT('',(-1.905,-44.55,3.78));
#897 = SURFACE_CURVE('',#898,(#902,#909),.PCURVE_S1.);
#898 = LINE('',#899,#900);
#899 = CARTESIAN_POINT('',(-1.905,-44.55,3.78));
#900 = VECTOR('',#901,1.);
#901 = DIRECTION('',(0.,0.,1.));
#902 = PCURVE('',#610,#903);
#903 = DEFINITIONAL_REPRESENTATION('',(#904),#908);
#904 = LINE('',#905,#906);
#905 = CARTESIAN_POINT('',(0.,0.));
#906 = VECTOR('',#907,1.);
#907 = DIRECTION('',(1.,0.));
#908 = ( GEOMETRIC_REPRESENTATION_CONTEXT(2) 
PARAMETRIC_REPRESENTATION_CONTEXT() REPRESENTATION_CONTEXT('2D SPACE',''
  ) );
#909 = PCURVE('',#584,#910);
#910 = DEFINITIONAL_REPRESENTATION('',(#911),#915);
#911 = LINE('',#912,#913);
#912 = CARTESIAN_POINT('',(0.,0.));
#913 = VECTOR('',#914,1.);
#914 = DIRECTION('',(1.,0.));
#915 = ( GEOMETRIC_REPRESENTATION_CONTEXT(2) 
PARAMETRIC_REPRESENTATION_CONTEXT() REPRESENTATION_CONTEXT('2D SPACE',''
  ) );
#916 = ORIENTED_EDGE('',*,*,#917,.T.);
#917 = EDGE_CURVE('',#895,#644,#918,.T.);
#918 = SURFACE_CURVE('',#919,(#923,#930),.PCURVE_S1.);
#919 = LINE('',#920,#921);
#920 = CARTESIAN_POINT('',(-1.905,-44.55,3.78));
#921 = VECTOR('',#922,1.);
#922 = DIRECTION('',(-0.,1.,0.));
#923 = PCURVE('',#610,#924);
#924 = DEFINITIONAL_REPRESENTATION('',(#925),#929);
#925 = LINE('',#926,#927);
#926 = CARTESIAN_POINT('',(0.,0.));
#927 = VECTOR('',#928,1.);
#928 = DIRECTION('',(0.,-1.));
#929 = ( GEOMETRIC_REPRESENTATION_CONTEXT(2) 
PARAMETRIC_REPRESENTATION_CONTEXT() REPRESENTATION_CONTEXT('2D SPACE',''
  ) );
#930 = PCURVE('',#931,#936);
#931 = PLANE('',#932);
#932 = AXIS2_PLACEMENT_3D('',#933,#934,#935);
#933 = CARTESIAN_POINT('',(-1.905,-44.55,3.78));
#934 = DIRECTION('',(0.,0.,1.));
#935 = DIRECTION('',(1.,0.,-0.));
#936 = DEFINITIONAL_REPRESENTATION('',(#937),#941);
#937 = LINE('',#938,#939);
#938 = CARTESIAN_POINT('',(0.,0.));
#939 = VECTOR('',#940,1.);
#940 = DIRECTION('',(0.,1.));
#941 = ( GEOMETRIC_REPRESENTATION_CONTEXT(2) 
PARAMETRIC_REPRESENTATION_CONTEXT() REPRESENTATION_CONTEXT('2D SPACE',''
  ) );
#942 = ORIENTED_EDGE('',*,*,#643,.T.);
#943 = ORIENTED_EDGE('',*,*,#595,.F.);
#944 = ADVANCED_FACE('',(#945),#584,.T.);
#945 = FACE_BOUND('',#946,.T.);
#946 = EDGE_LOOP('',(#947,#970,#991,#992));
#947 = ORIENTED_EDGE('',*,*,#948,.F.);
#948 = EDGE_CURVE('',#949,#544,#951,.T.);
#949 = VERTEX_POINT('',#950);
#950 = CARTESIAN_POINT('',(4.445,-44.55,3.78));
#951 = SURFACE_CURVE('',#952,(#956,#963),.PCURVE_S1.);
#952 = LINE('',#953,#954);
#953 = CARTESIAN_POINT('',(4.445,-44.55,3.78));
#954 = VECTOR('',#955,1.);
#955 = DIRECTION('',(0.,0.,1.));
#956 = PCURVE('',#584,#957);
#957 = DEFINITIONAL_REPRESENTATION('',(#958),#962);
#958 = LINE('',#959,#960);
#959 = CARTESIAN_POINT('',(0.,6.35));
#960 = VECTOR('',#961,1.);
#961 = DIRECTION('',(1.,0.));
#962 = ( GEOMETRIC_REPRESENTATION_CONTEXT(2) 
PARAMETRIC_REPRESENTATION_CONTEXT() REPRESENTATION_CONTEXT('2D SPACE',''
  ) );
#963 = PCURVE('',#558,#964);
#964 = DEFINITIONAL_REPRESENTATION('',(#965),#969);
#965 = LINE('',#966,#967);
#966 = CARTESIAN_POINT('',(0.,0.));
#967 = VECTOR('',#968,1.);
#968 = DIRECTION('',(1.,0.));
#969 = ( GEOMETRIC_REPRESENTATION_CONTEXT(2) 
PARAMETRIC_REPRESENTATION_CONTEXT() REPRESENTATION_CONTEXT('2D SPACE',''
  ) );
#970 = ORIENTED_EDGE('',*,*,#971,.F.);
#971 = EDGE_CURVE('',#895,#949,#972,.T.);
#972 = SURFACE_CURVE('',#973,(#977,#984),.PCURVE_S1.);
#973 = LINE('',#974,#975);
#974 = CARTESIAN_POINT('',(-1.905,-44.55,3.78));
#975 = VECTOR('',#976,1.);
#976 = DIRECTION('',(1.,0.,-0.));
#977 = PCURVE('',#584,#978);
#978 = DEFINITIONAL_REPRESENTATION('',(#979),#983);
#979 = LINE('',#980,#981);
#980 = CARTESIAN_POINT('',(0.,0.));
#981 = VECTOR('',#982,1.);
#982 = DIRECTION('',(0.,1.));
#983 = ( GEOMETRIC_REPRESENTATION_CONTEXT(2) 
PARAMETRIC_REPRESENTATION_CONTEXT() REPRESENTATION_CONTEXT('2D SPACE',''
  ) );
#984 = PCURVE('',#931,#985);
#985 = DEFINITIONAL_REPRESENTATION('',(#986),#990);
#986 = LINE('',#987,#988);
#987 = CARTESIAN_POINT('',(0.,0.));
#988 = VECTOR('',#989,1.);
#989 = DIRECTION('',(1.,0.));
#990 = ( GEOMETRIC_REPRESENTATION_CONTEXT(2) 
PARAMETRIC_REPRESENTATION_CONTEXT() REPRESENTATION_CONTEXT('2D SPACE',''
  ) );
#991 = ORIENTED_EDGE('',*,*,#894,.T.);
#992 = ORIENTED_EDGE('',*,*,#569,.F.);
#993 = ADVANCED_FACE('',(#994),#558,.F.);
#994 = FACE_BOUND('',#995,.F.);
#995 = EDGE_LOOP('',(#996,#997,#1020,#1041));
#996 = ORIENTED_EDGE('',*,*,#948,.F.);
#997 = ORIENTED_EDGE('',*,*,#998,.T.);
#998 = EDGE_CURVE('',#949,#999,#1001,.T.);
#999 = VERTEX_POINT('',#1000);
#1000 = CARTESIAN_POINT('',(4.445,3.91,3.78));
#1001 = SURFACE_CURVE('',#1002,(#1006,#1013),.PCURVE_S1.);
#1002 = LINE('',#1003,#1004);
#1003 = CARTESIAN_POINT('',(4.445,-44.55,3.78));
#1004 = VECTOR('',#1005,1.);
#1005 = DIRECTION('',(-0.,1.,0.));
#1006 = PCURVE('',#558,#1007);
#1007 = DEFINITIONAL_REPRESENTATION('',(#1008),#1012);
#1008 = LINE('',#1009,#1010);
#1009 = CARTESIAN_POINT('',(0.,0.));
#1010 = VECTOR('',#1011,1.);
#1011 = DIRECTION('',(0.,-1.));
#1012 = ( GEOMETRIC_REPRESENTATION_CONTEXT(2) 
PARAMETRIC_REPRESENTATION_CONTEXT() REPRESENTATION_CONTEXT('2D SPACE',''
  ) );
#1013 = PCURVE('',#931,#1014);
#1014 = DEFINITIONAL_REPRESENTATION('',(#1015),#1019);
#1015 = LINE('',#1016,#1017);
#1016 = CARTESIAN_POINT('',(6.35,0.));
#1017 = VECTOR('',#1018,1.);
#1018 = DIRECTION('',(0.,1.));
#1019 = ( GEOMETRIC_REPRESENTATION_CONTEXT(2) 
PARAMETRIC_REPRESENTATION_CONTEXT() REPRESENTATION_CONTEXT('2D SPACE',''
  ) );
#1020 = ORIENTED_EDGE('',*,*,#1021,.T.);
#1021 = EDGE_CURVE('',#999,#518,#1022,.T.);
#1022 = SURFACE_CURVE('',#1023,(#1027,#1034),.PCURVE_S1.);
#1023 = LINE('',#1024,#1025);
#1024 = CARTESIAN_POINT('',(4.445,3.91,3.78));
#1025 = VECTOR('',#1026,1.);
#1026 = DIRECTION('',(0.,0.,1.));
#1027 = PCURVE('',#558,#1028);
#1028 = DEFINITIONAL_REPRESENTATION('',(#1029),#1033);
#1029 = LINE('',#1030,#1031);
#1030 = CARTESIAN_POINT('',(0.,-48.46));
#1031 = VECTOR('',#1032,1.);
#1032 = DIRECTION('',(1.,0.));
#1033 = ( GEOMETRIC_REPRESENTATION_CONTEXT(2) 
PARAMETRIC_REPRESENTATION_CONTEXT() REPRESENTATION_CONTEXT('2D SPACE',''
  ) );
#1034 = PCURVE('',#532,#1035);
#1035 = DEFINITIONAL_REPRESENTATION('',(#1036),#1040);
#1036 = LINE('',#1037,#1038);
#1037 = CARTESIAN_POINT('',(0.,6.35));
#1038 = VECTOR('',#1039,1.);
#1039 = DIRECTION('',(1.,0.));
#1040 = ( GEOMETRIC_REPRESENTATION_CONTEXT(2) 
PARAMETRIC_REPRESENTATION_CONTEXT() REPRESENTATION_CONTEXT('2D SPACE',''
  ) );
#1041 = ORIENTED_EDGE('',*,*,#543,.F.);
#1042 = ADVANCED_FACE('',(#1043),#532,.F.);
#1043 = FACE_BOUND('',#1044,.F.);
#1044 = EDGE_LOOP('',(#1045,#1046,#1069,#1090));
#1045 = ORIENTED_EDGE('',*,*,#1021,.F.);
#1046 = ORIENTED_EDGE('',*,*,#1047,.F.);
#1047 = EDGE_CURVE('',#1048,#999,#1050,.T.);
#1048 = VERTEX_POINT('',#1049);
#1049 = CARTESIAN_POINT('',(-1.905,3.91,3.78));
#1050 = SURFACE_CURVE('',#1051,(#1055,#1062),.PCURVE_S1.);
#1051 = LINE('',#1052,#1053);
#1052 = CARTESIAN_POINT('',(-1.905,3.91,3.78));
#1053 = VECTOR('',#1054,1.);
#1054 = DIRECTION('',(1.,0.,-0.));
#1055 = PCURVE('',#532,#1056);
#1056 = DEFINITIONAL_REPRESENTATION('',(#1057),#1061);
#1057 = LINE('',#1058,#1059);
#1058 = CARTESIAN_POINT('',(0.,0.));
#1059 = VECTOR('',#1060,1.);
#1060 = DIRECTION('',(0.,1.));
#1061 = ( GEOMETRIC_REPRESENTATION_CONTEXT(2) 
PARAMETRIC_REPRESENTATION_CONTEXT() REPRESENTATION_CONTEXT('2D SPACE',''
  ) );
#1062 = PCURVE('',#931,#1063);
#1063 = DEFINITIONAL_REPRESENTATION('',(#1064),#1068);
#1064 = LINE('',#1065,#1066);
#1065 = CARTESIAN_POINT('',(0.,48.46));
#1066 = VECTOR('',#1067,1.);
#1067 = DIRECTION('',(1.,0.));
#1068 = ( GEOMETRIC_REPRESENTATION_CONTEXT(2) 
PARAMETRIC_REPRESENTATION_CONTEXT() REPRESENTATION_CONTEXT('2D SPACE',''
  ) );
#1069 = ORIENTED_EDGE('',*,*,#1070,.T.);
#1070 = EDGE_CURVE('',#1048,#492,#1071,.T.);
#1071 = SURFACE_CURVE('',#1072,(#1076,#1083),.PCURVE_S1.);
#1072 = LINE('',#1073,#1074);
#1073 = CARTESIAN_POINT('',(-1.905,3.91,3.78));
#1074 = VECTOR('',#1075,1.);
#1075 = DIRECTION('',(0.,0.,1.));
#1076 = PCURVE('',#532,#1077);
#1077 = DEFINITIONAL_REPRESENTATION('',(#1078),#1082);
#1078 = LINE('',#1079,#1080);
#1079 = CARTESIAN_POINT('',(0.,0.));
#1080 = VECTOR('',#1081,1.);
#1081 = DIRECTION('',(1.,0.));
#1082 = ( GEOMETRIC_REPRESENTATION_CONTEXT(2) 
PARAMETRIC_REPRESENTATION_CONTEXT() REPRESENTATION_CONTEXT('2D SPACE',''
  ) );
#1083 = PCURVE('',#506,#1084);
#1084 = DEFINITIONAL_REPRESENTATION('',(#1085),#1089);
#1085 = LINE('',#1086,#1087);
#1086 = CARTESIAN_POINT('',(0.,-48.46));
#1087 = VECTOR('',#1088,1.);
#1088 = DIRECTION('',(1.,0.));
#1089 = ( GEOMETRIC_REPRESENTATION_CONTEXT(2) 
PARAMETRIC_REPRESENTATION_CONTEXT() REPRESENTATION_CONTEXT('2D SPACE',''
  ) );
#1090 = ORIENTED_EDGE('',*,*,#517,.F.);
#1091 = ADVANCED_FACE('',(#1092),#506,.T.);
#1092 = FACE_BOUND('',#1093,.T.);
#1093 = EDGE_LOOP('',(#1094,#1095,#1116,#1117));
#1094 = ORIENTED_EDGE('',*,*,#744,.F.);
#1095 = ORIENTED_EDGE('',*,*,#1096,.T.);
#1096 = EDGE_CURVE('',#691,#1048,#1097,.T.);
#1097 = SURFACE_CURVE('',#1098,(#1102,#1109),.PCURVE_S1.);
#1098 = LINE('',#1099,#1100);
#1099 = CARTESIAN_POINT('',(-1.905,-44.55,3.78));
#1100 = VECTOR('',#1101,1.);
#1101 = DIRECTION('',(-0.,1.,0.));
#1102 = PCURVE('',#506,#1103);
#1103 = DEFINITIONAL_REPRESENTATION('',(#1104),#1108);
#1104 = LINE('',#1105,#1106);
#1105 = CARTESIAN_POINT('',(0.,0.));
#1106 = VECTOR('',#1107,1.);
#1107 = DIRECTION('',(0.,-1.));
#1108 = ( GEOMETRIC_REPRESENTATION_CONTEXT(2) 
PARAMETRIC_REPRESENTATION_CONTEXT() REPRESENTATION_CONTEXT('2D SPACE',''
  ) );
#1109 = PCURVE('',#931,#1110);
#1110 = DEFINITIONAL_REPRESENTATION('',(#1111),#1115);
#1111 = LINE('',#1112,#1113);
#1112 = CARTESIAN_POINT('',(0.,0.));
#1113 = VECTOR('',#1114,1.);
#1114 = DIRECTION('',(0.,1.));
#1115 = ( GEOMETRIC_REPRESENTATION_CONTEXT(2) 
PARAMETRIC_REPRESENTATION_CONTEXT() REPRESENTATION_CONTEXT('2D SPACE',''
  ) );
#1116 = ORIENTED_EDGE('',*,*,#1070,.T.);
#1117 = ORIENTED_EDGE('',*,*,#491,.F.);
#1118 = ADVANCED_FACE('',(#1119),#436,.T.);
#1119 = FACE_BOUND('',#1120,.T.);
#1120 = EDGE_LOOP('',(#1121,#1122,#1123,#1124));
#1121 = ORIENTED_EDGE('',*,*,#870,.F.);
#1122 = ORIENTED_EDGE('',*,*,#842,.T.);
#1123 = ORIENTED_EDGE('',*,*,#794,.T.);
#1124 = ORIENTED_EDGE('',*,*,#420,.F.);
#1125 = ADVANCED_FACE('',(#1126),#729,.T.);
#1126 = FACE_BOUND('',#1127,.T.);
#1127 = EDGE_LOOP('',(#1128,#1129,#1152,#1175));
#1128 = ORIENTED_EDGE('',*,*,#715,.F.);
#1129 = ORIENTED_EDGE('',*,*,#1130,.T.);
#1130 = EDGE_CURVE('',#644,#1131,#1133,.T.);
#1131 = VERTEX_POINT('',#1132);
#1132 = CARTESIAN_POINT('',(-1.8,-22.415,3.78));
#1133 = SURFACE_CURVE('',#1134,(#1138,#1145),.PCURVE_S1.);
#1134 = LINE('',#1135,#1136);
#1135 = CARTESIAN_POINT('',(-3.1,-22.415,3.78));
#1136 = VECTOR('',#1137,1.);
#1137 = DIRECTION('',(1.,0.,-0.));
#1138 = PCURVE('',#729,#1139);
#1139 = DEFINITIONAL_REPRESENTATION('',(#1140),#1144);
#1140 = LINE('',#1141,#1142);
#1141 = CARTESIAN_POINT('',(-1.195,22.135));
#1142 = VECTOR('',#1143,1.);
#1143 = DIRECTION('',(1.,0.));
#1144 = ( GEOMETRIC_REPRESENTATION_CONTEXT(2) 
PARAMETRIC_REPRESENTATION_CONTEXT() REPRESENTATION_CONTEXT('2D SPACE',''
  ) );
#1145 = PCURVE('',#931,#1146);
#1146 = DEFINITIONAL_REPRESENTATION('',(#1147),#1151);
#1147 = LINE('',#1148,#1149);
#1148 = CARTESIAN_POINT('',(-1.195,22.135));
#1149 = VECTOR('',#1150,1.);
#1150 = DIRECTION('',(1.,0.));
#1151 = ( GEOMETRIC_REPRESENTATION_CONTEXT(2) 
PARAMETRIC_REPRESENTATION_CONTEXT() REPRESENTATION_CONTEXT('2D SPACE',''
  ) );
#1152 = ORIENTED_EDGE('',*,*,#1153,.T.);
#1153 = EDGE_CURVE('',#1131,#1154,#1156,.T.);
#1154 = VERTEX_POINT('',#1155);
#1155 = CARTESIAN_POINT('',(-1.8,-18.225,3.78));
#1156 = SURFACE_CURVE('',#1157,(#1161,#1168),.PCURVE_S1.);
#1157 = LINE('',#1158,#1159);
#1158 = CARTESIAN_POINT('',(-1.8,-22.415,3.78));
#1159 = VECTOR('',#1160,1.);
#1160 = DIRECTION('',(-0.,1.,0.));
#1161 = PCURVE('',#729,#1162);
#1162 = DEFINITIONAL_REPRESENTATION('',(#1163),#1167);
#1163 = LINE('',#1164,#1165);
#1164 = CARTESIAN_POINT('',(0.105,22.135));
#1165 = VECTOR('',#1166,1.);
#1166 = DIRECTION('',(0.,1.));
#1167 = ( GEOMETRIC_REPRESENTATION_CONTEXT(2) 
PARAMETRIC_REPRESENTATION_CONTEXT() REPRESENTATION_CONTEXT('2D SPACE',''
  ) );
#1168 = PCURVE('',#931,#1169);
#1169 = DEFINITIONAL_REPRESENTATION('',(#1170),#1174);
#1170 = LINE('',#1171,#1172);
#1171 = CARTESIAN_POINT('',(0.105,22.135));
#1172 = VECTOR('',#1173,1.);
#1173 = DIRECTION('',(0.,1.));
#1174 = ( GEOMETRIC_REPRESENTATION_CONTEXT(2) 
PARAMETRIC_REPRESENTATION_CONTEXT() REPRESENTATION_CONTEXT('2D SPACE',''
  ) );
#1175 = ORIENTED_EDGE('',*,*,#1176,.F.);
#1176 = EDGE_CURVE('',#691,#1154,#1177,.T.);
#1177 = SURFACE_CURVE('',#1178,(#1182,#1189),.PCURVE_S1.);
#1178 = LINE('',#1179,#1180);
#1179 = CARTESIAN_POINT('',(-3.1,-18.225,3.78));
#1180 = VECTOR('',#1181,1.);
#1181 = DIRECTION('',(1.,0.,-0.));
#1182 = PCURVE('',#729,#1183);
#1183 = DEFINITIONAL_REPRESENTATION('',(#1184),#1188);
#1184 = LINE('',#1185,#1186);
#1185 = CARTESIAN_POINT('',(-1.195,26.325));
#1186 = VECTOR('',#1187,1.);
#1187 = DIRECTION('',(1.,0.));
#1188 = ( GEOMETRIC_REPRESENTATION_CONTEXT(2) 
PARAMETRIC_REPRESENTATION_CONTEXT() REPRESENTATION_CONTEXT('2D SPACE',''
  ) );
#1189 = PCURVE('',#931,#1190);
#1190 = DEFINITIONAL_REPRESENTATION('',(#1191),#1195);
#1191 = LINE('',#1192,#1193);
#1192 = CARTESIAN_POINT('',(-1.195,26.325));
#1193 = VECTOR('',#1194,1.);
#1194 = DIRECTION('',(1.,0.));
#1195 = ( GEOMETRIC_REPRESENTATION_CONTEXT(2) 
PARAMETRIC_REPRESENTATION_CONTEXT() REPRESENTATION_CONTEXT('2D SPACE',''
  ) );
#1196 = ADVANCED_FACE('',(#1197),#931,.T.);
#1197 = FACE_BOUND('',#1198,.T.);
#1198 = EDGE_LOOP('',(#1199,#1200,#1201,#1202,#1203,#1204,#1205,#1206));
#1199 = ORIENTED_EDGE('',*,*,#917,.F.);
#1200 = ORIENTED_EDGE('',*,*,#971,.T.);
#1201 = ORIENTED_EDGE('',*,*,#998,.T.);
#1202 = ORIENTED_EDGE('',*,*,#1047,.F.);
#1203 = ORIENTED_EDGE('',*,*,#1096,.F.);
#1204 = ORIENTED_EDGE('',*,*,#1176,.T.);
#1205 = ORIENTED_EDGE('',*,*,#1153,.F.);
#1206 = ORIENTED_EDGE('',*,*,#1130,.F.);
#1207 = ( GEOMETRIC_REPRESENTATION_CONTEXT(3) 
GLOBAL_UNCERTAINTY_ASSIGNED_CONTEXT((#1211)) 
GLOBAL_UNIT_ASSIGNED_CONTEXT((#1208,#1209,#1210)) REPRESENTATION_CONTEXT
('Context #1','3D Context with UNIT and UNCERTAINTY') );
#1208 = ( LENGTH_UNIT() NAMED_UNIT(*) SI_UNIT(.MILLI.,.METRE.) );
#1209 = ( NAMED_UNIT(*) PLANE_ANGLE_UNIT() SI_UNIT($,.RADIAN.) );
#1210 = ( NAMED_UNIT(*) SI_UNIT($,.STERADIAN.) SOLID_ANGLE_UNIT() );
#1211 = UNCERTAINTY_MEASURE_WITH_UNIT(LENGTH_MEASURE(1.E-07),#1208,
  'distance_accuracy_value','confusion accuracy');
#1212 = CONTEXT_DEPENDENT_SHAPE_REPRESENTATION(#1213,#1215);
#1213 = ( REPRESENTATION_RELATIONSHIP('','',#168,#10) 
REPRESENTATION_RELATIONSHIP_WITH_TRANSFORMATION(#1214) 
SHAPE_REPRESENTATION_RELATIONSHIP() );
#1214 = ITEM_DEFINED_TRANSFORMATION('','',#11,#15);
#1215 = PRODUCT_DEFINITION_SHAPE('Placement','Placement of an item',
  #1216);
#1216 = NEXT_ASSEMBLY_USAGE_OCCURRENCE('295','','',#5,#163,$);
#1217 = PRODUCT_RELATED_PRODUCT_CATEGORY('part',$,(#165));
#1218 = SHAPE_DEFINITION_REPRESENTATION(#1219,#1225);
#1219 = PRODUCT_DEFINITION_SHAPE('','',#1220);
#1220 = PRODUCT_DEFINITION('design','',#1221,#1224);
#1221 = PRODUCT_DEFINITION_FORMATION('','',#1222);
#1222 = PRODUCT('Open CASCADE STEP translator 7.9 22.2',
  'Open CASCADE STEP translator 7.9 22.2','',(#1223));
#1223 = PRODUCT_CONTEXT('',#2,'mechanical');
#1224 = PRODUCT_DEFINITION_CONTEXT('part definition',#2,'design');
#1225 = ADVANCED_BREP_SHAPE_REPRESENTATION('',(#11,#1226),#1556);
#1226 = MANIFOLD_SOLID_BREP('',#1227);
#1227 = CLOSED_SHELL('',(#1228,#1348,#1448,#1495,#1542,#1549));
#1228 = ADVANCED_FACE('',(#1229),#1243,.F.);
#1229 = FACE_BOUND('',#1230,.F.);
#1230 = EDGE_LOOP('',(#1231,#1266,#1294,#1322));
#1231 = ORIENTED_EDGE('',*,*,#1232,.F.);
#1232 = EDGE_CURVE('',#1233,#1235,#1237,.T.);
#1233 = VERTEX_POINT('',#1234);
#1234 = CARTESIAN_POINT('',(-0.32,-0.32,-2.84));
#1235 = VERTEX_POINT('',#1236);
#1236 = CARTESIAN_POINT('',(-0.32,-0.32,9.95));
#1237 = SURFACE_CURVE('',#1238,(#1242,#1254),.PCURVE_S1.);
#1238 = LINE('',#1239,#1240);
#1239 = CARTESIAN_POINT('',(-0.32,-0.32,-2.84));
#1240 = VECTOR('',#1241,1.);
#1241 = DIRECTION('',(0.,0.,1.));
#1242 = PCURVE('',#1243,#1248);
#1243 = PLANE('',#1244);
#1244 = AXIS2_PLACEMENT_3D('',#1245,#1246,#1247);
#1245 = CARTESIAN_POINT('',(-0.32,-0.32,-2.84));
#1246 = DIRECTION('',(1.,0.,-0.));
#1247 = DIRECTION('',(0.,0.,1.));
#1248 = DEFINITIONAL_REPRESENTATION('',(#1249),#1253);
#1249 = LINE('',#1250,#1251);
#1250 = CARTESIAN_POINT('',(0.,0.));
#1251 = VECTOR('',#1252,1.);
#1252 = DIRECTION('',(1.,0.));
#1253 = ( GEOMETRIC_REPRESENTATION_CONTEXT(2) 
PARAMETRIC_REPRESENTATION_CONTEXT() REPRESENTATION_CONTEXT('2D SPACE',''
  ) );
#1254 = PCURVE('',#1255,#1260);
#1255 = PLANE('',#1256);
#1256 = AXIS2_PLACEMENT_3D('',#1257,#1258,#1259);
#1257 = CARTESIAN_POINT('',(-0.32,-0.32,-2.84));
#1258 = DIRECTION('',(-0.,1.,0.));
#1259 = DIRECTION('',(0.,0.,1.));
#1260 = DEFINITIONAL_REPRESENTATION('',(#1261),#1265);
#1261 = LINE('',#1262,#1263);
#1262 = CARTESIAN_POINT('',(0.,0.));
#1263 = VECTOR('',#1264,1.);
#1264 = DIRECTION('',(1.,0.));
#1265 = ( GEOMETRIC_REPRESENTATION_CONTEXT(2) 
PARAMETRIC_REPRESENTATION_CONTEXT() REPRESENTATION_CONTEXT('2D SPACE',''
  ) );
#1266 = ORIENTED_EDGE('',*,*,#1267,.T.);
#1267 = EDGE_CURVE('',#1233,#1268,#1270,.T.);
#1268 = VERTEX_POINT('',#1269);
#1269 = CARTESIAN_POINT('',(-0.32,0.32,-2.84));
#1270 = SURFACE_CURVE('',#1271,(#1275,#1282),.PCURVE_S1.);
#1271 = LINE('',#1272,#1273);
#1272 = CARTESIAN_POINT('',(-0.32,-0.32,-2.84));
#1273 = VECTOR('',#1274,1.);
#1274 = DIRECTION('',(-0.,1.,0.));
#1275 = PCURVE('',#1243,#1276);
#1276 = DEFINITIONAL_REPRESENTATION('',(#1277),#1281);
#1277 = LINE('',#1278,#1279);
#1278 = CARTESIAN_POINT('',(0.,0.));
#1279 = VECTOR('',#1280,1.);
#1280 = DIRECTION('',(0.,-1.));
#1281 = ( GEOMETRIC_REPRESENTATION_CONTEXT(2) 
PARAMETRIC_REPRESENTATION_CONTEXT() REPRESENTATION_CONTEXT('2D SPACE',''
  ) );
#1282 = PCURVE('',#1283,#1288);
#1283 = PLANE('',#1284);
#1284 = AXIS2_PLACEMENT_3D('',#1285,#1286,#1287);
#1285 = CARTESIAN_POINT('',(-0.32,-0.32,-2.84));
#1286 = DIRECTION('',(0.,0.,1.));
#1287 = DIRECTION('',(1.,0.,-0.));
#1288 = DEFINITIONAL_REPRESENTATION('',(#1289),#1293);
#1289 = LINE('',#1290,#1291);
#1290 = CARTESIAN_POINT('',(0.,0.));
#1291 = VECTOR('',#1292,1.);
#1292 = DIRECTION('',(0.,1.));
#1293 = ( GEOMETRIC_REPRESENTATION_CONTEXT(2) 
PARAMETRIC_REPRESENTATION_CONTEXT() REPRESENTATION_CONTEXT('2D SPACE',''
  ) );
#1294 = ORIENTED_EDGE('',*,*,#1295,.T.);
#1295 = EDGE_CURVE('',#1268,#1296,#1298,.T.);
#1296 = VERTEX_POINT('',#1297);
#1297 = CARTESIAN_POINT('',(-0.32,0.32,9.95));
#1298 = SURFACE_CURVE('',#1299,(#1303,#1310),.PCURVE_S1.);
#1299 = LINE('',#1300,#1301);
#1300 = CARTESIAN_POINT('',(-0.32,0.32,-2.84));
#1301 = VECTOR('',#1302,1.);
#1302 = DIRECTION('',(0.,0.,1.));
#1303 = PCURVE('',#1243,#1304);
#1304 = DEFINITIONAL_REPRESENTATION('',(#1305),#1309);
#1305 = LINE('',#1306,#1307);
#1306 = CARTESIAN_POINT('',(0.,-0.64));
#1307 = VECTOR('',#1308,1.);
#1308 = DIRECTION('',(1.,0.));
#1309 = ( GEOMETRIC_REPRESENTATION_CONTEXT(2) 
PARAMETRIC_REPRESENTATION_CONTEXT() REPRESENTATION_CONTEXT('2D SPACE',''
  ) );
#1310 = PCURVE('',#1311,#1316);
#1311 = PLANE('',#1312);
#1312 = AXIS2_PLACEMENT_3D('',#1313,#1314,#1315);
#1313 = CARTESIAN_POINT('',(-0.32,0.32,-2.84));
#1314 = DIRECTION('',(-0.,1.,0.));
#1315 = DIRECTION('',(0.,0.,1.));
#1316 = DEFINITIONAL_REPRESENTATION('',(#1317),#1321);
#1317 = LINE('',#1318,#1319);
#1318 = CARTESIAN_POINT('',(0.,0.));
#1319 = VECTOR('',#1320,1.);
#1320 = DIRECTION('',(1.,0.));
#1321 = ( GEOMETRIC_REPRESENTATION_CONTEXT(2) 
PARAMETRIC_REPRESENTATION_CONTEXT() REPRESENTATION_CONTEXT('2D SPACE',''
  ) );
#1322 = ORIENTED_EDGE('',*,*,#1323,.F.);
#1323 = EDGE_CURVE('',#1235,#1296,#1324,.T.);
#1324 = SURFACE_CURVE('',#1325,(#1329,#1336),.PCURVE_S1.);
#1325 = LINE('',#1326,#1327);
#1326 = CARTESIAN_POINT('',(-0.32,-0.32,9.95));
#1327 = VECTOR('',#1328,1.);
#1328 = DIRECTION('',(-0.,1.,0.));
#1329 = PCURVE('',#1243,#1330);
#1330 = DEFINITIONAL_REPRESENTATION('',(#1331),#1335);
#1331 = LINE('',#1332,#1333);
#1332 = CARTESIAN_POINT('',(12.79,0.));
#1333 = VECTOR('',#1334,1.);
#1334 = DIRECTION('',(0.,-1.));
#1335 = ( GEOMETRIC_REPRESENTATION_CONTEXT(2) 
PARAMETRIC_REPRESENTATION_CONTEXT() REPRESENTATION_CONTEXT('2D SPACE',''
  ) );
#1336 = PCURVE('',#1337,#1342);
#1337 = PLANE('',#1338);
#1338 = AXIS2_PLACEMENT_3D('',#1339,#1340,#1341);
#1339 = CARTESIAN_POINT('',(-0.32,-0.32,9.95));
#1340 = DIRECTION('',(0.,0.,1.));
#1341 = DIRECTION('',(1.,0.,-0.));
#1342 = DEFINITIONAL_REPRESENTATION('',(#1343),#1347);
#1343 = LINE('',#1344,#1345);
#1344 = CARTESIAN_POINT('',(0.,0.));
#1345 = VECTOR('',#1346,1.);
#1346 = DIRECTION('',(0.,1.));
#1347 = ( GEOMETRIC_REPRESENTATION_CONTEXT(2) 
PARAMETRIC_REPRESENTATION_CONTEXT() REPRESENTATION_CONTEXT('2D SPACE',''
  ) );
#1348 = ADVANCED_FACE('',(#1349),#1363,.T.);
#1349 = FACE_BOUND('',#1350,.T.);
#1350 = EDGE_LOOP('',(#1351,#1381,#1404,#1427));
#1351 = ORIENTED_EDGE('',*,*,#1352,.F.);
#1352 = EDGE_CURVE('',#1353,#1355,#1357,.T.);
#1353 = VERTEX_POINT('',#1354);
#1354 = CARTESIAN_POINT('',(0.32,-0.32,-2.84));
#1355 = VERTEX_POINT('',#1356);
#1356 = CARTESIAN_POINT('',(0.32,-0.32,9.95));
#1357 = SURFACE_CURVE('',#1358,(#1362,#1374),.PCURVE_S1.);
#1358 = LINE('',#1359,#1360);
#1359 = CARTESIAN_POINT('',(0.32,-0.32,-2.84));
#1360 = VECTOR('',#1361,1.);
#1361 = DIRECTION('',(0.,0.,1.));
#1362 = PCURVE('',#1363,#1368);
#1363 = PLANE('',#1364);
#1364 = AXIS2_PLACEMENT_3D('',#1365,#1366,#1367);
#1365 = CARTESIAN_POINT('',(0.32,-0.32,-2.84));
#1366 = DIRECTION('',(1.,0.,-0.));
#1367 = DIRECTION('',(0.,0.,1.));
#1368 = DEFINITIONAL_REPRESENTATION('',(#1369),#1373);
#1369 = LINE('',#1370,#1371);
#1370 = CARTESIAN_POINT('',(0.,0.));
#1371 = VECTOR('',#1372,1.);
#1372 = DIRECTION('',(1.,0.));
#1373 = ( GEOMETRIC_REPRESENTATION_CONTEXT(2) 
PARAMETRIC_REPRESENTATION_CONTEXT() REPRESENTATION_CONTEXT('2D SPACE',''
  ) );
#1374 = PCURVE('',#1255,#1375);
#1375 = DEFINITIONAL_REPRESENTATION('',(#1376),#1380);
#1376 = LINE('',#1377,#1378);
#1377 = CARTESIAN_POINT('',(0.,0.64));
#1378 = VECTOR('',#1379,1.);
#1379 = DIRECTION('',(1.,0.));
#1380 = ( GEOMETRIC_REPRESENTATION_CONTEXT(2) 
PARAMETRIC_REPRESENTATION_CONTEXT() REPRESENTATION_CONTEXT('2D SPACE',''
  ) );
#1381 = ORIENTED_EDGE('',*,*,#1382,.T.);
#1382 = EDGE_CURVE('',#1353,#1383,#1385,.T.);
#1383 = VERTEX_POINT('',#1384);
#1384 = CARTESIAN_POINT('',(0.32,0.32,-2.84));
#1385 = SURFACE_CURVE('',#1386,(#1390,#1397),.PCURVE_S1.);
#1386 = LINE('',#1387,#1388);
#1387 = CARTESIAN_POINT('',(0.32,-0.32,-2.84));
#1388 = VECTOR('',#1389,1.);
#1389 = DIRECTION('',(-0.,1.,0.));
#1390 = PCURVE('',#1363,#1391);
#1391 = DEFINITIONAL_REPRESENTATION('',(#1392),#1396);
#1392 = LINE('',#1393,#1394);
#1393 = CARTESIAN_POINT('',(0.,0.));
#1394 = VECTOR('',#1395,1.);
#1395 = DIRECTION('',(0.,-1.));
#1396 = ( GEOMETRIC_REPRESENTATION_CONTEXT(2) 
PARAMETRIC_REPRESENTATION_CONTEXT() REPRESENTATION_CONTEXT('2D SPACE',''
  ) );
#1397 = PCURVE('',#1283,#1398);
#1398 = DEFINITIONAL_REPRESENTATION('',(#1399),#1403);
#1399 = LINE('',#1400,#1401);
#1400 = CARTESIAN_POINT('',(0.64,0.));
#1401 = VECTOR('',#1402,1.);
#1402 = DIRECTION('',(0.,1.));
#1403 = ( GEOMETRIC_REPRESENTATION_CONTEXT(2) 
PARAMETRIC_REPRESENTATION_CONTEXT() REPRESENTATION_CONTEXT('2D SPACE',''
  ) );
#1404 = ORIENTED_EDGE('',*,*,#1405,.T.);
#1405 = EDGE_CURVE('',#1383,#1406,#1408,.T.);
#1406 = VERTEX_POINT('',#1407);
#1407 = CARTESIAN_POINT('',(0.32,0.32,9.95));
#1408 = SURFACE_CURVE('',#1409,(#1413,#1420),.PCURVE_S1.);
#1409 = LINE('',#1410,#1411);
#1410 = CARTESIAN_POINT('',(0.32,0.32,-2.84));
#1411 = VECTOR('',#1412,1.);
#1412 = DIRECTION('',(0.,0.,1.));
#1413 = PCURVE('',#1363,#1414);
#1414 = DEFINITIONAL_REPRESENTATION('',(#1415),#1419);
#1415 = LINE('',#1416,#1417);
#1416 = CARTESIAN_POINT('',(0.,-0.64));
#1417 = VECTOR('',#1418,1.);
#1418 = DIRECTION('',(1.,0.));
#1419 = ( GEOMETRIC_REPRESENTATION_CONTEXT(2) 
PARAMETRIC_REPRESENTATION_CONTEXT() REPRESENTATION_CONTEXT('2D SPACE',''
  ) );
#1420 = PCURVE('',#1311,#1421);
#1421 = DEFINITIONAL_REPRESENTATION('',(#1422),#1426);
#1422 = LINE('',#1423,#1424);
#1423 = CARTESIAN_POINT('',(0.,0.64));
#1424 = VECTOR('',#1425,1.);
#1425 = DIRECTION('',(1.,0.));
#1426 = ( GEOMETRIC_REPRESENTATION_CONTEXT(2) 
PARAMETRIC_REPRESENTATION_CONTEXT() REPRESENTATION_CONTEXT('2D SPACE',''
  ) );
#1427 = ORIENTED_EDGE('',*,*,#1428,.F.);
#1428 = EDGE_CURVE('',#1355,#1406,#1429,.T.);
#1429 = SURFACE_CURVE('',#1430,(#1434,#1441),.PCURVE_S1.);
#1430 = LINE('',#1431,#1432);
#1431 = CARTESIAN_POINT('',(0.32,-0.32,9.95));
#1432 = VECTOR('',#1433,1.);
#1433 = DIRECTION('',(-0.,1.,0.));
#1434 = PCURVE('',#1363,#1435);
#1435 = DEFINITIONAL_REPRESENTATION('',(#1436),#1440);
#1436 = LINE('',#1437,#1438);
#1437 = CARTESIAN_POINT('',(12.79,0.));
#1438 = VECTOR('',#1439,1.);
#1439 = DIRECTION('',(0.,-1.));
#1440 = ( GEOMETRIC_REPRESENTATION_CONTEXT(2) 
PARAMETRIC_REPRESENTATION_CONTEXT() REPRESENTATION_CONTEXT('2D SPACE',''
  ) );
#1441 = PCURVE('',#1337,#1442);
#1442 = DEFINITIONAL_REPRESENTATION('',(#1443),#1447);
#1443 = LINE('',#1444,#1445);
#1444 = CARTESIAN_POINT('',(0.64,0.));
#1445 = VECTOR('',#1446,1.);
#1446 = DIRECTION('',(0.,1.));
#1447 = ( GEOMETRIC_REPRESENTATION_CONTEXT(2) 
PARAMETRIC_REPRESENTATION_CONTEXT() REPRESENTATION_CONTEXT('2D SPACE',''
  ) );
#1448 = ADVANCED_FACE('',(#1449),#1255,.F.);
#1449 = FACE_BOUND('',#1450,.F.);
#1450 = EDGE_LOOP('',(#1451,#1472,#1473,#1494));
#1451 = ORIENTED_EDGE('',*,*,#1452,.F.);
#1452 = EDGE_CURVE('',#1233,#1353,#1453,.T.);
#1453 = SURFACE_CURVE('',#1454,(#1458,#1465),.PCURVE_S1.);
#1454 = LINE('',#1455,#1456);
#1455 = CARTESIAN_POINT('',(-0.32,-0.32,-2.84));
#1456 = VECTOR('',#1457,1.);
#1457 = DIRECTION('',(1.,0.,-0.));
#1458 = PCURVE('',#1255,#1459);
#1459 = DEFINITIONAL_REPRESENTATION('',(#1460),#1464);
#1460 = LINE('',#1461,#1462);
#1461 = CARTESIAN_POINT('',(0.,0.));
#1462 = VECTOR('',#1463,1.);
#1463 = DIRECTION('',(0.,1.));
#1464 = ( GEOMETRIC_REPRESENTATION_CONTEXT(2) 
PARAMETRIC_REPRESENTATION_CONTEXT() REPRESENTATION_CONTEXT('2D SPACE',''
  ) );
#1465 = PCURVE('',#1283,#1466);
#1466 = DEFINITIONAL_REPRESENTATION('',(#1467),#1471);
#1467 = LINE('',#1468,#1469);
#1468 = CARTESIAN_POINT('',(0.,0.));
#1469 = VECTOR('',#1470,1.);
#1470 = DIRECTION('',(1.,0.));
#1471 = ( GEOMETRIC_REPRESENTATION_CONTEXT(2) 
PARAMETRIC_REPRESENTATION_CONTEXT() REPRESENTATION_CONTEXT('2D SPACE',''
  ) );
#1472 = ORIENTED_EDGE('',*,*,#1232,.T.);
#1473 = ORIENTED_EDGE('',*,*,#1474,.T.);
#1474 = EDGE_CURVE('',#1235,#1355,#1475,.T.);
#1475 = SURFACE_CURVE('',#1476,(#1480,#1487),.PCURVE_S1.);
#1476 = LINE('',#1477,#1478);
#1477 = CARTESIAN_POINT('',(-0.32,-0.32,9.95));
#1478 = VECTOR('',#1479,1.);
#1479 = DIRECTION('',(1.,0.,-0.));
#1480 = PCURVE('',#1255,#1481);
#1481 = DEFINITIONAL_REPRESENTATION('',(#1482),#1486);
#1482 = LINE('',#1483,#1484);
#1483 = CARTESIAN_POINT('',(12.79,0.));
#1484 = VECTOR('',#1485,1.);
#1485 = DIRECTION('',(0.,1.));
#1486 = ( GEOMETRIC_REPRESENTATION_CONTEXT(2) 
PARAMETRIC_REPRESENTATION_CONTEXT() REPRESENTATION_CONTEXT('2D SPACE',''
  ) );
#1487 = PCURVE('',#1337,#1488);
#1488 = DEFINITIONAL_REPRESENTATION('',(#1489),#1493);
#1489 = LINE('',#1490,#1491);
#1490 = CARTESIAN_POINT('',(0.,0.));
#1491 = VECTOR('',#1492,1.);
#1492 = DIRECTION('',(1.,0.));
#1493 = ( GEOMETRIC_REPRESENTATION_CONTEXT(2) 
PARAMETRIC_REPRESENTATION_CONTEXT() REPRESENTATION_CONTEXT('2D SPACE',''
  ) );
#1494 = ORIENTED_EDGE('',*,*,#1352,.F.);
#1495 = ADVANCED_FACE('',(#1496),#1311,.T.);
#1496 = FACE_BOUND('',#1497,.T.);
#1497 = EDGE_LOOP('',(#1498,#1519,#1520,#1541));
#1498 = ORIENTED_EDGE('',*,*,#1499,.F.);
#1499 = EDGE_CURVE('',#1268,#1383,#1500,.T.);
#1500 = SURFACE_CURVE('',#1501,(#1505,#1512),.PCURVE_S1.);
#1501 = LINE('',#1502,#1503);
#1502 = CARTESIAN_POINT('',(-0.32,0.32,-2.84));
#1503 = VECTOR('',#1504,1.);
#1504 = DIRECTION('',(1.,0.,-0.));
#1505 = PCURVE('',#1311,#1506);
#1506 = DEFINITIONAL_REPRESENTATION('',(#1507),#1511);
#1507 = LINE('',#1508,#1509);
#1508 = CARTESIAN_POINT('',(0.,0.));
#1509 = VECTOR('',#1510,1.);
#1510 = DIRECTION('',(0.,1.));
#1511 = ( GEOMETRIC_REPRESENTATION_CONTEXT(2) 
PARAMETRIC_REPRESENTATION_CONTEXT() REPRESENTATION_CONTEXT('2D SPACE',''
  ) );
#1512 = PCURVE('',#1283,#1513);
#1513 = DEFINITIONAL_REPRESENTATION('',(#1514),#1518);
#1514 = LINE('',#1515,#1516);
#1515 = CARTESIAN_POINT('',(0.,0.64));
#1516 = VECTOR('',#1517,1.);
#1517 = DIRECTION('',(1.,0.));
#1518 = ( GEOMETRIC_REPRESENTATION_CONTEXT(2) 
PARAMETRIC_REPRESENTATION_CONTEXT() REPRESENTATION_CONTEXT('2D SPACE',''
  ) );
#1519 = ORIENTED_EDGE('',*,*,#1295,.T.);
#1520 = ORIENTED_EDGE('',*,*,#1521,.T.);
#1521 = EDGE_CURVE('',#1296,#1406,#1522,.T.);
#1522 = SURFACE_CURVE('',#1523,(#1527,#1534),.PCURVE_S1.);
#1523 = LINE('',#1524,#1525);
#1524 = CARTESIAN_POINT('',(-0.32,0.32,9.95));
#1525 = VECTOR('',#1526,1.);
#1526 = DIRECTION('',(1.,0.,-0.));
#1527 = PCURVE('',#1311,#1528);
#1528 = DEFINITIONAL_REPRESENTATION('',(#1529),#1533);
#1529 = LINE('',#1530,#1531);
#1530 = CARTESIAN_POINT('',(12.79,0.));
#1531 = VECTOR('',#1532,1.);
#1532 = DIRECTION('',(0.,1.));
#1533 = ( GEOMETRIC_REPRESENTATION_CONTEXT(2) 
PARAMETRIC_REPRESENTATION_CONTEXT() REPRESENTATION_CONTEXT('2D SPACE',''
  ) );
#1534 = PCURVE('',#1337,#1535);
#1535 = DEFINITIONAL_REPRESENTATION('',(#1536),#1540);
#1536 = LINE('',#1537,#1538);
#1537 = CARTESIAN_POINT('',(0.,0.64));
#1538 = VECTOR('',#1539,1.);
#1539 = DIRECTION('',(1.,0.));
#1540 = ( GEOMETRIC_REPRESENTATION_CONTEXT(2) 
PARAMETRIC_REPRESENTATION_CONTEXT() REPRESENTATION_CONTEXT('2D SPACE',''
  ) );
#1541 = ORIENTED_EDGE('',*,*,#1405,.F.);
#1542 = ADVANCED_FACE('',(#1543),#1283,.F.);
#1543 = FACE_BOUND('',#1544,.F.);
#1544 = EDGE_LOOP('',(#1545,#1546,#1547,#1548));
#1545 = ORIENTED_EDGE('',*,*,#1267,.F.);
#1546 = ORIENTED_EDGE('',*,*,#1452,.T.);
#1547 = ORIENTED_EDGE('',*,*,#1382,.T.);
#1548 = ORIENTED_EDGE('',*,*,#1499,.F.);
#1549 = ADVANCED_FACE('',(#1550),#1337,.T.);
#1550 = FACE_BOUND('',#1551,.T.);
#1551 = EDGE_LOOP('',(#1552,#1553,#1554,#1555));
#1552 = ORIENTED_EDGE('',*,*,#1323,.F.);
#1553 = ORIENTED_EDGE('',*,*,#1474,.T.);
#1554 = ORIENTED_EDGE('',*,*,#1428,.T.);
#1555 = ORIENTED_EDGE('',*,*,#1521,.F.);
#1556 = ( GEOMETRIC_REPRESENTATION_CONTEXT(3) 
GLOBAL_UNCERTAINTY_ASSIGNED_CONTEXT((#1560)) 
GLOBAL_UNIT_ASSIGNED_CONTEXT((#1557,#1558,#1559)) REPRESENTATION_CONTEXT
('Context #1','3D Context with UNIT and UNCERTAINTY') );
#1557 = ( LENGTH_UNIT() NAMED_UNIT(*) SI_UNIT(.MILLI.,.METRE.) );
#1558 = ( NAMED_UNIT(*) PLANE_ANGLE_UNIT() SI_UNIT($,.RADIAN.) );
#1559 = ( NAMED_UNIT(*) SI_UNIT($,.STERADIAN.) SOLID_ANGLE_UNIT() );
#1560 = UNCERTAINTY_MEASURE_WITH_UNIT(LENGTH_MEASURE(1.E-07),#1557,
  'distance_accuracy_value','confusion accuracy');
#1561 = CONTEXT_DEPENDENT_SHAPE_REPRESENTATION(#1562,#1564);
#1562 = ( REPRESENTATION_RELATIONSHIP('','',#1225,#10) 
REPRESENTATION_RELATIONSHIP_WITH_TRANSFORMATION(#1563) 
SHAPE_REPRESENTATION_RELATIONSHIP() );
#1563 = ITEM_DEFINED_TRANSFORMATION('','',#11,#19);
#1564 = PRODUCT_DEFINITION_SHAPE('Placement','Placement of an item',
  #1565);
#1565 = NEXT_ASSEMBLY_USAGE_OCCURRENCE('296','','',#5,#1220,$);
#1566 = PRODUCT_RELATED_PRODUCT_CATEGORY('part',$,(#1222));
#1567 = SHAPE_DEFINITION_REPRESENTATION(#1568,#1574);
#1568 = PRODUCT_DEFINITION_SHAPE('','',#1569);
#1569 = PRODUCT_DEFINITION('design','',#1570,#1573);
#1570 = PRODUCT_DEFINITION_FORMATION('','',#1571);
#1571 = PRODUCT('Open CASCADE STEP translator 7.9 22.3',
  'Open CASCADE STEP translator 7.9 22.3','',(#1572));
#1572 = PRODUCT_CONTEXT('',#2,'mechanical');
#1573 = PRODUCT_DEFINITION_CONTEXT('part definition',#2,'design');
#1574 = ADVANCED_BREP_SHAPE_REPRESENTATION('',(#11,#1575),#1905);
#1575 = MANIFOLD_SOLID_BREP('',#1576);
#1576 = CLOSED_SHELL('',(#1577,#1697,#1797,#1844,#1891,#1898));
#1577 = ADVANCED_FACE('',(#1578),#1592,.F.);
#1578 = FACE_BOUND('',#1579,.F.);
#1579 = EDGE_LOOP('',(#1580,#1615,#1643,#1671));
#1580 = ORIENTED_EDGE('',*,*,#1581,.F.);
#1581 = EDGE_CURVE('',#1582,#1584,#1586,.T.);
#1582 = VERTEX_POINT('',#1583);
#1583 = CARTESIAN_POINT('',(2.22,-0.32,-2.84));
#1584 = VERTEX_POINT('',#1585);
#1585 = CARTESIAN_POINT('',(2.22,-0.32,9.95));
#1586 = SURFACE_CURVE('',#1587,(#1591,#1603),.PCURVE_S1.);
#1587 = LINE('',#1588,#1589);
#1588 = CARTESIAN_POINT('',(2.22,-0.32,-2.84));
#1589 = VECTOR('',#1590,1.);
#1590 = DIRECTION('',(0.,0.,1.));
#1591 = PCURVE('',#1592,#1597);
#1592 = PLANE('',#1593);
#1593 = AXIS2_PLACEMENT_3D('',#1594,#1595,#1596);
#1594 = CARTESIAN_POINT('',(2.22,-0.32,-2.84));
#1595 = DIRECTION('',(1.,0.,-0.));
#1596 = DIRECTION('',(0.,0.,1.));
#1597 = DEFINITIONAL_REPRESENTATION('',(#1598),#1602);
#1598 = LINE('',#1599,#1600);
#1599 = CARTESIAN_POINT('',(0.,0.));
#1600 = VECTOR('',#1601,1.);
#1601 = DIRECTION('',(1.,0.));
#1602 = ( GEOMETRIC_REPRESENTATION_CONTEXT(2) 
PARAMETRIC_REPRESENTATION_CONTEXT() REPRESENTATION_CONTEXT('2D SPACE',''
  ) );
#1603 = PCURVE('',#1604,#1609);
#1604 = PLANE('',#1605);
#1605 = AXIS2_PLACEMENT_3D('',#1606,#1607,#1608);
#1606 = CARTESIAN_POINT('',(2.22,-0.32,-2.84));
#1607 = DIRECTION('',(-0.,1.,0.));
#1608 = DIRECTION('',(0.,0.,1.));
#1609 = DEFINITIONAL_REPRESENTATION('',(#1610),#1614);
#1610 = LINE('',#1611,#1612);
#1611 = CARTESIAN_POINT('',(0.,0.));
#1612 = VECTOR('',#1613,1.);
#1613 = DIRECTION('',(1.,0.));
#1614 = ( GEOMETRIC_REPRESENTATION_CONTEXT(2) 
PARAMETRIC_REPRESENTATION_CONTEXT() REPRESENTATION_CONTEXT('2D SPACE',''
  ) );
#1615 = ORIENTED_EDGE('',*,*,#1616,.T.);
#1616 = EDGE_CURVE('',#1582,#1617,#1619,.T.);
#1617 = VERTEX_POINT('',#1618);
#1618 = CARTESIAN_POINT('',(2.22,0.32,-2.84));
#1619 = SURFACE_CURVE('',#1620,(#1624,#1631),.PCURVE_S1.);
#1620 = LINE('',#1621,#1622);
#1621 = CARTESIAN_POINT('',(2.22,-0.32,-2.84));
#1622 = VECTOR('',#1623,1.);
#1623 = DIRECTION('',(-0.,1.,0.));
#1624 = PCURVE('',#1592,#1625);
#1625 = DEFINITIONAL_REPRESENTATION('',(#1626),#1630);
#1626 = LINE('',#1627,#1628);
#1627 = CARTESIAN_POINT('',(0.,0.));
#1628 = VECTOR('',#1629,1.);
#1629 = DIRECTION('',(0.,-1.));
#1630 = ( GEOMETRIC_REPRESENTATION_CONTEXT(2) 
PARAMETRIC_REPRESENTATION_CONTEXT() REPRESENTATION_CONTEXT('2D SPACE',''
  ) );
#1631 = PCURVE('',#1632,#1637);
#1632 = PLANE('',#1633);
#1633 = AXIS2_PLACEMENT_3D('',#1634,#1635,#1636);
#1634 = CARTESIAN_POINT('',(2.22,-0.32,-2.84));
#1635 = DIRECTION('',(0.,0.,1.));
#1636 = DIRECTION('',(1.,0.,-0.));
#1637 = DEFINITIONAL_REPRESENTATION('',(#1638),#1642);
#1638 = LINE('',#1639,#1640);
#1639 = CARTESIAN_POINT('',(0.,0.));
#1640 = VECTOR('',#1641,1.);
#1641 = DIRECTION('',(0.,1.));
#1642 = ( GEOMETRIC_REPRESENTATION_CONTEXT(2) 
PARAMETRIC_REPRESENTATION_CONTEXT() REPRESENTATION_CONTEXT('2D SPACE',''
  ) );
#1643 = ORIENTED_EDGE('',*,*,#1644,.T.);
#1644 = EDGE_CURVE('',#1617,#1645,#1647,.T.);
#1645 = VERTEX_POINT('',#1646);
#1646 = CARTESIAN_POINT('',(2.22,0.32,9.95));
#1647 = SURFACE_CURVE('',#1648,(#1652,#1659),.PCURVE_S1.);
#1648 = LINE('',#1649,#1650);
#1649 = CARTESIAN_POINT('',(2.22,0.32,-2.84));
#1650 = VECTOR('',#1651,1.);
#1651 = DIRECTION('',(0.,0.,1.));
#1652 = PCURVE('',#1592,#1653);
#1653 = DEFINITIONAL_REPRESENTATION('',(#1654),#1658);
#1654 = LINE('',#1655,#1656);
#1655 = CARTESIAN_POINT('',(0.,-0.64));
#1656 = VECTOR('',#1657,1.);
#1657 = DIRECTION('',(1.,0.));
#1658 = ( GEOMETRIC_REPRESENTATION_CONTEXT(2) 
PARAMETRIC_REPRESENTATION_CONTEXT() REPRESENTATION_CONTEXT('2D SPACE',''
  ) );
#1659 = PCURVE('',#1660,#1665);
#1660 = PLANE('',#1661);
#1661 = AXIS2_PLACEMENT_3D('',#1662,#1663,#1664);
#1662 = CARTESIAN_POINT('',(2.22,0.32,-2.84));
#1663 = DIRECTION('',(-0.,1.,0.));
#1664 = DIRECTION('',(0.,0.,1.));
#1665 = DEFINITIONAL_REPRESENTATION('',(#1666),#1670);
#1666 = LINE('',#1667,#1668);
#1667 = CARTESIAN_POINT('',(0.,0.));
#1668 = VECTOR('',#1669,1.);
#1669 = DIRECTION('',(1.,0.));
#1670 = ( GEOMETRIC_REPRESENTATION_CONTEXT(2) 
PARAMETRIC_REPRESENTATION_CONTEXT() REPRESENTATION_CONTEXT('2D SPACE',''
  ) );
#1671 = ORIENTED_EDGE('',*,*,#1672,.F.);
#1672 = EDGE_CURVE('',#1584,#1645,#1673,.T.);
#1673 = SURFACE_CURVE('',#1674,(#1678,#1685),.PCURVE_S1.);
#1674 = LINE('',#1675,#1676);
#1675 = CARTESIAN_POINT('',(2.22,-0.32,9.95));
#1676 = VECTOR('',#1677,1.);
#1677 = DIRECTION('',(-0.,1.,0.));
#1678 = PCURVE('',#1592,#1679);
#1679 = DEFINITIONAL_REPRESENTATION('',(#1680),#1684);
#1680 = LINE('',#1681,#1682);
#1681 = CARTESIAN_POINT('',(12.79,0.));
#1682 = VECTOR('',#1683,1.);
#1683 = DIRECTION('',(0.,-1.));
#1684 = ( GEOMETRIC_REPRESENTATION_CONTEXT(2) 
PARAMETRIC_REPRESENTATION_CONTEXT() REPRESENTATION_CONTEXT('2D SPACE',''
  ) );
#1685 = PCURVE('',#1686,#1691);
#1686 = PLANE('',#1687);
#1687 = AXIS2_PLACEMENT_3D('',#1688,#1689,#1690);
#1688 = CARTESIAN_POINT('',(2.22,-0.32,9.95));
#1689 = DIRECTION('',(0.,0.,1.));
#1690 = DIRECTION('',(1.,0.,-0.));
#1691 = DEFINITIONAL_REPRESENTATION('',(#1692),#1696);
#1692 = LINE('',#1693,#1694);
#1693 = CARTESIAN_POINT('',(0.,0.));
#1694 = VECTOR('',#1695,1.);
#1695 = DIRECTION('',(0.,1.));
#1696 = ( GEOMETRIC_REPRESENTATION_CONTEXT(2) 
PARAMETRIC_REPRESENTATION_CONTEXT() REPRESENTATION_CONTEXT('2D SPACE',''
  ) );
#1697 = ADVANCED_FACE('',(#1698),#1712,.T.);
#1698 = FACE_BOUND('',#1699,.T.);
#1699 = EDGE_LOOP('',(#1700,#1730,#1753,#1776));
#1700 = ORIENTED_EDGE('',*,*,#1701,.F.);
#1701 = EDGE_CURVE('',#1702,#1704,#1706,.T.);
#1702 = VERTEX_POINT('',#1703);
#1703 = CARTESIAN_POINT('',(2.86,-0.32,-2.84));
#1704 = VERTEX_POINT('',#1705);
#1705 = CARTESIAN_POINT('',(2.86,-0.32,9.95));
#1706 = SURFACE_CURVE('',#1707,(#1711,#1723),.PCURVE_S1.);
#1707 = LINE('',#1708,#1709);
#1708 = CARTESIAN_POINT('',(2.86,-0.32,-2.84));
#1709 = VECTOR('',#1710,1.);
#1710 = DIRECTION('',(0.,0.,1.));
#1711 = PCURVE('',#1712,#1717);
#1712 = PLANE('',#1713);
#1713 = AXIS2_PLACEMENT_3D('',#1714,#1715,#1716);
#1714 = CARTESIAN_POINT('',(2.86,-0.32,-2.84));
#1715 = DIRECTION('',(1.,0.,-0.));
#1716 = DIRECTION('',(0.,0.,1.));
#1717 = DEFINITIONAL_REPRESENTATION('',(#1718),#1722);
#1718 = LINE('',#1719,#1720);
#1719 = CARTESIAN_POINT('',(0.,0.));
#1720 = VECTOR('',#1721,1.);
#1721 = DIRECTION('',(1.,0.));
#1722 = ( GEOMETRIC_REPRESENTATION_CONTEXT(2) 
PARAMETRIC_REPRESENTATION_CONTEXT() REPRESENTATION_CONTEXT('2D SPACE',''
  ) );
#1723 = PCURVE('',#1604,#1724);
#1724 = DEFINITIONAL_REPRESENTATION('',(#1725),#1729);
#1725 = LINE('',#1726,#1727);
#1726 = CARTESIAN_POINT('',(0.,0.64));
#1727 = VECTOR('',#1728,1.);
#1728 = DIRECTION('',(1.,0.));
#1729 = ( GEOMETRIC_REPRESENTATION_CONTEXT(2) 
PARAMETRIC_REPRESENTATION_CONTEXT() REPRESENTATION_CONTEXT('2D SPACE',''
  ) );
#1730 = ORIENTED_EDGE('',*,*,#1731,.T.);
#1731 = EDGE_CURVE('',#1702,#1732,#1734,.T.);
#1732 = VERTEX_POINT('',#1733);
#1733 = CARTESIAN_POINT('',(2.86,0.32,-2.84));
#1734 = SURFACE_CURVE('',#1735,(#1739,#1746),.PCURVE_S1.);
#1735 = LINE('',#1736,#1737);
#1736 = CARTESIAN_POINT('',(2.86,-0.32,-2.84));
#1737 = VECTOR('',#1738,1.);
#1738 = DIRECTION('',(-0.,1.,0.));
#1739 = PCURVE('',#1712,#1740);
#1740 = DEFINITIONAL_REPRESENTATION('',(#1741),#1745);
#1741 = LINE('',#1742,#1743);
#1742 = CARTESIAN_POINT('',(0.,0.));
#1743 = VECTOR('',#1744,1.);
#1744 = DIRECTION('',(0.,-1.));
#1745 = ( GEOMETRIC_REPRESENTATION_CONTEXT(2) 
PARAMETRIC_REPRESENTATION_CONTEXT() REPRESENTATION_CONTEXT('2D SPACE',''
  ) );
#1746 = PCURVE('',#1632,#1747);
#1747 = DEFINITIONAL_REPRESENTATION('',(#1748),#1752);
#1748 = LINE('',#1749,#1750);
#1749 = CARTESIAN_POINT('',(0.64,0.));
#1750 = VECTOR('',#1751,1.);
#1751 = DIRECTION('',(0.,1.));
#1752 = ( GEOMETRIC_REPRESENTATION_CONTEXT(2) 
PARAMETRIC_REPRESENTATION_CONTEXT() REPRESENTATION_CONTEXT('2D SPACE',''
  ) );
#1753 = ORIENTED_EDGE('',*,*,#1754,.T.);
#1754 = EDGE_CURVE('',#1732,#1755,#1757,.T.);
#1755 = VERTEX_POINT('',#1756);
#1756 = CARTESIAN_POINT('',(2.86,0.32,9.95));
#1757 = SURFACE_CURVE('',#1758,(#1762,#1769),.PCURVE_S1.);
#1758 = LINE('',#1759,#1760);
#1759 = CARTESIAN_POINT('',(2.86,0.32,-2.84));
#1760 = VECTOR('',#1761,1.);
#1761 = DIRECTION('',(0.,0.,1.));
#1762 = PCURVE('',#1712,#1763);
#1763 = DEFINITIONAL_REPRESENTATION('',(#1764),#1768);
#1764 = LINE('',#1765,#1766);
#1765 = CARTESIAN_POINT('',(0.,-0.64));
#1766 = VECTOR('',#1767,1.);
#1767 = DIRECTION('',(1.,0.));
#1768 = ( GEOMETRIC_REPRESENTATION_CONTEXT(2) 
PARAMETRIC_REPRESENTATION_CONTEXT() REPRESENTATION_CONTEXT('2D SPACE',''
  ) );
#1769 = PCURVE('',#1660,#1770);
#1770 = DEFINITIONAL_REPRESENTATION('',(#1771),#1775);
#1771 = LINE('',#1772,#1773);
#1772 = CARTESIAN_POINT('',(0.,0.64));
#1773 = VECTOR('',#1774,1.);
#1774 = DIRECTION('',(1.,0.));
#1775 = ( GEOMETRIC_REPRESENTATION_CONTEXT(2) 
PARAMETRIC_REPRESENTATION_CONTEXT() REPRESENTATION_CONTEXT('2D SPACE',''
  ) );
#1776 = ORIENTED_EDGE('',*,*,#1777,.F.);
#1777 = EDGE_CURVE('',#1704,#1755,#1778,.T.);
#1778 = SURFACE_CURVE('',#1779,(#1783,#1790),.PCURVE_S1.);
#1779 = LINE('',#1780,#1781);
#1780 = CARTESIAN_POINT('',(2.86,-0.32,9.95));
#1781 = VECTOR('',#1782,1.);
#1782 = DIRECTION('',(-0.,1.,0.));
#1783 = PCURVE('',#1712,#1784);
#1784 = DEFINITIONAL_REPRESENTATION('',(#1785),#1789);
#1785 = LINE('',#1786,#1787);
#1786 = CARTESIAN_POINT('',(12.79,0.));
#1787 = VECTOR('',#1788,1.);
#1788 = DIRECTION('',(0.,-1.));
#1789 = ( GEOMETRIC_REPRESENTATION_CONTEXT(2) 
PARAMETRIC_REPRESENTATION_CONTEXT() REPRESENTATION_CONTEXT('2D SPACE',''
  ) );
#1790 = PCURVE('',#1686,#1791);
#1791 = DEFINITIONAL_REPRESENTATION('',(#1792),#1796);
#1792 = LINE('',#1793,#1794);
#1793 = CARTESIAN_POINT('',(0.64,0.));
#1794 = VECTOR('',#1795,1.);
#1795 = DIRECTION('',(0.,1.));
#1796 = ( GEOMETRIC_REPRESENTATION_CONTEXT(2) 
PARAMETRIC_REPRESENTATION_CONTEXT() REPRESENTATION_CONTEXT('2D SPACE',''
  ) );
#1797 = ADVANCED_FACE('',(#1798),#1604,.F.);
#1798 = FACE_BOUND('',#1799,.F.);
#1799 = EDGE_LOOP('',(#1800,#1821,#1822,#1843));
#1800 = ORIENTED_EDGE('',*,*,#1801,.F.);
#1801 = EDGE_CURVE('',#1582,#1702,#1802,.T.);
#1802 = SURFACE_CURVE('',#1803,(#1807,#1814),.PCURVE_S1.);
#1803 = LINE('',#1804,#1805);
#1804 = CARTESIAN_POINT('',(2.22,-0.32,-2.84));
#1805 = VECTOR('',#1806,1.);
#1806 = DIRECTION('',(1.,0.,-0.));
#1807 = PCURVE('',#1604,#1808);
#1808 = DEFINITIONAL_REPRESENTATION('',(#1809),#1813);
#1809 = LINE('',#1810,#1811);
#1810 = CARTESIAN_POINT('',(0.,0.));
#1811 = VECTOR('',#1812,1.);
#1812 = DIRECTION('',(0.,1.));
#1813 = ( GEOMETRIC_REPRESENTATION_CONTEXT(2) 
PARAMETRIC_REPRESENTATION_CONTEXT() REPRESENTATION_CONTEXT('2D SPACE',''
  ) );
#1814 = PCURVE('',#1632,#1815);
#1815 = DEFINITIONAL_REPRESENTATION('',(#1816),#1820);
#1816 = LINE('',#1817,#1818);
#1817 = CARTESIAN_POINT('',(0.,0.));
#1818 = VECTOR('',#1819,1.);
#1819 = DIRECTION('',(1.,0.));
#1820 = ( GEOMETRIC_REPRESENTATION_CONTEXT(2) 
PARAMETRIC_REPRESENTATION_CONTEXT() REPRESENTATION_CONTEXT('2D SPACE',''
  ) );
#1821 = ORIENTED_EDGE('',*,*,#1581,.T.);
#1822 = ORIENTED_EDGE('',*,*,#1823,.T.);
#1823 = EDGE_CURVE('',#1584,#1704,#1824,.T.);
#1824 = SURFACE_CURVE('',#1825,(#1829,#1836),.PCURVE_S1.);
#1825 = LINE('',#1826,#1827);
#1826 = CARTESIAN_POINT('',(2.22,-0.32,9.95));
#1827 = VECTOR('',#1828,1.);
#1828 = DIRECTION('',(1.,0.,-0.));
#1829 = PCURVE('',#1604,#1830);
#1830 = DEFINITIONAL_REPRESENTATION('',(#1831),#1835);
#1831 = LINE('',#1832,#1833);
#1832 = CARTESIAN_POINT('',(12.79,0.));
#1833 = VECTOR('',#1834,1.);
#1834 = DIRECTION('',(0.,1.));
#1835 = ( GEOMETRIC_REPRESENTATION_CONTEXT(2) 
PARAMETRIC_REPRESENTATION_CONTEXT() REPRESENTATION_CONTEXT('2D SPACE',''
  ) );
#1836 = PCURVE('',#1686,#1837);
#1837 = DEFINITIONAL_REPRESENTATION('',(#1838),#1842);
#1838 = LINE('',#1839,#1840);
#1839 = CARTESIAN_POINT('',(0.,0.));
#1840 = VECTOR('',#1841,1.);
#1841 = DIRECTION('',(1.,0.));
#1842 = ( GEOMETRIC_REPRESENTATION_CONTEXT(2) 
PARAMETRIC_REPRESENTATION_CONTEXT() REPRESENTATION_CONTEXT('2D SPACE',''
  ) );
#1843 = ORIENTED_EDGE('',*,*,#1701,.F.);
#1844 = ADVANCED_FACE('',(#1845),#1660,.T.);
#1845 = FACE_BOUND('',#1846,.T.);
#1846 = EDGE_LOOP('',(#1847,#1868,#1869,#1890));
#1847 = ORIENTED_EDGE('',*,*,#1848,.F.);
#1848 = EDGE_CURVE('',#1617,#1732,#1849,.T.);
#1849 = SURFACE_CURVE('',#1850,(#1854,#1861),.PCURVE_S1.);
#1850 = LINE('',#1851,#1852);
#1851 = CARTESIAN_POINT('',(2.22,0.32,-2.84));
#1852 = VECTOR('',#1853,1.);
#1853 = DIRECTION('',(1.,0.,-0.));
#1854 = PCURVE('',#1660,#1855);
#1855 = DEFINITIONAL_REPRESENTATION('',(#1856),#1860);
#1856 = LINE('',#1857,#1858);
#1857 = CARTESIAN_POINT('',(0.,0.));
#1858 = VECTOR('',#1859,1.);
#1859 = DIRECTION('',(0.,1.));
#1860 = ( GEOMETRIC_REPRESENTATION_CONTEXT(2) 
PARAMETRIC_REPRESENTATION_CONTEXT() REPRESENTATION_CONTEXT('2D SPACE',''
  ) );
#1861 = PCURVE('',#1632,#1862);
#1862 = DEFINITIONAL_REPRESENTATION('',(#1863),#1867);
#1863 = LINE('',#1864,#1865);
#1864 = CARTESIAN_POINT('',(0.,0.64));
#1865 = VECTOR('',#1866,1.);
#1866 = DIRECTION('',(1.,0.));
#1867 = ( GEOMETRIC_REPRESENTATION_CONTEXT(2) 
PARAMETRIC_REPRESENTATION_CONTEXT() REPRESENTATION_CONTEXT('2D SPACE',''
  ) );
#1868 = ORIENTED_EDGE('',*,*,#1644,.T.);
#1869 = ORIENTED_EDGE('',*,*,#1870,.T.);
#1870 = EDGE_CURVE('',#1645,#1755,#1871,.T.);
#1871 = SURFACE_CURVE('',#1872,(#1876,#1883),.PCURVE_S1.);
#1872 = LINE('',#1873,#1874);
#1873 = CARTESIAN_POINT('',(2.22,0.32,9.95));
#1874 = VECTOR('',#1875,1.);
#1875 = DIRECTION('',(1.,0.,-0.));
#1876 = PCURVE('',#1660,#1877);
#1877 = DEFINITIONAL_REPRESENTATION('',(#1878),#1882);
#1878 = LINE('',#1879,#1880);
#1879 = CARTESIAN_POINT('',(12.79,0.));
#1880 = VECTOR('',#1881,1.);
#1881 = DIRECTION('',(0.,1.));
#1882 = ( GEOMETRIC_REPRESENTATION_CONTEXT(2) 
PARAMETRIC_REPRESENTATION_CONTEXT() REPRESENTATION_CONTEXT('2D SPACE',''
  ) );
#1883 = PCURVE('',#1686,#1884);
#1884 = DEFINITIONAL_REPRESENTATION('',(#1885),#1889);
#1885 = LINE('',#1886,#1887);
#1886 = CARTESIAN_POINT('',(0.,0.64));
#1887 = VECTOR('',#1888,1.);
#1888 = DIRECTION('',(1.,0.));
#1889 = ( GEOMETRIC_REPRESENTATION_CONTEXT(2) 
PARAMETRIC_REPRESENTATION_CONTEXT() REPRESENTATION_CONTEXT('2D SPACE',''
  ) );
#1890 = ORIENTED_EDGE('',*,*,#1754,.F.);
#1891 = ADVANCED_FACE('',(#1892),#1632,.F.);
#1892 = FACE_BOUND('',#1893,.F.);
#1893 = EDGE_LOOP('',(#1894,#1895,#1896,#1897));
#1894 = ORIENTED_EDGE('',*,*,#1616,.F.);
#1895 = ORIENTED_EDGE('',*,*,#1801,.T.);
#1896 = ORIENTED_EDGE('',*,*,#1731,.T.);
#1897 = ORIENTED_EDGE('',*,*,#1848,.F.);
#1898 = ADVANCED_FACE('',(#1899),#1686,.T.);
#1899 = FACE_BOUND('',#1900,.T.);
#1900 = EDGE_LOOP('',(#1901,#1902,#1903,#1904));
#1901 = ORIENTED_EDGE('',*,*,#1672,.F.);
#1902 = ORIENTED_EDGE('',*,*,#1823,.T.);
#1903 = ORIENTED_EDGE('',*,*,#1777,.T.);
#1904 = ORIENTED_EDGE('',*,*,#1870,.F.);
#1905 = ( GEOMETRIC_REPRESENTATION_CONTEXT(3) 
GLOBAL_UNCERTAINTY_ASSIGNED_CONTEXT((#1909)) 
GLOBAL_UNIT_ASSIGNED_CONTEXT((#1906,#1907,#1908)) REPRESENTATION_CONTEXT
('Context #1','3D Context with UNIT and UNCERTAINTY') );
#1906 = ( LENGTH_UNIT() NAMED_UNIT(*) SI_UNIT(.MILLI.,.METRE.) );
#1907 = ( NAMED_UNIT(*) PLANE_ANGLE_UNIT() SI_UNIT($,.RADIAN.) );
#1908 = ( NAMED_UNIT(*) SI_UNIT($,.STERADIAN.) SOLID_ANGLE_UNIT() );
#1909 = UNCERTAINTY_MEASURE_WITH_UNIT(LENGTH_MEASURE(1.E-07),#1906,
  'distance_accuracy_value','confusion accuracy');
#1910 = CONTEXT_DEPENDENT_SHAPE_REPRESENTATION(#1911,#1913);
#1911 = ( REPRESENTATION_RELATIONSHIP('','',#1574,#10) 
REPRESENTATION_RELATIONSHIP_WITH_TRANSFORMATION(#1912) 
SHAPE_REPRESENTATION_RELATIONSHIP() );
#1912 = ITEM_DEFINED_TRANSFORMATION('','',#11,#23);
#1913 = PRODUCT_DEFINITION_SHAPE('Placement','Placement of an item',
  #1914);
#1914 = NEXT_ASSEMBLY_USAGE_OCCURRENCE('297','','',#5,#1569,$);
#1915 = PRODUCT_RELATED_PRODUCT_CATEGORY('part',$,(#1571));
#1916 = SHAPE_DEFINITION_REPRESENTATION(#1917,#1923);
#1917 = PRODUCT_DEFINITION_SHAPE('','',#1918);
#1918 = PRODUCT_DEFINITION('design','',#1919,#1922);
#1919 = PRODUCT_DEFINITION_FORMATION('','',#1920);
#1920 = PRODUCT('Open CASCADE STEP translator 7.9 22.4',
  'Open CASCADE STEP translator 7.9 22.4','',(#1921));
#1921 = PRODUCT_CONTEXT('',#2,'mechanical');
#1922 = PRODUCT_DEFINITION_CONTEXT('part definition',#2,'design');
#1923 = ADVANCED_BREP_SHAPE_REPRESENTATION('',(#11,#1924),#2254);
#1924 = MANIFOLD_SOLID_BREP('',#1925);
#1925 = CLOSED_SHELL('',(#1926,#2046,#2146,#2193,#2240,#2247));
#1926 = ADVANCED_FACE('',(#1927),#1941,.F.);
#1927 = FACE_BOUND('',#1928,.F.);
#1928 = EDGE_LOOP('',(#1929,#1964,#1992,#2020));
#1929 = ORIENTED_EDGE('',*,*,#1930,.F.);
#1930 = EDGE_CURVE('',#1931,#1933,#1935,.T.);
#1931 = VERTEX_POINT('',#1932);
#1932 = CARTESIAN_POINT('',(-0.32,-2.86,-2.84));
#1933 = VERTEX_POINT('',#1934);
#1934 = CARTESIAN_POINT('',(-0.32,-2.86,9.95));
#1935 = SURFACE_CURVE('',#1936,(#1940,#1952),.PCURVE_S1.);
#1936 = LINE('',#1937,#1938);
#1937 = CARTESIAN_POINT('',(-0.32,-2.86,-2.84));
#1938 = VECTOR('',#1939,1.);
#1939 = DIRECTION('',(0.,0.,1.));
#1940 = PCURVE('',#1941,#1946);
#1941 = PLANE('',#1942);
#1942 = AXIS2_PLACEMENT_3D('',#1943,#1944,#1945);
#1943 = CARTESIAN_POINT('',(-0.32,-2.86,-2.84));
#1944 = DIRECTION('',(1.,0.,-0.));
#1945 = DIRECTION('',(0.,0.,1.));
#1946 = DEFINITIONAL_REPRESENTATION('',(#1947),#1951);
#1947 = LINE('',#1948,#1949);
#1948 = CARTESIAN_POINT('',(0.,0.));
#1949 = VECTOR('',#1950,1.);
#1950 = DIRECTION('',(1.,0.));
#1951 = ( GEOMETRIC_REPRESENTATION_CONTEXT(2) 
PARAMETRIC_REPRESENTATION_CONTEXT() REPRESENTATION_CONTEXT('2D SPACE',''
  ) );
#1952 = PCURVE('',#1953,#1958);
#1953 = PLANE('',#1954);
#1954 = AXIS2_PLACEMENT_3D('',#1955,#1956,#1957);
#1955 = CARTESIAN_POINT('',(-0.32,-2.86,-2.84));
#1956 = DIRECTION('',(-0.,1.,0.));
#1957 = DIRECTION('',(0.,0.,1.));
#1958 = DEFINITIONAL_REPRESENTATION('',(#1959),#1963);
#1959 = LINE('',#1960,#1961);
#1960 = CARTESIAN_POINT('',(0.,0.));
#1961 = VECTOR('',#1962,1.);
#1962 = DIRECTION('',(1.,0.));
#1963 = ( GEOMETRIC_REPRESENTATION_CONTEXT(2) 
PARAMETRIC_REPRESENTATION_CONTEXT() REPRESENTATION_CONTEXT('2D SPACE',''
  ) );
#1964 = ORIENTED_EDGE('',*,*,#1965,.T.);
#1965 = EDGE_CURVE('',#1931,#1966,#1968,.T.);
#1966 = VERTEX_POINT('',#1967);
#1967 = CARTESIAN_POINT('',(-0.32,-2.22,-2.84));
#1968 = SURFACE_CURVE('',#1969,(#1973,#1980),.PCURVE_S1.);
#1969 = LINE('',#1970,#1971);
#1970 = CARTESIAN_POINT('',(-0.32,-2.86,-2.84));
#1971 = VECTOR('',#1972,1.);
#1972 = DIRECTION('',(-0.,1.,0.));
#1973 = PCURVE('',#1941,#1974);
#1974 = DEFINITIONAL_REPRESENTATION('',(#1975),#1979);
#1975 = LINE('',#1976,#1977);
#1976 = CARTESIAN_POINT('',(0.,0.));
#1977 = VECTOR('',#1978,1.);
#1978 = DIRECTION('',(0.,-1.));
#1979 = ( GEOMETRIC_REPRESENTATION_CONTEXT(2) 
PARAMETRIC_REPRESENTATION_CONTEXT() REPRESENTATION_CONTEXT('2D SPACE',''
  ) );
#1980 = PCURVE('',#1981,#1986);
#1981 = PLANE('',#1982);
#1982 = AXIS2_PLACEMENT_3D('',#1983,#1984,#1985);
#1983 = CARTESIAN_POINT('',(-0.32,-2.86,-2.84));
#1984 = DIRECTION('',(0.,0.,1.));
#1985 = DIRECTION('',(1.,0.,-0.));
#1986 = DEFINITIONAL_REPRESENTATION('',(#1987),#1991);
#1987 = LINE('',#1988,#1989);
#1988 = CARTESIAN_POINT('',(0.,0.));
#1989 = VECTOR('',#1990,1.);
#1990 = DIRECTION('',(0.,1.));
#1991 = ( GEOMETRIC_REPRESENTATION_CONTEXT(2) 
PARAMETRIC_REPRESENTATION_CONTEXT() REPRESENTATION_CONTEXT('2D SPACE',''
  ) );
#1992 = ORIENTED_EDGE('',*,*,#1993,.T.);
#1993 = EDGE_CURVE('',#1966,#1994,#1996,.T.);
#1994 = VERTEX_POINT('',#1995);
#1995 = CARTESIAN_POINT('',(-0.32,-2.22,9.95));
#1996 = SURFACE_CURVE('',#1997,(#2001,#2008),.PCURVE_S1.);
#1997 = LINE('',#1998,#1999);
#1998 = CARTESIAN_POINT('',(-0.32,-2.22,-2.84));
#1999 = VECTOR('',#2000,1.);
#2000 = DIRECTION('',(0.,0.,1.));
#2001 = PCURVE('',#1941,#2002);
#2002 = DEFINITIONAL_REPRESENTATION('',(#2003),#2007);
#2003 = LINE('',#2004,#2005);
#2004 = CARTESIAN_POINT('',(0.,-0.64));
#2005 = VECTOR('',#2006,1.);
#2006 = DIRECTION('',(1.,0.));
#2007 = ( GEOMETRIC_REPRESENTATION_CONTEXT(2) 
PARAMETRIC_REPRESENTATION_CONTEXT() REPRESENTATION_CONTEXT('2D SPACE',''
  ) );
#2008 = PCURVE('',#2009,#2014);
#2009 = PLANE('',#2010);
#2010 = AXIS2_PLACEMENT_3D('',#2011,#2012,#2013);
#2011 = CARTESIAN_POINT('',(-0.32,-2.22,-2.84));
#2012 = DIRECTION('',(-0.,1.,0.));
#2013 = DIRECTION('',(0.,0.,1.));
#2014 = DEFINITIONAL_REPRESENTATION('',(#2015),#2019);
#2015 = LINE('',#2016,#2017);
#2016 = CARTESIAN_POINT('',(0.,0.));
#2017 = VECTOR('',#2018,1.);
#2018 = DIRECTION('',(1.,0.));
#2019 = ( GEOMETRIC_REPRESENTATION_CONTEXT(2) 
PARAMETRIC_REPRESENTATION_CONTEXT() REPRESENTATION_CONTEXT('2D SPACE',''
  ) );
#2020 = ORIENTED_EDGE('',*,*,#2021,.F.);
#2021 = EDGE_CURVE('',#1933,#1994,#2022,.T.);
#2022 = SURFACE_CURVE('',#2023,(#2027,#2034),.PCURVE_S1.);
#2023 = LINE('',#2024,#2025);
#2024 = CARTESIAN_POINT('',(-0.32,-2.86,9.95));
#2025 = VECTOR('',#2026,1.);
#2026 = DIRECTION('',(-0.,1.,0.));
#2027 = PCURVE('',#1941,#2028);
#2028 = DEFINITIONAL_REPRESENTATION('',(#2029),#2033);
#2029 = LINE('',#2030,#2031);
#2030 = CARTESIAN_POINT('',(12.79,0.));
#2031 = VECTOR('',#2032,1.);
#2032 = DIRECTION('',(0.,-1.));
#2033 = ( GEOMETRIC_REPRESENTATION_CONTEXT(2) 
PARAMETRIC_REPRESENTATION_CONTEXT() REPRESENTATION_CONTEXT('2D SPACE',''
  ) );
#2034 = PCURVE('',#2035,#2040);
#2035 = PLANE('',#2036);
#2036 = AXIS2_PLACEMENT_3D('',#2037,#2038,#2039);
#2037 = CARTESIAN_POINT('',(-0.32,-2.86,9.95));
#2038 = DIRECTION('',(0.,0.,1.));
#2039 = DIRECTION('',(1.,0.,-0.));
#2040 = DEFINITIONAL_REPRESENTATION('',(#2041),#2045);
#2041 = LINE('',#2042,#2043);
#2042 = CARTESIAN_POINT('',(0.,0.));
#2043 = VECTOR('',#2044,1.);
#2044 = DIRECTION('',(0.,1.));
#2045 = ( GEOMETRIC_REPRESENTATION_CONTEXT(2) 
PARAMETRIC_REPRESENTATION_CONTEXT() REPRESENTATION_CONTEXT('2D SPACE',''
  ) );
#2046 = ADVANCED_FACE('',(#2047),#2061,.T.);
#2047 = FACE_BOUND('',#2048,.T.);
#2048 = EDGE_LOOP('',(#2049,#2079,#2102,#2125));
#2049 = ORIENTED_EDGE('',*,*,#2050,.F.);
#2050 = EDGE_CURVE('',#2051,#2053,#2055,.T.);
#2051 = VERTEX_POINT('',#2052);
#2052 = CARTESIAN_POINT('',(0.32,-2.86,-2.84));
#2053 = VERTEX_POINT('',#2054);
#2054 = CARTESIAN_POINT('',(0.32,-2.86,9.95));
#2055 = SURFACE_CURVE('',#2056,(#2060,#2072),.PCURVE_S1.);
#2056 = LINE('',#2057,#2058);
#2057 = CARTESIAN_POINT('',(0.32,-2.86,-2.84));
#2058 = VECTOR('',#2059,1.);
#2059 = DIRECTION('',(0.,0.,1.));
#2060 = PCURVE('',#2061,#2066);
#2061 = PLANE('',#2062);
#2062 = AXIS2_PLACEMENT_3D('',#2063,#2064,#2065);
#2063 = CARTESIAN_POINT('',(0.32,-2.86,-2.84));
#2064 = DIRECTION('',(1.,0.,-0.));
#2065 = DIRECTION('',(0.,0.,1.));
#2066 = DEFINITIONAL_REPRESENTATION('',(#2067),#2071);
#2067 = LINE('',#2068,#2069);
#2068 = CARTESIAN_POINT('',(0.,0.));
#2069 = VECTOR('',#2070,1.);
#2070 = DIRECTION('',(1.,0.));
#2071 = ( GEOMETRIC_REPRESENTATION_CONTEXT(2) 
PARAMETRIC_REPRESENTATION_CONTEXT() REPRESENTATION_CONTEXT('2D SPACE',''
  ) );
#2072 = PCURVE('',#1953,#2073);
#2073 = DEFINITIONAL_REPRESENTATION('',(#2074),#2078);
#2074 = LINE('',#2075,#2076);
#2075 = CARTESIAN_POINT('',(0.,0.64));
#2076 = VECTOR('',#2077,1.);
#2077 = DIRECTION('',(1.,0.));
#2078 = ( GEOMETRIC_REPRESENTATION_CONTEXT(2) 
PARAMETRIC_REPRESENTATION_CONTEXT() REPRESENTATION_CONTEXT('2D SPACE',''
  ) );
#2079 = ORIENTED_EDGE('',*,*,#2080,.T.);
#2080 = EDGE_CURVE('',#2051,#2081,#2083,.T.);
#2081 = VERTEX_POINT('',#2082);
#2082 = CARTESIAN_POINT('',(0.32,-2.22,-2.84));
#2083 = SURFACE_CURVE('',#2084,(#2088,#2095),.PCURVE_S1.);
#2084 = LINE('',#2085,#2086);
#2085 = CARTESIAN_POINT('',(0.32,-2.86,-2.84));
#2086 = VECTOR('',#2087,1.);
#2087 = DIRECTION('',(-0.,1.,0.));
#2088 = PCURVE('',#2061,#2089);
#2089 = DEFINITIONAL_REPRESENTATION('',(#2090),#2094);
#2090 = LINE('',#2091,#2092);
#2091 = CARTESIAN_POINT('',(0.,0.));
#2092 = VECTOR('',#2093,1.);
#2093 = DIRECTION('',(0.,-1.));
#2094 = ( GEOMETRIC_REPRESENTATION_CONTEXT(2) 
PARAMETRIC_REPRESENTATION_CONTEXT() REPRESENTATION_CONTEXT('2D SPACE',''
  ) );
#2095 = PCURVE('',#1981,#2096);
#2096 = DEFINITIONAL_REPRESENTATION('',(#2097),#2101);
#2097 = LINE('',#2098,#2099);
#2098 = CARTESIAN_POINT('',(0.64,0.));
#2099 = VECTOR('',#2100,1.);
#2100 = DIRECTION('',(0.,1.));
#2101 = ( GEOMETRIC_REPRESENTATION_CONTEXT(2) 
PARAMETRIC_REPRESENTATION_CONTEXT() REPRESENTATION_CONTEXT('2D SPACE',''
  ) );
#2102 = ORIENTED_EDGE('',*,*,#2103,.T.);
#2103 = EDGE_CURVE('',#2081,#2104,#2106,.T.);
#2104 = VERTEX_POINT('',#2105);
#2105 = CARTESIAN_POINT('',(0.32,-2.22,9.95));
#2106 = SURFACE_CURVE('',#2107,(#2111,#2118),.PCURVE_S1.);
#2107 = LINE('',#2108,#2109);
#2108 = CARTESIAN_POINT('',(0.32,-2.22,-2.84));
#2109 = VECTOR('',#2110,1.);
#2110 = DIRECTION('',(0.,0.,1.));
#2111 = PCURVE('',#2061,#2112);
#2112 = DEFINITIONAL_REPRESENTATION('',(#2113),#2117);
#2113 = LINE('',#2114,#2115);
#2114 = CARTESIAN_POINT('',(0.,-0.64));
#2115 = VECTOR('',#2116,1.);
#2116 = DIRECTION('',(1.,0.));
#2117 = ( GEOMETRIC_REPRESENTATION_CONTEXT(2) 
PARAMETRIC_REPRESENTATION_CONTEXT() REPRESENTATION_CONTEXT('2D SPACE',''
  ) );
#2118 = PCURVE('',#2009,#2119);
#2119 = DEFINITIONAL_REPRESENTATION('',(#2120),#2124);
#2120 = LINE('',#2121,#2122);
#2121 = CARTESIAN_POINT('',(0.,0.64));
#2122 = VECTOR('',#2123,1.);
#2123 = DIRECTION('',(1.,0.));
#2124 = ( GEOMETRIC_REPRESENTATION_CONTEXT(2) 
PARAMETRIC_REPRESENTATION_CONTEXT() REPRESENTATION_CONTEXT('2D SPACE',''
  ) );
#2125 = ORIENTED_EDGE('',*,*,#2126,.F.);
#2126 = EDGE_CURVE('',#2053,#2104,#2127,.T.);
#2127 = SURFACE_CURVE('',#2128,(#2132,#2139),.PCURVE_S1.);
#2128 = LINE('',#2129,#2130);
#2129 = CARTESIAN_POINT('',(0.32,-2.86,9.95));
#2130 = VECTOR('',#2131,1.);
#2131 = DIRECTION('',(-0.,1.,0.));
#2132 = PCURVE('',#2061,#2133);
#2133 = DEFINITIONAL_REPRESENTATION('',(#2134),#2138);
#2134 = LINE('',#2135,#2136);
#2135 = CARTESIAN_POINT('',(12.79,0.));
#2136 = VECTOR('',#2137,1.);
#2137 = DIRECTION('',(0.,-1.));
#2138 = ( GEOMETRIC_REPRESENTATION_CONTEXT(2) 
PARAMETRIC_REPRESENTATION_CONTEXT() REPRESENTATION_CONTEXT('2D SPACE',''
  ) );
#2139 = PCURVE('',#2035,#2140);
#2140 = DEFINITIONAL_REPRESENTATION('',(#2141),#2145);
#2141 = LINE('',#2142,#2143);
#2142 = CARTESIAN_POINT('',(0.64,0.));
#2143 = VECTOR('',#2144,1.);
#2144 = DIRECTION('',(0.,1.));
#2145 = ( GEOMETRIC_REPRESENTATION_CONTEXT(2) 
PARAMETRIC_REPRESENTATION_CONTEXT() REPRESENTATION_CONTEXT('2D SPACE',''
  ) );
#2146 = ADVANCED_FACE('',(#2147),#1953,.F.);
#2147 = FACE_BOUND('',#2148,.F.);
#2148 = EDGE_LOOP('',(#2149,#2170,#2171,#2192));
#2149 = ORIENTED_EDGE('',*,*,#2150,.F.);
#2150 = EDGE_CURVE('',#1931,#2051,#2151,.T.);
#2151 = SURFACE_CURVE('',#2152,(#2156,#2163),.PCURVE_S1.);
#2152 = LINE('',#2153,#2154);
#2153 = CARTESIAN_POINT('',(-0.32,-2.86,-2.84));
#2154 = VECTOR('',#2155,1.);
#2155 = DIRECTION('',(1.,0.,-0.));
#2156 = PCURVE('',#1953,#2157);
#2157 = DEFINITIONAL_REPRESENTATION('',(#2158),#2162);
#2158 = LINE('',#2159,#2160);
#2159 = CARTESIAN_POINT('',(0.,0.));
#2160 = VECTOR('',#2161,1.);
#2161 = DIRECTION('',(0.,1.));
#2162 = ( GEOMETRIC_REPRESENTATION_CONTEXT(2) 
PARAMETRIC_REPRESENTATION_CONTEXT() REPRESENTATION_CONTEXT('2D SPACE',''
  ) );
#2163 = PCURVE('',#1981,#2164);
#2164 = DEFINITIONAL_REPRESENTATION('',(#2165),#2169);
#2165 = LINE('',#2166,#2167);
#2166 = CARTESIAN_POINT('',(0.,0.));
#2167 = VECTOR('',#2168,1.);
#2168 = DIRECTION('',(1.,0.));
#2169 = ( GEOMETRIC_REPRESENTATION_CONTEXT(2) 
PARAMETRIC_REPRESENTATION_CONTEXT() REPRESENTATION_CONTEXT('2D SPACE',''
  ) );
#2170 = ORIENTED_EDGE('',*,*,#1930,.T.);
#2171 = ORIENTED_EDGE('',*,*,#2172,.T.);
#2172 = EDGE_CURVE('',#1933,#2053,#2173,.T.);
#2173 = SURFACE_CURVE('',#2174,(#2178,#2185),.PCURVE_S1.);
#2174 = LINE('',#2175,#2176);
#2175 = CARTESIAN_POINT('',(-0.32,-2.86,9.95));
#2176 = VECTOR('',#2177,1.);
#2177 = DIRECTION('',(1.,0.,-0.));
#2178 = PCURVE('',#1953,#2179);
#2179 = DEFINITIONAL_REPRESENTATION('',(#2180),#2184);
#2180 = LINE('',#2181,#2182);
#2181 = CARTESIAN_POINT('',(12.79,0.));
#2182 = VECTOR('',#2183,1.);
#2183 = DIRECTION('',(0.,1.));
#2184 = ( GEOMETRIC_REPRESENTATION_CONTEXT(2) 
PARAMETRIC_REPRESENTATION_CONTEXT() REPRESENTATION_CONTEXT('2D SPACE',''
  ) );
#2185 = PCURVE('',#2035,#2186);
#2186 = DEFINITIONAL_REPRESENTATION('',(#2187),#2191);
#2187 = LINE('',#2188,#2189);
#2188 = CARTESIAN_POINT('',(0.,0.));
#2189 = VECTOR('',#2190,1.);
#2190 = DIRECTION('',(1.,0.));
#2191 = ( GEOMETRIC_REPRESENTATION_CONTEXT(2) 
PARAMETRIC_REPRESENTATION_CONTEXT() REPRESENTATION_CONTEXT('2D SPACE',''
  ) );
#2192 = ORIENTED_EDGE('',*,*,#2050,.F.);
#2193 = ADVANCED_FACE('',(#2194),#2009,.T.);
#2194 = FACE_BOUND('',#2195,.T.);
#2195 = EDGE_LOOP('',(#2196,#2217,#2218,#2239));
#2196 = ORIENTED_EDGE('',*,*,#2197,.F.);
#2197 = EDGE_CURVE('',#1966,#2081,#2198,.T.);
#2198 = SURFACE_CURVE('',#2199,(#2203,#2210),.PCURVE_S1.);
#2199 = LINE('',#2200,#2201);
#2200 = CARTESIAN_POINT('',(-0.32,-2.22,-2.84));
#2201 = VECTOR('',#2202,1.);
#2202 = DIRECTION('',(1.,0.,-0.));
#2203 = PCURVE('',#2009,#2204);
#2204 = DEFINITIONAL_REPRESENTATION('',(#2205),#2209);
#2205 = LINE('',#2206,#2207);
#2206 = CARTESIAN_POINT('',(0.,0.));
#2207 = VECTOR('',#2208,1.);
#2208 = DIRECTION('',(0.,1.));
#2209 = ( GEOMETRIC_REPRESENTATION_CONTEXT(2) 
PARAMETRIC_REPRESENTATION_CONTEXT() REPRESENTATION_CONTEXT('2D SPACE',''
  ) );
#2210 = PCURVE('',#1981,#2211);
#2211 = DEFINITIONAL_REPRESENTATION('',(#2212),#2216);
#2212 = LINE('',#2213,#2214);
#2213 = CARTESIAN_POINT('',(0.,0.64));
#2214 = VECTOR('',#2215,1.);
#2215 = DIRECTION('',(1.,0.));
#2216 = ( GEOMETRIC_REPRESENTATION_CONTEXT(2) 
PARAMETRIC_REPRESENTATION_CONTEXT() REPRESENTATION_CONTEXT('2D SPACE',''
  ) );
#2217 = ORIENTED_EDGE('',*,*,#1993,.T.);
#2218 = ORIENTED_EDGE('',*,*,#2219,.T.);
#2219 = EDGE_CURVE('',#1994,#2104,#2220,.T.);
#2220 = SURFACE_CURVE('',#2221,(#2225,#2232),.PCURVE_S1.);
#2221 = LINE('',#2222,#2223);
#2222 = CARTESIAN_POINT('',(-0.32,-2.22,9.95));
#2223 = VECTOR('',#2224,1.);
#2224 = DIRECTION('',(1.,0.,-0.));
#2225 = PCURVE('',#2009,#2226);
#2226 = DEFINITIONAL_REPRESENTATION('',(#2227),#2231);
#2227 = LINE('',#2228,#2229);
#2228 = CARTESIAN_POINT('',(12.79,0.));
#2229 = VECTOR('',#2230,1.);
#2230 = DIRECTION('',(0.,1.));
#2231 = ( GEOMETRIC_REPRESENTATION_CONTEXT(2) 
PARAMETRIC_REPRESENTATION_CONTEXT() REPRESENTATION_CONTEXT('2D SPACE',''
  ) );
#2232 = PCURVE('',#2035,#2233);
#2233 = DEFINITIONAL_REPRESENTATION('',(#2234),#2238);
#2234 = LINE('',#2235,#2236);
#2235 = CARTESIAN_POINT('',(0.,0.64));
#2236 = VECTOR('',#2237,1.);
#2237 = DIRECTION('',(1.,0.));
#2238 = ( GEOMETRIC_REPRESENTATION_CONTEXT(2) 
PARAMETRIC_REPRESENTATION_CONTEXT() REPRESENTATION_CONTEXT('2D SPACE',''
  ) );
#2239 = ORIENTED_EDGE('',*,*,#2103,.F.);
#2240 = ADVANCED_FACE('',(#2241),#1981,.F.);
#2241 = FACE_BOUND('',#2242,.F.);
#2242 = EDGE_LOOP('',(#2243,#2244,#2245,#2246));
#2243 = ORIENTED_EDGE('',*,*,#1965,.F.);
#2244 = ORIENTED_EDGE('',*,*,#2150,.T.);
#2245 = ORIENTED_EDGE('',*,*,#2080,.T.);
#2246 = ORIENTED_EDGE('',*,*,#2197,.F.);
#2247 = ADVANCED_FACE('',(#2248),#2035,.T.);
#2248 = FACE_BOUND('',#2249,.T.);
#2249 = EDGE_LOOP('',(#2250,#2251,#2252,#2253));
#2250 = ORIENTED_EDGE('',*,*,#2021,.F.);
#2251 = ORIENTED_EDGE('',*,*,#2172,.T.);
#2252 = ORIENTED_EDGE('',*,*,#2126,.T.);
#2253 = ORIENTED_EDGE('',*,*,#2219,.F.);
#2254 = ( GEOMETRIC_REPRESENTATION_CONTEXT(3) 
GLOBAL_UNCERTAINTY_ASSIGNED_CONTEXT((#2258)) 
GLOBAL_UNIT_ASSIGNED_CONTEXT((#2255,#2256,#2257)) REPRESENTATION_CONTEXT
('Context #1','3D Context with UNIT and UNCERTAINTY') );
#2255 = ( LENGTH_UNIT() NAMED_UNIT(*) SI_UNIT(.MILLI.,.METRE.) );
#2256 = ( NAMED_UNIT(*) PLANE_ANGLE_UNIT() SI_UNIT($,.RADIAN.) );
#2257 = ( NAMED_UNIT(*) SI_UNIT($,.STERADIAN.) SOLID_ANGLE_UNIT() );
#2258 = UNCERTAINTY_MEASURE_WITH_UNIT(LENGTH_MEASURE(1.E-07),#2255,
  'distance_accuracy_value','confusion accuracy');
#2259 = CONTEXT_DEPENDENT_SHAPE_REPRESENTATION(#2260,#2262);
#2260 = ( REPRESENTATION_RELATIONSHIP('','',#1923,#10) 
REPRESENTATION_RELATIONSHIP_WITH_TRANSFORMATION(#2261) 
SHAPE_REPRESENTATION_RELATIONSHIP() );
#2261 = ITEM_DEFINED_TRANSFORMATION('','',#11,#27);
#2262 = PRODUCT_DEFINITION_SHAPE('Placement','Placement of an item',
  #2263);
#2263 = NEXT_ASSEMBLY_USAGE_OCCURRENCE('298','','',#5,#1918,$);
#2264 = PRODUCT_RELATED_PRODUCT_CATEGORY('part',$,(#1920));
#2265 = SHAPE_DEFINITION_REPRESENTATION(#2266,#2272);
#2266 = PRODUCT_DEFINITION_SHAPE('','',#2267);
#2267 = PRODUCT_DEFINITION('design','',#2268,#2271);
#2268 = PRODUCT_DEFINITION_FORMATION('','',#2269);
#2269 = PRODUCT('Open CASCADE STEP translator 7.9 22.5',
  'Open CASCADE STEP translator 7.9 22.5','',(#2270));
#2270 = PRODUCT_CONTEXT('',#2,'mechanical');
#2271 = PRODUCT_DEFINITION_CONTEXT('part definition',#2,'design');
#2272 = ADVANCED_BREP_SHAPE_REPRESENTATION('',(#11,#2273),#2603);
#2273 = MANIFOLD_SOLID_BREP('',#2274);
#2274 = CLOSED_SHELL('',(#2275,#2395,#2495,#2542,#2589,#2596));
#2275 = ADVANCED_FACE('',(#2276),#2290,.F.);
#2276 = FACE_BOUND('',#2277,.F.);
#2277 = EDGE_LOOP('',(#2278,#2313,#2341,#2369));
#2278 = ORIENTED_EDGE('',*,*,#2279,.F.);
#2279 = EDGE_CURVE('',#2280,#2282,#2284,.T.);
#2280 = VERTEX_POINT('',#2281);
#2281 = CARTESIAN_POINT('',(2.22,-2.86,-2.84));
#2282 = VERTEX_POINT('',#2283);
#2283 = CARTESIAN_POINT('',(2.22,-2.86,9.95));
#2284 = SURFACE_CURVE('',#2285,(#2289,#2301),.PCURVE_S1.);
#2285 = LINE('',#2286,#2287);
#2286 = CARTESIAN_POINT('',(2.22,-2.86,-2.84));
#2287 = VECTOR('',#2288,1.);
#2288 = DIRECTION('',(0.,0.,1.));
#2289 = PCURVE('',#2290,#2295);
#2290 = PLANE('',#2291);
#2291 = AXIS2_PLACEMENT_3D('',#2292,#2293,#2294);
#2292 = CARTESIAN_POINT('',(2.22,-2.86,-2.84));
#2293 = DIRECTION('',(1.,0.,-0.));
#2294 = DIRECTION('',(0.,0.,1.));
#2295 = DEFINITIONAL_REPRESENTATION('',(#2296),#2300);
#2296 = LINE('',#2297,#2298);
#2297 = CARTESIAN_POINT('',(0.,0.));
#2298 = VECTOR('',#2299,1.);
#2299 = DIRECTION('',(1.,0.));
#2300 = ( GEOMETRIC_REPRESENTATION_CONTEXT(2) 
PARAMETRIC_REPRESENTATION_CONTEXT() REPRESENTATION_CONTEXT('2D SPACE',''
  ) );
#2301 = PCURVE('',#2302,#2307);
#2302 = PLANE('',#2303);
#2303 = AXIS2_PLACEMENT_3D('',#2304,#2305,#2306);
#2304 = CARTESIAN_POINT('',(2.22,-2.86,-2.84));
#2305 = DIRECTION('',(-0.,1.,0.));
#2306 = DIRECTION('',(0.,0.,1.));
#2307 = DEFINITIONAL_REPRESENTATION('',(#2308),#2312);
#2308 = LINE('',#2309,#2310);
#2309 = CARTESIAN_POINT('',(0.,0.));
#2310 = VECTOR('',#2311,1.);
#2311 = DIRECTION('',(1.,0.));
#2312 = ( GEOMETRIC_REPRESENTATION_CONTEXT(2) 
PARAMETRIC_REPRESENTATION_CONTEXT() REPRESENTATION_CONTEXT('2D SPACE',''
  ) );
#2313 = ORIENTED_EDGE('',*,*,#2314,.T.);
#2314 = EDGE_CURVE('',#2280,#2315,#2317,.T.);
#2315 = VERTEX_POINT('',#2316);
#2316 = CARTESIAN_POINT('',(2.22,-2.22,-2.84));
#2317 = SURFACE_CURVE('',#2318,(#2322,#2329),.PCURVE_S1.);
#2318 = LINE('',#2319,#2320);
#2319 = CARTESIAN_POINT('',(2.22,-2.86,-2.84));
#2320 = VECTOR('',#2321,1.);
#2321 = DIRECTION('',(-0.,1.,0.));
#2322 = PCURVE('',#2290,#2323);
#2323 = DEFINITIONAL_REPRESENTATION('',(#2324),#2328);
#2324 = LINE('',#2325,#2326);
#2325 = CARTESIAN_POINT('',(0.,0.));
#2326 = VECTOR('',#2327,1.);
#2327 = DIRECTION('',(0.,-1.));
#2328 = ( GEOMETRIC_REPRESENTATION_CONTEXT(2) 
PARAMETRIC_REPRESENTATION_CONTEXT() REPRESENTATION_CONTEXT('2D SPACE',''
  ) );
#2329 = PCURVE('',#2330,#2335);
#2330 = PLANE('',#2331);
#2331 = AXIS2_PLACEMENT_3D('',#2332,#2333,#2334);
#2332 = CARTESIAN_POINT('',(2.22,-2.86,-2.84));
#2333 = DIRECTION('',(0.,0.,1.));
#2334 = DIRECTION('',(1.,0.,-0.));
#2335 = DEFINITIONAL_REPRESENTATION('',(#2336),#2340);
#2336 = LINE('',#2337,#2338);
#2337 = CARTESIAN_POINT('',(0.,0.));
#2338 = VECTOR('',#2339,1.);
#2339 = DIRECTION('',(0.,1.));
#2340 = ( GEOMETRIC_REPRESENTATION_CONTEXT(2) 
PARAMETRIC_REPRESENTATION_CONTEXT() REPRESENTATION_CONTEXT('2D SPACE',''
  ) );
#2341 = ORIENTED_EDGE('',*,*,#2342,.T.);
#2342 = EDGE_CURVE('',#2315,#2343,#2345,.T.);
#2343 = VERTEX_POINT('',#2344);
#2344 = CARTESIAN_POINT('',(2.22,-2.22,9.95));
#2345 = SURFACE_CURVE('',#2346,(#2350,#2357),.PCURVE_S1.);
#2346 = LINE('',#2347,#2348);
#2347 = CARTESIAN_POINT('',(2.22,-2.22,-2.84));
#2348 = VECTOR('',#2349,1.);
#2349 = DIRECTION('',(0.,0.,1.));
#2350 = PCURVE('',#2290,#2351);
#2351 = DEFINITIONAL_REPRESENTATION('',(#2352),#2356);
#2352 = LINE('',#2353,#2354);
#2353 = CARTESIAN_POINT('',(0.,-0.64));
#2354 = VECTOR('',#2355,1.);
#2355 = DIRECTION('',(1.,0.));
#2356 = ( GEOMETRIC_REPRESENTATION_CONTEXT(2) 
PARAMETRIC_REPRESENTATION_CONTEXT() REPRESENTATION_CONTEXT('2D SPACE',''
  ) );
#2357 = PCURVE('',#2358,#2363);
#2358 = PLANE('',#2359);
#2359 = AXIS2_PLACEMENT_3D('',#2360,#2361,#2362);
#2360 = CARTESIAN_POINT('',(2.22,-2.22,-2.84));
#2361 = DIRECTION('',(-0.,1.,0.));
#2362 = DIRECTION('',(0.,0.,1.));
#2363 = DEFINITIONAL_REPRESENTATION('',(#2364),#2368);
#2364 = LINE('',#2365,#2366);
#2365 = CARTESIAN_POINT('',(0.,0.));
#2366 = VECTOR('',#2367,1.);
#2367 = DIRECTION('',(1.,0.));
#2368 = ( GEOMETRIC_REPRESENTATION_CONTEXT(2) 
PARAMETRIC_REPRESENTATION_CONTEXT() REPRESENTATION_CONTEXT('2D SPACE',''
  ) );
#2369 = ORIENTED_EDGE('',*,*,#2370,.F.);
#2370 = EDGE_CURVE('',#2282,#2343,#2371,.T.);
#2371 = SURFACE_CURVE('',#2372,(#2376,#2383),.PCURVE_S1.);
#2372 = LINE('',#2373,#2374);
#2373 = CARTESIAN_POINT('',(2.22,-2.86,9.95));
#2374 = VECTOR('',#2375,1.);
#2375 = DIRECTION('',(-0.,1.,0.));
#2376 = PCURVE('',#2290,#2377);
#2377 = DEFINITIONAL_REPRESENTATION('',(#2378),#2382);
#2378 = LINE('',#2379,#2380);
#2379 = CARTESIAN_POINT('',(12.79,0.));
#2380 = VECTOR('',#2381,1.);
#2381 = DIRECTION('',(0.,-1.));
#2382 = ( GEOMETRIC_REPRESENTATION_CONTEXT(2) 
PARAMETRIC_REPRESENTATION_CONTEXT() REPRESENTATION_CONTEXT('2D SPACE',''
  ) );
#2383 = PCURVE('',#2384,#2389);
#2384 = PLANE('',#2385);
#2385 = AXIS2_PLACEMENT_3D('',#2386,#2387,#2388);
#2386 = CARTESIAN_POINT('',(2.22,-2.86,9.95));
#2387 = DIRECTION('',(0.,0.,1.));
#2388 = DIRECTION('',(1.,0.,-0.));
#2389 = DEFINITIONAL_REPRESENTATION('',(#2390),#2394);
#2390 = LINE('',#2391,#2392);
#2391 = CARTESIAN_POINT('',(0.,0.));
#2392 = VECTOR('',#2393,1.);
#2393 = DIRECTION('',(0.,1.));
#2394 = ( GEOMETRIC_REPRESENTATION_CONTEXT(2) 
PARAMETRIC_REPRESENTATION_CONTEXT() REPRESENTATION_CONTEXT('2D SPACE',''
  ) );
#2395 = ADVANCED_FACE('',(#2396),#2410,.T.);
#2396 = FACE_BOUND('',#2397,.T.);
#2397 = EDGE_LOOP('',(#2398,#2428,#2451,#2474));
#2398 = ORIENTED_EDGE('',*,*,#2399,.F.);
#2399 = EDGE_CURVE('',#2400,#2402,#2404,.T.);
#2400 = VERTEX_POINT('',#2401);
#2401 = CARTESIAN_POINT('',(2.86,-2.86,-2.84));
#2402 = VERTEX_POINT('',#2403);
#2403 = CARTESIAN_POINT('',(2.86,-2.86,9.95));
#2404 = SURFACE_CURVE('',#2405,(#2409,#2421),.PCURVE_S1.);
#2405 = LINE('',#2406,#2407);
#2406 = CARTESIAN_POINT('',(2.86,-2.86,-2.84));
#2407 = VECTOR('',#2408,1.);
#2408 = DIRECTION('',(0.,0.,1.));
#2409 = PCURVE('',#2410,#2415);
#2410 = PLANE('',#2411);
#2411 = AXIS2_PLACEMENT_3D('',#2412,#2413,#2414);
#2412 = CARTESIAN_POINT('',(2.86,-2.86,-2.84));
#2413 = DIRECTION('',(1.,0.,-0.));
#2414 = DIRECTION('',(0.,0.,1.));
#2415 = DEFINITIONAL_REPRESENTATION('',(#2416),#2420);
#2416 = LINE('',#2417,#2418);
#2417 = CARTESIAN_POINT('',(0.,0.));
#2418 = VECTOR('',#2419,1.);
#2419 = DIRECTION('',(1.,0.));
#2420 = ( GEOMETRIC_REPRESENTATION_CONTEXT(2) 
PARAMETRIC_REPRESENTATION_CONTEXT() REPRESENTATION_CONTEXT('2D SPACE',''
  ) );
#2421 = PCURVE('',#2302,#2422);
#2422 = DEFINITIONAL_REPRESENTATION('',(#2423),#2427);
#2423 = LINE('',#2424,#2425);
#2424 = CARTESIAN_POINT('',(0.,0.64));
#2425 = VECTOR('',#2426,1.);
#2426 = DIRECTION('',(1.,0.));
#2427 = ( GEOMETRIC_REPRESENTATION_CONTEXT(2) 
PARAMETRIC_REPRESENTATION_CONTEXT() REPRESENTATION_CONTEXT('2D SPACE',''
  ) );
#2428 = ORIENTED_EDGE('',*,*,#2429,.T.);
#2429 = EDGE_CURVE('',#2400,#2430,#2432,.T.);
#2430 = VERTEX_POINT('',#2431);
#2431 = CARTESIAN_POINT('',(2.86,-2.22,-2.84));
#2432 = SURFACE_CURVE('',#2433,(#2437,#2444),.PCURVE_S1.);
#2433 = LINE('',#2434,#2435);
#2434 = CARTESIAN_POINT('',(2.86,-2.86,-2.84));
#2435 = VECTOR('',#2436,1.);
#2436 = DIRECTION('',(-0.,1.,0.));
#2437 = PCURVE('',#2410,#2438);
#2438 = DEFINITIONAL_REPRESENTATION('',(#2439),#2443);
#2439 = LINE('',#2440,#2441);
#2440 = CARTESIAN_POINT('',(0.,0.));
#2441 = VECTOR('',#2442,1.);
#2442 = DIRECTION('',(0.,-1.));
#2443 = ( GEOMETRIC_REPRESENTATION_CONTEXT(2) 
PARAMETRIC_REPRESENTATION_CONTEXT() REPRESENTATION_CONTEXT('2D SPACE',''
  ) );
#2444 = PCURVE('',#2330,#2445);
#2445 = DEFINITIONAL_REPRESENTATION('',(#2446),#2450);
#2446 = LINE('',#2447,#2448);
#2447 = CARTESIAN_POINT('',(0.64,0.));
#2448 = VECTOR('',#2449,1.);
#2449 = DIRECTION('',(0.,1.));
#2450 = ( GEOMETRIC_REPRESENTATION_CONTEXT(2) 
PARAMETRIC_REPRESENTATION_CONTEXT() REPRESENTATION_CONTEXT('2D SPACE',''
  ) );
#2451 = ORIENTED_EDGE('',*,*,#2452,.T.);
#2452 = EDGE_CURVE('',#2430,#2453,#2455,.T.);
#2453 = VERTEX_POINT('',#2454);
#2454 = CARTESIAN_POINT('',(2.86,-2.22,9.95));
#2455 = SURFACE_CURVE('',#2456,(#2460,#2467),.PCURVE_S1.);
#2456 = LINE('',#2457,#2458);
#2457 = CARTESIAN_POINT('',(2.86,-2.22,-2.84));
#2458 = VECTOR('',#2459,1.);
#2459 = DIRECTION('',(0.,0.,1.));
#2460 = PCURVE('',#2410,#2461);
#2461 = DEFINITIONAL_REPRESENTATION('',(#2462),#2466);
#2462 = LINE('',#2463,#2464);
#2463 = CARTESIAN_POINT('',(0.,-0.64));
#2464 = VECTOR('',#2465,1.);
#2465 = DIRECTION('',(1.,0.));
#2466 = ( GEOMETRIC_REPRESENTATION_CONTEXT(2) 
PARAMETRIC_REPRESENTATION_CONTEXT() REPRESENTATION_CONTEXT('2D SPACE',''
  ) );
#2467 = PCURVE('',#2358,#2468);
#2468 = DEFINITIONAL_REPRESENTATION('',(#2469),#2473);
#2469 = LINE('',#2470,#2471);
#2470 = CARTESIAN_POINT('',(0.,0.64));
#2471 = VECTOR('',#2472,1.);
#2472 = DIRECTION('',(1.,0.));
#2473 = ( GEOMETRIC_REPRESENTATION_CONTEXT(2) 
PARAMETRIC_REPRESENTATION_CONTEXT() REPRESENTATION_CONTEXT('2D SPACE',''
  ) );
#2474 = ORIENTED_EDGE('',*,*,#2475,.F.);
#2475 = EDGE_CURVE('',#2402,#2453,#2476,.T.);
#2476 = SURFACE_CURVE('',#2477,(#2481,#2488),.PCURVE_S1.);
#2477 = LINE('',#2478,#2479);
#2478 = CARTESIAN_POINT('',(2.86,-2.86,9.95));
#2479 = VECTOR('',#2480,1.);
#2480 = DIRECTION('',(-0.,1.,0.));
#2481 = PCURVE('',#2410,#2482);
#2482 = DEFINITIONAL_REPRESENTATION('',(#2483),#2487);
#2483 = LINE('',#2484,#2485);
#2484 = CARTESIAN_POINT('',(12.79,0.));
#2485 = VECTOR('',#2486,1.);
#2486 = DIRECTION('',(0.,-1.));
#2487 = ( GEOMETRIC_REPRESENTATION_CONTEXT(2) 
PARAMETRIC_REPRESENTATION_CONTEXT() REPRESENTATION_CONTEXT('2D SPACE',''
  ) );
#2488 = PCURVE('',#2384,#2489);
#2489 = DEFINITIONAL_REPRESENTATION('',(#2490),#2494);
#2490 = LINE('',#2491,#2492);
#2491 = CARTESIAN_POINT('',(0.64,0.));
#2492 = VECTOR('',#2493,1.);
#2493 = DIRECTION('',(0.,1.));
#2494 = ( GEOMETRIC_REPRESENTATION_CONTEXT(2) 
PARAMETRIC_REPRESENTATION_CONTEXT() REPRESENTATION_CONTEXT('2D SPACE',''
  ) );
#2495 = ADVANCED_FACE('',(#2496),#2302,.F.);
#2496 = FACE_BOUND('',#2497,.F.);
#2497 = EDGE_LOOP('',(#2498,#2519,#2520,#2541));
#2498 = ORIENTED_EDGE('',*,*,#2499,.F.);
#2499 = EDGE_CURVE('',#2280,#2400,#2500,.T.);
#2500 = SURFACE_CURVE('',#2501,(#2505,#2512),.PCURVE_S1.);
#2501 = LINE('',#2502,#2503);
#2502 = CARTESIAN_POINT('',(2.22,-2.86,-2.84));
#2503 = VECTOR('',#2504,1.);
#2504 = DIRECTION('',(1.,0.,-0.));
#2505 = PCURVE('',#2302,#2506);
#2506 = DEFINITIONAL_REPRESENTATION('',(#2507),#2511);
#2507 = LINE('',#2508,#2509);
#2508 = CARTESIAN_POINT('',(0.,0.));
#2509 = VECTOR('',#2510,1.);
#2510 = DIRECTION('',(0.,1.));
#2511 = ( GEOMETRIC_REPRESENTATION_CONTEXT(2) 
PARAMETRIC_REPRESENTATION_CONTEXT() REPRESENTATION_CONTEXT('2D SPACE',''
  ) );
#2512 = PCURVE('',#2330,#2513);
#2513 = DEFINITIONAL_REPRESENTATION('',(#2514),#2518);
#2514 = LINE('',#2515,#2516);
#2515 = CARTESIAN_POINT('',(0.,0.));
#2516 = VECTOR('',#2517,1.);
#2517 = DIRECTION('',(1.,0.));
#2518 = ( GEOMETRIC_REPRESENTATION_CONTEXT(2) 
PARAMETRIC_REPRESENTATION_CONTEXT() REPRESENTATION_CONTEXT('2D SPACE',''
  ) );
#2519 = ORIENTED_EDGE('',*,*,#2279,.T.);
#2520 = ORIENTED_EDGE('',*,*,#2521,.T.);
#2521 = EDGE_CURVE('',#2282,#2402,#2522,.T.);
#2522 = SURFACE_CURVE('',#2523,(#2527,#2534),.PCURVE_S1.);
#2523 = LINE('',#2524,#2525);
#2524 = CARTESIAN_POINT('',(2.22,-2.86,9.95));
#2525 = VECTOR('',#2526,1.);
#2526 = DIRECTION('',(1.,0.,-0.));
#2527 = PCURVE('',#2302,#2528);
#2528 = DEFINITIONAL_REPRESENTATION('',(#2529),#2533);
#2529 = LINE('',#2530,#2531);
#2530 = CARTESIAN_POINT('',(12.79,0.));
#2531 = VECTOR('',#2532,1.);
#2532 = DIRECTION('',(0.,1.));
#2533 = ( GEOMETRIC_REPRESENTATION_CONTEXT(2) 
PARAMETRIC_REPRESENTATION_CONTEXT() REPRESENTATION_CONTEXT('2D SPACE',''
  ) );
#2534 = PCURVE('',#2384,#2535);
#2535 = DEFINITIONAL_REPRESENTATION('',(#2536),#2540);
#2536 = LINE('',#2537,#2538);
#2537 = CARTESIAN_POINT('',(0.,0.));
#2538 = VECTOR('',#2539,1.);
#2539 = DIRECTION('',(1.,0.));
#2540 = ( GEOMETRIC_REPRESENTATION_CONTEXT(2) 
PARAMETRIC_REPRESENTATION_CONTEXT() REPRESENTATION_CONTEXT('2D SPACE',''
  ) );
#2541 = ORIENTED_EDGE('',*,*,#2399,.F.);
#2542 = ADVANCED_FACE('',(#2543),#2358,.T.);
#2543 = FACE_BOUND('',#2544,.T.);
#2544 = EDGE_LOOP('',(#2545,#2566,#2567,#2588));
#2545 = ORIENTED_EDGE('',*,*,#2546,.F.);
#2546 = EDGE_CURVE('',#2315,#2430,#2547,.T.);
#2547 = SURFACE_CURVE('',#2548,(#2552,#2559),.PCURVE_S1.);
#2548 = LINE('',#2549,#2550);
#2549 = CARTESIAN_POINT('',(2.22,-2.22,-2.84));
#2550 = VECTOR('',#2551,1.);
#2551 = DIRECTION('',(1.,0.,-0.));
#2552 = PCURVE('',#2358,#2553);
#2553 = DEFINITIONAL_REPRESENTATION('',(#2554),#2558);
#2554 = LINE('',#2555,#2556);
#2555 = CARTESIAN_POINT('',(0.,0.));
#2556 = VECTOR('',#2557,1.);
#2557 = DIRECTION('',(0.,1.));
#2558 = ( GEOMETRIC_REPRESENTATION_CONTEXT(2) 
PARAMETRIC_REPRESENTATION_CONTEXT() REPRESENTATION_CONTEXT('2D SPACE',''
  ) );
#2559 = PCURVE('',#2330,#2560);
#2560 = DEFINITIONAL_REPRESENTATION('',(#2561),#2565);
#2561 = LINE('',#2562,#2563);
#2562 = CARTESIAN_POINT('',(0.,0.64));
#2563 = VECTOR('',#2564,1.);
#2564 = DIRECTION('',(1.,0.));
#2565 = ( GEOMETRIC_REPRESENTATION_CONTEXT(2) 
PARAMETRIC_REPRESENTATION_CONTEXT() REPRESENTATION_CONTEXT('2D SPACE',''
  ) );
#2566 = ORIENTED_EDGE('',*,*,#2342,.T.);
#2567 = ORIENTED_EDGE('',*,*,#2568,.T.);
#2568 = EDGE_CURVE('',#2343,#2453,#2569,.T.);
#2569 = SURFACE_CURVE('',#2570,(#2574,#2581),.PCURVE_S1.);
#2570 = LINE('',#2571,#2572);
#2571 = CARTESIAN_POINT('',(2.22,-2.22,9.95));
#2572 = VECTOR('',#2573,1.);
#2573 = DIRECTION('',(1.,0.,-0.));
#2574 = PCURVE('',#2358,#2575);
#2575 = DEFINITIONAL_REPRESENTATION('',(#2576),#2580);
#2576 = LINE('',#2577,#2578);
#2577 = CARTESIAN_POINT('',(12.79,0.));
#2578 = VECTOR('',#2579,1.);
#2579 = DIRECTION('',(0.,1.));
#2580 = ( GEOMETRIC_REPRESENTATION_CONTEXT(2) 
PARAMETRIC_REPRESENTATION_CONTEXT() REPRESENTATION_CONTEXT('2D SPACE',''
  ) );
#2581 = PCURVE('',#2384,#2582);
#2582 = DEFINITIONAL_REPRESENTATION('',(#2583),#2587);
#2583 = LINE('',#2584,#2585);
#2584 = CARTESIAN_POINT('',(0.,0.64));
#2585 = VECTOR('',#2586,1.);
#2586 = DIRECTION('',(1.,0.));
#2587 = ( GEOMETRIC_REPRESENTATION_CONTEXT(2) 
PARAMETRIC_REPRESENTATION_CONTEXT() REPRESENTATION_CONTEXT('2D SPACE',''
  ) );
#2588 = ORIENTED_EDGE('',*,*,#2452,.F.);
#2589 = ADVANCED_FACE('',(#2590),#2330,.F.);
#2590 = FACE_BOUND('',#2591,.F.);
#2591 = EDGE_LOOP('',(#2592,#2593,#2594,#2595));
#2592 = ORIENTED_EDGE('',*,*,#2314,.F.);
#2593 = ORIENTED_EDGE('',*,*,#2499,.T.);
#2594 = ORIENTED_EDGE('',*,*,#2429,.T.);
#2595 = ORIENTED_EDGE('',*,*,#2546,.F.);
#2596 = ADVANCED_FACE('',(#2597),#2384,.T.);
#2597 = FACE_BOUND('',#2598,.T.);
#2598 = EDGE_LOOP('',(#2599,#2600,#2601,#2602));
#2599 = ORIENTED_EDGE('',*,*,#2370,.F.);
#2600 = ORIENTED_EDGE('',*,*,#2521,.T.);
#2601 = ORIENTED_EDGE('',*,*,#2475,.T.);
#2602 = ORIENTED_EDGE('',*,*,#2568,.F.);
#2603 = ( GEOMETRIC_REPRESENTATION_CONTEXT(3) 
GLOBAL_UNCERTAINTY_ASSIGNED_CONTEXT((#2607)) 
GLOBAL_UNIT_ASSIGNED_CONTEXT((#2604,#2605,#2606)) REPRESENTATION_CONTEXT
('Context #1','3D Context with UNIT and UNCERTAINTY') );
#2604 = ( LENGTH_UNIT() NAMED_UNIT(*) SI_UNIT(.MILLI.,.METRE.) );
#2605 = ( NAMED_UNIT(*) PLANE_ANGLE_UNIT() SI_UNIT($,.RADIAN.) );
#2606 = ( NAMED_UNIT(*) SI_UNIT($,.STERADIAN.) SOLID_ANGLE_UNIT() );
#2607 = UNCERTAINTY_MEASURE_WITH_UNIT(LENGTH_MEASURE(1.E-07),#2604,
  'distance_accuracy_value','confusion accuracy');
#2608 = CONTEXT_DEPENDENT_SHAPE_REPRESENTATION(#2609,#2611);
#2609 = ( REPRESENTATION_RELATIONSHIP('','',#2272,#10) 
REPRESENTATION_RELATIONSHIP_WITH_TRANSFORMATION(#2610) 
SHAPE_REPRESENTATION_RELATIONSHIP() );
#2610 = ITEM_DEFINED_TRANSFORMATION('','',#11,#31);
#2611 = PRODUCT_DEFINITION_SHAPE('Placement','Placement of an item',
  #2612);
#2612 = NEXT_ASSEMBLY_USAGE_OCCURRENCE('299','','',#5,#2267,$);
#2613 = PRODUCT_RELATED_PRODUCT_CATEGORY('part',$,(#2269));
#2614 = SHAPE_DEFINITION_REPRESENTATION(#2615,#2621);
#2615 = PRODUCT_DEFINITION_SHAPE('','',#2616);
#2616 = PRODUCT_DEFINITION('design','',#2617,#2620);
#2617 = PRODUCT_DEFINITION_FORMATION('','',#2618);
#2618 = PRODUCT('Open CASCADE STEP translator 7.9 22.6',
  'Open CASCADE STEP translator 7.9 22.6','',(#2619));
#2619 = PRODUCT_CONTEXT('',#2,'mechanical');
#2620 = PRODUCT_DEFINITION_CONTEXT('part definition',#2,'design');
#2621 = ADVANCED_BREP_SHAPE_REPRESENTATION('',(#11,#2622),#2952);
#2622 = MANIFOLD_SOLID_BREP('',#2623);
#2623 = CLOSED_SHELL('',(#2624,#2744,#2844,#2891,#2938,#2945));
#2624 = ADVANCED_FACE('',(#2625),#2639,.F.);
#2625 = FACE_BOUND('',#2626,.F.);
#2626 = EDGE_LOOP('',(#2627,#2662,#2690,#2718));
#2627 = ORIENTED_EDGE('',*,*,#2628,.F.);
#2628 = EDGE_CURVE('',#2629,#2631,#2633,.T.);
#2629 = VERTEX_POINT('',#2630);
#2630 = CARTESIAN_POINT('',(-0.32,-5.4,-2.84));
#2631 = VERTEX_POINT('',#2632);
#2632 = CARTESIAN_POINT('',(-0.32,-5.4,9.95));
#2633 = SURFACE_CURVE('',#2634,(#2638,#2650),.PCURVE_S1.);
#2634 = LINE('',#2635,#2636);
#2635 = CARTESIAN_POINT('',(-0.32,-5.4,-2.84));
#2636 = VECTOR('',#2637,1.);
#2637 = DIRECTION('',(0.,0.,1.));
#2638 = PCURVE('',#2639,#2644);
#2639 = PLANE('',#2640);
#2640 = AXIS2_PLACEMENT_3D('',#2641,#2642,#2643);
#2641 = CARTESIAN_POINT('',(-0.32,-5.4,-2.84));
#2642 = DIRECTION('',(1.,0.,-0.));
#2643 = DIRECTION('',(0.,0.,1.));
#2644 = DEFINITIONAL_REPRESENTATION('',(#2645),#2649);
#2645 = LINE('',#2646,#2647);
#2646 = CARTESIAN_POINT('',(0.,0.));
#2647 = VECTOR('',#2648,1.);
#2648 = DIRECTION('',(1.,0.));
#2649 = ( GEOMETRIC_REPRESENTATION_CONTEXT(2) 
PARAMETRIC_REPRESENTATION_CONTEXT() REPRESENTATION_CONTEXT('2D SPACE',''
  ) );
#2650 = PCURVE('',#2651,#2656);
#2651 = PLANE('',#2652);
#2652 = AXIS2_PLACEMENT_3D('',#2653,#2654,#2655);
#2653 = CARTESIAN_POINT('',(-0.32,-5.4,-2.84));
#2654 = DIRECTION('',(-0.,1.,0.));
#2655 = DIRECTION('',(0.,0.,1.));
#2656 = DEFINITIONAL_REPRESENTATION('',(#2657),#2661);
#2657 = LINE('',#2658,#2659);
#2658 = CARTESIAN_POINT('',(0.,0.));
#2659 = VECTOR('',#2660,1.);
#2660 = DIRECTION('',(1.,0.));
#2661 = ( GEOMETRIC_REPRESENTATION_CONTEXT(2) 
PARAMETRIC_REPRESENTATION_CONTEXT() REPRESENTATION_CONTEXT('2D SPACE',''
  ) );
#2662 = ORIENTED_EDGE('',*,*,#2663,.T.);
#2663 = EDGE_CURVE('',#2629,#2664,#2666,.T.);
#2664 = VERTEX_POINT('',#2665);
#2665 = CARTESIAN_POINT('',(-0.32,-4.76,-2.84));
#2666 = SURFACE_CURVE('',#2667,(#2671,#2678),.PCURVE_S1.);
#2667 = LINE('',#2668,#2669);
#2668 = CARTESIAN_POINT('',(-0.32,-5.4,-2.84));
#2669 = VECTOR('',#2670,1.);
#2670 = DIRECTION('',(-0.,1.,0.));
#2671 = PCURVE('',#2639,#2672);
#2672 = DEFINITIONAL_REPRESENTATION('',(#2673),#2677);
#2673 = LINE('',#2674,#2675);
#2674 = CARTESIAN_POINT('',(0.,0.));
#2675 = VECTOR('',#2676,1.);
#2676 = DIRECTION('',(0.,-1.));
#2677 = ( GEOMETRIC_REPRESENTATION_CONTEXT(2) 
PARAMETRIC_REPRESENTATION_CONTEXT() REPRESENTATION_CONTEXT('2D SPACE',''
  ) );
#2678 = PCURVE('',#2679,#2684);
#2679 = PLANE('',#2680);
#2680 = AXIS2_PLACEMENT_3D('',#2681,#2682,#2683);
#2681 = CARTESIAN_POINT('',(-0.32,-5.4,-2.84));
#2682 = DIRECTION('',(0.,0.,1.));
#2683 = DIRECTION('',(1.,0.,-0.));
#2684 = DEFINITIONAL_REPRESENTATION('',(#2685),#2689);
#2685 = LINE('',#2686,#2687);
#2686 = CARTESIAN_POINT('',(0.,0.));
#2687 = VECTOR('',#2688,1.);
#2688 = DIRECTION('',(0.,1.));
#2689 = ( GEOMETRIC_REPRESENTATION_CONTEXT(2) 
PARAMETRIC_REPRESENTATION_CONTEXT() REPRESENTATION_CONTEXT('2D SPACE',''
  ) );
#2690 = ORIENTED_EDGE('',*,*,#2691,.T.);
#2691 = EDGE_CURVE('',#2664,#2692,#2694,.T.);
#2692 = VERTEX_POINT('',#2693);
#2693 = CARTESIAN_POINT('',(-0.32,-4.76,9.95));
#2694 = SURFACE_CURVE('',#2695,(#2699,#2706),.PCURVE_S1.);
#2695 = LINE('',#2696,#2697);
#2696 = CARTESIAN_POINT('',(-0.32,-4.76,-2.84));
#2697 = VECTOR('',#2698,1.);
#2698 = DIRECTION('',(0.,0.,1.));
#2699 = PCURVE('',#2639,#2700);
#2700 = DEFINITIONAL_REPRESENTATION('',(#2701),#2705);
#2701 = LINE('',#2702,#2703);
#2702 = CARTESIAN_POINT('',(0.,-0.64));
#2703 = VECTOR('',#2704,1.);
#2704 = DIRECTION('',(1.,0.));
#2705 = ( GEOMETRIC_REPRESENTATION_CONTEXT(2) 
PARAMETRIC_REPRESENTATION_CONTEXT() REPRESENTATION_CONTEXT('2D SPACE',''
  ) );
#2706 = PCURVE('',#2707,#2712);
#2707 = PLANE('',#2708);
#2708 = AXIS2_PLACEMENT_3D('',#2709,#2710,#2711);
#2709 = CARTESIAN_POINT('',(-0.32,-4.76,-2.84));
#2710 = DIRECTION('',(-0.,1.,0.));
#2711 = DIRECTION('',(0.,0.,1.));
#2712 = DEFINITIONAL_REPRESENTATION('',(#2713),#2717);
#2713 = LINE('',#2714,#2715);
#2714 = CARTESIAN_POINT('',(0.,0.));
#2715 = VECTOR('',#2716,1.);
#2716 = DIRECTION('',(1.,0.));
#2717 = ( GEOMETRIC_REPRESENTATION_CONTEXT(2) 
PARAMETRIC_REPRESENTATION_CONTEXT() REPRESENTATION_CONTEXT('2D SPACE',''
  ) );
#2718 = ORIENTED_EDGE('',*,*,#2719,.F.);
#2719 = EDGE_CURVE('',#2631,#2692,#2720,.T.);
#2720 = SURFACE_CURVE('',#2721,(#2725,#2732),.PCURVE_S1.);
#2721 = LINE('',#2722,#2723);
#2722 = CARTESIAN_POINT('',(-0.32,-5.4,9.95));
#2723 = VECTOR('',#2724,1.);
#2724 = DIRECTION('',(-0.,1.,0.));
#2725 = PCURVE('',#2639,#2726);
#2726 = DEFINITIONAL_REPRESENTATION('',(#2727),#2731);
#2727 = LINE('',#2728,#2729);
#2728 = CARTESIAN_POINT('',(12.79,0.));
#2729 = VECTOR('',#2730,1.);
#2730 = DIRECTION('',(0.,-1.));
#2731 = ( GEOMETRIC_REPRESENTATION_CONTEXT(2) 
PARAMETRIC_REPRESENTATION_CONTEXT() REPRESENTATION_CONTEXT('2D SPACE',''
  ) );
#2732 = PCURVE('',#2733,#2738);
#2733 = PLANE('',#2734);
#2734 = AXIS2_PLACEMENT_3D('',#2735,#2736,#2737);
#2735 = CARTESIAN_POINT('',(-0.32,-5.4,9.95));
#2736 = DIRECTION('',(0.,0.,1.));
#2737 = DIRECTION('',(1.,0.,-0.));
#2738 = DEFINITIONAL_REPRESENTATION('',(#2739),#2743);
#2739 = LINE('',#2740,#2741);
#2740 = CARTESIAN_POINT('',(0.,0.));
#2741 = VECTOR('',#2742,1.);
#2742 = DIRECTION('',(0.,1.));
#2743 = ( GEOMETRIC_REPRESENTATION_CONTEXT(2) 
PARAMETRIC_REPRESENTATION_CONTEXT() REPRESENTATION_CONTEXT('2D SPACE',''
  ) );
#2744 = ADVANCED_FACE('',(#2745),#2759,.T.);
#2745 = FACE_BOUND('',#2746,.T.);
#2746 = EDGE_LOOP('',(#2747,#2777,#2800,#2823));
#2747 = ORIENTED_EDGE('',*,*,#2748,.F.);
#2748 = EDGE_CURVE('',#2749,#2751,#2753,.T.);
#2749 = VERTEX_POINT('',#2750);
#2750 = CARTESIAN_POINT('',(0.32,-5.4,-2.84));
#2751 = VERTEX_POINT('',#2752);
#2752 = CARTESIAN_POINT('',(0.32,-5.4,9.95));
#2753 = SURFACE_CURVE('',#2754,(#2758,#2770),.PCURVE_S1.);
#2754 = LINE('',#2755,#2756);
#2755 = CARTESIAN_POINT('',(0.32,-5.4,-2.84));
#2756 = VECTOR('',#2757,1.);
#2757 = DIRECTION('',(0.,0.,1.));
#2758 = PCURVE('',#2759,#2764);
#2759 = PLANE('',#2760);
#2760 = AXIS2_PLACEMENT_3D('',#2761,#2762,#2763);
#2761 = CARTESIAN_POINT('',(0.32,-5.4,-2.84));
#2762 = DIRECTION('',(1.,0.,-0.));
#2763 = DIRECTION('',(0.,0.,1.));
#2764 = DEFINITIONAL_REPRESENTATION('',(#2765),#2769);
#2765 = LINE('',#2766,#2767);
#2766 = CARTESIAN_POINT('',(0.,0.));
#2767 = VECTOR('',#2768,1.);
#2768 = DIRECTION('',(1.,0.));
#2769 = ( GEOMETRIC_REPRESENTATION_CONTEXT(2) 
PARAMETRIC_REPRESENTATION_CONTEXT() REPRESENTATION_CONTEXT('2D SPACE',''
  ) );
#2770 = PCURVE('',#2651,#2771);
#2771 = DEFINITIONAL_REPRESENTATION('',(#2772),#2776);
#2772 = LINE('',#2773,#2774);
#2773 = CARTESIAN_POINT('',(0.,0.64));
#2774 = VECTOR('',#2775,1.);
#2775 = DIRECTION('',(1.,0.));
#2776 = ( GEOMETRIC_REPRESENTATION_CONTEXT(2) 
PARAMETRIC_REPRESENTATION_CONTEXT() REPRESENTATION_CONTEXT('2D SPACE',''
  ) );
#2777 = ORIENTED_EDGE('',*,*,#2778,.T.);
#2778 = EDGE_CURVE('',#2749,#2779,#2781,.T.);
#2779 = VERTEX_POINT('',#2780);
#2780 = CARTESIAN_POINT('',(0.32,-4.76,-2.84));
#2781 = SURFACE_CURVE('',#2782,(#2786,#2793),.PCURVE_S1.);
#2782 = LINE('',#2783,#2784);
#2783 = CARTESIAN_POINT('',(0.32,-5.4,-2.84));
#2784 = VECTOR('',#2785,1.);
#2785 = DIRECTION('',(-0.,1.,0.));
#2786 = PCURVE('',#2759,#2787);
#2787 = DEFINITIONAL_REPRESENTATION('',(#2788),#2792);
#2788 = LINE('',#2789,#2790);
#2789 = CARTESIAN_POINT('',(0.,0.));
#2790 = VECTOR('',#2791,1.);
#2791 = DIRECTION('',(0.,-1.));
#2792 = ( GEOMETRIC_REPRESENTATION_CONTEXT(2) 
PARAMETRIC_REPRESENTATION_CONTEXT() REPRESENTATION_CONTEXT('2D SPACE',''
  ) );
#2793 = PCURVE('',#2679,#2794);
#2794 = DEFINITIONAL_REPRESENTATION('',(#2795),#2799);
#2795 = LINE('',#2796,#2797);
#2796 = CARTESIAN_POINT('',(0.64,0.));
#2797 = VECTOR('',#2798,1.);
#2798 = DIRECTION('',(0.,1.));
#2799 = ( GEOMETRIC_REPRESENTATION_CONTEXT(2) 
PARAMETRIC_REPRESENTATION_CONTEXT() REPRESENTATION_CONTEXT('2D SPACE',''
  ) );
#2800 = ORIENTED_EDGE('',*,*,#2801,.T.);
#2801 = EDGE_CURVE('',#2779,#2802,#2804,.T.);
#2802 = VERTEX_POINT('',#2803);
#2803 = CARTESIAN_POINT('',(0.32,-4.76,9.95));
#2804 = SURFACE_CURVE('',#2805,(#2809,#2816),.PCURVE_S1.);
#2805 = LINE('',#2806,#2807);
#2806 = CARTESIAN_POINT('',(0.32,-4.76,-2.84));
#2807 = VECTOR('',#2808,1.);
#2808 = DIRECTION('',(0.,0.,1.));
#2809 = PCURVE('',#2759,#2810);
#2810 = DEFINITIONAL_REPRESENTATION('',(#2811),#2815);
#2811 = LINE('',#2812,#2813);
#2812 = CARTESIAN_POINT('',(0.,-0.64));
#2813 = VECTOR('',#2814,1.);
#2814 = DIRECTION('',(1.,0.));
#2815 = ( GEOMETRIC_REPRESENTATION_CONTEXT(2) 
PARAMETRIC_REPRESENTATION_CONTEXT() REPRESENTATION_CONTEXT('2D SPACE',''
  ) );
#2816 = PCURVE('',#2707,#2817);
#2817 = DEFINITIONAL_REPRESENTATION('',(#2818),#2822);
#2818 = LINE('',#2819,#2820);
#2819 = CARTESIAN_POINT('',(0.,0.64));
#2820 = VECTOR('',#2821,1.);
#2821 = DIRECTION('',(1.,0.));
#2822 = ( GEOMETRIC_REPRESENTATION_CONTEXT(2) 
PARAMETRIC_REPRESENTATION_CONTEXT() REPRESENTATION_CONTEXT('2D SPACE',''
  ) );
#2823 = ORIENTED_EDGE('',*,*,#2824,.F.);
#2824 = EDGE_CURVE('',#2751,#2802,#2825,.T.);
#2825 = SURFACE_CURVE('',#2826,(#2830,#2837),.PCURVE_S1.);
#2826 = LINE('',#2827,#2828);
#2827 = CARTESIAN_POINT('',(0.32,-5.4,9.95));
#2828 = VECTOR('',#2829,1.);
#2829 = DIRECTION('',(-0.,1.,0.));
#2830 = PCURVE('',#2759,#2831);
#2831 = DEFINITIONAL_REPRESENTATION('',(#2832),#2836);
#2832 = LINE('',#2833,#2834);
#2833 = CARTESIAN_POINT('',(12.79,0.));
#2834 = VECTOR('',#2835,1.);
#2835 = DIRECTION('',(0.,-1.));
#2836 = ( GEOMETRIC_REPRESENTATION_CONTEXT(2) 
PARAMETRIC_REPRESENTATION_CONTEXT() REPRESENTATION_CONTEXT('2D SPACE',''
  ) );
#2837 = PCURVE('',#2733,#2838);
#2838 = DEFINITIONAL_REPRESENTATION('',(#2839),#2843);
#2839 = LINE('',#2840,#2841);
#2840 = CARTESIAN_POINT('',(0.64,0.));
#2841 = VECTOR('',#2842,1.);
#2842 = DIRECTION('',(0.,1.));
#2843 = ( GEOMETRIC_REPRESENTATION_CONTEXT(2) 
PARAMETRIC_REPRESENTATION_CONTEXT() REPRESENTATION_CONTEXT('2D SPACE',''
  ) );
#2844 = ADVANCED_FACE('',(#2845),#2651,.F.);
#2845 = FACE_BOUND('',#2846,.F.);
#2846 = EDGE_LOOP('',(#2847,#2868,#2869,#2890));
#2847 = ORIENTED_EDGE('',*,*,#2848,.F.);
#2848 = EDGE_CURVE('',#2629,#2749,#2849,.T.);
#2849 = SURFACE_CURVE('',#2850,(#2854,#2861),.PCURVE_S1.);
#2850 = LINE('',#2851,#2852);
#2851 = CARTESIAN_POINT('',(-0.32,-5.4,-2.84));
#2852 = VECTOR('',#2853,1.);
#2853 = DIRECTION('',(1.,0.,-0.));
#2854 = PCURVE('',#2651,#2855);
#2855 = DEFINITIONAL_REPRESENTATION('',(#2856),#2860);
#2856 = LINE('',#2857,#2858);
#2857 = CARTESIAN_POINT('',(0.,0.));
#2858 = VECTOR('',#2859,1.);
#2859 = DIRECTION('',(0.,1.));
#2860 = ( GEOMETRIC_REPRESENTATION_CONTEXT(2) 
PARAMETRIC_REPRESENTATION_CONTEXT() REPRESENTATION_CONTEXT('2D SPACE',''
  ) );
#2861 = PCURVE('',#2679,#2862);
#2862 = DEFINITIONAL_REPRESENTATION('',(#2863),#2867);
#2863 = LINE('',#2864,#2865);
#2864 = CARTESIAN_POINT('',(0.,0.));
#2865 = VECTOR('',#2866,1.);
#2866 = DIRECTION('',(1.,0.));
#2867 = ( GEOMETRIC_REPRESENTATION_CONTEXT(2) 
PARAMETRIC_REPRESENTATION_CONTEXT() REPRESENTATION_CONTEXT('2D SPACE',''
  ) );
#2868 = ORIENTED_EDGE('',*,*,#2628,.T.);
#2869 = ORIENTED_EDGE('',*,*,#2870,.T.);
#2870 = EDGE_CURVE('',#2631,#2751,#2871,.T.);
#2871 = SURFACE_CURVE('',#2872,(#2876,#2883),.PCURVE_S1.);
#2872 = LINE('',#2873,#2874);
#2873 = CARTESIAN_POINT('',(-0.32,-5.4,9.95));
#2874 = VECTOR('',#2875,1.);
#2875 = DIRECTION('',(1.,0.,-0.));
#2876 = PCURVE('',#2651,#2877);
#2877 = DEFINITIONAL_REPRESENTATION('',(#2878),#2882);
#2878 = LINE('',#2879,#2880);
#2879 = CARTESIAN_POINT('',(12.79,0.));
#2880 = VECTOR('',#2881,1.);
#2881 = DIRECTION('',(0.,1.));
#2882 = ( GEOMETRIC_REPRESENTATION_CONTEXT(2) 
PARAMETRIC_REPRESENTATION_CONTEXT() REPRESENTATION_CONTEXT('2D SPACE',''
  ) );
#2883 = PCURVE('',#2733,#2884);
#2884 = DEFINITIONAL_REPRESENTATION('',(#2885),#2889);
#2885 = LINE('',#2886,#2887);
#2886 = CARTESIAN_POINT('',(0.,0.));
#2887 = VECTOR('',#2888,1.);
#2888 = DIRECTION('',(1.,0.));
#2889 = ( GEOMETRIC_REPRESENTATION_CONTEXT(2) 
PARAMETRIC_REPRESENTATION_CONTEXT() REPRESENTATION_CONTEXT('2D SPACE',''
  ) );
#2890 = ORIENTED_EDGE('',*,*,#2748,.F.);
#2891 = ADVANCED_FACE('',(#2892),#2707,.T.);
#2892 = FACE_BOUND('',#2893,.T.);
#2893 = EDGE_LOOP('',(#2894,#2915,#2916,#2937));
#2894 = ORIENTED_EDGE('',*,*,#2895,.F.);
#2895 = EDGE_CURVE('',#2664,#2779,#2896,.T.);
#2896 = SURFACE_CURVE('',#2897,(#2901,#2908),.PCURVE_S1.);
#2897 = LINE('',#2898,#2899);
#2898 = CARTESIAN_POINT('',(-0.32,-4.76,-2.84));
#2899 = VECTOR('',#2900,1.);
#2900 = DIRECTION('',(1.,0.,-0.));
#2901 = PCURVE('',#2707,#2902);
#2902 = DEFINITIONAL_REPRESENTATION('',(#2903),#2907);
#2903 = LINE('',#2904,#2905);
#2904 = CARTESIAN_POINT('',(0.,0.));
#2905 = VECTOR('',#2906,1.);
#2906 = DIRECTION('',(0.,1.));
#2907 = ( GEOMETRIC_REPRESENTATION_CONTEXT(2) 
PARAMETRIC_REPRESENTATION_CONTEXT() REPRESENTATION_CONTEXT('2D SPACE',''
  ) );
#2908 = PCURVE('',#2679,#2909);
#2909 = DEFINITIONAL_REPRESENTATION('',(#2910),#2914);
#2910 = LINE('',#2911,#2912);
#2911 = CARTESIAN_POINT('',(0.,0.64));
#2912 = VECTOR('',#2913,1.);
#2913 = DIRECTION('',(1.,0.));
#2914 = ( GEOMETRIC_REPRESENTATION_CONTEXT(2) 
PARAMETRIC_REPRESENTATION_CONTEXT() REPRESENTATION_CONTEXT('2D SPACE',''
  ) );
#2915 = ORIENTED_EDGE('',*,*,#2691,.T.);
#2916 = ORIENTED_EDGE('',*,*,#2917,.T.);
#2917 = EDGE_CURVE('',#2692,#2802,#2918,.T.);
#2918 = SURFACE_CURVE('',#2919,(#2923,#2930),.PCURVE_S1.);
#2919 = LINE('',#2920,#2921);
#2920 = CARTESIAN_POINT('',(-0.32,-4.76,9.95));
#2921 = VECTOR('',#2922,1.);
#2922 = DIRECTION('',(1.,0.,-0.));
#2923 = PCURVE('',#2707,#2924);
#2924 = DEFINITIONAL_REPRESENTATION('',(#2925),#2929);
#2925 = LINE('',#2926,#2927);
#2926 = CARTESIAN_POINT('',(12.79,0.));
#2927 = VECTOR('',#2928,1.);
#2928 = DIRECTION('',(0.,1.));
#2929 = ( GEOMETRIC_REPRESENTATION_CONTEXT(2) 
PARAMETRIC_REPRESENTATION_CONTEXT() REPRESENTATION_CONTEXT('2D SPACE',''
  ) );
#2930 = PCURVE('',#2733,#2931);
#2931 = DEFINITIONAL_REPRESENTATION('',(#2932),#2936);
#2932 = LINE('',#2933,#2934);
#2933 = CARTESIAN_POINT('',(0.,0.64));
#2934 = VECTOR('',#2935,1.);
#2935 = DIRECTION('',(1.,0.));
#2936 = ( GEOMETRIC_REPRESENTATION_CONTEXT(2) 
PARAMETRIC_REPRESENTATION_CONTEXT() REPRESENTATION_CONTEXT('2D SPACE',''
  ) );
#2937 = ORIENTED_EDGE('',*,*,#2801,.F.);
#2938 = ADVANCED_FACE('',(#2939),#2679,.F.);
#2939 = FACE_BOUND('',#2940,.F.);
#2940 = EDGE_LOOP('',(#2941,#2942,#2943,#2944));
#2941 = ORIENTED_EDGE('',*,*,#2663,.F.);
#2942 = ORIENTED_EDGE('',*,*,#2848,.T.);
#2943 = ORIENTED_EDGE('',*,*,#2778,.T.);
#2944 = ORIENTED_EDGE('',*,*,#2895,.F.);
#2945 = ADVANCED_FACE('',(#2946),#2733,.T.);
#2946 = FACE_BOUND('',#2947,.T.);
#2947 = EDGE_LOOP('',(#2948,#2949,#2950,#2951));
#2948 = ORIENTED_EDGE('',*,*,#2719,.F.);
#2949 = ORIENTED_EDGE('',*,*,#2870,.T.);
#2950 = ORIENTED_EDGE('',*,*,#2824,.T.);
#2951 = ORIENTED_EDGE('',*,*,#2917,.F.);
#2952 = ( GEOMETRIC_REPRESENTATION_CONTEXT(3) 
GLOBAL_UNCERTAINTY_ASSIGNED_CONTEXT((#2956)) 
GLOBAL_UNIT_ASSIGNED_CONTEXT((#2953,#2954,#2955)) REPRESENTATION_CONTEXT
('Context #1','3D Context with UNIT and UNCERTAINTY') );
#2953 = ( LENGTH_UNIT() NAMED_UNIT(*) SI_UNIT(.MILLI.,.METRE.) );
#2954 = ( NAMED_UNIT(*) PLANE_ANGLE_UNIT() SI_UNIT($,.RADIAN.) );
#2955 = ( NAMED_UNIT(*) SI_UNIT($,.STERADIAN.) SOLID_ANGLE_UNIT() );
#2956 = UNCERTAINTY_MEASURE_WITH_UNIT(LENGTH_MEASURE(1.E-07),#2953,
  'distance_accuracy_value','confusion accuracy');
#2957 = CONTEXT_DEPENDENT_SHAPE_REPRESENTATION(#2958,#2960);
#2958 = ( REPRESENTATION_RELATIONSHIP('','',#2621,#10) 
REPRESENTATION_RELATIONSHIP_WITH_TRANSFORMATION(#2959) 
SHAPE_REPRESENTATION_RELATIONSHIP() );
#2959 = ITEM_DEFINED_TRANSFORMATION('','',#11,#35);
#2960 = PRODUCT_DEFINITION_SHAPE('Placement','Placement of an item',
  #2961);
#2961 = NEXT_ASSEMBLY_USAGE_OCCURRENCE('300','','',#5,#2616,$);
#2962 = PRODUCT_RELATED_PRODUCT_CATEGORY('part',$,(#2618));
#2963 = SHAPE_DEFINITION_REPRESENTATION(#2964,#2970);
#2964 = PRODUCT_DEFINITION_SHAPE('','',#2965);
#2965 = PRODUCT_DEFINITION('design','',#2966,#2969);
#2966 = PRODUCT_DEFINITION_FORMATION('','',#2967);
#2967 = PRODUCT('Open CASCADE STEP translator 7.9 22.7',
  'Open CASCADE STEP translator 7.9 22.7','',(#2968));
#2968 = PRODUCT_CONTEXT('',#2,'mechanical');
#2969 = PRODUCT_DEFINITION_CONTEXT('part definition',#2,'design');
#2970 = ADVANCED_BREP_SHAPE_REPRESENTATION('',(#11,#2971),#3301);
#2971 = MANIFOLD_SOLID_BREP('',#2972);
#2972 = CLOSED_SHELL('',(#2973,#3093,#3193,#3240,#3287,#3294));
#2973 = ADVANCED_FACE('',(#2974),#2988,.F.);
#2974 = FACE_BOUND('',#2975,.F.);
#2975 = EDGE_LOOP('',(#2976,#3011,#3039,#3067));
#2976 = ORIENTED_EDGE('',*,*,#2977,.F.);
#2977 = EDGE_CURVE('',#2978,#2980,#2982,.T.);
#2978 = VERTEX_POINT('',#2979);
#2979 = CARTESIAN_POINT('',(2.22,-5.4,-2.84));
#2980 = VERTEX_POINT('',#2981);
#2981 = CARTESIAN_POINT('',(2.22,-5.4,9.95));
#2982 = SURFACE_CURVE('',#2983,(#2987,#2999),.PCURVE_S1.);
#2983 = LINE('',#2984,#2985);
#2984 = CARTESIAN_POINT('',(2.22,-5.4,-2.84));
#2985 = VECTOR('',#2986,1.);
#2986 = DIRECTION('',(0.,0.,1.));
#2987 = PCURVE('',#2988,#2993);
#2988 = PLANE('',#2989);
#2989 = AXIS2_PLACEMENT_3D('',#2990,#2991,#2992);
#2990 = CARTESIAN_POINT('',(2.22,-5.4,-2.84));
#2991 = DIRECTION('',(1.,0.,-0.));
#2992 = DIRECTION('',(0.,0.,1.));
#2993 = DEFINITIONAL_REPRESENTATION('',(#2994),#2998);
#2994 = LINE('',#2995,#2996);
#2995 = CARTESIAN_POINT('',(0.,0.));
#2996 = VECTOR('',#2997,1.);
#2997 = DIRECTION('',(1.,0.));
#2998 = ( GEOMETRIC_REPRESENTATION_CONTEXT(2) 
PARAMETRIC_REPRESENTATION_CONTEXT() REPRESENTATION_CONTEXT('2D SPACE',''
  ) );
#2999 = PCURVE('',#3000,#3005);
#3000 = PLANE('',#3001);
#3001 = AXIS2_PLACEMENT_3D('',#3002,#3003,#3004);
#3002 = CARTESIAN_POINT('',(2.22,-5.4,-2.84));
#3003 = DIRECTION('',(-0.,1.,0.));
#3004 = DIRECTION('',(0.,0.,1.));
#3005 = DEFINITIONAL_REPRESENTATION('',(#3006),#3010);
#3006 = LINE('',#3007,#3008);
#3007 = CARTESIAN_POINT('',(0.,0.));
#3008 = VECTOR('',#3009,1.);
#3009 = DIRECTION('',(1.,0.));
#3010 = ( GEOMETRIC_REPRESENTATION_CONTEXT(2) 
PARAMETRIC_REPRESENTATION_CONTEXT() REPRESENTATION_CONTEXT('2D SPACE',''
  ) );
#3011 = ORIENTED_EDGE('',*,*,#3012,.T.);
#3012 = EDGE_CURVE('',#2978,#3013,#3015,.T.);
#3013 = VERTEX_POINT('',#3014);
#3014 = CARTESIAN_POINT('',(2.22,-4.76,-2.84));
#3015 = SURFACE_CURVE('',#3016,(#3020,#3027),.PCURVE_S1.);
#3016 = LINE('',#3017,#3018);
#3017 = CARTESIAN_POINT('',(2.22,-5.4,-2.84));
#3018 = VECTOR('',#3019,1.);
#3019 = DIRECTION('',(-0.,1.,0.));
#3020 = PCURVE('',#2988,#3021);
#3021 = DEFINITIONAL_REPRESENTATION('',(#3022),#3026);
#3022 = LINE('',#3023,#3024);
#3023 = CARTESIAN_POINT('',(0.,0.));
#3024 = VECTOR('',#3025,1.);
#3025 = DIRECTION('',(0.,-1.));
#3026 = ( GEOMETRIC_REPRESENTATION_CONTEXT(2) 
PARAMETRIC_REPRESENTATION_CONTEXT() REPRESENTATION_CONTEXT('2D SPACE',''
  ) );
#3027 = PCURVE('',#3028,#3033);
#3028 = PLANE('',#3029);
#3029 = AXIS2_PLACEMENT_3D('',#3030,#3031,#3032);
#3030 = CARTESIAN_POINT('',(2.22,-5.4,-2.84));
#3031 = DIRECTION('',(0.,0.,1.));
#3032 = DIRECTION('',(1.,0.,-0.));
#3033 = DEFINITIONAL_REPRESENTATION('',(#3034),#3038);
#3034 = LINE('',#3035,#3036);
#3035 = CARTESIAN_POINT('',(0.,0.));
#3036 = VECTOR('',#3037,1.);
#3037 = DIRECTION('',(0.,1.));
#3038 = ( GEOMETRIC_REPRESENTATION_CONTEXT(2) 
PARAMETRIC_REPRESENTATION_CONTEXT() REPRESENTATION_CONTEXT('2D SPACE',''
  ) );
#3039 = ORIENTED_EDGE('',*,*,#3040,.T.);
#3040 = EDGE_CURVE('',#3013,#3041,#3043,.T.);
#3041 = VERTEX_POINT('',#3042);
#3042 = CARTESIAN_POINT('',(2.22,-4.76,9.95));
#3043 = SURFACE_CURVE('',#3044,(#3048,#3055),.PCURVE_S1.);
#3044 = LINE('',#3045,#3046);
#3045 = CARTESIAN_POINT('',(2.22,-4.76,-2.84));
#3046 = VECTOR('',#3047,1.);
#3047 = DIRECTION('',(0.,0.,1.));
#3048 = PCURVE('',#2988,#3049);
#3049 = DEFINITIONAL_REPRESENTATION('',(#3050),#3054);
#3050 = LINE('',#3051,#3052);
#3051 = CARTESIAN_POINT('',(0.,-0.64));
#3052 = VECTOR('',#3053,1.);
#3053 = DIRECTION('',(1.,0.));
#3054 = ( GEOMETRIC_REPRESENTATION_CONTEXT(2) 
PARAMETRIC_REPRESENTATION_CONTEXT() REPRESENTATION_CONTEXT('2D SPACE',''
  ) );
#3055 = PCURVE('',#3056,#3061);
#3056 = PLANE('',#3057);
#3057 = AXIS2_PLACEMENT_3D('',#3058,#3059,#3060);
#3058 = CARTESIAN_POINT('',(2.22,-4.76,-2.84));
#3059 = DIRECTION('',(-0.,1.,0.));
#3060 = DIRECTION('',(0.,0.,1.));
#3061 = DEFINITIONAL_REPRESENTATION('',(#3062),#3066);
#3062 = LINE('',#3063,#3064);
#3063 = CARTESIAN_POINT('',(0.,0.));
#3064 = VECTOR('',#3065,1.);
#3065 = DIRECTION('',(1.,0.));
#3066 = ( GEOMETRIC_REPRESENTATION_CONTEXT(2) 
PARAMETRIC_REPRESENTATION_CONTEXT() REPRESENTATION_CONTEXT('2D SPACE',''
  ) );
#3067 = ORIENTED_EDGE('',*,*,#3068,.F.);
#3068 = EDGE_CURVE('',#2980,#3041,#3069,.T.);
#3069 = SURFACE_CURVE('',#3070,(#3074,#3081),.PCURVE_S1.);
#3070 = LINE('',#3071,#3072);
#3071 = CARTESIAN_POINT('',(2.22,-5.4,9.95));
#3072 = VECTOR('',#3073,1.);
#3073 = DIRECTION('',(-0.,1.,0.));
#3074 = PCURVE('',#2988,#3075);
#3075 = DEFINITIONAL_REPRESENTATION('',(#3076),#3080);
#3076 = LINE('',#3077,#3078);
#3077 = CARTESIAN_POINT('',(12.79,0.));
#3078 = VECTOR('',#3079,1.);
#3079 = DIRECTION('',(0.,-1.));
#3080 = ( GEOMETRIC_REPRESENTATION_CONTEXT(2) 
PARAMETRIC_REPRESENTATION_CONTEXT() REPRESENTATION_CONTEXT('2D SPACE',''
  ) );
#3081 = PCURVE('',#3082,#3087);
#3082 = PLANE('',#3083);
#3083 = AXIS2_PLACEMENT_3D('',#3084,#3085,#3086);
#3084 = CARTESIAN_POINT('',(2.22,-5.4,9.95));
#3085 = DIRECTION('',(0.,0.,1.));
#3086 = DIRECTION('',(1.,0.,-0.));
#3087 = DEFINITIONAL_REPRESENTATION('',(#3088),#3092);
#3088 = LINE('',#3089,#3090);
#3089 = CARTESIAN_POINT('',(0.,0.));
#3090 = VECTOR('',#3091,1.);
#3091 = DIRECTION('',(0.,1.));
#3092 = ( GEOMETRIC_REPRESENTATION_CONTEXT(2) 
PARAMETRIC_REPRESENTATION_CONTEXT() REPRESENTATION_CONTEXT('2D SPACE',''
  ) );
#3093 = ADVANCED_FACE('',(#3094),#3108,.T.);
#3094 = FACE_BOUND('',#3095,.T.);
#3095 = EDGE_LOOP('',(#3096,#3126,#3149,#3172));
#3096 = ORIENTED_EDGE('',*,*,#3097,.F.);
#3097 = EDGE_CURVE('',#3098,#3100,#3102,.T.);
#3098 = VERTEX_POINT('',#3099);
#3099 = CARTESIAN_POINT('',(2.86,-5.4,-2.84));
#3100 = VERTEX_POINT('',#3101);
#3101 = CARTESIAN_POINT('',(2.86,-5.4,9.95));
#3102 = SURFACE_CURVE('',#3103,(#3107,#3119),.PCURVE_S1.);
#3103 = LINE('',#3104,#3105);
#3104 = CARTESIAN_POINT('',(2.86,-5.4,-2.84));
#3105 = VECTOR('',#3106,1.);
#3106 = DIRECTION('',(0.,0.,1.));
#3107 = PCURVE('',#3108,#3113);
#3108 = PLANE('',#3109);
#3109 = AXIS2_PLACEMENT_3D('',#3110,#3111,#3112);
#3110 = CARTESIAN_POINT('',(2.86,-5.4,-2.84));
#3111 = DIRECTION('',(1.,0.,-0.));
#3112 = DIRECTION('',(0.,0.,1.));
#3113 = DEFINITIONAL_REPRESENTATION('',(#3114),#3118);
#3114 = LINE('',#3115,#3116);
#3115 = CARTESIAN_POINT('',(0.,0.));
#3116 = VECTOR('',#3117,1.);
#3117 = DIRECTION('',(1.,0.));
#3118 = ( GEOMETRIC_REPRESENTATION_CONTEXT(2) 
PARAMETRIC_REPRESENTATION_CONTEXT() REPRESENTATION_CONTEXT('2D SPACE',''
  ) );
#3119 = PCURVE('',#3000,#3120);
#3120 = DEFINITIONAL_REPRESENTATION('',(#3121),#3125);
#3121 = LINE('',#3122,#3123);
#3122 = CARTESIAN_POINT('',(0.,0.64));
#3123 = VECTOR('',#3124,1.);
#3124 = DIRECTION('',(1.,0.));
#3125 = ( GEOMETRIC_REPRESENTATION_CONTEXT(2) 
PARAMETRIC_REPRESENTATION_CONTEXT() REPRESENTATION_CONTEXT('2D SPACE',''
  ) );
#3126 = ORIENTED_EDGE('',*,*,#3127,.T.);
#3127 = EDGE_CURVE('',#3098,#3128,#3130,.T.);
#3128 = VERTEX_POINT('',#3129);
#3129 = CARTESIAN_POINT('',(2.86,-4.76,-2.84));
#3130 = SURFACE_CURVE('',#3131,(#3135,#3142),.PCURVE_S1.);
#3131 = LINE('',#3132,#3133);
#3132 = CARTESIAN_POINT('',(2.86,-5.4,-2.84));
#3133 = VECTOR('',#3134,1.);
#3134 = DIRECTION('',(-0.,1.,0.));
#3135 = PCURVE('',#3108,#3136);
#3136 = DEFINITIONAL_REPRESENTATION('',(#3137),#3141);
#3137 = LINE('',#3138,#3139);
#3138 = CARTESIAN_POINT('',(0.,0.));
#3139 = VECTOR('',#3140,1.);
#3140 = DIRECTION('',(0.,-1.));
#3141 = ( GEOMETRIC_REPRESENTATION_CONTEXT(2) 
PARAMETRIC_REPRESENTATION_CONTEXT() REPRESENTATION_CONTEXT('2D SPACE',''
  ) );
#3142 = PCURVE('',#3028,#3143);
#3143 = DEFINITIONAL_REPRESENTATION('',(#3144),#3148);
#3144 = LINE('',#3145,#3146);
#3145 = CARTESIAN_POINT('',(0.64,0.));
#3146 = VECTOR('',#3147,1.);
#3147 = DIRECTION('',(0.,1.));
#3148 = ( GEOMETRIC_REPRESENTATION_CONTEXT(2) 
PARAMETRIC_REPRESENTATION_CONTEXT() REPRESENTATION_CONTEXT('2D SPACE',''
  ) );
#3149 = ORIENTED_EDGE('',*,*,#3150,.T.);
#3150 = EDGE_CURVE('',#3128,#3151,#3153,.T.);
#3151 = VERTEX_POINT('',#3152);
#3152 = CARTESIAN_POINT('',(2.86,-4.76,9.95));
#3153 = SURFACE_CURVE('',#3154,(#3158,#3165),.PCURVE_S1.);
#3154 = LINE('',#3155,#3156);
#3155 = CARTESIAN_POINT('',(2.86,-4.76,-2.84));
#3156 = VECTOR('',#3157,1.);
#3157 = DIRECTION('',(0.,0.,1.));
#3158 = PCURVE('',#3108,#3159);
#3159 = DEFINITIONAL_REPRESENTATION('',(#3160),#3164);
#3160 = LINE('',#3161,#3162);
#3161 = CARTESIAN_POINT('',(0.,-0.64));
#3162 = VECTOR('',#3163,1.);
#3163 = DIRECTION('',(1.,0.));
#3164 = ( GEOMETRIC_REPRESENTATION_CONTEXT(2) 
PARAMETRIC_REPRESENTATION_CONTEXT() REPRESENTATION_CONTEXT('2D SPACE',''
  ) );
#3165 = PCURVE('',#3056,#3166);
#3166 = DEFINITIONAL_REPRESENTATION('',(#3167),#3171);
#3167 = LINE('',#3168,#3169);
#3168 = CARTESIAN_POINT('',(0.,0.64));
#3169 = VECTOR('',#3170,1.);
#3170 = DIRECTION('',(1.,0.));
#3171 = ( GEOMETRIC_REPRESENTATION_CONTEXT(2) 
PARAMETRIC_REPRESENTATION_CONTEXT() REPRESENTATION_CONTEXT('2D SPACE',''
  ) );
#3172 = ORIENTED_EDGE('',*,*,#3173,.F.);
#3173 = EDGE_CURVE('',#3100,#3151,#3174,.T.);
#3174 = SURFACE_CURVE('',#3175,(#3179,#3186),.PCURVE_S1.);
#3175 = LINE('',#3176,#3177);
#3176 = CARTESIAN_POINT('',(2.86,-5.4,9.95));
#3177 = VECTOR('',#3178,1.);
#3178 = DIRECTION('',(-0.,1.,0.));
#3179 = PCURVE('',#3108,#3180);
#3180 = DEFINITIONAL_REPRESENTATION('',(#3181),#3185);
#3181 = LINE('',#3182,#3183);
#3182 = CARTESIAN_POINT('',(12.79,0.));
#3183 = VECTOR('',#3184,1.);
#3184 = DIRECTION('',(0.,-1.));
#3185 = ( GEOMETRIC_REPRESENTATION_CONTEXT(2) 
PARAMETRIC_REPRESENTATION_CONTEXT() REPRESENTATION_CONTEXT('2D SPACE',''
  ) );
#3186 = PCURVE('',#3082,#3187);
#3187 = DEFINITIONAL_REPRESENTATION('',(#3188),#3192);
#3188 = LINE('',#3189,#3190);
#3189 = CARTESIAN_POINT('',(0.64,0.));
#3190 = VECTOR('',#3191,1.);
#3191 = DIRECTION('',(0.,1.));
#3192 = ( GEOMETRIC_REPRESENTATION_CONTEXT(2) 
PARAMETRIC_REPRESENTATION_CONTEXT() REPRESENTATION_CONTEXT('2D SPACE',''
  ) );
#3193 = ADVANCED_FACE('',(#3194),#3000,.F.);
#3194 = FACE_BOUND('',#3195,.F.);
#3195 = EDGE_LOOP('',(#3196,#3217,#3218,#3239));
#3196 = ORIENTED_EDGE('',*,*,#3197,.F.);
#3197 = EDGE_CURVE('',#2978,#3098,#3198,.T.);
#3198 = SURFACE_CURVE('',#3199,(#3203,#3210),.PCURVE_S1.);
#3199 = LINE('',#3200,#3201);
#3200 = CARTESIAN_POINT('',(2.22,-5.4,-2.84));
#3201 = VECTOR('',#3202,1.);
#3202 = DIRECTION('',(1.,0.,-0.));
#3203 = PCURVE('',#3000,#3204);
#3204 = DEFINITIONAL_REPRESENTATION('',(#3205),#3209);
#3205 = LINE('',#3206,#3207);
#3206 = CARTESIAN_POINT('',(0.,0.));
#3207 = VECTOR('',#3208,1.);
#3208 = DIRECTION('',(0.,1.));
#3209 = ( GEOMETRIC_REPRESENTATION_CONTEXT(2) 
PARAMETRIC_REPRESENTATION_CONTEXT() REPRESENTATION_CONTEXT('2D SPACE',''
  ) );
#3210 = PCURVE('',#3028,#3211);
#3211 = DEFINITIONAL_REPRESENTATION('',(#3212),#3216);
#3212 = LINE('',#3213,#3214);
#3213 = CARTESIAN_POINT('',(0.,0.));
#3214 = VECTOR('',#3215,1.);
#3215 = DIRECTION('',(1.,0.));
#3216 = ( GEOMETRIC_REPRESENTATION_CONTEXT(2) 
PARAMETRIC_REPRESENTATION_CONTEXT() REPRESENTATION_CONTEXT('2D SPACE',''
  ) );
#3217 = ORIENTED_EDGE('',*,*,#2977,.T.);
#3218 = ORIENTED_EDGE('',*,*,#3219,.T.);
#3219 = EDGE_CURVE('',#2980,#3100,#3220,.T.);
#3220 = SURFACE_CURVE('',#3221,(#3225,#3232),.PCURVE_S1.);
#3221 = LINE('',#3222,#3223);
#3222 = CARTESIAN_POINT('',(2.22,-5.4,9.95));
#3223 = VECTOR('',#3224,1.);
#3224 = DIRECTION('',(1.,0.,-0.));
#3225 = PCURVE('',#3000,#3226);
#3226 = DEFINITIONAL_REPRESENTATION('',(#3227),#3231);
#3227 = LINE('',#3228,#3229);
#3228 = CARTESIAN_POINT('',(12.79,0.));
#3229 = VECTOR('',#3230,1.);
#3230 = DIRECTION('',(0.,1.));
#3231 = ( GEOMETRIC_REPRESENTATION_CONTEXT(2) 
PARAMETRIC_REPRESENTATION_CONTEXT() REPRESENTATION_CONTEXT('2D SPACE',''
  ) );
#3232 = PCURVE('',#3082,#3233);
#3233 = DEFINITIONAL_REPRESENTATION('',(#3234),#3238);
#3234 = LINE('',#3235,#3236);
#3235 = CARTESIAN_POINT('',(0.,0.));
#3236 = VECTOR('',#3237,1.);
#3237 = DIRECTION('',(1.,0.));
#3238 = ( GEOMETRIC_REPRESENTATION_CONTEXT(2) 
PARAMETRIC_REPRESENTATION_CONTEXT() REPRESENTATION_CONTEXT('2D SPACE',''
  ) );
#3239 = ORIENTED_EDGE('',*,*,#3097,.F.);
#3240 = ADVANCED_FACE('',(#3241),#3056,.T.);
#3241 = FACE_BOUND('',#3242,.T.);
#3242 = EDGE_LOOP('',(#3243,#3264,#3265,#3286));
#3243 = ORIENTED_EDGE('',*,*,#3244,.F.);
#3244 = EDGE_CURVE('',#3013,#3128,#3245,.T.);
#3245 = SURFACE_CURVE('',#3246,(#3250,#3257),.PCURVE_S1.);
#3246 = LINE('',#3247,#3248);
#3247 = CARTESIAN_POINT('',(2.22,-4.76,-2.84));
#3248 = VECTOR('',#3249,1.);
#3249 = DIRECTION('',(1.,0.,-0.));
#3250 = PCURVE('',#3056,#3251);
#3251 = DEFINITIONAL_REPRESENTATION('',(#3252),#3256);
#3252 = LINE('',#3253,#3254);
#3253 = CARTESIAN_POINT('',(0.,0.));
#3254 = VECTOR('',#3255,1.);
#3255 = DIRECTION('',(0.,1.));
#3256 = ( GEOMETRIC_REPRESENTATION_CONTEXT(2) 
PARAMETRIC_REPRESENTATION_CONTEXT() REPRESENTATION_CONTEXT('2D SPACE',''
  ) );
#3257 = PCURVE('',#3028,#3258);
#3258 = DEFINITIONAL_REPRESENTATION('',(#3259),#3263);
#3259 = LINE('',#3260,#3261);
#3260 = CARTESIAN_POINT('',(0.,0.64));
#3261 = VECTOR('',#3262,1.);
#3262 = DIRECTION('',(1.,0.));
#3263 = ( GEOMETRIC_REPRESENTATION_CONTEXT(2) 
PARAMETRIC_REPRESENTATION_CONTEXT() REPRESENTATION_CONTEXT('2D SPACE',''
  ) );
#3264 = ORIENTED_EDGE('',*,*,#3040,.T.);
#3265 = ORIENTED_EDGE('',*,*,#3266,.T.);
#3266 = EDGE_CURVE('',#3041,#3151,#3267,.T.);
#3267 = SURFACE_CURVE('',#3268,(#3272,#3279),.PCURVE_S1.);
#3268 = LINE('',#3269,#3270);
#3269 = CARTESIAN_POINT('',(2.22,-4.76,9.95));
#3270 = VECTOR('',#3271,1.);
#3271 = DIRECTION('',(1.,0.,-0.));
#3272 = PCURVE('',#3056,#3273);
#3273 = DEFINITIONAL_REPRESENTATION('',(#3274),#3278);
#3274 = LINE('',#3275,#3276);
#3275 = CARTESIAN_POINT('',(12.79,0.));
#3276 = VECTOR('',#3277,1.);
#3277 = DIRECTION('',(0.,1.));
#3278 = ( GEOMETRIC_REPRESENTATION_CONTEXT(2) 
PARAMETRIC_REPRESENTATION_CONTEXT() REPRESENTATION_CONTEXT('2D SPACE',''
  ) );
#3279 = PCURVE('',#3082,#3280);
#3280 = DEFINITIONAL_REPRESENTATION('',(#3281),#3285);
#3281 = LINE('',#3282,#3283);
#3282 = CARTESIAN_POINT('',(0.,0.64));
#3283 = VECTOR('',#3284,1.);
#3284 = DIRECTION('',(1.,0.));
#3285 = ( GEOMETRIC_REPRESENTATION_CONTEXT(2) 
PARAMETRIC_REPRESENTATION_CONTEXT() REPRESENTATION_CONTEXT('2D SPACE',''
  ) );
#3286 = ORIENTED_EDGE('',*,*,#3150,.F.);
#3287 = ADVANCED_FACE('',(#3288),#3028,.F.);
#3288 = FACE_BOUND('',#3289,.F.);
#3289 = EDGE_LOOP('',(#3290,#3291,#3292,#3293));
#3290 = ORIENTED_EDGE('',*,*,#3012,.F.);
#3291 = ORIENTED_EDGE('',*,*,#3197,.T.);
#3292 = ORIENTED_EDGE('',*,*,#3127,.T.);
#3293 = ORIENTED_EDGE('',*,*,#3244,.F.);
#3294 = ADVANCED_FACE('',(#3295),#3082,.T.);
#3295 = FACE_BOUND('',#3296,.T.);
#3296 = EDGE_LOOP('',(#3297,#3298,#3299,#3300));
#3297 = ORIENTED_EDGE('',*,*,#3068,.F.);
#3298 = ORIENTED_EDGE('',*,*,#3219,.T.);
#3299 = ORIENTED_EDGE('',*,*,#3173,.T.);
#3300 = ORIENTED_EDGE('',*,*,#3266,.F.);
#3301 = ( GEOMETRIC_REPRESENTATION_CONTEXT(3) 
GLOBAL_UNCERTAINTY_ASSIGNED_CONTEXT((#3305)) 
GLOBAL_UNIT_ASSIGNED_CONTEXT((#3302,#3303,#3304)) REPRESENTATION_CONTEXT
('Context #1','3D Context with UNIT and UNCERTAINTY') );
#3302 = ( LENGTH_UNIT() NAMED_UNIT(*) SI_UNIT(.MILLI.,.METRE.) );
#3303 = ( NAMED_UNIT(*) PLANE_ANGLE_UNIT() SI_UNIT($,.RADIAN.) );
#3304 = ( NAMED_UNIT(*) SI_UNIT($,.STERADIAN.) SOLID_ANGLE_UNIT() );
#3305 = UNCERTAINTY_MEASURE_WITH_UNIT(LENGTH_MEASURE(1.E-07),#3302,
  'distance_accuracy_value','confusion accuracy');
#3306 = CONTEXT_DEPENDENT_SHAPE_REPRESENTATION(#3307,#3309);
#3307 = ( REPRESENTATION_RELATIONSHIP('','',#2970,#10) 
REPRESENTATION_RELATIONSHIP_WITH_TRANSFORMATION(#3308) 
SHAPE_REPRESENTATION_RELATIONSHIP() );
#3308 = ITEM_DEFINED_TRANSFORMATION('','',#11,#39);
#3309 = PRODUCT_DEFINITION_SHAPE('Placement','Placement of an item',
  #3310);
#3310 = NEXT_ASSEMBLY_USAGE_OCCURRENCE('301','','',#5,#2965,$);
#3311 = PRODUCT_RELATED_PRODUCT_CATEGORY('part',$,(#2967));
#3312 = SHAPE_DEFINITION_REPRESENTATION(#3313,#3319);
#3313 = PRODUCT_DEFINITION_SHAPE('','',#3314);
#3314 = PRODUCT_DEFINITION('design','',#3315,#3318);
#3315 = PRODUCT_DEFINITION_FORMATION('','',#3316);
#3316 = PRODUCT('Open CASCADE STEP translator 7.9 22.8',
  'Open CASCADE STEP translator 7.9 22.8','',(#3317));
#3317 = PRODUCT_CONTEXT('',#2,'mechanical');
#3318 = PRODUCT_DEFINITION_CONTEXT('part definition',#2,'design');
#3319 = ADVANCED_BREP_SHAPE_REPRESENTATION('',(#11,#3320),#3650);
#3320 = MANIFOLD_SOLID_BREP('',#3321);
#3321 = CLOSED_SHELL('',(#3322,#3442,#3542,#3589,#3636,#3643));
#3322 = ADVANCED_FACE('',(#3323),#3337,.F.);
#3323 = FACE_BOUND('',#3324,.F.);
#3324 = EDGE_LOOP('',(#3325,#3360,#3388,#3416));
#3325 = ORIENTED_EDGE('',*,*,#3326,.F.);
#3326 = EDGE_CURVE('',#3327,#3329,#3331,.T.);
#3327 = VERTEX_POINT('',#3328);
#3328 = CARTESIAN_POINT('',(-0.32,-7.94,-2.84));
#3329 = VERTEX_POINT('',#3330);
#3330 = CARTESIAN_POINT('',(-0.32,-7.94,9.95));
#3331 = SURFACE_CURVE('',#3332,(#3336,#3348),.PCURVE_S1.);
#3332 = LINE('',#3333,#3334);
#3333 = CARTESIAN_POINT('',(-0.32,-7.94,-2.84));
#3334 = VECTOR('',#3335,1.);
#3335 = DIRECTION('',(0.,0.,1.));
#3336 = PCURVE('',#3337,#3342);
#3337 = PLANE('',#3338);
#3338 = AXIS2_PLACEMENT_3D('',#3339,#3340,#3341);
#3339 = CARTESIAN_POINT('',(-0.32,-7.94,-2.84));
#3340 = DIRECTION('',(1.,0.,-0.));
#3341 = DIRECTION('',(0.,0.,1.));
#3342 = DEFINITIONAL_REPRESENTATION('',(#3343),#3347);
#3343 = LINE('',#3344,#3345);
#3344 = CARTESIAN_POINT('',(0.,0.));
#3345 = VECTOR('',#3346,1.);
#3346 = DIRECTION('',(1.,0.));
#3347 = ( GEOMETRIC_REPRESENTATION_CONTEXT(2) 
PARAMETRIC_REPRESENTATION_CONTEXT() REPRESENTATION_CONTEXT('2D SPACE',''
  ) );
#3348 = PCURVE('',#3349,#3354);
#3349 = PLANE('',#3350);
#3350 = AXIS2_PLACEMENT_3D('',#3351,#3352,#3353);
#3351 = CARTESIAN_POINT('',(-0.32,-7.94,-2.84));
#3352 = DIRECTION('',(-0.,1.,0.));
#3353 = DIRECTION('',(0.,0.,1.));
#3354 = DEFINITIONAL_REPRESENTATION('',(#3355),#3359);
#3355 = LINE('',#3356,#3357);
#3356 = CARTESIAN_POINT('',(0.,0.));
#3357 = VECTOR('',#3358,1.);
#3358 = DIRECTION('',(1.,0.));
#3359 = ( GEOMETRIC_REPRESENTATION_CONTEXT(2) 
PARAMETRIC_REPRESENTATION_CONTEXT() REPRESENTATION_CONTEXT('2D SPACE',''
  ) );
#3360 = ORIENTED_EDGE('',*,*,#3361,.T.);
#3361 = EDGE_CURVE('',#3327,#3362,#3364,.T.);
#3362 = VERTEX_POINT('',#3363);
#3363 = CARTESIAN_POINT('',(-0.32,-7.3,-2.84));
#3364 = SURFACE_CURVE('',#3365,(#3369,#3376),.PCURVE_S1.);
#3365 = LINE('',#3366,#3367);
#3366 = CARTESIAN_POINT('',(-0.32,-7.94,-2.84));
#3367 = VECTOR('',#3368,1.);
#3368 = DIRECTION('',(-0.,1.,0.));
#3369 = PCURVE('',#3337,#3370);
#3370 = DEFINITIONAL_REPRESENTATION('',(#3371),#3375);
#3371 = LINE('',#3372,#3373);
#3372 = CARTESIAN_POINT('',(0.,0.));
#3373 = VECTOR('',#3374,1.);
#3374 = DIRECTION('',(0.,-1.));
#3375 = ( GEOMETRIC_REPRESENTATION_CONTEXT(2) 
PARAMETRIC_REPRESENTATION_CONTEXT() REPRESENTATION_CONTEXT('2D SPACE',''
  ) );
#3376 = PCURVE('',#3377,#3382);
#3377 = PLANE('',#3378);
#3378 = AXIS2_PLACEMENT_3D('',#3379,#3380,#3381);
#3379 = CARTESIAN_POINT('',(-0.32,-7.94,-2.84));
#3380 = DIRECTION('',(0.,0.,1.));
#3381 = DIRECTION('',(1.,0.,-0.));
#3382 = DEFINITIONAL_REPRESENTATION('',(#3383),#3387);
#3383 = LINE('',#3384,#3385);
#3384 = CARTESIAN_POINT('',(0.,0.));
#3385 = VECTOR('',#3386,1.);
#3386 = DIRECTION('',(0.,1.));
#3387 = ( GEOMETRIC_REPRESENTATION_CONTEXT(2) 
PARAMETRIC_REPRESENTATION_CONTEXT() REPRESENTATION_CONTEXT('2D SPACE',''
  ) );
#3388 = ORIENTED_EDGE('',*,*,#3389,.T.);
#3389 = EDGE_CURVE('',#3362,#3390,#3392,.T.);
#3390 = VERTEX_POINT('',#3391);
#3391 = CARTESIAN_POINT('',(-0.32,-7.3,9.95));
#3392 = SURFACE_CURVE('',#3393,(#3397,#3404),.PCURVE_S1.);
#3393 = LINE('',#3394,#3395);
#3394 = CARTESIAN_POINT('',(-0.32,-7.3,-2.84));
#3395 = VECTOR('',#3396,1.);
#3396 = DIRECTION('',(0.,0.,1.));
#3397 = PCURVE('',#3337,#3398);
#3398 = DEFINITIONAL_REPRESENTATION('',(#3399),#3403);
#3399 = LINE('',#3400,#3401);
#3400 = CARTESIAN_POINT('',(0.,-0.64));
#3401 = VECTOR('',#3402,1.);
#3402 = DIRECTION('',(1.,0.));
#3403 = ( GEOMETRIC_REPRESENTATION_CONTEXT(2) 
PARAMETRIC_REPRESENTATION_CONTEXT() REPRESENTATION_CONTEXT('2D SPACE',''
  ) );
#3404 = PCURVE('',#3405,#3410);
#3405 = PLANE('',#3406);
#3406 = AXIS2_PLACEMENT_3D('',#3407,#3408,#3409);
#3407 = CARTESIAN_POINT('',(-0.32,-7.3,-2.84));
#3408 = DIRECTION('',(-0.,1.,0.));
#3409 = DIRECTION('',(0.,0.,1.));
#3410 = DEFINITIONAL_REPRESENTATION('',(#3411),#3415);
#3411 = LINE('',#3412,#3413);
#3412 = CARTESIAN_POINT('',(0.,0.));
#3413 = VECTOR('',#3414,1.);
#3414 = DIRECTION('',(1.,0.));
#3415 = ( GEOMETRIC_REPRESENTATION_CONTEXT(2) 
PARAMETRIC_REPRESENTATION_CONTEXT() REPRESENTATION_CONTEXT('2D SPACE',''
  ) );
#3416 = ORIENTED_EDGE('',*,*,#3417,.F.);
#3417 = EDGE_CURVE('',#3329,#3390,#3418,.T.);
#3418 = SURFACE_CURVE('',#3419,(#3423,#3430),.PCURVE_S1.);
#3419 = LINE('',#3420,#3421);
#3420 = CARTESIAN_POINT('',(-0.32,-7.94,9.95));
#3421 = VECTOR('',#3422,1.);
#3422 = DIRECTION('',(-0.,1.,0.));
#3423 = PCURVE('',#3337,#3424);
#3424 = DEFINITIONAL_REPRESENTATION('',(#3425),#3429);
#3425 = LINE('',#3426,#3427);
#3426 = CARTESIAN_POINT('',(12.79,0.));
#3427 = VECTOR('',#3428,1.);
#3428 = DIRECTION('',(0.,-1.));
#3429 = ( GEOMETRIC_REPRESENTATION_CONTEXT(2) 
PARAMETRIC_REPRESENTATION_CONTEXT() REPRESENTATION_CONTEXT('2D SPACE',''
  ) );
#3430 = PCURVE('',#3431,#3436);
#3431 = PLANE('',#3432);
#3432 = AXIS2_PLACEMENT_3D('',#3433,#3434,#3435);
#3433 = CARTESIAN_POINT('',(-0.32,-7.94,9.95));
#3434 = DIRECTION('',(0.,0.,1.));
#3435 = DIRECTION('',(1.,0.,-0.));
#3436 = DEFINITIONAL_REPRESENTATION('',(#3437),#3441);
#3437 = LINE('',#3438,#3439);
#3438 = CARTESIAN_POINT('',(0.,0.));
#3439 = VECTOR('',#3440,1.);
#3440 = DIRECTION('',(0.,1.));
#3441 = ( GEOMETRIC_REPRESENTATION_CONTEXT(2) 
PARAMETRIC_REPRESENTATION_CONTEXT() REPRESENTATION_CONTEXT('2D SPACE',''
  ) );
#3442 = ADVANCED_FACE('',(#3443),#3457,.T.);
#3443 = FACE_BOUND('',#3444,.T.);
#3444 = EDGE_LOOP('',(#3445,#3475,#3498,#3521));
#3445 = ORIENTED_EDGE('',*,*,#3446,.F.);
#3446 = EDGE_CURVE('',#3447,#3449,#3451,.T.);
#3447 = VERTEX_POINT('',#3448);
#3448 = CARTESIAN_POINT('',(0.32,-7.94,-2.84));
#3449 = VERTEX_POINT('',#3450);
#3450 = CARTESIAN_POINT('',(0.32,-7.94,9.95));
#3451 = SURFACE_CURVE('',#3452,(#3456,#3468),.PCURVE_S1.);
#3452 = LINE('',#3453,#3454);
#3453 = CARTESIAN_POINT('',(0.32,-7.94,-2.84));
#3454 = VECTOR('',#3455,1.);
#3455 = DIRECTION('',(0.,0.,1.));
#3456 = PCURVE('',#3457,#3462);
#3457 = PLANE('',#3458);
#3458 = AXIS2_PLACEMENT_3D('',#3459,#3460,#3461);
#3459 = CARTESIAN_POINT('',(0.32,-7.94,-2.84));
#3460 = DIRECTION('',(1.,0.,-0.));
#3461 = DIRECTION('',(0.,0.,1.));
#3462 = DEFINITIONAL_REPRESENTATION('',(#3463),#3467);
#3463 = LINE('',#3464,#3465);
#3464 = CARTESIAN_POINT('',(0.,0.));
#3465 = VECTOR('',#3466,1.);
#3466 = DIRECTION('',(1.,0.));
#3467 = ( GEOMETRIC_REPRESENTATION_CONTEXT(2) 
PARAMETRIC_REPRESENTATION_CONTEXT() REPRESENTATION_CONTEXT('2D SPACE',''
  ) );
#3468 = PCURVE('',#3349,#3469);
#3469 = DEFINITIONAL_REPRESENTATION('',(#3470),#3474);
#3470 = LINE('',#3471,#3472);
#3471 = CARTESIAN_POINT('',(0.,0.64));
#3472 = VECTOR('',#3473,1.);
#3473 = DIRECTION('',(1.,0.));
#3474 = ( GEOMETRIC_REPRESENTATION_CONTEXT(2) 
PARAMETRIC_REPRESENTATION_CONTEXT() REPRESENTATION_CONTEXT('2D SPACE',''
  ) );
#3475 = ORIENTED_EDGE('',*,*,#3476,.T.);
#3476 = EDGE_CURVE('',#3447,#3477,#3479,.T.);
#3477 = VERTEX_POINT('',#3478);
#3478 = CARTESIAN_POINT('',(0.32,-7.3,-2.84));
#3479 = SURFACE_CURVE('',#3480,(#3484,#3491),.PCURVE_S1.);
#3480 = LINE('',#3481,#3482);
#3481 = CARTESIAN_POINT('',(0.32,-7.94,-2.84));
#3482 = VECTOR('',#3483,1.);
#3483 = DIRECTION('',(-0.,1.,0.));
#3484 = PCURVE('',#3457,#3485);
#3485 = DEFINITIONAL_REPRESENTATION('',(#3486),#3490);
#3486 = LINE('',#3487,#3488);
#3487 = CARTESIAN_POINT('',(0.,0.));
#3488 = VECTOR('',#3489,1.);
#3489 = DIRECTION('',(0.,-1.));
#3490 = ( GEOMETRIC_REPRESENTATION_CONTEXT(2) 
PARAMETRIC_REPRESENTATION_CONTEXT() REPRESENTATION_CONTEXT('2D SPACE',''
  ) );
#3491 = PCURVE('',#3377,#3492);
#3492 = DEFINITIONAL_REPRESENTATION('',(#3493),#3497);
#3493 = LINE('',#3494,#3495);
#3494 = CARTESIAN_POINT('',(0.64,0.));
#3495 = VECTOR('',#3496,1.);
#3496 = DIRECTION('',(0.,1.));
#3497 = ( GEOMETRIC_REPRESENTATION_CONTEXT(2) 
PARAMETRIC_REPRESENTATION_CONTEXT() REPRESENTATION_CONTEXT('2D SPACE',''
  ) );
#3498 = ORIENTED_EDGE('',*,*,#3499,.T.);
#3499 = EDGE_CURVE('',#3477,#3500,#3502,.T.);
#3500 = VERTEX_POINT('',#3501);
#3501 = CARTESIAN_POINT('',(0.32,-7.3,9.95));
#3502 = SURFACE_CURVE('',#3503,(#3507,#3514),.PCURVE_S1.);
#3503 = LINE('',#3504,#3505);
#3504 = CARTESIAN_POINT('',(0.32,-7.3,-2.84));
#3505 = VECTOR('',#3506,1.);
#3506 = DIRECTION('',(0.,0.,1.));
#3507 = PCURVE('',#3457,#3508);
#3508 = DEFINITIONAL_REPRESENTATION('',(#3509),#3513);
#3509 = LINE('',#3510,#3511);
#3510 = CARTESIAN_POINT('',(0.,-0.64));
#3511 = VECTOR('',#3512,1.);
#3512 = DIRECTION('',(1.,0.));
#3513 = ( GEOMETRIC_REPRESENTATION_CONTEXT(2) 
PARAMETRIC_REPRESENTATION_CONTEXT() REPRESENTATION_CONTEXT('2D SPACE',''
  ) );
#3514 = PCURVE('',#3405,#3515);
#3515 = DEFINITIONAL_REPRESENTATION('',(#3516),#3520);
#3516 = LINE('',#3517,#3518);
#3517 = CARTESIAN_POINT('',(0.,0.64));
#3518 = VECTOR('',#3519,1.);
#3519 = DIRECTION('',(1.,0.));
#3520 = ( GEOMETRIC_REPRESENTATION_CONTEXT(2) 
PARAMETRIC_REPRESENTATION_CONTEXT() REPRESENTATION_CONTEXT('2D SPACE',''
  ) );
#3521 = ORIENTED_EDGE('',*,*,#3522,.F.);
#3522 = EDGE_CURVE('',#3449,#3500,#3523,.T.);
#3523 = SURFACE_CURVE('',#3524,(#3528,#3535),.PCURVE_S1.);
#3524 = LINE('',#3525,#3526);
#3525 = CARTESIAN_POINT('',(0.32,-7.94,9.95));
#3526 = VECTOR('',#3527,1.);
#3527 = DIRECTION('',(-0.,1.,0.));
#3528 = PCURVE('',#3457,#3529);
#3529 = DEFINITIONAL_REPRESENTATION('',(#3530),#3534);
#3530 = LINE('',#3531,#3532);
#3531 = CARTESIAN_POINT('',(12.79,0.));
#3532 = VECTOR('',#3533,1.);
#3533 = DIRECTION('',(0.,-1.));
#3534 = ( GEOMETRIC_REPRESENTATION_CONTEXT(2) 
PARAMETRIC_REPRESENTATION_CONTEXT() REPRESENTATION_CONTEXT('2D SPACE',''
  ) );
#3535 = PCURVE('',#3431,#3536);
#3536 = DEFINITIONAL_REPRESENTATION('',(#3537),#3541);
#3537 = LINE('',#3538,#3539);
#3538 = CARTESIAN_POINT('',(0.64,0.));
#3539 = VECTOR('',#3540,1.);
#3540 = DIRECTION('',(0.,1.));
#3541 = ( GEOMETRIC_REPRESENTATION_CONTEXT(2) 
PARAMETRIC_REPRESENTATION_CONTEXT() REPRESENTATION_CONTEXT('2D SPACE',''
  ) );
#3542 = ADVANCED_FACE('',(#3543),#3349,.F.);
#3543 = FACE_BOUND('',#3544,.F.);
#3544 = EDGE_LOOP('',(#3545,#3566,#3567,#3588));
#3545 = ORIENTED_EDGE('',*,*,#3546,.F.);
#3546 = EDGE_CURVE('',#3327,#3447,#3547,.T.);
#3547 = SURFACE_CURVE('',#3548,(#3552,#3559),.PCURVE_S1.);
#3548 = LINE('',#3549,#3550);
#3549 = CARTESIAN_POINT('',(-0.32,-7.94,-2.84));
#3550 = VECTOR('',#3551,1.);
#3551 = DIRECTION('',(1.,0.,-0.));
#3552 = PCURVE('',#3349,#3553);
#3553 = DEFINITIONAL_REPRESENTATION('',(#3554),#3558);
#3554 = LINE('',#3555,#3556);
#3555 = CARTESIAN_POINT('',(0.,0.));
#3556 = VECTOR('',#3557,1.);
#3557 = DIRECTION('',(0.,1.));
#3558 = ( GEOMETRIC_REPRESENTATION_CONTEXT(2) 
PARAMETRIC_REPRESENTATION_CONTEXT() REPRESENTATION_CONTEXT('2D SPACE',''
  ) );
#3559 = PCURVE('',#3377,#3560);
#3560 = DEFINITIONAL_REPRESENTATION('',(#3561),#3565);
#3561 = LINE('',#3562,#3563);
#3562 = CARTESIAN_POINT('',(0.,0.));
#3563 = VECTOR('',#3564,1.);
#3564 = DIRECTION('',(1.,0.));
#3565 = ( GEOMETRIC_REPRESENTATION_CONTEXT(2) 
PARAMETRIC_REPRESENTATION_CONTEXT() REPRESENTATION_CONTEXT('2D SPACE',''
  ) );
#3566 = ORIENTED_EDGE('',*,*,#3326,.T.);
#3567 = ORIENTED_EDGE('',*,*,#3568,.T.);
#3568 = EDGE_CURVE('',#3329,#3449,#3569,.T.);
#3569 = SURFACE_CURVE('',#3570,(#3574,#3581),.PCURVE_S1.);
#3570 = LINE('',#3571,#3572);
#3571 = CARTESIAN_POINT('',(-0.32,-7.94,9.95));
#3572 = VECTOR('',#3573,1.);
#3573 = DIRECTION('',(1.,0.,-0.));
#3574 = PCURVE('',#3349,#3575);
#3575 = DEFINITIONAL_REPRESENTATION('',(#3576),#3580);
#3576 = LINE('',#3577,#3578);
#3577 = CARTESIAN_POINT('',(12.79,0.));
#3578 = VECTOR('',#3579,1.);
#3579 = DIRECTION('',(0.,1.));
#3580 = ( GEOMETRIC_REPRESENTATION_CONTEXT(2) 
PARAMETRIC_REPRESENTATION_CONTEXT() REPRESENTATION_CONTEXT('2D SPACE',''
  ) );
#3581 = PCURVE('',#3431,#3582);
#3582 = DEFINITIONAL_REPRESENTATION('',(#3583),#3587);
#3583 = LINE('',#3584,#3585);
#3584 = CARTESIAN_POINT('',(0.,0.));
#3585 = VECTOR('',#3586,1.);
#3586 = DIRECTION('',(1.,0.));
#3587 = ( GEOMETRIC_REPRESENTATION_CONTEXT(2) 
PARAMETRIC_REPRESENTATION_CONTEXT() REPRESENTATION_CONTEXT('2D SPACE',''
  ) );
#3588 = ORIENTED_EDGE('',*,*,#3446,.F.);
#3589 = ADVANCED_FACE('',(#3590),#3405,.T.);
#3590 = FACE_BOUND('',#3591,.T.);
#3591 = EDGE_LOOP('',(#3592,#3613,#3614,#3635));
#3592 = ORIENTED_EDGE('',*,*,#3593,.F.);
#3593 = EDGE_CURVE('',#3362,#3477,#3594,.T.);
#3594 = SURFACE_CURVE('',#3595,(#3599,#3606),.PCURVE_S1.);
#3595 = LINE('',#3596,#3597);
#3596 = CARTESIAN_POINT('',(-0.32,-7.3,-2.84));
#3597 = VECTOR('',#3598,1.);
#3598 = DIRECTION('',(1.,0.,-0.));
#3599 = PCURVE('',#3405,#3600);
#3600 = DEFINITIONAL_REPRESENTATION('',(#3601),#3605);
#3601 = LINE('',#3602,#3603);
#3602 = CARTESIAN_POINT('',(0.,0.));
#3603 = VECTOR('',#3604,1.);
#3604 = DIRECTION('',(0.,1.));
#3605 = ( GEOMETRIC_REPRESENTATION_CONTEXT(2) 
PARAMETRIC_REPRESENTATION_CONTEXT() REPRESENTATION_CONTEXT('2D SPACE',''
  ) );
#3606 = PCURVE('',#3377,#3607);
#3607 = DEFINITIONAL_REPRESENTATION('',(#3608),#3612);
#3608 = LINE('',#3609,#3610);
#3609 = CARTESIAN_POINT('',(0.,0.64));
#3610 = VECTOR('',#3611,1.);
#3611 = DIRECTION('',(1.,0.));
#3612 = ( GEOMETRIC_REPRESENTATION_CONTEXT(2) 
PARAMETRIC_REPRESENTATION_CONTEXT() REPRESENTATION_CONTEXT('2D SPACE',''
  ) );
#3613 = ORIENTED_EDGE('',*,*,#3389,.T.);
#3614 = ORIENTED_EDGE('',*,*,#3615,.T.);
#3615 = EDGE_CURVE('',#3390,#3500,#3616,.T.);
#3616 = SURFACE_CURVE('',#3617,(#3621,#3628),.PCURVE_S1.);
#3617 = LINE('',#3618,#3619);
#3618 = CARTESIAN_POINT('',(-0.32,-7.3,9.95));
#3619 = VECTOR('',#3620,1.);
#3620 = DIRECTION('',(1.,0.,-0.));
#3621 = PCURVE('',#3405,#3622);
#3622 = DEFINITIONAL_REPRESENTATION('',(#3623),#3627);
#3623 = LINE('',#3624,#3625);
#3624 = CARTESIAN_POINT('',(12.79,0.));
#3625 = VECTOR('',#3626,1.);
#3626 = DIRECTION('',(0.,1.));
#3627 = ( GEOMETRIC_REPRESENTATION_CONTEXT(2) 
PARAMETRIC_REPRESENTATION_CONTEXT() REPRESENTATION_CONTEXT('2D SPACE',''
  ) );
#3628 = PCURVE('',#3431,#3629);
#3629 = DEFINITIONAL_REPRESENTATION('',(#3630),#3634);
#3630 = LINE('',#3631,#3632);
#3631 = CARTESIAN_POINT('',(0.,0.64));
#3632 = VECTOR('',#3633,1.);
#3633 = DIRECTION('',(1.,0.));
#3634 = ( GEOMETRIC_REPRESENTATION_CONTEXT(2) 
PARAMETRIC_REPRESENTATION_CONTEXT() REPRESENTATION_CONTEXT('2D SPACE',''
  ) );
#3635 = ORIENTED_EDGE('',*,*,#3499,.F.);
#3636 = ADVANCED_FACE('',(#3637),#3377,.F.);
#3637 = FACE_BOUND('',#3638,.F.);
#3638 = EDGE_LOOP('',(#3639,#3640,#3641,#3642));
#3639 = ORIENTED_EDGE('',*,*,#3361,.F.);
#3640 = ORIENTED_EDGE('',*,*,#3546,.T.);
#3641 = ORIENTED_EDGE('',*,*,#3476,.T.);
#3642 = ORIENTED_EDGE('',*,*,#3593,.F.);
#3643 = ADVANCED_FACE('',(#3644),#3431,.T.);
#3644 = FACE_BOUND('',#3645,.T.);
#3645 = EDGE_LOOP('',(#3646,#3647,#3648,#3649));
#3646 = ORIENTED_EDGE('',*,*,#3417,.F.);
#3647 = ORIENTED_EDGE('',*,*,#3568,.T.);
#3648 = ORIENTED_EDGE('',*,*,#3522,.T.);
#3649 = ORIENTED_EDGE('',*,*,#3615,.F.);
#3650 = ( GEOMETRIC_REPRESENTATION_CONTEXT(3) 
GLOBAL_UNCERTAINTY_ASSIGNED_CONTEXT((#3654)) 
GLOBAL_UNIT_ASSIGNED_CONTEXT((#3651,#3652,#3653)) REPRESENTATION_CONTEXT
('Context #1','3D Context with UNIT and UNCERTAINTY') );
#3651 = ( LENGTH_UNIT() NAMED_UNIT(*) SI_UNIT(.MILLI.,.METRE.) );
#3652 = ( NAMED_UNIT(*) PLANE_ANGLE_UNIT() SI_UNIT($,.RADIAN.) );
#3653 = ( NAMED_UNIT(*) SI_UNIT($,.STERADIAN.) SOLID_ANGLE_UNIT() );
#3654 = UNCERTAINTY_MEASURE_WITH_UNIT(LENGTH_MEASURE(1.E-07),#3651,
  'distance_accuracy_value','confusion accuracy');
#3655 = CONTEXT_DEPENDENT_SHAPE_REPRESENTATION(#3656,#3658);
#3656 = ( REPRESENTATION_RELATIONSHIP('','',#3319,#10) 
REPRESENTATION_RELATIONSHIP_WITH_TRANSFORMATION(#3657) 
SHAPE_REPRESENTATION_RELATIONSHIP() );
#3657 = ITEM_DEFINED_TRANSFORMATION('','',#11,#43);
#3658 = PRODUCT_DEFINITION_SHAPE('Placement','Placement of an item',
  #3659);
#3659 = NEXT_ASSEMBLY_USAGE_OCCURRENCE('302','','',#5,#3314,$);
#3660 = PRODUCT_RELATED_PRODUCT_CATEGORY('part',$,(#3316));
#3661 = SHAPE_DEFINITION_REPRESENTATION(#3662,#3668);
#3662 = PRODUCT_DEFINITION_SHAPE('','',#3663);
#3663 = PRODUCT_DEFINITION('design','',#3664,#3667);
#3664 = PRODUCT_DEFINITION_FORMATION('','',#3665);
#3665 = PRODUCT('Open CASCADE STEP translator 7.9 22.9',
  'Open CASCADE STEP translator 7.9 22.9','',(#3666));
#3666 = PRODUCT_CONTEXT('',#2,'mechanical');
#3667 = PRODUCT_DEFINITION_CONTEXT('part definition',#2,'design');
#3668 = ADVANCED_BREP_SHAPE_REPRESENTATION('',(#11,#3669),#3999);
#3669 = MANIFOLD_SOLID_BREP('',#3670);
#3670 = CLOSED_SHELL('',(#3671,#3791,#3891,#3938,#3985,#3992));
#3671 = ADVANCED_FACE('',(#3672),#3686,.F.);
#3672 = FACE_BOUND('',#3673,.F.);
#3673 = EDGE_LOOP('',(#3674,#3709,#3737,#3765));
#3674 = ORIENTED_EDGE('',*,*,#3675,.F.);
#3675 = EDGE_CURVE('',#3676,#3678,#3680,.T.);
#3676 = VERTEX_POINT('',#3677);
#3677 = CARTESIAN_POINT('',(2.22,-7.94,-2.84));
#3678 = VERTEX_POINT('',#3679);
#3679 = CARTESIAN_POINT('',(2.22,-7.94,9.95));
#3680 = SURFACE_CURVE('',#3681,(#3685,#3697),.PCURVE_S1.);
#3681 = LINE('',#3682,#3683);
#3682 = CARTESIAN_POINT('',(2.22,-7.94,-2.84));
#3683 = VECTOR('',#3684,1.);
#3684 = DIRECTION('',(0.,0.,1.));
#3685 = PCURVE('',#3686,#3691);
#3686 = PLANE('',#3687);
#3687 = AXIS2_PLACEMENT_3D('',#3688,#3689,#3690);
#3688 = CARTESIAN_POINT('',(2.22,-7.94,-2.84));
#3689 = DIRECTION('',(1.,0.,-0.));
#3690 = DIRECTION('',(0.,0.,1.));
#3691 = DEFINITIONAL_REPRESENTATION('',(#3692),#3696);
#3692 = LINE('',#3693,#3694);
#3693 = CARTESIAN_POINT('',(0.,0.));
#3694 = VECTOR('',#3695,1.);
#3695 = DIRECTION('',(1.,0.));
#3696 = ( GEOMETRIC_REPRESENTATION_CONTEXT(2) 
PARAMETRIC_REPRESENTATION_CONTEXT() REPRESENTATION_CONTEXT('2D SPACE',''
  ) );
#3697 = PCURVE('',#3698,#3703);
#3698 = PLANE('',#3699);
#3699 = AXIS2_PLACEMENT_3D('',#3700,#3701,#3702);
#3700 = CARTESIAN_POINT('',(2.22,-7.94,-2.84));
#3701 = DIRECTION('',(-0.,1.,0.));
#3702 = DIRECTION('',(0.,0.,1.));
#3703 = DEFINITIONAL_REPRESENTATION('',(#3704),#3708);
#3704 = LINE('',#3705,#3706);
#3705 = CARTESIAN_POINT('',(0.,0.));
#3706 = VECTOR('',#3707,1.);
#3707 = DIRECTION('',(1.,0.));
#3708 = ( GEOMETRIC_REPRESENTATION_CONTEXT(2) 
PARAMETRIC_REPRESENTATION_CONTEXT() REPRESENTATION_CONTEXT('2D SPACE',''
  ) );
#3709 = ORIENTED_EDGE('',*,*,#3710,.T.);
#3710 = EDGE_CURVE('',#3676,#3711,#3713,.T.);
#3711 = VERTEX_POINT('',#3712);
#3712 = CARTESIAN_POINT('',(2.22,-7.3,-2.84));
#3713 = SURFACE_CURVE('',#3714,(#3718,#3725),.PCURVE_S1.);
#3714 = LINE('',#3715,#3716);
#3715 = CARTESIAN_POINT('',(2.22,-7.94,-2.84));
#3716 = VECTOR('',#3717,1.);
#3717 = DIRECTION('',(-0.,1.,0.));
#3718 = PCURVE('',#3686,#3719);
#3719 = DEFINITIONAL_REPRESENTATION('',(#3720),#3724);
#3720 = LINE('',#3721,#3722);
#3721 = CARTESIAN_POINT('',(0.,0.));
#3722 = VECTOR('',#3723,1.);
#3723 = DIRECTION('',(0.,-1.));
#3724 = ( GEOMETRIC_REPRESENTATION_CONTEXT(2) 
PARAMETRIC_REPRESENTATION_CONTEXT() REPRESENTATION_CONTEXT('2D SPACE',''
  ) );
#3725 = PCURVE('',#3726,#3731);
#3726 = PLANE('',#3727);
#3727 = AXIS2_PLACEMENT_3D('',#3728,#3729,#3730);
#3728 = CARTESIAN_POINT('',(2.22,-7.94,-2.84));
#3729 = DIRECTION('',(0.,0.,1.));
#3730 = DIRECTION('',(1.,0.,-0.));
#3731 = DEFINITIONAL_REPRESENTATION('',(#3732),#3736);
#3732 = LINE('',#3733,#3734);
#3733 = CARTESIAN_POINT('',(0.,0.));
#3734 = VECTOR('',#3735,1.);
#3735 = DIRECTION('',(0.,1.));
#3736 = ( GEOMETRIC_REPRESENTATION_CONTEXT(2) 
PARAMETRIC_REPRESENTATION_CONTEXT() REPRESENTATION_CONTEXT('2D SPACE',''
  ) );
#3737 = ORIENTED_EDGE('',*,*,#3738,.T.);
#3738 = EDGE_CURVE('',#3711,#3739,#3741,.T.);
#3739 = VERTEX_POINT('',#3740);
#3740 = CARTESIAN_POINT('',(2.22,-7.3,9.95));
#3741 = SURFACE_CURVE('',#3742,(#3746,#3753),.PCURVE_S1.);
#3742 = LINE('',#3743,#3744);
#3743 = CARTESIAN_POINT('',(2.22,-7.3,-2.84));
#3744 = VECTOR('',#3745,1.);
#3745 = DIRECTION('',(0.,0.,1.));
#3746 = PCURVE('',#3686,#3747);
#3747 = DEFINITIONAL_REPRESENTATION('',(#3748),#3752);
#3748 = LINE('',#3749,#3750);
#3749 = CARTESIAN_POINT('',(0.,-0.64));
#3750 = VECTOR('',#3751,1.);
#3751 = DIRECTION('',(1.,0.));
#3752 = ( GEOMETRIC_REPRESENTATION_CONTEXT(2) 
PARAMETRIC_REPRESENTATION_CONTEXT() REPRESENTATION_CONTEXT('2D SPACE',''
  ) );
#3753 = PCURVE('',#3754,#3759);
#3754 = PLANE('',#3755);
#3755 = AXIS2_PLACEMENT_3D('',#3756,#3757,#3758);
#3756 = CARTESIAN_POINT('',(2.22,-7.3,-2.84));
#3757 = DIRECTION('',(-0.,1.,0.));
#3758 = DIRECTION('',(0.,0.,1.));
#3759 = DEFINITIONAL_REPRESENTATION('',(#3760),#3764);
#3760 = LINE('',#3761,#3762);
#3761 = CARTESIAN_POINT('',(0.,0.));
#3762 = VECTOR('',#3763,1.);
#3763 = DIRECTION('',(1.,0.));
#3764 = ( GEOMETRIC_REPRESENTATION_CONTEXT(2) 
PARAMETRIC_REPRESENTATION_CONTEXT() REPRESENTATION_CONTEXT('2D SPACE',''
  ) );
#3765 = ORIENTED_EDGE('',*,*,#3766,.F.);
#3766 = EDGE_CURVE('',#3678,#3739,#3767,.T.);
#3767 = SURFACE_CURVE('',#3768,(#3772,#3779),.PCURVE_S1.);
#3768 = LINE('',#3769,#3770);
#3769 = CARTESIAN_POINT('',(2.22,-7.94,9.95));
#3770 = VECTOR('',#3771,1.);
#3771 = DIRECTION('',(-0.,1.,0.));
#3772 = PCURVE('',#3686,#3773);
#3773 = DEFINITIONAL_REPRESENTATION('',(#3774),#3778);
#3774 = LINE('',#3775,#3776);
#3775 = CARTESIAN_POINT('',(12.79,0.));
#3776 = VECTOR('',#3777,1.);
#3777 = DIRECTION('',(0.,-1.));
#3778 = ( GEOMETRIC_REPRESENTATION_CONTEXT(2) 
PARAMETRIC_REPRESENTATION_CONTEXT() REPRESENTATION_CONTEXT('2D SPACE',''
  ) );
#3779 = PCURVE('',#3780,#3785);
#3780 = PLANE('',#3781);
#3781 = AXIS2_PLACEMENT_3D('',#3782,#3783,#3784);
#3782 = CARTESIAN_POINT('',(2.22,-7.94,9.95));
#3783 = DIRECTION('',(0.,0.,1.));
#3784 = DIRECTION('',(1.,0.,-0.));
#3785 = DEFINITIONAL_REPRESENTATION('',(#3786),#3790);
#3786 = LINE('',#3787,#3788);
#3787 = CARTESIAN_POINT('',(0.,0.));
#3788 = VECTOR('',#3789,1.);
#3789 = DIRECTION('',(0.,1.));
#3790 = ( GEOMETRIC_REPRESENTATION_CONTEXT(2) 
PARAMETRIC_REPRESENTATION_CONTEXT() REPRESENTATION_CONTEXT('2D SPACE',''
  ) );
#3791 = ADVANCED_FACE('',(#3792),#3806,.T.);
#3792 = FACE_BOUND('',#3793,.T.);
#3793 = EDGE_LOOP('',(#3794,#3824,#3847,#3870));
#3794 = ORIENTED_EDGE('',*,*,#3795,.F.);
#3795 = EDGE_CURVE('',#3796,#3798,#3800,.T.);
#3796 = VERTEX_POINT('',#3797);
#3797 = CARTESIAN_POINT('',(2.86,-7.94,-2.84));
#3798 = VERTEX_POINT('',#3799);
#3799 = CARTESIAN_POINT('',(2.86,-7.94,9.95));
#3800 = SURFACE_CURVE('',#3801,(#3805,#3817),.PCURVE_S1.);
#3801 = LINE('',#3802,#3803);
#3802 = CARTESIAN_POINT('',(2.86,-7.94,-2.84));
#3803 = VECTOR('',#3804,1.);
#3804 = DIRECTION('',(0.,0.,1.));
#3805 = PCURVE('',#3806,#3811);
#3806 = PLANE('',#3807);
#3807 = AXIS2_PLACEMENT_3D('',#3808,#3809,#3810);
#3808 = CARTESIAN_POINT('',(2.86,-7.94,-2.84));
#3809 = DIRECTION('',(1.,0.,-0.));
#3810 = DIRECTION('',(0.,0.,1.));
#3811 = DEFINITIONAL_REPRESENTATION('',(#3812),#3816);
#3812 = LINE('',#3813,#3814);
#3813 = CARTESIAN_POINT('',(0.,0.));
#3814 = VECTOR('',#3815,1.);
#3815 = DIRECTION('',(1.,0.));
#3816 = ( GEOMETRIC_REPRESENTATION_CONTEXT(2) 
PARAMETRIC_REPRESENTATION_CONTEXT() REPRESENTATION_CONTEXT('2D SPACE',''
  ) );
#3817 = PCURVE('',#3698,#3818);
#3818 = DEFINITIONAL_REPRESENTATION('',(#3819),#3823);
#3819 = LINE('',#3820,#3821);
#3820 = CARTESIAN_POINT('',(0.,0.64));
#3821 = VECTOR('',#3822,1.);
#3822 = DIRECTION('',(1.,0.));
#3823 = ( GEOMETRIC_REPRESENTATION_CONTEXT(2) 
PARAMETRIC_REPRESENTATION_CONTEXT() REPRESENTATION_CONTEXT('2D SPACE',''
  ) );
#3824 = ORIENTED_EDGE('',*,*,#3825,.T.);
#3825 = EDGE_CURVE('',#3796,#3826,#3828,.T.);
#3826 = VERTEX_POINT('',#3827);
#3827 = CARTESIAN_POINT('',(2.86,-7.3,-2.84));
#3828 = SURFACE_CURVE('',#3829,(#3833,#3840),.PCURVE_S1.);
#3829 = LINE('',#3830,#3831);
#3830 = CARTESIAN_POINT('',(2.86,-7.94,-2.84));
#3831 = VECTOR('',#3832,1.);
#3832 = DIRECTION('',(-0.,1.,0.));
#3833 = PCURVE('',#3806,#3834);
#3834 = DEFINITIONAL_REPRESENTATION('',(#3835),#3839);
#3835 = LINE('',#3836,#3837);
#3836 = CARTESIAN_POINT('',(0.,0.));
#3837 = VECTOR('',#3838,1.);
#3838 = DIRECTION('',(0.,-1.));
#3839 = ( GEOMETRIC_REPRESENTATION_CONTEXT(2) 
PARAMETRIC_REPRESENTATION_CONTEXT() REPRESENTATION_CONTEXT('2D SPACE',''
  ) );
#3840 = PCURVE('',#3726,#3841);
#3841 = DEFINITIONAL_REPRESENTATION('',(#3842),#3846);
#3842 = LINE('',#3843,#3844);
#3843 = CARTESIAN_POINT('',(0.64,0.));
#3844 = VECTOR('',#3845,1.);
#3845 = DIRECTION('',(0.,1.));
#3846 = ( GEOMETRIC_REPRESENTATION_CONTEXT(2) 
PARAMETRIC_REPRESENTATION_CONTEXT() REPRESENTATION_CONTEXT('2D SPACE',''
  ) );
#3847 = ORIENTED_EDGE('',*,*,#3848,.T.);
#3848 = EDGE_CURVE('',#3826,#3849,#3851,.T.);
#3849 = VERTEX_POINT('',#3850);
#3850 = CARTESIAN_POINT('',(2.86,-7.3,9.95));
#3851 = SURFACE_CURVE('',#3852,(#3856,#3863),.PCURVE_S1.);
#3852 = LINE('',#3853,#3854);
#3853 = CARTESIAN_POINT('',(2.86,-7.3,-2.84));
#3854 = VECTOR('',#3855,1.);
#3855 = DIRECTION('',(0.,0.,1.));
#3856 = PCURVE('',#3806,#3857);
#3857 = DEFINITIONAL_REPRESENTATION('',(#3858),#3862);
#3858 = LINE('',#3859,#3860);
#3859 = CARTESIAN_POINT('',(0.,-0.64));
#3860 = VECTOR('',#3861,1.);
#3861 = DIRECTION('',(1.,0.));
#3862 = ( GEOMETRIC_REPRESENTATION_CONTEXT(2) 
PARAMETRIC_REPRESENTATION_CONTEXT() REPRESENTATION_CONTEXT('2D SPACE',''
  ) );
#3863 = PCURVE('',#3754,#3864);
#3864 = DEFINITIONAL_REPRESENTATION('',(#3865),#3869);
#3865 = LINE('',#3866,#3867);
#3866 = CARTESIAN_POINT('',(0.,0.64));
#3867 = VECTOR('',#3868,1.);
#3868 = DIRECTION('',(1.,0.));
#3869 = ( GEOMETRIC_REPRESENTATION_CONTEXT(2) 
PARAMETRIC_REPRESENTATION_CONTEXT() REPRESENTATION_CONTEXT('2D SPACE',''
  ) );
#3870 = ORIENTED_EDGE('',*,*,#3871,.F.);
#3871 = EDGE_CURVE('',#3798,#3849,#3872,.T.);
#3872 = SURFACE_CURVE('',#3873,(#3877,#3884),.PCURVE_S1.);
#3873 = LINE('',#3874,#3875);
#3874 = CARTESIAN_POINT('',(2.86,-7.94,9.95));
#3875 = VECTOR('',#3876,1.);
#3876 = DIRECTION('',(-0.,1.,0.));
#3877 = PCURVE('',#3806,#3878);
#3878 = DEFINITIONAL_REPRESENTATION('',(#3879),#3883);
#3879 = LINE('',#3880,#3881);
#3880 = CARTESIAN_POINT('',(12.79,0.));
#3881 = VECTOR('',#3882,1.);
#3882 = DIRECTION('',(0.,-1.));
#3883 = ( GEOMETRIC_REPRESENTATION_CONTEXT(2) 
PARAMETRIC_REPRESENTATION_CONTEXT() REPRESENTATION_CONTEXT('2D SPACE',''
  ) );
#3884 = PCURVE('',#3780,#3885);
#3885 = DEFINITIONAL_REPRESENTATION('',(#3886),#3890);
#3886 = LINE('',#3887,#3888);
#3887 = CARTESIAN_POINT('',(0.64,0.));
#3888 = VECTOR('',#3889,1.);
#3889 = DIRECTION('',(0.,1.));
#3890 = ( GEOMETRIC_REPRESENTATION_CONTEXT(2) 
PARAMETRIC_REPRESENTATION_CONTEXT() REPRESENTATION_CONTEXT('2D SPACE',''
  ) );
#3891 = ADVANCED_FACE('',(#3892),#3698,.F.);
#3892 = FACE_BOUND('',#3893,.F.);
#3893 = EDGE_LOOP('',(#3894,#3915,#3916,#3937));
#3894 = ORIENTED_EDGE('',*,*,#3895,.F.);
#3895 = EDGE_CURVE('',#3676,#3796,#3896,.T.);
#3896 = SURFACE_CURVE('',#3897,(#3901,#3908),.PCURVE_S1.);
#3897 = LINE('',#3898,#3899);
#3898 = CARTESIAN_POINT('',(2.22,-7.94,-2.84));
#3899 = VECTOR('',#3900,1.);
#3900 = DIRECTION('',(1.,0.,-0.));
#3901 = PCURVE('',#3698,#3902);
#3902 = DEFINITIONAL_REPRESENTATION('',(#3903),#3907);
#3903 = LINE('',#3904,#3905);
#3904 = CARTESIAN_POINT('',(0.,0.));
#3905 = VECTOR('',#3906,1.);
#3906 = DIRECTION('',(0.,1.));
#3907 = ( GEOMETRIC_REPRESENTATION_CONTEXT(2) 
PARAMETRIC_REPRESENTATION_CONTEXT() REPRESENTATION_CONTEXT('2D SPACE',''
  ) );
#3908 = PCURVE('',#3726,#3909);
#3909 = DEFINITIONAL_REPRESENTATION('',(#3910),#3914);
#3910 = LINE('',#3911,#3912);
#3911 = CARTESIAN_POINT('',(0.,0.));
#3912 = VECTOR('',#3913,1.);
#3913 = DIRECTION('',(1.,0.));
#3914 = ( GEOMETRIC_REPRESENTATION_CONTEXT(2) 
PARAMETRIC_REPRESENTATION_CONTEXT() REPRESENTATION_CONTEXT('2D SPACE',''
  ) );
#3915 = ORIENTED_EDGE('',*,*,#3675,.T.);
#3916 = ORIENTED_EDGE('',*,*,#3917,.T.);
#3917 = EDGE_CURVE('',#3678,#3798,#3918,.T.);
#3918 = SURFACE_CURVE('',#3919,(#3923,#3930),.PCURVE_S1.);
#3919 = LINE('',#3920,#3921);
#3920 = CARTESIAN_POINT('',(2.22,-7.94,9.95));
#3921 = VECTOR('',#3922,1.);
#3922 = DIRECTION('',(1.,0.,-0.));
#3923 = PCURVE('',#3698,#3924);
#3924 = DEFINITIONAL_REPRESENTATION('',(#3925),#3929);
#3925 = LINE('',#3926,#3927);
#3926 = CARTESIAN_POINT('',(12.79,0.));
#3927 = VECTOR('',#3928,1.);
#3928 = DIRECTION('',(0.,1.));
#3929 = ( GEOMETRIC_REPRESENTATION_CONTEXT(2) 
PARAMETRIC_REPRESENTATION_CONTEXT() REPRESENTATION_CONTEXT('2D SPACE',''
  ) );
#3930 = PCURVE('',#3780,#3931);
#3931 = DEFINITIONAL_REPRESENTATION('',(#3932),#3936);
#3932 = LINE('',#3933,#3934);
#3933 = CARTESIAN_POINT('',(0.,0.));
#3934 = VECTOR('',#3935,1.);
#3935 = DIRECTION('',(1.,0.));
#3936 = ( GEOMETRIC_REPRESENTATION_CONTEXT(2) 
PARAMETRIC_REPRESENTATION_CONTEXT() REPRESENTATION_CONTEXT('2D SPACE',''
  ) );
#3937 = ORIENTED_EDGE('',*,*,#3795,.F.);
#3938 = ADVANCED_FACE('',(#3939),#3754,.T.);
#3939 = FACE_BOUND('',#3940,.T.);
#3940 = EDGE_LOOP('',(#3941,#3962,#3963,#3984));
#3941 = ORIENTED_EDGE('',*,*,#3942,.F.);
#3942 = EDGE_CURVE('',#3711,#3826,#3943,.T.);
#3943 = SURFACE_CURVE('',#3944,(#3948,#3955),.PCURVE_S1.);
#3944 = LINE('',#3945,#3946);
#3945 = CARTESIAN_POINT('',(2.22,-7.3,-2.84));
#3946 = VECTOR('',#3947,1.);
#3947 = DIRECTION('',(1.,0.,-0.));
#3948 = PCURVE('',#3754,#3949);
#3949 = DEFINITIONAL_REPRESENTATION('',(#3950),#3954);
#3950 = LINE('',#3951,#3952);
#3951 = CARTESIAN_POINT('',(0.,0.));
#3952 = VECTOR('',#3953,1.);
#3953 = DIRECTION('',(0.,1.));
#3954 = ( GEOMETRIC_REPRESENTATION_CONTEXT(2) 
PARAMETRIC_REPRESENTATION_CONTEXT() REPRESENTATION_CONTEXT('2D SPACE',''
  ) );
#3955 = PCURVE('',#3726,#3956);
#3956 = DEFINITIONAL_REPRESENTATION('',(#3957),#3961);
#3957 = LINE('',#3958,#3959);
#3958 = CARTESIAN_POINT('',(0.,0.64));
#3959 = VECTOR('',#3960,1.);
#3960 = DIRECTION('',(1.,0.));
#3961 = ( GEOMETRIC_REPRESENTATION_CONTEXT(2) 
PARAMETRIC_REPRESENTATION_CONTEXT() REPRESENTATION_CONTEXT('2D SPACE',''
  ) );
#3962 = ORIENTED_EDGE('',*,*,#3738,.T.);
#3963 = ORIENTED_EDGE('',*,*,#3964,.T.);
#3964 = EDGE_CURVE('',#3739,#3849,#3965,.T.);
#3965 = SURFACE_CURVE('',#3966,(#3970,#3977),.PCURVE_S1.);
#3966 = LINE('',#3967,#3968);
#3967 = CARTESIAN_POINT('',(2.22,-7.3,9.95));
#3968 = VECTOR('',#3969,1.);
#3969 = DIRECTION('',(1.,0.,-0.));
#3970 = PCURVE('',#3754,#3971);
#3971 = DEFINITIONAL_REPRESENTATION('',(#3972),#3976);
#3972 = LINE('',#3973,#3974);
#3973 = CARTESIAN_POINT('',(12.79,0.));
#3974 = VECTOR('',#3975,1.);
#3975 = DIRECTION('',(0.,1.));
#3976 = ( GEOMETRIC_REPRESENTATION_CONTEXT(2) 
PARAMETRIC_REPRESENTATION_CONTEXT() REPRESENTATION_CONTEXT('2D SPACE',''
  ) );
#3977 = PCURVE('',#3780,#3978);
#3978 = DEFINITIONAL_REPRESENTATION('',(#3979),#3983);
#3979 = LINE('',#3980,#3981);
#3980 = CARTESIAN_POINT('',(0.,0.64));
#3981 = VECTOR('',#3982,1.);
#3982 = DIRECTION('',(1.,0.));
#3983 = ( GEOMETRIC_REPRESENTATION_CONTEXT(2) 
PARAMETRIC_REPRESENTATION_CONTEXT() REPRESENTATION_CONTEXT('2D SPACE',''
  ) );
#3984 = ORIENTED_EDGE('',*,*,#3848,.F.);
#3985 = ADVANCED_FACE('',(#3986),#3726,.F.);
#3986 = FACE_BOUND('',#3987,.F.);
#3987 = EDGE_LOOP('',(#3988,#3989,#3990,#3991));
#3988 = ORIENTED_EDGE('',*,*,#3710,.F.);
#3989 = ORIENTED_EDGE('',*,*,#3895,.T.);
#3990 = ORIENTED_EDGE('',*,*,#3825,.T.);
#3991 = ORIENTED_EDGE('',*,*,#3942,.F.);
#3992 = ADVANCED_FACE('',(#3993),#3780,.T.);
#3993 = FACE_BOUND('',#3994,.T.);
#3994 = EDGE_LOOP('',(#3995,#3996,#3997,#3998));
#3995 = ORIENTED_EDGE('',*,*,#3766,.F.);
#3996 = ORIENTED_EDGE('',*,*,#3917,.T.);
#3997 = ORIENTED_EDGE('',*,*,#3871,.T.);
#3998 = ORIENTED_EDGE('',*,*,#3964,.F.);
#3999 = ( GEOMETRIC_REPRESENTATION_CONTEXT(3) 
GLOBAL_UNCERTAINTY_ASSIGNED_CONTEXT((#4003)) 
GLOBAL_UNIT_ASSIGNED_CONTEXT((#4000,#4001,#4002)) REPRESENTATION_CONTEXT
('Context #1','3D Context with UNIT and UNCERTAINTY') );
#4000 = ( LENGTH_UNIT() NAMED_UNIT(*) SI_UNIT(.MILLI.,.METRE.) );
#4001 = ( NAMED_UNIT(*) PLANE_ANGLE_UNIT() SI_UNIT($,.RADIAN.) );
#4002 = ( NAMED_UNIT(*) SI_UNIT($,.STERADIAN.) SOLID_ANGLE_UNIT() );
#4003 = UNCERTAINTY_MEASURE_WITH_UNIT(LENGTH_MEASURE(1.E-07),#4000,
  'distance_accuracy_value','confusion accuracy');
#4004 = CONTEXT_DEPENDENT_SHAPE_REPRESENTATION(#4005,#4007);
#4005 = ( REPRESENTATION_RELATIONSHIP('','',#3668,#10) 
REPRESENTATION_RELATIONSHIP_WITH_TRANSFORMATION(#4006) 
SHAPE_REPRESENTATION_RELATIONSHIP() );
#4006 = ITEM_DEFINED_TRANSFORMATION('','',#11,#47);
#4007 = PRODUCT_DEFINITION_SHAPE('Placement','Placement of an item',
  #4008);
#4008 = NEXT_ASSEMBLY_USAGE_OCCURRENCE('303','','',#5,#3663,$);
#4009 = PRODUCT_RELATED_PRODUCT_CATEGORY('part',$,(#3665));
#4010 = SHAPE_DEFINITION_REPRESENTATION(#4011,#4017);
#4011 = PRODUCT_DEFINITION_SHAPE('','',#4012);
#4012 = PRODUCT_DEFINITION('design','',#4013,#4016);
#4013 = PRODUCT_DEFINITION_FORMATION('','',#4014);
#4014 = PRODUCT('Open CASCADE STEP translator 7.9 22.10',
  'Open CASCADE STEP translator 7.9 22.10','',(#4015));
#4015 = PRODUCT_CONTEXT('',#2,'mechanical');
#4016 = PRODUCT_DEFINITION_CONTEXT('part definition',#2,'design');
#4017 = ADVANCED_BREP_SHAPE_REPRESENTATION('',(#11,#4018),#4348);
#4018 = MANIFOLD_SOLID_BREP('',#4019);
#4019 = CLOSED_SHELL('',(#4020,#4140,#4240,#4287,#4334,#4341));
#4020 = ADVANCED_FACE('',(#4021),#4035,.F.);
#4021 = FACE_BOUND('',#4022,.F.);
#4022 = EDGE_LOOP('',(#4023,#4058,#4086,#4114));
#4023 = ORIENTED_EDGE('',*,*,#4024,.F.);
#4024 = EDGE_CURVE('',#4025,#4027,#4029,.T.);
#4025 = VERTEX_POINT('',#4026);
#4026 = CARTESIAN_POINT('',(-0.32,-10.48,-2.84));
#4027 = VERTEX_POINT('',#4028);
#4028 = CARTESIAN_POINT('',(-0.32,-10.48,9.95));
#4029 = SURFACE_CURVE('',#4030,(#4034,#4046),.PCURVE_S1.);
#4030 = LINE('',#4031,#4032);
#4031 = CARTESIAN_POINT('',(-0.32,-10.48,-2.84));
#4032 = VECTOR('',#4033,1.);
#4033 = DIRECTION('',(0.,0.,1.));
#4034 = PCURVE('',#4035,#4040);
#4035 = PLANE('',#4036);
#4036 = AXIS2_PLACEMENT_3D('',#4037,#4038,#4039);
#4037 = CARTESIAN_POINT('',(-0.32,-10.48,-2.84));
#4038 = DIRECTION('',(1.,0.,-0.));
#4039 = DIRECTION('',(0.,0.,1.));
#4040 = DEFINITIONAL_REPRESENTATION('',(#4041),#4045);
#4041 = LINE('',#4042,#4043);
#4042 = CARTESIAN_POINT('',(0.,0.));
#4043 = VECTOR('',#4044,1.);
#4044 = DIRECTION('',(1.,0.));
#4045 = ( GEOMETRIC_REPRESENTATION_CONTEXT(2) 
PARAMETRIC_REPRESENTATION_CONTEXT() REPRESENTATION_CONTEXT('2D SPACE',''
  ) );
#4046 = PCURVE('',#4047,#4052);
#4047 = PLANE('',#4048);
#4048 = AXIS2_PLACEMENT_3D('',#4049,#4050,#4051);
#4049 = CARTESIAN_POINT('',(-0.32,-10.48,-2.84));
#4050 = DIRECTION('',(-0.,1.,0.));
#4051 = DIRECTION('',(0.,0.,1.));
#4052 = DEFINITIONAL_REPRESENTATION('',(#4053),#4057);
#4053 = LINE('',#4054,#4055);
#4054 = CARTESIAN_POINT('',(0.,0.));
#4055 = VECTOR('',#4056,1.);
#4056 = DIRECTION('',(1.,0.));
#4057 = ( GEOMETRIC_REPRESENTATION_CONTEXT(2) 
PARAMETRIC_REPRESENTATION_CONTEXT() REPRESENTATION_CONTEXT('2D SPACE',''
  ) );
#4058 = ORIENTED_EDGE('',*,*,#4059,.T.);
#4059 = EDGE_CURVE('',#4025,#4060,#4062,.T.);
#4060 = VERTEX_POINT('',#4061);
#4061 = CARTESIAN_POINT('',(-0.32,-9.84,-2.84));
#4062 = SURFACE_CURVE('',#4063,(#4067,#4074),.PCURVE_S1.);
#4063 = LINE('',#4064,#4065);
#4064 = CARTESIAN_POINT('',(-0.32,-10.48,-2.84));
#4065 = VECTOR('',#4066,1.);
#4066 = DIRECTION('',(-0.,1.,0.));
#4067 = PCURVE('',#4035,#4068);
#4068 = DEFINITIONAL_REPRESENTATION('',(#4069),#4073);
#4069 = LINE('',#4070,#4071);
#4070 = CARTESIAN_POINT('',(0.,0.));
#4071 = VECTOR('',#4072,1.);
#4072 = DIRECTION('',(0.,-1.));
#4073 = ( GEOMETRIC_REPRESENTATION_CONTEXT(2) 
PARAMETRIC_REPRESENTATION_CONTEXT() REPRESENTATION_CONTEXT('2D SPACE',''
  ) );
#4074 = PCURVE('',#4075,#4080);
#4075 = PLANE('',#4076);
#4076 = AXIS2_PLACEMENT_3D('',#4077,#4078,#4079);
#4077 = CARTESIAN_POINT('',(-0.32,-10.48,-2.84));
#4078 = DIRECTION('',(0.,0.,1.));
#4079 = DIRECTION('',(1.,0.,-0.));
#4080 = DEFINITIONAL_REPRESENTATION('',(#4081),#4085);
#4081 = LINE('',#4082,#4083);
#4082 = CARTESIAN_POINT('',(0.,0.));
#4083 = VECTOR('',#4084,1.);
#4084 = DIRECTION('',(0.,1.));
#4085 = ( GEOMETRIC_REPRESENTATION_CONTEXT(2) 
PARAMETRIC_REPRESENTATION_CONTEXT() REPRESENTATION_CONTEXT('2D SPACE',''
  ) );
#4086 = ORIENTED_EDGE('',*,*,#4087,.T.);
#4087 = EDGE_CURVE('',#4060,#4088,#4090,.T.);
#4088 = VERTEX_POINT('',#4089);
#4089 = CARTESIAN_POINT('',(-0.32,-9.84,9.95));
#4090 = SURFACE_CURVE('',#4091,(#4095,#4102),.PCURVE_S1.);
#4091 = LINE('',#4092,#4093);
#4092 = CARTESIAN_POINT('',(-0.32,-9.84,-2.84));
#4093 = VECTOR('',#4094,1.);
#4094 = DIRECTION('',(0.,0.,1.));
#4095 = PCURVE('',#4035,#4096);
#4096 = DEFINITIONAL_REPRESENTATION('',(#4097),#4101);
#4097 = LINE('',#4098,#4099);
#4098 = CARTESIAN_POINT('',(0.,-0.64));
#4099 = VECTOR('',#4100,1.);
#4100 = DIRECTION('',(1.,0.));
#4101 = ( GEOMETRIC_REPRESENTATION_CONTEXT(2) 
PARAMETRIC_REPRESENTATION_CONTEXT() REPRESENTATION_CONTEXT('2D SPACE',''
  ) );
#4102 = PCURVE('',#4103,#4108);
#4103 = PLANE('',#4104);
#4104 = AXIS2_PLACEMENT_3D('',#4105,#4106,#4107);
#4105 = CARTESIAN_POINT('',(-0.32,-9.84,-2.84));
#4106 = DIRECTION('',(-0.,1.,0.));
#4107 = DIRECTION('',(0.,0.,1.));
#4108 = DEFINITIONAL_REPRESENTATION('',(#4109),#4113);
#4109 = LINE('',#4110,#4111);
#4110 = CARTESIAN_POINT('',(0.,0.));
#4111 = VECTOR('',#4112,1.);
#4112 = DIRECTION('',(1.,0.));
#4113 = ( GEOMETRIC_REPRESENTATION_CONTEXT(2) 
PARAMETRIC_REPRESENTATION_CONTEXT() REPRESENTATION_CONTEXT('2D SPACE',''
  ) );
#4114 = ORIENTED_EDGE('',*,*,#4115,.F.);
#4115 = EDGE_CURVE('',#4027,#4088,#4116,.T.);
#4116 = SURFACE_CURVE('',#4117,(#4121,#4128),.PCURVE_S1.);
#4117 = LINE('',#4118,#4119);
#4118 = CARTESIAN_POINT('',(-0.32,-10.48,9.95));
#4119 = VECTOR('',#4120,1.);
#4120 = DIRECTION('',(-0.,1.,0.));
#4121 = PCURVE('',#4035,#4122);
#4122 = DEFINITIONAL_REPRESENTATION('',(#4123),#4127);
#4123 = LINE('',#4124,#4125);
#4124 = CARTESIAN_POINT('',(12.79,0.));
#4125 = VECTOR('',#4126,1.);
#4126 = DIRECTION('',(0.,-1.));
#4127 = ( GEOMETRIC_REPRESENTATION_CONTEXT(2) 
PARAMETRIC_REPRESENTATION_CONTEXT() REPRESENTATION_CONTEXT('2D SPACE',''
  ) );
#4128 = PCURVE('',#4129,#4134);
#4129 = PLANE('',#4130);
#4130 = AXIS2_PLACEMENT_3D('',#4131,#4132,#4133);
#4131 = CARTESIAN_POINT('',(-0.32,-10.48,9.95));
#4132 = DIRECTION('',(0.,0.,1.));
#4133 = DIRECTION('',(1.,0.,-0.));
#4134 = DEFINITIONAL_REPRESENTATION('',(#4135),#4139);
#4135 = LINE('',#4136,#4137);
#4136 = CARTESIAN_POINT('',(0.,0.));
#4137 = VECTOR('',#4138,1.);
#4138 = DIRECTION('',(0.,1.));
#4139 = ( GEOMETRIC_REPRESENTATION_CONTEXT(2) 
PARAMETRIC_REPRESENTATION_CONTEXT() REPRESENTATION_CONTEXT('2D SPACE',''
  ) );
#4140 = ADVANCED_FACE('',(#4141),#4155,.T.);
#4141 = FACE_BOUND('',#4142,.T.);
#4142 = EDGE_LOOP('',(#4143,#4173,#4196,#4219));
#4143 = ORIENTED_EDGE('',*,*,#4144,.F.);
#4144 = EDGE_CURVE('',#4145,#4147,#4149,.T.);
#4145 = VERTEX_POINT('',#4146);
#4146 = CARTESIAN_POINT('',(0.32,-10.48,-2.84));
#4147 = VERTEX_POINT('',#4148);
#4148 = CARTESIAN_POINT('',(0.32,-10.48,9.95));
#4149 = SURFACE_CURVE('',#4150,(#4154,#4166),.PCURVE_S1.);
#4150 = LINE('',#4151,#4152);
#4151 = CARTESIAN_POINT('',(0.32,-10.48,-2.84));
#4152 = VECTOR('',#4153,1.);
#4153 = DIRECTION('',(0.,0.,1.));
#4154 = PCURVE('',#4155,#4160);
#4155 = PLANE('',#4156);
#4156 = AXIS2_PLACEMENT_3D('',#4157,#4158,#4159);
#4157 = CARTESIAN_POINT('',(0.32,-10.48,-2.84));
#4158 = DIRECTION('',(1.,0.,-0.));
#4159 = DIRECTION('',(0.,0.,1.));
#4160 = DEFINITIONAL_REPRESENTATION('',(#4161),#4165);
#4161 = LINE('',#4162,#4163);
#4162 = CARTESIAN_POINT('',(0.,0.));
#4163 = VECTOR('',#4164,1.);
#4164 = DIRECTION('',(1.,0.));
#4165 = ( GEOMETRIC_REPRESENTATION_CONTEXT(2) 
PARAMETRIC_REPRESENTATION_CONTEXT() REPRESENTATION_CONTEXT('2D SPACE',''
  ) );
#4166 = PCURVE('',#4047,#4167);
#4167 = DEFINITIONAL_REPRESENTATION('',(#4168),#4172);
#4168 = LINE('',#4169,#4170);
#4169 = CARTESIAN_POINT('',(0.,0.64));
#4170 = VECTOR('',#4171,1.);
#4171 = DIRECTION('',(1.,0.));
#4172 = ( GEOMETRIC_REPRESENTATION_CONTEXT(2) 
PARAMETRIC_REPRESENTATION_CONTEXT() REPRESENTATION_CONTEXT('2D SPACE',''
  ) );
#4173 = ORIENTED_EDGE('',*,*,#4174,.T.);
#4174 = EDGE_CURVE('',#4145,#4175,#4177,.T.);
#4175 = VERTEX_POINT('',#4176);
#4176 = CARTESIAN_POINT('',(0.32,-9.84,-2.84));
#4177 = SURFACE_CURVE('',#4178,(#4182,#4189),.PCURVE_S1.);
#4178 = LINE('',#4179,#4180);
#4179 = CARTESIAN_POINT('',(0.32,-10.48,-2.84));
#4180 = VECTOR('',#4181,1.);
#4181 = DIRECTION('',(-0.,1.,0.));
#4182 = PCURVE('',#4155,#4183);
#4183 = DEFINITIONAL_REPRESENTATION('',(#4184),#4188);
#4184 = LINE('',#4185,#4186);
#4185 = CARTESIAN_POINT('',(0.,0.));
#4186 = VECTOR('',#4187,1.);
#4187 = DIRECTION('',(0.,-1.));
#4188 = ( GEOMETRIC_REPRESENTATION_CONTEXT(2) 
PARAMETRIC_REPRESENTATION_CONTEXT() REPRESENTATION_CONTEXT('2D SPACE',''
  ) );
#4189 = PCURVE('',#4075,#4190);
#4190 = DEFINITIONAL_REPRESENTATION('',(#4191),#4195);
#4191 = LINE('',#4192,#4193);
#4192 = CARTESIAN_POINT('',(0.64,0.));
#4193 = VECTOR('',#4194,1.);
#4194 = DIRECTION('',(0.,1.));
#4195 = ( GEOMETRIC_REPRESENTATION_CONTEXT(2) 
PARAMETRIC_REPRESENTATION_CONTEXT() REPRESENTATION_CONTEXT('2D SPACE',''
  ) );
#4196 = ORIENTED_EDGE('',*,*,#4197,.T.);
#4197 = EDGE_CURVE('',#4175,#4198,#4200,.T.);
#4198 = VERTEX_POINT('',#4199);
#4199 = CARTESIAN_POINT('',(0.32,-9.84,9.95));
#4200 = SURFACE_CURVE('',#4201,(#4205,#4212),.PCURVE_S1.);
#4201 = LINE('',#4202,#4203);
#4202 = CARTESIAN_POINT('',(0.32,-9.84,-2.84));
#4203 = VECTOR('',#4204,1.);
#4204 = DIRECTION('',(0.,0.,1.));
#4205 = PCURVE('',#4155,#4206);
#4206 = DEFINITIONAL_REPRESENTATION('',(#4207),#4211);
#4207 = LINE('',#4208,#4209);
#4208 = CARTESIAN_POINT('',(0.,-0.64));
#4209 = VECTOR('',#4210,1.);
#4210 = DIRECTION('',(1.,0.));
#4211 = ( GEOMETRIC_REPRESENTATION_CONTEXT(2) 
PARAMETRIC_REPRESENTATION_CONTEXT() REPRESENTATION_CONTEXT('2D SPACE',''
  ) );
#4212 = PCURVE('',#4103,#4213);
#4213 = DEFINITIONAL_REPRESENTATION('',(#4214),#4218);
#4214 = LINE('',#4215,#4216);
#4215 = CARTESIAN_POINT('',(0.,0.64));
#4216 = VECTOR('',#4217,1.);
#4217 = DIRECTION('',(1.,0.));
#4218 = ( GEOMETRIC_REPRESENTATION_CONTEXT(2) 
PARAMETRIC_REPRESENTATION_CONTEXT() REPRESENTATION_CONTEXT('2D SPACE',''
  ) );
#4219 = ORIENTED_EDGE('',*,*,#4220,.F.);
#4220 = EDGE_CURVE('',#4147,#4198,#4221,.T.);
#4221 = SURFACE_CURVE('',#4222,(#4226,#4233),.PCURVE_S1.);
#4222 = LINE('',#4223,#4224);
#4223 = CARTESIAN_POINT('',(0.32,-10.48,9.95));
#4224 = VECTOR('',#4225,1.);
#4225 = DIRECTION('',(-0.,1.,0.));
#4226 = PCURVE('',#4155,#4227);
#4227 = DEFINITIONAL_REPRESENTATION('',(#4228),#4232);
#4228 = LINE('',#4229,#4230);
#4229 = CARTESIAN_POINT('',(12.79,0.));
#4230 = VECTOR('',#4231,1.);
#4231 = DIRECTION('',(0.,-1.));
#4232 = ( GEOMETRIC_REPRESENTATION_CONTEXT(2) 
PARAMETRIC_REPRESENTATION_CONTEXT() REPRESENTATION_CONTEXT('2D SPACE',''
  ) );
#4233 = PCURVE('',#4129,#4234);
#4234 = DEFINITIONAL_REPRESENTATION('',(#4235),#4239);
#4235 = LINE('',#4236,#4237);
#4236 = CARTESIAN_POINT('',(0.64,0.));
#4237 = VECTOR('',#4238,1.);
#4238 = DIRECTION('',(0.,1.));
#4239 = ( GEOMETRIC_REPRESENTATION_CONTEXT(2) 
PARAMETRIC_REPRESENTATION_CONTEXT() REPRESENTATION_CONTEXT('2D SPACE',''
  ) );
#4240 = ADVANCED_FACE('',(#4241),#4047,.F.);
#4241 = FACE_BOUND('',#4242,.F.);
#4242 = EDGE_LOOP('',(#4243,#4264,#4265,#4286));
#4243 = ORIENTED_EDGE('',*,*,#4244,.F.);
#4244 = EDGE_CURVE('',#4025,#4145,#4245,.T.);
#4245 = SURFACE_CURVE('',#4246,(#4250,#4257),.PCURVE_S1.);
#4246 = LINE('',#4247,#4248);
#4247 = CARTESIAN_POINT('',(-0.32,-10.48,-2.84));
#4248 = VECTOR('',#4249,1.);
#4249 = DIRECTION('',(1.,0.,-0.));
#4250 = PCURVE('',#4047,#4251);
#4251 = DEFINITIONAL_REPRESENTATION('',(#4252),#4256);
#4252 = LINE('',#4253,#4254);
#4253 = CARTESIAN_POINT('',(0.,0.));
#4254 = VECTOR('',#4255,1.);
#4255 = DIRECTION('',(0.,1.));
#4256 = ( GEOMETRIC_REPRESENTATION_CONTEXT(2) 
PARAMETRIC_REPRESENTATION_CONTEXT() REPRESENTATION_CONTEXT('2D SPACE',''
  ) );
#4257 = PCURVE('',#4075,#4258);
#4258 = DEFINITIONAL_REPRESENTATION('',(#4259),#4263);
#4259 = LINE('',#4260,#4261);
#4260 = CARTESIAN_POINT('',(0.,0.));
#4261 = VECTOR('',#4262,1.);
#4262 = DIRECTION('',(1.,0.));
#4263 = ( GEOMETRIC_REPRESENTATION_CONTEXT(2) 
PARAMETRIC_REPRESENTATION_CONTEXT() REPRESENTATION_CONTEXT('2D SPACE',''
  ) );
#4264 = ORIENTED_EDGE('',*,*,#4024,.T.);
#4265 = ORIENTED_EDGE('',*,*,#4266,.T.);
#4266 = EDGE_CURVE('',#4027,#4147,#4267,.T.);
#4267 = SURFACE_CURVE('',#4268,(#4272,#4279),.PCURVE_S1.);
#4268 = LINE('',#4269,#4270);
#4269 = CARTESIAN_POINT('',(-0.32,-10.48,9.95));
#4270 = VECTOR('',#4271,1.);
#4271 = DIRECTION('',(1.,0.,-0.));
#4272 = PCURVE('',#4047,#4273);
#4273 = DEFINITIONAL_REPRESENTATION('',(#4274),#4278);
#4274 = LINE('',#4275,#4276);
#4275 = CARTESIAN_POINT('',(12.79,0.));
#4276 = VECTOR('',#4277,1.);
#4277 = DIRECTION('',(0.,1.));
#4278 = ( GEOMETRIC_REPRESENTATION_CONTEXT(2) 
PARAMETRIC_REPRESENTATION_CONTEXT() REPRESENTATION_CONTEXT('2D SPACE',''
  ) );
#4279 = PCURVE('',#4129,#4280);
#4280 = DEFINITIONAL_REPRESENTATION('',(#4281),#4285);
#4281 = LINE('',#4282,#4283);
#4282 = CARTESIAN_POINT('',(0.,0.));
#4283 = VECTOR('',#4284,1.);
#4284 = DIRECTION('',(1.,0.));
#4285 = ( GEOMETRIC_REPRESENTATION_CONTEXT(2) 
PARAMETRIC_REPRESENTATION_CONTEXT() REPRESENTATION_CONTEXT('2D SPACE',''
  ) );
#4286 = ORIENTED_EDGE('',*,*,#4144,.F.);
#4287 = ADVANCED_FACE('',(#4288),#4103,.T.);
#4288 = FACE_BOUND('',#4289,.T.);
#4289 = EDGE_LOOP('',(#4290,#4311,#4312,#4333));
#4290 = ORIENTED_EDGE('',*,*,#4291,.F.);
#4291 = EDGE_CURVE('',#4060,#4175,#4292,.T.);
#4292 = SURFACE_CURVE('',#4293,(#4297,#4304),.PCURVE_S1.);
#4293 = LINE('',#4294,#4295);
#4294 = CARTESIAN_POINT('',(-0.32,-9.84,-2.84));
#4295 = VECTOR('',#4296,1.);
#4296 = DIRECTION('',(1.,0.,-0.));
#4297 = PCURVE('',#4103,#4298);
#4298 = DEFINITIONAL_REPRESENTATION('',(#4299),#4303);
#4299 = LINE('',#4300,#4301);
#4300 = CARTESIAN_POINT('',(0.,0.));
#4301 = VECTOR('',#4302,1.);
#4302 = DIRECTION('',(0.,1.));
#4303 = ( GEOMETRIC_REPRESENTATION_CONTEXT(2) 
PARAMETRIC_REPRESENTATION_CONTEXT() REPRESENTATION_CONTEXT('2D SPACE',''
  ) );
#4304 = PCURVE('',#4075,#4305);
#4305 = DEFINITIONAL_REPRESENTATION('',(#4306),#4310);
#4306 = LINE('',#4307,#4308);
#4307 = CARTESIAN_POINT('',(0.,0.64));
#4308 = VECTOR('',#4309,1.);
#4309 = DIRECTION('',(1.,0.));
#4310 = ( GEOMETRIC_REPRESENTATION_CONTEXT(2) 
PARAMETRIC_REPRESENTATION_CONTEXT() REPRESENTATION_CONTEXT('2D SPACE',''
  ) );
#4311 = ORIENTED_EDGE('',*,*,#4087,.T.);
#4312 = ORIENTED_EDGE('',*,*,#4313,.T.);
#4313 = EDGE_CURVE('',#4088,#4198,#4314,.T.);
#4314 = SURFACE_CURVE('',#4315,(#4319,#4326),.PCURVE_S1.);
#4315 = LINE('',#4316,#4317);
#4316 = CARTESIAN_POINT('',(-0.32,-9.84,9.95));
#4317 = VECTOR('',#4318,1.);
#4318 = DIRECTION('',(1.,0.,-0.));
#4319 = PCURVE('',#4103,#4320);
#4320 = DEFINITIONAL_REPRESENTATION('',(#4321),#4325);
#4321 = LINE('',#4322,#4323);
#4322 = CARTESIAN_POINT('',(12.79,0.));
#4323 = VECTOR('',#4324,1.);
#4324 = DIRECTION('',(0.,1.));
#4325 = ( GEOMETRIC_REPRESENTATION_CONTEXT(2) 
PARAMETRIC_REPRESENTATION_CONTEXT() REPRESENTATION_CONTEXT('2D SPACE',''
  ) );
#4326 = PCURVE('',#4129,#4327);
#4327 = DEFINITIONAL_REPRESENTATION('',(#4328),#4332);
#4328 = LINE('',#4329,#4330);
#4329 = CARTESIAN_POINT('',(0.,0.64));
#4330 = VECTOR('',#4331,1.);
#4331 = DIRECTION('',(1.,0.));
#4332 = ( GEOMETRIC_REPRESENTATION_CONTEXT(2) 
PARAMETRIC_REPRESENTATION_CONTEXT() REPRESENTATION_CONTEXT('2D SPACE',''
  ) );
#4333 = ORIENTED_EDGE('',*,*,#4197,.F.);
#4334 = ADVANCED_FACE('',(#4335),#4075,.F.);
#4335 = FACE_BOUND('',#4336,.F.);
#4336 = EDGE_LOOP('',(#4337,#4338,#4339,#4340));
#4337 = ORIENTED_EDGE('',*,*,#4059,.F.);
#4338 = ORIENTED_EDGE('',*,*,#4244,.T.);
#4339 = ORIENTED_EDGE('',*,*,#4174,.T.);
#4340 = ORIENTED_EDGE('',*,*,#4291,.F.);
#4341 = ADVANCED_FACE('',(#4342),#4129,.T.);
#4342 = FACE_BOUND('',#4343,.T.);
#4343 = EDGE_LOOP('',(#4344,#4345,#4346,#4347));
#4344 = ORIENTED_EDGE('',*,*,#4115,.F.);
#4345 = ORIENTED_EDGE('',*,*,#4266,.T.);
#4346 = ORIENTED_EDGE('',*,*,#4220,.T.);
#4347 = ORIENTED_EDGE('',*,*,#4313,.F.);
#4348 = ( GEOMETRIC_REPRESENTATION_CONTEXT(3) 
GLOBAL_UNCERTAINTY_ASSIGNED_CONTEXT((#4352)) 
GLOBAL_UNIT_ASSIGNED_CONTEXT((#4349,#4350,#4351)) REPRESENTATION_CONTEXT
('Context #1','3D Context with UNIT and UNCERTAINTY') );
#4349 = ( LENGTH_UNIT() NAMED_UNIT(*) SI_UNIT(.MILLI.,.METRE.) );
#4350 = ( NAMED_UNIT(*) PLANE_ANGLE_UNIT() SI_UNIT($,.RADIAN.) );
#4351 = ( NAMED_UNIT(*) SI_UNIT($,.STERADIAN.) SOLID_ANGLE_UNIT() );
#4352 = UNCERTAINTY_MEASURE_WITH_UNIT(LENGTH_MEASURE(1.E-07),#4349,
  'distance_accuracy_value','confusion accuracy');
#4353 = CONTEXT_DEPENDENT_SHAPE_REPRESENTATION(#4354,#4356);
#4354 = ( REPRESENTATION_RELATIONSHIP('','',#4017,#10) 
REPRESENTATION_RELATIONSHIP_WITH_TRANSFORMATION(#4355) 
SHAPE_REPRESENTATION_RELATIONSHIP() );
#4355 = ITEM_DEFINED_TRANSFORMATION('','',#11,#51);
#4356 = PRODUCT_DEFINITION_SHAPE('Placement','Placement of an item',
  #4357);
#4357 = NEXT_ASSEMBLY_USAGE_OCCURRENCE('304','','',#5,#4012,$);
#4358 = PRODUCT_RELATED_PRODUCT_CATEGORY('part',$,(#4014));
#4359 = SHAPE_DEFINITION_REPRESENTATION(#4360,#4366);
#4360 = PRODUCT_DEFINITION_SHAPE('','',#4361);
#4361 = PRODUCT_DEFINITION('design','',#4362,#4365);
#4362 = PRODUCT_DEFINITION_FORMATION('','',#4363);
#4363 = PRODUCT('Open CASCADE STEP translator 7.9 22.11',
  'Open CASCADE STEP translator 7.9 22.11','',(#4364));
#4364 = PRODUCT_CONTEXT('',#2,'mechanical');
#4365 = PRODUCT_DEFINITION_CONTEXT('part definition',#2,'design');
#4366 = ADVANCED_BREP_SHAPE_REPRESENTATION('',(#11,#4367),#4697);
#4367 = MANIFOLD_SOLID_BREP('',#4368);
#4368 = CLOSED_SHELL('',(#4369,#4489,#4589,#4636,#4683,#4690));
#4369 = ADVANCED_FACE('',(#4370),#4384,.F.);
#4370 = FACE_BOUND('',#4371,.F.);
#4371 = EDGE_LOOP('',(#4372,#4407,#4435,#4463));
#4372 = ORIENTED_EDGE('',*,*,#4373,.F.);
#4373 = EDGE_CURVE('',#4374,#4376,#4378,.T.);
#4374 = VERTEX_POINT('',#4375);
#4375 = CARTESIAN_POINT('',(2.22,-10.48,-2.84));
#4376 = VERTEX_POINT('',#4377);
#4377 = CARTESIAN_POINT('',(2.22,-10.48,9.95));
#4378 = SURFACE_CURVE('',#4379,(#4383,#4395),.PCURVE_S1.);
#4379 = LINE('',#4380,#4381);
#4380 = CARTESIAN_POINT('',(2.22,-10.48,-2.84));
#4381 = VECTOR('',#4382,1.);
#4382 = DIRECTION('',(0.,0.,1.));
#4383 = PCURVE('',#4384,#4389);
#4384 = PLANE('',#4385);
#4385 = AXIS2_PLACEMENT_3D('',#4386,#4387,#4388);
#4386 = CARTESIAN_POINT('',(2.22,-10.48,-2.84));
#4387 = DIRECTION('',(1.,0.,-0.));
#4388 = DIRECTION('',(0.,0.,1.));
#4389 = DEFINITIONAL_REPRESENTATION('',(#4390),#4394);
#4390 = LINE('',#4391,#4392);
#4391 = CARTESIAN_POINT('',(0.,0.));
#4392 = VECTOR('',#4393,1.);
#4393 = DIRECTION('',(1.,0.));
#4394 = ( GEOMETRIC_REPRESENTATION_CONTEXT(2) 
PARAMETRIC_REPRESENTATION_CONTEXT() REPRESENTATION_CONTEXT('2D SPACE',''
  ) );
#4395 = PCURVE('',#4396,#4401);
#4396 = PLANE('',#4397);
#4397 = AXIS2_PLACEMENT_3D('',#4398,#4399,#4400);
#4398 = CARTESIAN_POINT('',(2.22,-10.48,-2.84));
#4399 = DIRECTION('',(-0.,1.,0.));
#4400 = DIRECTION('',(0.,0.,1.));
#4401 = DEFINITIONAL_REPRESENTATION('',(#4402),#4406);
#4402 = LINE('',#4403,#4404);
#4403 = CARTESIAN_POINT('',(0.,0.));
#4404 = VECTOR('',#4405,1.);
#4405 = DIRECTION('',(1.,0.));
#4406 = ( GEOMETRIC_REPRESENTATION_CONTEXT(2) 
PARAMETRIC_REPRESENTATION_CONTEXT() REPRESENTATION_CONTEXT('2D SPACE',''
  ) );
#4407 = ORIENTED_EDGE('',*,*,#4408,.T.);
#4408 = EDGE_CURVE('',#4374,#4409,#4411,.T.);
#4409 = VERTEX_POINT('',#4410);
#4410 = CARTESIAN_POINT('',(2.22,-9.84,-2.84));
#4411 = SURFACE_CURVE('',#4412,(#4416,#4423),.PCURVE_S1.);
#4412 = LINE('',#4413,#4414);
#4413 = CARTESIAN_POINT('',(2.22,-10.48,-2.84));
#4414 = VECTOR('',#4415,1.);
#4415 = DIRECTION('',(-0.,1.,0.));
#4416 = PCURVE('',#4384,#4417);
#4417 = DEFINITIONAL_REPRESENTATION('',(#4418),#4422);
#4418 = LINE('',#4419,#4420);
#4419 = CARTESIAN_POINT('',(0.,0.));
#4420 = VECTOR('',#4421,1.);
#4421 = DIRECTION('',(0.,-1.));
#4422 = ( GEOMETRIC_REPRESENTATION_CONTEXT(2) 
PARAMETRIC_REPRESENTATION_CONTEXT() REPRESENTATION_CONTEXT('2D SPACE',''
  ) );
#4423 = PCURVE('',#4424,#4429);
#4424 = PLANE('',#4425);
#4425 = AXIS2_PLACEMENT_3D('',#4426,#4427,#4428);
#4426 = CARTESIAN_POINT('',(2.22,-10.48,-2.84));
#4427 = DIRECTION('',(0.,0.,1.));
#4428 = DIRECTION('',(1.,0.,-0.));
#4429 = DEFINITIONAL_REPRESENTATION('',(#4430),#4434);
#4430 = LINE('',#4431,#4432);
#4431 = CARTESIAN_POINT('',(0.,0.));
#4432 = VECTOR('',#4433,1.);
#4433 = DIRECTION('',(0.,1.));
#4434 = ( GEOMETRIC_REPRESENTATION_CONTEXT(2) 
PARAMETRIC_REPRESENTATION_CONTEXT() REPRESENTATION_CONTEXT('2D SPACE',''
  ) );
#4435 = ORIENTED_EDGE('',*,*,#4436,.T.);
#4436 = EDGE_CURVE('',#4409,#4437,#4439,.T.);
#4437 = VERTEX_POINT('',#4438);
#4438 = CARTESIAN_POINT('',(2.22,-9.84,9.95));
#4439 = SURFACE_CURVE('',#4440,(#4444,#4451),.PCURVE_S1.);
#4440 = LINE('',#4441,#4442);
#4441 = CARTESIAN_POINT('',(2.22,-9.84,-2.84));
#4442 = VECTOR('',#4443,1.);
#4443 = DIRECTION('',(0.,0.,1.));
#4444 = PCURVE('',#4384,#4445);
#4445 = DEFINITIONAL_REPRESENTATION('',(#4446),#4450);
#4446 = LINE('',#4447,#4448);
#4447 = CARTESIAN_POINT('',(0.,-0.64));
#4448 = VECTOR('',#4449,1.);
#4449 = DIRECTION('',(1.,0.));
#4450 = ( GEOMETRIC_REPRESENTATION_CONTEXT(2) 
PARAMETRIC_REPRESENTATION_CONTEXT() REPRESENTATION_CONTEXT('2D SPACE',''
  ) );
#4451 = PCURVE('',#4452,#4457);
#4452 = PLANE('',#4453);
#4453 = AXIS2_PLACEMENT_3D('',#4454,#4455,#4456);
#4454 = CARTESIAN_POINT('',(2.22,-9.84,-2.84));
#4455 = DIRECTION('',(-0.,1.,0.));
#4456 = DIRECTION('',(0.,0.,1.));
#4457 = DEFINITIONAL_REPRESENTATION('',(#4458),#4462);
#4458 = LINE('',#4459,#4460);
#4459 = CARTESIAN_POINT('',(0.,0.));
#4460 = VECTOR('',#4461,1.);
#4461 = DIRECTION('',(1.,0.));
#4462 = ( GEOMETRIC_REPRESENTATION_CONTEXT(2) 
PARAMETRIC_REPRESENTATION_CONTEXT() REPRESENTATION_CONTEXT('2D SPACE',''
  ) );
#4463 = ORIENTED_EDGE('',*,*,#4464,.F.);
#4464 = EDGE_CURVE('',#4376,#4437,#4465,.T.);
#4465 = SURFACE_CURVE('',#4466,(#4470,#4477),.PCURVE_S1.);
#4466 = LINE('',#4467,#4468);
#4467 = CARTESIAN_POINT('',(2.22,-10.48,9.95));
#4468 = VECTOR('',#4469,1.);
#4469 = DIRECTION('',(-0.,1.,0.));
#4470 = PCURVE('',#4384,#4471);
#4471 = DEFINITIONAL_REPRESENTATION('',(#4472),#4476);
#4472 = LINE('',#4473,#4474);
#4473 = CARTESIAN_POINT('',(12.79,0.));
#4474 = VECTOR('',#4475,1.);
#4475 = DIRECTION('',(0.,-1.));
#4476 = ( GEOMETRIC_REPRESENTATION_CONTEXT(2) 
PARAMETRIC_REPRESENTATION_CONTEXT() REPRESENTATION_CONTEXT('2D SPACE',''
  ) );
#4477 = PCURVE('',#4478,#4483);
#4478 = PLANE('',#4479);
#4479 = AXIS2_PLACEMENT_3D('',#4480,#4481,#4482);
#4480 = CARTESIAN_POINT('',(2.22,-10.48,9.95));
#4481 = DIRECTION('',(0.,0.,1.));
#4482 = DIRECTION('',(1.,0.,-0.));
#4483 = DEFINITIONAL_REPRESENTATION('',(#4484),#4488);
#4484 = LINE('',#4485,#4486);
#4485 = CARTESIAN_POINT('',(0.,0.));
#4486 = VECTOR('',#4487,1.);
#4487 = DIRECTION('',(0.,1.));
#4488 = ( GEOMETRIC_REPRESENTATION_CONTEXT(2) 
PARAMETRIC_REPRESENTATION_CONTEXT() REPRESENTATION_CONTEXT('2D SPACE',''
  ) );
#4489 = ADVANCED_FACE('',(#4490),#4504,.T.);
#4490 = FACE_BOUND('',#4491,.T.);
#4491 = EDGE_LOOP('',(#4492,#4522,#4545,#4568));
#4492 = ORIENTED_EDGE('',*,*,#4493,.F.);
#4493 = EDGE_CURVE('',#4494,#4496,#4498,.T.);
#4494 = VERTEX_POINT('',#4495);
#4495 = CARTESIAN_POINT('',(2.86,-10.48,-2.84));
#4496 = VERTEX_POINT('',#4497);
#4497 = CARTESIAN_POINT('',(2.86,-10.48,9.95));
#4498 = SURFACE_CURVE('',#4499,(#4503,#4515),.PCURVE_S1.);
#4499 = LINE('',#4500,#4501);
#4500 = CARTESIAN_POINT('',(2.86,-10.48,-2.84));
#4501 = VECTOR('',#4502,1.);
#4502 = DIRECTION('',(0.,0.,1.));
#4503 = PCURVE('',#4504,#4509);
#4504 = PLANE('',#4505);
#4505 = AXIS2_PLACEMENT_3D('',#4506,#4507,#4508);
#4506 = CARTESIAN_POINT('',(2.86,-10.48,-2.84));
#4507 = DIRECTION('',(1.,0.,-0.));
#4508 = DIRECTION('',(0.,0.,1.));
#4509 = DEFINITIONAL_REPRESENTATION('',(#4510),#4514);
#4510 = LINE('',#4511,#4512);
#4511 = CARTESIAN_POINT('',(0.,0.));
#4512 = VECTOR('',#4513,1.);
#4513 = DIRECTION('',(1.,0.));
#4514 = ( GEOMETRIC_REPRESENTATION_CONTEXT(2) 
PARAMETRIC_REPRESENTATION_CONTEXT() REPRESENTATION_CONTEXT('2D SPACE',''
  ) );
#4515 = PCURVE('',#4396,#4516);
#4516 = DEFINITIONAL_REPRESENTATION('',(#4517),#4521);
#4517 = LINE('',#4518,#4519);
#4518 = CARTESIAN_POINT('',(0.,0.64));
#4519 = VECTOR('',#4520,1.);
#4520 = DIRECTION('',(1.,0.));
#4521 = ( GEOMETRIC_REPRESENTATION_CONTEXT(2) 
PARAMETRIC_REPRESENTATION_CONTEXT() REPRESENTATION_CONTEXT('2D SPACE',''
  ) );
#4522 = ORIENTED_EDGE('',*,*,#4523,.T.);
#4523 = EDGE_CURVE('',#4494,#4524,#4526,.T.);
#4524 = VERTEX_POINT('',#4525);
#4525 = CARTESIAN_POINT('',(2.86,-9.84,-2.84));
#4526 = SURFACE_CURVE('',#4527,(#4531,#4538),.PCURVE_S1.);
#4527 = LINE('',#4528,#4529);
#4528 = CARTESIAN_POINT('',(2.86,-10.48,-2.84));
#4529 = VECTOR('',#4530,1.);
#4530 = DIRECTION('',(-0.,1.,0.));
#4531 = PCURVE('',#4504,#4532);
#4532 = DEFINITIONAL_REPRESENTATION('',(#4533),#4537);
#4533 = LINE('',#4534,#4535);
#4534 = CARTESIAN_POINT('',(0.,0.));
#4535 = VECTOR('',#4536,1.);
#4536 = DIRECTION('',(0.,-1.));
#4537 = ( GEOMETRIC_REPRESENTATION_CONTEXT(2) 
PARAMETRIC_REPRESENTATION_CONTEXT() REPRESENTATION_CONTEXT('2D SPACE',''
  ) );
#4538 = PCURVE('',#4424,#4539);
#4539 = DEFINITIONAL_REPRESENTATION('',(#4540),#4544);
#4540 = LINE('',#4541,#4542);
#4541 = CARTESIAN_POINT('',(0.64,0.));
#4542 = VECTOR('',#4543,1.);
#4543 = DIRECTION('',(0.,1.));
#4544 = ( GEOMETRIC_REPRESENTATION_CONTEXT(2) 
PARAMETRIC_REPRESENTATION_CONTEXT() REPRESENTATION_CONTEXT('2D SPACE',''
  ) );
#4545 = ORIENTED_EDGE('',*,*,#4546,.T.);
#4546 = EDGE_CURVE('',#4524,#4547,#4549,.T.);
#4547 = VERTEX_POINT('',#4548);
#4548 = CARTESIAN_POINT('',(2.86,-9.84,9.95));
#4549 = SURFACE_CURVE('',#4550,(#4554,#4561),.PCURVE_S1.);
#4550 = LINE('',#4551,#4552);
#4551 = CARTESIAN_POINT('',(2.86,-9.84,-2.84));
#4552 = VECTOR('',#4553,1.);
#4553 = DIRECTION('',(0.,0.,1.));
#4554 = PCURVE('',#4504,#4555);
#4555 = DEFINITIONAL_REPRESENTATION('',(#4556),#4560);
#4556 = LINE('',#4557,#4558);
#4557 = CARTESIAN_POINT('',(0.,-0.64));
#4558 = VECTOR('',#4559,1.);
#4559 = DIRECTION('',(1.,0.));
#4560 = ( GEOMETRIC_REPRESENTATION_CONTEXT(2) 
PARAMETRIC_REPRESENTATION_CONTEXT() REPRESENTATION_CONTEXT('2D SPACE',''
  ) );
#4561 = PCURVE('',#4452,#4562);
#4562 = DEFINITIONAL_REPRESENTATION('',(#4563),#4567);
#4563 = LINE('',#4564,#4565);
#4564 = CARTESIAN_POINT('',(0.,0.64));
#4565 = VECTOR('',#4566,1.);
#4566 = DIRECTION('',(1.,0.));
#4567 = ( GEOMETRIC_REPRESENTATION_CONTEXT(2) 
PARAMETRIC_REPRESENTATION_CONTEXT() REPRESENTATION_CONTEXT('2D SPACE',''
  ) );
#4568 = ORIENTED_EDGE('',*,*,#4569,.F.);
#4569 = EDGE_CURVE('',#4496,#4547,#4570,.T.);
#4570 = SURFACE_CURVE('',#4571,(#4575,#4582),.PCURVE_S1.);
#4571 = LINE('',#4572,#4573);
#4572 = CARTESIAN_POINT('',(2.86,-10.48,9.95));
#4573 = VECTOR('',#4574,1.);
#4574 = DIRECTION('',(-0.,1.,0.));
#4575 = PCURVE('',#4504,#4576);
#4576 = DEFINITIONAL_REPRESENTATION('',(#4577),#4581);
#4577 = LINE('',#4578,#4579);
#4578 = CARTESIAN_POINT('',(12.79,0.));
#4579 = VECTOR('',#4580,1.);
#4580 = DIRECTION('',(0.,-1.));
#4581 = ( GEOMETRIC_REPRESENTATION_CONTEXT(2) 
PARAMETRIC_REPRESENTATION_CONTEXT() REPRESENTATION_CONTEXT('2D SPACE',''
  ) );
#4582 = PCURVE('',#4478,#4583);
#4583 = DEFINITIONAL_REPRESENTATION('',(#4584),#4588);
#4584 = LINE('',#4585,#4586);
#4585 = CARTESIAN_POINT('',(0.64,0.));
#4586 = VECTOR('',#4587,1.);
#4587 = DIRECTION('',(0.,1.));
#4588 = ( GEOMETRIC_REPRESENTATION_CONTEXT(2) 
PARAMETRIC_REPRESENTATION_CONTEXT() REPRESENTATION_CONTEXT('2D SPACE',''
  ) );
#4589 = ADVANCED_FACE('',(#4590),#4396,.F.);
#4590 = FACE_BOUND('',#4591,.F.);
#4591 = EDGE_LOOP('',(#4592,#4613,#4614,#4635));
#4592 = ORIENTED_EDGE('',*,*,#4593,.F.);
#4593 = EDGE_CURVE('',#4374,#4494,#4594,.T.);
#4594 = SURFACE_CURVE('',#4595,(#4599,#4606),.PCURVE_S1.);
#4595 = LINE('',#4596,#4597);
#4596 = CARTESIAN_POINT('',(2.22,-10.48,-2.84));
#4597 = VECTOR('',#4598,1.);
#4598 = DIRECTION('',(1.,0.,-0.));
#4599 = PCURVE('',#4396,#4600);
#4600 = DEFINITIONAL_REPRESENTATION('',(#4601),#4605);
#4601 = LINE('',#4602,#4603);
#4602 = CARTESIAN_POINT('',(0.,0.));
#4603 = VECTOR('',#4604,1.);
#4604 = DIRECTION('',(0.,1.));
#4605 = ( GEOMETRIC_REPRESENTATION_CONTEXT(2) 
PARAMETRIC_REPRESENTATION_CONTEXT() REPRESENTATION_CONTEXT('2D SPACE',''
  ) );
#4606 = PCURVE('',#4424,#4607);
#4607 = DEFINITIONAL_REPRESENTATION('',(#4608),#4612);
#4608 = LINE('',#4609,#4610);
#4609 = CARTESIAN_POINT('',(0.,0.));
#4610 = VECTOR('',#4611,1.);
#4611 = DIRECTION('',(1.,0.));
#4612 = ( GEOMETRIC_REPRESENTATION_CONTEXT(2) 
PARAMETRIC_REPRESENTATION_CONTEXT() REPRESENTATION_CONTEXT('2D SPACE',''
  ) );
#4613 = ORIENTED_EDGE('',*,*,#4373,.T.);
#4614 = ORIENTED_EDGE('',*,*,#4615,.T.);
#4615 = EDGE_CURVE('',#4376,#4496,#4616,.T.);
#4616 = SURFACE_CURVE('',#4617,(#4621,#4628),.PCURVE_S1.);
#4617 = LINE('',#4618,#4619);
#4618 = CARTESIAN_POINT('',(2.22,-10.48,9.95));
#4619 = VECTOR('',#4620,1.);
#4620 = DIRECTION('',(1.,0.,-0.));
#4621 = PCURVE('',#4396,#4622);
#4622 = DEFINITIONAL_REPRESENTATION('',(#4623),#4627);
#4623 = LINE('',#4624,#4625);
#4624 = CARTESIAN_POINT('',(12.79,0.));
#4625 = VECTOR('',#4626,1.);
#4626 = DIRECTION('',(0.,1.));
#4627 = ( GEOMETRIC_REPRESENTATION_CONTEXT(2) 
PARAMETRIC_REPRESENTATION_CONTEXT() REPRESENTATION_CONTEXT('2D SPACE',''
  ) );
#4628 = PCURVE('',#4478,#4629);
#4629 = DEFINITIONAL_REPRESENTATION('',(#4630),#4634);
#4630 = LINE('',#4631,#4632);
#4631 = CARTESIAN_POINT('',(0.,0.));
#4632 = VECTOR('',#4633,1.);
#4633 = DIRECTION('',(1.,0.));
#4634 = ( GEOMETRIC_REPRESENTATION_CONTEXT(2) 
PARAMETRIC_REPRESENTATION_CONTEXT() REPRESENTATION_CONTEXT('2D SPACE',''
  ) );
#4635 = ORIENTED_EDGE('',*,*,#4493,.F.);
#4636 = ADVANCED_FACE('',(#4637),#4452,.T.);
#4637 = FACE_BOUND('',#4638,.T.);
#4638 = EDGE_LOOP('',(#4639,#4660,#4661,#4682));
#4639 = ORIENTED_EDGE('',*,*,#4640,.F.);
#4640 = EDGE_CURVE('',#4409,#4524,#4641,.T.);
#4641 = SURFACE_CURVE('',#4642,(#4646,#4653),.PCURVE_S1.);
#4642 = LINE('',#4643,#4644);
#4643 = CARTESIAN_POINT('',(2.22,-9.84,-2.84));
#4644 = VECTOR('',#4645,1.);
#4645 = DIRECTION('',(1.,0.,-0.));
#4646 = PCURVE('',#4452,#4647);
#4647 = DEFINITIONAL_REPRESENTATION('',(#4648),#4652);
#4648 = LINE('',#4649,#4650);
#4649 = CARTESIAN_POINT('',(0.,0.));
#4650 = VECTOR('',#4651,1.);
#4651 = DIRECTION('',(0.,1.));
#4652 = ( GEOMETRIC_REPRESENTATION_CONTEXT(2) 
PARAMETRIC_REPRESENTATION_CONTEXT() REPRESENTATION_CONTEXT('2D SPACE',''
  ) );
#4653 = PCURVE('',#4424,#4654);
#4654 = DEFINITIONAL_REPRESENTATION('',(#4655),#4659);
#4655 = LINE('',#4656,#4657);
#4656 = CARTESIAN_POINT('',(0.,0.64));
#4657 = VECTOR('',#4658,1.);
#4658 = DIRECTION('',(1.,0.));
#4659 = ( GEOMETRIC_REPRESENTATION_CONTEXT(2) 
PARAMETRIC_REPRESENTATION_CONTEXT() REPRESENTATION_CONTEXT('2D SPACE',''
  ) );
#4660 = ORIENTED_EDGE('',*,*,#4436,.T.);
#4661 = ORIENTED_EDGE('',*,*,#4662,.T.);
#4662 = EDGE_CURVE('',#4437,#4547,#4663,.T.);
#4663 = SURFACE_CURVE('',#4664,(#4668,#4675),.PCURVE_S1.);
#4664 = LINE('',#4665,#4666);
#4665 = CARTESIAN_POINT('',(2.22,-9.84,9.95));
#4666 = VECTOR('',#4667,1.);
#4667 = DIRECTION('',(1.,0.,-0.));
#4668 = PCURVE('',#4452,#4669);
#4669 = DEFINITIONAL_REPRESENTATION('',(#4670),#4674);
#4670 = LINE('',#4671,#4672);
#4671 = CARTESIAN_POINT('',(12.79,0.));
#4672 = VECTOR('',#4673,1.);
#4673 = DIRECTION('',(0.,1.));
#4674 = ( GEOMETRIC_REPRESENTATION_CONTEXT(2) 
PARAMETRIC_REPRESENTATION_CONTEXT() REPRESENTATION_CONTEXT('2D SPACE',''
  ) );
#4675 = PCURVE('',#4478,#4676);
#4676 = DEFINITIONAL_REPRESENTATION('',(#4677),#4681);
#4677 = LINE('',#4678,#4679);
#4678 = CARTESIAN_POINT('',(0.,0.64));
#4679 = VECTOR('',#4680,1.);
#4680 = DIRECTION('',(1.,0.));
#4681 = ( GEOMETRIC_REPRESENTATION_CONTEXT(2) 
PARAMETRIC_REPRESENTATION_CONTEXT() REPRESENTATION_CONTEXT('2D SPACE',''
  ) );
#4682 = ORIENTED_EDGE('',*,*,#4546,.F.);
#4683 = ADVANCED_FACE('',(#4684),#4424,.F.);
#4684 = FACE_BOUND('',#4685,.F.);
#4685 = EDGE_LOOP('',(#4686,#4687,#4688,#4689));
#4686 = ORIENTED_EDGE('',*,*,#4408,.F.);
#4687 = ORIENTED_EDGE('',*,*,#4593,.T.);
#4688 = ORIENTED_EDGE('',*,*,#4523,.T.);
#4689 = ORIENTED_EDGE('',*,*,#4640,.F.);
#4690 = ADVANCED_FACE('',(#4691),#4478,.T.);
#4691 = FACE_BOUND('',#4692,.T.);
#4692 = EDGE_LOOP('',(#4693,#4694,#4695,#4696));
#4693 = ORIENTED_EDGE('',*,*,#4464,.F.);
#4694 = ORIENTED_EDGE('',*,*,#4615,.T.);
#4695 = ORIENTED_EDGE('',*,*,#4569,.T.);
#4696 = ORIENTED_EDGE('',*,*,#4662,.F.);
#4697 = ( GEOMETRIC_REPRESENTATION_CONTEXT(3) 
GLOBAL_UNCERTAINTY_ASSIGNED_CONTEXT((#4701)) 
GLOBAL_UNIT_ASSIGNED_CONTEXT((#4698,#4699,#4700)) REPRESENTATION_CONTEXT
('Context #1','3D Context with UNIT and UNCERTAINTY') );
#4698 = ( LENGTH_UNIT() NAMED_UNIT(*) SI_UNIT(.MILLI.,.METRE.) );
#4699 = ( NAMED_UNIT(*) PLANE_ANGLE_UNIT() SI_UNIT($,.RADIAN.) );
#4700 = ( NAMED_UNIT(*) SI_UNIT($,.STERADIAN.) SOLID_ANGLE_UNIT() );
#4701 = UNCERTAINTY_MEASURE_WITH_UNIT(LENGTH_MEASURE(1.E-07),#4698,
  'distance_accuracy_value','confusion accuracy');
#4702 = CONTEXT_DEPENDENT_SHAPE_REPRESENTATION(#4703,#4705);
#4703 = ( REPRESENTATION_RELATIONSHIP('','',#4366,#10) 
REPRESENTATION_RELATIONSHIP_WITH_TRANSFORMATION(#4704) 
SHAPE_REPRESENTATION_RELATIONSHIP() );
#4704 = ITEM_DEFINED_TRANSFORMATION('','',#11,#55);
#4705 = PRODUCT_DEFINITION_SHAPE('Placement','Placement of an item',
  #4706);
#4706 = NEXT_ASSEMBLY_USAGE_OCCURRENCE('305','','',#5,#4361,$);
#4707 = PRODUCT_RELATED_PRODUCT_CATEGORY('part',$,(#4363));
#4708 = SHAPE_DEFINITION_REPRESENTATION(#4709,#4715);
#4709 = PRODUCT_DEFINITION_SHAPE('','',#4710);
#4710 = PRODUCT_DEFINITION('design','',#4711,#4714);
#4711 = PRODUCT_DEFINITION_FORMATION('','',#4712);
#4712 = PRODUCT('Open CASCADE STEP translator 7.9 22.12',
  'Open CASCADE STEP translator 7.9 22.12','',(#4713));
#4713 = PRODUCT_CONTEXT('',#2,'mechanical');
#4714 = PRODUCT_DEFINITION_CONTEXT('part definition',#2,'design');
#4715 = ADVANCED_BREP_SHAPE_REPRESENTATION('',(#11,#4716),#5046);
#4716 = MANIFOLD_SOLID_BREP('',#4717);
#4717 = CLOSED_SHELL('',(#4718,#4838,#4938,#4985,#5032,#5039));
#4718 = ADVANCED_FACE('',(#4719),#4733,.F.);
#4719 = FACE_BOUND('',#4720,.F.);
#4720 = EDGE_LOOP('',(#4721,#4756,#4784,#4812));
#4721 = ORIENTED_EDGE('',*,*,#4722,.F.);
#4722 = EDGE_CURVE('',#4723,#4725,#4727,.T.);
#4723 = VERTEX_POINT('',#4724);
#4724 = CARTESIAN_POINT('',(-0.32,-13.02,-2.84));
#4725 = VERTEX_POINT('',#4726);
#4726 = CARTESIAN_POINT('',(-0.32,-13.02,9.95));
#4727 = SURFACE_CURVE('',#4728,(#4732,#4744),.PCURVE_S1.);
#4728 = LINE('',#4729,#4730);
#4729 = CARTESIAN_POINT('',(-0.32,-13.02,-2.84));
#4730 = VECTOR('',#4731,1.);
#4731 = DIRECTION('',(0.,0.,1.));
#4732 = PCURVE('',#4733,#4738);
#4733 = PLANE('',#4734);
#4734 = AXIS2_PLACEMENT_3D('',#4735,#4736,#4737);
#4735 = CARTESIAN_POINT('',(-0.32,-13.02,-2.84));
#4736 = DIRECTION('',(1.,0.,-0.));
#4737 = DIRECTION('',(0.,0.,1.));
#4738 = DEFINITIONAL_REPRESENTATION('',(#4739),#4743);
#4739 = LINE('',#4740,#4741);
#4740 = CARTESIAN_POINT('',(0.,0.));
#4741 = VECTOR('',#4742,1.);
#4742 = DIRECTION('',(1.,0.));
#4743 = ( GEOMETRIC_REPRESENTATION_CONTEXT(2) 
PARAMETRIC_REPRESENTATION_CONTEXT() REPRESENTATION_CONTEXT('2D SPACE',''
  ) );
#4744 = PCURVE('',#4745,#4750);
#4745 = PLANE('',#4746);
#4746 = AXIS2_PLACEMENT_3D('',#4747,#4748,#4749);
#4747 = CARTESIAN_POINT('',(-0.32,-13.02,-2.84));
#4748 = DIRECTION('',(-0.,1.,0.));
#4749 = DIRECTION('',(0.,0.,1.));
#4750 = DEFINITIONAL_REPRESENTATION('',(#4751),#4755);
#4751 = LINE('',#4752,#4753);
#4752 = CARTESIAN_POINT('',(0.,0.));
#4753 = VECTOR('',#4754,1.);
#4754 = DIRECTION('',(1.,0.));
#4755 = ( GEOMETRIC_REPRESENTATION_CONTEXT(2) 
PARAMETRIC_REPRESENTATION_CONTEXT() REPRESENTATION_CONTEXT('2D SPACE',''
  ) );
#4756 = ORIENTED_EDGE('',*,*,#4757,.T.);
#4757 = EDGE_CURVE('',#4723,#4758,#4760,.T.);
#4758 = VERTEX_POINT('',#4759);
#4759 = CARTESIAN_POINT('',(-0.32,-12.38,-2.84));
#4760 = SURFACE_CURVE('',#4761,(#4765,#4772),.PCURVE_S1.);
#4761 = LINE('',#4762,#4763);
#4762 = CARTESIAN_POINT('',(-0.32,-13.02,-2.84));
#4763 = VECTOR('',#4764,1.);
#4764 = DIRECTION('',(-0.,1.,0.));
#4765 = PCURVE('',#4733,#4766);
#4766 = DEFINITIONAL_REPRESENTATION('',(#4767),#4771);
#4767 = LINE('',#4768,#4769);
#4768 = CARTESIAN_POINT('',(0.,0.));
#4769 = VECTOR('',#4770,1.);
#4770 = DIRECTION('',(0.,-1.));
#4771 = ( GEOMETRIC_REPRESENTATION_CONTEXT(2) 
PARAMETRIC_REPRESENTATION_CONTEXT() REPRESENTATION_CONTEXT('2D SPACE',''
  ) );
#4772 = PCURVE('',#4773,#4778);
#4773 = PLANE('',#4774);
#4774 = AXIS2_PLACEMENT_3D('',#4775,#4776,#4777);
#4775 = CARTESIAN_POINT('',(-0.32,-13.02,-2.84));
#4776 = DIRECTION('',(0.,0.,1.));
#4777 = DIRECTION('',(1.,0.,-0.));
#4778 = DEFINITIONAL_REPRESENTATION('',(#4779),#4783);
#4779 = LINE('',#4780,#4781);
#4780 = CARTESIAN_POINT('',(0.,0.));
#4781 = VECTOR('',#4782,1.);
#4782 = DIRECTION('',(0.,1.));
#4783 = ( GEOMETRIC_REPRESENTATION_CONTEXT(2) 
PARAMETRIC_REPRESENTATION_CONTEXT() REPRESENTATION_CONTEXT('2D SPACE',''
  ) );
#4784 = ORIENTED_EDGE('',*,*,#4785,.T.);
#4785 = EDGE_CURVE('',#4758,#4786,#4788,.T.);
#4786 = VERTEX_POINT('',#4787);
#4787 = CARTESIAN_POINT('',(-0.32,-12.38,9.95));
#4788 = SURFACE_CURVE('',#4789,(#4793,#4800),.PCURVE_S1.);
#4789 = LINE('',#4790,#4791);
#4790 = CARTESIAN_POINT('',(-0.32,-12.38,-2.84));
#4791 = VECTOR('',#4792,1.);
#4792 = DIRECTION('',(0.,0.,1.));
#4793 = PCURVE('',#4733,#4794);
#4794 = DEFINITIONAL_REPRESENTATION('',(#4795),#4799);
#4795 = LINE('',#4796,#4797);
#4796 = CARTESIAN_POINT('',(0.,-0.64));
#4797 = VECTOR('',#4798,1.);
#4798 = DIRECTION('',(1.,0.));
#4799 = ( GEOMETRIC_REPRESENTATION_CONTEXT(2) 
PARAMETRIC_REPRESENTATION_CONTEXT() REPRESENTATION_CONTEXT('2D SPACE',''
  ) );
#4800 = PCURVE('',#4801,#4806);
#4801 = PLANE('',#4802);
#4802 = AXIS2_PLACEMENT_3D('',#4803,#4804,#4805);
#4803 = CARTESIAN_POINT('',(-0.32,-12.38,-2.84));
#4804 = DIRECTION('',(-0.,1.,0.));
#4805 = DIRECTION('',(0.,0.,1.));
#4806 = DEFINITIONAL_REPRESENTATION('',(#4807),#4811);
#4807 = LINE('',#4808,#4809);
#4808 = CARTESIAN_POINT('',(0.,0.));
#4809 = VECTOR('',#4810,1.);
#4810 = DIRECTION('',(1.,0.));
#4811 = ( GEOMETRIC_REPRESENTATION_CONTEXT(2) 
PARAMETRIC_REPRESENTATION_CONTEXT() REPRESENTATION_CONTEXT('2D SPACE',''
  ) );
#4812 = ORIENTED_EDGE('',*,*,#4813,.F.);
#4813 = EDGE_CURVE('',#4725,#4786,#4814,.T.);
#4814 = SURFACE_CURVE('',#4815,(#4819,#4826),.PCURVE_S1.);
#4815 = LINE('',#4816,#4817);
#4816 = CARTESIAN_POINT('',(-0.32,-13.02,9.95));
#4817 = VECTOR('',#4818,1.);
#4818 = DIRECTION('',(-0.,1.,0.));
#4819 = PCURVE('',#4733,#4820);
#4820 = DEFINITIONAL_REPRESENTATION('',(#4821),#4825);
#4821 = LINE('',#4822,#4823);
#4822 = CARTESIAN_POINT('',(12.79,0.));
#4823 = VECTOR('',#4824,1.);
#4824 = DIRECTION('',(0.,-1.));
#4825 = ( GEOMETRIC_REPRESENTATION_CONTEXT(2) 
PARAMETRIC_REPRESENTATION_CONTEXT() REPRESENTATION_CONTEXT('2D SPACE',''
  ) );
#4826 = PCURVE('',#4827,#4832);
#4827 = PLANE('',#4828);
#4828 = AXIS2_PLACEMENT_3D('',#4829,#4830,#4831);
#4829 = CARTESIAN_POINT('',(-0.32,-13.02,9.95));
#4830 = DIRECTION('',(0.,0.,1.));
#4831 = DIRECTION('',(1.,0.,-0.));
#4832 = DEFINITIONAL_REPRESENTATION('',(#4833),#4837);
#4833 = LINE('',#4834,#4835);
#4834 = CARTESIAN_POINT('',(0.,0.));
#4835 = VECTOR('',#4836,1.);
#4836 = DIRECTION('',(0.,1.));
#4837 = ( GEOMETRIC_REPRESENTATION_CONTEXT(2) 
PARAMETRIC_REPRESENTATION_CONTEXT() REPRESENTATION_CONTEXT('2D SPACE',''
  ) );
#4838 = ADVANCED_FACE('',(#4839),#4853,.T.);
#4839 = FACE_BOUND('',#4840,.T.);
#4840 = EDGE_LOOP('',(#4841,#4871,#4894,#4917));
#4841 = ORIENTED_EDGE('',*,*,#4842,.F.);
#4842 = EDGE_CURVE('',#4843,#4845,#4847,.T.);
#4843 = VERTEX_POINT('',#4844);
#4844 = CARTESIAN_POINT('',(0.32,-13.02,-2.84));
#4845 = VERTEX_POINT('',#4846);
#4846 = CARTESIAN_POINT('',(0.32,-13.02,9.95));
#4847 = SURFACE_CURVE('',#4848,(#4852,#4864),.PCURVE_S1.);
#4848 = LINE('',#4849,#4850);
#4849 = CARTESIAN_POINT('',(0.32,-13.02,-2.84));
#4850 = VECTOR('',#4851,1.);
#4851 = DIRECTION('',(0.,0.,1.));
#4852 = PCURVE('',#4853,#4858);
#4853 = PLANE('',#4854);
#4854 = AXIS2_PLACEMENT_3D('',#4855,#4856,#4857);
#4855 = CARTESIAN_POINT('',(0.32,-13.02,-2.84));
#4856 = DIRECTION('',(1.,0.,-0.));
#4857 = DIRECTION('',(0.,0.,1.));
#4858 = DEFINITIONAL_REPRESENTATION('',(#4859),#4863);
#4859 = LINE('',#4860,#4861);
#4860 = CARTESIAN_POINT('',(0.,0.));
#4861 = VECTOR('',#4862,1.);
#4862 = DIRECTION('',(1.,0.));
#4863 = ( GEOMETRIC_REPRESENTATION_CONTEXT(2) 
PARAMETRIC_REPRESENTATION_CONTEXT() REPRESENTATION_CONTEXT('2D SPACE',''
  ) );
#4864 = PCURVE('',#4745,#4865);
#4865 = DEFINITIONAL_REPRESENTATION('',(#4866),#4870);
#4866 = LINE('',#4867,#4868);
#4867 = CARTESIAN_POINT('',(0.,0.64));
#4868 = VECTOR('',#4869,1.);
#4869 = DIRECTION('',(1.,0.));
#4870 = ( GEOMETRIC_REPRESENTATION_CONTEXT(2) 
PARAMETRIC_REPRESENTATION_CONTEXT() REPRESENTATION_CONTEXT('2D SPACE',''
  ) );
#4871 = ORIENTED_EDGE('',*,*,#4872,.T.);
#4872 = EDGE_CURVE('',#4843,#4873,#4875,.T.);
#4873 = VERTEX_POINT('',#4874);
#4874 = CARTESIAN_POINT('',(0.32,-12.38,-2.84));
#4875 = SURFACE_CURVE('',#4876,(#4880,#4887),.PCURVE_S1.);
#4876 = LINE('',#4877,#4878);
#4877 = CARTESIAN_POINT('',(0.32,-13.02,-2.84));
#4878 = VECTOR('',#4879,1.);
#4879 = DIRECTION('',(-0.,1.,0.));
#4880 = PCURVE('',#4853,#4881);
#4881 = DEFINITIONAL_REPRESENTATION('',(#4882),#4886);
#4882 = LINE('',#4883,#4884);
#4883 = CARTESIAN_POINT('',(0.,0.));
#4884 = VECTOR('',#4885,1.);
#4885 = DIRECTION('',(0.,-1.));
#4886 = ( GEOMETRIC_REPRESENTATION_CONTEXT(2) 
PARAMETRIC_REPRESENTATION_CONTEXT() REPRESENTATION_CONTEXT('2D SPACE',''
  ) );
#4887 = PCURVE('',#4773,#4888);
#4888 = DEFINITIONAL_REPRESENTATION('',(#4889),#4893);
#4889 = LINE('',#4890,#4891);
#4890 = CARTESIAN_POINT('',(0.64,0.));
#4891 = VECTOR('',#4892,1.);
#4892 = DIRECTION('',(0.,1.));
#4893 = ( GEOMETRIC_REPRESENTATION_CONTEXT(2) 
PARAMETRIC_REPRESENTATION_CONTEXT() REPRESENTATION_CONTEXT('2D SPACE',''
  ) );
#4894 = ORIENTED_EDGE('',*,*,#4895,.T.);
#4895 = EDGE_CURVE('',#4873,#4896,#4898,.T.);
#4896 = VERTEX_POINT('',#4897);
#4897 = CARTESIAN_POINT('',(0.32,-12.38,9.95));
#4898 = SURFACE_CURVE('',#4899,(#4903,#4910),.PCURVE_S1.);
#4899 = LINE('',#4900,#4901);
#4900 = CARTESIAN_POINT('',(0.32,-12.38,-2.84));
#4901 = VECTOR('',#4902,1.);
#4902 = DIRECTION('',(0.,0.,1.));
#4903 = PCURVE('',#4853,#4904);
#4904 = DEFINITIONAL_REPRESENTATION('',(#4905),#4909);
#4905 = LINE('',#4906,#4907);
#4906 = CARTESIAN_POINT('',(0.,-0.64));
#4907 = VECTOR('',#4908,1.);
#4908 = DIRECTION('',(1.,0.));
#4909 = ( GEOMETRIC_REPRESENTATION_CONTEXT(2) 
PARAMETRIC_REPRESENTATION_CONTEXT() REPRESENTATION_CONTEXT('2D SPACE',''
  ) );
#4910 = PCURVE('',#4801,#4911);
#4911 = DEFINITIONAL_REPRESENTATION('',(#4912),#4916);
#4912 = LINE('',#4913,#4914);
#4913 = CARTESIAN_POINT('',(0.,0.64));
#4914 = VECTOR('',#4915,1.);
#4915 = DIRECTION('',(1.,0.));
#4916 = ( GEOMETRIC_REPRESENTATION_CONTEXT(2) 
PARAMETRIC_REPRESENTATION_CONTEXT() REPRESENTATION_CONTEXT('2D SPACE',''
  ) );
#4917 = ORIENTED_EDGE('',*,*,#4918,.F.);
#4918 = EDGE_CURVE('',#4845,#4896,#4919,.T.);
#4919 = SURFACE_CURVE('',#4920,(#4924,#4931),.PCURVE_S1.);
#4920 = LINE('',#4921,#4922);
#4921 = CARTESIAN_POINT('',(0.32,-13.02,9.95));
#4922 = VECTOR('',#4923,1.);
#4923 = DIRECTION('',(-0.,1.,0.));
#4924 = PCURVE('',#4853,#4925);
#4925 = DEFINITIONAL_REPRESENTATION('',(#4926),#4930);
#4926 = LINE('',#4927,#4928);
#4927 = CARTESIAN_POINT('',(12.79,0.));
#4928 = VECTOR('',#4929,1.);
#4929 = DIRECTION('',(0.,-1.));
#4930 = ( GEOMETRIC_REPRESENTATION_CONTEXT(2) 
PARAMETRIC_REPRESENTATION_CONTEXT() REPRESENTATION_CONTEXT('2D SPACE',''
  ) );
#4931 = PCURVE('',#4827,#4932);
#4932 = DEFINITIONAL_REPRESENTATION('',(#4933),#4937);
#4933 = LINE('',#4934,#4935);
#4934 = CARTESIAN_POINT('',(0.64,0.));
#4935 = VECTOR('',#4936,1.);
#4936 = DIRECTION('',(0.,1.));
#4937 = ( GEOMETRIC_REPRESENTATION_CONTEXT(2) 
PARAMETRIC_REPRESENTATION_CONTEXT() REPRESENTATION_CONTEXT('2D SPACE',''
  ) );
#4938 = ADVANCED_FACE('',(#4939),#4745,.F.);
#4939 = FACE_BOUND('',#4940,.F.);
#4940 = EDGE_LOOP('',(#4941,#4962,#4963,#4984));
#4941 = ORIENTED_EDGE('',*,*,#4942,.F.);
#4942 = EDGE_CURVE('',#4723,#4843,#4943,.T.);
#4943 = SURFACE_CURVE('',#4944,(#4948,#4955),.PCURVE_S1.);
#4944 = LINE('',#4945,#4946);
#4945 = CARTESIAN_POINT('',(-0.32,-13.02,-2.84));
#4946 = VECTOR('',#4947,1.);
#4947 = DIRECTION('',(1.,0.,-0.));
#4948 = PCURVE('',#4745,#4949);
#4949 = DEFINITIONAL_REPRESENTATION('',(#4950),#4954);
#4950 = LINE('',#4951,#4952);
#4951 = CARTESIAN_POINT('',(0.,0.));
#4952 = VECTOR('',#4953,1.);
#4953 = DIRECTION('',(0.,1.));
#4954 = ( GEOMETRIC_REPRESENTATION_CONTEXT(2) 
PARAMETRIC_REPRESENTATION_CONTEXT() REPRESENTATION_CONTEXT('2D SPACE',''
  ) );
#4955 = PCURVE('',#4773,#4956);
#4956 = DEFINITIONAL_REPRESENTATION('',(#4957),#4961);
#4957 = LINE('',#4958,#4959);
#4958 = CARTESIAN_POINT('',(0.,0.));
#4959 = VECTOR('',#4960,1.);
#4960 = DIRECTION('',(1.,0.));
#4961 = ( GEOMETRIC_REPRESENTATION_CONTEXT(2) 
PARAMETRIC_REPRESENTATION_CONTEXT() REPRESENTATION_CONTEXT('2D SPACE',''
  ) );
#4962 = ORIENTED_EDGE('',*,*,#4722,.T.);
#4963 = ORIENTED_EDGE('',*,*,#4964,.T.);
#4964 = EDGE_CURVE('',#4725,#4845,#4965,.T.);
#4965 = SURFACE_CURVE('',#4966,(#4970,#4977),.PCURVE_S1.);
#4966 = LINE('',#4967,#4968);
#4967 = CARTESIAN_POINT('',(-0.32,-13.02,9.95));
#4968 = VECTOR('',#4969,1.);
#4969 = DIRECTION('',(1.,0.,-0.));
#4970 = PCURVE('',#4745,#4971);
#4971 = DEFINITIONAL_REPRESENTATION('',(#4972),#4976);
#4972 = LINE('',#4973,#4974);
#4973 = CARTESIAN_POINT('',(12.79,0.));
#4974 = VECTOR('',#4975,1.);
#4975 = DIRECTION('',(0.,1.));
#4976 = ( GEOMETRIC_REPRESENTATION_CONTEXT(2) 
PARAMETRIC_REPRESENTATION_CONTEXT() REPRESENTATION_CONTEXT('2D SPACE',''
  ) );
#4977 = PCURVE('',#4827,#4978);
#4978 = DEFINITIONAL_REPRESENTATION('',(#4979),#4983);
#4979 = LINE('',#4980,#4981);
#4980 = CARTESIAN_POINT('',(0.,0.));
#4981 = VECTOR('',#4982,1.);
#4982 = DIRECTION('',(1.,0.));
#4983 = ( GEOMETRIC_REPRESENTATION_CONTEXT(2) 
PARAMETRIC_REPRESENTATION_CONTEXT() REPRESENTATION_CONTEXT('2D SPACE',''
  ) );
#4984 = ORIENTED_EDGE('',*,*,#4842,.F.);
#4985 = ADVANCED_FACE('',(#4986),#4801,.T.);
#4986 = FACE_BOUND('',#4987,.T.);
#4987 = EDGE_LOOP('',(#4988,#5009,#5010,#5031));
#4988 = ORIENTED_EDGE('',*,*,#4989,.F.);
#4989 = EDGE_CURVE('',#4758,#4873,#4990,.T.);
#4990 = SURFACE_CURVE('',#4991,(#4995,#5002),.PCURVE_S1.);
#4991 = LINE('',#4992,#4993);
#4992 = CARTESIAN_POINT('',(-0.32,-12.38,-2.84));
#4993 = VECTOR('',#4994,1.);
#4994 = DIRECTION('',(1.,0.,-0.));
#4995 = PCURVE('',#4801,#4996);
#4996 = DEFINITIONAL_REPRESENTATION('',(#4997),#5001);
#4997 = LINE('',#4998,#4999);
#4998 = CARTESIAN_POINT('',(0.,0.));
#4999 = VECTOR('',#5000,1.);
#5000 = DIRECTION('',(0.,1.));
#5001 = ( GEOMETRIC_REPRESENTATION_CONTEXT(2) 
PARAMETRIC_REPRESENTATION_CONTEXT() REPRESENTATION_CONTEXT('2D SPACE',''
  ) );
#5002 = PCURVE('',#4773,#5003);
#5003 = DEFINITIONAL_REPRESENTATION('',(#5004),#5008);
#5004 = LINE('',#5005,#5006);
#5005 = CARTESIAN_POINT('',(0.,0.64));
#5006 = VECTOR('',#5007,1.);
#5007 = DIRECTION('',(1.,0.));
#5008 = ( GEOMETRIC_REPRESENTATION_CONTEXT(2) 
PARAMETRIC_REPRESENTATION_CONTEXT() REPRESENTATION_CONTEXT('2D SPACE',''
  ) );
#5009 = ORIENTED_EDGE('',*,*,#4785,.T.);
#5010 = ORIENTED_EDGE('',*,*,#5011,.T.);
#5011 = EDGE_CURVE('',#4786,#4896,#5012,.T.);
#5012 = SURFACE_CURVE('',#5013,(#5017,#5024),.PCURVE_S1.);
#5013 = LINE('',#5014,#5015);
#5014 = CARTESIAN_POINT('',(-0.32,-12.38,9.95));
#5015 = VECTOR('',#5016,1.);
#5016 = DIRECTION('',(1.,0.,-0.));
#5017 = PCURVE('',#4801,#5018);
#5018 = DEFINITIONAL_REPRESENTATION('',(#5019),#5023);
#5019 = LINE('',#5020,#5021);
#5020 = CARTESIAN_POINT('',(12.79,0.));
#5021 = VECTOR('',#5022,1.);
#5022 = DIRECTION('',(0.,1.));
#5023 = ( GEOMETRIC_REPRESENTATION_CONTEXT(2) 
PARAMETRIC_REPRESENTATION_CONTEXT() REPRESENTATION_CONTEXT('2D SPACE',''
  ) );
#5024 = PCURVE('',#4827,#5025);
#5025 = DEFINITIONAL_REPRESENTATION('',(#5026),#5030);
#5026 = LINE('',#5027,#5028);
#5027 = CARTESIAN_POINT('',(0.,0.64));
#5028 = VECTOR('',#5029,1.);
#5029 = DIRECTION('',(1.,0.));
#5030 = ( GEOMETRIC_REPRESENTATION_CONTEXT(2) 
PARAMETRIC_REPRESENTATION_CONTEXT() REPRESENTATION_CONTEXT('2D SPACE',''
  ) );
#5031 = ORIENTED_EDGE('',*,*,#4895,.F.);
#5032 = ADVANCED_FACE('',(#5033),#4773,.F.);
#5033 = FACE_BOUND('',#5034,.F.);
#5034 = EDGE_LOOP('',(#5035,#5036,#5037,#5038));
#5035 = ORIENTED_EDGE('',*,*,#4757,.F.);
#5036 = ORIENTED_EDGE('',*,*,#4942,.T.);
#5037 = ORIENTED_EDGE('',*,*,#4872,.T.);
#5038 = ORIENTED_EDGE('',*,*,#4989,.F.);
#5039 = ADVANCED_FACE('',(#5040),#4827,.T.);
#5040 = FACE_BOUND('',#5041,.T.);
#5041 = EDGE_LOOP('',(#5042,#5043,#5044,#5045));
#5042 = ORIENTED_EDGE('',*,*,#4813,.F.);
#5043 = ORIENTED_EDGE('',*,*,#4964,.T.);
#5044 = ORIENTED_EDGE('',*,*,#4918,.T.);
#5045 = ORIENTED_EDGE('',*,*,#5011,.F.);
#5046 = ( GEOMETRIC_REPRESENTATION_CONTEXT(3) 
GLOBAL_UNCERTAINTY_ASSIGNED_CONTEXT((#5050)) 
GLOBAL_UNIT_ASSIGNED_CONTEXT((#5047,#5048,#5049)) REPRESENTATION_CONTEXT
('Context #1','3D Context with UNIT and UNCERTAINTY') );
#5047 = ( LENGTH_UNIT() NAMED_UNIT(*) SI_UNIT(.MILLI.,.METRE.) );
#5048 = ( NAMED_UNIT(*) PLANE_ANGLE_UNIT() SI_UNIT($,.RADIAN.) );
#5049 = ( NAMED_UNIT(*) SI_UNIT($,.STERADIAN.) SOLID_ANGLE_UNIT() );
#5050 = UNCERTAINTY_MEASURE_WITH_UNIT(LENGTH_MEASURE(1.E-07),#5047,
  'distance_accuracy_value','confusion accuracy');
#5051 = CONTEXT_DEPENDENT_SHAPE_REPRESENTATION(#5052,#5054);
#5052 = ( REPRESENTATION_RELATIONSHIP('','',#4715,#10) 
REPRESENTATION_RELATIONSHIP_WITH_TRANSFORMATION(#5053) 
SHAPE_REPRESENTATION_RELATIONSHIP() );
#5053 = ITEM_DEFINED_TRANSFORMATION('','',#11,#59);
#5054 = PRODUCT_DEFINITION_SHAPE('Placement','Placement of an item',
  #5055);
#5055 = NEXT_ASSEMBLY_USAGE_OCCURRENCE('306','','',#5,#4710,$);
#5056 = PRODUCT_RELATED_PRODUCT_CATEGORY('part',$,(#4712));
#5057 = SHAPE_DEFINITION_REPRESENTATION(#5058,#5064);
#5058 = PRODUCT_DEFINITION_SHAPE('','',#5059);
#5059 = PRODUCT_DEFINITION('design','',#5060,#5063);
#5060 = PRODUCT_DEFINITION_FORMATION('','',#5061);
#5061 = PRODUCT('Open CASCADE STEP translator 7.9 22.13',
  'Open CASCADE STEP translator 7.9 22.13','',(#5062));
#5062 = PRODUCT_CONTEXT('',#2,'mechanical');
#5063 = PRODUCT_DEFINITION_CONTEXT('part definition',#2,'design');
#5064 = ADVANCED_BREP_SHAPE_REPRESENTATION('',(#11,#5065),#5395);
#5065 = MANIFOLD_SOLID_BREP('',#5066);
#5066 = CLOSED_SHELL('',(#5067,#5187,#5287,#5334,#5381,#5388));
#5067 = ADVANCED_FACE('',(#5068),#5082,.F.);
#5068 = FACE_BOUND('',#5069,.F.);
#5069 = EDGE_LOOP('',(#5070,#5105,#5133,#5161));
#5070 = ORIENTED_EDGE('',*,*,#5071,.F.);
#5071 = EDGE_CURVE('',#5072,#5074,#5076,.T.);
#5072 = VERTEX_POINT('',#5073);
#5073 = CARTESIAN_POINT('',(2.22,-13.02,-2.84));
#5074 = VERTEX_POINT('',#5075);
#5075 = CARTESIAN_POINT('',(2.22,-13.02,9.95));
#5076 = SURFACE_CURVE('',#5077,(#5081,#5093),.PCURVE_S1.);
#5077 = LINE('',#5078,#5079);
#5078 = CARTESIAN_POINT('',(2.22,-13.02,-2.84));
#5079 = VECTOR('',#5080,1.);
#5080 = DIRECTION('',(0.,0.,1.));
#5081 = PCURVE('',#5082,#5087);
#5082 = PLANE('',#5083);
#5083 = AXIS2_PLACEMENT_3D('',#5084,#5085,#5086);
#5084 = CARTESIAN_POINT('',(2.22,-13.02,-2.84));
#5085 = DIRECTION('',(1.,0.,-0.));
#5086 = DIRECTION('',(0.,0.,1.));
#5087 = DEFINITIONAL_REPRESENTATION('',(#5088),#5092);
#5088 = LINE('',#5089,#5090);
#5089 = CARTESIAN_POINT('',(0.,0.));
#5090 = VECTOR('',#5091,1.);
#5091 = DIRECTION('',(1.,0.));
#5092 = ( GEOMETRIC_REPRESENTATION_CONTEXT(2) 
PARAMETRIC_REPRESENTATION_CONTEXT() REPRESENTATION_CONTEXT('2D SPACE',''
  ) );
#5093 = PCURVE('',#5094,#5099);
#5094 = PLANE('',#5095);
#5095 = AXIS2_PLACEMENT_3D('',#5096,#5097,#5098);
#5096 = CARTESIAN_POINT('',(2.22,-13.02,-2.84));
#5097 = DIRECTION('',(-0.,1.,0.));
#5098 = DIRECTION('',(0.,0.,1.));
#5099 = DEFINITIONAL_REPRESENTATION('',(#5100),#5104);
#5100 = LINE('',#5101,#5102);
#5101 = CARTESIAN_POINT('',(0.,0.));
#5102 = VECTOR('',#5103,1.);
#5103 = DIRECTION('',(1.,0.));
#5104 = ( GEOMETRIC_REPRESENTATION_CONTEXT(2) 
PARAMETRIC_REPRESENTATION_CONTEXT() REPRESENTATION_CONTEXT('2D SPACE',''
  ) );
#5105 = ORIENTED_EDGE('',*,*,#5106,.T.);
#5106 = EDGE_CURVE('',#5072,#5107,#5109,.T.);
#5107 = VERTEX_POINT('',#5108);
#5108 = CARTESIAN_POINT('',(2.22,-12.38,-2.84));
#5109 = SURFACE_CURVE('',#5110,(#5114,#5121),.PCURVE_S1.);
#5110 = LINE('',#5111,#5112);
#5111 = CARTESIAN_POINT('',(2.22,-13.02,-2.84));
#5112 = VECTOR('',#5113,1.);
#5113 = DIRECTION('',(-0.,1.,0.));
#5114 = PCURVE('',#5082,#5115);
#5115 = DEFINITIONAL_REPRESENTATION('',(#5116),#5120);
#5116 = LINE('',#5117,#5118);
#5117 = CARTESIAN_POINT('',(0.,0.));
#5118 = VECTOR('',#5119,1.);
#5119 = DIRECTION('',(0.,-1.));
#5120 = ( GEOMETRIC_REPRESENTATION_CONTEXT(2) 
PARAMETRIC_REPRESENTATION_CONTEXT() REPRESENTATION_CONTEXT('2D SPACE',''
  ) );
#5121 = PCURVE('',#5122,#5127);
#5122 = PLANE('',#5123);
#5123 = AXIS2_PLACEMENT_3D('',#5124,#5125,#5126);
#5124 = CARTESIAN_POINT('',(2.22,-13.02,-2.84));
#5125 = DIRECTION('',(0.,0.,1.));
#5126 = DIRECTION('',(1.,0.,-0.));
#5127 = DEFINITIONAL_REPRESENTATION('',(#5128),#5132);
#5128 = LINE('',#5129,#5130);
#5129 = CARTESIAN_POINT('',(0.,0.));
#5130 = VECTOR('',#5131,1.);
#5131 = DIRECTION('',(0.,1.));
#5132 = ( GEOMETRIC_REPRESENTATION_CONTEXT(2) 
PARAMETRIC_REPRESENTATION_CONTEXT() REPRESENTATION_CONTEXT('2D SPACE',''
  ) );
#5133 = ORIENTED_EDGE('',*,*,#5134,.T.);
#5134 = EDGE_CURVE('',#5107,#5135,#5137,.T.);
#5135 = VERTEX_POINT('',#5136);
#5136 = CARTESIAN_POINT('',(2.22,-12.38,9.95));
#5137 = SURFACE_CURVE('',#5138,(#5142,#5149),.PCURVE_S1.);
#5138 = LINE('',#5139,#5140);
#5139 = CARTESIAN_POINT('',(2.22,-12.38,-2.84));
#5140 = VECTOR('',#5141,1.);
#5141 = DIRECTION('',(0.,0.,1.));
#5142 = PCURVE('',#5082,#5143);
#5143 = DEFINITIONAL_REPRESENTATION('',(#5144),#5148);
#5144 = LINE('',#5145,#5146);
#5145 = CARTESIAN_POINT('',(0.,-0.64));
#5146 = VECTOR('',#5147,1.);
#5147 = DIRECTION('',(1.,0.));
#5148 = ( GEOMETRIC_REPRESENTATION_CONTEXT(2) 
PARAMETRIC_REPRESENTATION_CONTEXT() REPRESENTATION_CONTEXT('2D SPACE',''
  ) );
#5149 = PCURVE('',#5150,#5155);
#5150 = PLANE('',#5151);
#5151 = AXIS2_PLACEMENT_3D('',#5152,#5153,#5154);
#5152 = CARTESIAN_POINT('',(2.22,-12.38,-2.84));
#5153 = DIRECTION('',(-0.,1.,0.));
#5154 = DIRECTION('',(0.,0.,1.));
#5155 = DEFINITIONAL_REPRESENTATION('',(#5156),#5160);
#5156 = LINE('',#5157,#5158);
#5157 = CARTESIAN_POINT('',(0.,0.));
#5158 = VECTOR('',#5159,1.);
#5159 = DIRECTION('',(1.,0.));
#5160 = ( GEOMETRIC_REPRESENTATION_CONTEXT(2) 
PARAMETRIC_REPRESENTATION_CONTEXT() REPRESENTATION_CONTEXT('2D SPACE',''
  ) );
#5161 = ORIENTED_EDGE('',*,*,#5162,.F.);
#5162 = EDGE_CURVE('',#5074,#5135,#5163,.T.);
#5163 = SURFACE_CURVE('',#5164,(#5168,#5175),.PCURVE_S1.);
#5164 = LINE('',#5165,#5166);
#5165 = CARTESIAN_POINT('',(2.22,-13.02,9.95));
#5166 = VECTOR('',#5167,1.);
#5167 = DIRECTION('',(-0.,1.,0.));
#5168 = PCURVE('',#5082,#5169);
#5169 = DEFINITIONAL_REPRESENTATION('',(#5170),#5174);
#5170 = LINE('',#5171,#5172);
#5171 = CARTESIAN_POINT('',(12.79,0.));
#5172 = VECTOR('',#5173,1.);
#5173 = DIRECTION('',(0.,-1.));
#5174 = ( GEOMETRIC_REPRESENTATION_CONTEXT(2) 
PARAMETRIC_REPRESENTATION_CONTEXT() REPRESENTATION_CONTEXT('2D SPACE',''
  ) );
#5175 = PCURVE('',#5176,#5181);
#5176 = PLANE('',#5177);
#5177 = AXIS2_PLACEMENT_3D('',#5178,#5179,#5180);
#5178 = CARTESIAN_POINT('',(2.22,-13.02,9.95));
#5179 = DIRECTION('',(0.,0.,1.));
#5180 = DIRECTION('',(1.,0.,-0.));
#5181 = DEFINITIONAL_REPRESENTATION('',(#5182),#5186);
#5182 = LINE('',#5183,#5184);
#5183 = CARTESIAN_POINT('',(0.,0.));
#5184 = VECTOR('',#5185,1.);
#5185 = DIRECTION('',(0.,1.));
#5186 = ( GEOMETRIC_REPRESENTATION_CONTEXT(2) 
PARAMETRIC_REPRESENTATION_CONTEXT() REPRESENTATION_CONTEXT('2D SPACE',''
  ) );
#5187 = ADVANCED_FACE('',(#5188),#5202,.T.);
#5188 = FACE_BOUND('',#5189,.T.);
#5189 = EDGE_LOOP('',(#5190,#5220,#5243,#5266));
#5190 = ORIENTED_EDGE('',*,*,#5191,.F.);
#5191 = EDGE_CURVE('',#5192,#5194,#5196,.T.);
#5192 = VERTEX_POINT('',#5193);
#5193 = CARTESIAN_POINT('',(2.86,-13.02,-2.84));
#5194 = VERTEX_POINT('',#5195);
#5195 = CARTESIAN_POINT('',(2.86,-13.02,9.95));
#5196 = SURFACE_CURVE('',#5197,(#5201,#5213),.PCURVE_S1.);
#5197 = LINE('',#5198,#5199);
#5198 = CARTESIAN_POINT('',(2.86,-13.02,-2.84));
#5199 = VECTOR('',#5200,1.);
#5200 = DIRECTION('',(0.,0.,1.));
#5201 = PCURVE('',#5202,#5207);
#5202 = PLANE('',#5203);
#5203 = AXIS2_PLACEMENT_3D('',#5204,#5205,#5206);
#5204 = CARTESIAN_POINT('',(2.86,-13.02,-2.84));
#5205 = DIRECTION('',(1.,0.,-0.));
#5206 = DIRECTION('',(0.,0.,1.));
#5207 = DEFINITIONAL_REPRESENTATION('',(#5208),#5212);
#5208 = LINE('',#5209,#5210);
#5209 = CARTESIAN_POINT('',(0.,0.));
#5210 = VECTOR('',#5211,1.);
#5211 = DIRECTION('',(1.,0.));
#5212 = ( GEOMETRIC_REPRESENTATION_CONTEXT(2) 
PARAMETRIC_REPRESENTATION_CONTEXT() REPRESENTATION_CONTEXT('2D SPACE',''
  ) );
#5213 = PCURVE('',#5094,#5214);
#5214 = DEFINITIONAL_REPRESENTATION('',(#5215),#5219);
#5215 = LINE('',#5216,#5217);
#5216 = CARTESIAN_POINT('',(0.,0.64));
#5217 = VECTOR('',#5218,1.);
#5218 = DIRECTION('',(1.,0.));
#5219 = ( GEOMETRIC_REPRESENTATION_CONTEXT(2) 
PARAMETRIC_REPRESENTATION_CONTEXT() REPRESENTATION_CONTEXT('2D SPACE',''
  ) );
#5220 = ORIENTED_EDGE('',*,*,#5221,.T.);
#5221 = EDGE_CURVE('',#5192,#5222,#5224,.T.);
#5222 = VERTEX_POINT('',#5223);
#5223 = CARTESIAN_POINT('',(2.86,-12.38,-2.84));
#5224 = SURFACE_CURVE('',#5225,(#5229,#5236),.PCURVE_S1.);
#5225 = LINE('',#5226,#5227);
#5226 = CARTESIAN_POINT('',(2.86,-13.02,-2.84));
#5227 = VECTOR('',#5228,1.);
#5228 = DIRECTION('',(-0.,1.,0.));
#5229 = PCURVE('',#5202,#5230);
#5230 = DEFINITIONAL_REPRESENTATION('',(#5231),#5235);
#5231 = LINE('',#5232,#5233);
#5232 = CARTESIAN_POINT('',(0.,0.));
#5233 = VECTOR('',#5234,1.);
#5234 = DIRECTION('',(0.,-1.));
#5235 = ( GEOMETRIC_REPRESENTATION_CONTEXT(2) 
PARAMETRIC_REPRESENTATION_CONTEXT() REPRESENTATION_CONTEXT('2D SPACE',''
  ) );
#5236 = PCURVE('',#5122,#5237);
#5237 = DEFINITIONAL_REPRESENTATION('',(#5238),#5242);
#5238 = LINE('',#5239,#5240);
#5239 = CARTESIAN_POINT('',(0.64,0.));
#5240 = VECTOR('',#5241,1.);
#5241 = DIRECTION('',(0.,1.));
#5242 = ( GEOMETRIC_REPRESENTATION_CONTEXT(2) 
PARAMETRIC_REPRESENTATION_CONTEXT() REPRESENTATION_CONTEXT('2D SPACE',''
  ) );
#5243 = ORIENTED_EDGE('',*,*,#5244,.T.);
#5244 = EDGE_CURVE('',#5222,#5245,#5247,.T.);
#5245 = VERTEX_POINT('',#5246);
#5246 = CARTESIAN_POINT('',(2.86,-12.38,9.95));
#5247 = SURFACE_CURVE('',#5248,(#5252,#5259),.PCURVE_S1.);
#5248 = LINE('',#5249,#5250);
#5249 = CARTESIAN_POINT('',(2.86,-12.38,-2.84));
#5250 = VECTOR('',#5251,1.);
#5251 = DIRECTION('',(0.,0.,1.));
#5252 = PCURVE('',#5202,#5253);
#5253 = DEFINITIONAL_REPRESENTATION('',(#5254),#5258);
#5254 = LINE('',#5255,#5256);
#5255 = CARTESIAN_POINT('',(0.,-0.64));
#5256 = VECTOR('',#5257,1.);
#5257 = DIRECTION('',(1.,0.));
#5258 = ( GEOMETRIC_REPRESENTATION_CONTEXT(2) 
PARAMETRIC_REPRESENTATION_CONTEXT() REPRESENTATION_CONTEXT('2D SPACE',''
  ) );
#5259 = PCURVE('',#5150,#5260);
#5260 = DEFINITIONAL_REPRESENTATION('',(#5261),#5265);
#5261 = LINE('',#5262,#5263);
#5262 = CARTESIAN_POINT('',(0.,0.64));
#5263 = VECTOR('',#5264,1.);
#5264 = DIRECTION('',(1.,0.));
#5265 = ( GEOMETRIC_REPRESENTATION_CONTEXT(2) 
PARAMETRIC_REPRESENTATION_CONTEXT() REPRESENTATION_CONTEXT('2D SPACE',''
  ) );
#5266 = ORIENTED_EDGE('',*,*,#5267,.F.);
#5267 = EDGE_CURVE('',#5194,#5245,#5268,.T.);
#5268 = SURFACE_CURVE('',#5269,(#5273,#5280),.PCURVE_S1.);
#5269 = LINE('',#5270,#5271);
#5270 = CARTESIAN_POINT('',(2.86,-13.02,9.95));
#5271 = VECTOR('',#5272,1.);
#5272 = DIRECTION('',(-0.,1.,0.));
#5273 = PCURVE('',#5202,#5274);
#5274 = DEFINITIONAL_REPRESENTATION('',(#5275),#5279);
#5275 = LINE('',#5276,#5277);
#5276 = CARTESIAN_POINT('',(12.79,0.));
#5277 = VECTOR('',#5278,1.);
#5278 = DIRECTION('',(0.,-1.));
#5279 = ( GEOMETRIC_REPRESENTATION_CONTEXT(2) 
PARAMETRIC_REPRESENTATION_CONTEXT() REPRESENTATION_CONTEXT('2D SPACE',''
  ) );
#5280 = PCURVE('',#5176,#5281);
#5281 = DEFINITIONAL_REPRESENTATION('',(#5282),#5286);
#5282 = LINE('',#5283,#5284);
#5283 = CARTESIAN_POINT('',(0.64,0.));
#5284 = VECTOR('',#5285,1.);
#5285 = DIRECTION('',(0.,1.));
#5286 = ( GEOMETRIC_REPRESENTATION_CONTEXT(2) 
PARAMETRIC_REPRESENTATION_CONTEXT() REPRESENTATION_CONTEXT('2D SPACE',''
  ) );
#5287 = ADVANCED_FACE('',(#5288),#5094,.F.);
#5288 = FACE_BOUND('',#5289,.F.);
#5289 = EDGE_LOOP('',(#5290,#5311,#5312,#5333));
#5290 = ORIENTED_EDGE('',*,*,#5291,.F.);
#5291 = EDGE_CURVE('',#5072,#5192,#5292,.T.);
#5292 = SURFACE_CURVE('',#5293,(#5297,#5304),.PCURVE_S1.);
#5293 = LINE('',#5294,#5295);
#5294 = CARTESIAN_POINT('',(2.22,-13.02,-2.84));
#5295 = VECTOR('',#5296,1.);
#5296 = DIRECTION('',(1.,0.,-0.));
#5297 = PCURVE('',#5094,#5298);
#5298 = DEFINITIONAL_REPRESENTATION('',(#5299),#5303);
#5299 = LINE('',#5300,#5301);
#5300 = CARTESIAN_POINT('',(0.,0.));
#5301 = VECTOR('',#5302,1.);
#5302 = DIRECTION('',(0.,1.));
#5303 = ( GEOMETRIC_REPRESENTATION_CONTEXT(2) 
PARAMETRIC_REPRESENTATION_CONTEXT() REPRESENTATION_CONTEXT('2D SPACE',''
  ) );
#5304 = PCURVE('',#5122,#5305);
#5305 = DEFINITIONAL_REPRESENTATION('',(#5306),#5310);
#5306 = LINE('',#5307,#5308);
#5307 = CARTESIAN_POINT('',(0.,0.));
#5308 = VECTOR('',#5309,1.);
#5309 = DIRECTION('',(1.,0.));
#5310 = ( GEOMETRIC_REPRESENTATION_CONTEXT(2) 
PARAMETRIC_REPRESENTATION_CONTEXT() REPRESENTATION_CONTEXT('2D SPACE',''
  ) );
#5311 = ORIENTED_EDGE('',*,*,#5071,.T.);
#5312 = ORIENTED_EDGE('',*,*,#5313,.T.);
#5313 = EDGE_CURVE('',#5074,#5194,#5314,.T.);
#5314 = SURFACE_CURVE('',#5315,(#5319,#5326),.PCURVE_S1.);
#5315 = LINE('',#5316,#5317);
#5316 = CARTESIAN_POINT('',(2.22,-13.02,9.95));
#5317 = VECTOR('',#5318,1.);
#5318 = DIRECTION('',(1.,0.,-0.));
#5319 = PCURVE('',#5094,#5320);
#5320 = DEFINITIONAL_REPRESENTATION('',(#5321),#5325);
#5321 = LINE('',#5322,#5323);
#5322 = CARTESIAN_POINT('',(12.79,0.));
#5323 = VECTOR('',#5324,1.);
#5324 = DIRECTION('',(0.,1.));
#5325 = ( GEOMETRIC_REPRESENTATION_CONTEXT(2) 
PARAMETRIC_REPRESENTATION_CONTEXT() REPRESENTATION_CONTEXT('2D SPACE',''
  ) );
#5326 = PCURVE('',#5176,#5327);
#5327 = DEFINITIONAL_REPRESENTATION('',(#5328),#5332);
#5328 = LINE('',#5329,#5330);
#5329 = CARTESIAN_POINT('',(0.,0.));
#5330 = VECTOR('',#5331,1.);
#5331 = DIRECTION('',(1.,0.));
#5332 = ( GEOMETRIC_REPRESENTATION_CONTEXT(2) 
PARAMETRIC_REPRESENTATION_CONTEXT() REPRESENTATION_CONTEXT('2D SPACE',''
  ) );
#5333 = ORIENTED_EDGE('',*,*,#5191,.F.);
#5334 = ADVANCED_FACE('',(#5335),#5150,.T.);
#5335 = FACE_BOUND('',#5336,.T.);
#5336 = EDGE_LOOP('',(#5337,#5358,#5359,#5380));
#5337 = ORIENTED_EDGE('',*,*,#5338,.F.);
#5338 = EDGE_CURVE('',#5107,#5222,#5339,.T.);
#5339 = SURFACE_CURVE('',#5340,(#5344,#5351),.PCURVE_S1.);
#5340 = LINE('',#5341,#5342);
#5341 = CARTESIAN_POINT('',(2.22,-12.38,-2.84));
#5342 = VECTOR('',#5343,1.);
#5343 = DIRECTION('',(1.,0.,-0.));
#5344 = PCURVE('',#5150,#5345);
#5345 = DEFINITIONAL_REPRESENTATION('',(#5346),#5350);
#5346 = LINE('',#5347,#5348);
#5347 = CARTESIAN_POINT('',(0.,0.));
#5348 = VECTOR('',#5349,1.);
#5349 = DIRECTION('',(0.,1.));
#5350 = ( GEOMETRIC_REPRESENTATION_CONTEXT(2) 
PARAMETRIC_REPRESENTATION_CONTEXT() REPRESENTATION_CONTEXT('2D SPACE',''
  ) );
#5351 = PCURVE('',#5122,#5352);
#5352 = DEFINITIONAL_REPRESENTATION('',(#5353),#5357);
#5353 = LINE('',#5354,#5355);
#5354 = CARTESIAN_POINT('',(0.,0.64));
#5355 = VECTOR('',#5356,1.);
#5356 = DIRECTION('',(1.,0.));
#5357 = ( GEOMETRIC_REPRESENTATION_CONTEXT(2) 
PARAMETRIC_REPRESENTATION_CONTEXT() REPRESENTATION_CONTEXT('2D SPACE',''
  ) );
#5358 = ORIENTED_EDGE('',*,*,#5134,.T.);
#5359 = ORIENTED_EDGE('',*,*,#5360,.T.);
#5360 = EDGE_CURVE('',#5135,#5245,#5361,.T.);
#5361 = SURFACE_CURVE('',#5362,(#5366,#5373),.PCURVE_S1.);
#5362 = LINE('',#5363,#5364);
#5363 = CARTESIAN_POINT('',(2.22,-12.38,9.95));
#5364 = VECTOR('',#5365,1.);
#5365 = DIRECTION('',(1.,0.,-0.));
#5366 = PCURVE('',#5150,#5367);
#5367 = DEFINITIONAL_REPRESENTATION('',(#5368),#5372);
#5368 = LINE('',#5369,#5370);
#5369 = CARTESIAN_POINT('',(12.79,0.));
#5370 = VECTOR('',#5371,1.);
#5371 = DIRECTION('',(0.,1.));
#5372 = ( GEOMETRIC_REPRESENTATION_CONTEXT(2) 
PARAMETRIC_REPRESENTATION_CONTEXT() REPRESENTATION_CONTEXT('2D SPACE',''
  ) );
#5373 = PCURVE('',#5176,#5374);
#5374 = DEFINITIONAL_REPRESENTATION('',(#5375),#5379);
#5375 = LINE('',#5376,#5377);
#5376 = CARTESIAN_POINT('',(0.,0.64));
#5377 = VECTOR('',#5378,1.);
#5378 = DIRECTION('',(1.,0.));
#5379 = ( GEOMETRIC_REPRESENTATION_CONTEXT(2) 
PARAMETRIC_REPRESENTATION_CONTEXT() REPRESENTATION_CONTEXT('2D SPACE',''
  ) );
#5380 = ORIENTED_EDGE('',*,*,#5244,.F.);
#5381 = ADVANCED_FACE('',(#5382),#5122,.F.);
#5382 = FACE_BOUND('',#5383,.F.);
#5383 = EDGE_LOOP('',(#5384,#5385,#5386,#5387));
#5384 = ORIENTED_EDGE('',*,*,#5106,.F.);
#5385 = ORIENTED_EDGE('',*,*,#5291,.T.);
#5386 = ORIENTED_EDGE('',*,*,#5221,.T.);
#5387 = ORIENTED_EDGE('',*,*,#5338,.F.);
#5388 = ADVANCED_FACE('',(#5389),#5176,.T.);
#5389 = FACE_BOUND('',#5390,.T.);
#5390 = EDGE_LOOP('',(#5391,#5392,#5393,#5394));
#5391 = ORIENTED_EDGE('',*,*,#5162,.F.);
#5392 = ORIENTED_EDGE('',*,*,#5313,.T.);
#5393 = ORIENTED_EDGE('',*,*,#5267,.T.);
#5394 = ORIENTED_EDGE('',*,*,#5360,.F.);
#5395 = ( GEOMETRIC_REPRESENTATION_CONTEXT(3) 
GLOBAL_UNCERTAINTY_ASSIGNED_CONTEXT((#5399)) 
GLOBAL_UNIT_ASSIGNED_CONTEXT((#5396,#5397,#5398)) REPRESENTATION_CONTEXT
('Context #1','3D Context with UNIT and UNCERTAINTY') );
#5396 = ( LENGTH_UNIT() NAMED_UNIT(*) SI_UNIT(.MILLI.,.METRE.) );
#5397 = ( NAMED_UNIT(*) PLANE_ANGLE_UNIT() SI_UNIT($,.RADIAN.) );
#5398 = ( NAMED_UNIT(*) SI_UNIT($,.STERADIAN.) SOLID_ANGLE_UNIT() );
#5399 = UNCERTAINTY_MEASURE_WITH_UNIT(LENGTH_MEASURE(1.E-07),#5396,
  'distance_accuracy_value','confusion accuracy');
#5400 = CONTEXT_DEPENDENT_SHAPE_REPRESENTATION(#5401,#5403);
#5401 = ( REPRESENTATION_RELATIONSHIP('','',#5064,#10) 
REPRESENTATION_RELATIONSHIP_WITH_TRANSFORMATION(#5402) 
SHAPE_REPRESENTATION_RELATIONSHIP() );
#5402 = ITEM_DEFINED_TRANSFORMATION('','',#11,#63);
#5403 = PRODUCT_DEFINITION_SHAPE('Placement','Placement of an item',
  #5404);
#5404 = NEXT_ASSEMBLY_USAGE_OCCURRENCE('307','','',#5,#5059,$);
#5405 = PRODUCT_RELATED_PRODUCT_CATEGORY('part',$,(#5061));
#5406 = SHAPE_DEFINITION_REPRESENTATION(#5407,#5413);
#5407 = PRODUCT_DEFINITION_SHAPE('','',#5408);
#5408 = PRODUCT_DEFINITION('design','',#5409,#5412);
#5409 = PRODUCT_DEFINITION_FORMATION('','',#5410);
#5410 = PRODUCT('Open CASCADE STEP translator 7.9 22.14',
  'Open CASCADE STEP translator 7.9 22.14','',(#5411));
#5411 = PRODUCT_CONTEXT('',#2,'mechanical');
#5412 = PRODUCT_DEFINITION_CONTEXT('part definition',#2,'design');
#5413 = ADVANCED_BREP_SHAPE_REPRESENTATION('',(#11,#5414),#5744);
#5414 = MANIFOLD_SOLID_BREP('',#5415);
#5415 = CLOSED_SHELL('',(#5416,#5536,#5636,#5683,#5730,#5737));
#5416 = ADVANCED_FACE('',(#5417),#5431,.F.);
#5417 = FACE_BOUND('',#5418,.F.);
#5418 = EDGE_LOOP('',(#5419,#5454,#5482,#5510));
#5419 = ORIENTED_EDGE('',*,*,#5420,.F.);
#5420 = EDGE_CURVE('',#5421,#5423,#5425,.T.);
#5421 = VERTEX_POINT('',#5422);
#5422 = CARTESIAN_POINT('',(-0.32,-15.56,-2.84));
#5423 = VERTEX_POINT('',#5424);
#5424 = CARTESIAN_POINT('',(-0.32,-15.56,9.95));
#5425 = SURFACE_CURVE('',#5426,(#5430,#5442),.PCURVE_S1.);
#5426 = LINE('',#5427,#5428);
#5427 = CARTESIAN_POINT('',(-0.32,-15.56,-2.84));
#5428 = VECTOR('',#5429,1.);
#5429 = DIRECTION('',(0.,0.,1.));
#5430 = PCURVE('',#5431,#5436);
#5431 = PLANE('',#5432);
#5432 = AXIS2_PLACEMENT_3D('',#5433,#5434,#5435);
#5433 = CARTESIAN_POINT('',(-0.32,-15.56,-2.84));
#5434 = DIRECTION('',(1.,0.,-0.));
#5435 = DIRECTION('',(0.,0.,1.));
#5436 = DEFINITIONAL_REPRESENTATION('',(#5437),#5441);
#5437 = LINE('',#5438,#5439);
#5438 = CARTESIAN_POINT('',(0.,0.));
#5439 = VECTOR('',#5440,1.);
#5440 = DIRECTION('',(1.,0.));
#5441 = ( GEOMETRIC_REPRESENTATION_CONTEXT(2) 
PARAMETRIC_REPRESENTATION_CONTEXT() REPRESENTATION_CONTEXT('2D SPACE',''
  ) );
#5442 = PCURVE('',#5443,#5448);
#5443 = PLANE('',#5444);
#5444 = AXIS2_PLACEMENT_3D('',#5445,#5446,#5447);
#5445 = CARTESIAN_POINT('',(-0.32,-15.56,-2.84));
#5446 = DIRECTION('',(-0.,1.,0.));
#5447 = DIRECTION('',(0.,0.,1.));
#5448 = DEFINITIONAL_REPRESENTATION('',(#5449),#5453);
#5449 = LINE('',#5450,#5451);
#5450 = CARTESIAN_POINT('',(0.,0.));
#5451 = VECTOR('',#5452,1.);
#5452 = DIRECTION('',(1.,0.));
#5453 = ( GEOMETRIC_REPRESENTATION_CONTEXT(2) 
PARAMETRIC_REPRESENTATION_CONTEXT() REPRESENTATION_CONTEXT('2D SPACE',''
  ) );
#5454 = ORIENTED_EDGE('',*,*,#5455,.T.);
#5455 = EDGE_CURVE('',#5421,#5456,#5458,.T.);
#5456 = VERTEX_POINT('',#5457);
#5457 = CARTESIAN_POINT('',(-0.32,-14.92,-2.84));
#5458 = SURFACE_CURVE('',#5459,(#5463,#5470),.PCURVE_S1.);
#5459 = LINE('',#5460,#5461);
#5460 = CARTESIAN_POINT('',(-0.32,-15.56,-2.84));
#5461 = VECTOR('',#5462,1.);
#5462 = DIRECTION('',(-0.,1.,0.));
#5463 = PCURVE('',#5431,#5464);
#5464 = DEFINITIONAL_REPRESENTATION('',(#5465),#5469);
#5465 = LINE('',#5466,#5467);
#5466 = CARTESIAN_POINT('',(0.,0.));
#5467 = VECTOR('',#5468,1.);
#5468 = DIRECTION('',(0.,-1.));
#5469 = ( GEOMETRIC_REPRESENTATION_CONTEXT(2) 
PARAMETRIC_REPRESENTATION_CONTEXT() REPRESENTATION_CONTEXT('2D SPACE',''
  ) );
#5470 = PCURVE('',#5471,#5476);
#5471 = PLANE('',#5472);
#5472 = AXIS2_PLACEMENT_3D('',#5473,#5474,#5475);
#5473 = CARTESIAN_POINT('',(-0.32,-15.56,-2.84));
#5474 = DIRECTION('',(0.,0.,1.));
#5475 = DIRECTION('',(1.,0.,-0.));
#5476 = DEFINITIONAL_REPRESENTATION('',(#5477),#5481);
#5477 = LINE('',#5478,#5479);
#5478 = CARTESIAN_POINT('',(0.,0.));
#5479 = VECTOR('',#5480,1.);
#5480 = DIRECTION('',(0.,1.));
#5481 = ( GEOMETRIC_REPRESENTATION_CONTEXT(2) 
PARAMETRIC_REPRESENTATION_CONTEXT() REPRESENTATION_CONTEXT('2D SPACE',''
  ) );
#5482 = ORIENTED_EDGE('',*,*,#5483,.T.);
#5483 = EDGE_CURVE('',#5456,#5484,#5486,.T.);
#5484 = VERTEX_POINT('',#5485);
#5485 = CARTESIAN_POINT('',(-0.32,-14.92,9.95));
#5486 = SURFACE_CURVE('',#5487,(#5491,#5498),.PCURVE_S1.);
#5487 = LINE('',#5488,#5489);
#5488 = CARTESIAN_POINT('',(-0.32,-14.92,-2.84));
#5489 = VECTOR('',#5490,1.);
#5490 = DIRECTION('',(0.,0.,1.));
#5491 = PCURVE('',#5431,#5492);
#5492 = DEFINITIONAL_REPRESENTATION('',(#5493),#5497);
#5493 = LINE('',#5494,#5495);
#5494 = CARTESIAN_POINT('',(0.,-0.64));
#5495 = VECTOR('',#5496,1.);
#5496 = DIRECTION('',(1.,0.));
#5497 = ( GEOMETRIC_REPRESENTATION_CONTEXT(2) 
PARAMETRIC_REPRESENTATION_CONTEXT() REPRESENTATION_CONTEXT('2D SPACE',''
  ) );
#5498 = PCURVE('',#5499,#5504);
#5499 = PLANE('',#5500);
#5500 = AXIS2_PLACEMENT_3D('',#5501,#5502,#5503);
#5501 = CARTESIAN_POINT('',(-0.32,-14.92,-2.84));
#5502 = DIRECTION('',(-0.,1.,0.));
#5503 = DIRECTION('',(0.,0.,1.));
#5504 = DEFINITIONAL_REPRESENTATION('',(#5505),#5509);
#5505 = LINE('',#5506,#5507);
#5506 = CARTESIAN_POINT('',(0.,0.));
#5507 = VECTOR('',#5508,1.);
#5508 = DIRECTION('',(1.,0.));
#5509 = ( GEOMETRIC_REPRESENTATION_CONTEXT(2) 
PARAMETRIC_REPRESENTATION_CONTEXT() REPRESENTATION_CONTEXT('2D SPACE',''
  ) );
#5510 = ORIENTED_EDGE('',*,*,#5511,.F.);
#5511 = EDGE_CURVE('',#5423,#5484,#5512,.T.);
#5512 = SURFACE_CURVE('',#5513,(#5517,#5524),.PCURVE_S1.);
#5513 = LINE('',#5514,#5515);
#5514 = CARTESIAN_POINT('',(-0.32,-15.56,9.95));
#5515 = VECTOR('',#5516,1.);
#5516 = DIRECTION('',(-0.,1.,0.));
#5517 = PCURVE('',#5431,#5518);
#5518 = DEFINITIONAL_REPRESENTATION('',(#5519),#5523);
#5519 = LINE('',#5520,#5521);
#5520 = CARTESIAN_POINT('',(12.79,0.));
#5521 = VECTOR('',#5522,1.);
#5522 = DIRECTION('',(0.,-1.));
#5523 = ( GEOMETRIC_REPRESENTATION_CONTEXT(2) 
PARAMETRIC_REPRESENTATION_CONTEXT() REPRESENTATION_CONTEXT('2D SPACE',''
  ) );
#5524 = PCURVE('',#5525,#5530);
#5525 = PLANE('',#5526);
#5526 = AXIS2_PLACEMENT_3D('',#5527,#5528,#5529);
#5527 = CARTESIAN_POINT('',(-0.32,-15.56,9.95));
#5528 = DIRECTION('',(0.,0.,1.));
#5529 = DIRECTION('',(1.,0.,-0.));
#5530 = DEFINITIONAL_REPRESENTATION('',(#5531),#5535);
#5531 = LINE('',#5532,#5533);
#5532 = CARTESIAN_POINT('',(0.,0.));
#5533 = VECTOR('',#5534,1.);
#5534 = DIRECTION('',(0.,1.));
#5535 = ( GEOMETRIC_REPRESENTATION_CONTEXT(2) 
PARAMETRIC_REPRESENTATION_CONTEXT() REPRESENTATION_CONTEXT('2D SPACE',''
  ) );
#5536 = ADVANCED_FACE('',(#5537),#5551,.T.);
#5537 = FACE_BOUND('',#5538,.T.);
#5538 = EDGE_LOOP('',(#5539,#5569,#5592,#5615));
#5539 = ORIENTED_EDGE('',*,*,#5540,.F.);
#5540 = EDGE_CURVE('',#5541,#5543,#5545,.T.);
#5541 = VERTEX_POINT('',#5542);
#5542 = CARTESIAN_POINT('',(0.32,-15.56,-2.84));
#5543 = VERTEX_POINT('',#5544);
#5544 = CARTESIAN_POINT('',(0.32,-15.56,9.95));
#5545 = SURFACE_CURVE('',#5546,(#5550,#5562),.PCURVE_S1.);
#5546 = LINE('',#5547,#5548);
#5547 = CARTESIAN_POINT('',(0.32,-15.56,-2.84));
#5548 = VECTOR('',#5549,1.);
#5549 = DIRECTION('',(0.,0.,1.));
#5550 = PCURVE('',#5551,#5556);
#5551 = PLANE('',#5552);
#5552 = AXIS2_PLACEMENT_3D('',#5553,#5554,#5555);
#5553 = CARTESIAN_POINT('',(0.32,-15.56,-2.84));
#5554 = DIRECTION('',(1.,0.,-0.));
#5555 = DIRECTION('',(0.,0.,1.));
#5556 = DEFINITIONAL_REPRESENTATION('',(#5557),#5561);
#5557 = LINE('',#5558,#5559);
#5558 = CARTESIAN_POINT('',(0.,0.));
#5559 = VECTOR('',#5560,1.);
#5560 = DIRECTION('',(1.,0.));
#5561 = ( GEOMETRIC_REPRESENTATION_CONTEXT(2) 
PARAMETRIC_REPRESENTATION_CONTEXT() REPRESENTATION_CONTEXT('2D SPACE',''
  ) );
#5562 = PCURVE('',#5443,#5563);
#5563 = DEFINITIONAL_REPRESENTATION('',(#5564),#5568);
#5564 = LINE('',#5565,#5566);
#5565 = CARTESIAN_POINT('',(0.,0.64));
#5566 = VECTOR('',#5567,1.);
#5567 = DIRECTION('',(1.,0.));
#5568 = ( GEOMETRIC_REPRESENTATION_CONTEXT(2) 
PARAMETRIC_REPRESENTATION_CONTEXT() REPRESENTATION_CONTEXT('2D SPACE',''
  ) );
#5569 = ORIENTED_EDGE('',*,*,#5570,.T.);
#5570 = EDGE_CURVE('',#5541,#5571,#5573,.T.);
#5571 = VERTEX_POINT('',#5572);
#5572 = CARTESIAN_POINT('',(0.32,-14.92,-2.84));
#5573 = SURFACE_CURVE('',#5574,(#5578,#5585),.PCURVE_S1.);
#5574 = LINE('',#5575,#5576);
#5575 = CARTESIAN_POINT('',(0.32,-15.56,-2.84));
#5576 = VECTOR('',#5577,1.);
#5577 = DIRECTION('',(-0.,1.,0.));
#5578 = PCURVE('',#5551,#5579);
#5579 = DEFINITIONAL_REPRESENTATION('',(#5580),#5584);
#5580 = LINE('',#5581,#5582);
#5581 = CARTESIAN_POINT('',(0.,0.));
#5582 = VECTOR('',#5583,1.);
#5583 = DIRECTION('',(0.,-1.));
#5584 = ( GEOMETRIC_REPRESENTATION_CONTEXT(2) 
PARAMETRIC_REPRESENTATION_CONTEXT() REPRESENTATION_CONTEXT('2D SPACE',''
  ) );
#5585 = PCURVE('',#5471,#5586);
#5586 = DEFINITIONAL_REPRESENTATION('',(#5587),#5591);
#5587 = LINE('',#5588,#5589);
#5588 = CARTESIAN_POINT('',(0.64,0.));
#5589 = VECTOR('',#5590,1.);
#5590 = DIRECTION('',(0.,1.));
#5591 = ( GEOMETRIC_REPRESENTATION_CONTEXT(2) 
PARAMETRIC_REPRESENTATION_CONTEXT() REPRESENTATION_CONTEXT('2D SPACE',''
  ) );
#5592 = ORIENTED_EDGE('',*,*,#5593,.T.);
#5593 = EDGE_CURVE('',#5571,#5594,#5596,.T.);
#5594 = VERTEX_POINT('',#5595);
#5595 = CARTESIAN_POINT('',(0.32,-14.92,9.95));
#5596 = SURFACE_CURVE('',#5597,(#5601,#5608),.PCURVE_S1.);
#5597 = LINE('',#5598,#5599);
#5598 = CARTESIAN_POINT('',(0.32,-14.92,-2.84));
#5599 = VECTOR('',#5600,1.);
#5600 = DIRECTION('',(0.,0.,1.));
#5601 = PCURVE('',#5551,#5602);
#5602 = DEFINITIONAL_REPRESENTATION('',(#5603),#5607);
#5603 = LINE('',#5604,#5605);
#5604 = CARTESIAN_POINT('',(0.,-0.64));
#5605 = VECTOR('',#5606,1.);
#5606 = DIRECTION('',(1.,0.));
#5607 = ( GEOMETRIC_REPRESENTATION_CONTEXT(2) 
PARAMETRIC_REPRESENTATION_CONTEXT() REPRESENTATION_CONTEXT('2D SPACE',''
  ) );
#5608 = PCURVE('',#5499,#5609);
#5609 = DEFINITIONAL_REPRESENTATION('',(#5610),#5614);
#5610 = LINE('',#5611,#5612);
#5611 = CARTESIAN_POINT('',(0.,0.64));
#5612 = VECTOR('',#5613,1.);
#5613 = DIRECTION('',(1.,0.));
#5614 = ( GEOMETRIC_REPRESENTATION_CONTEXT(2) 
PARAMETRIC_REPRESENTATION_CONTEXT() REPRESENTATION_CONTEXT('2D SPACE',''
  ) );
#5615 = ORIENTED_EDGE('',*,*,#5616,.F.);
#5616 = EDGE_CURVE('',#5543,#5594,#5617,.T.);
#5617 = SURFACE_CURVE('',#5618,(#5622,#5629),.PCURVE_S1.);
#5618 = LINE('',#5619,#5620);
#5619 = CARTESIAN_POINT('',(0.32,-15.56,9.95));
#5620 = VECTOR('',#5621,1.);
#5621 = DIRECTION('',(-0.,1.,0.));
#5622 = PCURVE('',#5551,#5623);
#5623 = DEFINITIONAL_REPRESENTATION('',(#5624),#5628);
#5624 = LINE('',#5625,#5626);
#5625 = CARTESIAN_POINT('',(12.79,0.));
#5626 = VECTOR('',#5627,1.);
#5627 = DIRECTION('',(0.,-1.));
#5628 = ( GEOMETRIC_REPRESENTATION_CONTEXT(2) 
PARAMETRIC_REPRESENTATION_CONTEXT() REPRESENTATION_CONTEXT('2D SPACE',''
  ) );
#5629 = PCURVE('',#5525,#5630);
#5630 = DEFINITIONAL_REPRESENTATION('',(#5631),#5635);
#5631 = LINE('',#5632,#5633);
#5632 = CARTESIAN_POINT('',(0.64,0.));
#5633 = VECTOR('',#5634,1.);
#5634 = DIRECTION('',(0.,1.));
#5635 = ( GEOMETRIC_REPRESENTATION_CONTEXT(2) 
PARAMETRIC_REPRESENTATION_CONTEXT() REPRESENTATION_CONTEXT('2D SPACE',''
  ) );
#5636 = ADVANCED_FACE('',(#5637),#5443,.F.);
#5637 = FACE_BOUND('',#5638,.F.);
#5638 = EDGE_LOOP('',(#5639,#5660,#5661,#5682));
#5639 = ORIENTED_EDGE('',*,*,#5640,.F.);
#5640 = EDGE_CURVE('',#5421,#5541,#5641,.T.);
#5641 = SURFACE_CURVE('',#5642,(#5646,#5653),.PCURVE_S1.);
#5642 = LINE('',#5643,#5644);
#5643 = CARTESIAN_POINT('',(-0.32,-15.56,-2.84));
#5644 = VECTOR('',#5645,1.);
#5645 = DIRECTION('',(1.,0.,-0.));
#5646 = PCURVE('',#5443,#5647);
#5647 = DEFINITIONAL_REPRESENTATION('',(#5648),#5652);
#5648 = LINE('',#5649,#5650);
#5649 = CARTESIAN_POINT('',(0.,0.));
#5650 = VECTOR('',#5651,1.);
#5651 = DIRECTION('',(0.,1.));
#5652 = ( GEOMETRIC_REPRESENTATION_CONTEXT(2) 
PARAMETRIC_REPRESENTATION_CONTEXT() REPRESENTATION_CONTEXT('2D SPACE',''
  ) );
#5653 = PCURVE('',#5471,#5654);
#5654 = DEFINITIONAL_REPRESENTATION('',(#5655),#5659);
#5655 = LINE('',#5656,#5657);
#5656 = CARTESIAN_POINT('',(0.,0.));
#5657 = VECTOR('',#5658,1.);
#5658 = DIRECTION('',(1.,0.));
#5659 = ( GEOMETRIC_REPRESENTATION_CONTEXT(2) 
PARAMETRIC_REPRESENTATION_CONTEXT() REPRESENTATION_CONTEXT('2D SPACE',''
  ) );
#5660 = ORIENTED_EDGE('',*,*,#5420,.T.);
#5661 = ORIENTED_EDGE('',*,*,#5662,.T.);
#5662 = EDGE_CURVE('',#5423,#5543,#5663,.T.);
#5663 = SURFACE_CURVE('',#5664,(#5668,#5675),.PCURVE_S1.);
#5664 = LINE('',#5665,#5666);
#5665 = CARTESIAN_POINT('',(-0.32,-15.56,9.95));
#5666 = VECTOR('',#5667,1.);
#5667 = DIRECTION('',(1.,0.,-0.));
#5668 = PCURVE('',#5443,#5669);
#5669 = DEFINITIONAL_REPRESENTATION('',(#5670),#5674);
#5670 = LINE('',#5671,#5672);
#5671 = CARTESIAN_POINT('',(12.79,0.));
#5672 = VECTOR('',#5673,1.);
#5673 = DIRECTION('',(0.,1.));
#5674 = ( GEOMETRIC_REPRESENTATION_CONTEXT(2) 
PARAMETRIC_REPRESENTATION_CONTEXT() REPRESENTATION_CONTEXT('2D SPACE',''
  ) );
#5675 = PCURVE('',#5525,#5676);
#5676 = DEFINITIONAL_REPRESENTATION('',(#5677),#5681);
#5677 = LINE('',#5678,#5679);
#5678 = CARTESIAN_POINT('',(0.,0.));
#5679 = VECTOR('',#5680,1.);
#5680 = DIRECTION('',(1.,0.));
#5681 = ( GEOMETRIC_REPRESENTATION_CONTEXT(2) 
PARAMETRIC_REPRESENTATION_CONTEXT() REPRESENTATION_CONTEXT('2D SPACE',''
  ) );
#5682 = ORIENTED_EDGE('',*,*,#5540,.F.);
#5683 = ADVANCED_FACE('',(#5684),#5499,.T.);
#5684 = FACE_BOUND('',#5685,.T.);
#5685 = EDGE_LOOP('',(#5686,#5707,#5708,#5729));
#5686 = ORIENTED_EDGE('',*,*,#5687,.F.);
#5687 = EDGE_CURVE('',#5456,#5571,#5688,.T.);
#5688 = SURFACE_CURVE('',#5689,(#5693,#5700),.PCURVE_S1.);
#5689 = LINE('',#5690,#5691);
#5690 = CARTESIAN_POINT('',(-0.32,-14.92,-2.84));
#5691 = VECTOR('',#5692,1.);
#5692 = DIRECTION('',(1.,0.,-0.));
#5693 = PCURVE('',#5499,#5694);
#5694 = DEFINITIONAL_REPRESENTATION('',(#5695),#5699);
#5695 = LINE('',#5696,#5697);
#5696 = CARTESIAN_POINT('',(0.,0.));
#5697 = VECTOR('',#5698,1.);
#5698 = DIRECTION('',(0.,1.));
#5699 = ( GEOMETRIC_REPRESENTATION_CONTEXT(2) 
PARAMETRIC_REPRESENTATION_CONTEXT() REPRESENTATION_CONTEXT('2D SPACE',''
  ) );
#5700 = PCURVE('',#5471,#5701);
#5701 = DEFINITIONAL_REPRESENTATION('',(#5702),#5706);
#5702 = LINE('',#5703,#5704);
#5703 = CARTESIAN_POINT('',(0.,0.64));
#5704 = VECTOR('',#5705,1.);
#5705 = DIRECTION('',(1.,0.));
#5706 = ( GEOMETRIC_REPRESENTATION_CONTEXT(2) 
PARAMETRIC_REPRESENTATION_CONTEXT() REPRESENTATION_CONTEXT('2D SPACE',''
  ) );
#5707 = ORIENTED_EDGE('',*,*,#5483,.T.);
#5708 = ORIENTED_EDGE('',*,*,#5709,.T.);
#5709 = EDGE_CURVE('',#5484,#5594,#5710,.T.);
#5710 = SURFACE_CURVE('',#5711,(#5715,#5722),.PCURVE_S1.);
#5711 = LINE('',#5712,#5713);
#5712 = CARTESIAN_POINT('',(-0.32,-14.92,9.95));
#5713 = VECTOR('',#5714,1.);
#5714 = DIRECTION('',(1.,0.,-0.));
#5715 = PCURVE('',#5499,#5716);
#5716 = DEFINITIONAL_REPRESENTATION('',(#5717),#5721);
#5717 = LINE('',#5718,#5719);
#5718 = CARTESIAN_POINT('',(12.79,0.));
#5719 = VECTOR('',#5720,1.);
#5720 = DIRECTION('',(0.,1.));
#5721 = ( GEOMETRIC_REPRESENTATION_CONTEXT(2) 
PARAMETRIC_REPRESENTATION_CONTEXT() REPRESENTATION_CONTEXT('2D SPACE',''
  ) );
#5722 = PCURVE('',#5525,#5723);
#5723 = DEFINITIONAL_REPRESENTATION('',(#5724),#5728);
#5724 = LINE('',#5725,#5726);
#5725 = CARTESIAN_POINT('',(0.,0.64));
#5726 = VECTOR('',#5727,1.);
#5727 = DIRECTION('',(1.,0.));
#5728 = ( GEOMETRIC_REPRESENTATION_CONTEXT(2) 
PARAMETRIC_REPRESENTATION_CONTEXT() REPRESENTATION_CONTEXT('2D SPACE',''
  ) );
#5729 = ORIENTED_EDGE('',*,*,#5593,.F.);
#5730 = ADVANCED_FACE('',(#5731),#5471,.F.);
#5731 = FACE_BOUND('',#5732,.F.);
#5732 = EDGE_LOOP('',(#5733,#5734,#5735,#5736));
#5733 = ORIENTED_EDGE('',*,*,#5455,.F.);
#5734 = ORIENTED_EDGE('',*,*,#5640,.T.);
#5735 = ORIENTED_EDGE('',*,*,#5570,.T.);
#5736 = ORIENTED_EDGE('',*,*,#5687,.F.);
#5737 = ADVANCED_FACE('',(#5738),#5525,.T.);
#5738 = FACE_BOUND('',#5739,.T.);
#5739 = EDGE_LOOP('',(#5740,#5741,#5742,#5743));
#5740 = ORIENTED_EDGE('',*,*,#5511,.F.);
#5741 = ORIENTED_EDGE('',*,*,#5662,.T.);
#5742 = ORIENTED_EDGE('',*,*,#5616,.T.);
#5743 = ORIENTED_EDGE('',*,*,#5709,.F.);
#5744 = ( GEOMETRIC_REPRESENTATION_CONTEXT(3) 
GLOBAL_UNCERTAINTY_ASSIGNED_CONTEXT((#5748)) 
GLOBAL_UNIT_ASSIGNED_CONTEXT((#5745,#5746,#5747)) REPRESENTATION_CONTEXT
('Context #1','3D Context with UNIT and UNCERTAINTY') );
#5745 = ( LENGTH_UNIT() NAMED_UNIT(*) SI_UNIT(.MILLI.,.METRE.) );
#5746 = ( NAMED_UNIT(*) PLANE_ANGLE_UNIT() SI_UNIT($,.RADIAN.) );
#5747 = ( NAMED_UNIT(*) SI_UNIT($,.STERADIAN.) SOLID_ANGLE_UNIT() );
#5748 = UNCERTAINTY_MEASURE_WITH_UNIT(LENGTH_MEASURE(1.E-07),#5745,
  'distance_accuracy_value','confusion accuracy');
#5749 = CONTEXT_DEPENDENT_SHAPE_REPRESENTATION(#5750,#5752);
#5750 = ( REPRESENTATION_RELATIONSHIP('','',#5413,#10) 
REPRESENTATION_RELATIONSHIP_WITH_TRANSFORMATION(#5751) 
SHAPE_REPRESENTATION_RELATIONSHIP() );
#5751 = ITEM_DEFINED_TRANSFORMATION('','',#11,#67);
#5752 = PRODUCT_DEFINITION_SHAPE('Placement','Placement of an item',
  #5753);
#5753 = NEXT_ASSEMBLY_USAGE_OCCURRENCE('308','','',#5,#5408,$);
#5754 = PRODUCT_RELATED_PRODUCT_CATEGORY('part',$,(#5410));
#5755 = SHAPE_DEFINITION_REPRESENTATION(#5756,#5762);
#5756 = PRODUCT_DEFINITION_SHAPE('','',#5757);
#5757 = PRODUCT_DEFINITION('design','',#5758,#5761);
#5758 = PRODUCT_DEFINITION_FORMATION('','',#5759);
#5759 = PRODUCT('Open CASCADE STEP translator 7.9 22.15',
  'Open CASCADE STEP translator 7.9 22.15','',(#5760));
#5760 = PRODUCT_CONTEXT('',#2,'mechanical');
#5761 = PRODUCT_DEFINITION_CONTEXT('part definition',#2,'design');
#5762 = ADVANCED_BREP_SHAPE_REPRESENTATION('',(#11,#5763),#6093);
#5763 = MANIFOLD_SOLID_BREP('',#5764);
#5764 = CLOSED_SHELL('',(#5765,#5885,#5985,#6032,#6079,#6086));
#5765 = ADVANCED_FACE('',(#5766),#5780,.F.);
#5766 = FACE_BOUND('',#5767,.F.);
#5767 = EDGE_LOOP('',(#5768,#5803,#5831,#5859));
#5768 = ORIENTED_EDGE('',*,*,#5769,.F.);
#5769 = EDGE_CURVE('',#5770,#5772,#5774,.T.);
#5770 = VERTEX_POINT('',#5771);
#5771 = CARTESIAN_POINT('',(2.22,-15.56,-2.84));
#5772 = VERTEX_POINT('',#5773);
#5773 = CARTESIAN_POINT('',(2.22,-15.56,9.95));
#5774 = SURFACE_CURVE('',#5775,(#5779,#5791),.PCURVE_S1.);
#5775 = LINE('',#5776,#5777);
#5776 = CARTESIAN_POINT('',(2.22,-15.56,-2.84));
#5777 = VECTOR('',#5778,1.);
#5778 = DIRECTION('',(0.,0.,1.));
#5779 = PCURVE('',#5780,#5785);
#5780 = PLANE('',#5781);
#5781 = AXIS2_PLACEMENT_3D('',#5782,#5783,#5784);
#5782 = CARTESIAN_POINT('',(2.22,-15.56,-2.84));
#5783 = DIRECTION('',(1.,0.,-0.));
#5784 = DIRECTION('',(0.,0.,1.));
#5785 = DEFINITIONAL_REPRESENTATION('',(#5786),#5790);
#5786 = LINE('',#5787,#5788);
#5787 = CARTESIAN_POINT('',(0.,0.));
#5788 = VECTOR('',#5789,1.);
#5789 = DIRECTION('',(1.,0.));
#5790 = ( GEOMETRIC_REPRESENTATION_CONTEXT(2) 
PARAMETRIC_REPRESENTATION_CONTEXT() REPRESENTATION_CONTEXT('2D SPACE',''
  ) );
#5791 = PCURVE('',#5792,#5797);
#5792 = PLANE('',#5793);
#5793 = AXIS2_PLACEMENT_3D('',#5794,#5795,#5796);
#5794 = CARTESIAN_POINT('',(2.22,-15.56,-2.84));
#5795 = DIRECTION('',(-0.,1.,0.));
#5796 = DIRECTION('',(0.,0.,1.));
#5797 = DEFINITIONAL_REPRESENTATION('',(#5798),#5802);
#5798 = LINE('',#5799,#5800);
#5799 = CARTESIAN_POINT('',(0.,0.));
#5800 = VECTOR('',#5801,1.);
#5801 = DIRECTION('',(1.,0.));
#5802 = ( GEOMETRIC_REPRESENTATION_CONTEXT(2) 
PARAMETRIC_REPRESENTATION_CONTEXT() REPRESENTATION_CONTEXT('2D SPACE',''
  ) );
#5803 = ORIENTED_EDGE('',*,*,#5804,.T.);
#5804 = EDGE_CURVE('',#5770,#5805,#5807,.T.);
#5805 = VERTEX_POINT('',#5806);
#5806 = CARTESIAN_POINT('',(2.22,-14.92,-2.84));
#5807 = SURFACE_CURVE('',#5808,(#5812,#5819),.PCURVE_S1.);
#5808 = LINE('',#5809,#5810);
#5809 = CARTESIAN_POINT('',(2.22,-15.56,-2.84));
#5810 = VECTOR('',#5811,1.);
#5811 = DIRECTION('',(-0.,1.,0.));
#5812 = PCURVE('',#5780,#5813);
#5813 = DEFINITIONAL_REPRESENTATION('',(#5814),#5818);
#5814 = LINE('',#5815,#5816);
#5815 = CARTESIAN_POINT('',(0.,0.));
#5816 = VECTOR('',#5817,1.);
#5817 = DIRECTION('',(0.,-1.));
#5818 = ( GEOMETRIC_REPRESENTATION_CONTEXT(2) 
PARAMETRIC_REPRESENTATION_CONTEXT() REPRESENTATION_CONTEXT('2D SPACE',''
  ) );
#5819 = PCURVE('',#5820,#5825);
#5820 = PLANE('',#5821);
#5821 = AXIS2_PLACEMENT_3D('',#5822,#5823,#5824);
#5822 = CARTESIAN_POINT('',(2.22,-15.56,-2.84));
#5823 = DIRECTION('',(0.,0.,1.));
#5824 = DIRECTION('',(1.,0.,-0.));
#5825 = DEFINITIONAL_REPRESENTATION('',(#5826),#5830);
#5826 = LINE('',#5827,#5828);
#5827 = CARTESIAN_POINT('',(0.,0.));
#5828 = VECTOR('',#5829,1.);
#5829 = DIRECTION('',(0.,1.));
#5830 = ( GEOMETRIC_REPRESENTATION_CONTEXT(2) 
PARAMETRIC_REPRESENTATION_CONTEXT() REPRESENTATION_CONTEXT('2D SPACE',''
  ) );
#5831 = ORIENTED_EDGE('',*,*,#5832,.T.);
#5832 = EDGE_CURVE('',#5805,#5833,#5835,.T.);
#5833 = VERTEX_POINT('',#5834);
#5834 = CARTESIAN_POINT('',(2.22,-14.92,9.95));
#5835 = SURFACE_CURVE('',#5836,(#5840,#5847),.PCURVE_S1.);
#5836 = LINE('',#5837,#5838);
#5837 = CARTESIAN_POINT('',(2.22,-14.92,-2.84));
#5838 = VECTOR('',#5839,1.);
#5839 = DIRECTION('',(0.,0.,1.));
#5840 = PCURVE('',#5780,#5841);
#5841 = DEFINITIONAL_REPRESENTATION('',(#5842),#5846);
#5842 = LINE('',#5843,#5844);
#5843 = CARTESIAN_POINT('',(0.,-0.64));
#5844 = VECTOR('',#5845,1.);
#5845 = DIRECTION('',(1.,0.));
#5846 = ( GEOMETRIC_REPRESENTATION_CONTEXT(2) 
PARAMETRIC_REPRESENTATION_CONTEXT() REPRESENTATION_CONTEXT('2D SPACE',''
  ) );
#5847 = PCURVE('',#5848,#5853);
#5848 = PLANE('',#5849);
#5849 = AXIS2_PLACEMENT_3D('',#5850,#5851,#5852);
#5850 = CARTESIAN_POINT('',(2.22,-14.92,-2.84));
#5851 = DIRECTION('',(-0.,1.,0.));
#5852 = DIRECTION('',(0.,0.,1.));
#5853 = DEFINITIONAL_REPRESENTATION('',(#5854),#5858);
#5854 = LINE('',#5855,#5856);
#5855 = CARTESIAN_POINT('',(0.,0.));
#5856 = VECTOR('',#5857,1.);
#5857 = DIRECTION('',(1.,0.));
#5858 = ( GEOMETRIC_REPRESENTATION_CONTEXT(2) 
PARAMETRIC_REPRESENTATION_CONTEXT() REPRESENTATION_CONTEXT('2D SPACE',''
  ) );
#5859 = ORIENTED_EDGE('',*,*,#5860,.F.);
#5860 = EDGE_CURVE('',#5772,#5833,#5861,.T.);
#5861 = SURFACE_CURVE('',#5862,(#5866,#5873),.PCURVE_S1.);
#5862 = LINE('',#5863,#5864);
#5863 = CARTESIAN_POINT('',(2.22,-15.56,9.95));
#5864 = VECTOR('',#5865,1.);
#5865 = DIRECTION('',(-0.,1.,0.));
#5866 = PCURVE('',#5780,#5867);
#5867 = DEFINITIONAL_REPRESENTATION('',(#5868),#5872);
#5868 = LINE('',#5869,#5870);
#5869 = CARTESIAN_POINT('',(12.79,0.));
#5870 = VECTOR('',#5871,1.);
#5871 = DIRECTION('',(0.,-1.));
#5872 = ( GEOMETRIC_REPRESENTATION_CONTEXT(2) 
PARAMETRIC_REPRESENTATION_CONTEXT() REPRESENTATION_CONTEXT('2D SPACE',''
  ) );
#5873 = PCURVE('',#5874,#5879);
#5874 = PLANE('',#5875);
#5875 = AXIS2_PLACEMENT_3D('',#5876,#5877,#5878);
#5876 = CARTESIAN_POINT('',(2.22,-15.56,9.95));
#5877 = DIRECTION('',(0.,0.,1.));
#5878 = DIRECTION('',(1.,0.,-0.));
#5879 = DEFINITIONAL_REPRESENTATION('',(#5880),#5884);
#5880 = LINE('',#5881,#5882);
#5881 = CARTESIAN_POINT('',(0.,0.));
#5882 = VECTOR('',#5883,1.);
#5883 = DIRECTION('',(0.,1.));
#5884 = ( GEOMETRIC_REPRESENTATION_CONTEXT(2) 
PARAMETRIC_REPRESENTATION_CONTEXT() REPRESENTATION_CONTEXT('2D SPACE',''
  ) );
#5885 = ADVANCED_FACE('',(#5886),#5900,.T.);
#5886 = FACE_BOUND('',#5887,.T.);
#5887 = EDGE_LOOP('',(#5888,#5918,#5941,#5964));
#5888 = ORIENTED_EDGE('',*,*,#5889,.F.);
#5889 = EDGE_CURVE('',#5890,#5892,#5894,.T.);
#5890 = VERTEX_POINT('',#5891);
#5891 = CARTESIAN_POINT('',(2.86,-15.56,-2.84));
#5892 = VERTEX_POINT('',#5893);
#5893 = CARTESIAN_POINT('',(2.86,-15.56,9.95));
#5894 = SURFACE_CURVE('',#5895,(#5899,#5911),.PCURVE_S1.);
#5895 = LINE('',#5896,#5897);
#5896 = CARTESIAN_POINT('',(2.86,-15.56,-2.84));
#5897 = VECTOR('',#5898,1.);
#5898 = DIRECTION('',(0.,0.,1.));
#5899 = PCURVE('',#5900,#5905);
#5900 = PLANE('',#5901);
#5901 = AXIS2_PLACEMENT_3D('',#5902,#5903,#5904);
#5902 = CARTESIAN_POINT('',(2.86,-15.56,-2.84));
#5903 = DIRECTION('',(1.,0.,-0.));
#5904 = DIRECTION('',(0.,0.,1.));
#5905 = DEFINITIONAL_REPRESENTATION('',(#5906),#5910);
#5906 = LINE('',#5907,#5908);
#5907 = CARTESIAN_POINT('',(0.,0.));
#5908 = VECTOR('',#5909,1.);
#5909 = DIRECTION('',(1.,0.));
#5910 = ( GEOMETRIC_REPRESENTATION_CONTEXT(2) 
PARAMETRIC_REPRESENTATION_CONTEXT() REPRESENTATION_CONTEXT('2D SPACE',''
  ) );
#5911 = PCURVE('',#5792,#5912);
#5912 = DEFINITIONAL_REPRESENTATION('',(#5913),#5917);
#5913 = LINE('',#5914,#5915);
#5914 = CARTESIAN_POINT('',(0.,0.64));
#5915 = VECTOR('',#5916,1.);
#5916 = DIRECTION('',(1.,0.));
#5917 = ( GEOMETRIC_REPRESENTATION_CONTEXT(2) 
PARAMETRIC_REPRESENTATION_CONTEXT() REPRESENTATION_CONTEXT('2D SPACE',''
  ) );
#5918 = ORIENTED_EDGE('',*,*,#5919,.T.);
#5919 = EDGE_CURVE('',#5890,#5920,#5922,.T.);
#5920 = VERTEX_POINT('',#5921);
#5921 = CARTESIAN_POINT('',(2.86,-14.92,-2.84));
#5922 = SURFACE_CURVE('',#5923,(#5927,#5934),.PCURVE_S1.);
#5923 = LINE('',#5924,#5925);
#5924 = CARTESIAN_POINT('',(2.86,-15.56,-2.84));
#5925 = VECTOR('',#5926,1.);
#5926 = DIRECTION('',(-0.,1.,0.));
#5927 = PCURVE('',#5900,#5928);
#5928 = DEFINITIONAL_REPRESENTATION('',(#5929),#5933);
#5929 = LINE('',#5930,#5931);
#5930 = CARTESIAN_POINT('',(0.,0.));
#5931 = VECTOR('',#5932,1.);
#5932 = DIRECTION('',(0.,-1.));
#5933 = ( GEOMETRIC_REPRESENTATION_CONTEXT(2) 
PARAMETRIC_REPRESENTATION_CONTEXT() REPRESENTATION_CONTEXT('2D SPACE',''
  ) );
#5934 = PCURVE('',#5820,#5935);
#5935 = DEFINITIONAL_REPRESENTATION('',(#5936),#5940);
#5936 = LINE('',#5937,#5938);
#5937 = CARTESIAN_POINT('',(0.64,0.));
#5938 = VECTOR('',#5939,1.);
#5939 = DIRECTION('',(0.,1.));
#5940 = ( GEOMETRIC_REPRESENTATION_CONTEXT(2) 
PARAMETRIC_REPRESENTATION_CONTEXT() REPRESENTATION_CONTEXT('2D SPACE',''
  ) );
#5941 = ORIENTED_EDGE('',*,*,#5942,.T.);
#5942 = EDGE_CURVE('',#5920,#5943,#5945,.T.);
#5943 = VERTEX_POINT('',#5944);
#5944 = CARTESIAN_POINT('',(2.86,-14.92,9.95));
#5945 = SURFACE_CURVE('',#5946,(#5950,#5957),.PCURVE_S1.);
#5946 = LINE('',#5947,#5948);
#5947 = CARTESIAN_POINT('',(2.86,-14.92,-2.84));
#5948 = VECTOR('',#5949,1.);
#5949 = DIRECTION('',(0.,0.,1.));
#5950 = PCURVE('',#5900,#5951);
#5951 = DEFINITIONAL_REPRESENTATION('',(#5952),#5956);
#5952 = LINE('',#5953,#5954);
#5953 = CARTESIAN_POINT('',(0.,-0.64));
#5954 = VECTOR('',#5955,1.);
#5955 = DIRECTION('',(1.,0.));
#5956 = ( GEOMETRIC_REPRESENTATION_CONTEXT(2) 
PARAMETRIC_REPRESENTATION_CONTEXT() REPRESENTATION_CONTEXT('2D SPACE',''
  ) );
#5957 = PCURVE('',#5848,#5958);
#5958 = DEFINITIONAL_REPRESENTATION('',(#5959),#5963);
#5959 = LINE('',#5960,#5961);
#5960 = CARTESIAN_POINT('',(0.,0.64));
#5961 = VECTOR('',#5962,1.);
#5962 = DIRECTION('',(1.,0.));
#5963 = ( GEOMETRIC_REPRESENTATION_CONTEXT(2) 
PARAMETRIC_REPRESENTATION_CONTEXT() REPRESENTATION_CONTEXT('2D SPACE',''
  ) );
#5964 = ORIENTED_EDGE('',*,*,#5965,.F.);
#5965 = EDGE_CURVE('',#5892,#5943,#5966,.T.);
#5966 = SURFACE_CURVE('',#5967,(#5971,#5978),.PCURVE_S1.);
#5967 = LINE('',#5968,#5969);
#5968 = CARTESIAN_POINT('',(2.86,-15.56,9.95));
#5969 = VECTOR('',#5970,1.);
#5970 = DIRECTION('',(-0.,1.,0.));
#5971 = PCURVE('',#5900,#5972);
#5972 = DEFINITIONAL_REPRESENTATION('',(#5973),#5977);
#5973 = LINE('',#5974,#5975);
#5974 = CARTESIAN_POINT('',(12.79,0.));
#5975 = VECTOR('',#5976,1.);
#5976 = DIRECTION('',(0.,-1.));
#5977 = ( GEOMETRIC_REPRESENTATION_CONTEXT(2) 
PARAMETRIC_REPRESENTATION_CONTEXT() REPRESENTATION_CONTEXT('2D SPACE',''
  ) );
#5978 = PCURVE('',#5874,#5979);
#5979 = DEFINITIONAL_REPRESENTATION('',(#5980),#5984);
#5980 = LINE('',#5981,#5982);
#5981 = CARTESIAN_POINT('',(0.64,0.));
#5982 = VECTOR('',#5983,1.);
#5983 = DIRECTION('',(0.,1.));
#5984 = ( GEOMETRIC_REPRESENTATION_CONTEXT(2) 
PARAMETRIC_REPRESENTATION_CONTEXT() REPRESENTATION_CONTEXT('2D SPACE',''
  ) );
#5985 = ADVANCED_FACE('',(#5986),#5792,.F.);
#5986 = FACE_BOUND('',#5987,.F.);
#5987 = EDGE_LOOP('',(#5988,#6009,#6010,#6031));
#5988 = ORIENTED_EDGE('',*,*,#5989,.F.);
#5989 = EDGE_CURVE('',#5770,#5890,#5990,.T.);
#5990 = SURFACE_CURVE('',#5991,(#5995,#6002),.PCURVE_S1.);
#5991 = LINE('',#5992,#5993);
#5992 = CARTESIAN_POINT('',(2.22,-15.56,-2.84));
#5993 = VECTOR('',#5994,1.);
#5994 = DIRECTION('',(1.,0.,-0.));
#5995 = PCURVE('',#5792,#5996);
#5996 = DEFINITIONAL_REPRESENTATION('',(#5997),#6001);
#5997 = LINE('',#5998,#5999);
#5998 = CARTESIAN_POINT('',(0.,0.));
#5999 = VECTOR('',#6000,1.);
#6000 = DIRECTION('',(0.,1.));
#6001 = ( GEOMETRIC_REPRESENTATION_CONTEXT(2) 
PARAMETRIC_REPRESENTATION_CONTEXT() REPRESENTATION_CONTEXT('2D SPACE',''
  ) );
#6002 = PCURVE('',#5820,#6003);
#6003 = DEFINITIONAL_REPRESENTATION('',(#6004),#6008);
#6004 = LINE('',#6005,#6006);
#6005 = CARTESIAN_POINT('',(0.,0.));
#6006 = VECTOR('',#6007,1.);
#6007 = DIRECTION('',(1.,0.));
#6008 = ( GEOMETRIC_REPRESENTATION_CONTEXT(2) 
PARAMETRIC_REPRESENTATION_CONTEXT() REPRESENTATION_CONTEXT('2D SPACE',''
  ) );
#6009 = ORIENTED_EDGE('',*,*,#5769,.T.);
#6010 = ORIENTED_EDGE('',*,*,#6011,.T.);
#6011 = EDGE_CURVE('',#5772,#5892,#6012,.T.);
#6012 = SURFACE_CURVE('',#6013,(#6017,#6024),.PCURVE_S1.);
#6013 = LINE('',#6014,#6015);
#6014 = CARTESIAN_POINT('',(2.22,-15.56,9.95));
#6015 = VECTOR('',#6016,1.);
#6016 = DIRECTION('',(1.,0.,-0.));
#6017 = PCURVE('',#5792,#6018);
#6018 = DEFINITIONAL_REPRESENTATION('',(#6019),#6023);
#6019 = LINE('',#6020,#6021);
#6020 = CARTESIAN_POINT('',(12.79,0.));
#6021 = VECTOR('',#6022,1.);
#6022 = DIRECTION('',(0.,1.));
#6023 = ( GEOMETRIC_REPRESENTATION_CONTEXT(2) 
PARAMETRIC_REPRESENTATION_CONTEXT() REPRESENTATION_CONTEXT('2D SPACE',''
  ) );
#6024 = PCURVE('',#5874,#6025);
#6025 = DEFINITIONAL_REPRESENTATION('',(#6026),#6030);
#6026 = LINE('',#6027,#6028);
#6027 = CARTESIAN_POINT('',(0.,0.));
#6028 = VECTOR('',#6029,1.);
#6029 = DIRECTION('',(1.,0.));
#6030 = ( GEOMETRIC_REPRESENTATION_CONTEXT(2) 
PARAMETRIC_REPRESENTATION_CONTEXT() REPRESENTATION_CONTEXT('2D SPACE',''
  ) );
#6031 = ORIENTED_EDGE('',*,*,#5889,.F.);
#6032 = ADVANCED_FACE('',(#6033),#5848,.T.);
#6033 = FACE_BOUND('',#6034,.T.);
#6034 = EDGE_LOOP('',(#6035,#6056,#6057,#6078));
#6035 = ORIENTED_EDGE('',*,*,#6036,.F.);
#6036 = EDGE_CURVE('',#5805,#5920,#6037,.T.);
#6037 = SURFACE_CURVE('',#6038,(#6042,#6049),.PCURVE_S1.);
#6038 = LINE('',#6039,#6040);
#6039 = CARTESIAN_POINT('',(2.22,-14.92,-2.84));
#6040 = VECTOR('',#6041,1.);
#6041 = DIRECTION('',(1.,0.,-0.));
#6042 = PCURVE('',#5848,#6043);
#6043 = DEFINITIONAL_REPRESENTATION('',(#6044),#6048);
#6044 = LINE('',#6045,#6046);
#6045 = CARTESIAN_POINT('',(0.,0.));
#6046 = VECTOR('',#6047,1.);
#6047 = DIRECTION('',(0.,1.));
#6048 = ( GEOMETRIC_REPRESENTATION_CONTEXT(2) 
PARAMETRIC_REPRESENTATION_CONTEXT() REPRESENTATION_CONTEXT('2D SPACE',''
  ) );
#6049 = PCURVE('',#5820,#6050);
#6050 = DEFINITIONAL_REPRESENTATION('',(#6051),#6055);
#6051 = LINE('',#6052,#6053);
#6052 = CARTESIAN_POINT('',(0.,0.64));
#6053 = VECTOR('',#6054,1.);
#6054 = DIRECTION('',(1.,0.));
#6055 = ( GEOMETRIC_REPRESENTATION_CONTEXT(2) 
PARAMETRIC_REPRESENTATION_CONTEXT() REPRESENTATION_CONTEXT('2D SPACE',''
  ) );
#6056 = ORIENTED_EDGE('',*,*,#5832,.T.);
#6057 = ORIENTED_EDGE('',*,*,#6058,.T.);
#6058 = EDGE_CURVE('',#5833,#5943,#6059,.T.);
#6059 = SURFACE_CURVE('',#6060,(#6064,#6071),.PCURVE_S1.);
#6060 = LINE('',#6061,#6062);
#6061 = CARTESIAN_POINT('',(2.22,-14.92,9.95));
#6062 = VECTOR('',#6063,1.);
#6063 = DIRECTION('',(1.,0.,-0.));
#6064 = PCURVE('',#5848,#6065);
#6065 = DEFINITIONAL_REPRESENTATION('',(#6066),#6070);
#6066 = LINE('',#6067,#6068);
#6067 = CARTESIAN_POINT('',(12.79,0.));
#6068 = VECTOR('',#6069,1.);
#6069 = DIRECTION('',(0.,1.));
#6070 = ( GEOMETRIC_REPRESENTATION_CONTEXT(2) 
PARAMETRIC_REPRESENTATION_CONTEXT() REPRESENTATION_CONTEXT('2D SPACE',''
  ) );
#6071 = PCURVE('',#5874,#6072);
#6072 = DEFINITIONAL_REPRESENTATION('',(#6073),#6077);
#6073 = LINE('',#6074,#6075);
#6074 = CARTESIAN_POINT('',(0.,0.64));
#6075 = VECTOR('',#6076,1.);
#6076 = DIRECTION('',(1.,0.));
#6077 = ( GEOMETRIC_REPRESENTATION_CONTEXT(2) 
PARAMETRIC_REPRESENTATION_CONTEXT() REPRESENTATION_CONTEXT('2D SPACE',''
  ) );
#6078 = ORIENTED_EDGE('',*,*,#5942,.F.);
#6079 = ADVANCED_FACE('',(#6080),#5820,.F.);
#6080 = FACE_BOUND('',#6081,.F.);
#6081 = EDGE_LOOP('',(#6082,#6083,#6084,#6085));
#6082 = ORIENTED_EDGE('',*,*,#5804,.F.);
#6083 = ORIENTED_EDGE('',*,*,#5989,.T.);
#6084 = ORIENTED_EDGE('',*,*,#5919,.T.);
#6085 = ORIENTED_EDGE('',*,*,#6036,.F.);
#6086 = ADVANCED_FACE('',(#6087),#5874,.T.);
#6087 = FACE_BOUND('',#6088,.T.);
#6088 = EDGE_LOOP('',(#6089,#6090,#6091,#6092));
#6089 = ORIENTED_EDGE('',*,*,#5860,.F.);
#6090 = ORIENTED_EDGE('',*,*,#6011,.T.);
#6091 = ORIENTED_EDGE('',*,*,#5965,.T.);
#6092 = ORIENTED_EDGE('',*,*,#6058,.F.);
#6093 = ( GEOMETRIC_REPRESENTATION_CONTEXT(3) 
GLOBAL_UNCERTAINTY_ASSIGNED_CONTEXT((#6097)) 
GLOBAL_UNIT_ASSIGNED_CONTEXT((#6094,#6095,#6096)) REPRESENTATION_CONTEXT
('Context #1','3D Context with UNIT and UNCERTAINTY') );
#6094 = ( LENGTH_UNIT() NAMED_UNIT(*) SI_UNIT(.MILLI.,.METRE.) );
#6095 = ( NAMED_UNIT(*) PLANE_ANGLE_UNIT() SI_UNIT($,.RADIAN.) );
#6096 = ( NAMED_UNIT(*) SI_UNIT($,.STERADIAN.) SOLID_ANGLE_UNIT() );
#6097 = UNCERTAINTY_MEASURE_WITH_UNIT(LENGTH_MEASURE(1.E-07),#6094,
  'distance_accuracy_value','confusion accuracy');
#6098 = CONTEXT_DEPENDENT_SHAPE_REPRESENTATION(#6099,#6101);
#6099 = ( REPRESENTATION_RELATIONSHIP('','',#5762,#10) 
REPRESENTATION_RELATIONSHIP_WITH_TRANSFORMATION(#6100) 
SHAPE_REPRESENTATION_RELATIONSHIP() );
#6100 = ITEM_DEFINED_TRANSFORMATION('','',#11,#71);
#6101 = PRODUCT_DEFINITION_SHAPE('Placement','Placement of an item',
  #6102);
#6102 = NEXT_ASSEMBLY_USAGE_OCCURRENCE('309','','',#5,#5757,$);
#6103 = PRODUCT_RELATED_PRODUCT_CATEGORY('part',$,(#5759));
#6104 = SHAPE_DEFINITION_REPRESENTATION(#6105,#6111);
#6105 = PRODUCT_DEFINITION_SHAPE('','',#6106);
#6106 = PRODUCT_DEFINITION('design','',#6107,#6110);
#6107 = PRODUCT_DEFINITION_FORMATION('','',#6108);
#6108 = PRODUCT('Open CASCADE STEP translator 7.9 22.16',
  'Open CASCADE STEP translator 7.9 22.16','',(#6109));
#6109 = PRODUCT_CONTEXT('',#2,'mechanical');
#6110 = PRODUCT_DEFINITION_CONTEXT('part definition',#2,'design');
#6111 = ADVANCED_BREP_SHAPE_REPRESENTATION('',(#11,#6112),#6442);
#6112 = MANIFOLD_SOLID_BREP('',#6113);
#6113 = CLOSED_SHELL('',(#6114,#6234,#6334,#6381,#6428,#6435));
#6114 = ADVANCED_FACE('',(#6115),#6129,.F.);
#6115 = FACE_BOUND('',#6116,.F.);
#6116 = EDGE_LOOP('',(#6117,#6152,#6180,#6208));
#6117 = ORIENTED_EDGE('',*,*,#6118,.F.);
#6118 = EDGE_CURVE('',#6119,#6121,#6123,.T.);
#6119 = VERTEX_POINT('',#6120);
#6120 = CARTESIAN_POINT('',(-0.32,-18.1,-2.84));
#6121 = VERTEX_POINT('',#6122);
#6122 = CARTESIAN_POINT('',(-0.32,-18.1,9.95));
#6123 = SURFACE_CURVE('',#6124,(#6128,#6140),.PCURVE_S1.);
#6124 = LINE('',#6125,#6126);
#6125 = CARTESIAN_POINT('',(-0.32,-18.1,-2.84));
#6126 = VECTOR('',#6127,1.);
#6127 = DIRECTION('',(0.,0.,1.));
#6128 = PCURVE('',#6129,#6134);
#6129 = PLANE('',#6130);
#6130 = AXIS2_PLACEMENT_3D('',#6131,#6132,#6133);
#6131 = CARTESIAN_POINT('',(-0.32,-18.1,-2.84));
#6132 = DIRECTION('',(1.,0.,-0.));
#6133 = DIRECTION('',(0.,0.,1.));
#6134 = DEFINITIONAL_REPRESENTATION('',(#6135),#6139);
#6135 = LINE('',#6136,#6137);
#6136 = CARTESIAN_POINT('',(0.,0.));
#6137 = VECTOR('',#6138,1.);
#6138 = DIRECTION('',(1.,0.));
#6139 = ( GEOMETRIC_REPRESENTATION_CONTEXT(2) 
PARAMETRIC_REPRESENTATION_CONTEXT() REPRESENTATION_CONTEXT('2D SPACE',''
  ) );
#6140 = PCURVE('',#6141,#6146);
#6141 = PLANE('',#6142);
#6142 = AXIS2_PLACEMENT_3D('',#6143,#6144,#6145);
#6143 = CARTESIAN_POINT('',(-0.32,-18.1,-2.84));
#6144 = DIRECTION('',(-0.,1.,0.));
#6145 = DIRECTION('',(0.,0.,1.));
#6146 = DEFINITIONAL_REPRESENTATION('',(#6147),#6151);
#6147 = LINE('',#6148,#6149);
#6148 = CARTESIAN_POINT('',(0.,0.));
#6149 = VECTOR('',#6150,1.);
#6150 = DIRECTION('',(1.,0.));
#6151 = ( GEOMETRIC_REPRESENTATION_CONTEXT(2) 
PARAMETRIC_REPRESENTATION_CONTEXT() REPRESENTATION_CONTEXT('2D SPACE',''
  ) );
#6152 = ORIENTED_EDGE('',*,*,#6153,.T.);
#6153 = EDGE_CURVE('',#6119,#6154,#6156,.T.);
#6154 = VERTEX_POINT('',#6155);
#6155 = CARTESIAN_POINT('',(-0.32,-17.46,-2.84));
#6156 = SURFACE_CURVE('',#6157,(#6161,#6168),.PCURVE_S1.);
#6157 = LINE('',#6158,#6159);
#6158 = CARTESIAN_POINT('',(-0.32,-18.1,-2.84));
#6159 = VECTOR('',#6160,1.);
#6160 = DIRECTION('',(-0.,1.,0.));
#6161 = PCURVE('',#6129,#6162);
#6162 = DEFINITIONAL_REPRESENTATION('',(#6163),#6167);
#6163 = LINE('',#6164,#6165);
#6164 = CARTESIAN_POINT('',(0.,0.));
#6165 = VECTOR('',#6166,1.);
#6166 = DIRECTION('',(0.,-1.));
#6167 = ( GEOMETRIC_REPRESENTATION_CONTEXT(2) 
PARAMETRIC_REPRESENTATION_CONTEXT() REPRESENTATION_CONTEXT('2D SPACE',''
  ) );
#6168 = PCURVE('',#6169,#6174);
#6169 = PLANE('',#6170);
#6170 = AXIS2_PLACEMENT_3D('',#6171,#6172,#6173);
#6171 = CARTESIAN_POINT('',(-0.32,-18.1,-2.84));
#6172 = DIRECTION('',(0.,0.,1.));
#6173 = DIRECTION('',(1.,0.,-0.));
#6174 = DEFINITIONAL_REPRESENTATION('',(#6175),#6179);
#6175 = LINE('',#6176,#6177);
#6176 = CARTESIAN_POINT('',(0.,0.));
#6177 = VECTOR('',#6178,1.);
#6178 = DIRECTION('',(0.,1.));
#6179 = ( GEOMETRIC_REPRESENTATION_CONTEXT(2) 
PARAMETRIC_REPRESENTATION_CONTEXT() REPRESENTATION_CONTEXT('2D SPACE',''
  ) );
#6180 = ORIENTED_EDGE('',*,*,#6181,.T.);
#6181 = EDGE_CURVE('',#6154,#6182,#6184,.T.);
#6182 = VERTEX_POINT('',#6183);
#6183 = CARTESIAN_POINT('',(-0.32,-17.46,9.95));
#6184 = SURFACE_CURVE('',#6185,(#6189,#6196),.PCURVE_S1.);
#6185 = LINE('',#6186,#6187);
#6186 = CARTESIAN_POINT('',(-0.32,-17.46,-2.84));
#6187 = VECTOR('',#6188,1.);
#6188 = DIRECTION('',(0.,0.,1.));
#6189 = PCURVE('',#6129,#6190);
#6190 = DEFINITIONAL_REPRESENTATION('',(#6191),#6195);
#6191 = LINE('',#6192,#6193);
#6192 = CARTESIAN_POINT('',(0.,-0.64));
#6193 = VECTOR('',#6194,1.);
#6194 = DIRECTION('',(1.,0.));
#6195 = ( GEOMETRIC_REPRESENTATION_CONTEXT(2) 
PARAMETRIC_REPRESENTATION_CONTEXT() REPRESENTATION_CONTEXT('2D SPACE',''
  ) );
#6196 = PCURVE('',#6197,#6202);
#6197 = PLANE('',#6198);
#6198 = AXIS2_PLACEMENT_3D('',#6199,#6200,#6201);
#6199 = CARTESIAN_POINT('',(-0.32,-17.46,-2.84));
#6200 = DIRECTION('',(-0.,1.,0.));
#6201 = DIRECTION('',(0.,0.,1.));
#6202 = DEFINITIONAL_REPRESENTATION('',(#6203),#6207);
#6203 = LINE('',#6204,#6205);
#6204 = CARTESIAN_POINT('',(0.,0.));
#6205 = VECTOR('',#6206,1.);
#6206 = DIRECTION('',(1.,0.));
#6207 = ( GEOMETRIC_REPRESENTATION_CONTEXT(2) 
PARAMETRIC_REPRESENTATION_CONTEXT() REPRESENTATION_CONTEXT('2D SPACE',''
  ) );
#6208 = ORIENTED_EDGE('',*,*,#6209,.F.);
#6209 = EDGE_CURVE('',#6121,#6182,#6210,.T.);
#6210 = SURFACE_CURVE('',#6211,(#6215,#6222),.PCURVE_S1.);
#6211 = LINE('',#6212,#6213);
#6212 = CARTESIAN_POINT('',(-0.32,-18.1,9.95));
#6213 = VECTOR('',#6214,1.);
#6214 = DIRECTION('',(-0.,1.,0.));
#6215 = PCURVE('',#6129,#6216);
#6216 = DEFINITIONAL_REPRESENTATION('',(#6217),#6221);
#6217 = LINE('',#6218,#6219);
#6218 = CARTESIAN_POINT('',(12.79,0.));
#6219 = VECTOR('',#6220,1.);
#6220 = DIRECTION('',(0.,-1.));
#6221 = ( GEOMETRIC_REPRESENTATION_CONTEXT(2) 
PARAMETRIC_REPRESENTATION_CONTEXT() REPRESENTATION_CONTEXT('2D SPACE',''
  ) );
#6222 = PCURVE('',#6223,#6228);
#6223 = PLANE('',#6224);
#6224 = AXIS2_PLACEMENT_3D('',#6225,#6226,#6227);
#6225 = CARTESIAN_POINT('',(-0.32,-18.1,9.95));
#6226 = DIRECTION('',(0.,0.,1.));
#6227 = DIRECTION('',(1.,0.,-0.));
#6228 = DEFINITIONAL_REPRESENTATION('',(#6229),#6233);
#6229 = LINE('',#6230,#6231);
#6230 = CARTESIAN_POINT('',(0.,0.));
#6231 = VECTOR('',#6232,1.);
#6232 = DIRECTION('',(0.,1.));
#6233 = ( GEOMETRIC_REPRESENTATION_CONTEXT(2) 
PARAMETRIC_REPRESENTATION_CONTEXT() REPRESENTATION_CONTEXT('2D SPACE',''
  ) );
#6234 = ADVANCED_FACE('',(#6235),#6249,.T.);
#6235 = FACE_BOUND('',#6236,.T.);
#6236 = EDGE_LOOP('',(#6237,#6267,#6290,#6313));
#6237 = ORIENTED_EDGE('',*,*,#6238,.F.);
#6238 = EDGE_CURVE('',#6239,#6241,#6243,.T.);
#6239 = VERTEX_POINT('',#6240);
#6240 = CARTESIAN_POINT('',(0.32,-18.1,-2.84));
#6241 = VERTEX_POINT('',#6242);
#6242 = CARTESIAN_POINT('',(0.32,-18.1,9.95));
#6243 = SURFACE_CURVE('',#6244,(#6248,#6260),.PCURVE_S1.);
#6244 = LINE('',#6245,#6246);
#6245 = CARTESIAN_POINT('',(0.32,-18.1,-2.84));
#6246 = VECTOR('',#6247,1.);
#6247 = DIRECTION('',(0.,0.,1.));
#6248 = PCURVE('',#6249,#6254);
#6249 = PLANE('',#6250);
#6250 = AXIS2_PLACEMENT_3D('',#6251,#6252,#6253);
#6251 = CARTESIAN_POINT('',(0.32,-18.1,-2.84));
#6252 = DIRECTION('',(1.,0.,-0.));
#6253 = DIRECTION('',(0.,0.,1.));
#6254 = DEFINITIONAL_REPRESENTATION('',(#6255),#6259);
#6255 = LINE('',#6256,#6257);
#6256 = CARTESIAN_POINT('',(0.,0.));
#6257 = VECTOR('',#6258,1.);
#6258 = DIRECTION('',(1.,0.));
#6259 = ( GEOMETRIC_REPRESENTATION_CONTEXT(2) 
PARAMETRIC_REPRESENTATION_CONTEXT() REPRESENTATION_CONTEXT('2D SPACE',''
  ) );
#6260 = PCURVE('',#6141,#6261);
#6261 = DEFINITIONAL_REPRESENTATION('',(#6262),#6266);
#6262 = LINE('',#6263,#6264);
#6263 = CARTESIAN_POINT('',(0.,0.64));
#6264 = VECTOR('',#6265,1.);
#6265 = DIRECTION('',(1.,0.));
#6266 = ( GEOMETRIC_REPRESENTATION_CONTEXT(2) 
PARAMETRIC_REPRESENTATION_CONTEXT() REPRESENTATION_CONTEXT('2D SPACE',''
  ) );
#6267 = ORIENTED_EDGE('',*,*,#6268,.T.);
#6268 = EDGE_CURVE('',#6239,#6269,#6271,.T.);
#6269 = VERTEX_POINT('',#6270);
#6270 = CARTESIAN_POINT('',(0.32,-17.46,-2.84));
#6271 = SURFACE_CURVE('',#6272,(#6276,#6283),.PCURVE_S1.);
#6272 = LINE('',#6273,#6274);
#6273 = CARTESIAN_POINT('',(0.32,-18.1,-2.84));
#6274 = VECTOR('',#6275,1.);
#6275 = DIRECTION('',(-0.,1.,0.));
#6276 = PCURVE('',#6249,#6277);
#6277 = DEFINITIONAL_REPRESENTATION('',(#6278),#6282);
#6278 = LINE('',#6279,#6280);
#6279 = CARTESIAN_POINT('',(0.,0.));
#6280 = VECTOR('',#6281,1.);
#6281 = DIRECTION('',(0.,-1.));
#6282 = ( GEOMETRIC_REPRESENTATION_CONTEXT(2) 
PARAMETRIC_REPRESENTATION_CONTEXT() REPRESENTATION_CONTEXT('2D SPACE',''
  ) );
#6283 = PCURVE('',#6169,#6284);
#6284 = DEFINITIONAL_REPRESENTATION('',(#6285),#6289);
#6285 = LINE('',#6286,#6287);
#6286 = CARTESIAN_POINT('',(0.64,0.));
#6287 = VECTOR('',#6288,1.);
#6288 = DIRECTION('',(0.,1.));
#6289 = ( GEOMETRIC_REPRESENTATION_CONTEXT(2) 
PARAMETRIC_REPRESENTATION_CONTEXT() REPRESENTATION_CONTEXT('2D SPACE',''
  ) );
#6290 = ORIENTED_EDGE('',*,*,#6291,.T.);
#6291 = EDGE_CURVE('',#6269,#6292,#6294,.T.);
#6292 = VERTEX_POINT('',#6293);
#6293 = CARTESIAN_POINT('',(0.32,-17.46,9.95));
#6294 = SURFACE_CURVE('',#6295,(#6299,#6306),.PCURVE_S1.);
#6295 = LINE('',#6296,#6297);
#6296 = CARTESIAN_POINT('',(0.32,-17.46,-2.84));
#6297 = VECTOR('',#6298,1.);
#6298 = DIRECTION('',(0.,0.,1.));
#6299 = PCURVE('',#6249,#6300);
#6300 = DEFINITIONAL_REPRESENTATION('',(#6301),#6305);
#6301 = LINE('',#6302,#6303);
#6302 = CARTESIAN_POINT('',(0.,-0.64));
#6303 = VECTOR('',#6304,1.);
#6304 = DIRECTION('',(1.,0.));
#6305 = ( GEOMETRIC_REPRESENTATION_CONTEXT(2) 
PARAMETRIC_REPRESENTATION_CONTEXT() REPRESENTATION_CONTEXT('2D SPACE',''
  ) );
#6306 = PCURVE('',#6197,#6307);
#6307 = DEFINITIONAL_REPRESENTATION('',(#6308),#6312);
#6308 = LINE('',#6309,#6310);
#6309 = CARTESIAN_POINT('',(0.,0.64));
#6310 = VECTOR('',#6311,1.);
#6311 = DIRECTION('',(1.,0.));
#6312 = ( GEOMETRIC_REPRESENTATION_CONTEXT(2) 
PARAMETRIC_REPRESENTATION_CONTEXT() REPRESENTATION_CONTEXT('2D SPACE',''
  ) );
#6313 = ORIENTED_EDGE('',*,*,#6314,.F.);
#6314 = EDGE_CURVE('',#6241,#6292,#6315,.T.);
#6315 = SURFACE_CURVE('',#6316,(#6320,#6327),.PCURVE_S1.);
#6316 = LINE('',#6317,#6318);
#6317 = CARTESIAN_POINT('',(0.32,-18.1,9.95));
#6318 = VECTOR('',#6319,1.);
#6319 = DIRECTION('',(-0.,1.,0.));
#6320 = PCURVE('',#6249,#6321);
#6321 = DEFINITIONAL_REPRESENTATION('',(#6322),#6326);
#6322 = LINE('',#6323,#6324);
#6323 = CARTESIAN_POINT('',(12.79,0.));
#6324 = VECTOR('',#6325,1.);
#6325 = DIRECTION('',(0.,-1.));
#6326 = ( GEOMETRIC_REPRESENTATION_CONTEXT(2) 
PARAMETRIC_REPRESENTATION_CONTEXT() REPRESENTATION_CONTEXT('2D SPACE',''
  ) );
#6327 = PCURVE('',#6223,#6328);
#6328 = DEFINITIONAL_REPRESENTATION('',(#6329),#6333);
#6329 = LINE('',#6330,#6331);
#6330 = CARTESIAN_POINT('',(0.64,0.));
#6331 = VECTOR('',#6332,1.);
#6332 = DIRECTION('',(0.,1.));
#6333 = ( GEOMETRIC_REPRESENTATION_CONTEXT(2) 
PARAMETRIC_REPRESENTATION_CONTEXT() REPRESENTATION_CONTEXT('2D SPACE',''
  ) );
#6334 = ADVANCED_FACE('',(#6335),#6141,.F.);
#6335 = FACE_BOUND('',#6336,.F.);
#6336 = EDGE_LOOP('',(#6337,#6358,#6359,#6380));
#6337 = ORIENTED_EDGE('',*,*,#6338,.F.);
#6338 = EDGE_CURVE('',#6119,#6239,#6339,.T.);
#6339 = SURFACE_CURVE('',#6340,(#6344,#6351),.PCURVE_S1.);
#6340 = LINE('',#6341,#6342);
#6341 = CARTESIAN_POINT('',(-0.32,-18.1,-2.84));
#6342 = VECTOR('',#6343,1.);
#6343 = DIRECTION('',(1.,0.,-0.));
#6344 = PCURVE('',#6141,#6345);
#6345 = DEFINITIONAL_REPRESENTATION('',(#6346),#6350);
#6346 = LINE('',#6347,#6348);
#6347 = CARTESIAN_POINT('',(0.,0.));
#6348 = VECTOR('',#6349,1.);
#6349 = DIRECTION('',(0.,1.));
#6350 = ( GEOMETRIC_REPRESENTATION_CONTEXT(2) 
PARAMETRIC_REPRESENTATION_CONTEXT() REPRESENTATION_CONTEXT('2D SPACE',''
  ) );
#6351 = PCURVE('',#6169,#6352);
#6352 = DEFINITIONAL_REPRESENTATION('',(#6353),#6357);
#6353 = LINE('',#6354,#6355);
#6354 = CARTESIAN_POINT('',(0.,0.));
#6355 = VECTOR('',#6356,1.);
#6356 = DIRECTION('',(1.,0.));
#6357 = ( GEOMETRIC_REPRESENTATION_CONTEXT(2) 
PARAMETRIC_REPRESENTATION_CONTEXT() REPRESENTATION_CONTEXT('2D SPACE',''
  ) );
#6358 = ORIENTED_EDGE('',*,*,#6118,.T.);
#6359 = ORIENTED_EDGE('',*,*,#6360,.T.);
#6360 = EDGE_CURVE('',#6121,#6241,#6361,.T.);
#6361 = SURFACE_CURVE('',#6362,(#6366,#6373),.PCURVE_S1.);
#6362 = LINE('',#6363,#6364);
#6363 = CARTESIAN_POINT('',(-0.32,-18.1,9.95));
#6364 = VECTOR('',#6365,1.);
#6365 = DIRECTION('',(1.,0.,-0.));
#6366 = PCURVE('',#6141,#6367);
#6367 = DEFINITIONAL_REPRESENTATION('',(#6368),#6372);
#6368 = LINE('',#6369,#6370);
#6369 = CARTESIAN_POINT('',(12.79,0.));
#6370 = VECTOR('',#6371,1.);
#6371 = DIRECTION('',(0.,1.));
#6372 = ( GEOMETRIC_REPRESENTATION_CONTEXT(2) 
PARAMETRIC_REPRESENTATION_CONTEXT() REPRESENTATION_CONTEXT('2D SPACE',''
  ) );
#6373 = PCURVE('',#6223,#6374);
#6374 = DEFINITIONAL_REPRESENTATION('',(#6375),#6379);
#6375 = LINE('',#6376,#6377);
#6376 = CARTESIAN_POINT('',(0.,0.));
#6377 = VECTOR('',#6378,1.);
#6378 = DIRECTION('',(1.,0.));
#6379 = ( GEOMETRIC_REPRESENTATION_CONTEXT(2) 
PARAMETRIC_REPRESENTATION_CONTEXT() REPRESENTATION_CONTEXT('2D SPACE',''
  ) );
#6380 = ORIENTED_EDGE('',*,*,#6238,.F.);
#6381 = ADVANCED_FACE('',(#6382),#6197,.T.);
#6382 = FACE_BOUND('',#6383,.T.);
#6383 = EDGE_LOOP('',(#6384,#6405,#6406,#6427));
#6384 = ORIENTED_EDGE('',*,*,#6385,.F.);
#6385 = EDGE_CURVE('',#6154,#6269,#6386,.T.);
#6386 = SURFACE_CURVE('',#6387,(#6391,#6398),.PCURVE_S1.);
#6387 = LINE('',#6388,#6389);
#6388 = CARTESIAN_POINT('',(-0.32,-17.46,-2.84));
#6389 = VECTOR('',#6390,1.);
#6390 = DIRECTION('',(1.,0.,-0.));
#6391 = PCURVE('',#6197,#6392);
#6392 = DEFINITIONAL_REPRESENTATION('',(#6393),#6397);
#6393 = LINE('',#6394,#6395);
#6394 = CARTESIAN_POINT('',(0.,0.));
#6395 = VECTOR('',#6396,1.);
#6396 = DIRECTION('',(0.,1.));
#6397 = ( GEOMETRIC_REPRESENTATION_CONTEXT(2) 
PARAMETRIC_REPRESENTATION_CONTEXT() REPRESENTATION_CONTEXT('2D SPACE',''
  ) );
#6398 = PCURVE('',#6169,#6399);
#6399 = DEFINITIONAL_REPRESENTATION('',(#6400),#6404);
#6400 = LINE('',#6401,#6402);
#6401 = CARTESIAN_POINT('',(0.,0.64));
#6402 = VECTOR('',#6403,1.);
#6403 = DIRECTION('',(1.,0.));
#6404 = ( GEOMETRIC_REPRESENTATION_CONTEXT(2) 
PARAMETRIC_REPRESENTATION_CONTEXT() REPRESENTATION_CONTEXT('2D SPACE',''
  ) );
#6405 = ORIENTED_EDGE('',*,*,#6181,.T.);
#6406 = ORIENTED_EDGE('',*,*,#6407,.T.);
#6407 = EDGE_CURVE('',#6182,#6292,#6408,.T.);
#6408 = SURFACE_CURVE('',#6409,(#6413,#6420),.PCURVE_S1.);
#6409 = LINE('',#6410,#6411);
#6410 = CARTESIAN_POINT('',(-0.32,-17.46,9.95));
#6411 = VECTOR('',#6412,1.);
#6412 = DIRECTION('',(1.,0.,-0.));
#6413 = PCURVE('',#6197,#6414);
#6414 = DEFINITIONAL_REPRESENTATION('',(#6415),#6419);
#6415 = LINE('',#6416,#6417);
#6416 = CARTESIAN_POINT('',(12.79,0.));
#6417 = VECTOR('',#6418,1.);
#6418 = DIRECTION('',(0.,1.));
#6419 = ( GEOMETRIC_REPRESENTATION_CONTEXT(2) 
PARAMETRIC_REPRESENTATION_CONTEXT() REPRESENTATION_CONTEXT('2D SPACE',''
  ) );
#6420 = PCURVE('',#6223,#6421);
#6421 = DEFINITIONAL_REPRESENTATION('',(#6422),#6426);
#6422 = LINE('',#6423,#6424);
#6423 = CARTESIAN_POINT('',(0.,0.64));
#6424 = VECTOR('',#6425,1.);
#6425 = DIRECTION('',(1.,0.));
#6426 = ( GEOMETRIC_REPRESENTATION_CONTEXT(2) 
PARAMETRIC_REPRESENTATION_CONTEXT() REPRESENTATION_CONTEXT('2D SPACE',''
  ) );
#6427 = ORIENTED_EDGE('',*,*,#6291,.F.);
#6428 = ADVANCED_FACE('',(#6429),#6169,.F.);
#6429 = FACE_BOUND('',#6430,.F.);
#6430 = EDGE_LOOP('',(#6431,#6432,#6433,#6434));
#6431 = ORIENTED_EDGE('',*,*,#6153,.F.);
#6432 = ORIENTED_EDGE('',*,*,#6338,.T.);
#6433 = ORIENTED_EDGE('',*,*,#6268,.T.);
#6434 = ORIENTED_EDGE('',*,*,#6385,.F.);
#6435 = ADVANCED_FACE('',(#6436),#6223,.T.);
#6436 = FACE_BOUND('',#6437,.T.);
#6437 = EDGE_LOOP('',(#6438,#6439,#6440,#6441));
#6438 = ORIENTED_EDGE('',*,*,#6209,.F.);
#6439 = ORIENTED_EDGE('',*,*,#6360,.T.);
#6440 = ORIENTED_EDGE('',*,*,#6314,.T.);
#6441 = ORIENTED_EDGE('',*,*,#6407,.F.);
#6442 = ( GEOMETRIC_REPRESENTATION_CONTEXT(3) 
GLOBAL_UNCERTAINTY_ASSIGNED_CONTEXT((#6446)) 
GLOBAL_UNIT_ASSIGNED_CONTEXT((#6443,#6444,#6445)) REPRESENTATION_CONTEXT
('Context #1','3D Context with UNIT and UNCERTAINTY') );
#6443 = ( LENGTH_UNIT() NAMED_UNIT(*) SI_UNIT(.MILLI.,.METRE.) );
#6444 = ( NAMED_UNIT(*) PLANE_ANGLE_UNIT() SI_UNIT($,.RADIAN.) );
#6445 = ( NAMED_UNIT(*) SI_UNIT($,.STERADIAN.) SOLID_ANGLE_UNIT() );
#6446 = UNCERTAINTY_MEASURE_WITH_UNIT(LENGTH_MEASURE(1.E-07),#6443,
  'distance_accuracy_value','confusion accuracy');
#6447 = CONTEXT_DEPENDENT_SHAPE_REPRESENTATION(#6448,#6450);
#6448 = ( REPRESENTATION_RELATIONSHIP('','',#6111,#10) 
REPRESENTATION_RELATIONSHIP_WITH_TRANSFORMATION(#6449) 
SHAPE_REPRESENTATION_RELATIONSHIP() );
#6449 = ITEM_DEFINED_TRANSFORMATION('','',#11,#75);
#6450 = PRODUCT_DEFINITION_SHAPE('Placement','Placement of an item',
  #6451);
#6451 = NEXT_ASSEMBLY_USAGE_OCCURRENCE('310','','',#5,#6106,$);
#6452 = PRODUCT_RELATED_PRODUCT_CATEGORY('part',$,(#6108));
#6453 = SHAPE_DEFINITION_REPRESENTATION(#6454,#6460);
#6454 = PRODUCT_DEFINITION_SHAPE('','',#6455);
#6455 = PRODUCT_DEFINITION('design','',#6456,#6459);
#6456 = PRODUCT_DEFINITION_FORMATION('','',#6457);
#6457 = PRODUCT('Open CASCADE STEP translator 7.9 22.17',
  'Open CASCADE STEP translator 7.9 22.17','',(#6458));
#6458 = PRODUCT_CONTEXT('',#2,'mechanical');
#6459 = PRODUCT_DEFINITION_CONTEXT('part definition',#2,'design');
#6460 = ADVANCED_BREP_SHAPE_REPRESENTATION('',(#11,#6461),#6791);
#6461 = MANIFOLD_SOLID_BREP('',#6462);
#6462 = CLOSED_SHELL('',(#6463,#6583,#6683,#6730,#6777,#6784));
#6463 = ADVANCED_FACE('',(#6464),#6478,.F.);
#6464 = FACE_BOUND('',#6465,.F.);
#6465 = EDGE_LOOP('',(#6466,#6501,#6529,#6557));
#6466 = ORIENTED_EDGE('',*,*,#6467,.F.);
#6467 = EDGE_CURVE('',#6468,#6470,#6472,.T.);
#6468 = VERTEX_POINT('',#6469);
#6469 = CARTESIAN_POINT('',(2.22,-18.1,-2.84));
#6470 = VERTEX_POINT('',#6471);
#6471 = CARTESIAN_POINT('',(2.22,-18.1,9.95));
#6472 = SURFACE_CURVE('',#6473,(#6477,#6489),.PCURVE_S1.);
#6473 = LINE('',#6474,#6475);
#6474 = CARTESIAN_POINT('',(2.22,-18.1,-2.84));
#6475 = VECTOR('',#6476,1.);
#6476 = DIRECTION('',(0.,0.,1.));
#6477 = PCURVE('',#6478,#6483);
#6478 = PLANE('',#6479);
#6479 = AXIS2_PLACEMENT_3D('',#6480,#6481,#6482);
#6480 = CARTESIAN_POINT('',(2.22,-18.1,-2.84));
#6481 = DIRECTION('',(1.,0.,-0.));
#6482 = DIRECTION('',(0.,0.,1.));
#6483 = DEFINITIONAL_REPRESENTATION('',(#6484),#6488);
#6484 = LINE('',#6485,#6486);
#6485 = CARTESIAN_POINT('',(0.,0.));
#6486 = VECTOR('',#6487,1.);
#6487 = DIRECTION('',(1.,0.));
#6488 = ( GEOMETRIC_REPRESENTATION_CONTEXT(2) 
PARAMETRIC_REPRESENTATION_CONTEXT() REPRESENTATION_CONTEXT('2D SPACE',''
  ) );
#6489 = PCURVE('',#6490,#6495);
#6490 = PLANE('',#6491);
#6491 = AXIS2_PLACEMENT_3D('',#6492,#6493,#6494);
#6492 = CARTESIAN_POINT('',(2.22,-18.1,-2.84));
#6493 = DIRECTION('',(-0.,1.,0.));
#6494 = DIRECTION('',(0.,0.,1.));
#6495 = DEFINITIONAL_REPRESENTATION('',(#6496),#6500);
#6496 = LINE('',#6497,#6498);
#6497 = CARTESIAN_POINT('',(0.,0.));
#6498 = VECTOR('',#6499,1.);
#6499 = DIRECTION('',(1.,0.));
#6500 = ( GEOMETRIC_REPRESENTATION_CONTEXT(2) 
PARAMETRIC_REPRESENTATION_CONTEXT() REPRESENTATION_CONTEXT('2D SPACE',''
  ) );
#6501 = ORIENTED_EDGE('',*,*,#6502,.T.);
#6502 = EDGE_CURVE('',#6468,#6503,#6505,.T.);
#6503 = VERTEX_POINT('',#6504);
#6504 = CARTESIAN_POINT('',(2.22,-17.46,-2.84));
#6505 = SURFACE_CURVE('',#6506,(#6510,#6517),.PCURVE_S1.);
#6506 = LINE('',#6507,#6508);
#6507 = CARTESIAN_POINT('',(2.22,-18.1,-2.84));
#6508 = VECTOR('',#6509,1.);
#6509 = DIRECTION('',(-0.,1.,0.));
#6510 = PCURVE('',#6478,#6511);
#6511 = DEFINITIONAL_REPRESENTATION('',(#6512),#6516);
#6512 = LINE('',#6513,#6514);
#6513 = CARTESIAN_POINT('',(0.,0.));
#6514 = VECTOR('',#6515,1.);
#6515 = DIRECTION('',(0.,-1.));
#6516 = ( GEOMETRIC_REPRESENTATION_CONTEXT(2) 
PARAMETRIC_REPRESENTATION_CONTEXT() REPRESENTATION_CONTEXT('2D SPACE',''
  ) );
#6517 = PCURVE('',#6518,#6523);
#6518 = PLANE('',#6519);
#6519 = AXIS2_PLACEMENT_3D('',#6520,#6521,#6522);
#6520 = CARTESIAN_POINT('',(2.22,-18.1,-2.84));
#6521 = DIRECTION('',(0.,0.,1.));
#6522 = DIRECTION('',(1.,0.,-0.));
#6523 = DEFINITIONAL_REPRESENTATION('',(#6524),#6528);
#6524 = LINE('',#6525,#6526);
#6525 = CARTESIAN_POINT('',(0.,0.));
#6526 = VECTOR('',#6527,1.);
#6527 = DIRECTION('',(0.,1.));
#6528 = ( GEOMETRIC_REPRESENTATION_CONTEXT(2) 
PARAMETRIC_REPRESENTATION_CONTEXT() REPRESENTATION_CONTEXT('2D SPACE',''
  ) );
#6529 = ORIENTED_EDGE('',*,*,#6530,.T.);
#6530 = EDGE_CURVE('',#6503,#6531,#6533,.T.);
#6531 = VERTEX_POINT('',#6532);
#6532 = CARTESIAN_POINT('',(2.22,-17.46,9.95));
#6533 = SURFACE_CURVE('',#6534,(#6538,#6545),.PCURVE_S1.);
#6534 = LINE('',#6535,#6536);
#6535 = CARTESIAN_POINT('',(2.22,-17.46,-2.84));
#6536 = VECTOR('',#6537,1.);
#6537 = DIRECTION('',(0.,0.,1.));
#6538 = PCURVE('',#6478,#6539);
#6539 = DEFINITIONAL_REPRESENTATION('',(#6540),#6544);
#6540 = LINE('',#6541,#6542);
#6541 = CARTESIAN_POINT('',(0.,-0.64));
#6542 = VECTOR('',#6543,1.);
#6543 = DIRECTION('',(1.,0.));
#6544 = ( GEOMETRIC_REPRESENTATION_CONTEXT(2) 
PARAMETRIC_REPRESENTATION_CONTEXT() REPRESENTATION_CONTEXT('2D SPACE',''
  ) );
#6545 = PCURVE('',#6546,#6551);
#6546 = PLANE('',#6547);
#6547 = AXIS2_PLACEMENT_3D('',#6548,#6549,#6550);
#6548 = CARTESIAN_POINT('',(2.22,-17.46,-2.84));
#6549 = DIRECTION('',(-0.,1.,0.));
#6550 = DIRECTION('',(0.,0.,1.));
#6551 = DEFINITIONAL_REPRESENTATION('',(#6552),#6556);
#6552 = LINE('',#6553,#6554);
#6553 = CARTESIAN_POINT('',(0.,0.));
#6554 = VECTOR('',#6555,1.);
#6555 = DIRECTION('',(1.,0.));
#6556 = ( GEOMETRIC_REPRESENTATION_CONTEXT(2) 
PARAMETRIC_REPRESENTATION_CONTEXT() REPRESENTATION_CONTEXT('2D SPACE',''
  ) );
#6557 = ORIENTED_EDGE('',*,*,#6558,.F.);
#6558 = EDGE_CURVE('',#6470,#6531,#6559,.T.);
#6559 = SURFACE_CURVE('',#6560,(#6564,#6571),.PCURVE_S1.);
#6560 = LINE('',#6561,#6562);
#6561 = CARTESIAN_POINT('',(2.22,-18.1,9.95));
#6562 = VECTOR('',#6563,1.);
#6563 = DIRECTION('',(-0.,1.,0.));
#6564 = PCURVE('',#6478,#6565);
#6565 = DEFINITIONAL_REPRESENTATION('',(#6566),#6570);
#6566 = LINE('',#6567,#6568);
#6567 = CARTESIAN_POINT('',(12.79,0.));
#6568 = VECTOR('',#6569,1.);
#6569 = DIRECTION('',(0.,-1.));
#6570 = ( GEOMETRIC_REPRESENTATION_CONTEXT(2) 
PARAMETRIC_REPRESENTATION_CONTEXT() REPRESENTATION_CONTEXT('2D SPACE',''
  ) );
#6571 = PCURVE('',#6572,#6577);
#6572 = PLANE('',#6573);
#6573 = AXIS2_PLACEMENT_3D('',#6574,#6575,#6576);
#6574 = CARTESIAN_POINT('',(2.22,-18.1,9.95));
#6575 = DIRECTION('',(0.,0.,1.));
#6576 = DIRECTION('',(1.,0.,-0.));
#6577 = DEFINITIONAL_REPRESENTATION('',(#6578),#6582);
#6578 = LINE('',#6579,#6580);
#6579 = CARTESIAN_POINT('',(0.,0.));
#6580 = VECTOR('',#6581,1.);
#6581 = DIRECTION('',(0.,1.));
#6582 = ( GEOMETRIC_REPRESENTATION_CONTEXT(2) 
PARAMETRIC_REPRESENTATION_CONTEXT() REPRESENTATION_CONTEXT('2D SPACE',''
  ) );
#6583 = ADVANCED_FACE('',(#6584),#6598,.T.);
#6584 = FACE_BOUND('',#6585,.T.);
#6585 = EDGE_LOOP('',(#6586,#6616,#6639,#6662));
#6586 = ORIENTED_EDGE('',*,*,#6587,.F.);
#6587 = EDGE_CURVE('',#6588,#6590,#6592,.T.);
#6588 = VERTEX_POINT('',#6589);
#6589 = CARTESIAN_POINT('',(2.86,-18.1,-2.84));
#6590 = VERTEX_POINT('',#6591);
#6591 = CARTESIAN_POINT('',(2.86,-18.1,9.95));
#6592 = SURFACE_CURVE('',#6593,(#6597,#6609),.PCURVE_S1.);
#6593 = LINE('',#6594,#6595);
#6594 = CARTESIAN_POINT('',(2.86,-18.1,-2.84));
#6595 = VECTOR('',#6596,1.);
#6596 = DIRECTION('',(0.,0.,1.));
#6597 = PCURVE('',#6598,#6603);
#6598 = PLANE('',#6599);
#6599 = AXIS2_PLACEMENT_3D('',#6600,#6601,#6602);
#6600 = CARTESIAN_POINT('',(2.86,-18.1,-2.84));
#6601 = DIRECTION('',(1.,0.,-0.));
#6602 = DIRECTION('',(0.,0.,1.));
#6603 = DEFINITIONAL_REPRESENTATION('',(#6604),#6608);
#6604 = LINE('',#6605,#6606);
#6605 = CARTESIAN_POINT('',(0.,0.));
#6606 = VECTOR('',#6607,1.);
#6607 = DIRECTION('',(1.,0.));
#6608 = ( GEOMETRIC_REPRESENTATION_CONTEXT(2) 
PARAMETRIC_REPRESENTATION_CONTEXT() REPRESENTATION_CONTEXT('2D SPACE',''
  ) );
#6609 = PCURVE('',#6490,#6610);
#6610 = DEFINITIONAL_REPRESENTATION('',(#6611),#6615);
#6611 = LINE('',#6612,#6613);
#6612 = CARTESIAN_POINT('',(0.,0.64));
#6613 = VECTOR('',#6614,1.);
#6614 = DIRECTION('',(1.,0.));
#6615 = ( GEOMETRIC_REPRESENTATION_CONTEXT(2) 
PARAMETRIC_REPRESENTATION_CONTEXT() REPRESENTATION_CONTEXT('2D SPACE',''
  ) );
#6616 = ORIENTED_EDGE('',*,*,#6617,.T.);
#6617 = EDGE_CURVE('',#6588,#6618,#6620,.T.);
#6618 = VERTEX_POINT('',#6619);
#6619 = CARTESIAN_POINT('',(2.86,-17.46,-2.84));
#6620 = SURFACE_CURVE('',#6621,(#6625,#6632),.PCURVE_S1.);
#6621 = LINE('',#6622,#6623);
#6622 = CARTESIAN_POINT('',(2.86,-18.1,-2.84));
#6623 = VECTOR('',#6624,1.);
#6624 = DIRECTION('',(-0.,1.,0.));
#6625 = PCURVE('',#6598,#6626);
#6626 = DEFINITIONAL_REPRESENTATION('',(#6627),#6631);
#6627 = LINE('',#6628,#6629);
#6628 = CARTESIAN_POINT('',(0.,0.));
#6629 = VECTOR('',#6630,1.);
#6630 = DIRECTION('',(0.,-1.));
#6631 = ( GEOMETRIC_REPRESENTATION_CONTEXT(2) 
PARAMETRIC_REPRESENTATION_CONTEXT() REPRESENTATION_CONTEXT('2D SPACE',''
  ) );
#6632 = PCURVE('',#6518,#6633);
#6633 = DEFINITIONAL_REPRESENTATION('',(#6634),#6638);
#6634 = LINE('',#6635,#6636);
#6635 = CARTESIAN_POINT('',(0.64,0.));
#6636 = VECTOR('',#6637,1.);
#6637 = DIRECTION('',(0.,1.));
#6638 = ( GEOMETRIC_REPRESENTATION_CONTEXT(2) 
PARAMETRIC_REPRESENTATION_CONTEXT() REPRESENTATION_CONTEXT('2D SPACE',''
  ) );
#6639 = ORIENTED_EDGE('',*,*,#6640,.T.);
#6640 = EDGE_CURVE('',#6618,#6641,#6643,.T.);
#6641 = VERTEX_POINT('',#6642);
#6642 = CARTESIAN_POINT('',(2.86,-17.46,9.95));
#6643 = SURFACE_CURVE('',#6644,(#6648,#6655),.PCURVE_S1.);
#6644 = LINE('',#6645,#6646);
#6645 = CARTESIAN_POINT('',(2.86,-17.46,-2.84));
#6646 = VECTOR('',#6647,1.);
#6647 = DIRECTION('',(0.,0.,1.));
#6648 = PCURVE('',#6598,#6649);
#6649 = DEFINITIONAL_REPRESENTATION('',(#6650),#6654);
#6650 = LINE('',#6651,#6652);
#6651 = CARTESIAN_POINT('',(0.,-0.64));
#6652 = VECTOR('',#6653,1.);
#6653 = DIRECTION('',(1.,0.));
#6654 = ( GEOMETRIC_REPRESENTATION_CONTEXT(2) 
PARAMETRIC_REPRESENTATION_CONTEXT() REPRESENTATION_CONTEXT('2D SPACE',''
  ) );
#6655 = PCURVE('',#6546,#6656);
#6656 = DEFINITIONAL_REPRESENTATION('',(#6657),#6661);
#6657 = LINE('',#6658,#6659);
#6658 = CARTESIAN_POINT('',(0.,0.64));
#6659 = VECTOR('',#6660,1.);
#6660 = DIRECTION('',(1.,0.));
#6661 = ( GEOMETRIC_REPRESENTATION_CONTEXT(2) 
PARAMETRIC_REPRESENTATION_CONTEXT() REPRESENTATION_CONTEXT('2D SPACE',''
  ) );
#6662 = ORIENTED_EDGE('',*,*,#6663,.F.);
#6663 = EDGE_CURVE('',#6590,#6641,#6664,.T.);
#6664 = SURFACE_CURVE('',#6665,(#6669,#6676),.PCURVE_S1.);
#6665 = LINE('',#6666,#6667);
#6666 = CARTESIAN_POINT('',(2.86,-18.1,9.95));
#6667 = VECTOR('',#6668,1.);
#6668 = DIRECTION('',(-0.,1.,0.));
#6669 = PCURVE('',#6598,#6670);
#6670 = DEFINITIONAL_REPRESENTATION('',(#6671),#6675);
#6671 = LINE('',#6672,#6673);
#6672 = CARTESIAN_POINT('',(12.79,0.));
#6673 = VECTOR('',#6674,1.);
#6674 = DIRECTION('',(0.,-1.));
#6675 = ( GEOMETRIC_REPRESENTATION_CONTEXT(2) 
PARAMETRIC_REPRESENTATION_CONTEXT() REPRESENTATION_CONTEXT('2D SPACE',''
  ) );
#6676 = PCURVE('',#6572,#6677);
#6677 = DEFINITIONAL_REPRESENTATION('',(#6678),#6682);
#6678 = LINE('',#6679,#6680);
#6679 = CARTESIAN_POINT('',(0.64,0.));
#6680 = VECTOR('',#6681,1.);
#6681 = DIRECTION('',(0.,1.));
#6682 = ( GEOMETRIC_REPRESENTATION_CONTEXT(2) 
PARAMETRIC_REPRESENTATION_CONTEXT() REPRESENTATION_CONTEXT('2D SPACE',''
  ) );
#6683 = ADVANCED_FACE('',(#6684),#6490,.F.);
#6684 = FACE_BOUND('',#6685,.F.);
#6685 = EDGE_LOOP('',(#6686,#6707,#6708,#6729));
#6686 = ORIENTED_EDGE('',*,*,#6687,.F.);
#6687 = EDGE_CURVE('',#6468,#6588,#6688,.T.);
#6688 = SURFACE_CURVE('',#6689,(#6693,#6700),.PCURVE_S1.);
#6689 = LINE('',#6690,#6691);
#6690 = CARTESIAN_POINT('',(2.22,-18.1,-2.84));
#6691 = VECTOR('',#6692,1.);
#6692 = DIRECTION('',(1.,0.,-0.));
#6693 = PCURVE('',#6490,#6694);
#6694 = DEFINITIONAL_REPRESENTATION('',(#6695),#6699);
#6695 = LINE('',#6696,#6697);
#6696 = CARTESIAN_POINT('',(0.,0.));
#6697 = VECTOR('',#6698,1.);
#6698 = DIRECTION('',(0.,1.));
#6699 = ( GEOMETRIC_REPRESENTATION_CONTEXT(2) 
PARAMETRIC_REPRESENTATION_CONTEXT() REPRESENTATION_CONTEXT('2D SPACE',''
  ) );
#6700 = PCURVE('',#6518,#6701);
#6701 = DEFINITIONAL_REPRESENTATION('',(#6702),#6706);
#6702 = LINE('',#6703,#6704);
#6703 = CARTESIAN_POINT('',(0.,0.));
#6704 = VECTOR('',#6705,1.);
#6705 = DIRECTION('',(1.,0.));
#6706 = ( GEOMETRIC_REPRESENTATION_CONTEXT(2) 
PARAMETRIC_REPRESENTATION_CONTEXT() REPRESENTATION_CONTEXT('2D SPACE',''
  ) );
#6707 = ORIENTED_EDGE('',*,*,#6467,.T.);
#6708 = ORIENTED_EDGE('',*,*,#6709,.T.);
#6709 = EDGE_CURVE('',#6470,#6590,#6710,.T.);
#6710 = SURFACE_CURVE('',#6711,(#6715,#6722),.PCURVE_S1.);
#6711 = LINE('',#6712,#6713);
#6712 = CARTESIAN_POINT('',(2.22,-18.1,9.95));
#6713 = VECTOR('',#6714,1.);
#6714 = DIRECTION('',(1.,0.,-0.));
#6715 = PCURVE('',#6490,#6716);
#6716 = DEFINITIONAL_REPRESENTATION('',(#6717),#6721);
#6717 = LINE('',#6718,#6719);
#6718 = CARTESIAN_POINT('',(12.79,0.));
#6719 = VECTOR('',#6720,1.);
#6720 = DIRECTION('',(0.,1.));
#6721 = ( GEOMETRIC_REPRESENTATION_CONTEXT(2) 
PARAMETRIC_REPRESENTATION_CONTEXT() REPRESENTATION_CONTEXT('2D SPACE',''
  ) );
#6722 = PCURVE('',#6572,#6723);
#6723 = DEFINITIONAL_REPRESENTATION('',(#6724),#6728);
#6724 = LINE('',#6725,#6726);
#6725 = CARTESIAN_POINT('',(0.,0.));
#6726 = VECTOR('',#6727,1.);
#6727 = DIRECTION('',(1.,0.));
#6728 = ( GEOMETRIC_REPRESENTATION_CONTEXT(2) 
PARAMETRIC_REPRESENTATION_CONTEXT() REPRESENTATION_CONTEXT('2D SPACE',''
  ) );
#6729 = ORIENTED_EDGE('',*,*,#6587,.F.);
#6730 = ADVANCED_FACE('',(#6731),#6546,.T.);
#6731 = FACE_BOUND('',#6732,.T.);
#6732 = EDGE_LOOP('',(#6733,#6754,#6755,#6776));
#6733 = ORIENTED_EDGE('',*,*,#6734,.F.);
#6734 = EDGE_CURVE('',#6503,#6618,#6735,.T.);
#6735 = SURFACE_CURVE('',#6736,(#6740,#6747),.PCURVE_S1.);
#6736 = LINE('',#6737,#6738);
#6737 = CARTESIAN_POINT('',(2.22,-17.46,-2.84));
#6738 = VECTOR('',#6739,1.);
#6739 = DIRECTION('',(1.,0.,-0.));
#6740 = PCURVE('',#6546,#6741);
#6741 = DEFINITIONAL_REPRESENTATION('',(#6742),#6746);
#6742 = LINE('',#6743,#6744);
#6743 = CARTESIAN_POINT('',(0.,0.));
#6744 = VECTOR('',#6745,1.);
#6745 = DIRECTION('',(0.,1.));
#6746 = ( GEOMETRIC_REPRESENTATION_CONTEXT(2) 
PARAMETRIC_REPRESENTATION_CONTEXT() REPRESENTATION_CONTEXT('2D SPACE',''
  ) );
#6747 = PCURVE('',#6518,#6748);
#6748 = DEFINITIONAL_REPRESENTATION('',(#6749),#6753);
#6749 = LINE('',#6750,#6751);
#6750 = CARTESIAN_POINT('',(0.,0.64));
#6751 = VECTOR('',#6752,1.);
#6752 = DIRECTION('',(1.,0.));
#6753 = ( GEOMETRIC_REPRESENTATION_CONTEXT(2) 
PARAMETRIC_REPRESENTATION_CONTEXT() REPRESENTATION_CONTEXT('2D SPACE',''
  ) );
#6754 = ORIENTED_EDGE('',*,*,#6530,.T.);
#6755 = ORIENTED_EDGE('',*,*,#6756,.T.);
#6756 = EDGE_CURVE('',#6531,#6641,#6757,.T.);
#6757 = SURFACE_CURVE('',#6758,(#6762,#6769),.PCURVE_S1.);
#6758 = LINE('',#6759,#6760);
#6759 = CARTESIAN_POINT('',(2.22,-17.46,9.95));
#6760 = VECTOR('',#6761,1.);
#6761 = DIRECTION('',(1.,0.,-0.));
#6762 = PCURVE('',#6546,#6763);
#6763 = DEFINITIONAL_REPRESENTATION('',(#6764),#6768);
#6764 = LINE('',#6765,#6766);
#6765 = CARTESIAN_POINT('',(12.79,0.));
#6766 = VECTOR('',#6767,1.);
#6767 = DIRECTION('',(0.,1.));
#6768 = ( GEOMETRIC_REPRESENTATION_CONTEXT(2) 
PARAMETRIC_REPRESENTATION_CONTEXT() REPRESENTATION_CONTEXT('2D SPACE',''
  ) );
#6769 = PCURVE('',#6572,#6770);
#6770 = DEFINITIONAL_REPRESENTATION('',(#6771),#6775);
#6771 = LINE('',#6772,#6773);
#6772 = CARTESIAN_POINT('',(0.,0.64));
#6773 = VECTOR('',#6774,1.);
#6774 = DIRECTION('',(1.,0.));
#6775 = ( GEOMETRIC_REPRESENTATION_CONTEXT(2) 
PARAMETRIC_REPRESENTATION_CONTEXT() REPRESENTATION_CONTEXT('2D SPACE',''
  ) );
#6776 = ORIENTED_EDGE('',*,*,#6640,.F.);
#6777 = ADVANCED_FACE('',(#6778),#6518,.F.);
#6778 = FACE_BOUND('',#6779,.F.);
#6779 = EDGE_LOOP('',(#6780,#6781,#6782,#6783));
#6780 = ORIENTED_EDGE('',*,*,#6502,.F.);
#6781 = ORIENTED_EDGE('',*,*,#6687,.T.);
#6782 = ORIENTED_EDGE('',*,*,#6617,.T.);
#6783 = ORIENTED_EDGE('',*,*,#6734,.F.);
#6784 = ADVANCED_FACE('',(#6785),#6572,.T.);
#6785 = FACE_BOUND('',#6786,.T.);
#6786 = EDGE_LOOP('',(#6787,#6788,#6789,#6790));
#6787 = ORIENTED_EDGE('',*,*,#6558,.F.);
#6788 = ORIENTED_EDGE('',*,*,#6709,.T.);
#6789 = ORIENTED_EDGE('',*,*,#6663,.T.);
#6790 = ORIENTED_EDGE('',*,*,#6756,.F.);
#6791 = ( GEOMETRIC_REPRESENTATION_CONTEXT(3) 
GLOBAL_UNCERTAINTY_ASSIGNED_CONTEXT((#6795)) 
GLOBAL_UNIT_ASSIGNED_CONTEXT((#6792,#6793,#6794)) REPRESENTATION_CONTEXT
('Context #1','3D Context with UNIT and UNCERTAINTY') );
#6792 = ( LENGTH_UNIT() NAMED_UNIT(*) SI_UNIT(.MILLI.,.METRE.) );
#6793 = ( NAMED_UNIT(*) PLANE_ANGLE_UNIT() SI_UNIT($,.RADIAN.) );
#6794 = ( NAMED_UNIT(*) SI_UNIT($,.STERADIAN.) SOLID_ANGLE_UNIT() );
#6795 = UNCERTAINTY_MEASURE_WITH_UNIT(LENGTH_MEASURE(1.E-07),#6792,
  'distance_accuracy_value','confusion accuracy');
#6796 = CONTEXT_DEPENDENT_SHAPE_REPRESENTATION(#6797,#6799);
#6797 = ( REPRESENTATION_RELATIONSHIP('','',#6460,#10) 
REPRESENTATION_RELATIONSHIP_WITH_TRANSFORMATION(#6798) 
SHAPE_REPRESENTATION_RELATIONSHIP() );
#6798 = ITEM_DEFINED_TRANSFORMATION('','',#11,#79);
#6799 = PRODUCT_DEFINITION_SHAPE('Placement','Placement of an item',
  #6800);
#6800 = NEXT_ASSEMBLY_USAGE_OCCURRENCE('311','','',#5,#6455,$);
#6801 = PRODUCT_RELATED_PRODUCT_CATEGORY('part',$,(#6457));
#6802 = SHAPE_DEFINITION_REPRESENTATION(#6803,#6809);
#6803 = PRODUCT_DEFINITION_SHAPE('','',#6804);
#6804 = PRODUCT_DEFINITION('design','',#6805,#6808);
#6805 = PRODUCT_DEFINITION_FORMATION('','',#6806);
#6806 = PRODUCT('Open CASCADE STEP translator 7.9 22.18',
  'Open CASCADE STEP translator 7.9 22.18','',(#6807));
#6807 = PRODUCT_CONTEXT('',#2,'mechanical');
#6808 = PRODUCT_DEFINITION_CONTEXT('part definition',#2,'design');
#6809 = ADVANCED_BREP_SHAPE_REPRESENTATION('',(#11,#6810),#7140);
#6810 = MANIFOLD_SOLID_BREP('',#6811);
#6811 = CLOSED_SHELL('',(#6812,#6932,#7032,#7079,#7126,#7133));
#6812 = ADVANCED_FACE('',(#6813),#6827,.F.);
#6813 = FACE_BOUND('',#6814,.F.);
#6814 = EDGE_LOOP('',(#6815,#6850,#6878,#6906));
#6815 = ORIENTED_EDGE('',*,*,#6816,.F.);
#6816 = EDGE_CURVE('',#6817,#6819,#6821,.T.);
#6817 = VERTEX_POINT('',#6818);
#6818 = CARTESIAN_POINT('',(-0.32,-20.64,-2.84));
#6819 = VERTEX_POINT('',#6820);
#6820 = CARTESIAN_POINT('',(-0.32,-20.64,9.95));
#6821 = SURFACE_CURVE('',#6822,(#6826,#6838),.PCURVE_S1.);
#6822 = LINE('',#6823,#6824);
#6823 = CARTESIAN_POINT('',(-0.32,-20.64,-2.84));
#6824 = VECTOR('',#6825,1.);
#6825 = DIRECTION('',(0.,0.,1.));
#6826 = PCURVE('',#6827,#6832);
#6827 = PLANE('',#6828);
#6828 = AXIS2_PLACEMENT_3D('',#6829,#6830,#6831);
#6829 = CARTESIAN_POINT('',(-0.32,-20.64,-2.84));
#6830 = DIRECTION('',(1.,0.,-0.));
#6831 = DIRECTION('',(0.,0.,1.));
#6832 = DEFINITIONAL_REPRESENTATION('',(#6833),#6837);
#6833 = LINE('',#6834,#6835);
#6834 = CARTESIAN_POINT('',(0.,0.));
#6835 = VECTOR('',#6836,1.);
#6836 = DIRECTION('',(1.,0.));
#6837 = ( GEOMETRIC_REPRESENTATION_CONTEXT(2) 
PARAMETRIC_REPRESENTATION_CONTEXT() REPRESENTATION_CONTEXT('2D SPACE',''
  ) );
#6838 = PCURVE('',#6839,#6844);
#6839 = PLANE('',#6840);
#6840 = AXIS2_PLACEMENT_3D('',#6841,#6842,#6843);
#6841 = CARTESIAN_POINT('',(-0.32,-20.64,-2.84));
#6842 = DIRECTION('',(-0.,1.,0.));
#6843 = DIRECTION('',(0.,0.,1.));
#6844 = DEFINITIONAL_REPRESENTATION('',(#6845),#6849);
#6845 = LINE('',#6846,#6847);
#6846 = CARTESIAN_POINT('',(0.,0.));
#6847 = VECTOR('',#6848,1.);
#6848 = DIRECTION('',(1.,0.));
#6849 = ( GEOMETRIC_REPRESENTATION_CONTEXT(2) 
PARAMETRIC_REPRESENTATION_CONTEXT() REPRESENTATION_CONTEXT('2D SPACE',''
  ) );
#6850 = ORIENTED_EDGE('',*,*,#6851,.T.);
#6851 = EDGE_CURVE('',#6817,#6852,#6854,.T.);
#6852 = VERTEX_POINT('',#6853);
#6853 = CARTESIAN_POINT('',(-0.32,-20.,-2.84));
#6854 = SURFACE_CURVE('',#6855,(#6859,#6866),.PCURVE_S1.);
#6855 = LINE('',#6856,#6857);
#6856 = CARTESIAN_POINT('',(-0.32,-20.64,-2.84));
#6857 = VECTOR('',#6858,1.);
#6858 = DIRECTION('',(-0.,1.,0.));
#6859 = PCURVE('',#6827,#6860);
#6860 = DEFINITIONAL_REPRESENTATION('',(#6861),#6865);
#6861 = LINE('',#6862,#6863);
#6862 = CARTESIAN_POINT('',(0.,0.));
#6863 = VECTOR('',#6864,1.);
#6864 = DIRECTION('',(0.,-1.));
#6865 = ( GEOMETRIC_REPRESENTATION_CONTEXT(2) 
PARAMETRIC_REPRESENTATION_CONTEXT() REPRESENTATION_CONTEXT('2D SPACE',''
  ) );
#6866 = PCURVE('',#6867,#6872);
#6867 = PLANE('',#6868);
#6868 = AXIS2_PLACEMENT_3D('',#6869,#6870,#6871);
#6869 = CARTESIAN_POINT('',(-0.32,-20.64,-2.84));
#6870 = DIRECTION('',(0.,0.,1.));
#6871 = DIRECTION('',(1.,0.,-0.));
#6872 = DEFINITIONAL_REPRESENTATION('',(#6873),#6877);
#6873 = LINE('',#6874,#6875);
#6874 = CARTESIAN_POINT('',(0.,0.));
#6875 = VECTOR('',#6876,1.);
#6876 = DIRECTION('',(0.,1.));
#6877 = ( GEOMETRIC_REPRESENTATION_CONTEXT(2) 
PARAMETRIC_REPRESENTATION_CONTEXT() REPRESENTATION_CONTEXT('2D SPACE',''
  ) );
#6878 = ORIENTED_EDGE('',*,*,#6879,.T.);
#6879 = EDGE_CURVE('',#6852,#6880,#6882,.T.);
#6880 = VERTEX_POINT('',#6881);
#6881 = CARTESIAN_POINT('',(-0.32,-20.,9.95));
#6882 = SURFACE_CURVE('',#6883,(#6887,#6894),.PCURVE_S1.);
#6883 = LINE('',#6884,#6885);
#6884 = CARTESIAN_POINT('',(-0.32,-20.,-2.84));
#6885 = VECTOR('',#6886,1.);
#6886 = DIRECTION('',(0.,0.,1.));
#6887 = PCURVE('',#6827,#6888);
#6888 = DEFINITIONAL_REPRESENTATION('',(#6889),#6893);
#6889 = LINE('',#6890,#6891);
#6890 = CARTESIAN_POINT('',(0.,-0.64));
#6891 = VECTOR('',#6892,1.);
#6892 = DIRECTION('',(1.,0.));
#6893 = ( GEOMETRIC_REPRESENTATION_CONTEXT(2) 
PARAMETRIC_REPRESENTATION_CONTEXT() REPRESENTATION_CONTEXT('2D SPACE',''
  ) );
#6894 = PCURVE('',#6895,#6900);
#6895 = PLANE('',#6896);
#6896 = AXIS2_PLACEMENT_3D('',#6897,#6898,#6899);
#6897 = CARTESIAN_POINT('',(-0.32,-20.,-2.84));
#6898 = DIRECTION('',(-0.,1.,0.));
#6899 = DIRECTION('',(0.,0.,1.));
#6900 = DEFINITIONAL_REPRESENTATION('',(#6901),#6905);
#6901 = LINE('',#6902,#6903);
#6902 = CARTESIAN_POINT('',(0.,0.));
#6903 = VECTOR('',#6904,1.);
#6904 = DIRECTION('',(1.,0.));
#6905 = ( GEOMETRIC_REPRESENTATION_CONTEXT(2) 
PARAMETRIC_REPRESENTATION_CONTEXT() REPRESENTATION_CONTEXT('2D SPACE',''
  ) );
#6906 = ORIENTED_EDGE('',*,*,#6907,.F.);
#6907 = EDGE_CURVE('',#6819,#6880,#6908,.T.);
#6908 = SURFACE_CURVE('',#6909,(#6913,#6920),.PCURVE_S1.);
#6909 = LINE('',#6910,#6911);
#6910 = CARTESIAN_POINT('',(-0.32,-20.64,9.95));
#6911 = VECTOR('',#6912,1.);
#6912 = DIRECTION('',(-0.,1.,0.));
#6913 = PCURVE('',#6827,#6914);
#6914 = DEFINITIONAL_REPRESENTATION('',(#6915),#6919);
#6915 = LINE('',#6916,#6917);
#6916 = CARTESIAN_POINT('',(12.79,0.));
#6917 = VECTOR('',#6918,1.);
#6918 = DIRECTION('',(0.,-1.));
#6919 = ( GEOMETRIC_REPRESENTATION_CONTEXT(2) 
PARAMETRIC_REPRESENTATION_CONTEXT() REPRESENTATION_CONTEXT('2D SPACE',''
  ) );
#6920 = PCURVE('',#6921,#6926);
#6921 = PLANE('',#6922);
#6922 = AXIS2_PLACEMENT_3D('',#6923,#6924,#6925);
#6923 = CARTESIAN_POINT('',(-0.32,-20.64,9.95));
#6924 = DIRECTION('',(0.,0.,1.));
#6925 = DIRECTION('',(1.,0.,-0.));
#6926 = DEFINITIONAL_REPRESENTATION('',(#6927),#6931);
#6927 = LINE('',#6928,#6929);
#6928 = CARTESIAN_POINT('',(0.,0.));
#6929 = VECTOR('',#6930,1.);
#6930 = DIRECTION('',(0.,1.));
#6931 = ( GEOMETRIC_REPRESENTATION_CONTEXT(2) 
PARAMETRIC_REPRESENTATION_CONTEXT() REPRESENTATION_CONTEXT('2D SPACE',''
  ) );
#6932 = ADVANCED_FACE('',(#6933),#6947,.T.);
#6933 = FACE_BOUND('',#6934,.T.);
#6934 = EDGE_LOOP('',(#6935,#6965,#6988,#7011));
#6935 = ORIENTED_EDGE('',*,*,#6936,.F.);
#6936 = EDGE_CURVE('',#6937,#6939,#6941,.T.);
#6937 = VERTEX_POINT('',#6938);
#6938 = CARTESIAN_POINT('',(0.32,-20.64,-2.84));
#6939 = VERTEX_POINT('',#6940);
#6940 = CARTESIAN_POINT('',(0.32,-20.64,9.95));
#6941 = SURFACE_CURVE('',#6942,(#6946,#6958),.PCURVE_S1.);
#6942 = LINE('',#6943,#6944);
#6943 = CARTESIAN_POINT('',(0.32,-20.64,-2.84));
#6944 = VECTOR('',#6945,1.);
#6945 = DIRECTION('',(0.,0.,1.));
#6946 = PCURVE('',#6947,#6952);
#6947 = PLANE('',#6948);
#6948 = AXIS2_PLACEMENT_3D('',#6949,#6950,#6951);
#6949 = CARTESIAN_POINT('',(0.32,-20.64,-2.84));
#6950 = DIRECTION('',(1.,0.,-0.));
#6951 = DIRECTION('',(0.,0.,1.));
#6952 = DEFINITIONAL_REPRESENTATION('',(#6953),#6957);
#6953 = LINE('',#6954,#6955);
#6954 = CARTESIAN_POINT('',(0.,0.));
#6955 = VECTOR('',#6956,1.);
#6956 = DIRECTION('',(1.,0.));
#6957 = ( GEOMETRIC_REPRESENTATION_CONTEXT(2) 
PARAMETRIC_REPRESENTATION_CONTEXT() REPRESENTATION_CONTEXT('2D SPACE',''
  ) );
#6958 = PCURVE('',#6839,#6959);
#6959 = DEFINITIONAL_REPRESENTATION('',(#6960),#6964);
#6960 = LINE('',#6961,#6962);
#6961 = CARTESIAN_POINT('',(0.,0.64));
#6962 = VECTOR('',#6963,1.);
#6963 = DIRECTION('',(1.,0.));
#6964 = ( GEOMETRIC_REPRESENTATION_CONTEXT(2) 
PARAMETRIC_REPRESENTATION_CONTEXT() REPRESENTATION_CONTEXT('2D SPACE',''
  ) );
#6965 = ORIENTED_EDGE('',*,*,#6966,.T.);
#6966 = EDGE_CURVE('',#6937,#6967,#6969,.T.);
#6967 = VERTEX_POINT('',#6968);
#6968 = CARTESIAN_POINT('',(0.32,-20.,-2.84));
#6969 = SURFACE_CURVE('',#6970,(#6974,#6981),.PCURVE_S1.);
#6970 = LINE('',#6971,#6972);
#6971 = CARTESIAN_POINT('',(0.32,-20.64,-2.84));
#6972 = VECTOR('',#6973,1.);
#6973 = DIRECTION('',(-0.,1.,0.));
#6974 = PCURVE('',#6947,#6975);
#6975 = DEFINITIONAL_REPRESENTATION('',(#6976),#6980);
#6976 = LINE('',#6977,#6978);
#6977 = CARTESIAN_POINT('',(0.,0.));
#6978 = VECTOR('',#6979,1.);
#6979 = DIRECTION('',(0.,-1.));
#6980 = ( GEOMETRIC_REPRESENTATION_CONTEXT(2) 
PARAMETRIC_REPRESENTATION_CONTEXT() REPRESENTATION_CONTEXT('2D SPACE',''
  ) );
#6981 = PCURVE('',#6867,#6982);
#6982 = DEFINITIONAL_REPRESENTATION('',(#6983),#6987);
#6983 = LINE('',#6984,#6985);
#6984 = CARTESIAN_POINT('',(0.64,0.));
#6985 = VECTOR('',#6986,1.);
#6986 = DIRECTION('',(0.,1.));
#6987 = ( GEOMETRIC_REPRESENTATION_CONTEXT(2) 
PARAMETRIC_REPRESENTATION_CONTEXT() REPRESENTATION_CONTEXT('2D SPACE',''
  ) );
#6988 = ORIENTED_EDGE('',*,*,#6989,.T.);
#6989 = EDGE_CURVE('',#6967,#6990,#6992,.T.);
#6990 = VERTEX_POINT('',#6991);
#6991 = CARTESIAN_POINT('',(0.32,-20.,9.95));
#6992 = SURFACE_CURVE('',#6993,(#6997,#7004),.PCURVE_S1.);
#6993 = LINE('',#6994,#6995);
#6994 = CARTESIAN_POINT('',(0.32,-20.,-2.84));
#6995 = VECTOR('',#6996,1.);
#6996 = DIRECTION('',(0.,0.,1.));
#6997 = PCURVE('',#6947,#6998);
#6998 = DEFINITIONAL_REPRESENTATION('',(#6999),#7003);
#6999 = LINE('',#7000,#7001);
#7000 = CARTESIAN_POINT('',(0.,-0.64));
#7001 = VECTOR('',#7002,1.);
#7002 = DIRECTION('',(1.,0.));
#7003 = ( GEOMETRIC_REPRESENTATION_CONTEXT(2) 
PARAMETRIC_REPRESENTATION_CONTEXT() REPRESENTATION_CONTEXT('2D SPACE',''
  ) );
#7004 = PCURVE('',#6895,#7005);
#7005 = DEFINITIONAL_REPRESENTATION('',(#7006),#7010);
#7006 = LINE('',#7007,#7008);
#7007 = CARTESIAN_POINT('',(0.,0.64));
#7008 = VECTOR('',#7009,1.);
#7009 = DIRECTION('',(1.,0.));
#7010 = ( GEOMETRIC_REPRESENTATION_CONTEXT(2) 
PARAMETRIC_REPRESENTATION_CONTEXT() REPRESENTATION_CONTEXT('2D SPACE',''
  ) );
#7011 = ORIENTED_EDGE('',*,*,#7012,.F.);
#7012 = EDGE_CURVE('',#6939,#6990,#7013,.T.);
#7013 = SURFACE_CURVE('',#7014,(#7018,#7025),.PCURVE_S1.);
#7014 = LINE('',#7015,#7016);
#7015 = CARTESIAN_POINT('',(0.32,-20.64,9.95));
#7016 = VECTOR('',#7017,1.);
#7017 = DIRECTION('',(-0.,1.,0.));
#7018 = PCURVE('',#6947,#7019);
#7019 = DEFINITIONAL_REPRESENTATION('',(#7020),#7024);
#7020 = LINE('',#7021,#7022);
#7021 = CARTESIAN_POINT('',(12.79,0.));
#7022 = VECTOR('',#7023,1.);
#7023 = DIRECTION('',(0.,-1.));
#7024 = ( GEOMETRIC_REPRESENTATION_CONTEXT(2) 
PARAMETRIC_REPRESENTATION_CONTEXT() REPRESENTATION_CONTEXT('2D SPACE',''
  ) );
#7025 = PCURVE('',#6921,#7026);
#7026 = DEFINITIONAL_REPRESENTATION('',(#7027),#7031);
#7027 = LINE('',#7028,#7029);
#7028 = CARTESIAN_POINT('',(0.64,0.));
#7029 = VECTOR('',#7030,1.);
#7030 = DIRECTION('',(0.,1.));
#7031 = ( GEOMETRIC_REPRESENTATION_CONTEXT(2) 
PARAMETRIC_REPRESENTATION_CONTEXT() REPRESENTATION_CONTEXT('2D SPACE',''
  ) );
#7032 = ADVANCED_FACE('',(#7033),#6839,.F.);
#7033 = FACE_BOUND('',#7034,.F.);
#7034 = EDGE_LOOP('',(#7035,#7056,#7057,#7078));
#7035 = ORIENTED_EDGE('',*,*,#7036,.F.);
#7036 = EDGE_CURVE('',#6817,#6937,#7037,.T.);
#7037 = SURFACE_CURVE('',#7038,(#7042,#7049),.PCURVE_S1.);
#7038 = LINE('',#7039,#7040);
#7039 = CARTESIAN_POINT('',(-0.32,-20.64,-2.84));
#7040 = VECTOR('',#7041,1.);
#7041 = DIRECTION('',(1.,0.,-0.));
#7042 = PCURVE('',#6839,#7043);
#7043 = DEFINITIONAL_REPRESENTATION('',(#7044),#7048);
#7044 = LINE('',#7045,#7046);
#7045 = CARTESIAN_POINT('',(0.,0.));
#7046 = VECTOR('',#7047,1.);
#7047 = DIRECTION('',(0.,1.));
#7048 = ( GEOMETRIC_REPRESENTATION_CONTEXT(2) 
PARAMETRIC_REPRESENTATION_CONTEXT() REPRESENTATION_CONTEXT('2D SPACE',''
  ) );
#7049 = PCURVE('',#6867,#7050);
#7050 = DEFINITIONAL_REPRESENTATION('',(#7051),#7055);
#7051 = LINE('',#7052,#7053);
#7052 = CARTESIAN_POINT('',(0.,0.));
#7053 = VECTOR('',#7054,1.);
#7054 = DIRECTION('',(1.,0.));
#7055 = ( GEOMETRIC_REPRESENTATION_CONTEXT(2) 
PARAMETRIC_REPRESENTATION_CONTEXT() REPRESENTATION_CONTEXT('2D SPACE',''
  ) );
#7056 = ORIENTED_EDGE('',*,*,#6816,.T.);
#7057 = ORIENTED_EDGE('',*,*,#7058,.T.);
#7058 = EDGE_CURVE('',#6819,#6939,#7059,.T.);
#7059 = SURFACE_CURVE('',#7060,(#7064,#7071),.PCURVE_S1.);
#7060 = LINE('',#7061,#7062);
#7061 = CARTESIAN_POINT('',(-0.32,-20.64,9.95));
#7062 = VECTOR('',#7063,1.);
#7063 = DIRECTION('',(1.,0.,-0.));
#7064 = PCURVE('',#6839,#7065);
#7065 = DEFINITIONAL_REPRESENTATION('',(#7066),#7070);
#7066 = LINE('',#7067,#7068);
#7067 = CARTESIAN_POINT('',(12.79,0.));
#7068 = VECTOR('',#7069,1.);
#7069 = DIRECTION('',(0.,1.));
#7070 = ( GEOMETRIC_REPRESENTATION_CONTEXT(2) 
PARAMETRIC_REPRESENTATION_CONTEXT() REPRESENTATION_CONTEXT('2D SPACE',''
  ) );
#7071 = PCURVE('',#6921,#7072);
#7072 = DEFINITIONAL_REPRESENTATION('',(#7073),#7077);
#7073 = LINE('',#7074,#7075);
#7074 = CARTESIAN_POINT('',(0.,0.));
#7075 = VECTOR('',#7076,1.);
#7076 = DIRECTION('',(1.,0.));
#7077 = ( GEOMETRIC_REPRESENTATION_CONTEXT(2) 
PARAMETRIC_REPRESENTATION_CONTEXT() REPRESENTATION_CONTEXT('2D SPACE',''
  ) );
#7078 = ORIENTED_EDGE('',*,*,#6936,.F.);
#7079 = ADVANCED_FACE('',(#7080),#6895,.T.);
#7080 = FACE_BOUND('',#7081,.T.);
#7081 = EDGE_LOOP('',(#7082,#7103,#7104,#7125));
#7082 = ORIENTED_EDGE('',*,*,#7083,.F.);
#7083 = EDGE_CURVE('',#6852,#6967,#7084,.T.);
#7084 = SURFACE_CURVE('',#7085,(#7089,#7096),.PCURVE_S1.);
#7085 = LINE('',#7086,#7087);
#7086 = CARTESIAN_POINT('',(-0.32,-20.,-2.84));
#7087 = VECTOR('',#7088,1.);
#7088 = DIRECTION('',(1.,0.,-0.));
#7089 = PCURVE('',#6895,#7090);
#7090 = DEFINITIONAL_REPRESENTATION('',(#7091),#7095);
#7091 = LINE('',#7092,#7093);
#7092 = CARTESIAN_POINT('',(0.,0.));
#7093 = VECTOR('',#7094,1.);
#7094 = DIRECTION('',(0.,1.));
#7095 = ( GEOMETRIC_REPRESENTATION_CONTEXT(2) 
PARAMETRIC_REPRESENTATION_CONTEXT() REPRESENTATION_CONTEXT('2D SPACE',''
  ) );
#7096 = PCURVE('',#6867,#7097);
#7097 = DEFINITIONAL_REPRESENTATION('',(#7098),#7102);
#7098 = LINE('',#7099,#7100);
#7099 = CARTESIAN_POINT('',(0.,0.64));
#7100 = VECTOR('',#7101,1.);
#7101 = DIRECTION('',(1.,0.));
#7102 = ( GEOMETRIC_REPRESENTATION_CONTEXT(2) 
PARAMETRIC_REPRESENTATION_CONTEXT() REPRESENTATION_CONTEXT('2D SPACE',''
  ) );
#7103 = ORIENTED_EDGE('',*,*,#6879,.T.);
#7104 = ORIENTED_EDGE('',*,*,#7105,.T.);
#7105 = EDGE_CURVE('',#6880,#6990,#7106,.T.);
#7106 = SURFACE_CURVE('',#7107,(#7111,#7118),.PCURVE_S1.);
#7107 = LINE('',#7108,#7109);
#7108 = CARTESIAN_POINT('',(-0.32,-20.,9.95));
#7109 = VECTOR('',#7110,1.);
#7110 = DIRECTION('',(1.,0.,-0.));
#7111 = PCURVE('',#6895,#7112);
#7112 = DEFINITIONAL_REPRESENTATION('',(#7113),#7117);
#7113 = LINE('',#7114,#7115);
#7114 = CARTESIAN_POINT('',(12.79,0.));
#7115 = VECTOR('',#7116,1.);
#7116 = DIRECTION('',(0.,1.));
#7117 = ( GEOMETRIC_REPRESENTATION_CONTEXT(2) 
PARAMETRIC_REPRESENTATION_CONTEXT() REPRESENTATION_CONTEXT('2D SPACE',''
  ) );
#7118 = PCURVE('',#6921,#7119);
#7119 = DEFINITIONAL_REPRESENTATION('',(#7120),#7124);
#7120 = LINE('',#7121,#7122);
#7121 = CARTESIAN_POINT('',(0.,0.64));
#7122 = VECTOR('',#7123,1.);
#7123 = DIRECTION('',(1.,0.));
#7124 = ( GEOMETRIC_REPRESENTATION_CONTEXT(2) 
PARAMETRIC_REPRESENTATION_CONTEXT() REPRESENTATION_CONTEXT('2D SPACE',''
  ) );
#7125 = ORIENTED_EDGE('',*,*,#6989,.F.);
#7126 = ADVANCED_FACE('',(#7127),#6867,.F.);
#7127 = FACE_BOUND('',#7128,.F.);
#7128 = EDGE_LOOP('',(#7129,#7130,#7131,#7132));
#7129 = ORIENTED_EDGE('',*,*,#6851,.F.);
#7130 = ORIENTED_EDGE('',*,*,#7036,.T.);
#7131 = ORIENTED_EDGE('',*,*,#6966,.T.);
#7132 = ORIENTED_EDGE('',*,*,#7083,.F.);
#7133 = ADVANCED_FACE('',(#7134),#6921,.T.);
#7134 = FACE_BOUND('',#7135,.T.);
#7135 = EDGE_LOOP('',(#7136,#7137,#7138,#7139));
#7136 = ORIENTED_EDGE('',*,*,#6907,.F.);
#7137 = ORIENTED_EDGE('',*,*,#7058,.T.);
#7138 = ORIENTED_EDGE('',*,*,#7012,.T.);
#7139 = ORIENTED_EDGE('',*,*,#7105,.F.);
#7140 = ( GEOMETRIC_REPRESENTATION_CONTEXT(3) 
GLOBAL_UNCERTAINTY_ASSIGNED_CONTEXT((#7144)) 
GLOBAL_UNIT_ASSIGNED_CONTEXT((#7141,#7142,#7143)) REPRESENTATION_CONTEXT
('Context #1','3D Context with UNIT and UNCERTAINTY') );
#7141 = ( LENGTH_UNIT() NAMED_UNIT(*) SI_UNIT(.MILLI.,.METRE.) );
#7142 = ( NAMED_UNIT(*) PLANE_ANGLE_UNIT() SI_UNIT($,.RADIAN.) );
#7143 = ( NAMED_UNIT(*) SI_UNIT($,.STERADIAN.) SOLID_ANGLE_UNIT() );
#7144 = UNCERTAINTY_MEASURE_WITH_UNIT(LENGTH_MEASURE(1.E-07),#7141,
  'distance_accuracy_value','confusion accuracy');
#7145 = CONTEXT_DEPENDENT_SHAPE_REPRESENTATION(#7146,#7148);
#7146 = ( REPRESENTATION_RELATIONSHIP('','',#6809,#10) 
REPRESENTATION_RELATIONSHIP_WITH_TRANSFORMATION(#7147) 
SHAPE_REPRESENTATION_RELATIONSHIP() );
#7147 = ITEM_DEFINED_TRANSFORMATION('','',#11,#83);
#7148 = PRODUCT_DEFINITION_SHAPE('Placement','Placement of an item',
  #7149);
#7149 = NEXT_ASSEMBLY_USAGE_OCCURRENCE('312','','',#5,#6804,$);
#7150 = PRODUCT_RELATED_PRODUCT_CATEGORY('part',$,(#6806));
#7151 = SHAPE_DEFINITION_REPRESENTATION(#7152,#7158);
#7152 = PRODUCT_DEFINITION_SHAPE('','',#7153);
#7153 = PRODUCT_DEFINITION('design','',#7154,#7157);
#7154 = PRODUCT_DEFINITION_FORMATION('','',#7155);
#7155 = PRODUCT('Open CASCADE STEP translator 7.9 22.19',
  'Open CASCADE STEP translator 7.9 22.19','',(#7156));
#7156 = PRODUCT_CONTEXT('',#2,'mechanical');
#7157 = PRODUCT_DEFINITION_CONTEXT('part definition',#2,'design');
#7158 = ADVANCED_BREP_SHAPE_REPRESENTATION('',(#11,#7159),#7489);
#7159 = MANIFOLD_SOLID_BREP('',#7160);
#7160 = CLOSED_SHELL('',(#7161,#7281,#7381,#7428,#7475,#7482));
#7161 = ADVANCED_FACE('',(#7162),#7176,.F.);
#7162 = FACE_BOUND('',#7163,.F.);
#7163 = EDGE_LOOP('',(#7164,#7199,#7227,#7255));
#7164 = ORIENTED_EDGE('',*,*,#7165,.F.);
#7165 = EDGE_CURVE('',#7166,#7168,#7170,.T.);
#7166 = VERTEX_POINT('',#7167);
#7167 = CARTESIAN_POINT('',(2.22,-20.64,-2.84));
#7168 = VERTEX_POINT('',#7169);
#7169 = CARTESIAN_POINT('',(2.22,-20.64,9.95));
#7170 = SURFACE_CURVE('',#7171,(#7175,#7187),.PCURVE_S1.);
#7171 = LINE('',#7172,#7173);
#7172 = CARTESIAN_POINT('',(2.22,-20.64,-2.84));
#7173 = VECTOR('',#7174,1.);
#7174 = DIRECTION('',(0.,0.,1.));
#7175 = PCURVE('',#7176,#7181);
#7176 = PLANE('',#7177);
#7177 = AXIS2_PLACEMENT_3D('',#7178,#7179,#7180);
#7178 = CARTESIAN_POINT('',(2.22,-20.64,-2.84));
#7179 = DIRECTION('',(1.,0.,-0.));
#7180 = DIRECTION('',(0.,0.,1.));
#7181 = DEFINITIONAL_REPRESENTATION('',(#7182),#7186);
#7182 = LINE('',#7183,#7184);
#7183 = CARTESIAN_POINT('',(0.,0.));
#7184 = VECTOR('',#7185,1.);
#7185 = DIRECTION('',(1.,0.));
#7186 = ( GEOMETRIC_REPRESENTATION_CONTEXT(2) 
PARAMETRIC_REPRESENTATION_CONTEXT() REPRESENTATION_CONTEXT('2D SPACE',''
  ) );
#7187 = PCURVE('',#7188,#7193);
#7188 = PLANE('',#7189);
#7189 = AXIS2_PLACEMENT_3D('',#7190,#7191,#7192);
#7190 = CARTESIAN_POINT('',(2.22,-20.64,-2.84));
#7191 = DIRECTION('',(-0.,1.,0.));
#7192 = DIRECTION('',(0.,0.,1.));
#7193 = DEFINITIONAL_REPRESENTATION('',(#7194),#7198);
#7194 = LINE('',#7195,#7196);
#7195 = CARTESIAN_POINT('',(0.,0.));
#7196 = VECTOR('',#7197,1.);
#7197 = DIRECTION('',(1.,0.));
#7198 = ( GEOMETRIC_REPRESENTATION_CONTEXT(2) 
PARAMETRIC_REPRESENTATION_CONTEXT() REPRESENTATION_CONTEXT('2D SPACE',''
  ) );
#7199 = ORIENTED_EDGE('',*,*,#7200,.T.);
#7200 = EDGE_CURVE('',#7166,#7201,#7203,.T.);
#7201 = VERTEX_POINT('',#7202);
#7202 = CARTESIAN_POINT('',(2.22,-20.,-2.84));
#7203 = SURFACE_CURVE('',#7204,(#7208,#7215),.PCURVE_S1.);
#7204 = LINE('',#7205,#7206);
#7205 = CARTESIAN_POINT('',(2.22,-20.64,-2.84));
#7206 = VECTOR('',#7207,1.);
#7207 = DIRECTION('',(-0.,1.,0.));
#7208 = PCURVE('',#7176,#7209);
#7209 = DEFINITIONAL_REPRESENTATION('',(#7210),#7214);
#7210 = LINE('',#7211,#7212);
#7211 = CARTESIAN_POINT('',(0.,0.));
#7212 = VECTOR('',#7213,1.);
#7213 = DIRECTION('',(0.,-1.));
#7214 = ( GEOMETRIC_REPRESENTATION_CONTEXT(2) 
PARAMETRIC_REPRESENTATION_CONTEXT() REPRESENTATION_CONTEXT('2D SPACE',''
  ) );
#7215 = PCURVE('',#7216,#7221);
#7216 = PLANE('',#7217);
#7217 = AXIS2_PLACEMENT_3D('',#7218,#7219,#7220);
#7218 = CARTESIAN_POINT('',(2.22,-20.64,-2.84));
#7219 = DIRECTION('',(0.,0.,1.));
#7220 = DIRECTION('',(1.,0.,-0.));
#7221 = DEFINITIONAL_REPRESENTATION('',(#7222),#7226);
#7222 = LINE('',#7223,#7224);
#7223 = CARTESIAN_POINT('',(0.,0.));
#7224 = VECTOR('',#7225,1.);
#7225 = DIRECTION('',(0.,1.));
#7226 = ( GEOMETRIC_REPRESENTATION_CONTEXT(2) 
PARAMETRIC_REPRESENTATION_CONTEXT() REPRESENTATION_CONTEXT('2D SPACE',''
  ) );
#7227 = ORIENTED_EDGE('',*,*,#7228,.T.);
#7228 = EDGE_CURVE('',#7201,#7229,#7231,.T.);
#7229 = VERTEX_POINT('',#7230);
#7230 = CARTESIAN_POINT('',(2.22,-20.,9.95));
#7231 = SURFACE_CURVE('',#7232,(#7236,#7243),.PCURVE_S1.);
#7232 = LINE('',#7233,#7234);
#7233 = CARTESIAN_POINT('',(2.22,-20.,-2.84));
#7234 = VECTOR('',#7235,1.);
#7235 = DIRECTION('',(0.,0.,1.));
#7236 = PCURVE('',#7176,#7237);
#7237 = DEFINITIONAL_REPRESENTATION('',(#7238),#7242);
#7238 = LINE('',#7239,#7240);
#7239 = CARTESIAN_POINT('',(0.,-0.64));
#7240 = VECTOR('',#7241,1.);
#7241 = DIRECTION('',(1.,0.));
#7242 = ( GEOMETRIC_REPRESENTATION_CONTEXT(2) 
PARAMETRIC_REPRESENTATION_CONTEXT() REPRESENTATION_CONTEXT('2D SPACE',''
  ) );
#7243 = PCURVE('',#7244,#7249);
#7244 = PLANE('',#7245);
#7245 = AXIS2_PLACEMENT_3D('',#7246,#7247,#7248);
#7246 = CARTESIAN_POINT('',(2.22,-20.,-2.84));
#7247 = DIRECTION('',(-0.,1.,0.));
#7248 = DIRECTION('',(0.,0.,1.));
#7249 = DEFINITIONAL_REPRESENTATION('',(#7250),#7254);
#7250 = LINE('',#7251,#7252);
#7251 = CARTESIAN_POINT('',(0.,0.));
#7252 = VECTOR('',#7253,1.);
#7253 = DIRECTION('',(1.,0.));
#7254 = ( GEOMETRIC_REPRESENTATION_CONTEXT(2) 
PARAMETRIC_REPRESENTATION_CONTEXT() REPRESENTATION_CONTEXT('2D SPACE',''
  ) );
#7255 = ORIENTED_EDGE('',*,*,#7256,.F.);
#7256 = EDGE_CURVE('',#7168,#7229,#7257,.T.);
#7257 = SURFACE_CURVE('',#7258,(#7262,#7269),.PCURVE_S1.);
#7258 = LINE('',#7259,#7260);
#7259 = CARTESIAN_POINT('',(2.22,-20.64,9.95));
#7260 = VECTOR('',#7261,1.);
#7261 = DIRECTION('',(-0.,1.,0.));
#7262 = PCURVE('',#7176,#7263);
#7263 = DEFINITIONAL_REPRESENTATION('',(#7264),#7268);
#7264 = LINE('',#7265,#7266);
#7265 = CARTESIAN_POINT('',(12.79,0.));
#7266 = VECTOR('',#7267,1.);
#7267 = DIRECTION('',(0.,-1.));
#7268 = ( GEOMETRIC_REPRESENTATION_CONTEXT(2) 
PARAMETRIC_REPRESENTATION_CONTEXT() REPRESENTATION_CONTEXT('2D SPACE',''
  ) );
#7269 = PCURVE('',#7270,#7275);
#7270 = PLANE('',#7271);
#7271 = AXIS2_PLACEMENT_3D('',#7272,#7273,#7274);
#7272 = CARTESIAN_POINT('',(2.22,-20.64,9.95));
#7273 = DIRECTION('',(0.,0.,1.));
#7274 = DIRECTION('',(1.,0.,-0.));
#7275 = DEFINITIONAL_REPRESENTATION('',(#7276),#7280);
#7276 = LINE('',#7277,#7278);
#7277 = CARTESIAN_POINT('',(0.,0.));
#7278 = VECTOR('',#7279,1.);
#7279 = DIRECTION('',(0.,1.));
#7280 = ( GEOMETRIC_REPRESENTATION_CONTEXT(2) 
PARAMETRIC_REPRESENTATION_CONTEXT() REPRESENTATION_CONTEXT('2D SPACE',''
  ) );
#7281 = ADVANCED_FACE('',(#7282),#7296,.T.);
#7282 = FACE_BOUND('',#7283,.T.);
#7283 = EDGE_LOOP('',(#7284,#7314,#7337,#7360));
#7284 = ORIENTED_EDGE('',*,*,#7285,.F.);
#7285 = EDGE_CURVE('',#7286,#7288,#7290,.T.);
#7286 = VERTEX_POINT('',#7287);
#7287 = CARTESIAN_POINT('',(2.86,-20.64,-2.84));
#7288 = VERTEX_POINT('',#7289);
#7289 = CARTESIAN_POINT('',(2.86,-20.64,9.95));
#7290 = SURFACE_CURVE('',#7291,(#7295,#7307),.PCURVE_S1.);
#7291 = LINE('',#7292,#7293);
#7292 = CARTESIAN_POINT('',(2.86,-20.64,-2.84));
#7293 = VECTOR('',#7294,1.);
#7294 = DIRECTION('',(0.,0.,1.));
#7295 = PCURVE('',#7296,#7301);
#7296 = PLANE('',#7297);
#7297 = AXIS2_PLACEMENT_3D('',#7298,#7299,#7300);
#7298 = CARTESIAN_POINT('',(2.86,-20.64,-2.84));
#7299 = DIRECTION('',(1.,0.,-0.));
#7300 = DIRECTION('',(0.,0.,1.));
#7301 = DEFINITIONAL_REPRESENTATION('',(#7302),#7306);
#7302 = LINE('',#7303,#7304);
#7303 = CARTESIAN_POINT('',(0.,0.));
#7304 = VECTOR('',#7305,1.);
#7305 = DIRECTION('',(1.,0.));
#7306 = ( GEOMETRIC_REPRESENTATION_CONTEXT(2) 
PARAMETRIC_REPRESENTATION_CONTEXT() REPRESENTATION_CONTEXT('2D SPACE',''
  ) );
#7307 = PCURVE('',#7188,#7308);
#7308 = DEFINITIONAL_REPRESENTATION('',(#7309),#7313);
#7309 = LINE('',#7310,#7311);
#7310 = CARTESIAN_POINT('',(0.,0.64));
#7311 = VECTOR('',#7312,1.);
#7312 = DIRECTION('',(1.,0.));
#7313 = ( GEOMETRIC_REPRESENTATION_CONTEXT(2) 
PARAMETRIC_REPRESENTATION_CONTEXT() REPRESENTATION_CONTEXT('2D SPACE',''
  ) );
#7314 = ORIENTED_EDGE('',*,*,#7315,.T.);
#7315 = EDGE_CURVE('',#7286,#7316,#7318,.T.);
#7316 = VERTEX_POINT('',#7317);
#7317 = CARTESIAN_POINT('',(2.86,-20.,-2.84));
#7318 = SURFACE_CURVE('',#7319,(#7323,#7330),.PCURVE_S1.);
#7319 = LINE('',#7320,#7321);
#7320 = CARTESIAN_POINT('',(2.86,-20.64,-2.84));
#7321 = VECTOR('',#7322,1.);
#7322 = DIRECTION('',(-0.,1.,0.));
#7323 = PCURVE('',#7296,#7324);
#7324 = DEFINITIONAL_REPRESENTATION('',(#7325),#7329);
#7325 = LINE('',#7326,#7327);
#7326 = CARTESIAN_POINT('',(0.,0.));
#7327 = VECTOR('',#7328,1.);
#7328 = DIRECTION('',(0.,-1.));
#7329 = ( GEOMETRIC_REPRESENTATION_CONTEXT(2) 
PARAMETRIC_REPRESENTATION_CONTEXT() REPRESENTATION_CONTEXT('2D SPACE',''
  ) );
#7330 = PCURVE('',#7216,#7331);
#7331 = DEFINITIONAL_REPRESENTATION('',(#7332),#7336);
#7332 = LINE('',#7333,#7334);
#7333 = CARTESIAN_POINT('',(0.64,0.));
#7334 = VECTOR('',#7335,1.);
#7335 = DIRECTION('',(0.,1.));
#7336 = ( GEOMETRIC_REPRESENTATION_CONTEXT(2) 
PARAMETRIC_REPRESENTATION_CONTEXT() REPRESENTATION_CONTEXT('2D SPACE',''
  ) );
#7337 = ORIENTED_EDGE('',*,*,#7338,.T.);
#7338 = EDGE_CURVE('',#7316,#7339,#7341,.T.);
#7339 = VERTEX_POINT('',#7340);
#7340 = CARTESIAN_POINT('',(2.86,-20.,9.95));
#7341 = SURFACE_CURVE('',#7342,(#7346,#7353),.PCURVE_S1.);
#7342 = LINE('',#7343,#7344);
#7343 = CARTESIAN_POINT('',(2.86,-20.,-2.84));
#7344 = VECTOR('',#7345,1.);
#7345 = DIRECTION('',(0.,0.,1.));
#7346 = PCURVE('',#7296,#7347);
#7347 = DEFINITIONAL_REPRESENTATION('',(#7348),#7352);
#7348 = LINE('',#7349,#7350);
#7349 = CARTESIAN_POINT('',(0.,-0.64));
#7350 = VECTOR('',#7351,1.);
#7351 = DIRECTION('',(1.,0.));
#7352 = ( GEOMETRIC_REPRESENTATION_CONTEXT(2) 
PARAMETRIC_REPRESENTATION_CONTEXT() REPRESENTATION_CONTEXT('2D SPACE',''
  ) );
#7353 = PCURVE('',#7244,#7354);
#7354 = DEFINITIONAL_REPRESENTATION('',(#7355),#7359);
#7355 = LINE('',#7356,#7357);
#7356 = CARTESIAN_POINT('',(0.,0.64));
#7357 = VECTOR('',#7358,1.);
#7358 = DIRECTION('',(1.,0.));
#7359 = ( GEOMETRIC_REPRESENTATION_CONTEXT(2) 
PARAMETRIC_REPRESENTATION_CONTEXT() REPRESENTATION_CONTEXT('2D SPACE',''
  ) );
#7360 = ORIENTED_EDGE('',*,*,#7361,.F.);
#7361 = EDGE_CURVE('',#7288,#7339,#7362,.T.);
#7362 = SURFACE_CURVE('',#7363,(#7367,#7374),.PCURVE_S1.);
#7363 = LINE('',#7364,#7365);
#7364 = CARTESIAN_POINT('',(2.86,-20.64,9.95));
#7365 = VECTOR('',#7366,1.);
#7366 = DIRECTION('',(-0.,1.,0.));
#7367 = PCURVE('',#7296,#7368);
#7368 = DEFINITIONAL_REPRESENTATION('',(#7369),#7373);
#7369 = LINE('',#7370,#7371);
#7370 = CARTESIAN_POINT('',(12.79,0.));
#7371 = VECTOR('',#7372,1.);
#7372 = DIRECTION('',(0.,-1.));
#7373 = ( GEOMETRIC_REPRESENTATION_CONTEXT(2) 
PARAMETRIC_REPRESENTATION_CONTEXT() REPRESENTATION_CONTEXT('2D SPACE',''
  ) );
#7374 = PCURVE('',#7270,#7375);
#7375 = DEFINITIONAL_REPRESENTATION('',(#7376),#7380);
#7376 = LINE('',#7377,#7378);
#7377 = CARTESIAN_POINT('',(0.64,0.));
#7378 = VECTOR('',#7379,1.);
#7379 = DIRECTION('',(0.,1.));
#7380 = ( GEOMETRIC_REPRESENTATION_CONTEXT(2) 
PARAMETRIC_REPRESENTATION_CONTEXT() REPRESENTATION_CONTEXT('2D SPACE',''
  ) );
#7381 = ADVANCED_FACE('',(#7382),#7188,.F.);
#7382 = FACE_BOUND('',#7383,.F.);
#7383 = EDGE_LOOP('',(#7384,#7405,#7406,#7427));
#7384 = ORIENTED_EDGE('',*,*,#7385,.F.);
#7385 = EDGE_CURVE('',#7166,#7286,#7386,.T.);
#7386 = SURFACE_CURVE('',#7387,(#7391,#7398),.PCURVE_S1.);
#7387 = LINE('',#7388,#7389);
#7388 = CARTESIAN_POINT('',(2.22,-20.64,-2.84));
#7389 = VECTOR('',#7390,1.);
#7390 = DIRECTION('',(1.,0.,-0.));
#7391 = PCURVE('',#7188,#7392);
#7392 = DEFINITIONAL_REPRESENTATION('',(#7393),#7397);
#7393 = LINE('',#7394,#7395);
#7394 = CARTESIAN_POINT('',(0.,0.));
#7395 = VECTOR('',#7396,1.);
#7396 = DIRECTION('',(0.,1.));
#7397 = ( GEOMETRIC_REPRESENTATION_CONTEXT(2) 
PARAMETRIC_REPRESENTATION_CONTEXT() REPRESENTATION_CONTEXT('2D SPACE',''
  ) );
#7398 = PCURVE('',#7216,#7399);
#7399 = DEFINITIONAL_REPRESENTATION('',(#7400),#7404);
#7400 = LINE('',#7401,#7402);
#7401 = CARTESIAN_POINT('',(0.,0.));
#7402 = VECTOR('',#7403,1.);
#7403 = DIRECTION('',(1.,0.));
#7404 = ( GEOMETRIC_REPRESENTATION_CONTEXT(2) 
PARAMETRIC_REPRESENTATION_CONTEXT() REPRESENTATION_CONTEXT('2D SPACE',''
  ) );
#7405 = ORIENTED_EDGE('',*,*,#7165,.T.);
#7406 = ORIENTED_EDGE('',*,*,#7407,.T.);
#7407 = EDGE_CURVE('',#7168,#7288,#7408,.T.);
#7408 = SURFACE_CURVE('',#7409,(#7413,#7420),.PCURVE_S1.);
#7409 = LINE('',#7410,#7411);
#7410 = CARTESIAN_POINT('',(2.22,-20.64,9.95));
#7411 = VECTOR('',#7412,1.);
#7412 = DIRECTION('',(1.,0.,-0.));
#7413 = PCURVE('',#7188,#7414);
#7414 = DEFINITIONAL_REPRESENTATION('',(#7415),#7419);
#7415 = LINE('',#7416,#7417);
#7416 = CARTESIAN_POINT('',(12.79,0.));
#7417 = VECTOR('',#7418,1.);
#7418 = DIRECTION('',(0.,1.));
#7419 = ( GEOMETRIC_REPRESENTATION_CONTEXT(2) 
PARAMETRIC_REPRESENTATION_CONTEXT() REPRESENTATION_CONTEXT('2D SPACE',''
  ) );
#7420 = PCURVE('',#7270,#7421);
#7421 = DEFINITIONAL_REPRESENTATION('',(#7422),#7426);
#7422 = LINE('',#7423,#7424);
#7423 = CARTESIAN_POINT('',(0.,0.));
#7424 = VECTOR('',#7425,1.);
#7425 = DIRECTION('',(1.,0.));
#7426 = ( GEOMETRIC_REPRESENTATION_CONTEXT(2) 
PARAMETRIC_REPRESENTATION_CONTEXT() REPRESENTATION_CONTEXT('2D SPACE',''
  ) );
#7427 = ORIENTED_EDGE('',*,*,#7285,.F.);
#7428 = ADVANCED_FACE('',(#7429),#7244,.T.);
#7429 = FACE_BOUND('',#7430,.T.);
#7430 = EDGE_LOOP('',(#7431,#7452,#7453,#7474));
#7431 = ORIENTED_EDGE('',*,*,#7432,.F.);
#7432 = EDGE_CURVE('',#7201,#7316,#7433,.T.);
#7433 = SURFACE_CURVE('',#7434,(#7438,#7445),.PCURVE_S1.);
#7434 = LINE('',#7435,#7436);
#7435 = CARTESIAN_POINT('',(2.22,-20.,-2.84));
#7436 = VECTOR('',#7437,1.);
#7437 = DIRECTION('',(1.,0.,-0.));
#7438 = PCURVE('',#7244,#7439);
#7439 = DEFINITIONAL_REPRESENTATION('',(#7440),#7444);
#7440 = LINE('',#7441,#7442);
#7441 = CARTESIAN_POINT('',(0.,0.));
#7442 = VECTOR('',#7443,1.);
#7443 = DIRECTION('',(0.,1.));
#7444 = ( GEOMETRIC_REPRESENTATION_CONTEXT(2) 
PARAMETRIC_REPRESENTATION_CONTEXT() REPRESENTATION_CONTEXT('2D SPACE',''
  ) );
#7445 = PCURVE('',#7216,#7446);
#7446 = DEFINITIONAL_REPRESENTATION('',(#7447),#7451);
#7447 = LINE('',#7448,#7449);
#7448 = CARTESIAN_POINT('',(0.,0.64));
#7449 = VECTOR('',#7450,1.);
#7450 = DIRECTION('',(1.,0.));
#7451 = ( GEOMETRIC_REPRESENTATION_CONTEXT(2) 
PARAMETRIC_REPRESENTATION_CONTEXT() REPRESENTATION_CONTEXT('2D SPACE',''
  ) );
#7452 = ORIENTED_EDGE('',*,*,#7228,.T.);
#7453 = ORIENTED_EDGE('',*,*,#7454,.T.);
#7454 = EDGE_CURVE('',#7229,#7339,#7455,.T.);
#7455 = SURFACE_CURVE('',#7456,(#7460,#7467),.PCURVE_S1.);
#7456 = LINE('',#7457,#7458);
#7457 = CARTESIAN_POINT('',(2.22,-20.,9.95));
#7458 = VECTOR('',#7459,1.);
#7459 = DIRECTION('',(1.,0.,-0.));
#7460 = PCURVE('',#7244,#7461);
#7461 = DEFINITIONAL_REPRESENTATION('',(#7462),#7466);
#7462 = LINE('',#7463,#7464);
#7463 = CARTESIAN_POINT('',(12.79,0.));
#7464 = VECTOR('',#7465,1.);
#7465 = DIRECTION('',(0.,1.));
#7466 = ( GEOMETRIC_REPRESENTATION_CONTEXT(2) 
PARAMETRIC_REPRESENTATION_CONTEXT() REPRESENTATION_CONTEXT('2D SPACE',''
  ) );
#7467 = PCURVE('',#7270,#7468);
#7468 = DEFINITIONAL_REPRESENTATION('',(#7469),#7473);
#7469 = LINE('',#7470,#7471);
#7470 = CARTESIAN_POINT('',(0.,0.64));
#7471 = VECTOR('',#7472,1.);
#7472 = DIRECTION('',(1.,0.));
#7473 = ( GEOMETRIC_REPRESENTATION_CONTEXT(2) 
PARAMETRIC_REPRESENTATION_CONTEXT() REPRESENTATION_CONTEXT('2D SPACE',''
  ) );
#7474 = ORIENTED_EDGE('',*,*,#7338,.F.);
#7475 = ADVANCED_FACE('',(#7476),#7216,.F.);
#7476 = FACE_BOUND('',#7477,.F.);
#7477 = EDGE_LOOP('',(#7478,#7479,#7480,#7481));
#7478 = ORIENTED_EDGE('',*,*,#7200,.F.);
#7479 = ORIENTED_EDGE('',*,*,#7385,.T.);
#7480 = ORIENTED_EDGE('',*,*,#7315,.T.);
#7481 = ORIENTED_EDGE('',*,*,#7432,.F.);
#7482 = ADVANCED_FACE('',(#7483),#7270,.T.);
#7483 = FACE_BOUND('',#7484,.T.);
#7484 = EDGE_LOOP('',(#7485,#7486,#7487,#7488));
#7485 = ORIENTED_EDGE('',*,*,#7256,.F.);
#7486 = ORIENTED_EDGE('',*,*,#7407,.T.);
#7487 = ORIENTED_EDGE('',*,*,#7361,.T.);
#7488 = ORIENTED_EDGE('',*,*,#7454,.F.);
#7489 = ( GEOMETRIC_REPRESENTATION_CONTEXT(3) 
GLOBAL_UNCERTAINTY_ASSIGNED_CONTEXT((#7493)) 
GLOBAL_UNIT_ASSIGNED_CONTEXT((#7490,#7491,#7492)) REPRESENTATION_CONTEXT
('Context #1','3D Context with UNIT and UNCERTAINTY') );
#7490 = ( LENGTH_UNIT() NAMED_UNIT(*) SI_UNIT(.MILLI.,.METRE.) );
#7491 = ( NAMED_UNIT(*) PLANE_ANGLE_UNIT() SI_UNIT($,.RADIAN.) );
#7492 = ( NAMED_UNIT(*) SI_UNIT($,.STERADIAN.) SOLID_ANGLE_UNIT() );
#7493 = UNCERTAINTY_MEASURE_WITH_UNIT(LENGTH_MEASURE(1.E-07),#7490,
  'distance_accuracy_value','confusion accuracy');
#7494 = CONTEXT_DEPENDENT_SHAPE_REPRESENTATION(#7495,#7497);
#7495 = ( REPRESENTATION_RELATIONSHIP('','',#7158,#10) 
REPRESENTATION_RELATIONSHIP_WITH_TRANSFORMATION(#7496) 
SHAPE_REPRESENTATION_RELATIONSHIP() );
#7496 = ITEM_DEFINED_TRANSFORMATION('','',#11,#87);
#7497 = PRODUCT_DEFINITION_SHAPE('Placement','Placement of an item',
  #7498);
#7498 = NEXT_ASSEMBLY_USAGE_OCCURRENCE('313','','',#5,#7153,$);
#7499 = PRODUCT_RELATED_PRODUCT_CATEGORY('part',$,(#7155));
#7500 = SHAPE_DEFINITION_REPRESENTATION(#7501,#7507);
#7501 = PRODUCT_DEFINITION_SHAPE('','',#7502);
#7502 = PRODUCT_DEFINITION('design','',#7503,#7506);
#7503 = PRODUCT_DEFINITION_FORMATION('','',#7504);
#7504 = PRODUCT('Open CASCADE STEP translator 7.9 22.20',
  'Open CASCADE STEP translator 7.9 22.20','',(#7505));
#7505 = PRODUCT_CONTEXT('',#2,'mechanical');
#7506 = PRODUCT_DEFINITION_CONTEXT('part definition',#2,'design');
#7507 = ADVANCED_BREP_SHAPE_REPRESENTATION('',(#11,#7508),#7838);
#7508 = MANIFOLD_SOLID_BREP('',#7509);
#7509 = CLOSED_SHELL('',(#7510,#7630,#7730,#7777,#7824,#7831));
#7510 = ADVANCED_FACE('',(#7511),#7525,.F.);
#7511 = FACE_BOUND('',#7512,.F.);
#7512 = EDGE_LOOP('',(#7513,#7548,#7576,#7604));
#7513 = ORIENTED_EDGE('',*,*,#7514,.F.);
#7514 = EDGE_CURVE('',#7515,#7517,#7519,.T.);
#7515 = VERTEX_POINT('',#7516);
#7516 = CARTESIAN_POINT('',(-0.32,-23.18,-2.84));
#7517 = VERTEX_POINT('',#7518);
#7518 = CARTESIAN_POINT('',(-0.32,-23.18,9.95));
#7519 = SURFACE_CURVE('',#7520,(#7524,#7536),.PCURVE_S1.);
#7520 = LINE('',#7521,#7522);
#7521 = CARTESIAN_POINT('',(-0.32,-23.18,-2.84));
#7522 = VECTOR('',#7523,1.);
#7523 = DIRECTION('',(0.,0.,1.));
#7524 = PCURVE('',#7525,#7530);
#7525 = PLANE('',#7526);
#7526 = AXIS2_PLACEMENT_3D('',#7527,#7528,#7529);
#7527 = CARTESIAN_POINT('',(-0.32,-23.18,-2.84));
#7528 = DIRECTION('',(1.,0.,-0.));
#7529 = DIRECTION('',(0.,0.,1.));
#7530 = DEFINITIONAL_REPRESENTATION('',(#7531),#7535);
#7531 = LINE('',#7532,#7533);
#7532 = CARTESIAN_POINT('',(0.,0.));
#7533 = VECTOR('',#7534,1.);
#7534 = DIRECTION('',(1.,0.));
#7535 = ( GEOMETRIC_REPRESENTATION_CONTEXT(2) 
PARAMETRIC_REPRESENTATION_CONTEXT() REPRESENTATION_CONTEXT('2D SPACE',''
  ) );
#7536 = PCURVE('',#7537,#7542);
#7537 = PLANE('',#7538);
#7538 = AXIS2_PLACEMENT_3D('',#7539,#7540,#7541);
#7539 = CARTESIAN_POINT('',(-0.32,-23.18,-2.84));
#7540 = DIRECTION('',(-0.,1.,0.));
#7541 = DIRECTION('',(0.,0.,1.));
#7542 = DEFINITIONAL_REPRESENTATION('',(#7543),#7547);
#7543 = LINE('',#7544,#7545);
#7544 = CARTESIAN_POINT('',(0.,0.));
#7545 = VECTOR('',#7546,1.);
#7546 = DIRECTION('',(1.,0.));
#7547 = ( GEOMETRIC_REPRESENTATION_CONTEXT(2) 
PARAMETRIC_REPRESENTATION_CONTEXT() REPRESENTATION_CONTEXT('2D SPACE',''
  ) );
#7548 = ORIENTED_EDGE('',*,*,#7549,.T.);
#7549 = EDGE_CURVE('',#7515,#7550,#7552,.T.);
#7550 = VERTEX_POINT('',#7551);
#7551 = CARTESIAN_POINT('',(-0.32,-22.54,-2.84));
#7552 = SURFACE_CURVE('',#7553,(#7557,#7564),.PCURVE_S1.);
#7553 = LINE('',#7554,#7555);
#7554 = CARTESIAN_POINT('',(-0.32,-23.18,-2.84));
#7555 = VECTOR('',#7556,1.);
#7556 = DIRECTION('',(-0.,1.,0.));
#7557 = PCURVE('',#7525,#7558);
#7558 = DEFINITIONAL_REPRESENTATION('',(#7559),#7563);
#7559 = LINE('',#7560,#7561);
#7560 = CARTESIAN_POINT('',(0.,0.));
#7561 = VECTOR('',#7562,1.);
#7562 = DIRECTION('',(0.,-1.));
#7563 = ( GEOMETRIC_REPRESENTATION_CONTEXT(2) 
PARAMETRIC_REPRESENTATION_CONTEXT() REPRESENTATION_CONTEXT('2D SPACE',''
  ) );
#7564 = PCURVE('',#7565,#7570);
#7565 = PLANE('',#7566);
#7566 = AXIS2_PLACEMENT_3D('',#7567,#7568,#7569);
#7567 = CARTESIAN_POINT('',(-0.32,-23.18,-2.84));
#7568 = DIRECTION('',(0.,0.,1.));
#7569 = DIRECTION('',(1.,0.,-0.));
#7570 = DEFINITIONAL_REPRESENTATION('',(#7571),#7575);
#7571 = LINE('',#7572,#7573);
#7572 = CARTESIAN_POINT('',(0.,0.));
#7573 = VECTOR('',#7574,1.);
#7574 = DIRECTION('',(0.,1.));
#7575 = ( GEOMETRIC_REPRESENTATION_CONTEXT(2) 
PARAMETRIC_REPRESENTATION_CONTEXT() REPRESENTATION_CONTEXT('2D SPACE',''
  ) );
#7576 = ORIENTED_EDGE('',*,*,#7577,.T.);
#7577 = EDGE_CURVE('',#7550,#7578,#7580,.T.);
#7578 = VERTEX_POINT('',#7579);
#7579 = CARTESIAN_POINT('',(-0.32,-22.54,9.95));
#7580 = SURFACE_CURVE('',#7581,(#7585,#7592),.PCURVE_S1.);
#7581 = LINE('',#7582,#7583);
#7582 = CARTESIAN_POINT('',(-0.32,-22.54,-2.84));
#7583 = VECTOR('',#7584,1.);
#7584 = DIRECTION('',(0.,0.,1.));
#7585 = PCURVE('',#7525,#7586);
#7586 = DEFINITIONAL_REPRESENTATION('',(#7587),#7591);
#7587 = LINE('',#7588,#7589);
#7588 = CARTESIAN_POINT('',(0.,-0.64));
#7589 = VECTOR('',#7590,1.);
#7590 = DIRECTION('',(1.,0.));
#7591 = ( GEOMETRIC_REPRESENTATION_CONTEXT(2) 
PARAMETRIC_REPRESENTATION_CONTEXT() REPRESENTATION_CONTEXT('2D SPACE',''
  ) );
#7592 = PCURVE('',#7593,#7598);
#7593 = PLANE('',#7594);
#7594 = AXIS2_PLACEMENT_3D('',#7595,#7596,#7597);
#7595 = CARTESIAN_POINT('',(-0.32,-22.54,-2.84));
#7596 = DIRECTION('',(-0.,1.,0.));
#7597 = DIRECTION('',(0.,0.,1.));
#7598 = DEFINITIONAL_REPRESENTATION('',(#7599),#7603);
#7599 = LINE('',#7600,#7601);
#7600 = CARTESIAN_POINT('',(0.,0.));
#7601 = VECTOR('',#7602,1.);
#7602 = DIRECTION('',(1.,0.));
#7603 = ( GEOMETRIC_REPRESENTATION_CONTEXT(2) 
PARAMETRIC_REPRESENTATION_CONTEXT() REPRESENTATION_CONTEXT('2D SPACE',''
  ) );
#7604 = ORIENTED_EDGE('',*,*,#7605,.F.);
#7605 = EDGE_CURVE('',#7517,#7578,#7606,.T.);
#7606 = SURFACE_CURVE('',#7607,(#7611,#7618),.PCURVE_S1.);
#7607 = LINE('',#7608,#7609);
#7608 = CARTESIAN_POINT('',(-0.32,-23.18,9.95));
#7609 = VECTOR('',#7610,1.);
#7610 = DIRECTION('',(-0.,1.,0.));
#7611 = PCURVE('',#7525,#7612);
#7612 = DEFINITIONAL_REPRESENTATION('',(#7613),#7617);
#7613 = LINE('',#7614,#7615);
#7614 = CARTESIAN_POINT('',(12.79,0.));
#7615 = VECTOR('',#7616,1.);
#7616 = DIRECTION('',(0.,-1.));
#7617 = ( GEOMETRIC_REPRESENTATION_CONTEXT(2) 
PARAMETRIC_REPRESENTATION_CONTEXT() REPRESENTATION_CONTEXT('2D SPACE',''
  ) );
#7618 = PCURVE('',#7619,#7624);
#7619 = PLANE('',#7620);
#7620 = AXIS2_PLACEMENT_3D('',#7621,#7622,#7623);
#7621 = CARTESIAN_POINT('',(-0.32,-23.18,9.95));
#7622 = DIRECTION('',(0.,0.,1.));
#7623 = DIRECTION('',(1.,0.,-0.));
#7624 = DEFINITIONAL_REPRESENTATION('',(#7625),#7629);
#7625 = LINE('',#7626,#7627);
#7626 = CARTESIAN_POINT('',(0.,0.));
#7627 = VECTOR('',#7628,1.);
#7628 = DIRECTION('',(0.,1.));
#7629 = ( GEOMETRIC_REPRESENTATION_CONTEXT(2) 
PARAMETRIC_REPRESENTATION_CONTEXT() REPRESENTATION_CONTEXT('2D SPACE',''
  ) );
#7630 = ADVANCED_FACE('',(#7631),#7645,.T.);
#7631 = FACE_BOUND('',#7632,.T.);
#7632 = EDGE_LOOP('',(#7633,#7663,#7686,#7709));
#7633 = ORIENTED_EDGE('',*,*,#7634,.F.);
#7634 = EDGE_CURVE('',#7635,#7637,#7639,.T.);
#7635 = VERTEX_POINT('',#7636);
#7636 = CARTESIAN_POINT('',(0.32,-23.18,-2.84));
#7637 = VERTEX_POINT('',#7638);
#7638 = CARTESIAN_POINT('',(0.32,-23.18,9.95));
#7639 = SURFACE_CURVE('',#7640,(#7644,#7656),.PCURVE_S1.);
#7640 = LINE('',#7641,#7642);
#7641 = CARTESIAN_POINT('',(0.32,-23.18,-2.84));
#7642 = VECTOR('',#7643,1.);
#7643 = DIRECTION('',(0.,0.,1.));
#7644 = PCURVE('',#7645,#7650);
#7645 = PLANE('',#7646);
#7646 = AXIS2_PLACEMENT_3D('',#7647,#7648,#7649);
#7647 = CARTESIAN_POINT('',(0.32,-23.18,-2.84));
#7648 = DIRECTION('',(1.,0.,-0.));
#7649 = DIRECTION('',(0.,0.,1.));
#7650 = DEFINITIONAL_REPRESENTATION('',(#7651),#7655);
#7651 = LINE('',#7652,#7653);
#7652 = CARTESIAN_POINT('',(0.,0.));
#7653 = VECTOR('',#7654,1.);
#7654 = DIRECTION('',(1.,0.));
#7655 = ( GEOMETRIC_REPRESENTATION_CONTEXT(2) 
PARAMETRIC_REPRESENTATION_CONTEXT() REPRESENTATION_CONTEXT('2D SPACE',''
  ) );
#7656 = PCURVE('',#7537,#7657);
#7657 = DEFINITIONAL_REPRESENTATION('',(#7658),#7662);
#7658 = LINE('',#7659,#7660);
#7659 = CARTESIAN_POINT('',(0.,0.64));
#7660 = VECTOR('',#7661,1.);
#7661 = DIRECTION('',(1.,0.));
#7662 = ( GEOMETRIC_REPRESENTATION_CONTEXT(2) 
PARAMETRIC_REPRESENTATION_CONTEXT() REPRESENTATION_CONTEXT('2D SPACE',''
  ) );
#7663 = ORIENTED_EDGE('',*,*,#7664,.T.);
#7664 = EDGE_CURVE('',#7635,#7665,#7667,.T.);
#7665 = VERTEX_POINT('',#7666);
#7666 = CARTESIAN_POINT('',(0.32,-22.54,-2.84));
#7667 = SURFACE_CURVE('',#7668,(#7672,#7679),.PCURVE_S1.);
#7668 = LINE('',#7669,#7670);
#7669 = CARTESIAN_POINT('',(0.32,-23.18,-2.84));
#7670 = VECTOR('',#7671,1.);
#7671 = DIRECTION('',(-0.,1.,0.));
#7672 = PCURVE('',#7645,#7673);
#7673 = DEFINITIONAL_REPRESENTATION('',(#7674),#7678);
#7674 = LINE('',#7675,#7676);
#7675 = CARTESIAN_POINT('',(0.,0.));
#7676 = VECTOR('',#7677,1.);
#7677 = DIRECTION('',(0.,-1.));
#7678 = ( GEOMETRIC_REPRESENTATION_CONTEXT(2) 
PARAMETRIC_REPRESENTATION_CONTEXT() REPRESENTATION_CONTEXT('2D SPACE',''
  ) );
#7679 = PCURVE('',#7565,#7680);
#7680 = DEFINITIONAL_REPRESENTATION('',(#7681),#7685);
#7681 = LINE('',#7682,#7683);
#7682 = CARTESIAN_POINT('',(0.64,0.));
#7683 = VECTOR('',#7684,1.);
#7684 = DIRECTION('',(0.,1.));
#7685 = ( GEOMETRIC_REPRESENTATION_CONTEXT(2) 
PARAMETRIC_REPRESENTATION_CONTEXT() REPRESENTATION_CONTEXT('2D SPACE',''
  ) );
#7686 = ORIENTED_EDGE('',*,*,#7687,.T.);
#7687 = EDGE_CURVE('',#7665,#7688,#7690,.T.);
#7688 = VERTEX_POINT('',#7689);
#7689 = CARTESIAN_POINT('',(0.32,-22.54,9.95));
#7690 = SURFACE_CURVE('',#7691,(#7695,#7702),.PCURVE_S1.);
#7691 = LINE('',#7692,#7693);
#7692 = CARTESIAN_POINT('',(0.32,-22.54,-2.84));
#7693 = VECTOR('',#7694,1.);
#7694 = DIRECTION('',(0.,0.,1.));
#7695 = PCURVE('',#7645,#7696);
#7696 = DEFINITIONAL_REPRESENTATION('',(#7697),#7701);
#7697 = LINE('',#7698,#7699);
#7698 = CARTESIAN_POINT('',(0.,-0.64));
#7699 = VECTOR('',#7700,1.);
#7700 = DIRECTION('',(1.,0.));
#7701 = ( GEOMETRIC_REPRESENTATION_CONTEXT(2) 
PARAMETRIC_REPRESENTATION_CONTEXT() REPRESENTATION_CONTEXT('2D SPACE',''
  ) );
#7702 = PCURVE('',#7593,#7703);
#7703 = DEFINITIONAL_REPRESENTATION('',(#7704),#7708);
#7704 = LINE('',#7705,#7706);
#7705 = CARTESIAN_POINT('',(0.,0.64));
#7706 = VECTOR('',#7707,1.);
#7707 = DIRECTION('',(1.,0.));
#7708 = ( GEOMETRIC_REPRESENTATION_CONTEXT(2) 
PARAMETRIC_REPRESENTATION_CONTEXT() REPRESENTATION_CONTEXT('2D SPACE',''
  ) );
#7709 = ORIENTED_EDGE('',*,*,#7710,.F.);
#7710 = EDGE_CURVE('',#7637,#7688,#7711,.T.);
#7711 = SURFACE_CURVE('',#7712,(#7716,#7723),.PCURVE_S1.);
#7712 = LINE('',#7713,#7714);
#7713 = CARTESIAN_POINT('',(0.32,-23.18,9.95));
#7714 = VECTOR('',#7715,1.);
#7715 = DIRECTION('',(-0.,1.,0.));
#7716 = PCURVE('',#7645,#7717);
#7717 = DEFINITIONAL_REPRESENTATION('',(#7718),#7722);
#7718 = LINE('',#7719,#7720);
#7719 = CARTESIAN_POINT('',(12.79,0.));
#7720 = VECTOR('',#7721,1.);
#7721 = DIRECTION('',(0.,-1.));
#7722 = ( GEOMETRIC_REPRESENTATION_CONTEXT(2) 
PARAMETRIC_REPRESENTATION_CONTEXT() REPRESENTATION_CONTEXT('2D SPACE',''
  ) );
#7723 = PCURVE('',#7619,#7724);
#7724 = DEFINITIONAL_REPRESENTATION('',(#7725),#7729);
#7725 = LINE('',#7726,#7727);
#7726 = CARTESIAN_POINT('',(0.64,0.));
#7727 = VECTOR('',#7728,1.);
#7728 = DIRECTION('',(0.,1.));
#7729 = ( GEOMETRIC_REPRESENTATION_CONTEXT(2) 
PARAMETRIC_REPRESENTATION_CONTEXT() REPRESENTATION_CONTEXT('2D SPACE',''
  ) );
#7730 = ADVANCED_FACE('',(#7731),#7537,.F.);
#7731 = FACE_BOUND('',#7732,.F.);
#7732 = EDGE_LOOP('',(#7733,#7754,#7755,#7776));
#7733 = ORIENTED_EDGE('',*,*,#7734,.F.);
#7734 = EDGE_CURVE('',#7515,#7635,#7735,.T.);
#7735 = SURFACE_CURVE('',#7736,(#7740,#7747),.PCURVE_S1.);
#7736 = LINE('',#7737,#7738);
#7737 = CARTESIAN_POINT('',(-0.32,-23.18,-2.84));
#7738 = VECTOR('',#7739,1.);
#7739 = DIRECTION('',(1.,0.,-0.));
#7740 = PCURVE('',#7537,#7741);
#7741 = DEFINITIONAL_REPRESENTATION('',(#7742),#7746);
#7742 = LINE('',#7743,#7744);
#7743 = CARTESIAN_POINT('',(0.,0.));
#7744 = VECTOR('',#7745,1.);
#7745 = DIRECTION('',(0.,1.));
#7746 = ( GEOMETRIC_REPRESENTATION_CONTEXT(2) 
PARAMETRIC_REPRESENTATION_CONTEXT() REPRESENTATION_CONTEXT('2D SPACE',''
  ) );
#7747 = PCURVE('',#7565,#7748);
#7748 = DEFINITIONAL_REPRESENTATION('',(#7749),#7753);
#7749 = LINE('',#7750,#7751);
#7750 = CARTESIAN_POINT('',(0.,0.));
#7751 = VECTOR('',#7752,1.);
#7752 = DIRECTION('',(1.,0.));
#7753 = ( GEOMETRIC_REPRESENTATION_CONTEXT(2) 
PARAMETRIC_REPRESENTATION_CONTEXT() REPRESENTATION_CONTEXT('2D SPACE',''
  ) );
#7754 = ORIENTED_EDGE('',*,*,#7514,.T.);
#7755 = ORIENTED_EDGE('',*,*,#7756,.T.);
#7756 = EDGE_CURVE('',#7517,#7637,#7757,.T.);
#7757 = SURFACE_CURVE('',#7758,(#7762,#7769),.PCURVE_S1.);
#7758 = LINE('',#7759,#7760);
#7759 = CARTESIAN_POINT('',(-0.32,-23.18,9.95));
#7760 = VECTOR('',#7761,1.);
#7761 = DIRECTION('',(1.,0.,-0.));
#7762 = PCURVE('',#7537,#7763);
#7763 = DEFINITIONAL_REPRESENTATION('',(#7764),#7768);
#7764 = LINE('',#7765,#7766);
#7765 = CARTESIAN_POINT('',(12.79,0.));
#7766 = VECTOR('',#7767,1.);
#7767 = DIRECTION('',(0.,1.));
#7768 = ( GEOMETRIC_REPRESENTATION_CONTEXT(2) 
PARAMETRIC_REPRESENTATION_CONTEXT() REPRESENTATION_CONTEXT('2D SPACE',''
  ) );
#7769 = PCURVE('',#7619,#7770);
#7770 = DEFINITIONAL_REPRESENTATION('',(#7771),#7775);
#7771 = LINE('',#7772,#7773);
#7772 = CARTESIAN_POINT('',(0.,0.));
#7773 = VECTOR('',#7774,1.);
#7774 = DIRECTION('',(1.,0.));
#7775 = ( GEOMETRIC_REPRESENTATION_CONTEXT(2) 
PARAMETRIC_REPRESENTATION_CONTEXT() REPRESENTATION_CONTEXT('2D SPACE',''
  ) );
#7776 = ORIENTED_EDGE('',*,*,#7634,.F.);
#7777 = ADVANCED_FACE('',(#7778),#7593,.T.);
#7778 = FACE_BOUND('',#7779,.T.);
#7779 = EDGE_LOOP('',(#7780,#7801,#7802,#7823));
#7780 = ORIENTED_EDGE('',*,*,#7781,.F.);
#7781 = EDGE_CURVE('',#7550,#7665,#7782,.T.);
#7782 = SURFACE_CURVE('',#7783,(#7787,#7794),.PCURVE_S1.);
#7783 = LINE('',#7784,#7785);
#7784 = CARTESIAN_POINT('',(-0.32,-22.54,-2.84));
#7785 = VECTOR('',#7786,1.);
#7786 = DIRECTION('',(1.,0.,-0.));
#7787 = PCURVE('',#7593,#7788);
#7788 = DEFINITIONAL_REPRESENTATION('',(#7789),#7793);
#7789 = LINE('',#7790,#7791);
#7790 = CARTESIAN_POINT('',(0.,0.));
#7791 = VECTOR('',#7792,1.);
#7792 = DIRECTION('',(0.,1.));
#7793 = ( GEOMETRIC_REPRESENTATION_CONTEXT(2) 
PARAMETRIC_REPRESENTATION_CONTEXT() REPRESENTATION_CONTEXT('2D SPACE',''
  ) );
#7794 = PCURVE('',#7565,#7795);
#7795 = DEFINITIONAL_REPRESENTATION('',(#7796),#7800);
#7796 = LINE('',#7797,#7798);
#7797 = CARTESIAN_POINT('',(0.,0.64));
#7798 = VECTOR('',#7799,1.);
#7799 = DIRECTION('',(1.,0.));
#7800 = ( GEOMETRIC_REPRESENTATION_CONTEXT(2) 
PARAMETRIC_REPRESENTATION_CONTEXT() REPRESENTATION_CONTEXT('2D SPACE',''
  ) );
#7801 = ORIENTED_EDGE('',*,*,#7577,.T.);
#7802 = ORIENTED_EDGE('',*,*,#7803,.T.);
#7803 = EDGE_CURVE('',#7578,#7688,#7804,.T.);
#7804 = SURFACE_CURVE('',#7805,(#7809,#7816),.PCURVE_S1.);
#7805 = LINE('',#7806,#7807);
#7806 = CARTESIAN_POINT('',(-0.32,-22.54,9.95));
#7807 = VECTOR('',#7808,1.);
#7808 = DIRECTION('',(1.,0.,-0.));
#7809 = PCURVE('',#7593,#7810);
#7810 = DEFINITIONAL_REPRESENTATION('',(#7811),#7815);
#7811 = LINE('',#7812,#7813);
#7812 = CARTESIAN_POINT('',(12.79,0.));
#7813 = VECTOR('',#7814,1.);
#7814 = DIRECTION('',(0.,1.));
#7815 = ( GEOMETRIC_REPRESENTATION_CONTEXT(2) 
PARAMETRIC_REPRESENTATION_CONTEXT() REPRESENTATION_CONTEXT('2D SPACE',''
  ) );
#7816 = PCURVE('',#7619,#7817);
#7817 = DEFINITIONAL_REPRESENTATION('',(#7818),#7822);
#7818 = LINE('',#7819,#7820);
#7819 = CARTESIAN_POINT('',(0.,0.64));
#7820 = VECTOR('',#7821,1.);
#7821 = DIRECTION('',(1.,0.));
#7822 = ( GEOMETRIC_REPRESENTATION_CONTEXT(2) 
PARAMETRIC_REPRESENTATION_CONTEXT() REPRESENTATION_CONTEXT('2D SPACE',''
  ) );
#7823 = ORIENTED_EDGE('',*,*,#7687,.F.);
#7824 = ADVANCED_FACE('',(#7825),#7565,.F.);
#7825 = FACE_BOUND('',#7826,.F.);
#7826 = EDGE_LOOP('',(#7827,#7828,#7829,#7830));
#7827 = ORIENTED_EDGE('',*,*,#7549,.F.);
#7828 = ORIENTED_EDGE('',*,*,#7734,.T.);
#7829 = ORIENTED_EDGE('',*,*,#7664,.T.);
#7830 = ORIENTED_EDGE('',*,*,#7781,.F.);
#7831 = ADVANCED_FACE('',(#7832),#7619,.T.);
#7832 = FACE_BOUND('',#7833,.T.);
#7833 = EDGE_LOOP('',(#7834,#7835,#7836,#7837));
#7834 = ORIENTED_EDGE('',*,*,#7605,.F.);
#7835 = ORIENTED_EDGE('',*,*,#7756,.T.);
#7836 = ORIENTED_EDGE('',*,*,#7710,.T.);
#7837 = ORIENTED_EDGE('',*,*,#7803,.F.);
#7838 = ( GEOMETRIC_REPRESENTATION_CONTEXT(3) 
GLOBAL_UNCERTAINTY_ASSIGNED_CONTEXT((#7842)) 
GLOBAL_UNIT_ASSIGNED_CONTEXT((#7839,#7840,#7841)) REPRESENTATION_CONTEXT
('Context #1','3D Context with UNIT and UNCERTAINTY') );
#7839 = ( LENGTH_UNIT() NAMED_UNIT(*) SI_UNIT(.MILLI.,.METRE.) );
#7840 = ( NAMED_UNIT(*) PLANE_ANGLE_UNIT() SI_UNIT($,.RADIAN.) );
#7841 = ( NAMED_UNIT(*) SI_UNIT($,.STERADIAN.) SOLID_ANGLE_UNIT() );
#7842 = UNCERTAINTY_MEASURE_WITH_UNIT(LENGTH_MEASURE(1.E-07),#7839,
  'distance_accuracy_value','confusion accuracy');
#7843 = CONTEXT_DEPENDENT_SHAPE_REPRESENTATION(#7844,#7846);
#7844 = ( REPRESENTATION_RELATIONSHIP('','',#7507,#10) 
REPRESENTATION_RELATIONSHIP_WITH_TRANSFORMATION(#7845) 
SHAPE_REPRESENTATION_RELATIONSHIP() );
#7845 = ITEM_DEFINED_TRANSFORMATION('','',#11,#91);
#7846 = PRODUCT_DEFINITION_SHAPE('Placement','Placement of an item',
  #7847);
#7847 = NEXT_ASSEMBLY_USAGE_OCCURRENCE('314','','',#5,#7502,$);
#7848 = PRODUCT_RELATED_PRODUCT_CATEGORY('part',$,(#7504));
#7849 = SHAPE_DEFINITION_REPRESENTATION(#7850,#7856);
#7850 = PRODUCT_DEFINITION_SHAPE('','',#7851);
#7851 = PRODUCT_DEFINITION('design','',#7852,#7855);
#7852 = PRODUCT_DEFINITION_FORMATION('','',#7853);
#7853 = PRODUCT('Open CASCADE STEP translator 7.9 22.21',
  'Open CASCADE STEP translator 7.9 22.21','',(#7854));
#7854 = PRODUCT_CONTEXT('',#2,'mechanical');
#7855 = PRODUCT_DEFINITION_CONTEXT('part definition',#2,'design');
#7856 = ADVANCED_BREP_SHAPE_REPRESENTATION('',(#11,#7857),#8187);
#7857 = MANIFOLD_SOLID_BREP('',#7858);
#7858 = CLOSED_SHELL('',(#7859,#7979,#8079,#8126,#8173,#8180));
#7859 = ADVANCED_FACE('',(#7860),#7874,.F.);
#7860 = FACE_BOUND('',#7861,.F.);
#7861 = EDGE_LOOP('',(#7862,#7897,#7925,#7953));
#7862 = ORIENTED_EDGE('',*,*,#7863,.F.);
#7863 = EDGE_CURVE('',#7864,#7866,#7868,.T.);
#7864 = VERTEX_POINT('',#7865);
#7865 = CARTESIAN_POINT('',(2.22,-23.18,-2.84));
#7866 = VERTEX_POINT('',#7867);
#7867 = CARTESIAN_POINT('',(2.22,-23.18,9.95));
#7868 = SURFACE_CURVE('',#7869,(#7873,#7885),.PCURVE_S1.);
#7869 = LINE('',#7870,#7871);
#7870 = CARTESIAN_POINT('',(2.22,-23.18,-2.84));
#7871 = VECTOR('',#7872,1.);
#7872 = DIRECTION('',(0.,0.,1.));
#7873 = PCURVE('',#7874,#7879);
#7874 = PLANE('',#7875);
#7875 = AXIS2_PLACEMENT_3D('',#7876,#7877,#7878);
#7876 = CARTESIAN_POINT('',(2.22,-23.18,-2.84));
#7877 = DIRECTION('',(1.,0.,-0.));
#7878 = DIRECTION('',(0.,0.,1.));
#7879 = DEFINITIONAL_REPRESENTATION('',(#7880),#7884);
#7880 = LINE('',#7881,#7882);
#7881 = CARTESIAN_POINT('',(0.,0.));
#7882 = VECTOR('',#7883,1.);
#7883 = DIRECTION('',(1.,0.));
#7884 = ( GEOMETRIC_REPRESENTATION_CONTEXT(2) 
PARAMETRIC_REPRESENTATION_CONTEXT() REPRESENTATION_CONTEXT('2D SPACE',''
  ) );
#7885 = PCURVE('',#7886,#7891);
#7886 = PLANE('',#7887);
#7887 = AXIS2_PLACEMENT_3D('',#7888,#7889,#7890);
#7888 = CARTESIAN_POINT('',(2.22,-23.18,-2.84));
#7889 = DIRECTION('',(-0.,1.,0.));
#7890 = DIRECTION('',(0.,0.,1.));
#7891 = DEFINITIONAL_REPRESENTATION('',(#7892),#7896);
#7892 = LINE('',#7893,#7894);
#7893 = CARTESIAN_POINT('',(0.,0.));
#7894 = VECTOR('',#7895,1.);
#7895 = DIRECTION('',(1.,0.));
#7896 = ( GEOMETRIC_REPRESENTATION_CONTEXT(2) 
PARAMETRIC_REPRESENTATION_CONTEXT() REPRESENTATION_CONTEXT('2D SPACE',''
  ) );
#7897 = ORIENTED_EDGE('',*,*,#7898,.T.);
#7898 = EDGE_CURVE('',#7864,#7899,#7901,.T.);
#7899 = VERTEX_POINT('',#7900);
#7900 = CARTESIAN_POINT('',(2.22,-22.54,-2.84));
#7901 = SURFACE_CURVE('',#7902,(#7906,#7913),.PCURVE_S1.);
#7902 = LINE('',#7903,#7904);
#7903 = CARTESIAN_POINT('',(2.22,-23.18,-2.84));
#7904 = VECTOR('',#7905,1.);
#7905 = DIRECTION('',(-0.,1.,0.));
#7906 = PCURVE('',#7874,#7907);
#7907 = DEFINITIONAL_REPRESENTATION('',(#7908),#7912);
#7908 = LINE('',#7909,#7910);
#7909 = CARTESIAN_POINT('',(0.,0.));
#7910 = VECTOR('',#7911,1.);
#7911 = DIRECTION('',(0.,-1.));
#7912 = ( GEOMETRIC_REPRESENTATION_CONTEXT(2) 
PARAMETRIC_REPRESENTATION_CONTEXT() REPRESENTATION_CONTEXT('2D SPACE',''
  ) );
#7913 = PCURVE('',#7914,#7919);
#7914 = PLANE('',#7915);
#7915 = AXIS2_PLACEMENT_3D('',#7916,#7917,#7918);
#7916 = CARTESIAN_POINT('',(2.22,-23.18,-2.84));
#7917 = DIRECTION('',(0.,0.,1.));
#7918 = DIRECTION('',(1.,0.,-0.));
#7919 = DEFINITIONAL_REPRESENTATION('',(#7920),#7924);
#7920 = LINE('',#7921,#7922);
#7921 = CARTESIAN_POINT('',(0.,0.));
#7922 = VECTOR('',#7923,1.);
#7923 = DIRECTION('',(0.,1.));
#7924 = ( GEOMETRIC_REPRESENTATION_CONTEXT(2) 
PARAMETRIC_REPRESENTATION_CONTEXT() REPRESENTATION_CONTEXT('2D SPACE',''
  ) );
#7925 = ORIENTED_EDGE('',*,*,#7926,.T.);
#7926 = EDGE_CURVE('',#7899,#7927,#7929,.T.);
#7927 = VERTEX_POINT('',#7928);
#7928 = CARTESIAN_POINT('',(2.22,-22.54,9.95));
#7929 = SURFACE_CURVE('',#7930,(#7934,#7941),.PCURVE_S1.);
#7930 = LINE('',#7931,#7932);
#7931 = CARTESIAN_POINT('',(2.22,-22.54,-2.84));
#7932 = VECTOR('',#7933,1.);
#7933 = DIRECTION('',(0.,0.,1.));
#7934 = PCURVE('',#7874,#7935);
#7935 = DEFINITIONAL_REPRESENTATION('',(#7936),#7940);
#7936 = LINE('',#7937,#7938);
#7937 = CARTESIAN_POINT('',(0.,-0.64));
#7938 = VECTOR('',#7939,1.);
#7939 = DIRECTION('',(1.,0.));
#7940 = ( GEOMETRIC_REPRESENTATION_CONTEXT(2) 
PARAMETRIC_REPRESENTATION_CONTEXT() REPRESENTATION_CONTEXT('2D SPACE',''
  ) );
#7941 = PCURVE('',#7942,#7947);
#7942 = PLANE('',#7943);
#7943 = AXIS2_PLACEMENT_3D('',#7944,#7945,#7946);
#7944 = CARTESIAN_POINT('',(2.22,-22.54,-2.84));
#7945 = DIRECTION('',(-0.,1.,0.));
#7946 = DIRECTION('',(0.,0.,1.));
#7947 = DEFINITIONAL_REPRESENTATION('',(#7948),#7952);
#7948 = LINE('',#7949,#7950);
#7949 = CARTESIAN_POINT('',(0.,0.));
#7950 = VECTOR('',#7951,1.);
#7951 = DIRECTION('',(1.,0.));
#7952 = ( GEOMETRIC_REPRESENTATION_CONTEXT(2) 
PARAMETRIC_REPRESENTATION_CONTEXT() REPRESENTATION_CONTEXT('2D SPACE',''
  ) );
#7953 = ORIENTED_EDGE('',*,*,#7954,.F.);
#7954 = EDGE_CURVE('',#7866,#7927,#7955,.T.);
#7955 = SURFACE_CURVE('',#7956,(#7960,#7967),.PCURVE_S1.);
#7956 = LINE('',#7957,#7958);
#7957 = CARTESIAN_POINT('',(2.22,-23.18,9.95));
#7958 = VECTOR('',#7959,1.);
#7959 = DIRECTION('',(-0.,1.,0.));
#7960 = PCURVE('',#7874,#7961);
#7961 = DEFINITIONAL_REPRESENTATION('',(#7962),#7966);
#7962 = LINE('',#7963,#7964);
#7963 = CARTESIAN_POINT('',(12.79,0.));
#7964 = VECTOR('',#7965,1.);
#7965 = DIRECTION('',(0.,-1.));
#7966 = ( GEOMETRIC_REPRESENTATION_CONTEXT(2) 
PARAMETRIC_REPRESENTATION_CONTEXT() REPRESENTATION_CONTEXT('2D SPACE',''
  ) );
#7967 = PCURVE('',#7968,#7973);
#7968 = PLANE('',#7969);
#7969 = AXIS2_PLACEMENT_3D('',#7970,#7971,#7972);
#7970 = CARTESIAN_POINT('',(2.22,-23.18,9.95));
#7971 = DIRECTION('',(0.,0.,1.));
#7972 = DIRECTION('',(1.,0.,-0.));
#7973 = DEFINITIONAL_REPRESENTATION('',(#7974),#7978);
#7974 = LINE('',#7975,#7976);
#7975 = CARTESIAN_POINT('',(0.,0.));
#7976 = VECTOR('',#7977,1.);
#7977 = DIRECTION('',(0.,1.));
#7978 = ( GEOMETRIC_REPRESENTATION_CONTEXT(2) 
PARAMETRIC_REPRESENTATION_CONTEXT() REPRESENTATION_CONTEXT('2D SPACE',''
  ) );
#7979 = ADVANCED_FACE('',(#7980),#7994,.T.);
#7980 = FACE_BOUND('',#7981,.T.);
#7981 = EDGE_LOOP('',(#7982,#8012,#8035,#8058));
#7982 = ORIENTED_EDGE('',*,*,#7983,.F.);
#7983 = EDGE_CURVE('',#7984,#7986,#7988,.T.);
#7984 = VERTEX_POINT('',#7985);
#7985 = CARTESIAN_POINT('',(2.86,-23.18,-2.84));
#7986 = VERTEX_POINT('',#7987);
#7987 = CARTESIAN_POINT('',(2.86,-23.18,9.95));
#7988 = SURFACE_CURVE('',#7989,(#7993,#8005),.PCURVE_S1.);
#7989 = LINE('',#7990,#7991);
#7990 = CARTESIAN_POINT('',(2.86,-23.18,-2.84));
#7991 = VECTOR('',#7992,1.);
#7992 = DIRECTION('',(0.,0.,1.));
#7993 = PCURVE('',#7994,#7999);
#7994 = PLANE('',#7995);
#7995 = AXIS2_PLACEMENT_3D('',#7996,#7997,#7998);
#7996 = CARTESIAN_POINT('',(2.86,-23.18,-2.84));
#7997 = DIRECTION('',(1.,0.,-0.));
#7998 = DIRECTION('',(0.,0.,1.));
#7999 = DEFINITIONAL_REPRESENTATION('',(#8000),#8004);
#8000 = LINE('',#8001,#8002);
#8001 = CARTESIAN_POINT('',(0.,0.));
#8002 = VECTOR('',#8003,1.);
#8003 = DIRECTION('',(1.,0.));
#8004 = ( GEOMETRIC_REPRESENTATION_CONTEXT(2) 
PARAMETRIC_REPRESENTATION_CONTEXT() REPRESENTATION_CONTEXT('2D SPACE',''
  ) );
#8005 = PCURVE('',#7886,#8006);
#8006 = DEFINITIONAL_REPRESENTATION('',(#8007),#8011);
#8007 = LINE('',#8008,#8009);
#8008 = CARTESIAN_POINT('',(0.,0.64));
#8009 = VECTOR('',#8010,1.);
#8010 = DIRECTION('',(1.,0.));
#8011 = ( GEOMETRIC_REPRESENTATION_CONTEXT(2) 
PARAMETRIC_REPRESENTATION_CONTEXT() REPRESENTATION_CONTEXT('2D SPACE',''
  ) );
#8012 = ORIENTED_EDGE('',*,*,#8013,.T.);
#8013 = EDGE_CURVE('',#7984,#8014,#8016,.T.);
#8014 = VERTEX_POINT('',#8015);
#8015 = CARTESIAN_POINT('',(2.86,-22.54,-2.84));
#8016 = SURFACE_CURVE('',#8017,(#8021,#8028),.PCURVE_S1.);
#8017 = LINE('',#8018,#8019);
#8018 = CARTESIAN_POINT('',(2.86,-23.18,-2.84));
#8019 = VECTOR('',#8020,1.);
#8020 = DIRECTION('',(-0.,1.,0.));
#8021 = PCURVE('',#7994,#8022);
#8022 = DEFINITIONAL_REPRESENTATION('',(#8023),#8027);
#8023 = LINE('',#8024,#8025);
#8024 = CARTESIAN_POINT('',(0.,0.));
#8025 = VECTOR('',#8026,1.);
#8026 = DIRECTION('',(0.,-1.));
#8027 = ( GEOMETRIC_REPRESENTATION_CONTEXT(2) 
PARAMETRIC_REPRESENTATION_CONTEXT() REPRESENTATION_CONTEXT('2D SPACE',''
  ) );
#8028 = PCURVE('',#7914,#8029);
#8029 = DEFINITIONAL_REPRESENTATION('',(#8030),#8034);
#8030 = LINE('',#8031,#8032);
#8031 = CARTESIAN_POINT('',(0.64,0.));
#8032 = VECTOR('',#8033,1.);
#8033 = DIRECTION('',(0.,1.));
#8034 = ( GEOMETRIC_REPRESENTATION_CONTEXT(2) 
PARAMETRIC_REPRESENTATION_CONTEXT() REPRESENTATION_CONTEXT('2D SPACE',''
  ) );
#8035 = ORIENTED_EDGE('',*,*,#8036,.T.);
#8036 = EDGE_CURVE('',#8014,#8037,#8039,.T.);
#8037 = VERTEX_POINT('',#8038);
#8038 = CARTESIAN_POINT('',(2.86,-22.54,9.95));
#8039 = SURFACE_CURVE('',#8040,(#8044,#8051),.PCURVE_S1.);
#8040 = LINE('',#8041,#8042);
#8041 = CARTESIAN_POINT('',(2.86,-22.54,-2.84));
#8042 = VECTOR('',#8043,1.);
#8043 = DIRECTION('',(0.,0.,1.));
#8044 = PCURVE('',#7994,#8045);
#8045 = DEFINITIONAL_REPRESENTATION('',(#8046),#8050);
#8046 = LINE('',#8047,#8048);
#8047 = CARTESIAN_POINT('',(0.,-0.64));
#8048 = VECTOR('',#8049,1.);
#8049 = DIRECTION('',(1.,0.));
#8050 = ( GEOMETRIC_REPRESENTATION_CONTEXT(2) 
PARAMETRIC_REPRESENTATION_CONTEXT() REPRESENTATION_CONTEXT('2D SPACE',''
  ) );
#8051 = PCURVE('',#7942,#8052);
#8052 = DEFINITIONAL_REPRESENTATION('',(#8053),#8057);
#8053 = LINE('',#8054,#8055);
#8054 = CARTESIAN_POINT('',(0.,0.64));
#8055 = VECTOR('',#8056,1.);
#8056 = DIRECTION('',(1.,0.));
#8057 = ( GEOMETRIC_REPRESENTATION_CONTEXT(2) 
PARAMETRIC_REPRESENTATION_CONTEXT() REPRESENTATION_CONTEXT('2D SPACE',''
  ) );
#8058 = ORIENTED_EDGE('',*,*,#8059,.F.);
#8059 = EDGE_CURVE('',#7986,#8037,#8060,.T.);
#8060 = SURFACE_CURVE('',#8061,(#8065,#8072),.PCURVE_S1.);
#8061 = LINE('',#8062,#8063);
#8062 = CARTESIAN_POINT('',(2.86,-23.18,9.95));
#8063 = VECTOR('',#8064,1.);
#8064 = DIRECTION('',(-0.,1.,0.));
#8065 = PCURVE('',#7994,#8066);
#8066 = DEFINITIONAL_REPRESENTATION('',(#8067),#8071);
#8067 = LINE('',#8068,#8069);
#8068 = CARTESIAN_POINT('',(12.79,0.));
#8069 = VECTOR('',#8070,1.);
#8070 = DIRECTION('',(0.,-1.));
#8071 = ( GEOMETRIC_REPRESENTATION_CONTEXT(2) 
PARAMETRIC_REPRESENTATION_CONTEXT() REPRESENTATION_CONTEXT('2D SPACE',''
  ) );
#8072 = PCURVE('',#7968,#8073);
#8073 = DEFINITIONAL_REPRESENTATION('',(#8074),#8078);
#8074 = LINE('',#8075,#8076);
#8075 = CARTESIAN_POINT('',(0.64,0.));
#8076 = VECTOR('',#8077,1.);
#8077 = DIRECTION('',(0.,1.));
#8078 = ( GEOMETRIC_REPRESENTATION_CONTEXT(2) 
PARAMETRIC_REPRESENTATION_CONTEXT() REPRESENTATION_CONTEXT('2D SPACE',''
  ) );
#8079 = ADVANCED_FACE('',(#8080),#7886,.F.);
#8080 = FACE_BOUND('',#8081,.F.);
#8081 = EDGE_LOOP('',(#8082,#8103,#8104,#8125));
#8082 = ORIENTED_EDGE('',*,*,#8083,.F.);
#8083 = EDGE_CURVE('',#7864,#7984,#8084,.T.);
#8084 = SURFACE_CURVE('',#8085,(#8089,#8096),.PCURVE_S1.);
#8085 = LINE('',#8086,#8087);
#8086 = CARTESIAN_POINT('',(2.22,-23.18,-2.84));
#8087 = VECTOR('',#8088,1.);
#8088 = DIRECTION('',(1.,0.,-0.));
#8089 = PCURVE('',#7886,#8090);
#8090 = DEFINITIONAL_REPRESENTATION('',(#8091),#8095);
#8091 = LINE('',#8092,#8093);
#8092 = CARTESIAN_POINT('',(0.,0.));
#8093 = VECTOR('',#8094,1.);
#8094 = DIRECTION('',(0.,1.));
#8095 = ( GEOMETRIC_REPRESENTATION_CONTEXT(2) 
PARAMETRIC_REPRESENTATION_CONTEXT() REPRESENTATION_CONTEXT('2D SPACE',''
  ) );
#8096 = PCURVE('',#7914,#8097);
#8097 = DEFINITIONAL_REPRESENTATION('',(#8098),#8102);
#8098 = LINE('',#8099,#8100);
#8099 = CARTESIAN_POINT('',(0.,0.));
#8100 = VECTOR('',#8101,1.);
#8101 = DIRECTION('',(1.,0.));
#8102 = ( GEOMETRIC_REPRESENTATION_CONTEXT(2) 
PARAMETRIC_REPRESENTATION_CONTEXT() REPRESENTATION_CONTEXT('2D SPACE',''
  ) );
#8103 = ORIENTED_EDGE('',*,*,#7863,.T.);
#8104 = ORIENTED_EDGE('',*,*,#8105,.T.);
#8105 = EDGE_CURVE('',#7866,#7986,#8106,.T.);
#8106 = SURFACE_CURVE('',#8107,(#8111,#8118),.PCURVE_S1.);
#8107 = LINE('',#8108,#8109);
#8108 = CARTESIAN_POINT('',(2.22,-23.18,9.95));
#8109 = VECTOR('',#8110,1.);
#8110 = DIRECTION('',(1.,0.,-0.));
#8111 = PCURVE('',#7886,#8112);
#8112 = DEFINITIONAL_REPRESENTATION('',(#8113),#8117);
#8113 = LINE('',#8114,#8115);
#8114 = CARTESIAN_POINT('',(12.79,0.));
#8115 = VECTOR('',#8116,1.);
#8116 = DIRECTION('',(0.,1.));
#8117 = ( GEOMETRIC_REPRESENTATION_CONTEXT(2) 
PARAMETRIC_REPRESENTATION_CONTEXT() REPRESENTATION_CONTEXT('2D SPACE',''
  ) );
#8118 = PCURVE('',#7968,#8119);
#8119 = DEFINITIONAL_REPRESENTATION('',(#8120),#8124);
#8120 = LINE('',#8121,#8122);
#8121 = CARTESIAN_POINT('',(0.,0.));
#8122 = VECTOR('',#8123,1.);
#8123 = DIRECTION('',(1.,0.));
#8124 = ( GEOMETRIC_REPRESENTATION_CONTEXT(2) 
PARAMETRIC_REPRESENTATION_CONTEXT() REPRESENTATION_CONTEXT('2D SPACE',''
  ) );
#8125 = ORIENTED_EDGE('',*,*,#7983,.F.);
#8126 = ADVANCED_FACE('',(#8127),#7942,.T.);
#8127 = FACE_BOUND('',#8128,.T.);
#8128 = EDGE_LOOP('',(#8129,#8150,#8151,#8172));
#8129 = ORIENTED_EDGE('',*,*,#8130,.F.);
#8130 = EDGE_CURVE('',#7899,#8014,#8131,.T.);
#8131 = SURFACE_CURVE('',#8132,(#8136,#8143),.PCURVE_S1.);
#8132 = LINE('',#8133,#8134);
#8133 = CARTESIAN_POINT('',(2.22,-22.54,-2.84));
#8134 = VECTOR('',#8135,1.);
#8135 = DIRECTION('',(1.,0.,-0.));
#8136 = PCURVE('',#7942,#8137);
#8137 = DEFINITIONAL_REPRESENTATION('',(#8138),#8142);
#8138 = LINE('',#8139,#8140);
#8139 = CARTESIAN_POINT('',(0.,0.));
#8140 = VECTOR('',#8141,1.);
#8141 = DIRECTION('',(0.,1.));
#8142 = ( GEOMETRIC_REPRESENTATION_CONTEXT(2) 
PARAMETRIC_REPRESENTATION_CONTEXT() REPRESENTATION_CONTEXT('2D SPACE',''
  ) );
#8143 = PCURVE('',#7914,#8144);
#8144 = DEFINITIONAL_REPRESENTATION('',(#8145),#8149);
#8145 = LINE('',#8146,#8147);
#8146 = CARTESIAN_POINT('',(0.,0.64));
#8147 = VECTOR('',#8148,1.);
#8148 = DIRECTION('',(1.,0.));
#8149 = ( GEOMETRIC_REPRESENTATION_CONTEXT(2) 
PARAMETRIC_REPRESENTATION_CONTEXT() REPRESENTATION_CONTEXT('2D SPACE',''
  ) );
#8150 = ORIENTED_EDGE('',*,*,#7926,.T.);
#8151 = ORIENTED_EDGE('',*,*,#8152,.T.);
#8152 = EDGE_CURVE('',#7927,#8037,#8153,.T.);
#8153 = SURFACE_CURVE('',#8154,(#8158,#8165),.PCURVE_S1.);
#8154 = LINE('',#8155,#8156);
#8155 = CARTESIAN_POINT('',(2.22,-22.54,9.95));
#8156 = VECTOR('',#8157,1.);
#8157 = DIRECTION('',(1.,0.,-0.));
#8158 = PCURVE('',#7942,#8159);
#8159 = DEFINITIONAL_REPRESENTATION('',(#8160),#8164);
#8160 = LINE('',#8161,#8162);
#8161 = CARTESIAN_POINT('',(12.79,0.));
#8162 = VECTOR('',#8163,1.);
#8163 = DIRECTION('',(0.,1.));
#8164 = ( GEOMETRIC_REPRESENTATION_CONTEXT(2) 
PARAMETRIC_REPRESENTATION_CONTEXT() REPRESENTATION_CONTEXT('2D SPACE',''
  ) );
#8165 = PCURVE('',#7968,#8166);
#8166 = DEFINITIONAL_REPRESENTATION('',(#8167),#8171);
#8167 = LINE('',#8168,#8169);
#8168 = CARTESIAN_POINT('',(0.,0.64));
#8169 = VECTOR('',#8170,1.);
#8170 = DIRECTION('',(1.,0.));
#8171 = ( GEOMETRIC_REPRESENTATION_CONTEXT(2) 
PARAMETRIC_REPRESENTATION_CONTEXT() REPRESENTATION_CONTEXT('2D SPACE',''
  ) );
#8172 = ORIENTED_EDGE('',*,*,#8036,.F.);
#8173 = ADVANCED_FACE('',(#8174),#7914,.F.);
#8174 = FACE_BOUND('',#8175,.F.);
#8175 = EDGE_LOOP('',(#8176,#8177,#8178,#8179));
#8176 = ORIENTED_EDGE('',*,*,#7898,.F.);
#8177 = ORIENTED_EDGE('',*,*,#8083,.T.);
#8178 = ORIENTED_EDGE('',*,*,#8013,.T.);
#8179 = ORIENTED_EDGE('',*,*,#8130,.F.);
#8180 = ADVANCED_FACE('',(#8181),#7968,.T.);
#8181 = FACE_BOUND('',#8182,.T.);
#8182 = EDGE_LOOP('',(#8183,#8184,#8185,#8186));
#8183 = ORIENTED_EDGE('',*,*,#7954,.F.);
#8184 = ORIENTED_EDGE('',*,*,#8105,.T.);
#8185 = ORIENTED_EDGE('',*,*,#8059,.T.);
#8186 = ORIENTED_EDGE('',*,*,#8152,.F.);
#8187 = ( GEOMETRIC_REPRESENTATION_CONTEXT(3) 
GLOBAL_UNCERTAINTY_ASSIGNED_CONTEXT((#8191)) 
GLOBAL_UNIT_ASSIGNED_CONTEXT((#8188,#8189,#8190)) REPRESENTATION_CONTEXT
('Context #1','3D Context with UNIT and UNCERTAINTY') );
#8188 = ( LENGTH_UNIT() NAMED_UNIT(*) SI_UNIT(.MILLI.,.METRE.) );
#8189 = ( NAMED_UNIT(*) PLANE_ANGLE_UNIT() SI_UNIT($,.RADIAN.) );
#8190 = ( NAMED_UNIT(*) SI_UNIT($,.STERADIAN.) SOLID_ANGLE_UNIT() );
#8191 = UNCERTAINTY_MEASURE_WITH_UNIT(LENGTH_MEASURE(1.E-07),#8188,
  'distance_accuracy_value','confusion accuracy');
#8192 = CONTEXT_DEPENDENT_SHAPE_REPRESENTATION(#8193,#8195);
#8193 = ( REPRESENTATION_RELATIONSHIP('','',#7856,#10) 
REPRESENTATION_RELATIONSHIP_WITH_TRANSFORMATION(#8194) 
SHAPE_REPRESENTATION_RELATIONSHIP() );
#8194 = ITEM_DEFINED_TRANSFORMATION('','',#11,#95);
#8195 = PRODUCT_DEFINITION_SHAPE('Placement','Placement of an item',
  #8196);
#8196 = NEXT_ASSEMBLY_USAGE_OCCURRENCE('315','','',#5,#7851,$);
#8197 = PRODUCT_RELATED_PRODUCT_CATEGORY('part',$,(#7853));
#8198 = SHAPE_DEFINITION_REPRESENTATION(#8199,#8205);
#8199 = PRODUCT_DEFINITION_SHAPE('','',#8200);
#8200 = PRODUCT_DEFINITION('design','',#8201,#8204);
#8201 = PRODUCT_DEFINITION_FORMATION('','',#8202);
#8202 = PRODUCT('Open CASCADE STEP translator 7.9 22.22',
  'Open CASCADE STEP translator 7.9 22.22','',(#8203));
#8203 = PRODUCT_CONTEXT('',#2,'mechanical');
#8204 = PRODUCT_DEFINITION_CONTEXT('part definition',#2,'design');
#8205 = ADVANCED_BREP_SHAPE_REPRESENTATION('',(#11,#8206),#8536);
#8206 = MANIFOLD_SOLID_BREP('',#8207);
#8207 = CLOSED_SHELL('',(#8208,#8328,#8428,#8475,#8522,#8529));
#8208 = ADVANCED_FACE('',(#8209),#8223,.F.);
#8209 = FACE_BOUND('',#8210,.F.);
#8210 = EDGE_LOOP('',(#8211,#8246,#8274,#8302));
#8211 = ORIENTED_EDGE('',*,*,#8212,.F.);
#8212 = EDGE_CURVE('',#8213,#8215,#8217,.T.);
#8213 = VERTEX_POINT('',#8214);
#8214 = CARTESIAN_POINT('',(-0.32,-25.72,-2.84));
#8215 = VERTEX_POINT('',#8216);
#8216 = CARTESIAN_POINT('',(-0.32,-25.72,9.95));
#8217 = SURFACE_CURVE('',#8218,(#8222,#8234),.PCURVE_S1.);
#8218 = LINE('',#8219,#8220);
#8219 = CARTESIAN_POINT('',(-0.32,-25.72,-2.84));
#8220 = VECTOR('',#8221,1.);
#8221 = DIRECTION('',(0.,0.,1.));
#8222 = PCURVE('',#8223,#8228);
#8223 = PLANE('',#8224);
#8224 = AXIS2_PLACEMENT_3D('',#8225,#8226,#8227);
#8225 = CARTESIAN_POINT('',(-0.32,-25.72,-2.84));
#8226 = DIRECTION('',(1.,0.,-0.));
#8227 = DIRECTION('',(0.,0.,1.));
#8228 = DEFINITIONAL_REPRESENTATION('',(#8229),#8233);
#8229 = LINE('',#8230,#8231);
#8230 = CARTESIAN_POINT('',(0.,0.));
#8231 = VECTOR('',#8232,1.);
#8232 = DIRECTION('',(1.,0.));
#8233 = ( GEOMETRIC_REPRESENTATION_CONTEXT(2) 
PARAMETRIC_REPRESENTATION_CONTEXT() REPRESENTATION_CONTEXT('2D SPACE',''
  ) );
#8234 = PCURVE('',#8235,#8240);
#8235 = PLANE('',#8236);
#8236 = AXIS2_PLACEMENT_3D('',#8237,#8238,#8239);
#8237 = CARTESIAN_POINT('',(-0.32,-25.72,-2.84));
#8238 = DIRECTION('',(-0.,1.,0.));
#8239 = DIRECTION('',(0.,0.,1.));
#8240 = DEFINITIONAL_REPRESENTATION('',(#8241),#8245);
#8241 = LINE('',#8242,#8243);
#8242 = CARTESIAN_POINT('',(0.,0.));
#8243 = VECTOR('',#8244,1.);
#8244 = DIRECTION('',(1.,0.));
#8245 = ( GEOMETRIC_REPRESENTATION_CONTEXT(2) 
PARAMETRIC_REPRESENTATION_CONTEXT() REPRESENTATION_CONTEXT('2D SPACE',''
  ) );
#8246 = ORIENTED_EDGE('',*,*,#8247,.T.);
#8247 = EDGE_CURVE('',#8213,#8248,#8250,.T.);
#8248 = VERTEX_POINT('',#8249);
#8249 = CARTESIAN_POINT('',(-0.32,-25.08,-2.84));
#8250 = SURFACE_CURVE('',#8251,(#8255,#8262),.PCURVE_S1.);
#8251 = LINE('',#8252,#8253);
#8252 = CARTESIAN_POINT('',(-0.32,-25.72,-2.84));
#8253 = VECTOR('',#8254,1.);
#8254 = DIRECTION('',(-0.,1.,0.));
#8255 = PCURVE('',#8223,#8256);
#8256 = DEFINITIONAL_REPRESENTATION('',(#8257),#8261);
#8257 = LINE('',#8258,#8259);
#8258 = CARTESIAN_POINT('',(0.,0.));
#8259 = VECTOR('',#8260,1.);
#8260 = DIRECTION('',(0.,-1.));
#8261 = ( GEOMETRIC_REPRESENTATION_CONTEXT(2) 
PARAMETRIC_REPRESENTATION_CONTEXT() REPRESENTATION_CONTEXT('2D SPACE',''
  ) );
#8262 = PCURVE('',#8263,#8268);
#8263 = PLANE('',#8264);
#8264 = AXIS2_PLACEMENT_3D('',#8265,#8266,#8267);
#8265 = CARTESIAN_POINT('',(-0.32,-25.72,-2.84));
#8266 = DIRECTION('',(0.,0.,1.));
#8267 = DIRECTION('',(1.,0.,-0.));
#8268 = DEFINITIONAL_REPRESENTATION('',(#8269),#8273);
#8269 = LINE('',#8270,#8271);
#8270 = CARTESIAN_POINT('',(0.,0.));
#8271 = VECTOR('',#8272,1.);
#8272 = DIRECTION('',(0.,1.));
#8273 = ( GEOMETRIC_REPRESENTATION_CONTEXT(2) 
PARAMETRIC_REPRESENTATION_CONTEXT() REPRESENTATION_CONTEXT('2D SPACE',''
  ) );
#8274 = ORIENTED_EDGE('',*,*,#8275,.T.);
#8275 = EDGE_CURVE('',#8248,#8276,#8278,.T.);
#8276 = VERTEX_POINT('',#8277);
#8277 = CARTESIAN_POINT('',(-0.32,-25.08,9.95));
#8278 = SURFACE_CURVE('',#8279,(#8283,#8290),.PCURVE_S1.);
#8279 = LINE('',#8280,#8281);
#8280 = CARTESIAN_POINT('',(-0.32,-25.08,-2.84));
#8281 = VECTOR('',#8282,1.);
#8282 = DIRECTION('',(0.,0.,1.));
#8283 = PCURVE('',#8223,#8284);
#8284 = DEFINITIONAL_REPRESENTATION('',(#8285),#8289);
#8285 = LINE('',#8286,#8287);
#8286 = CARTESIAN_POINT('',(0.,-0.64));
#8287 = VECTOR('',#8288,1.);
#8288 = DIRECTION('',(1.,0.));
#8289 = ( GEOMETRIC_REPRESENTATION_CONTEXT(2) 
PARAMETRIC_REPRESENTATION_CONTEXT() REPRESENTATION_CONTEXT('2D SPACE',''
  ) );
#8290 = PCURVE('',#8291,#8296);
#8291 = PLANE('',#8292);
#8292 = AXIS2_PLACEMENT_3D('',#8293,#8294,#8295);
#8293 = CARTESIAN_POINT('',(-0.32,-25.08,-2.84));
#8294 = DIRECTION('',(-0.,1.,0.));
#8295 = DIRECTION('',(0.,0.,1.));
#8296 = DEFINITIONAL_REPRESENTATION('',(#8297),#8301);
#8297 = LINE('',#8298,#8299);
#8298 = CARTESIAN_POINT('',(0.,0.));
#8299 = VECTOR('',#8300,1.);
#8300 = DIRECTION('',(1.,0.));
#8301 = ( GEOMETRIC_REPRESENTATION_CONTEXT(2) 
PARAMETRIC_REPRESENTATION_CONTEXT() REPRESENTATION_CONTEXT('2D SPACE',''
  ) );
#8302 = ORIENTED_EDGE('',*,*,#8303,.F.);
#8303 = EDGE_CURVE('',#8215,#8276,#8304,.T.);
#8304 = SURFACE_CURVE('',#8305,(#8309,#8316),.PCURVE_S1.);
#8305 = LINE('',#8306,#8307);
#8306 = CARTESIAN_POINT('',(-0.32,-25.72,9.95));
#8307 = VECTOR('',#8308,1.);
#8308 = DIRECTION('',(-0.,1.,0.));
#8309 = PCURVE('',#8223,#8310);
#8310 = DEFINITIONAL_REPRESENTATION('',(#8311),#8315);
#8311 = LINE('',#8312,#8313);
#8312 = CARTESIAN_POINT('',(12.79,0.));
#8313 = VECTOR('',#8314,1.);
#8314 = DIRECTION('',(0.,-1.));
#8315 = ( GEOMETRIC_REPRESENTATION_CONTEXT(2) 
PARAMETRIC_REPRESENTATION_CONTEXT() REPRESENTATION_CONTEXT('2D SPACE',''
  ) );
#8316 = PCURVE('',#8317,#8322);
#8317 = PLANE('',#8318);
#8318 = AXIS2_PLACEMENT_3D('',#8319,#8320,#8321);
#8319 = CARTESIAN_POINT('',(-0.32,-25.72,9.95));
#8320 = DIRECTION('',(0.,0.,1.));
#8321 = DIRECTION('',(1.,0.,-0.));
#8322 = DEFINITIONAL_REPRESENTATION('',(#8323),#8327);
#8323 = LINE('',#8324,#8325);
#8324 = CARTESIAN_POINT('',(0.,0.));
#8325 = VECTOR('',#8326,1.);
#8326 = DIRECTION('',(0.,1.));
#8327 = ( GEOMETRIC_REPRESENTATION_CONTEXT(2) 
PARAMETRIC_REPRESENTATION_CONTEXT() REPRESENTATION_CONTEXT('2D SPACE',''
  ) );
#8328 = ADVANCED_FACE('',(#8329),#8343,.T.);
#8329 = FACE_BOUND('',#8330,.T.);
#8330 = EDGE_LOOP('',(#8331,#8361,#8384,#8407));
#8331 = ORIENTED_EDGE('',*,*,#8332,.F.);
#8332 = EDGE_CURVE('',#8333,#8335,#8337,.T.);
#8333 = VERTEX_POINT('',#8334);
#8334 = CARTESIAN_POINT('',(0.32,-25.72,-2.84));
#8335 = VERTEX_POINT('',#8336);
#8336 = CARTESIAN_POINT('',(0.32,-25.72,9.95));
#8337 = SURFACE_CURVE('',#8338,(#8342,#8354),.PCURVE_S1.);
#8338 = LINE('',#8339,#8340);
#8339 = CARTESIAN_POINT('',(0.32,-25.72,-2.84));
#8340 = VECTOR('',#8341,1.);
#8341 = DIRECTION('',(0.,0.,1.));
#8342 = PCURVE('',#8343,#8348);
#8343 = PLANE('',#8344);
#8344 = AXIS2_PLACEMENT_3D('',#8345,#8346,#8347);
#8345 = CARTESIAN_POINT('',(0.32,-25.72,-2.84));
#8346 = DIRECTION('',(1.,0.,-0.));
#8347 = DIRECTION('',(0.,0.,1.));
#8348 = DEFINITIONAL_REPRESENTATION('',(#8349),#8353);
#8349 = LINE('',#8350,#8351);
#8350 = CARTESIAN_POINT('',(0.,0.));
#8351 = VECTOR('',#8352,1.);
#8352 = DIRECTION('',(1.,0.));
#8353 = ( GEOMETRIC_REPRESENTATION_CONTEXT(2) 
PARAMETRIC_REPRESENTATION_CONTEXT() REPRESENTATION_CONTEXT('2D SPACE',''
  ) );
#8354 = PCURVE('',#8235,#8355);
#8355 = DEFINITIONAL_REPRESENTATION('',(#8356),#8360);
#8356 = LINE('',#8357,#8358);
#8357 = CARTESIAN_POINT('',(0.,0.64));
#8358 = VECTOR('',#8359,1.);
#8359 = DIRECTION('',(1.,0.));
#8360 = ( GEOMETRIC_REPRESENTATION_CONTEXT(2) 
PARAMETRIC_REPRESENTATION_CONTEXT() REPRESENTATION_CONTEXT('2D SPACE',''
  ) );
#8361 = ORIENTED_EDGE('',*,*,#8362,.T.);
#8362 = EDGE_CURVE('',#8333,#8363,#8365,.T.);
#8363 = VERTEX_POINT('',#8364);
#8364 = CARTESIAN_POINT('',(0.32,-25.08,-2.84));
#8365 = SURFACE_CURVE('',#8366,(#8370,#8377),.PCURVE_S1.);
#8366 = LINE('',#8367,#8368);
#8367 = CARTESIAN_POINT('',(0.32,-25.72,-2.84));
#8368 = VECTOR('',#8369,1.);
#8369 = DIRECTION('',(-0.,1.,0.));
#8370 = PCURVE('',#8343,#8371);
#8371 = DEFINITIONAL_REPRESENTATION('',(#8372),#8376);
#8372 = LINE('',#8373,#8374);
#8373 = CARTESIAN_POINT('',(0.,0.));
#8374 = VECTOR('',#8375,1.);
#8375 = DIRECTION('',(0.,-1.));
#8376 = ( GEOMETRIC_REPRESENTATION_CONTEXT(2) 
PARAMETRIC_REPRESENTATION_CONTEXT() REPRESENTATION_CONTEXT('2D SPACE',''
  ) );
#8377 = PCURVE('',#8263,#8378);
#8378 = DEFINITIONAL_REPRESENTATION('',(#8379),#8383);
#8379 = LINE('',#8380,#8381);
#8380 = CARTESIAN_POINT('',(0.64,0.));
#8381 = VECTOR('',#8382,1.);
#8382 = DIRECTION('',(0.,1.));
#8383 = ( GEOMETRIC_REPRESENTATION_CONTEXT(2) 
PARAMETRIC_REPRESENTATION_CONTEXT() REPRESENTATION_CONTEXT('2D SPACE',''
  ) );
#8384 = ORIENTED_EDGE('',*,*,#8385,.T.);
#8385 = EDGE_CURVE('',#8363,#8386,#8388,.T.);
#8386 = VERTEX_POINT('',#8387);
#8387 = CARTESIAN_POINT('',(0.32,-25.08,9.95));
#8388 = SURFACE_CURVE('',#8389,(#8393,#8400),.PCURVE_S1.);
#8389 = LINE('',#8390,#8391);
#8390 = CARTESIAN_POINT('',(0.32,-25.08,-2.84));
#8391 = VECTOR('',#8392,1.);
#8392 = DIRECTION('',(0.,0.,1.));
#8393 = PCURVE('',#8343,#8394);
#8394 = DEFINITIONAL_REPRESENTATION('',(#8395),#8399);
#8395 = LINE('',#8396,#8397);
#8396 = CARTESIAN_POINT('',(0.,-0.64));
#8397 = VECTOR('',#8398,1.);
#8398 = DIRECTION('',(1.,0.));
#8399 = ( GEOMETRIC_REPRESENTATION_CONTEXT(2) 
PARAMETRIC_REPRESENTATION_CONTEXT() REPRESENTATION_CONTEXT('2D SPACE',''
  ) );
#8400 = PCURVE('',#8291,#8401);
#8401 = DEFINITIONAL_REPRESENTATION('',(#8402),#8406);
#8402 = LINE('',#8403,#8404);
#8403 = CARTESIAN_POINT('',(0.,0.64));
#8404 = VECTOR('',#8405,1.);
#8405 = DIRECTION('',(1.,0.));
#8406 = ( GEOMETRIC_REPRESENTATION_CONTEXT(2) 
PARAMETRIC_REPRESENTATION_CONTEXT() REPRESENTATION_CONTEXT('2D SPACE',''
  ) );
#8407 = ORIENTED_EDGE('',*,*,#8408,.F.);
#8408 = EDGE_CURVE('',#8335,#8386,#8409,.T.);
#8409 = SURFACE_CURVE('',#8410,(#8414,#8421),.PCURVE_S1.);
#8410 = LINE('',#8411,#8412);
#8411 = CARTESIAN_POINT('',(0.32,-25.72,9.95));
#8412 = VECTOR('',#8413,1.);
#8413 = DIRECTION('',(-0.,1.,0.));
#8414 = PCURVE('',#8343,#8415);
#8415 = DEFINITIONAL_REPRESENTATION('',(#8416),#8420);
#8416 = LINE('',#8417,#8418);
#8417 = CARTESIAN_POINT('',(12.79,0.));
#8418 = VECTOR('',#8419,1.);
#8419 = DIRECTION('',(0.,-1.));
#8420 = ( GEOMETRIC_REPRESENTATION_CONTEXT(2) 
PARAMETRIC_REPRESENTATION_CONTEXT() REPRESENTATION_CONTEXT('2D SPACE',''
  ) );
#8421 = PCURVE('',#8317,#8422);
#8422 = DEFINITIONAL_REPRESENTATION('',(#8423),#8427);
#8423 = LINE('',#8424,#8425);
#8424 = CARTESIAN_POINT('',(0.64,0.));
#8425 = VECTOR('',#8426,1.);
#8426 = DIRECTION('',(0.,1.));
#8427 = ( GEOMETRIC_REPRESENTATION_CONTEXT(2) 
PARAMETRIC_REPRESENTATION_CONTEXT() REPRESENTATION_CONTEXT('2D SPACE',''
  ) );
#8428 = ADVANCED_FACE('',(#8429),#8235,.F.);
#8429 = FACE_BOUND('',#8430,.F.);
#8430 = EDGE_LOOP('',(#8431,#8452,#8453,#8474));
#8431 = ORIENTED_EDGE('',*,*,#8432,.F.);
#8432 = EDGE_CURVE('',#8213,#8333,#8433,.T.);
#8433 = SURFACE_CURVE('',#8434,(#8438,#8445),.PCURVE_S1.);
#8434 = LINE('',#8435,#8436);
#8435 = CARTESIAN_POINT('',(-0.32,-25.72,-2.84));
#8436 = VECTOR('',#8437,1.);
#8437 = DIRECTION('',(1.,0.,-0.));
#8438 = PCURVE('',#8235,#8439);
#8439 = DEFINITIONAL_REPRESENTATION('',(#8440),#8444);
#8440 = LINE('',#8441,#8442);
#8441 = CARTESIAN_POINT('',(0.,0.));
#8442 = VECTOR('',#8443,1.);
#8443 = DIRECTION('',(0.,1.));
#8444 = ( GEOMETRIC_REPRESENTATION_CONTEXT(2) 
PARAMETRIC_REPRESENTATION_CONTEXT() REPRESENTATION_CONTEXT('2D SPACE',''
  ) );
#8445 = PCURVE('',#8263,#8446);
#8446 = DEFINITIONAL_REPRESENTATION('',(#8447),#8451);
#8447 = LINE('',#8448,#8449);
#8448 = CARTESIAN_POINT('',(0.,0.));
#8449 = VECTOR('',#8450,1.);
#8450 = DIRECTION('',(1.,0.));
#8451 = ( GEOMETRIC_REPRESENTATION_CONTEXT(2) 
PARAMETRIC_REPRESENTATION_CONTEXT() REPRESENTATION_CONTEXT('2D SPACE',''
  ) );
#8452 = ORIENTED_EDGE('',*,*,#8212,.T.);
#8453 = ORIENTED_EDGE('',*,*,#8454,.T.);
#8454 = EDGE_CURVE('',#8215,#8335,#8455,.T.);
#8455 = SURFACE_CURVE('',#8456,(#8460,#8467),.PCURVE_S1.);
#8456 = LINE('',#8457,#8458);
#8457 = CARTESIAN_POINT('',(-0.32,-25.72,9.95));
#8458 = VECTOR('',#8459,1.);
#8459 = DIRECTION('',(1.,0.,-0.));
#8460 = PCURVE('',#8235,#8461);
#8461 = DEFINITIONAL_REPRESENTATION('',(#8462),#8466);
#8462 = LINE('',#8463,#8464);
#8463 = CARTESIAN_POINT('',(12.79,0.));
#8464 = VECTOR('',#8465,1.);
#8465 = DIRECTION('',(0.,1.));
#8466 = ( GEOMETRIC_REPRESENTATION_CONTEXT(2) 
PARAMETRIC_REPRESENTATION_CONTEXT() REPRESENTATION_CONTEXT('2D SPACE',''
  ) );
#8467 = PCURVE('',#8317,#8468);
#8468 = DEFINITIONAL_REPRESENTATION('',(#8469),#8473);
#8469 = LINE('',#8470,#8471);
#8470 = CARTESIAN_POINT('',(0.,0.));
#8471 = VECTOR('',#8472,1.);
#8472 = DIRECTION('',(1.,0.));
#8473 = ( GEOMETRIC_REPRESENTATION_CONTEXT(2) 
PARAMETRIC_REPRESENTATION_CONTEXT() REPRESENTATION_CONTEXT('2D SPACE',''
  ) );
#8474 = ORIENTED_EDGE('',*,*,#8332,.F.);
#8475 = ADVANCED_FACE('',(#8476),#8291,.T.);
#8476 = FACE_BOUND('',#8477,.T.);
#8477 = EDGE_LOOP('',(#8478,#8499,#8500,#8521));
#8478 = ORIENTED_EDGE('',*,*,#8479,.F.);
#8479 = EDGE_CURVE('',#8248,#8363,#8480,.T.);
#8480 = SURFACE_CURVE('',#8481,(#8485,#8492),.PCURVE_S1.);
#8481 = LINE('',#8482,#8483);
#8482 = CARTESIAN_POINT('',(-0.32,-25.08,-2.84));
#8483 = VECTOR('',#8484,1.);
#8484 = DIRECTION('',(1.,0.,-0.));
#8485 = PCURVE('',#8291,#8486);
#8486 = DEFINITIONAL_REPRESENTATION('',(#8487),#8491);
#8487 = LINE('',#8488,#8489);
#8488 = CARTESIAN_POINT('',(0.,0.));
#8489 = VECTOR('',#8490,1.);
#8490 = DIRECTION('',(0.,1.));
#8491 = ( GEOMETRIC_REPRESENTATION_CONTEXT(2) 
PARAMETRIC_REPRESENTATION_CONTEXT() REPRESENTATION_CONTEXT('2D SPACE',''
  ) );
#8492 = PCURVE('',#8263,#8493);
#8493 = DEFINITIONAL_REPRESENTATION('',(#8494),#8498);
#8494 = LINE('',#8495,#8496);
#8495 = CARTESIAN_POINT('',(0.,0.64));
#8496 = VECTOR('',#8497,1.);
#8497 = DIRECTION('',(1.,0.));
#8498 = ( GEOMETRIC_REPRESENTATION_CONTEXT(2) 
PARAMETRIC_REPRESENTATION_CONTEXT() REPRESENTATION_CONTEXT('2D SPACE',''
  ) );
#8499 = ORIENTED_EDGE('',*,*,#8275,.T.);
#8500 = ORIENTED_EDGE('',*,*,#8501,.T.);
#8501 = EDGE_CURVE('',#8276,#8386,#8502,.T.);
#8502 = SURFACE_CURVE('',#8503,(#8507,#8514),.PCURVE_S1.);
#8503 = LINE('',#8504,#8505);
#8504 = CARTESIAN_POINT('',(-0.32,-25.08,9.95));
#8505 = VECTOR('',#8506,1.);
#8506 = DIRECTION('',(1.,0.,-0.));
#8507 = PCURVE('',#8291,#8508);
#8508 = DEFINITIONAL_REPRESENTATION('',(#8509),#8513);
#8509 = LINE('',#8510,#8511);
#8510 = CARTESIAN_POINT('',(12.79,0.));
#8511 = VECTOR('',#8512,1.);
#8512 = DIRECTION('',(0.,1.));
#8513 = ( GEOMETRIC_REPRESENTATION_CONTEXT(2) 
PARAMETRIC_REPRESENTATION_CONTEXT() REPRESENTATION_CONTEXT('2D SPACE',''
  ) );
#8514 = PCURVE('',#8317,#8515);
#8515 = DEFINITIONAL_REPRESENTATION('',(#8516),#8520);
#8516 = LINE('',#8517,#8518);
#8517 = CARTESIAN_POINT('',(0.,0.64));
#8518 = VECTOR('',#8519,1.);
#8519 = DIRECTION('',(1.,0.));
#8520 = ( GEOMETRIC_REPRESENTATION_CONTEXT(2) 
PARAMETRIC_REPRESENTATION_CONTEXT() REPRESENTATION_CONTEXT('2D SPACE',''
  ) );
#8521 = ORIENTED_EDGE('',*,*,#8385,.F.);
#8522 = ADVANCED_FACE('',(#8523),#8263,.F.);
#8523 = FACE_BOUND('',#8524,.F.);
#8524 = EDGE_LOOP('',(#8525,#8526,#8527,#8528));
#8525 = ORIENTED_EDGE('',*,*,#8247,.F.);
#8526 = ORIENTED_EDGE('',*,*,#8432,.T.);
#8527 = ORIENTED_EDGE('',*,*,#8362,.T.);
#8528 = ORIENTED_EDGE('',*,*,#8479,.F.);
#8529 = ADVANCED_FACE('',(#8530),#8317,.T.);
#8530 = FACE_BOUND('',#8531,.T.);
#8531 = EDGE_LOOP('',(#8532,#8533,#8534,#8535));
#8532 = ORIENTED_EDGE('',*,*,#8303,.F.);
#8533 = ORIENTED_EDGE('',*,*,#8454,.T.);
#8534 = ORIENTED_EDGE('',*,*,#8408,.T.);
#8535 = ORIENTED_EDGE('',*,*,#8501,.F.);
#8536 = ( GEOMETRIC_REPRESENTATION_CONTEXT(3) 
GLOBAL_UNCERTAINTY_ASSIGNED_CONTEXT((#8540)) 
GLOBAL_UNIT_ASSIGNED_CONTEXT((#8537,#8538,#8539)) REPRESENTATION_CONTEXT
('Context #1','3D Context with UNIT and UNCERTAINTY') );
#8537 = ( LENGTH_UNIT() NAMED_UNIT(*) SI_UNIT(.MILLI.,.METRE.) );
#8538 = ( NAMED_UNIT(*) PLANE_ANGLE_UNIT() SI_UNIT($,.RADIAN.) );
#8539 = ( NAMED_UNIT(*) SI_UNIT($,.STERADIAN.) SOLID_ANGLE_UNIT() );
#8540 = UNCERTAINTY_MEASURE_WITH_UNIT(LENGTH_MEASURE(1.E-07),#8537,
  'distance_accuracy_value','confusion accuracy');
#8541 = CONTEXT_DEPENDENT_SHAPE_REPRESENTATION(#8542,#8544);
#8542 = ( REPRESENTATION_RELATIONSHIP('','',#8205,#10) 
REPRESENTATION_RELATIONSHIP_WITH_TRANSFORMATION(#8543) 
SHAPE_REPRESENTATION_RELATIONSHIP() );
#8543 = ITEM_DEFINED_TRANSFORMATION('','',#11,#99);
#8544 = PRODUCT_DEFINITION_SHAPE('Placement','Placement of an item',
  #8545);
#8545 = NEXT_ASSEMBLY_USAGE_OCCURRENCE('316','','',#5,#8200,$);
#8546 = PRODUCT_RELATED_PRODUCT_CATEGORY('part',$,(#8202));
#8547 = SHAPE_DEFINITION_REPRESENTATION(#8548,#8554);
#8548 = PRODUCT_DEFINITION_SHAPE('','',#8549);
#8549 = PRODUCT_DEFINITION('design','',#8550,#8553);
#8550 = PRODUCT_DEFINITION_FORMATION('','',#8551);
#8551 = PRODUCT('Open CASCADE STEP translator 7.9 22.23',
  'Open CASCADE STEP translator 7.9 22.23','',(#8552));
#8552 = PRODUCT_CONTEXT('',#2,'mechanical');
#8553 = PRODUCT_DEFINITION_CONTEXT('part definition',#2,'design');
#8554 = ADVANCED_BREP_SHAPE_REPRESENTATION('',(#11,#8555),#8885);
#8555 = MANIFOLD_SOLID_BREP('',#8556);
#8556 = CLOSED_SHELL('',(#8557,#8677,#8777,#8824,#8871,#8878));
#8557 = ADVANCED_FACE('',(#8558),#8572,.F.);
#8558 = FACE_BOUND('',#8559,.F.);
#8559 = EDGE_LOOP('',(#8560,#8595,#8623,#8651));
#8560 = ORIENTED_EDGE('',*,*,#8561,.F.);
#8561 = EDGE_CURVE('',#8562,#8564,#8566,.T.);
#8562 = VERTEX_POINT('',#8563);
#8563 = CARTESIAN_POINT('',(2.22,-25.72,-2.84));
#8564 = VERTEX_POINT('',#8565);
#8565 = CARTESIAN_POINT('',(2.22,-25.72,9.95));
#8566 = SURFACE_CURVE('',#8567,(#8571,#8583),.PCURVE_S1.);
#8567 = LINE('',#8568,#8569);
#8568 = CARTESIAN_POINT('',(2.22,-25.72,-2.84));
#8569 = VECTOR('',#8570,1.);
#8570 = DIRECTION('',(0.,0.,1.));
#8571 = PCURVE('',#8572,#8577);
#8572 = PLANE('',#8573);
#8573 = AXIS2_PLACEMENT_3D('',#8574,#8575,#8576);
#8574 = CARTESIAN_POINT('',(2.22,-25.72,-2.84));
#8575 = DIRECTION('',(1.,0.,-0.));
#8576 = DIRECTION('',(0.,0.,1.));
#8577 = DEFINITIONAL_REPRESENTATION('',(#8578),#8582);
#8578 = LINE('',#8579,#8580);
#8579 = CARTESIAN_POINT('',(0.,0.));
#8580 = VECTOR('',#8581,1.);
#8581 = DIRECTION('',(1.,0.));
#8582 = ( GEOMETRIC_REPRESENTATION_CONTEXT(2) 
PARAMETRIC_REPRESENTATION_CONTEXT() REPRESENTATION_CONTEXT('2D SPACE',''
  ) );
#8583 = PCURVE('',#8584,#8589);
#8584 = PLANE('',#8585);
#8585 = AXIS2_PLACEMENT_3D('',#8586,#8587,#8588);
#8586 = CARTESIAN_POINT('',(2.22,-25.72,-2.84));
#8587 = DIRECTION('',(-0.,1.,0.));
#8588 = DIRECTION('',(0.,0.,1.));
#8589 = DEFINITIONAL_REPRESENTATION('',(#8590),#8594);
#8590 = LINE('',#8591,#8592);
#8591 = CARTESIAN_POINT('',(0.,0.));
#8592 = VECTOR('',#8593,1.);
#8593 = DIRECTION('',(1.,0.));
#8594 = ( GEOMETRIC_REPRESENTATION_CONTEXT(2) 
PARAMETRIC_REPRESENTATION_CONTEXT() REPRESENTATION_CONTEXT('2D SPACE',''
  ) );
#8595 = ORIENTED_EDGE('',*,*,#8596,.T.);
#8596 = EDGE_CURVE('',#8562,#8597,#8599,.T.);
#8597 = VERTEX_POINT('',#8598);
#8598 = CARTESIAN_POINT('',(2.22,-25.08,-2.84));
#8599 = SURFACE_CURVE('',#8600,(#8604,#8611),.PCURVE_S1.);
#8600 = LINE('',#8601,#8602);
#8601 = CARTESIAN_POINT('',(2.22,-25.72,-2.84));
#8602 = VECTOR('',#8603,1.);
#8603 = DIRECTION('',(-0.,1.,0.));
#8604 = PCURVE('',#8572,#8605);
#8605 = DEFINITIONAL_REPRESENTATION('',(#8606),#8610);
#8606 = LINE('',#8607,#8608);
#8607 = CARTESIAN_POINT('',(0.,0.));
#8608 = VECTOR('',#8609,1.);
#8609 = DIRECTION('',(0.,-1.));
#8610 = ( GEOMETRIC_REPRESENTATION_CONTEXT(2) 
PARAMETRIC_REPRESENTATION_CONTEXT() REPRESENTATION_CONTEXT('2D SPACE',''
  ) );
#8611 = PCURVE('',#8612,#8617);
#8612 = PLANE('',#8613);
#8613 = AXIS2_PLACEMENT_3D('',#8614,#8615,#8616);
#8614 = CARTESIAN_POINT('',(2.22,-25.72,-2.84));
#8615 = DIRECTION('',(0.,0.,1.));
#8616 = DIRECTION('',(1.,0.,-0.));
#8617 = DEFINITIONAL_REPRESENTATION('',(#8618),#8622);
#8618 = LINE('',#8619,#8620);
#8619 = CARTESIAN_POINT('',(0.,0.));
#8620 = VECTOR('',#8621,1.);
#8621 = DIRECTION('',(0.,1.));
#8622 = ( GEOMETRIC_REPRESENTATION_CONTEXT(2) 
PARAMETRIC_REPRESENTATION_CONTEXT() REPRESENTATION_CONTEXT('2D SPACE',''
  ) );
#8623 = ORIENTED_EDGE('',*,*,#8624,.T.);
#8624 = EDGE_CURVE('',#8597,#8625,#8627,.T.);
#8625 = VERTEX_POINT('',#8626);
#8626 = CARTESIAN_POINT('',(2.22,-25.08,9.95));
#8627 = SURFACE_CURVE('',#8628,(#8632,#8639),.PCURVE_S1.);
#8628 = LINE('',#8629,#8630);
#8629 = CARTESIAN_POINT('',(2.22,-25.08,-2.84));
#8630 = VECTOR('',#8631,1.);
#8631 = DIRECTION('',(0.,0.,1.));
#8632 = PCURVE('',#8572,#8633);
#8633 = DEFINITIONAL_REPRESENTATION('',(#8634),#8638);
#8634 = LINE('',#8635,#8636);
#8635 = CARTESIAN_POINT('',(0.,-0.64));
#8636 = VECTOR('',#8637,1.);
#8637 = DIRECTION('',(1.,0.));
#8638 = ( GEOMETRIC_REPRESENTATION_CONTEXT(2) 
PARAMETRIC_REPRESENTATION_CONTEXT() REPRESENTATION_CONTEXT('2D SPACE',''
  ) );
#8639 = PCURVE('',#8640,#8645);
#8640 = PLANE('',#8641);
#8641 = AXIS2_PLACEMENT_3D('',#8642,#8643,#8644);
#8642 = CARTESIAN_POINT('',(2.22,-25.08,-2.84));
#8643 = DIRECTION('',(-0.,1.,0.));
#8644 = DIRECTION('',(0.,0.,1.));
#8645 = DEFINITIONAL_REPRESENTATION('',(#8646),#8650);
#8646 = LINE('',#8647,#8648);
#8647 = CARTESIAN_POINT('',(0.,0.));
#8648 = VECTOR('',#8649,1.);
#8649 = DIRECTION('',(1.,0.));
#8650 = ( GEOMETRIC_REPRESENTATION_CONTEXT(2) 
PARAMETRIC_REPRESENTATION_CONTEXT() REPRESENTATION_CONTEXT('2D SPACE',''
  ) );
#8651 = ORIENTED_EDGE('',*,*,#8652,.F.);
#8652 = EDGE_CURVE('',#8564,#8625,#8653,.T.);
#8653 = SURFACE_CURVE('',#8654,(#8658,#8665),.PCURVE_S1.);
#8654 = LINE('',#8655,#8656);
#8655 = CARTESIAN_POINT('',(2.22,-25.72,9.95));
#8656 = VECTOR('',#8657,1.);
#8657 = DIRECTION('',(-0.,1.,0.));
#8658 = PCURVE('',#8572,#8659);
#8659 = DEFINITIONAL_REPRESENTATION('',(#8660),#8664);
#8660 = LINE('',#8661,#8662);
#8661 = CARTESIAN_POINT('',(12.79,0.));
#8662 = VECTOR('',#8663,1.);
#8663 = DIRECTION('',(0.,-1.));
#8664 = ( GEOMETRIC_REPRESENTATION_CONTEXT(2) 
PARAMETRIC_REPRESENTATION_CONTEXT() REPRESENTATION_CONTEXT('2D SPACE',''
  ) );
#8665 = PCURVE('',#8666,#8671);
#8666 = PLANE('',#8667);
#8667 = AXIS2_PLACEMENT_3D('',#8668,#8669,#8670);
#8668 = CARTESIAN_POINT('',(2.22,-25.72,9.95));
#8669 = DIRECTION('',(0.,0.,1.));
#8670 = DIRECTION('',(1.,0.,-0.));
#8671 = DEFINITIONAL_REPRESENTATION('',(#8672),#8676);
#8672 = LINE('',#8673,#8674);
#8673 = CARTESIAN_POINT('',(0.,0.));
#8674 = VECTOR('',#8675,1.);
#8675 = DIRECTION('',(0.,1.));
#8676 = ( GEOMETRIC_REPRESENTATION_CONTEXT(2) 
PARAMETRIC_REPRESENTATION_CONTEXT() REPRESENTATION_CONTEXT('2D SPACE',''
  ) );
#8677 = ADVANCED_FACE('',(#8678),#8692,.T.);
#8678 = FACE_BOUND('',#8679,.T.);
#8679 = EDGE_LOOP('',(#8680,#8710,#8733,#8756));
#8680 = ORIENTED_EDGE('',*,*,#8681,.F.);
#8681 = EDGE_CURVE('',#8682,#8684,#8686,.T.);
#8682 = VERTEX_POINT('',#8683);
#8683 = CARTESIAN_POINT('',(2.86,-25.72,-2.84));
#8684 = VERTEX_POINT('',#8685);
#8685 = CARTESIAN_POINT('',(2.86,-25.72,9.95));
#8686 = SURFACE_CURVE('',#8687,(#8691,#8703),.PCURVE_S1.);
#8687 = LINE('',#8688,#8689);
#8688 = CARTESIAN_POINT('',(2.86,-25.72,-2.84));
#8689 = VECTOR('',#8690,1.);
#8690 = DIRECTION('',(0.,0.,1.));
#8691 = PCURVE('',#8692,#8697);
#8692 = PLANE('',#8693);
#8693 = AXIS2_PLACEMENT_3D('',#8694,#8695,#8696);
#8694 = CARTESIAN_POINT('',(2.86,-25.72,-2.84));
#8695 = DIRECTION('',(1.,0.,-0.));
#8696 = DIRECTION('',(0.,0.,1.));
#8697 = DEFINITIONAL_REPRESENTATION('',(#8698),#8702);
#8698 = LINE('',#8699,#8700);
#8699 = CARTESIAN_POINT('',(0.,0.));
#8700 = VECTOR('',#8701,1.);
#8701 = DIRECTION('',(1.,0.));
#8702 = ( GEOMETRIC_REPRESENTATION_CONTEXT(2) 
PARAMETRIC_REPRESENTATION_CONTEXT() REPRESENTATION_CONTEXT('2D SPACE',''
  ) );
#8703 = PCURVE('',#8584,#8704);
#8704 = DEFINITIONAL_REPRESENTATION('',(#8705),#8709);
#8705 = LINE('',#8706,#8707);
#8706 = CARTESIAN_POINT('',(0.,0.64));
#8707 = VECTOR('',#8708,1.);
#8708 = DIRECTION('',(1.,0.));
#8709 = ( GEOMETRIC_REPRESENTATION_CONTEXT(2) 
PARAMETRIC_REPRESENTATION_CONTEXT() REPRESENTATION_CONTEXT('2D SPACE',''
  ) );
#8710 = ORIENTED_EDGE('',*,*,#8711,.T.);
#8711 = EDGE_CURVE('',#8682,#8712,#8714,.T.);
#8712 = VERTEX_POINT('',#8713);
#8713 = CARTESIAN_POINT('',(2.86,-25.08,-2.84));
#8714 = SURFACE_CURVE('',#8715,(#8719,#8726),.PCURVE_S1.);
#8715 = LINE('',#8716,#8717);
#8716 = CARTESIAN_POINT('',(2.86,-25.72,-2.84));
#8717 = VECTOR('',#8718,1.);
#8718 = DIRECTION('',(-0.,1.,0.));
#8719 = PCURVE('',#8692,#8720);
#8720 = DEFINITIONAL_REPRESENTATION('',(#8721),#8725);
#8721 = LINE('',#8722,#8723);
#8722 = CARTESIAN_POINT('',(0.,0.));
#8723 = VECTOR('',#8724,1.);
#8724 = DIRECTION('',(0.,-1.));
#8725 = ( GEOMETRIC_REPRESENTATION_CONTEXT(2) 
PARAMETRIC_REPRESENTATION_CONTEXT() REPRESENTATION_CONTEXT('2D SPACE',''
  ) );
#8726 = PCURVE('',#8612,#8727);
#8727 = DEFINITIONAL_REPRESENTATION('',(#8728),#8732);
#8728 = LINE('',#8729,#8730);
#8729 = CARTESIAN_POINT('',(0.64,0.));
#8730 = VECTOR('',#8731,1.);
#8731 = DIRECTION('',(0.,1.));
#8732 = ( GEOMETRIC_REPRESENTATION_CONTEXT(2) 
PARAMETRIC_REPRESENTATION_CONTEXT() REPRESENTATION_CONTEXT('2D SPACE',''
  ) );
#8733 = ORIENTED_EDGE('',*,*,#8734,.T.);
#8734 = EDGE_CURVE('',#8712,#8735,#8737,.T.);
#8735 = VERTEX_POINT('',#8736);
#8736 = CARTESIAN_POINT('',(2.86,-25.08,9.95));
#8737 = SURFACE_CURVE('',#8738,(#8742,#8749),.PCURVE_S1.);
#8738 = LINE('',#8739,#8740);
#8739 = CARTESIAN_POINT('',(2.86,-25.08,-2.84));
#8740 = VECTOR('',#8741,1.);
#8741 = DIRECTION('',(0.,0.,1.));
#8742 = PCURVE('',#8692,#8743);
#8743 = DEFINITIONAL_REPRESENTATION('',(#8744),#8748);
#8744 = LINE('',#8745,#8746);
#8745 = CARTESIAN_POINT('',(0.,-0.64));
#8746 = VECTOR('',#8747,1.);
#8747 = DIRECTION('',(1.,0.));
#8748 = ( GEOMETRIC_REPRESENTATION_CONTEXT(2) 
PARAMETRIC_REPRESENTATION_CONTEXT() REPRESENTATION_CONTEXT('2D SPACE',''
  ) );
#8749 = PCURVE('',#8640,#8750);
#8750 = DEFINITIONAL_REPRESENTATION('',(#8751),#8755);
#8751 = LINE('',#8752,#8753);
#8752 = CARTESIAN_POINT('',(0.,0.64));
#8753 = VECTOR('',#8754,1.);
#8754 = DIRECTION('',(1.,0.));
#8755 = ( GEOMETRIC_REPRESENTATION_CONTEXT(2) 
PARAMETRIC_REPRESENTATION_CONTEXT() REPRESENTATION_CONTEXT('2D SPACE',''
  ) );
#8756 = ORIENTED_EDGE('',*,*,#8757,.F.);
#8757 = EDGE_CURVE('',#8684,#8735,#8758,.T.);
#8758 = SURFACE_CURVE('',#8759,(#8763,#8770),.PCURVE_S1.);
#8759 = LINE('',#8760,#8761);
#8760 = CARTESIAN_POINT('',(2.86,-25.72,9.95));
#8761 = VECTOR('',#8762,1.);
#8762 = DIRECTION('',(-0.,1.,0.));
#8763 = PCURVE('',#8692,#8764);
#8764 = DEFINITIONAL_REPRESENTATION('',(#8765),#8769);
#8765 = LINE('',#8766,#8767);
#8766 = CARTESIAN_POINT('',(12.79,0.));
#8767 = VECTOR('',#8768,1.);
#8768 = DIRECTION('',(0.,-1.));
#8769 = ( GEOMETRIC_REPRESENTATION_CONTEXT(2) 
PARAMETRIC_REPRESENTATION_CONTEXT() REPRESENTATION_CONTEXT('2D SPACE',''
  ) );
#8770 = PCURVE('',#8666,#8771);
#8771 = DEFINITIONAL_REPRESENTATION('',(#8772),#8776);
#8772 = LINE('',#8773,#8774);
#8773 = CARTESIAN_POINT('',(0.64,0.));
#8774 = VECTOR('',#8775,1.);
#8775 = DIRECTION('',(0.,1.));
#8776 = ( GEOMETRIC_REPRESENTATION_CONTEXT(2) 
PARAMETRIC_REPRESENTATION_CONTEXT() REPRESENTATION_CONTEXT('2D SPACE',''
  ) );
#8777 = ADVANCED_FACE('',(#8778),#8584,.F.);
#8778 = FACE_BOUND('',#8779,.F.);
#8779 = EDGE_LOOP('',(#8780,#8801,#8802,#8823));
#8780 = ORIENTED_EDGE('',*,*,#8781,.F.);
#8781 = EDGE_CURVE('',#8562,#8682,#8782,.T.);
#8782 = SURFACE_CURVE('',#8783,(#8787,#8794),.PCURVE_S1.);
#8783 = LINE('',#8784,#8785);
#8784 = CARTESIAN_POINT('',(2.22,-25.72,-2.84));
#8785 = VECTOR('',#8786,1.);
#8786 = DIRECTION('',(1.,0.,-0.));
#8787 = PCURVE('',#8584,#8788);
#8788 = DEFINITIONAL_REPRESENTATION('',(#8789),#8793);
#8789 = LINE('',#8790,#8791);
#8790 = CARTESIAN_POINT('',(0.,0.));
#8791 = VECTOR('',#8792,1.);
#8792 = DIRECTION('',(0.,1.));
#8793 = ( GEOMETRIC_REPRESENTATION_CONTEXT(2) 
PARAMETRIC_REPRESENTATION_CONTEXT() REPRESENTATION_CONTEXT('2D SPACE',''
  ) );
#8794 = PCURVE('',#8612,#8795);
#8795 = DEFINITIONAL_REPRESENTATION('',(#8796),#8800);
#8796 = LINE('',#8797,#8798);
#8797 = CARTESIAN_POINT('',(0.,0.));
#8798 = VECTOR('',#8799,1.);
#8799 = DIRECTION('',(1.,0.));
#8800 = ( GEOMETRIC_REPRESENTATION_CONTEXT(2) 
PARAMETRIC_REPRESENTATION_CONTEXT() REPRESENTATION_CONTEXT('2D SPACE',''
  ) );
#8801 = ORIENTED_EDGE('',*,*,#8561,.T.);
#8802 = ORIENTED_EDGE('',*,*,#8803,.T.);
#8803 = EDGE_CURVE('',#8564,#8684,#8804,.T.);
#8804 = SURFACE_CURVE('',#8805,(#8809,#8816),.PCURVE_S1.);
#8805 = LINE('',#8806,#8807);
#8806 = CARTESIAN_POINT('',(2.22,-25.72,9.95));
#8807 = VECTOR('',#8808,1.);
#8808 = DIRECTION('',(1.,0.,-0.));
#8809 = PCURVE('',#8584,#8810);
#8810 = DEFINITIONAL_REPRESENTATION('',(#8811),#8815);
#8811 = LINE('',#8812,#8813);
#8812 = CARTESIAN_POINT('',(12.79,0.));
#8813 = VECTOR('',#8814,1.);
#8814 = DIRECTION('',(0.,1.));
#8815 = ( GEOMETRIC_REPRESENTATION_CONTEXT(2) 
PARAMETRIC_REPRESENTATION_CONTEXT() REPRESENTATION_CONTEXT('2D SPACE',''
  ) );
#8816 = PCURVE('',#8666,#8817);
#8817 = DEFINITIONAL_REPRESENTATION('',(#8818),#8822);
#8818 = LINE('',#8819,#8820);
#8819 = CARTESIAN_POINT('',(0.,0.));
#8820 = VECTOR('',#8821,1.);
#8821 = DIRECTION('',(1.,0.));
#8822 = ( GEOMETRIC_REPRESENTATION_CONTEXT(2) 
PARAMETRIC_REPRESENTATION_CONTEXT() REPRESENTATION_CONTEXT('2D SPACE',''
  ) );
#8823 = ORIENTED_EDGE('',*,*,#8681,.F.);
#8824 = ADVANCED_FACE('',(#8825),#8640,.T.);
#8825 = FACE_BOUND('',#8826,.T.);
#8826 = EDGE_LOOP('',(#8827,#8848,#8849,#8870));
#8827 = ORIENTED_EDGE('',*,*,#8828,.F.);
#8828 = EDGE_CURVE('',#8597,#8712,#8829,.T.);
#8829 = SURFACE_CURVE('',#8830,(#8834,#8841),.PCURVE_S1.);
#8830 = LINE('',#8831,#8832);
#8831 = CARTESIAN_POINT('',(2.22,-25.08,-2.84));
#8832 = VECTOR('',#8833,1.);
#8833 = DIRECTION('',(1.,0.,-0.));
#8834 = PCURVE('',#8640,#8835);
#8835 = DEFINITIONAL_REPRESENTATION('',(#8836),#8840);
#8836 = LINE('',#8837,#8838);
#8837 = CARTESIAN_POINT('',(0.,0.));
#8838 = VECTOR('',#8839,1.);
#8839 = DIRECTION('',(0.,1.));
#8840 = ( GEOMETRIC_REPRESENTATION_CONTEXT(2) 
PARAMETRIC_REPRESENTATION_CONTEXT() REPRESENTATION_CONTEXT('2D SPACE',''
  ) );
#8841 = PCURVE('',#8612,#8842);
#8842 = DEFINITIONAL_REPRESENTATION('',(#8843),#8847);
#8843 = LINE('',#8844,#8845);
#8844 = CARTESIAN_POINT('',(0.,0.64));
#8845 = VECTOR('',#8846,1.);
#8846 = DIRECTION('',(1.,0.));
#8847 = ( GEOMETRIC_REPRESENTATION_CONTEXT(2) 
PARAMETRIC_REPRESENTATION_CONTEXT() REPRESENTATION_CONTEXT('2D SPACE',''
  ) );
#8848 = ORIENTED_EDGE('',*,*,#8624,.T.);
#8849 = ORIENTED_EDGE('',*,*,#8850,.T.);
#8850 = EDGE_CURVE('',#8625,#8735,#8851,.T.);
#8851 = SURFACE_CURVE('',#8852,(#8856,#8863),.PCURVE_S1.);
#8852 = LINE('',#8853,#8854);
#8853 = CARTESIAN_POINT('',(2.22,-25.08,9.95));
#8854 = VECTOR('',#8855,1.);
#8855 = DIRECTION('',(1.,0.,-0.));
#8856 = PCURVE('',#8640,#8857);
#8857 = DEFINITIONAL_REPRESENTATION('',(#8858),#8862);
#8858 = LINE('',#8859,#8860);
#8859 = CARTESIAN_POINT('',(12.79,0.));
#8860 = VECTOR('',#8861,1.);
#8861 = DIRECTION('',(0.,1.));
#8862 = ( GEOMETRIC_REPRESENTATION_CONTEXT(2) 
PARAMETRIC_REPRESENTATION_CONTEXT() REPRESENTATION_CONTEXT('2D SPACE',''
  ) );
#8863 = PCURVE('',#8666,#8864);
#8864 = DEFINITIONAL_REPRESENTATION('',(#8865),#8869);
#8865 = LINE('',#8866,#8867);
#8866 = CARTESIAN_POINT('',(0.,0.64));
#8867 = VECTOR('',#8868,1.);
#8868 = DIRECTION('',(1.,0.));
#8869 = ( GEOMETRIC_REPRESENTATION_CONTEXT(2) 
PARAMETRIC_REPRESENTATION_CONTEXT() REPRESENTATION_CONTEXT('2D SPACE',''
  ) );
#8870 = ORIENTED_EDGE('',*,*,#8734,.F.);
#8871 = ADVANCED_FACE('',(#8872),#8612,.F.);
#8872 = FACE_BOUND('',#8873,.F.);
#8873 = EDGE_LOOP('',(#8874,#8875,#8876,#8877));
#8874 = ORIENTED_EDGE('',*,*,#8596,.F.);
#8875 = ORIENTED_EDGE('',*,*,#8781,.T.);
#8876 = ORIENTED_EDGE('',*,*,#8711,.T.);
#8877 = ORIENTED_EDGE('',*,*,#8828,.F.);
#8878 = ADVANCED_FACE('',(#8879),#8666,.T.);
#8879 = FACE_BOUND('',#8880,.T.);
#8880 = EDGE_LOOP('',(#8881,#8882,#8883,#8884));
#8881 = ORIENTED_EDGE('',*,*,#8652,.F.);
#8882 = ORIENTED_EDGE('',*,*,#8803,.T.);
#8883 = ORIENTED_EDGE('',*,*,#8757,.T.);
#8884 = ORIENTED_EDGE('',*,*,#8850,.F.);
#8885 = ( GEOMETRIC_REPRESENTATION_CONTEXT(3) 
GLOBAL_UNCERTAINTY_ASSIGNED_CONTEXT((#8889)) 
GLOBAL_UNIT_ASSIGNED_CONTEXT((#8886,#8887,#8888)) REPRESENTATION_CONTEXT
('Context #1','3D Context with UNIT and UNCERTAINTY') );
#8886 = ( LENGTH_UNIT() NAMED_UNIT(*) SI_UNIT(.MILLI.,.METRE.) );
#8887 = ( NAMED_UNIT(*) PLANE_ANGLE_UNIT() SI_UNIT($,.RADIAN.) );
#8888 = ( NAMED_UNIT(*) SI_UNIT($,.STERADIAN.) SOLID_ANGLE_UNIT() );
#8889 = UNCERTAINTY_MEASURE_WITH_UNIT(LENGTH_MEASURE(1.E-07),#8886,
  'distance_accuracy_value','confusion accuracy');
#8890 = CONTEXT_DEPENDENT_SHAPE_REPRESENTATION(#8891,#8893);
#8891 = ( REPRESENTATION_RELATIONSHIP('','',#8554,#10) 
REPRESENTATION_RELATIONSHIP_WITH_TRANSFORMATION(#8892) 
SHAPE_REPRESENTATION_RELATIONSHIP() );
#8892 = ITEM_DEFINED_TRANSFORMATION('','',#11,#103);
#8893 = PRODUCT_DEFINITION_SHAPE('Placement','Placement of an item',
  #8894);
#8894 = NEXT_ASSEMBLY_USAGE_OCCURRENCE('317','','',#5,#8549,$);
#8895 = PRODUCT_RELATED_PRODUCT_CATEGORY('part',$,(#8551));
#8896 = SHAPE_DEFINITION_REPRESENTATION(#8897,#8903);
#8897 = PRODUCT_DEFINITION_SHAPE('','',#8898);
#8898 = PRODUCT_DEFINITION('design','',#8899,#8902);
#8899 = PRODUCT_DEFINITION_FORMATION('','',#8900);
#8900 = PRODUCT('Open CASCADE STEP translator 7.9 22.24',
  'Open CASCADE STEP translator 7.9 22.24','',(#8901));
#8901 = PRODUCT_CONTEXT('',#2,'mechanical');
#8902 = PRODUCT_DEFINITION_CONTEXT('part definition',#2,'design');
#8903 = ADVANCED_BREP_SHAPE_REPRESENTATION('',(#11,#8904),#9234);
#8904 = MANIFOLD_SOLID_BREP('',#8905);
#8905 = CLOSED_SHELL('',(#8906,#9026,#9126,#9173,#9220,#9227));
#8906 = ADVANCED_FACE('',(#8907),#8921,.F.);
#8907 = FACE_BOUND('',#8908,.F.);
#8908 = EDGE_LOOP('',(#8909,#8944,#8972,#9000));
#8909 = ORIENTED_EDGE('',*,*,#8910,.F.);
#8910 = EDGE_CURVE('',#8911,#8913,#8915,.T.);
#8911 = VERTEX_POINT('',#8912);
#8912 = CARTESIAN_POINT('',(-0.32,-28.26,-2.84));
#8913 = VERTEX_POINT('',#8914);
#8914 = CARTESIAN_POINT('',(-0.32,-28.26,9.95));
#8915 = SURFACE_CURVE('',#8916,(#8920,#8932),.PCURVE_S1.);
#8916 = LINE('',#8917,#8918);
#8917 = CARTESIAN_POINT('',(-0.32,-28.26,-2.84));
#8918 = VECTOR('',#8919,1.);
#8919 = DIRECTION('',(0.,0.,1.));
#8920 = PCURVE('',#8921,#8926);
#8921 = PLANE('',#8922);
#8922 = AXIS2_PLACEMENT_3D('',#8923,#8924,#8925);
#8923 = CARTESIAN_POINT('',(-0.32,-28.26,-2.84));
#8924 = DIRECTION('',(1.,0.,-0.));
#8925 = DIRECTION('',(0.,0.,1.));
#8926 = DEFINITIONAL_REPRESENTATION('',(#8927),#8931);
#8927 = LINE('',#8928,#8929);
#8928 = CARTESIAN_POINT('',(0.,0.));
#8929 = VECTOR('',#8930,1.);
#8930 = DIRECTION('',(1.,0.));
#8931 = ( GEOMETRIC_REPRESENTATION_CONTEXT(2) 
PARAMETRIC_REPRESENTATION_CONTEXT() REPRESENTATION_CONTEXT('2D SPACE',''
  ) );
#8932 = PCURVE('',#8933,#8938);
#8933 = PLANE('',#8934);
#8934 = AXIS2_PLACEMENT_3D('',#8935,#8936,#8937);
#8935 = CARTESIAN_POINT('',(-0.32,-28.26,-2.84));
#8936 = DIRECTION('',(-0.,1.,0.));
#8937 = DIRECTION('',(0.,0.,1.));
#8938 = DEFINITIONAL_REPRESENTATION('',(#8939),#8943);
#8939 = LINE('',#8940,#8941);
#8940 = CARTESIAN_POINT('',(0.,0.));
#8941 = VECTOR('',#8942,1.);
#8942 = DIRECTION('',(1.,0.));
#8943 = ( GEOMETRIC_REPRESENTATION_CONTEXT(2) 
PARAMETRIC_REPRESENTATION_CONTEXT() REPRESENTATION_CONTEXT('2D SPACE',''
  ) );
#8944 = ORIENTED_EDGE('',*,*,#8945,.T.);
#8945 = EDGE_CURVE('',#8911,#8946,#8948,.T.);
#8946 = VERTEX_POINT('',#8947);
#8947 = CARTESIAN_POINT('',(-0.32,-27.62,-2.84));
#8948 = SURFACE_CURVE('',#8949,(#8953,#8960),.PCURVE_S1.);
#8949 = LINE('',#8950,#8951);
#8950 = CARTESIAN_POINT('',(-0.32,-28.26,-2.84));
#8951 = VECTOR('',#8952,1.);
#8952 = DIRECTION('',(-0.,1.,0.));
#8953 = PCURVE('',#8921,#8954);
#8954 = DEFINITIONAL_REPRESENTATION('',(#8955),#8959);
#8955 = LINE('',#8956,#8957);
#8956 = CARTESIAN_POINT('',(0.,0.));
#8957 = VECTOR('',#8958,1.);
#8958 = DIRECTION('',(0.,-1.));
#8959 = ( GEOMETRIC_REPRESENTATION_CONTEXT(2) 
PARAMETRIC_REPRESENTATION_CONTEXT() REPRESENTATION_CONTEXT('2D SPACE',''
  ) );
#8960 = PCURVE('',#8961,#8966);
#8961 = PLANE('',#8962);
#8962 = AXIS2_PLACEMENT_3D('',#8963,#8964,#8965);
#8963 = CARTESIAN_POINT('',(-0.32,-28.26,-2.84));
#8964 = DIRECTION('',(0.,0.,1.));
#8965 = DIRECTION('',(1.,0.,-0.));
#8966 = DEFINITIONAL_REPRESENTATION('',(#8967),#8971);
#8967 = LINE('',#8968,#8969);
#8968 = CARTESIAN_POINT('',(0.,0.));
#8969 = VECTOR('',#8970,1.);
#8970 = DIRECTION('',(0.,1.));
#8971 = ( GEOMETRIC_REPRESENTATION_CONTEXT(2) 
PARAMETRIC_REPRESENTATION_CONTEXT() REPRESENTATION_CONTEXT('2D SPACE',''
  ) );
#8972 = ORIENTED_EDGE('',*,*,#8973,.T.);
#8973 = EDGE_CURVE('',#8946,#8974,#8976,.T.);
#8974 = VERTEX_POINT('',#8975);
#8975 = CARTESIAN_POINT('',(-0.32,-27.62,9.95));
#8976 = SURFACE_CURVE('',#8977,(#8981,#8988),.PCURVE_S1.);
#8977 = LINE('',#8978,#8979);
#8978 = CARTESIAN_POINT('',(-0.32,-27.62,-2.84));
#8979 = VECTOR('',#8980,1.);
#8980 = DIRECTION('',(0.,0.,1.));
#8981 = PCURVE('',#8921,#8982);
#8982 = DEFINITIONAL_REPRESENTATION('',(#8983),#8987);
#8983 = LINE('',#8984,#8985);
#8984 = CARTESIAN_POINT('',(0.,-0.64));
#8985 = VECTOR('',#8986,1.);
#8986 = DIRECTION('',(1.,0.));
#8987 = ( GEOMETRIC_REPRESENTATION_CONTEXT(2) 
PARAMETRIC_REPRESENTATION_CONTEXT() REPRESENTATION_CONTEXT('2D SPACE',''
  ) );
#8988 = PCURVE('',#8989,#8994);
#8989 = PLANE('',#8990);
#8990 = AXIS2_PLACEMENT_3D('',#8991,#8992,#8993);
#8991 = CARTESIAN_POINT('',(-0.32,-27.62,-2.84));
#8992 = DIRECTION('',(-0.,1.,0.));
#8993 = DIRECTION('',(0.,0.,1.));
#8994 = DEFINITIONAL_REPRESENTATION('',(#8995),#8999);
#8995 = LINE('',#8996,#8997);
#8996 = CARTESIAN_POINT('',(0.,0.));
#8997 = VECTOR('',#8998,1.);
#8998 = DIRECTION('',(1.,0.));
#8999 = ( GEOMETRIC_REPRESENTATION_CONTEXT(2) 
PARAMETRIC_REPRESENTATION_CONTEXT() REPRESENTATION_CONTEXT('2D SPACE',''
  ) );
#9000 = ORIENTED_EDGE('',*,*,#9001,.F.);
#9001 = EDGE_CURVE('',#8913,#8974,#9002,.T.);
#9002 = SURFACE_CURVE('',#9003,(#9007,#9014),.PCURVE_S1.);
#9003 = LINE('',#9004,#9005);
#9004 = CARTESIAN_POINT('',(-0.32,-28.26,9.95));
#9005 = VECTOR('',#9006,1.);
#9006 = DIRECTION('',(-0.,1.,0.));
#9007 = PCURVE('',#8921,#9008);
#9008 = DEFINITIONAL_REPRESENTATION('',(#9009),#9013);
#9009 = LINE('',#9010,#9011);
#9010 = CARTESIAN_POINT('',(12.79,0.));
#9011 = VECTOR('',#9012,1.);
#9012 = DIRECTION('',(0.,-1.));
#9013 = ( GEOMETRIC_REPRESENTATION_CONTEXT(2) 
PARAMETRIC_REPRESENTATION_CONTEXT() REPRESENTATION_CONTEXT('2D SPACE',''
  ) );
#9014 = PCURVE('',#9015,#9020);
#9015 = PLANE('',#9016);
#9016 = AXIS2_PLACEMENT_3D('',#9017,#9018,#9019);
#9017 = CARTESIAN_POINT('',(-0.32,-28.26,9.95));
#9018 = DIRECTION('',(0.,0.,1.));
#9019 = DIRECTION('',(1.,0.,-0.));
#9020 = DEFINITIONAL_REPRESENTATION('',(#9021),#9025);
#9021 = LINE('',#9022,#9023);
#9022 = CARTESIAN_POINT('',(0.,0.));
#9023 = VECTOR('',#9024,1.);
#9024 = DIRECTION('',(0.,1.));
#9025 = ( GEOMETRIC_REPRESENTATION_CONTEXT(2) 
PARAMETRIC_REPRESENTATION_CONTEXT() REPRESENTATION_CONTEXT('2D SPACE',''
  ) );
#9026 = ADVANCED_FACE('',(#9027),#9041,.T.);
#9027 = FACE_BOUND('',#9028,.T.);
#9028 = EDGE_LOOP('',(#9029,#9059,#9082,#9105));
#9029 = ORIENTED_EDGE('',*,*,#9030,.F.);
#9030 = EDGE_CURVE('',#9031,#9033,#9035,.T.);
#9031 = VERTEX_POINT('',#9032);
#9032 = CARTESIAN_POINT('',(0.32,-28.26,-2.84));
#9033 = VERTEX_POINT('',#9034);
#9034 = CARTESIAN_POINT('',(0.32,-28.26,9.95));
#9035 = SURFACE_CURVE('',#9036,(#9040,#9052),.PCURVE_S1.);
#9036 = LINE('',#9037,#9038);
#9037 = CARTESIAN_POINT('',(0.32,-28.26,-2.84));
#9038 = VECTOR('',#9039,1.);
#9039 = DIRECTION('',(0.,0.,1.));
#9040 = PCURVE('',#9041,#9046);
#9041 = PLANE('',#9042);
#9042 = AXIS2_PLACEMENT_3D('',#9043,#9044,#9045);
#9043 = CARTESIAN_POINT('',(0.32,-28.26,-2.84));
#9044 = DIRECTION('',(1.,0.,-0.));
#9045 = DIRECTION('',(0.,0.,1.));
#9046 = DEFINITIONAL_REPRESENTATION('',(#9047),#9051);
#9047 = LINE('',#9048,#9049);
#9048 = CARTESIAN_POINT('',(0.,0.));
#9049 = VECTOR('',#9050,1.);
#9050 = DIRECTION('',(1.,0.));
#9051 = ( GEOMETRIC_REPRESENTATION_CONTEXT(2) 
PARAMETRIC_REPRESENTATION_CONTEXT() REPRESENTATION_CONTEXT('2D SPACE',''
  ) );
#9052 = PCURVE('',#8933,#9053);
#9053 = DEFINITIONAL_REPRESENTATION('',(#9054),#9058);
#9054 = LINE('',#9055,#9056);
#9055 = CARTESIAN_POINT('',(0.,0.64));
#9056 = VECTOR('',#9057,1.);
#9057 = DIRECTION('',(1.,0.));
#9058 = ( GEOMETRIC_REPRESENTATION_CONTEXT(2) 
PARAMETRIC_REPRESENTATION_CONTEXT() REPRESENTATION_CONTEXT('2D SPACE',''
  ) );
#9059 = ORIENTED_EDGE('',*,*,#9060,.T.);
#9060 = EDGE_CURVE('',#9031,#9061,#9063,.T.);
#9061 = VERTEX_POINT('',#9062);
#9062 = CARTESIAN_POINT('',(0.32,-27.62,-2.84));
#9063 = SURFACE_CURVE('',#9064,(#9068,#9075),.PCURVE_S1.);
#9064 = LINE('',#9065,#9066);
#9065 = CARTESIAN_POINT('',(0.32,-28.26,-2.84));
#9066 = VECTOR('',#9067,1.);
#9067 = DIRECTION('',(-0.,1.,0.));
#9068 = PCURVE('',#9041,#9069);
#9069 = DEFINITIONAL_REPRESENTATION('',(#9070),#9074);
#9070 = LINE('',#9071,#9072);
#9071 = CARTESIAN_POINT('',(0.,0.));
#9072 = VECTOR('',#9073,1.);
#9073 = DIRECTION('',(0.,-1.));
#9074 = ( GEOMETRIC_REPRESENTATION_CONTEXT(2) 
PARAMETRIC_REPRESENTATION_CONTEXT() REPRESENTATION_CONTEXT('2D SPACE',''
  ) );
#9075 = PCURVE('',#8961,#9076);
#9076 = DEFINITIONAL_REPRESENTATION('',(#9077),#9081);
#9077 = LINE('',#9078,#9079);
#9078 = CARTESIAN_POINT('',(0.64,0.));
#9079 = VECTOR('',#9080,1.);
#9080 = DIRECTION('',(0.,1.));
#9081 = ( GEOMETRIC_REPRESENTATION_CONTEXT(2) 
PARAMETRIC_REPRESENTATION_CONTEXT() REPRESENTATION_CONTEXT('2D SPACE',''
  ) );
#9082 = ORIENTED_EDGE('',*,*,#9083,.T.);
#9083 = EDGE_CURVE('',#9061,#9084,#9086,.T.);
#9084 = VERTEX_POINT('',#9085);
#9085 = CARTESIAN_POINT('',(0.32,-27.62,9.95));
#9086 = SURFACE_CURVE('',#9087,(#9091,#9098),.PCURVE_S1.);
#9087 = LINE('',#9088,#9089);
#9088 = CARTESIAN_POINT('',(0.32,-27.62,-2.84));
#9089 = VECTOR('',#9090,1.);
#9090 = DIRECTION('',(0.,0.,1.));
#9091 = PCURVE('',#9041,#9092);
#9092 = DEFINITIONAL_REPRESENTATION('',(#9093),#9097);
#9093 = LINE('',#9094,#9095);
#9094 = CARTESIAN_POINT('',(0.,-0.64));
#9095 = VECTOR('',#9096,1.);
#9096 = DIRECTION('',(1.,0.));
#9097 = ( GEOMETRIC_REPRESENTATION_CONTEXT(2) 
PARAMETRIC_REPRESENTATION_CONTEXT() REPRESENTATION_CONTEXT('2D SPACE',''
  ) );
#9098 = PCURVE('',#8989,#9099);
#9099 = DEFINITIONAL_REPRESENTATION('',(#9100),#9104);
#9100 = LINE('',#9101,#9102);
#9101 = CARTESIAN_POINT('',(0.,0.64));
#9102 = VECTOR('',#9103,1.);
#9103 = DIRECTION('',(1.,0.));
#9104 = ( GEOMETRIC_REPRESENTATION_CONTEXT(2) 
PARAMETRIC_REPRESENTATION_CONTEXT() REPRESENTATION_CONTEXT('2D SPACE',''
  ) );
#9105 = ORIENTED_EDGE('',*,*,#9106,.F.);
#9106 = EDGE_CURVE('',#9033,#9084,#9107,.T.);
#9107 = SURFACE_CURVE('',#9108,(#9112,#9119),.PCURVE_S1.);
#9108 = LINE('',#9109,#9110);
#9109 = CARTESIAN_POINT('',(0.32,-28.26,9.95));
#9110 = VECTOR('',#9111,1.);
#9111 = DIRECTION('',(-0.,1.,0.));
#9112 = PCURVE('',#9041,#9113);
#9113 = DEFINITIONAL_REPRESENTATION('',(#9114),#9118);
#9114 = LINE('',#9115,#9116);
#9115 = CARTESIAN_POINT('',(12.79,0.));
#9116 = VECTOR('',#9117,1.);
#9117 = DIRECTION('',(0.,-1.));
#9118 = ( GEOMETRIC_REPRESENTATION_CONTEXT(2) 
PARAMETRIC_REPRESENTATION_CONTEXT() REPRESENTATION_CONTEXT('2D SPACE',''
  ) );
#9119 = PCURVE('',#9015,#9120);
#9120 = DEFINITIONAL_REPRESENTATION('',(#9121),#9125);
#9121 = LINE('',#9122,#9123);
#9122 = CARTESIAN_POINT('',(0.64,0.));
#9123 = VECTOR('',#9124,1.);
#9124 = DIRECTION('',(0.,1.));
#9125 = ( GEOMETRIC_REPRESENTATION_CONTEXT(2) 
PARAMETRIC_REPRESENTATION_CONTEXT() REPRESENTATION_CONTEXT('2D SPACE',''
  ) );
#9126 = ADVANCED_FACE('',(#9127),#8933,.F.);
#9127 = FACE_BOUND('',#9128,.F.);
#9128 = EDGE_LOOP('',(#9129,#9150,#9151,#9172));
#9129 = ORIENTED_EDGE('',*,*,#9130,.F.);
#9130 = EDGE_CURVE('',#8911,#9031,#9131,.T.);
#9131 = SURFACE_CURVE('',#9132,(#9136,#9143),.PCURVE_S1.);
#9132 = LINE('',#9133,#9134);
#9133 = CARTESIAN_POINT('',(-0.32,-28.26,-2.84));
#9134 = VECTOR('',#9135,1.);
#9135 = DIRECTION('',(1.,0.,-0.));
#9136 = PCURVE('',#8933,#9137);
#9137 = DEFINITIONAL_REPRESENTATION('',(#9138),#9142);
#9138 = LINE('',#9139,#9140);
#9139 = CARTESIAN_POINT('',(0.,0.));
#9140 = VECTOR('',#9141,1.);
#9141 = DIRECTION('',(0.,1.));
#9142 = ( GEOMETRIC_REPRESENTATION_CONTEXT(2) 
PARAMETRIC_REPRESENTATION_CONTEXT() REPRESENTATION_CONTEXT('2D SPACE',''
  ) );
#9143 = PCURVE('',#8961,#9144);
#9144 = DEFINITIONAL_REPRESENTATION('',(#9145),#9149);
#9145 = LINE('',#9146,#9147);
#9146 = CARTESIAN_POINT('',(0.,0.));
#9147 = VECTOR('',#9148,1.);
#9148 = DIRECTION('',(1.,0.));
#9149 = ( GEOMETRIC_REPRESENTATION_CONTEXT(2) 
PARAMETRIC_REPRESENTATION_CONTEXT() REPRESENTATION_CONTEXT('2D SPACE',''
  ) );
#9150 = ORIENTED_EDGE('',*,*,#8910,.T.);
#9151 = ORIENTED_EDGE('',*,*,#9152,.T.);
#9152 = EDGE_CURVE('',#8913,#9033,#9153,.T.);
#9153 = SURFACE_CURVE('',#9154,(#9158,#9165),.PCURVE_S1.);
#9154 = LINE('',#9155,#9156);
#9155 = CARTESIAN_POINT('',(-0.32,-28.26,9.95));
#9156 = VECTOR('',#9157,1.);
#9157 = DIRECTION('',(1.,0.,-0.));
#9158 = PCURVE('',#8933,#9159);
#9159 = DEFINITIONAL_REPRESENTATION('',(#9160),#9164);
#9160 = LINE('',#9161,#9162);
#9161 = CARTESIAN_POINT('',(12.79,0.));
#9162 = VECTOR('',#9163,1.);
#9163 = DIRECTION('',(0.,1.));
#9164 = ( GEOMETRIC_REPRESENTATION_CONTEXT(2) 
PARAMETRIC_REPRESENTATION_CONTEXT() REPRESENTATION_CONTEXT('2D SPACE',''
  ) );
#9165 = PCURVE('',#9015,#9166);
#9166 = DEFINITIONAL_REPRESENTATION('',(#9167),#9171);
#9167 = LINE('',#9168,#9169);
#9168 = CARTESIAN_POINT('',(0.,0.));
#9169 = VECTOR('',#9170,1.);
#9170 = DIRECTION('',(1.,0.));
#9171 = ( GEOMETRIC_REPRESENTATION_CONTEXT(2) 
PARAMETRIC_REPRESENTATION_CONTEXT() REPRESENTATION_CONTEXT('2D SPACE',''
  ) );
#9172 = ORIENTED_EDGE('',*,*,#9030,.F.);
#9173 = ADVANCED_FACE('',(#9174),#8989,.T.);
#9174 = FACE_BOUND('',#9175,.T.);
#9175 = EDGE_LOOP('',(#9176,#9197,#9198,#9219));
#9176 = ORIENTED_EDGE('',*,*,#9177,.F.);
#9177 = EDGE_CURVE('',#8946,#9061,#9178,.T.);
#9178 = SURFACE_CURVE('',#9179,(#9183,#9190),.PCURVE_S1.);
#9179 = LINE('',#9180,#9181);
#9180 = CARTESIAN_POINT('',(-0.32,-27.62,-2.84));
#9181 = VECTOR('',#9182,1.);
#9182 = DIRECTION('',(1.,0.,-0.));
#9183 = PCURVE('',#8989,#9184);
#9184 = DEFINITIONAL_REPRESENTATION('',(#9185),#9189);
#9185 = LINE('',#9186,#9187);
#9186 = CARTESIAN_POINT('',(0.,0.));
#9187 = VECTOR('',#9188,1.);
#9188 = DIRECTION('',(0.,1.));
#9189 = ( GEOMETRIC_REPRESENTATION_CONTEXT(2) 
PARAMETRIC_REPRESENTATION_CONTEXT() REPRESENTATION_CONTEXT('2D SPACE',''
  ) );
#9190 = PCURVE('',#8961,#9191);
#9191 = DEFINITIONAL_REPRESENTATION('',(#9192),#9196);
#9192 = LINE('',#9193,#9194);
#9193 = CARTESIAN_POINT('',(0.,0.64));
#9194 = VECTOR('',#9195,1.);
#9195 = DIRECTION('',(1.,0.));
#9196 = ( GEOMETRIC_REPRESENTATION_CONTEXT(2) 
PARAMETRIC_REPRESENTATION_CONTEXT() REPRESENTATION_CONTEXT('2D SPACE',''
  ) );
#9197 = ORIENTED_EDGE('',*,*,#8973,.T.);
#9198 = ORIENTED_EDGE('',*,*,#9199,.T.);
#9199 = EDGE_CURVE('',#8974,#9084,#9200,.T.);
#9200 = SURFACE_CURVE('',#9201,(#9205,#9212),.PCURVE_S1.);
#9201 = LINE('',#9202,#9203);
#9202 = CARTESIAN_POINT('',(-0.32,-27.62,9.95));
#9203 = VECTOR('',#9204,1.);
#9204 = DIRECTION('',(1.,0.,-0.));
#9205 = PCURVE('',#8989,#9206);
#9206 = DEFINITIONAL_REPRESENTATION('',(#9207),#9211);
#9207 = LINE('',#9208,#9209);
#9208 = CARTESIAN_POINT('',(12.79,0.));
#9209 = VECTOR('',#9210,1.);
#9210 = DIRECTION('',(0.,1.));
#9211 = ( GEOMETRIC_REPRESENTATION_CONTEXT(2) 
PARAMETRIC_REPRESENTATION_CONTEXT() REPRESENTATION_CONTEXT('2D SPACE',''
  ) );
#9212 = PCURVE('',#9015,#9213);
#9213 = DEFINITIONAL_REPRESENTATION('',(#9214),#9218);
#9214 = LINE('',#9215,#9216);
#9215 = CARTESIAN_POINT('',(0.,0.64));
#9216 = VECTOR('',#9217,1.);
#9217 = DIRECTION('',(1.,0.));
#9218 = ( GEOMETRIC_REPRESENTATION_CONTEXT(2) 
PARAMETRIC_REPRESENTATION_CONTEXT() REPRESENTATION_CONTEXT('2D SPACE',''
  ) );
#9219 = ORIENTED_EDGE('',*,*,#9083,.F.);
#9220 = ADVANCED_FACE('',(#9221),#8961,.F.);
#9221 = FACE_BOUND('',#9222,.F.);
#9222 = EDGE_LOOP('',(#9223,#9224,#9225,#9226));
#9223 = ORIENTED_EDGE('',*,*,#8945,.F.);
#9224 = ORIENTED_EDGE('',*,*,#9130,.T.);
#9225 = ORIENTED_EDGE('',*,*,#9060,.T.);
#9226 = ORIENTED_EDGE('',*,*,#9177,.F.);
#9227 = ADVANCED_FACE('',(#9228),#9015,.T.);
#9228 = FACE_BOUND('',#9229,.T.);
#9229 = EDGE_LOOP('',(#9230,#9231,#9232,#9233));
#9230 = ORIENTED_EDGE('',*,*,#9001,.F.);
#9231 = ORIENTED_EDGE('',*,*,#9152,.T.);
#9232 = ORIENTED_EDGE('',*,*,#9106,.T.);
#9233 = ORIENTED_EDGE('',*,*,#9199,.F.);
#9234 = ( GEOMETRIC_REPRESENTATION_CONTEXT(3) 
GLOBAL_UNCERTAINTY_ASSIGNED_CONTEXT((#9238)) 
GLOBAL_UNIT_ASSIGNED_CONTEXT((#9235,#9236,#9237)) REPRESENTATION_CONTEXT
('Context #1','3D Context with UNIT and UNCERTAINTY') );
#9235 = ( LENGTH_UNIT() NAMED_UNIT(*) SI_UNIT(.MILLI.,.METRE.) );
#9236 = ( NAMED_UNIT(*) PLANE_ANGLE_UNIT() SI_UNIT($,.RADIAN.) );
#9237 = ( NAMED_UNIT(*) SI_UNIT($,.STERADIAN.) SOLID_ANGLE_UNIT() );
#9238 = UNCERTAINTY_MEASURE_WITH_UNIT(LENGTH_MEASURE(1.E-07),#9235,
  'distance_accuracy_value','confusion accuracy');
#9239 = CONTEXT_DEPENDENT_SHAPE_REPRESENTATION(#9240,#9242);
#9240 = ( REPRESENTATION_RELATIONSHIP('','',#8903,#10) 
REPRESENTATION_RELATIONSHIP_WITH_TRANSFORMATION(#9241) 
SHAPE_REPRESENTATION_RELATIONSHIP() );
#9241 = ITEM_DEFINED_TRANSFORMATION('','',#11,#107);
#9242 = PRODUCT_DEFINITION_SHAPE('Placement','Placement of an item',
  #9243);
#9243 = NEXT_ASSEMBLY_USAGE_OCCURRENCE('318','','',#5,#8898,$);
#9244 = PRODUCT_RELATED_PRODUCT_CATEGORY('part',$,(#8900));
#9245 = SHAPE_DEFINITION_REPRESENTATION(#9246,#9252);
#9246 = PRODUCT_DEFINITION_SHAPE('','',#9247);
#9247 = PRODUCT_DEFINITION('design','',#9248,#9251);
#9248 = PRODUCT_DEFINITION_FORMATION('','',#9249);
#9249 = PRODUCT('Open CASCADE STEP translator 7.9 22.25',
  'Open CASCADE STEP translator 7.9 22.25','',(#9250));
#9250 = PRODUCT_CONTEXT('',#2,'mechanical');
#9251 = PRODUCT_DEFINITION_CONTEXT('part definition',#2,'design');
#9252 = ADVANCED_BREP_SHAPE_REPRESENTATION('',(#11,#9253),#9583);
#9253 = MANIFOLD_SOLID_BREP('',#9254);
#9254 = CLOSED_SHELL('',(#9255,#9375,#9475,#9522,#9569,#9576));
#9255 = ADVANCED_FACE('',(#9256),#9270,.F.);
#9256 = FACE_BOUND('',#9257,.F.);
#9257 = EDGE_LOOP('',(#9258,#9293,#9321,#9349));
#9258 = ORIENTED_EDGE('',*,*,#9259,.F.);
#9259 = EDGE_CURVE('',#9260,#9262,#9264,.T.);
#9260 = VERTEX_POINT('',#9261);
#9261 = CARTESIAN_POINT('',(2.22,-28.26,-2.84));
#9262 = VERTEX_POINT('',#9263);
#9263 = CARTESIAN_POINT('',(2.22,-28.26,9.95));
#9264 = SURFACE_CURVE('',#9265,(#9269,#9281),.PCURVE_S1.);
#9265 = LINE('',#9266,#9267);
#9266 = CARTESIAN_POINT('',(2.22,-28.26,-2.84));
#9267 = VECTOR('',#9268,1.);
#9268 = DIRECTION('',(0.,0.,1.));
#9269 = PCURVE('',#9270,#9275);
#9270 = PLANE('',#9271);
#9271 = AXIS2_PLACEMENT_3D('',#9272,#9273,#9274);
#9272 = CARTESIAN_POINT('',(2.22,-28.26,-2.84));
#9273 = DIRECTION('',(1.,0.,-0.));
#9274 = DIRECTION('',(0.,0.,1.));
#9275 = DEFINITIONAL_REPRESENTATION('',(#9276),#9280);
#9276 = LINE('',#9277,#9278);
#9277 = CARTESIAN_POINT('',(0.,0.));
#9278 = VECTOR('',#9279,1.);
#9279 = DIRECTION('',(1.,0.));
#9280 = ( GEOMETRIC_REPRESENTATION_CONTEXT(2) 
PARAMETRIC_REPRESENTATION_CONTEXT() REPRESENTATION_CONTEXT('2D SPACE',''
  ) );
#9281 = PCURVE('',#9282,#9287);
#9282 = PLANE('',#9283);
#9283 = AXIS2_PLACEMENT_3D('',#9284,#9285,#9286);
#9284 = CARTESIAN_POINT('',(2.22,-28.26,-2.84));
#9285 = DIRECTION('',(-0.,1.,0.));
#9286 = DIRECTION('',(0.,0.,1.));
#9287 = DEFINITIONAL_REPRESENTATION('',(#9288),#9292);
#9288 = LINE('',#9289,#9290);
#9289 = CARTESIAN_POINT('',(0.,0.));
#9290 = VECTOR('',#9291,1.);
#9291 = DIRECTION('',(1.,0.));
#9292 = ( GEOMETRIC_REPRESENTATION_CONTEXT(2) 
PARAMETRIC_REPRESENTATION_CONTEXT() REPRESENTATION_CONTEXT('2D SPACE',''
  ) );
#9293 = ORIENTED_EDGE('',*,*,#9294,.T.);
#9294 = EDGE_CURVE('',#9260,#9295,#9297,.T.);
#9295 = VERTEX_POINT('',#9296);
#9296 = CARTESIAN_POINT('',(2.22,-27.62,-2.84));
#9297 = SURFACE_CURVE('',#9298,(#9302,#9309),.PCURVE_S1.);
#9298 = LINE('',#9299,#9300);
#9299 = CARTESIAN_POINT('',(2.22,-28.26,-2.84));
#9300 = VECTOR('',#9301,1.);
#9301 = DIRECTION('',(-0.,1.,0.));
#9302 = PCURVE('',#9270,#9303);
#9303 = DEFINITIONAL_REPRESENTATION('',(#9304),#9308);
#9304 = LINE('',#9305,#9306);
#9305 = CARTESIAN_POINT('',(0.,0.));
#9306 = VECTOR('',#9307,1.);
#9307 = DIRECTION('',(0.,-1.));
#9308 = ( GEOMETRIC_REPRESENTATION_CONTEXT(2) 
PARAMETRIC_REPRESENTATION_CONTEXT() REPRESENTATION_CONTEXT('2D SPACE',''
  ) );
#9309 = PCURVE('',#9310,#9315);
#9310 = PLANE('',#9311);
#9311 = AXIS2_PLACEMENT_3D('',#9312,#9313,#9314);
#9312 = CARTESIAN_POINT('',(2.22,-28.26,-2.84));
#9313 = DIRECTION('',(0.,0.,1.));
#9314 = DIRECTION('',(1.,0.,-0.));
#9315 = DEFINITIONAL_REPRESENTATION('',(#9316),#9320);
#9316 = LINE('',#9317,#9318);
#9317 = CARTESIAN_POINT('',(0.,0.));
#9318 = VECTOR('',#9319,1.);
#9319 = DIRECTION('',(0.,1.));
#9320 = ( GEOMETRIC_REPRESENTATION_CONTEXT(2) 
PARAMETRIC_REPRESENTATION_CONTEXT() REPRESENTATION_CONTEXT('2D SPACE',''
  ) );
#9321 = ORIENTED_EDGE('',*,*,#9322,.T.);
#9322 = EDGE_CURVE('',#9295,#9323,#9325,.T.);
#9323 = VERTEX_POINT('',#9324);
#9324 = CARTESIAN_POINT('',(2.22,-27.62,9.95));
#9325 = SURFACE_CURVE('',#9326,(#9330,#9337),.PCURVE_S1.);
#9326 = LINE('',#9327,#9328);
#9327 = CARTESIAN_POINT('',(2.22,-27.62,-2.84));
#9328 = VECTOR('',#9329,1.);
#9329 = DIRECTION('',(0.,0.,1.));
#9330 = PCURVE('',#9270,#9331);
#9331 = DEFINITIONAL_REPRESENTATION('',(#9332),#9336);
#9332 = LINE('',#9333,#9334);
#9333 = CARTESIAN_POINT('',(0.,-0.64));
#9334 = VECTOR('',#9335,1.);
#9335 = DIRECTION('',(1.,0.));
#9336 = ( GEOMETRIC_REPRESENTATION_CONTEXT(2) 
PARAMETRIC_REPRESENTATION_CONTEXT() REPRESENTATION_CONTEXT('2D SPACE',''
  ) );
#9337 = PCURVE('',#9338,#9343);
#9338 = PLANE('',#9339);
#9339 = AXIS2_PLACEMENT_3D('',#9340,#9341,#9342);
#9340 = CARTESIAN_POINT('',(2.22,-27.62,-2.84));
#9341 = DIRECTION('',(-0.,1.,0.));
#9342 = DIRECTION('',(0.,0.,1.));
#9343 = DEFINITIONAL_REPRESENTATION('',(#9344),#9348);
#9344 = LINE('',#9345,#9346);
#9345 = CARTESIAN_POINT('',(0.,0.));
#9346 = VECTOR('',#9347,1.);
#9347 = DIRECTION('',(1.,0.));
#9348 = ( GEOMETRIC_REPRESENTATION_CONTEXT(2) 
PARAMETRIC_REPRESENTATION_CONTEXT() REPRESENTATION_CONTEXT('2D SPACE',''
  ) );
#9349 = ORIENTED_EDGE('',*,*,#9350,.F.);
#9350 = EDGE_CURVE('',#9262,#9323,#9351,.T.);
#9351 = SURFACE_CURVE('',#9352,(#9356,#9363),.PCURVE_S1.);
#9352 = LINE('',#9353,#9354);
#9353 = CARTESIAN_POINT('',(2.22,-28.26,9.95));
#9354 = VECTOR('',#9355,1.);
#9355 = DIRECTION('',(-0.,1.,0.));
#9356 = PCURVE('',#9270,#9357);
#9357 = DEFINITIONAL_REPRESENTATION('',(#9358),#9362);
#9358 = LINE('',#9359,#9360);
#9359 = CARTESIAN_POINT('',(12.79,0.));
#9360 = VECTOR('',#9361,1.);
#9361 = DIRECTION('',(0.,-1.));
#9362 = ( GEOMETRIC_REPRESENTATION_CONTEXT(2) 
PARAMETRIC_REPRESENTATION_CONTEXT() REPRESENTATION_CONTEXT('2D SPACE',''
  ) );
#9363 = PCURVE('',#9364,#9369);
#9364 = PLANE('',#9365);
#9365 = AXIS2_PLACEMENT_3D('',#9366,#9367,#9368);
#9366 = CARTESIAN_POINT('',(2.22,-28.26,9.95));
#9367 = DIRECTION('',(0.,0.,1.));
#9368 = DIRECTION('',(1.,0.,-0.));
#9369 = DEFINITIONAL_REPRESENTATION('',(#9370),#9374);
#9370 = LINE('',#9371,#9372);
#9371 = CARTESIAN_POINT('',(0.,0.));
#9372 = VECTOR('',#9373,1.);
#9373 = DIRECTION('',(0.,1.));
#9374 = ( GEOMETRIC_REPRESENTATION_CONTEXT(2) 
PARAMETRIC_REPRESENTATION_CONTEXT() REPRESENTATION_CONTEXT('2D SPACE',''
  ) );
#9375 = ADVANCED_FACE('',(#9376),#9390,.T.);
#9376 = FACE_BOUND('',#9377,.T.);
#9377 = EDGE_LOOP('',(#9378,#9408,#9431,#9454));
#9378 = ORIENTED_EDGE('',*,*,#9379,.F.);
#9379 = EDGE_CURVE('',#9380,#9382,#9384,.T.);
#9380 = VERTEX_POINT('',#9381);
#9381 = CARTESIAN_POINT('',(2.86,-28.26,-2.84));
#9382 = VERTEX_POINT('',#9383);
#9383 = CARTESIAN_POINT('',(2.86,-28.26,9.95));
#9384 = SURFACE_CURVE('',#9385,(#9389,#9401),.PCURVE_S1.);
#9385 = LINE('',#9386,#9387);
#9386 = CARTESIAN_POINT('',(2.86,-28.26,-2.84));
#9387 = VECTOR('',#9388,1.);
#9388 = DIRECTION('',(0.,0.,1.));
#9389 = PCURVE('',#9390,#9395);
#9390 = PLANE('',#9391);
#9391 = AXIS2_PLACEMENT_3D('',#9392,#9393,#9394);
#9392 = CARTESIAN_POINT('',(2.86,-28.26,-2.84));
#9393 = DIRECTION('',(1.,0.,-0.));
#9394 = DIRECTION('',(0.,0.,1.));
#9395 = DEFINITIONAL_REPRESENTATION('',(#9396),#9400);
#9396 = LINE('',#9397,#9398);
#9397 = CARTESIAN_POINT('',(0.,0.));
#9398 = VECTOR('',#9399,1.);
#9399 = DIRECTION('',(1.,0.));
#9400 = ( GEOMETRIC_REPRESENTATION_CONTEXT(2) 
PARAMETRIC_REPRESENTATION_CONTEXT() REPRESENTATION_CONTEXT('2D SPACE',''
  ) );
#9401 = PCURVE('',#9282,#9402);
#9402 = DEFINITIONAL_REPRESENTATION('',(#9403),#9407);
#9403 = LINE('',#9404,#9405);
#9404 = CARTESIAN_POINT('',(0.,0.64));
#9405 = VECTOR('',#9406,1.);
#9406 = DIRECTION('',(1.,0.));
#9407 = ( GEOMETRIC_REPRESENTATION_CONTEXT(2) 
PARAMETRIC_REPRESENTATION_CONTEXT() REPRESENTATION_CONTEXT('2D SPACE',''
  ) );
#9408 = ORIENTED_EDGE('',*,*,#9409,.T.);
#9409 = EDGE_CURVE('',#9380,#9410,#9412,.T.);
#9410 = VERTEX_POINT('',#9411);
#9411 = CARTESIAN_POINT('',(2.86,-27.62,-2.84));
#9412 = SURFACE_CURVE('',#9413,(#9417,#9424),.PCURVE_S1.);
#9413 = LINE('',#9414,#9415);
#9414 = CARTESIAN_POINT('',(2.86,-28.26,-2.84));
#9415 = VECTOR('',#9416,1.);
#9416 = DIRECTION('',(-0.,1.,0.));
#9417 = PCURVE('',#9390,#9418);
#9418 = DEFINITIONAL_REPRESENTATION('',(#9419),#9423);
#9419 = LINE('',#9420,#9421);
#9420 = CARTESIAN_POINT('',(0.,0.));
#9421 = VECTOR('',#9422,1.);
#9422 = DIRECTION('',(0.,-1.));
#9423 = ( GEOMETRIC_REPRESENTATION_CONTEXT(2) 
PARAMETRIC_REPRESENTATION_CONTEXT() REPRESENTATION_CONTEXT('2D SPACE',''
  ) );
#9424 = PCURVE('',#9310,#9425);
#9425 = DEFINITIONAL_REPRESENTATION('',(#9426),#9430);
#9426 = LINE('',#9427,#9428);
#9427 = CARTESIAN_POINT('',(0.64,0.));
#9428 = VECTOR('',#9429,1.);
#9429 = DIRECTION('',(0.,1.));
#9430 = ( GEOMETRIC_REPRESENTATION_CONTEXT(2) 
PARAMETRIC_REPRESENTATION_CONTEXT() REPRESENTATION_CONTEXT('2D SPACE',''
  ) );
#9431 = ORIENTED_EDGE('',*,*,#9432,.T.);
#9432 = EDGE_CURVE('',#9410,#9433,#9435,.T.);
#9433 = VERTEX_POINT('',#9434);
#9434 = CARTESIAN_POINT('',(2.86,-27.62,9.95));
#9435 = SURFACE_CURVE('',#9436,(#9440,#9447),.PCURVE_S1.);
#9436 = LINE('',#9437,#9438);
#9437 = CARTESIAN_POINT('',(2.86,-27.62,-2.84));
#9438 = VECTOR('',#9439,1.);
#9439 = DIRECTION('',(0.,0.,1.));
#9440 = PCURVE('',#9390,#9441);
#9441 = DEFINITIONAL_REPRESENTATION('',(#9442),#9446);
#9442 = LINE('',#9443,#9444);
#9443 = CARTESIAN_POINT('',(0.,-0.64));
#9444 = VECTOR('',#9445,1.);
#9445 = DIRECTION('',(1.,0.));
#9446 = ( GEOMETRIC_REPRESENTATION_CONTEXT(2) 
PARAMETRIC_REPRESENTATION_CONTEXT() REPRESENTATION_CONTEXT('2D SPACE',''
  ) );
#9447 = PCURVE('',#9338,#9448);
#9448 = DEFINITIONAL_REPRESENTATION('',(#9449),#9453);
#9449 = LINE('',#9450,#9451);
#9450 = CARTESIAN_POINT('',(0.,0.64));
#9451 = VECTOR('',#9452,1.);
#9452 = DIRECTION('',(1.,0.));
#9453 = ( GEOMETRIC_REPRESENTATION_CONTEXT(2) 
PARAMETRIC_REPRESENTATION_CONTEXT() REPRESENTATION_CONTEXT('2D SPACE',''
  ) );
#9454 = ORIENTED_EDGE('',*,*,#9455,.F.);
#9455 = EDGE_CURVE('',#9382,#9433,#9456,.T.);
#9456 = SURFACE_CURVE('',#9457,(#9461,#9468),.PCURVE_S1.);
#9457 = LINE('',#9458,#9459);
#9458 = CARTESIAN_POINT('',(2.86,-28.26,9.95));
#9459 = VECTOR('',#9460,1.);
#9460 = DIRECTION('',(-0.,1.,0.));
#9461 = PCURVE('',#9390,#9462);
#9462 = DEFINITIONAL_REPRESENTATION('',(#9463),#9467);
#9463 = LINE('',#9464,#9465);
#9464 = CARTESIAN_POINT('',(12.79,0.));
#9465 = VECTOR('',#9466,1.);
#9466 = DIRECTION('',(0.,-1.));
#9467 = ( GEOMETRIC_REPRESENTATION_CONTEXT(2) 
PARAMETRIC_REPRESENTATION_CONTEXT() REPRESENTATION_CONTEXT('2D SPACE',''
  ) );
#9468 = PCURVE('',#9364,#9469);
#9469 = DEFINITIONAL_REPRESENTATION('',(#9470),#9474);
#9470 = LINE('',#9471,#9472);
#9471 = CARTESIAN_POINT('',(0.64,0.));
#9472 = VECTOR('',#9473,1.);
#9473 = DIRECTION('',(0.,1.));
#9474 = ( GEOMETRIC_REPRESENTATION_CONTEXT(2) 
PARAMETRIC_REPRESENTATION_CONTEXT() REPRESENTATION_CONTEXT('2D SPACE',''
  ) );
#9475 = ADVANCED_FACE('',(#9476),#9282,.F.);
#9476 = FACE_BOUND('',#9477,.F.);
#9477 = EDGE_LOOP('',(#9478,#9499,#9500,#9521));
#9478 = ORIENTED_EDGE('',*,*,#9479,.F.);
#9479 = EDGE_CURVE('',#9260,#9380,#9480,.T.);
#9480 = SURFACE_CURVE('',#9481,(#9485,#9492),.PCURVE_S1.);
#9481 = LINE('',#9482,#9483);
#9482 = CARTESIAN_POINT('',(2.22,-28.26,-2.84));
#9483 = VECTOR('',#9484,1.);
#9484 = DIRECTION('',(1.,0.,-0.));
#9485 = PCURVE('',#9282,#9486);
#9486 = DEFINITIONAL_REPRESENTATION('',(#9487),#9491);
#9487 = LINE('',#9488,#9489);
#9488 = CARTESIAN_POINT('',(0.,0.));
#9489 = VECTOR('',#9490,1.);
#9490 = DIRECTION('',(0.,1.));
#9491 = ( GEOMETRIC_REPRESENTATION_CONTEXT(2) 
PARAMETRIC_REPRESENTATION_CONTEXT() REPRESENTATION_CONTEXT('2D SPACE',''
  ) );
#9492 = PCURVE('',#9310,#9493);
#9493 = DEFINITIONAL_REPRESENTATION('',(#9494),#9498);
#9494 = LINE('',#9495,#9496);
#9495 = CARTESIAN_POINT('',(0.,0.));
#9496 = VECTOR('',#9497,1.);
#9497 = DIRECTION('',(1.,0.));
#9498 = ( GEOMETRIC_REPRESENTATION_CONTEXT(2) 
PARAMETRIC_REPRESENTATION_CONTEXT() REPRESENTATION_CONTEXT('2D SPACE',''
  ) );
#9499 = ORIENTED_EDGE('',*,*,#9259,.T.);
#9500 = ORIENTED_EDGE('',*,*,#9501,.T.);
#9501 = EDGE_CURVE('',#9262,#9382,#9502,.T.);
#9502 = SURFACE_CURVE('',#9503,(#9507,#9514),.PCURVE_S1.);
#9503 = LINE('',#9504,#9505);
#9504 = CARTESIAN_POINT('',(2.22,-28.26,9.95));
#9505 = VECTOR('',#9506,1.);
#9506 = DIRECTION('',(1.,0.,-0.));
#9507 = PCURVE('',#9282,#9508);
#9508 = DEFINITIONAL_REPRESENTATION('',(#9509),#9513);
#9509 = LINE('',#9510,#9511);
#9510 = CARTESIAN_POINT('',(12.79,0.));
#9511 = VECTOR('',#9512,1.);
#9512 = DIRECTION('',(0.,1.));
#9513 = ( GEOMETRIC_REPRESENTATION_CONTEXT(2) 
PARAMETRIC_REPRESENTATION_CONTEXT() REPRESENTATION_CONTEXT('2D SPACE',''
  ) );
#9514 = PCURVE('',#9364,#9515);
#9515 = DEFINITIONAL_REPRESENTATION('',(#9516),#9520);
#9516 = LINE('',#9517,#9518);
#9517 = CARTESIAN_POINT('',(0.,0.));
#9518 = VECTOR('',#9519,1.);
#9519 = DIRECTION('',(1.,0.));
#9520 = ( GEOMETRIC_REPRESENTATION_CONTEXT(2) 
PARAMETRIC_REPRESENTATION_CONTEXT() REPRESENTATION_CONTEXT('2D SPACE',''
  ) );
#9521 = ORIENTED_EDGE('',*,*,#9379,.F.);
#9522 = ADVANCED_FACE('',(#9523),#9338,.T.);
#9523 = FACE_BOUND('',#9524,.T.);
#9524 = EDGE_LOOP('',(#9525,#9546,#9547,#9568));
#9525 = ORIENTED_EDGE('',*,*,#9526,.F.);
#9526 = EDGE_CURVE('',#9295,#9410,#9527,.T.);
#9527 = SURFACE_CURVE('',#9528,(#9532,#9539),.PCURVE_S1.);
#9528 = LINE('',#9529,#9530);
#9529 = CARTESIAN_POINT('',(2.22,-27.62,-2.84));
#9530 = VECTOR('',#9531,1.);
#9531 = DIRECTION('',(1.,0.,-0.));
#9532 = PCURVE('',#9338,#9533);
#9533 = DEFINITIONAL_REPRESENTATION('',(#9534),#9538);
#9534 = LINE('',#9535,#9536);
#9535 = CARTESIAN_POINT('',(0.,0.));
#9536 = VECTOR('',#9537,1.);
#9537 = DIRECTION('',(0.,1.));
#9538 = ( GEOMETRIC_REPRESENTATION_CONTEXT(2) 
PARAMETRIC_REPRESENTATION_CONTEXT() REPRESENTATION_CONTEXT('2D SPACE',''
  ) );
#9539 = PCURVE('',#9310,#9540);
#9540 = DEFINITIONAL_REPRESENTATION('',(#9541),#9545);
#9541 = LINE('',#9542,#9543);
#9542 = CARTESIAN_POINT('',(0.,0.64));
#9543 = VECTOR('',#9544,1.);
#9544 = DIRECTION('',(1.,0.));
#9545 = ( GEOMETRIC_REPRESENTATION_CONTEXT(2) 
PARAMETRIC_REPRESENTATION_CONTEXT() REPRESENTATION_CONTEXT('2D SPACE',''
  ) );
#9546 = ORIENTED_EDGE('',*,*,#9322,.T.);
#9547 = ORIENTED_EDGE('',*,*,#9548,.T.);
#9548 = EDGE_CURVE('',#9323,#9433,#9549,.T.);
#9549 = SURFACE_CURVE('',#9550,(#9554,#9561),.PCURVE_S1.);
#9550 = LINE('',#9551,#9552);
#9551 = CARTESIAN_POINT('',(2.22,-27.62,9.95));
#9552 = VECTOR('',#9553,1.);
#9553 = DIRECTION('',(1.,0.,-0.));
#9554 = PCURVE('',#9338,#9555);
#9555 = DEFINITIONAL_REPRESENTATION('',(#9556),#9560);
#9556 = LINE('',#9557,#9558);
#9557 = CARTESIAN_POINT('',(12.79,0.));
#9558 = VECTOR('',#9559,1.);
#9559 = DIRECTION('',(0.,1.));
#9560 = ( GEOMETRIC_REPRESENTATION_CONTEXT(2) 
PARAMETRIC_REPRESENTATION_CONTEXT() REPRESENTATION_CONTEXT('2D SPACE',''
  ) );
#9561 = PCURVE('',#9364,#9562);
#9562 = DEFINITIONAL_REPRESENTATION('',(#9563),#9567);
#9563 = LINE('',#9564,#9565);
#9564 = CARTESIAN_POINT('',(0.,0.64));
#9565 = VECTOR('',#9566,1.);
#9566 = DIRECTION('',(1.,0.));
#9567 = ( GEOMETRIC_REPRESENTATION_CONTEXT(2) 
PARAMETRIC_REPRESENTATION_CONTEXT() REPRESENTATION_CONTEXT('2D SPACE',''
  ) );
#9568 = ORIENTED_EDGE('',*,*,#9432,.F.);
#9569 = ADVANCED_FACE('',(#9570),#9310,.F.);
#9570 = FACE_BOUND('',#9571,.F.);
#9571 = EDGE_LOOP('',(#9572,#9573,#9574,#9575));
#9572 = ORIENTED_EDGE('',*,*,#9294,.F.);
#9573 = ORIENTED_EDGE('',*,*,#9479,.T.);
#9574 = ORIENTED_EDGE('',*,*,#9409,.T.);
#9575 = ORIENTED_EDGE('',*,*,#9526,.F.);
#9576 = ADVANCED_FACE('',(#9577),#9364,.T.);
#9577 = FACE_BOUND('',#9578,.T.);
#9578 = EDGE_LOOP('',(#9579,#9580,#9581,#9582));
#9579 = ORIENTED_EDGE('',*,*,#9350,.F.);
#9580 = ORIENTED_EDGE('',*,*,#9501,.T.);
#9581 = ORIENTED_EDGE('',*,*,#9455,.T.);
#9582 = ORIENTED_EDGE('',*,*,#9548,.F.);
#9583 = ( GEOMETRIC_REPRESENTATION_CONTEXT(3) 
GLOBAL_UNCERTAINTY_ASSIGNED_CONTEXT((#9587)) 
GLOBAL_UNIT_ASSIGNED_CONTEXT((#9584,#9585,#9586)) REPRESENTATION_CONTEXT
('Context #1','3D Context with UNIT and UNCERTAINTY') );
#9584 = ( LENGTH_UNIT() NAMED_UNIT(*) SI_UNIT(.MILLI.,.METRE.) );
#9585 = ( NAMED_UNIT(*) PLANE_ANGLE_UNIT() SI_UNIT($,.RADIAN.) );
#9586 = ( NAMED_UNIT(*) SI_UNIT($,.STERADIAN.) SOLID_ANGLE_UNIT() );
#9587 = UNCERTAINTY_MEASURE_WITH_UNIT(LENGTH_MEASURE(1.E-07),#9584,
  'distance_accuracy_value','confusion accuracy');
#9588 = CONTEXT_DEPENDENT_SHAPE_REPRESENTATION(#9589,#9591);
#9589 = ( REPRESENTATION_RELATIONSHIP('','',#9252,#10) 
REPRESENTATION_RELATIONSHIP_WITH_TRANSFORMATION(#9590) 
SHAPE_REPRESENTATION_RELATIONSHIP() );
#9590 = ITEM_DEFINED_TRANSFORMATION('','',#11,#111);
#9591 = PRODUCT_DEFINITION_SHAPE('Placement','Placement of an item',
  #9592);
#9592 = NEXT_ASSEMBLY_USAGE_OCCURRENCE('319','','',#5,#9247,$);
#9593 = PRODUCT_RELATED_PRODUCT_CATEGORY('part',$,(#9249));
#9594 = SHAPE_DEFINITION_REPRESENTATION(#9595,#9601);
#9595 = PRODUCT_DEFINITION_SHAPE('','',#9596);
#9596 = PRODUCT_DEFINITION('design','',#9597,#9600);
#9597 = PRODUCT_DEFINITION_FORMATION('','',#9598);
#9598 = PRODUCT('Open CASCADE STEP translator 7.9 22.26',
  'Open CASCADE STEP translator 7.9 22.26','',(#9599));
#9599 = PRODUCT_CONTEXT('',#2,'mechanical');
#9600 = PRODUCT_DEFINITION_CONTEXT('part definition',#2,'design');
#9601 = ADVANCED_BREP_SHAPE_REPRESENTATION('',(#11,#9602),#9932);
#9602 = MANIFOLD_SOLID_BREP('',#9603);
#9603 = CLOSED_SHELL('',(#9604,#9724,#9824,#9871,#9918,#9925));
#9604 = ADVANCED_FACE('',(#9605),#9619,.F.);
#9605 = FACE_BOUND('',#9606,.F.);
#9606 = EDGE_LOOP('',(#9607,#9642,#9670,#9698));
#9607 = ORIENTED_EDGE('',*,*,#9608,.F.);
#9608 = EDGE_CURVE('',#9609,#9611,#9613,.T.);
#9609 = VERTEX_POINT('',#9610);
#9610 = CARTESIAN_POINT('',(-0.32,-30.8,-2.84));
#9611 = VERTEX_POINT('',#9612);
#9612 = CARTESIAN_POINT('',(-0.32,-30.8,9.95));
#9613 = SURFACE_CURVE('',#9614,(#9618,#9630),.PCURVE_S1.);
#9614 = LINE('',#9615,#9616);
#9615 = CARTESIAN_POINT('',(-0.32,-30.8,-2.84));
#9616 = VECTOR('',#9617,1.);
#9617 = DIRECTION('',(0.,0.,1.));
#9618 = PCURVE('',#9619,#9624);
#9619 = PLANE('',#9620);
#9620 = AXIS2_PLACEMENT_3D('',#9621,#9622,#9623);
#9621 = CARTESIAN_POINT('',(-0.32,-30.8,-2.84));
#9622 = DIRECTION('',(1.,0.,-0.));
#9623 = DIRECTION('',(0.,0.,1.));
#9624 = DEFINITIONAL_REPRESENTATION('',(#9625),#9629);
#9625 = LINE('',#9626,#9627);
#9626 = CARTESIAN_POINT('',(0.,0.));
#9627 = VECTOR('',#9628,1.);
#9628 = DIRECTION('',(1.,0.));
#9629 = ( GEOMETRIC_REPRESENTATION_CONTEXT(2) 
PARAMETRIC_REPRESENTATION_CONTEXT() REPRESENTATION_CONTEXT('2D SPACE',''
  ) );
#9630 = PCURVE('',#9631,#9636);
#9631 = PLANE('',#9632);
#9632 = AXIS2_PLACEMENT_3D('',#9633,#9634,#9635);
#9633 = CARTESIAN_POINT('',(-0.32,-30.8,-2.84));
#9634 = DIRECTION('',(-0.,1.,0.));
#9635 = DIRECTION('',(0.,0.,1.));
#9636 = DEFINITIONAL_REPRESENTATION('',(#9637),#9641);
#9637 = LINE('',#9638,#9639);
#9638 = CARTESIAN_POINT('',(0.,0.));
#9639 = VECTOR('',#9640,1.);
#9640 = DIRECTION('',(1.,0.));
#9641 = ( GEOMETRIC_REPRESENTATION_CONTEXT(2) 
PARAMETRIC_REPRESENTATION_CONTEXT() REPRESENTATION_CONTEXT('2D SPACE',''
  ) );
#9642 = ORIENTED_EDGE('',*,*,#9643,.T.);
#9643 = EDGE_CURVE('',#9609,#9644,#9646,.T.);
#9644 = VERTEX_POINT('',#9645);
#9645 = CARTESIAN_POINT('',(-0.32,-30.16,-2.84));
#9646 = SURFACE_CURVE('',#9647,(#9651,#9658),.PCURVE_S1.);
#9647 = LINE('',#9648,#9649);
#9648 = CARTESIAN_POINT('',(-0.32,-30.8,-2.84));
#9649 = VECTOR('',#9650,1.);
#9650 = DIRECTION('',(-0.,1.,0.));
#9651 = PCURVE('',#9619,#9652);
#9652 = DEFINITIONAL_REPRESENTATION('',(#9653),#9657);
#9653 = LINE('',#9654,#9655);
#9654 = CARTESIAN_POINT('',(0.,0.));
#9655 = VECTOR('',#9656,1.);
#9656 = DIRECTION('',(0.,-1.));
#9657 = ( GEOMETRIC_REPRESENTATION_CONTEXT(2) 
PARAMETRIC_REPRESENTATION_CONTEXT() REPRESENTATION_CONTEXT('2D SPACE',''
  ) );
#9658 = PCURVE('',#9659,#9664);
#9659 = PLANE('',#9660);
#9660 = AXIS2_PLACEMENT_3D('',#9661,#9662,#9663);
#9661 = CARTESIAN_POINT('',(-0.32,-30.8,-2.84));
#9662 = DIRECTION('',(0.,0.,1.));
#9663 = DIRECTION('',(1.,0.,-0.));
#9664 = DEFINITIONAL_REPRESENTATION('',(#9665),#9669);
#9665 = LINE('',#9666,#9667);
#9666 = CARTESIAN_POINT('',(0.,0.));
#9667 = VECTOR('',#9668,1.);
#9668 = DIRECTION('',(0.,1.));
#9669 = ( GEOMETRIC_REPRESENTATION_CONTEXT(2) 
PARAMETRIC_REPRESENTATION_CONTEXT() REPRESENTATION_CONTEXT('2D SPACE',''
  ) );
#9670 = ORIENTED_EDGE('',*,*,#9671,.T.);
#9671 = EDGE_CURVE('',#9644,#9672,#9674,.T.);
#9672 = VERTEX_POINT('',#9673);
#9673 = CARTESIAN_POINT('',(-0.32,-30.16,9.95));
#9674 = SURFACE_CURVE('',#9675,(#9679,#9686),.PCURVE_S1.);
#9675 = LINE('',#9676,#9677);
#9676 = CARTESIAN_POINT('',(-0.32,-30.16,-2.84));
#9677 = VECTOR('',#9678,1.);
#9678 = DIRECTION('',(0.,0.,1.));
#9679 = PCURVE('',#9619,#9680);
#9680 = DEFINITIONAL_REPRESENTATION('',(#9681),#9685);
#9681 = LINE('',#9682,#9683);
#9682 = CARTESIAN_POINT('',(0.,-0.64));
#9683 = VECTOR('',#9684,1.);
#9684 = DIRECTION('',(1.,0.));
#9685 = ( GEOMETRIC_REPRESENTATION_CONTEXT(2) 
PARAMETRIC_REPRESENTATION_CONTEXT() REPRESENTATION_CONTEXT('2D SPACE',''
  ) );
#9686 = PCURVE('',#9687,#9692);
#9687 = PLANE('',#9688);
#9688 = AXIS2_PLACEMENT_3D('',#9689,#9690,#9691);
#9689 = CARTESIAN_POINT('',(-0.32,-30.16,-2.84));
#9690 = DIRECTION('',(-0.,1.,0.));
#9691 = DIRECTION('',(0.,0.,1.));
#9692 = DEFINITIONAL_REPRESENTATION('',(#9693),#9697);
#9693 = LINE('',#9694,#9695);
#9694 = CARTESIAN_POINT('',(0.,0.));
#9695 = VECTOR('',#9696,1.);
#9696 = DIRECTION('',(1.,0.));
#9697 = ( GEOMETRIC_REPRESENTATION_CONTEXT(2) 
PARAMETRIC_REPRESENTATION_CONTEXT() REPRESENTATION_CONTEXT('2D SPACE',''
  ) );
#9698 = ORIENTED_EDGE('',*,*,#9699,.F.);
#9699 = EDGE_CURVE('',#9611,#9672,#9700,.T.);
#9700 = SURFACE_CURVE('',#9701,(#9705,#9712),.PCURVE_S1.);
#9701 = LINE('',#9702,#9703);
#9702 = CARTESIAN_POINT('',(-0.32,-30.8,9.95));
#9703 = VECTOR('',#9704,1.);
#9704 = DIRECTION('',(-0.,1.,0.));
#9705 = PCURVE('',#9619,#9706);
#9706 = DEFINITIONAL_REPRESENTATION('',(#9707),#9711);
#9707 = LINE('',#9708,#9709);
#9708 = CARTESIAN_POINT('',(12.79,0.));
#9709 = VECTOR('',#9710,1.);
#9710 = DIRECTION('',(0.,-1.));
#9711 = ( GEOMETRIC_REPRESENTATION_CONTEXT(2) 
PARAMETRIC_REPRESENTATION_CONTEXT() REPRESENTATION_CONTEXT('2D SPACE',''
  ) );
#9712 = PCURVE('',#9713,#9718);
#9713 = PLANE('',#9714);
#9714 = AXIS2_PLACEMENT_3D('',#9715,#9716,#9717);
#9715 = CARTESIAN_POINT('',(-0.32,-30.8,9.95));
#9716 = DIRECTION('',(0.,0.,1.));
#9717 = DIRECTION('',(1.,0.,-0.));
#9718 = DEFINITIONAL_REPRESENTATION('',(#9719),#9723);
#9719 = LINE('',#9720,#9721);
#9720 = CARTESIAN_POINT('',(0.,0.));
#9721 = VECTOR('',#9722,1.);
#9722 = DIRECTION('',(0.,1.));
#9723 = ( GEOMETRIC_REPRESENTATION_CONTEXT(2) 
PARAMETRIC_REPRESENTATION_CONTEXT() REPRESENTATION_CONTEXT('2D SPACE',''
  ) );
#9724 = ADVANCED_FACE('',(#9725),#9739,.T.);
#9725 = FACE_BOUND('',#9726,.T.);
#9726 = EDGE_LOOP('',(#9727,#9757,#9780,#9803));
#9727 = ORIENTED_EDGE('',*,*,#9728,.F.);
#9728 = EDGE_CURVE('',#9729,#9731,#9733,.T.);
#9729 = VERTEX_POINT('',#9730);
#9730 = CARTESIAN_POINT('',(0.32,-30.8,-2.84));
#9731 = VERTEX_POINT('',#9732);
#9732 = CARTESIAN_POINT('',(0.32,-30.8,9.95));
#9733 = SURFACE_CURVE('',#9734,(#9738,#9750),.PCURVE_S1.);
#9734 = LINE('',#9735,#9736);
#9735 = CARTESIAN_POINT('',(0.32,-30.8,-2.84));
#9736 = VECTOR('',#9737,1.);
#9737 = DIRECTION('',(0.,0.,1.));
#9738 = PCURVE('',#9739,#9744);
#9739 = PLANE('',#9740);
#9740 = AXIS2_PLACEMENT_3D('',#9741,#9742,#9743);
#9741 = CARTESIAN_POINT('',(0.32,-30.8,-2.84));
#9742 = DIRECTION('',(1.,0.,-0.));
#9743 = DIRECTION('',(0.,0.,1.));
#9744 = DEFINITIONAL_REPRESENTATION('',(#9745),#9749);
#9745 = LINE('',#9746,#9747);
#9746 = CARTESIAN_POINT('',(0.,0.));
#9747 = VECTOR('',#9748,1.);
#9748 = DIRECTION('',(1.,0.));
#9749 = ( GEOMETRIC_REPRESENTATION_CONTEXT(2) 
PARAMETRIC_REPRESENTATION_CONTEXT() REPRESENTATION_CONTEXT('2D SPACE',''
  ) );
#9750 = PCURVE('',#9631,#9751);
#9751 = DEFINITIONAL_REPRESENTATION('',(#9752),#9756);
#9752 = LINE('',#9753,#9754);
#9753 = CARTESIAN_POINT('',(0.,0.64));
#9754 = VECTOR('',#9755,1.);
#9755 = DIRECTION('',(1.,0.));
#9756 = ( GEOMETRIC_REPRESENTATION_CONTEXT(2) 
PARAMETRIC_REPRESENTATION_CONTEXT() REPRESENTATION_CONTEXT('2D SPACE',''
  ) );
#9757 = ORIENTED_EDGE('',*,*,#9758,.T.);
#9758 = EDGE_CURVE('',#9729,#9759,#9761,.T.);
#9759 = VERTEX_POINT('',#9760);
#9760 = CARTESIAN_POINT('',(0.32,-30.16,-2.84));
#9761 = SURFACE_CURVE('',#9762,(#9766,#9773),.PCURVE_S1.);
#9762 = LINE('',#9763,#9764);
#9763 = CARTESIAN_POINT('',(0.32,-30.8,-2.84));
#9764 = VECTOR('',#9765,1.);
#9765 = DIRECTION('',(-0.,1.,0.));
#9766 = PCURVE('',#9739,#9767);
#9767 = DEFINITIONAL_REPRESENTATION('',(#9768),#9772);
#9768 = LINE('',#9769,#9770);
#9769 = CARTESIAN_POINT('',(0.,0.));
#9770 = VECTOR('',#9771,1.);
#9771 = DIRECTION('',(0.,-1.));
#9772 = ( GEOMETRIC_REPRESENTATION_CONTEXT(2) 
PARAMETRIC_REPRESENTATION_CONTEXT() REPRESENTATION_CONTEXT('2D SPACE',''
  ) );
#9773 = PCURVE('',#9659,#9774);
#9774 = DEFINITIONAL_REPRESENTATION('',(#9775),#9779);
#9775 = LINE('',#9776,#9777);
#9776 = CARTESIAN_POINT('',(0.64,0.));
#9777 = VECTOR('',#9778,1.);
#9778 = DIRECTION('',(0.,1.));
#9779 = ( GEOMETRIC_REPRESENTATION_CONTEXT(2) 
PARAMETRIC_REPRESENTATION_CONTEXT() REPRESENTATION_CONTEXT('2D SPACE',''
  ) );
#9780 = ORIENTED_EDGE('',*,*,#9781,.T.);
#9781 = EDGE_CURVE('',#9759,#9782,#9784,.T.);
#9782 = VERTEX_POINT('',#9783);
#9783 = CARTESIAN_POINT('',(0.32,-30.16,9.95));
#9784 = SURFACE_CURVE('',#9785,(#9789,#9796),.PCURVE_S1.);
#9785 = LINE('',#9786,#9787);
#9786 = CARTESIAN_POINT('',(0.32,-30.16,-2.84));
#9787 = VECTOR('',#9788,1.);
#9788 = DIRECTION('',(0.,0.,1.));
#9789 = PCURVE('',#9739,#9790);
#9790 = DEFINITIONAL_REPRESENTATION('',(#9791),#9795);
#9791 = LINE('',#9792,#9793);
#9792 = CARTESIAN_POINT('',(0.,-0.64));
#9793 = VECTOR('',#9794,1.);
#9794 = DIRECTION('',(1.,0.));
#9795 = ( GEOMETRIC_REPRESENTATION_CONTEXT(2) 
PARAMETRIC_REPRESENTATION_CONTEXT() REPRESENTATION_CONTEXT('2D SPACE',''
  ) );
#9796 = PCURVE('',#9687,#9797);
#9797 = DEFINITIONAL_REPRESENTATION('',(#9798),#9802);
#9798 = LINE('',#9799,#9800);
#9799 = CARTESIAN_POINT('',(0.,0.64));
#9800 = VECTOR('',#9801,1.);
#9801 = DIRECTION('',(1.,0.));
#9802 = ( GEOMETRIC_REPRESENTATION_CONTEXT(2) 
PARAMETRIC_REPRESENTATION_CONTEXT() REPRESENTATION_CONTEXT('2D SPACE',''
  ) );
#9803 = ORIENTED_EDGE('',*,*,#9804,.F.);
#9804 = EDGE_CURVE('',#9731,#9782,#9805,.T.);
#9805 = SURFACE_CURVE('',#9806,(#9810,#9817),.PCURVE_S1.);
#9806 = LINE('',#9807,#9808);
#9807 = CARTESIAN_POINT('',(0.32,-30.8,9.95));
#9808 = VECTOR('',#9809,1.);
#9809 = DIRECTION('',(-0.,1.,0.));
#9810 = PCURVE('',#9739,#9811);
#9811 = DEFINITIONAL_REPRESENTATION('',(#9812),#9816);
#9812 = LINE('',#9813,#9814);
#9813 = CARTESIAN_POINT('',(12.79,0.));
#9814 = VECTOR('',#9815,1.);
#9815 = DIRECTION('',(0.,-1.));
#9816 = ( GEOMETRIC_REPRESENTATION_CONTEXT(2) 
PARAMETRIC_REPRESENTATION_CONTEXT() REPRESENTATION_CONTEXT('2D SPACE',''
  ) );
#9817 = PCURVE('',#9713,#9818);
#9818 = DEFINITIONAL_REPRESENTATION('',(#9819),#9823);
#9819 = LINE('',#9820,#9821);
#9820 = CARTESIAN_POINT('',(0.64,0.));
#9821 = VECTOR('',#9822,1.);
#9822 = DIRECTION('',(0.,1.));
#9823 = ( GEOMETRIC_REPRESENTATION_CONTEXT(2) 
PARAMETRIC_REPRESENTATION_CONTEXT() REPRESENTATION_CONTEXT('2D SPACE',''
  ) );
#9824 = ADVANCED_FACE('',(#9825),#9631,.F.);
#9825 = FACE_BOUND('',#9826,.F.);
#9826 = EDGE_LOOP('',(#9827,#9848,#9849,#9870));
#9827 = ORIENTED_EDGE('',*,*,#9828,.F.);
#9828 = EDGE_CURVE('',#9609,#9729,#9829,.T.);
#9829 = SURFACE_CURVE('',#9830,(#9834,#9841),.PCURVE_S1.);
#9830 = LINE('',#9831,#9832);
#9831 = CARTESIAN_POINT('',(-0.32,-30.8,-2.84));
#9832 = VECTOR('',#9833,1.);
#9833 = DIRECTION('',(1.,0.,-0.));
#9834 = PCURVE('',#9631,#9835);
#9835 = DEFINITIONAL_REPRESENTATION('',(#9836),#9840);
#9836 = LINE('',#9837,#9838);
#9837 = CARTESIAN_POINT('',(0.,0.));
#9838 = VECTOR('',#9839,1.);
#9839 = DIRECTION('',(0.,1.));
#9840 = ( GEOMETRIC_REPRESENTATION_CONTEXT(2) 
PARAMETRIC_REPRESENTATION_CONTEXT() REPRESENTATION_CONTEXT('2D SPACE',''
  ) );
#9841 = PCURVE('',#9659,#9842);
#9842 = DEFINITIONAL_REPRESENTATION('',(#9843),#9847);
#9843 = LINE('',#9844,#9845);
#9844 = CARTESIAN_POINT('',(0.,0.));
#9845 = VECTOR('',#9846,1.);
#9846 = DIRECTION('',(1.,0.));
#9847 = ( GEOMETRIC_REPRESENTATION_CONTEXT(2) 
PARAMETRIC_REPRESENTATION_CONTEXT() REPRESENTATION_CONTEXT('2D SPACE',''
  ) );
#9848 = ORIENTED_EDGE('',*,*,#9608,.T.);
#9849 = ORIENTED_EDGE('',*,*,#9850,.T.);
#9850 = EDGE_CURVE('',#9611,#9731,#9851,.T.);
#9851 = SURFACE_CURVE('',#9852,(#9856,#9863),.PCURVE_S1.);
#9852 = LINE('',#9853,#9854);
#9853 = CARTESIAN_POINT('',(-0.32,-30.8,9.95));
#9854 = VECTOR('',#9855,1.);
#9855 = DIRECTION('',(1.,0.,-0.));
#9856 = PCURVE('',#9631,#9857);
#9857 = DEFINITIONAL_REPRESENTATION('',(#9858),#9862);
#9858 = LINE('',#9859,#9860);
#9859 = CARTESIAN_POINT('',(12.79,0.));
#9860 = VECTOR('',#9861,1.);
#9861 = DIRECTION('',(0.,1.));
#9862 = ( GEOMETRIC_REPRESENTATION_CONTEXT(2) 
PARAMETRIC_REPRESENTATION_CONTEXT() REPRESENTATION_CONTEXT('2D SPACE',''
  ) );
#9863 = PCURVE('',#9713,#9864);
#9864 = DEFINITIONAL_REPRESENTATION('',(#9865),#9869);
#9865 = LINE('',#9866,#9867);
#9866 = CARTESIAN_POINT('',(0.,0.));
#9867 = VECTOR('',#9868,1.);
#9868 = DIRECTION('',(1.,0.));
#9869 = ( GEOMETRIC_REPRESENTATION_CONTEXT(2) 
PARAMETRIC_REPRESENTATION_CONTEXT() REPRESENTATION_CONTEXT('2D SPACE',''
  ) );
#9870 = ORIENTED_EDGE('',*,*,#9728,.F.);
#9871 = ADVANCED_FACE('',(#9872),#9687,.T.);
#9872 = FACE_BOUND('',#9873,.T.);
#9873 = EDGE_LOOP('',(#9874,#9895,#9896,#9917));
#9874 = ORIENTED_EDGE('',*,*,#9875,.F.);
#9875 = EDGE_CURVE('',#9644,#9759,#9876,.T.);
#9876 = SURFACE_CURVE('',#9877,(#9881,#9888),.PCURVE_S1.);
#9877 = LINE('',#9878,#9879);
#9878 = CARTESIAN_POINT('',(-0.32,-30.16,-2.84));
#9879 = VECTOR('',#9880,1.);
#9880 = DIRECTION('',(1.,0.,-0.));
#9881 = PCURVE('',#9687,#9882);
#9882 = DEFINITIONAL_REPRESENTATION('',(#9883),#9887);
#9883 = LINE('',#9884,#9885);
#9884 = CARTESIAN_POINT('',(0.,0.));
#9885 = VECTOR('',#9886,1.);
#9886 = DIRECTION('',(0.,1.));
#9887 = ( GEOMETRIC_REPRESENTATION_CONTEXT(2) 
PARAMETRIC_REPRESENTATION_CONTEXT() REPRESENTATION_CONTEXT('2D SPACE',''
  ) );
#9888 = PCURVE('',#9659,#9889);
#9889 = DEFINITIONAL_REPRESENTATION('',(#9890),#9894);
#9890 = LINE('',#9891,#9892);
#9891 = CARTESIAN_POINT('',(0.,0.64));
#9892 = VECTOR('',#9893,1.);
#9893 = DIRECTION('',(1.,0.));
#9894 = ( GEOMETRIC_REPRESENTATION_CONTEXT(2) 
PARAMETRIC_REPRESENTATION_CONTEXT() REPRESENTATION_CONTEXT('2D SPACE',''
  ) );
#9895 = ORIENTED_EDGE('',*,*,#9671,.T.);
#9896 = ORIENTED_EDGE('',*,*,#9897,.T.);
#9897 = EDGE_CURVE('',#9672,#9782,#9898,.T.);
#9898 = SURFACE_CURVE('',#9899,(#9903,#9910),.PCURVE_S1.);
#9899 = LINE('',#9900,#9901);
#9900 = CARTESIAN_POINT('',(-0.32,-30.16,9.95));
#9901 = VECTOR('',#9902,1.);
#9902 = DIRECTION('',(1.,0.,-0.));
#9903 = PCURVE('',#9687,#9904);
#9904 = DEFINITIONAL_REPRESENTATION('',(#9905),#9909);
#9905 = LINE('',#9906,#9907);
#9906 = CARTESIAN_POINT('',(12.79,0.));
#9907 = VECTOR('',#9908,1.);
#9908 = DIRECTION('',(0.,1.));
#9909 = ( GEOMETRIC_REPRESENTATION_CONTEXT(2) 
PARAMETRIC_REPRESENTATION_CONTEXT() REPRESENTATION_CONTEXT('2D SPACE',''
  ) );
#9910 = PCURVE('',#9713,#9911);
#9911 = DEFINITIONAL_REPRESENTATION('',(#9912),#9916);
#9912 = LINE('',#9913,#9914);
#9913 = CARTESIAN_POINT('',(0.,0.64));
#9914 = VECTOR('',#9915,1.);
#9915 = DIRECTION('',(1.,0.));
#9916 = ( GEOMETRIC_REPRESENTATION_CONTEXT(2) 
PARAMETRIC_REPRESENTATION_CONTEXT() REPRESENTATION_CONTEXT('2D SPACE',''
  ) );
#9917 = ORIENTED_EDGE('',*,*,#9781,.F.);
#9918 = ADVANCED_FACE('',(#9919),#9659,.F.);
#9919 = FACE_BOUND('',#9920,.F.);
#9920 = EDGE_LOOP('',(#9921,#9922,#9923,#9924));
#9921 = ORIENTED_EDGE('',*,*,#9643,.F.);
#9922 = ORIENTED_EDGE('',*,*,#9828,.T.);
#9923 = ORIENTED_EDGE('',*,*,#9758,.T.);
#9924 = ORIENTED_EDGE('',*,*,#9875,.F.);
#9925 = ADVANCED_FACE('',(#9926),#9713,.T.);
#9926 = FACE_BOUND('',#9927,.T.);
#9927 = EDGE_LOOP('',(#9928,#9929,#9930,#9931));
#9928 = ORIENTED_EDGE('',*,*,#9699,.F.);
#9929 = ORIENTED_EDGE('',*,*,#9850,.T.);
#9930 = ORIENTED_EDGE('',*,*,#9804,.T.);
#9931 = ORIENTED_EDGE('',*,*,#9897,.F.);
#9932 = ( GEOMETRIC_REPRESENTATION_CONTEXT(3) 
GLOBAL_UNCERTAINTY_ASSIGNED_CONTEXT((#9936)) 
GLOBAL_UNIT_ASSIGNED_CONTEXT((#9933,#9934,#9935)) REPRESENTATION_CONTEXT
('Context #1','3D Context with UNIT and UNCERTAINTY') );
#9933 = ( LENGTH_UNIT() NAMED_UNIT(*) SI_UNIT(.MILLI.,.METRE.) );
#9934 = ( NAMED_UNIT(*) PLANE_ANGLE_UNIT() SI_UNIT($,.RADIAN.) );
#9935 = ( NAMED_UNIT(*) SI_UNIT($,.STERADIAN.) SOLID_ANGLE_UNIT() );
#9936 = UNCERTAINTY_MEASURE_WITH_UNIT(LENGTH_MEASURE(1.E-07),#9933,
  'distance_accuracy_value','confusion accuracy');
#9937 = CONTEXT_DEPENDENT_SHAPE_REPRESENTATION(#9938,#9940);
#9938 = ( REPRESENTATION_RELATIONSHIP('','',#9601,#10) 
REPRESENTATION_RELATIONSHIP_WITH_TRANSFORMATION(#9939) 
SHAPE_REPRESENTATION_RELATIONSHIP() );
#9939 = ITEM_DEFINED_TRANSFORMATION('','',#11,#115);
#9940 = PRODUCT_DEFINITION_SHAPE('Placement','Placement of an item',
  #9941);
#9941 = NEXT_ASSEMBLY_USAGE_OCCURRENCE('320','','',#5,#9596,$);
#9942 = PRODUCT_RELATED_PRODUCT_CATEGORY('part',$,(#9598));
#9943 = SHAPE_DEFINITION_REPRESENTATION(#9944,#9950);
#9944 = PRODUCT_DEFINITION_SHAPE('','',#9945);
#9945 = PRODUCT_DEFINITION('design','',#9946,#9949);
#9946 = PRODUCT_DEFINITION_FORMATION('','',#9947);
#9947 = PRODUCT('Open CASCADE STEP translator 7.9 22.27',
  'Open CASCADE STEP translator 7.9 22.27','',(#9948));
#9948 = PRODUCT_CONTEXT('',#2,'mechanical');
#9949 = PRODUCT_DEFINITION_CONTEXT('part definition',#2,'design');
#9950 = ADVANCED_BREP_SHAPE_REPRESENTATION('',(#11,#9951),#10281);
#9951 = MANIFOLD_SOLID_BREP('',#9952);
#9952 = CLOSED_SHELL('',(#9953,#10073,#10173,#10220,#10267,#10274));
#9953 = ADVANCED_FACE('',(#9954),#9968,.F.);
#9954 = FACE_BOUND('',#9955,.F.);
#9955 = EDGE_LOOP('',(#9956,#9991,#10019,#10047));
#9956 = ORIENTED_EDGE('',*,*,#9957,.F.);
#9957 = EDGE_CURVE('',#9958,#9960,#9962,.T.);
#9958 = VERTEX_POINT('',#9959);
#9959 = CARTESIAN_POINT('',(2.22,-30.8,-2.84));
#9960 = VERTEX_POINT('',#9961);
#9961 = CARTESIAN_POINT('',(2.22,-30.8,9.95));
#9962 = SURFACE_CURVE('',#9963,(#9967,#9979),.PCURVE_S1.);
#9963 = LINE('',#9964,#9965);
#9964 = CARTESIAN_POINT('',(2.22,-30.8,-2.84));
#9965 = VECTOR('',#9966,1.);
#9966 = DIRECTION('',(0.,0.,1.));
#9967 = PCURVE('',#9968,#9973);
#9968 = PLANE('',#9969);
#9969 = AXIS2_PLACEMENT_3D('',#9970,#9971,#9972);
#9970 = CARTESIAN_POINT('',(2.22,-30.8,-2.84));
#9971 = DIRECTION('',(1.,0.,-0.));
#9972 = DIRECTION('',(0.,0.,1.));
#9973 = DEFINITIONAL_REPRESENTATION('',(#9974),#9978);
#9974 = LINE('',#9975,#9976);
#9975 = CARTESIAN_POINT('',(0.,0.));
#9976 = VECTOR('',#9977,1.);
#9977 = DIRECTION('',(1.,0.));
#9978 = ( GEOMETRIC_REPRESENTATION_CONTEXT(2) 
PARAMETRIC_REPRESENTATION_CONTEXT() REPRESENTATION_CONTEXT('2D SPACE',''
  ) );
#9979 = PCURVE('',#9980,#9985);
#9980 = PLANE('',#9981);
#9981 = AXIS2_PLACEMENT_3D('',#9982,#9983,#9984);
#9982 = CARTESIAN_POINT('',(2.22,-30.8,-2.84));
#9983 = DIRECTION('',(-0.,1.,0.));
#9984 = DIRECTION('',(0.,0.,1.));
#9985 = DEFINITIONAL_REPRESENTATION('',(#9986),#9990);
#9986 = LINE('',#9987,#9988);
#9987 = CARTESIAN_POINT('',(0.,0.));
#9988 = VECTOR('',#9989,1.);
#9989 = DIRECTION('',(1.,0.));
#9990 = ( GEOMETRIC_REPRESENTATION_CONTEXT(2) 
PARAMETRIC_REPRESENTATION_CONTEXT() REPRESENTATION_CONTEXT('2D SPACE',''
  ) );
#9991 = ORIENTED_EDGE('',*,*,#9992,.T.);
#9992 = EDGE_CURVE('',#9958,#9993,#9995,.T.);
#9993 = VERTEX_POINT('',#9994);
#9994 = CARTESIAN_POINT('',(2.22,-30.16,-2.84));
#9995 = SURFACE_CURVE('',#9996,(#10000,#10007),.PCURVE_S1.);
#9996 = LINE('',#9997,#9998);
#9997 = CARTESIAN_POINT('',(2.22,-30.8,-2.84));
#9998 = VECTOR('',#9999,1.);
#9999 = DIRECTION('',(-0.,1.,0.));
#10000 = PCURVE('',#9968,#10001);
#10001 = DEFINITIONAL_REPRESENTATION('',(#10002),#10006);
#10002 = LINE('',#10003,#10004);
#10003 = CARTESIAN_POINT('',(0.,0.));
#10004 = VECTOR('',#10005,1.);
#10005 = DIRECTION('',(0.,-1.));
#10006 = ( GEOMETRIC_REPRESENTATION_CONTEXT(2) 
PARAMETRIC_REPRESENTATION_CONTEXT() REPRESENTATION_CONTEXT('2D SPACE',''
  ) );
#10007 = PCURVE('',#10008,#10013);
#10008 = PLANE('',#10009);
#10009 = AXIS2_PLACEMENT_3D('',#10010,#10011,#10012);
#10010 = CARTESIAN_POINT('',(2.22,-30.8,-2.84));
#10011 = DIRECTION('',(0.,0.,1.));
#10012 = DIRECTION('',(1.,0.,-0.));
#10013 = DEFINITIONAL_REPRESENTATION('',(#10014),#10018);
#10014 = LINE('',#10015,#10016);
#10015 = CARTESIAN_POINT('',(0.,0.));
#10016 = VECTOR('',#10017,1.);
#10017 = DIRECTION('',(0.,1.));
#10018 = ( GEOMETRIC_REPRESENTATION_CONTEXT(2) 
PARAMETRIC_REPRESENTATION_CONTEXT() REPRESENTATION_CONTEXT('2D SPACE',''
  ) );
#10019 = ORIENTED_EDGE('',*,*,#10020,.T.);
#10020 = EDGE_CURVE('',#9993,#10021,#10023,.T.);
#10021 = VERTEX_POINT('',#10022);
#10022 = CARTESIAN_POINT('',(2.22,-30.16,9.95));
#10023 = SURFACE_CURVE('',#10024,(#10028,#10035),.PCURVE_S1.);
#10024 = LINE('',#10025,#10026);
#10025 = CARTESIAN_POINT('',(2.22,-30.16,-2.84));
#10026 = VECTOR('',#10027,1.);
#10027 = DIRECTION('',(0.,0.,1.));
#10028 = PCURVE('',#9968,#10029);
#10029 = DEFINITIONAL_REPRESENTATION('',(#10030),#10034);
#10030 = LINE('',#10031,#10032);
#10031 = CARTESIAN_POINT('',(0.,-0.64));
#10032 = VECTOR('',#10033,1.);
#10033 = DIRECTION('',(1.,0.));
#10034 = ( GEOMETRIC_REPRESENTATION_CONTEXT(2) 
PARAMETRIC_REPRESENTATION_CONTEXT() REPRESENTATION_CONTEXT('2D SPACE',''
  ) );
#10035 = PCURVE('',#10036,#10041);
#10036 = PLANE('',#10037);
#10037 = AXIS2_PLACEMENT_3D('',#10038,#10039,#10040);
#10038 = CARTESIAN_POINT('',(2.22,-30.16,-2.84));
#10039 = DIRECTION('',(-0.,1.,0.));
#10040 = DIRECTION('',(0.,0.,1.));
#10041 = DEFINITIONAL_REPRESENTATION('',(#10042),#10046);
#10042 = LINE('',#10043,#10044);
#10043 = CARTESIAN_POINT('',(0.,0.));
#10044 = VECTOR('',#10045,1.);
#10045 = DIRECTION('',(1.,0.));
#10046 = ( GEOMETRIC_REPRESENTATION_CONTEXT(2) 
PARAMETRIC_REPRESENTATION_CONTEXT() REPRESENTATION_CONTEXT('2D SPACE',''
  ) );
#10047 = ORIENTED_EDGE('',*,*,#10048,.F.);
#10048 = EDGE_CURVE('',#9960,#10021,#10049,.T.);
#10049 = SURFACE_CURVE('',#10050,(#10054,#10061),.PCURVE_S1.);
#10050 = LINE('',#10051,#10052);
#10051 = CARTESIAN_POINT('',(2.22,-30.8,9.95));
#10052 = VECTOR('',#10053,1.);
#10053 = DIRECTION('',(-0.,1.,0.));
#10054 = PCURVE('',#9968,#10055);
#10055 = DEFINITIONAL_REPRESENTATION('',(#10056),#10060);
#10056 = LINE('',#10057,#10058);
#10057 = CARTESIAN_POINT('',(12.79,0.));
#10058 = VECTOR('',#10059,1.);
#10059 = DIRECTION('',(0.,-1.));
#10060 = ( GEOMETRIC_REPRESENTATION_CONTEXT(2) 
PARAMETRIC_REPRESENTATION_CONTEXT() REPRESENTATION_CONTEXT('2D SPACE',''
  ) );
#10061 = PCURVE('',#10062,#10067);
#10062 = PLANE('',#10063);
#10063 = AXIS2_PLACEMENT_3D('',#10064,#10065,#10066);
#10064 = CARTESIAN_POINT('',(2.22,-30.8,9.95));
#10065 = DIRECTION('',(0.,0.,1.));
#10066 = DIRECTION('',(1.,0.,-0.));
#10067 = DEFINITIONAL_REPRESENTATION('',(#10068),#10072);
#10068 = LINE('',#10069,#10070);
#10069 = CARTESIAN_POINT('',(0.,0.));
#10070 = VECTOR('',#10071,1.);
#10071 = DIRECTION('',(0.,1.));
#10072 = ( GEOMETRIC_REPRESENTATION_CONTEXT(2) 
PARAMETRIC_REPRESENTATION_CONTEXT() REPRESENTATION_CONTEXT('2D SPACE',''
  ) );
#10073 = ADVANCED_FACE('',(#10074),#10088,.T.);
#10074 = FACE_BOUND('',#10075,.T.);
#10075 = EDGE_LOOP('',(#10076,#10106,#10129,#10152));
#10076 = ORIENTED_EDGE('',*,*,#10077,.F.);
#10077 = EDGE_CURVE('',#10078,#10080,#10082,.T.);
#10078 = VERTEX_POINT('',#10079);
#10079 = CARTESIAN_POINT('',(2.86,-30.8,-2.84));
#10080 = VERTEX_POINT('',#10081);
#10081 = CARTESIAN_POINT('',(2.86,-30.8,9.95));
#10082 = SURFACE_CURVE('',#10083,(#10087,#10099),.PCURVE_S1.);
#10083 = LINE('',#10084,#10085);
#10084 = CARTESIAN_POINT('',(2.86,-30.8,-2.84));
#10085 = VECTOR('',#10086,1.);
#10086 = DIRECTION('',(0.,0.,1.));
#10087 = PCURVE('',#10088,#10093);
#10088 = PLANE('',#10089);
#10089 = AXIS2_PLACEMENT_3D('',#10090,#10091,#10092);
#10090 = CARTESIAN_POINT('',(2.86,-30.8,-2.84));
#10091 = DIRECTION('',(1.,0.,-0.));
#10092 = DIRECTION('',(0.,0.,1.));
#10093 = DEFINITIONAL_REPRESENTATION('',(#10094),#10098);
#10094 = LINE('',#10095,#10096);
#10095 = CARTESIAN_POINT('',(0.,0.));
#10096 = VECTOR('',#10097,1.);
#10097 = DIRECTION('',(1.,0.));
#10098 = ( GEOMETRIC_REPRESENTATION_CONTEXT(2) 
PARAMETRIC_REPRESENTATION_CONTEXT() REPRESENTATION_CONTEXT('2D SPACE',''
  ) );
#10099 = PCURVE('',#9980,#10100);
#10100 = DEFINITIONAL_REPRESENTATION('',(#10101),#10105);
#10101 = LINE('',#10102,#10103);
#10102 = CARTESIAN_POINT('',(0.,0.64));
#10103 = VECTOR('',#10104,1.);
#10104 = DIRECTION('',(1.,0.));
#10105 = ( GEOMETRIC_REPRESENTATION_CONTEXT(2) 
PARAMETRIC_REPRESENTATION_CONTEXT() REPRESENTATION_CONTEXT('2D SPACE',''
  ) );
#10106 = ORIENTED_EDGE('',*,*,#10107,.T.);
#10107 = EDGE_CURVE('',#10078,#10108,#10110,.T.);
#10108 = VERTEX_POINT('',#10109);
#10109 = CARTESIAN_POINT('',(2.86,-30.16,-2.84));
#10110 = SURFACE_CURVE('',#10111,(#10115,#10122),.PCURVE_S1.);
#10111 = LINE('',#10112,#10113);
#10112 = CARTESIAN_POINT('',(2.86,-30.8,-2.84));
#10113 = VECTOR('',#10114,1.);
#10114 = DIRECTION('',(-0.,1.,0.));
#10115 = PCURVE('',#10088,#10116);
#10116 = DEFINITIONAL_REPRESENTATION('',(#10117),#10121);
#10117 = LINE('',#10118,#10119);
#10118 = CARTESIAN_POINT('',(0.,0.));
#10119 = VECTOR('',#10120,1.);
#10120 = DIRECTION('',(0.,-1.));
#10121 = ( GEOMETRIC_REPRESENTATION_CONTEXT(2) 
PARAMETRIC_REPRESENTATION_CONTEXT() REPRESENTATION_CONTEXT('2D SPACE',''
  ) );
#10122 = PCURVE('',#10008,#10123);
#10123 = DEFINITIONAL_REPRESENTATION('',(#10124),#10128);
#10124 = LINE('',#10125,#10126);
#10125 = CARTESIAN_POINT('',(0.64,0.));
#10126 = VECTOR('',#10127,1.);
#10127 = DIRECTION('',(0.,1.));
#10128 = ( GEOMETRIC_REPRESENTATION_CONTEXT(2) 
PARAMETRIC_REPRESENTATION_CONTEXT() REPRESENTATION_CONTEXT('2D SPACE',''
  ) );
#10129 = ORIENTED_EDGE('',*,*,#10130,.T.);
#10130 = EDGE_CURVE('',#10108,#10131,#10133,.T.);
#10131 = VERTEX_POINT('',#10132);
#10132 = CARTESIAN_POINT('',(2.86,-30.16,9.95));
#10133 = SURFACE_CURVE('',#10134,(#10138,#10145),.PCURVE_S1.);
#10134 = LINE('',#10135,#10136);
#10135 = CARTESIAN_POINT('',(2.86,-30.16,-2.84));
#10136 = VECTOR('',#10137,1.);
#10137 = DIRECTION('',(0.,0.,1.));
#10138 = PCURVE('',#10088,#10139);
#10139 = DEFINITIONAL_REPRESENTATION('',(#10140),#10144);
#10140 = LINE('',#10141,#10142);
#10141 = CARTESIAN_POINT('',(0.,-0.64));
#10142 = VECTOR('',#10143,1.);
#10143 = DIRECTION('',(1.,0.));
#10144 = ( GEOMETRIC_REPRESENTATION_CONTEXT(2) 
PARAMETRIC_REPRESENTATION_CONTEXT() REPRESENTATION_CONTEXT('2D SPACE',''
  ) );
#10145 = PCURVE('',#10036,#10146);
#10146 = DEFINITIONAL_REPRESENTATION('',(#10147),#10151);
#10147 = LINE('',#10148,#10149);
#10148 = CARTESIAN_POINT('',(0.,0.64));
#10149 = VECTOR('',#10150,1.);
#10150 = DIRECTION('',(1.,0.));
#10151 = ( GEOMETRIC_REPRESENTATION_CONTEXT(2) 
PARAMETRIC_REPRESENTATION_CONTEXT() REPRESENTATION_CONTEXT('2D SPACE',''
  ) );
#10152 = ORIENTED_EDGE('',*,*,#10153,.F.);
#10153 = EDGE_CURVE('',#10080,#10131,#10154,.T.);
#10154 = SURFACE_CURVE('',#10155,(#10159,#10166),.PCURVE_S1.);
#10155 = LINE('',#10156,#10157);
#10156 = CARTESIAN_POINT('',(2.86,-30.8,9.95));
#10157 = VECTOR('',#10158,1.);
#10158 = DIRECTION('',(-0.,1.,0.));
#10159 = PCURVE('',#10088,#10160);
#10160 = DEFINITIONAL_REPRESENTATION('',(#10161),#10165);
#10161 = LINE('',#10162,#10163);
#10162 = CARTESIAN_POINT('',(12.79,0.));
#10163 = VECTOR('',#10164,1.);
#10164 = DIRECTION('',(0.,-1.));
#10165 = ( GEOMETRIC_REPRESENTATION_CONTEXT(2) 
PARAMETRIC_REPRESENTATION_CONTEXT() REPRESENTATION_CONTEXT('2D SPACE',''
  ) );
#10166 = PCURVE('',#10062,#10167);
#10167 = DEFINITIONAL_REPRESENTATION('',(#10168),#10172);
#10168 = LINE('',#10169,#10170);
#10169 = CARTESIAN_POINT('',(0.64,0.));
#10170 = VECTOR('',#10171,1.);
#10171 = DIRECTION('',(0.,1.));
#10172 = ( GEOMETRIC_REPRESENTATION_CONTEXT(2) 
PARAMETRIC_REPRESENTATION_CONTEXT() REPRESENTATION_CONTEXT('2D SPACE',''
  ) );
#10173 = ADVANCED_FACE('',(#10174),#9980,.F.);
#10174 = FACE_BOUND('',#10175,.F.);
#10175 = EDGE_LOOP('',(#10176,#10197,#10198,#10219));
#10176 = ORIENTED_EDGE('',*,*,#10177,.F.);
#10177 = EDGE_CURVE('',#9958,#10078,#10178,.T.);
#10178 = SURFACE_CURVE('',#10179,(#10183,#10190),.PCURVE_S1.);
#10179 = LINE('',#10180,#10181);
#10180 = CARTESIAN_POINT('',(2.22,-30.8,-2.84));
#10181 = VECTOR('',#10182,1.);
#10182 = DIRECTION('',(1.,0.,-0.));
#10183 = PCURVE('',#9980,#10184);
#10184 = DEFINITIONAL_REPRESENTATION('',(#10185),#10189);
#10185 = LINE('',#10186,#10187);
#10186 = CARTESIAN_POINT('',(0.,0.));
#10187 = VECTOR('',#10188,1.);
#10188 = DIRECTION('',(0.,1.));
#10189 = ( GEOMETRIC_REPRESENTATION_CONTEXT(2) 
PARAMETRIC_REPRESENTATION_CONTEXT() REPRESENTATION_CONTEXT('2D SPACE',''
  ) );
#10190 = PCURVE('',#10008,#10191);
#10191 = DEFINITIONAL_REPRESENTATION('',(#10192),#10196);
#10192 = LINE('',#10193,#10194);
#10193 = CARTESIAN_POINT('',(0.,0.));
#10194 = VECTOR('',#10195,1.);
#10195 = DIRECTION('',(1.,0.));
#10196 = ( GEOMETRIC_REPRESENTATION_CONTEXT(2) 
PARAMETRIC_REPRESENTATION_CONTEXT() REPRESENTATION_CONTEXT('2D SPACE',''
  ) );
#10197 = ORIENTED_EDGE('',*,*,#9957,.T.);
#10198 = ORIENTED_EDGE('',*,*,#10199,.T.);
#10199 = EDGE_CURVE('',#9960,#10080,#10200,.T.);
#10200 = SURFACE_CURVE('',#10201,(#10205,#10212),.PCURVE_S1.);
#10201 = LINE('',#10202,#10203);
#10202 = CARTESIAN_POINT('',(2.22,-30.8,9.95));
#10203 = VECTOR('',#10204,1.);
#10204 = DIRECTION('',(1.,0.,-0.));
#10205 = PCURVE('',#9980,#10206);
#10206 = DEFINITIONAL_REPRESENTATION('',(#10207),#10211);
#10207 = LINE('',#10208,#10209);
#10208 = CARTESIAN_POINT('',(12.79,0.));
#10209 = VECTOR('',#10210,1.);
#10210 = DIRECTION('',(0.,1.));
#10211 = ( GEOMETRIC_REPRESENTATION_CONTEXT(2) 
PARAMETRIC_REPRESENTATION_CONTEXT() REPRESENTATION_CONTEXT('2D SPACE',''
  ) );
#10212 = PCURVE('',#10062,#10213);
#10213 = DEFINITIONAL_REPRESENTATION('',(#10214),#10218);
#10214 = LINE('',#10215,#10216);
#10215 = CARTESIAN_POINT('',(0.,0.));
#10216 = VECTOR('',#10217,1.);
#10217 = DIRECTION('',(1.,0.));
#10218 = ( GEOMETRIC_REPRESENTATION_CONTEXT(2) 
PARAMETRIC_REPRESENTATION_CONTEXT() REPRESENTATION_CONTEXT('2D SPACE',''
  ) );
#10219 = ORIENTED_EDGE('',*,*,#10077,.F.);
#10220 = ADVANCED_FACE('',(#10221),#10036,.T.);
#10221 = FACE_BOUND('',#10222,.T.);
#10222 = EDGE_LOOP('',(#10223,#10244,#10245,#10266));
#10223 = ORIENTED_EDGE('',*,*,#10224,.F.);
#10224 = EDGE_CURVE('',#9993,#10108,#10225,.T.);
#10225 = SURFACE_CURVE('',#10226,(#10230,#10237),.PCURVE_S1.);
#10226 = LINE('',#10227,#10228);
#10227 = CARTESIAN_POINT('',(2.22,-30.16,-2.84));
#10228 = VECTOR('',#10229,1.);
#10229 = DIRECTION('',(1.,0.,-0.));
#10230 = PCURVE('',#10036,#10231);
#10231 = DEFINITIONAL_REPRESENTATION('',(#10232),#10236);
#10232 = LINE('',#10233,#10234);
#10233 = CARTESIAN_POINT('',(0.,0.));
#10234 = VECTOR('',#10235,1.);
#10235 = DIRECTION('',(0.,1.));
#10236 = ( GEOMETRIC_REPRESENTATION_CONTEXT(2) 
PARAMETRIC_REPRESENTATION_CONTEXT() REPRESENTATION_CONTEXT('2D SPACE',''
  ) );
#10237 = PCURVE('',#10008,#10238);
#10238 = DEFINITIONAL_REPRESENTATION('',(#10239),#10243);
#10239 = LINE('',#10240,#10241);
#10240 = CARTESIAN_POINT('',(0.,0.64));
#10241 = VECTOR('',#10242,1.);
#10242 = DIRECTION('',(1.,0.));
#10243 = ( GEOMETRIC_REPRESENTATION_CONTEXT(2) 
PARAMETRIC_REPRESENTATION_CONTEXT() REPRESENTATION_CONTEXT('2D SPACE',''
  ) );
#10244 = ORIENTED_EDGE('',*,*,#10020,.T.);
#10245 = ORIENTED_EDGE('',*,*,#10246,.T.);
#10246 = EDGE_CURVE('',#10021,#10131,#10247,.T.);
#10247 = SURFACE_CURVE('',#10248,(#10252,#10259),.PCURVE_S1.);
#10248 = LINE('',#10249,#10250);
#10249 = CARTESIAN_POINT('',(2.22,-30.16,9.95));
#10250 = VECTOR('',#10251,1.);
#10251 = DIRECTION('',(1.,0.,-0.));
#10252 = PCURVE('',#10036,#10253);
#10253 = DEFINITIONAL_REPRESENTATION('',(#10254),#10258);
#10254 = LINE('',#10255,#10256);
#10255 = CARTESIAN_POINT('',(12.79,0.));
#10256 = VECTOR('',#10257,1.);
#10257 = DIRECTION('',(0.,1.));
#10258 = ( GEOMETRIC_REPRESENTATION_CONTEXT(2) 
PARAMETRIC_REPRESENTATION_CONTEXT() REPRESENTATION_CONTEXT('2D SPACE',''
  ) );
#10259 = PCURVE('',#10062,#10260);
#10260 = DEFINITIONAL_REPRESENTATION('',(#10261),#10265);
#10261 = LINE('',#10262,#10263);
#10262 = CARTESIAN_POINT('',(0.,0.64));
#10263 = VECTOR('',#10264,1.);
#10264 = DIRECTION('',(1.,0.));
#10265 = ( GEOMETRIC_REPRESENTATION_CONTEXT(2) 
PARAMETRIC_REPRESENTATION_CONTEXT() REPRESENTATION_CONTEXT('2D SPACE',''
  ) );
#10266 = ORIENTED_EDGE('',*,*,#10130,.F.);
#10267 = ADVANCED_FACE('',(#10268),#10008,.F.);
#10268 = FACE_BOUND('',#10269,.F.);
#10269 = EDGE_LOOP('',(#10270,#10271,#10272,#10273));
#10270 = ORIENTED_EDGE('',*,*,#9992,.F.);
#10271 = ORIENTED_EDGE('',*,*,#10177,.T.);
#10272 = ORIENTED_EDGE('',*,*,#10107,.T.);
#10273 = ORIENTED_EDGE('',*,*,#10224,.F.);
#10274 = ADVANCED_FACE('',(#10275),#10062,.T.);
#10275 = FACE_BOUND('',#10276,.T.);
#10276 = EDGE_LOOP('',(#10277,#10278,#10279,#10280));
#10277 = ORIENTED_EDGE('',*,*,#10048,.F.);
#10278 = ORIENTED_EDGE('',*,*,#10199,.T.);
#10279 = ORIENTED_EDGE('',*,*,#10153,.T.);
#10280 = ORIENTED_EDGE('',*,*,#10246,.F.);
#10281 = ( GEOMETRIC_REPRESENTATION_CONTEXT(3) 
GLOBAL_UNCERTAINTY_ASSIGNED_CONTEXT((#10285)) 
GLOBAL_UNIT_ASSIGNED_CONTEXT((#10282,#10283,#10284)) 
REPRESENTATION_CONTEXT('Context #1',
  '3D Context with UNIT and UNCERTAINTY') );
#10282 = ( LENGTH_UNIT() NAMED_UNIT(*) SI_UNIT(.MILLI.,.METRE.) );
#10283 = ( NAMED_UNIT(*) PLANE_ANGLE_UNIT() SI_UNIT($,.RADIAN.) );
#10284 = ( NAMED_UNIT(*) SI_UNIT($,.STERADIAN.) SOLID_ANGLE_UNIT() );
#10285 = UNCERTAINTY_MEASURE_WITH_UNIT(LENGTH_MEASURE(1.E-07),#10282,
  'distance_accuracy_value','confusion accuracy');
#10286 = CONTEXT_DEPENDENT_SHAPE_REPRESENTATION(#10287,#10289);
#10287 = ( REPRESENTATION_RELATIONSHIP('','',#9950,#10) 
REPRESENTATION_RELATIONSHIP_WITH_TRANSFORMATION(#10288) 
SHAPE_REPRESENTATION_RELATIONSHIP() );
#10288 = ITEM_DEFINED_TRANSFORMATION('','',#11,#119);
#10289 = PRODUCT_DEFINITION_SHAPE('Placement','Placement of an item',
  #10290);
#10290 = NEXT_ASSEMBLY_USAGE_OCCURRENCE('321','','',#5,#9945,$);
#10291 = PRODUCT_RELATED_PRODUCT_CATEGORY('part',$,(#9947));
#10292 = SHAPE_DEFINITION_REPRESENTATION(#10293,#10299);
#10293 = PRODUCT_DEFINITION_SHAPE('','',#10294);
#10294 = PRODUCT_DEFINITION('design','',#10295,#10298);
#10295 = PRODUCT_DEFINITION_FORMATION('','',#10296);
#10296 = PRODUCT('Open CASCADE STEP translator 7.9 22.28',
  'Open CASCADE STEP translator 7.9 22.28','',(#10297));
#10297 = PRODUCT_CONTEXT('',#2,'mechanical');
#10298 = PRODUCT_DEFINITION_CONTEXT('part definition',#2,'design');
#10299 = ADVANCED_BREP_SHAPE_REPRESENTATION('',(#11,#10300),#10630);
#10300 = MANIFOLD_SOLID_BREP('',#10301);
#10301 = CLOSED_SHELL('',(#10302,#10422,#10522,#10569,#10616,#10623));
#10302 = ADVANCED_FACE('',(#10303),#10317,.F.);
#10303 = FACE_BOUND('',#10304,.F.);
#10304 = EDGE_LOOP('',(#10305,#10340,#10368,#10396));
#10305 = ORIENTED_EDGE('',*,*,#10306,.F.);
#10306 = EDGE_CURVE('',#10307,#10309,#10311,.T.);
#10307 = VERTEX_POINT('',#10308);
#10308 = CARTESIAN_POINT('',(-0.32,-33.34,-2.84));
#10309 = VERTEX_POINT('',#10310);
#10310 = CARTESIAN_POINT('',(-0.32,-33.34,9.95));
#10311 = SURFACE_CURVE('',#10312,(#10316,#10328),.PCURVE_S1.);
#10312 = LINE('',#10313,#10314);
#10313 = CARTESIAN_POINT('',(-0.32,-33.34,-2.84));
#10314 = VECTOR('',#10315,1.);
#10315 = DIRECTION('',(0.,0.,1.));
#10316 = PCURVE('',#10317,#10322);
#10317 = PLANE('',#10318);
#10318 = AXIS2_PLACEMENT_3D('',#10319,#10320,#10321);
#10319 = CARTESIAN_POINT('',(-0.32,-33.34,-2.84));
#10320 = DIRECTION('',(1.,0.,-0.));
#10321 = DIRECTION('',(0.,0.,1.));
#10322 = DEFINITIONAL_REPRESENTATION('',(#10323),#10327);
#10323 = LINE('',#10324,#10325);
#10324 = CARTESIAN_POINT('',(0.,0.));
#10325 = VECTOR('',#10326,1.);
#10326 = DIRECTION('',(1.,0.));
#10327 = ( GEOMETRIC_REPRESENTATION_CONTEXT(2) 
PARAMETRIC_REPRESENTATION_CONTEXT() REPRESENTATION_CONTEXT('2D SPACE',''
  ) );
#10328 = PCURVE('',#10329,#10334);
#10329 = PLANE('',#10330);
#10330 = AXIS2_PLACEMENT_3D('',#10331,#10332,#10333);
#10331 = CARTESIAN_POINT('',(-0.32,-33.34,-2.84));
#10332 = DIRECTION('',(-0.,1.,0.));
#10333 = DIRECTION('',(0.,0.,1.));
#10334 = DEFINITIONAL_REPRESENTATION('',(#10335),#10339);
#10335 = LINE('',#10336,#10337);
#10336 = CARTESIAN_POINT('',(0.,0.));
#10337 = VECTOR('',#10338,1.);
#10338 = DIRECTION('',(1.,0.));
#10339 = ( GEOMETRIC_REPRESENTATION_CONTEXT(2) 
PARAMETRIC_REPRESENTATION_CONTEXT() REPRESENTATION_CONTEXT('2D SPACE',''
  ) );
#10340 = ORIENTED_EDGE('',*,*,#10341,.T.);
#10341 = EDGE_CURVE('',#10307,#10342,#10344,.T.);
#10342 = VERTEX_POINT('',#10343);
#10343 = CARTESIAN_POINT('',(-0.32,-32.7,-2.84));
#10344 = SURFACE_CURVE('',#10345,(#10349,#10356),.PCURVE_S1.);
#10345 = LINE('',#10346,#10347);
#10346 = CARTESIAN_POINT('',(-0.32,-33.34,-2.84));
#10347 = VECTOR('',#10348,1.);
#10348 = DIRECTION('',(-0.,1.,0.));
#10349 = PCURVE('',#10317,#10350);
#10350 = DEFINITIONAL_REPRESENTATION('',(#10351),#10355);
#10351 = LINE('',#10352,#10353);
#10352 = CARTESIAN_POINT('',(0.,0.));
#10353 = VECTOR('',#10354,1.);
#10354 = DIRECTION('',(0.,-1.));
#10355 = ( GEOMETRIC_REPRESENTATION_CONTEXT(2) 
PARAMETRIC_REPRESENTATION_CONTEXT() REPRESENTATION_CONTEXT('2D SPACE',''
  ) );
#10356 = PCURVE('',#10357,#10362);
#10357 = PLANE('',#10358);
#10358 = AXIS2_PLACEMENT_3D('',#10359,#10360,#10361);
#10359 = CARTESIAN_POINT('',(-0.32,-33.34,-2.84));
#10360 = DIRECTION('',(0.,0.,1.));
#10361 = DIRECTION('',(1.,0.,-0.));
#10362 = DEFINITIONAL_REPRESENTATION('',(#10363),#10367);
#10363 = LINE('',#10364,#10365);
#10364 = CARTESIAN_POINT('',(0.,0.));
#10365 = VECTOR('',#10366,1.);
#10366 = DIRECTION('',(0.,1.));
#10367 = ( GEOMETRIC_REPRESENTATION_CONTEXT(2) 
PARAMETRIC_REPRESENTATION_CONTEXT() REPRESENTATION_CONTEXT('2D SPACE',''
  ) );
#10368 = ORIENTED_EDGE('',*,*,#10369,.T.);
#10369 = EDGE_CURVE('',#10342,#10370,#10372,.T.);
#10370 = VERTEX_POINT('',#10371);
#10371 = CARTESIAN_POINT('',(-0.32,-32.7,9.95));
#10372 = SURFACE_CURVE('',#10373,(#10377,#10384),.PCURVE_S1.);
#10373 = LINE('',#10374,#10375);
#10374 = CARTESIAN_POINT('',(-0.32,-32.7,-2.84));
#10375 = VECTOR('',#10376,1.);
#10376 = DIRECTION('',(0.,0.,1.));
#10377 = PCURVE('',#10317,#10378);
#10378 = DEFINITIONAL_REPRESENTATION('',(#10379),#10383);
#10379 = LINE('',#10380,#10381);
#10380 = CARTESIAN_POINT('',(0.,-0.64));
#10381 = VECTOR('',#10382,1.);
#10382 = DIRECTION('',(1.,0.));
#10383 = ( GEOMETRIC_REPRESENTATION_CONTEXT(2) 
PARAMETRIC_REPRESENTATION_CONTEXT() REPRESENTATION_CONTEXT('2D SPACE',''
  ) );
#10384 = PCURVE('',#10385,#10390);
#10385 = PLANE('',#10386);
#10386 = AXIS2_PLACEMENT_3D('',#10387,#10388,#10389);
#10387 = CARTESIAN_POINT('',(-0.32,-32.7,-2.84));
#10388 = DIRECTION('',(-0.,1.,0.));
#10389 = DIRECTION('',(0.,0.,1.));
#10390 = DEFINITIONAL_REPRESENTATION('',(#10391),#10395);
#10391 = LINE('',#10392,#10393);
#10392 = CARTESIAN_POINT('',(0.,0.));
#10393 = VECTOR('',#10394,1.);
#10394 = DIRECTION('',(1.,0.));
#10395 = ( GEOMETRIC_REPRESENTATION_CONTEXT(2) 
PARAMETRIC_REPRESENTATION_CONTEXT() REPRESENTATION_CONTEXT('2D SPACE',''
  ) );
#10396 = ORIENTED_EDGE('',*,*,#10397,.F.);
#10397 = EDGE_CURVE('',#10309,#10370,#10398,.T.);
#10398 = SURFACE_CURVE('',#10399,(#10403,#10410),.PCURVE_S1.);
#10399 = LINE('',#10400,#10401);
#10400 = CARTESIAN_POINT('',(-0.32,-33.34,9.95));
#10401 = VECTOR('',#10402,1.);
#10402 = DIRECTION('',(-0.,1.,0.));
#10403 = PCURVE('',#10317,#10404);
#10404 = DEFINITIONAL_REPRESENTATION('',(#10405),#10409);
#10405 = LINE('',#10406,#10407);
#10406 = CARTESIAN_POINT('',(12.79,0.));
#10407 = VECTOR('',#10408,1.);
#10408 = DIRECTION('',(0.,-1.));
#10409 = ( GEOMETRIC_REPRESENTATION_CONTEXT(2) 
PARAMETRIC_REPRESENTATION_CONTEXT() REPRESENTATION_CONTEXT('2D SPACE',''
  ) );
#10410 = PCURVE('',#10411,#10416);
#10411 = PLANE('',#10412);
#10412 = AXIS2_PLACEMENT_3D('',#10413,#10414,#10415);
#10413 = CARTESIAN_POINT('',(-0.32,-33.34,9.95));
#10414 = DIRECTION('',(0.,0.,1.));
#10415 = DIRECTION('',(1.,0.,-0.));
#10416 = DEFINITIONAL_REPRESENTATION('',(#10417),#10421);
#10417 = LINE('',#10418,#10419);
#10418 = CARTESIAN_POINT('',(0.,0.));
#10419 = VECTOR('',#10420,1.);
#10420 = DIRECTION('',(0.,1.));
#10421 = ( GEOMETRIC_REPRESENTATION_CONTEXT(2) 
PARAMETRIC_REPRESENTATION_CONTEXT() REPRESENTATION_CONTEXT('2D SPACE',''
  ) );
#10422 = ADVANCED_FACE('',(#10423),#10437,.T.);
#10423 = FACE_BOUND('',#10424,.T.);
#10424 = EDGE_LOOP('',(#10425,#10455,#10478,#10501));
#10425 = ORIENTED_EDGE('',*,*,#10426,.F.);
#10426 = EDGE_CURVE('',#10427,#10429,#10431,.T.);
#10427 = VERTEX_POINT('',#10428);
#10428 = CARTESIAN_POINT('',(0.32,-33.34,-2.84));
#10429 = VERTEX_POINT('',#10430);
#10430 = CARTESIAN_POINT('',(0.32,-33.34,9.95));
#10431 = SURFACE_CURVE('',#10432,(#10436,#10448),.PCURVE_S1.);
#10432 = LINE('',#10433,#10434);
#10433 = CARTESIAN_POINT('',(0.32,-33.34,-2.84));
#10434 = VECTOR('',#10435,1.);
#10435 = DIRECTION('',(0.,0.,1.));
#10436 = PCURVE('',#10437,#10442);
#10437 = PLANE('',#10438);
#10438 = AXIS2_PLACEMENT_3D('',#10439,#10440,#10441);
#10439 = CARTESIAN_POINT('',(0.32,-33.34,-2.84));
#10440 = DIRECTION('',(1.,0.,-0.));
#10441 = DIRECTION('',(0.,0.,1.));
#10442 = DEFINITIONAL_REPRESENTATION('',(#10443),#10447);
#10443 = LINE('',#10444,#10445);
#10444 = CARTESIAN_POINT('',(0.,0.));
#10445 = VECTOR('',#10446,1.);
#10446 = DIRECTION('',(1.,0.));
#10447 = ( GEOMETRIC_REPRESENTATION_CONTEXT(2) 
PARAMETRIC_REPRESENTATION_CONTEXT() REPRESENTATION_CONTEXT('2D SPACE',''
  ) );
#10448 = PCURVE('',#10329,#10449);
#10449 = DEFINITIONAL_REPRESENTATION('',(#10450),#10454);
#10450 = LINE('',#10451,#10452);
#10451 = CARTESIAN_POINT('',(0.,0.64));
#10452 = VECTOR('',#10453,1.);
#10453 = DIRECTION('',(1.,0.));
#10454 = ( GEOMETRIC_REPRESENTATION_CONTEXT(2) 
PARAMETRIC_REPRESENTATION_CONTEXT() REPRESENTATION_CONTEXT('2D SPACE',''
  ) );
#10455 = ORIENTED_EDGE('',*,*,#10456,.T.);
#10456 = EDGE_CURVE('',#10427,#10457,#10459,.T.);
#10457 = VERTEX_POINT('',#10458);
#10458 = CARTESIAN_POINT('',(0.32,-32.7,-2.84));
#10459 = SURFACE_CURVE('',#10460,(#10464,#10471),.PCURVE_S1.);
#10460 = LINE('',#10461,#10462);
#10461 = CARTESIAN_POINT('',(0.32,-33.34,-2.84));
#10462 = VECTOR('',#10463,1.);
#10463 = DIRECTION('',(-0.,1.,0.));
#10464 = PCURVE('',#10437,#10465);
#10465 = DEFINITIONAL_REPRESENTATION('',(#10466),#10470);
#10466 = LINE('',#10467,#10468);
#10467 = CARTESIAN_POINT('',(0.,0.));
#10468 = VECTOR('',#10469,1.);
#10469 = DIRECTION('',(0.,-1.));
#10470 = ( GEOMETRIC_REPRESENTATION_CONTEXT(2) 
PARAMETRIC_REPRESENTATION_CONTEXT() REPRESENTATION_CONTEXT('2D SPACE',''
  ) );
#10471 = PCURVE('',#10357,#10472);
#10472 = DEFINITIONAL_REPRESENTATION('',(#10473),#10477);
#10473 = LINE('',#10474,#10475);
#10474 = CARTESIAN_POINT('',(0.64,0.));
#10475 = VECTOR('',#10476,1.);
#10476 = DIRECTION('',(0.,1.));
#10477 = ( GEOMETRIC_REPRESENTATION_CONTEXT(2) 
PARAMETRIC_REPRESENTATION_CONTEXT() REPRESENTATION_CONTEXT('2D SPACE',''
  ) );
#10478 = ORIENTED_EDGE('',*,*,#10479,.T.);
#10479 = EDGE_CURVE('',#10457,#10480,#10482,.T.);
#10480 = VERTEX_POINT('',#10481);
#10481 = CARTESIAN_POINT('',(0.32,-32.7,9.95));
#10482 = SURFACE_CURVE('',#10483,(#10487,#10494),.PCURVE_S1.);
#10483 = LINE('',#10484,#10485);
#10484 = CARTESIAN_POINT('',(0.32,-32.7,-2.84));
#10485 = VECTOR('',#10486,1.);
#10486 = DIRECTION('',(0.,0.,1.));
#10487 = PCURVE('',#10437,#10488);
#10488 = DEFINITIONAL_REPRESENTATION('',(#10489),#10493);
#10489 = LINE('',#10490,#10491);
#10490 = CARTESIAN_POINT('',(0.,-0.64));
#10491 = VECTOR('',#10492,1.);
#10492 = DIRECTION('',(1.,0.));
#10493 = ( GEOMETRIC_REPRESENTATION_CONTEXT(2) 
PARAMETRIC_REPRESENTATION_CONTEXT() REPRESENTATION_CONTEXT('2D SPACE',''
  ) );
#10494 = PCURVE('',#10385,#10495);
#10495 = DEFINITIONAL_REPRESENTATION('',(#10496),#10500);
#10496 = LINE('',#10497,#10498);
#10497 = CARTESIAN_POINT('',(0.,0.64));
#10498 = VECTOR('',#10499,1.);
#10499 = DIRECTION('',(1.,0.));
#10500 = ( GEOMETRIC_REPRESENTATION_CONTEXT(2) 
PARAMETRIC_REPRESENTATION_CONTEXT() REPRESENTATION_CONTEXT('2D SPACE',''
  ) );
#10501 = ORIENTED_EDGE('',*,*,#10502,.F.);
#10502 = EDGE_CURVE('',#10429,#10480,#10503,.T.);
#10503 = SURFACE_CURVE('',#10504,(#10508,#10515),.PCURVE_S1.);
#10504 = LINE('',#10505,#10506);
#10505 = CARTESIAN_POINT('',(0.32,-33.34,9.95));
#10506 = VECTOR('',#10507,1.);
#10507 = DIRECTION('',(-0.,1.,0.));
#10508 = PCURVE('',#10437,#10509);
#10509 = DEFINITIONAL_REPRESENTATION('',(#10510),#10514);
#10510 = LINE('',#10511,#10512);
#10511 = CARTESIAN_POINT('',(12.79,0.));
#10512 = VECTOR('',#10513,1.);
#10513 = DIRECTION('',(0.,-1.));
#10514 = ( GEOMETRIC_REPRESENTATION_CONTEXT(2) 
PARAMETRIC_REPRESENTATION_CONTEXT() REPRESENTATION_CONTEXT('2D SPACE',''
  ) );
#10515 = PCURVE('',#10411,#10516);
#10516 = DEFINITIONAL_REPRESENTATION('',(#10517),#10521);
#10517 = LINE('',#10518,#10519);
#10518 = CARTESIAN_POINT('',(0.64,0.));
#10519 = VECTOR('',#10520,1.);
#10520 = DIRECTION('',(0.,1.));
#10521 = ( GEOMETRIC_REPRESENTATION_CONTEXT(2) 
PARAMETRIC_REPRESENTATION_CONTEXT() REPRESENTATION_CONTEXT('2D SPACE',''
  ) );
#10522 = ADVANCED_FACE('',(#10523),#10329,.F.);
#10523 = FACE_BOUND('',#10524,.F.);
#10524 = EDGE_LOOP('',(#10525,#10546,#10547,#10568));
#10525 = ORIENTED_EDGE('',*,*,#10526,.F.);
#10526 = EDGE_CURVE('',#10307,#10427,#10527,.T.);
#10527 = SURFACE_CURVE('',#10528,(#10532,#10539),.PCURVE_S1.);
#10528 = LINE('',#10529,#10530);
#10529 = CARTESIAN_POINT('',(-0.32,-33.34,-2.84));
#10530 = VECTOR('',#10531,1.);
#10531 = DIRECTION('',(1.,0.,-0.));
#10532 = PCURVE('',#10329,#10533);
#10533 = DEFINITIONAL_REPRESENTATION('',(#10534),#10538);
#10534 = LINE('',#10535,#10536);
#10535 = CARTESIAN_POINT('',(0.,0.));
#10536 = VECTOR('',#10537,1.);
#10537 = DIRECTION('',(0.,1.));
#10538 = ( GEOMETRIC_REPRESENTATION_CONTEXT(2) 
PARAMETRIC_REPRESENTATION_CONTEXT() REPRESENTATION_CONTEXT('2D SPACE',''
  ) );
#10539 = PCURVE('',#10357,#10540);
#10540 = DEFINITIONAL_REPRESENTATION('',(#10541),#10545);
#10541 = LINE('',#10542,#10543);
#10542 = CARTESIAN_POINT('',(0.,0.));
#10543 = VECTOR('',#10544,1.);
#10544 = DIRECTION('',(1.,0.));
#10545 = ( GEOMETRIC_REPRESENTATION_CONTEXT(2) 
PARAMETRIC_REPRESENTATION_CONTEXT() REPRESENTATION_CONTEXT('2D SPACE',''
  ) );
#10546 = ORIENTED_EDGE('',*,*,#10306,.T.);
#10547 = ORIENTED_EDGE('',*,*,#10548,.T.);
#10548 = EDGE_CURVE('',#10309,#10429,#10549,.T.);
#10549 = SURFACE_CURVE('',#10550,(#10554,#10561),.PCURVE_S1.);
#10550 = LINE('',#10551,#10552);
#10551 = CARTESIAN_POINT('',(-0.32,-33.34,9.95));
#10552 = VECTOR('',#10553,1.);
#10553 = DIRECTION('',(1.,0.,-0.));
#10554 = PCURVE('',#10329,#10555);
#10555 = DEFINITIONAL_REPRESENTATION('',(#10556),#10560);
#10556 = LINE('',#10557,#10558);
#10557 = CARTESIAN_POINT('',(12.79,0.));
#10558 = VECTOR('',#10559,1.);
#10559 = DIRECTION('',(0.,1.));
#10560 = ( GEOMETRIC_REPRESENTATION_CONTEXT(2) 
PARAMETRIC_REPRESENTATION_CONTEXT() REPRESENTATION_CONTEXT('2D SPACE',''
  ) );
#10561 = PCURVE('',#10411,#10562);
#10562 = DEFINITIONAL_REPRESENTATION('',(#10563),#10567);
#10563 = LINE('',#10564,#10565);
#10564 = CARTESIAN_POINT('',(0.,0.));
#10565 = VECTOR('',#10566,1.);
#10566 = DIRECTION('',(1.,0.));
#10567 = ( GEOMETRIC_REPRESENTATION_CONTEXT(2) 
PARAMETRIC_REPRESENTATION_CONTEXT() REPRESENTATION_CONTEXT('2D SPACE',''
  ) );
#10568 = ORIENTED_EDGE('',*,*,#10426,.F.);
#10569 = ADVANCED_FACE('',(#10570),#10385,.T.);
#10570 = FACE_BOUND('',#10571,.T.);
#10571 = EDGE_LOOP('',(#10572,#10593,#10594,#10615));
#10572 = ORIENTED_EDGE('',*,*,#10573,.F.);
#10573 = EDGE_CURVE('',#10342,#10457,#10574,.T.);
#10574 = SURFACE_CURVE('',#10575,(#10579,#10586),.PCURVE_S1.);
#10575 = LINE('',#10576,#10577);
#10576 = CARTESIAN_POINT('',(-0.32,-32.7,-2.84));
#10577 = VECTOR('',#10578,1.);
#10578 = DIRECTION('',(1.,0.,-0.));
#10579 = PCURVE('',#10385,#10580);
#10580 = DEFINITIONAL_REPRESENTATION('',(#10581),#10585);
#10581 = LINE('',#10582,#10583);
#10582 = CARTESIAN_POINT('',(0.,0.));
#10583 = VECTOR('',#10584,1.);
#10584 = DIRECTION('',(0.,1.));
#10585 = ( GEOMETRIC_REPRESENTATION_CONTEXT(2) 
PARAMETRIC_REPRESENTATION_CONTEXT() REPRESENTATION_CONTEXT('2D SPACE',''
  ) );
#10586 = PCURVE('',#10357,#10587);
#10587 = DEFINITIONAL_REPRESENTATION('',(#10588),#10592);
#10588 = LINE('',#10589,#10590);
#10589 = CARTESIAN_POINT('',(0.,0.64));
#10590 = VECTOR('',#10591,1.);
#10591 = DIRECTION('',(1.,0.));
#10592 = ( GEOMETRIC_REPRESENTATION_CONTEXT(2) 
PARAMETRIC_REPRESENTATION_CONTEXT() REPRESENTATION_CONTEXT('2D SPACE',''
  ) );
#10593 = ORIENTED_EDGE('',*,*,#10369,.T.);
#10594 = ORIENTED_EDGE('',*,*,#10595,.T.);
#10595 = EDGE_CURVE('',#10370,#10480,#10596,.T.);
#10596 = SURFACE_CURVE('',#10597,(#10601,#10608),.PCURVE_S1.);
#10597 = LINE('',#10598,#10599);
#10598 = CARTESIAN_POINT('',(-0.32,-32.7,9.95));
#10599 = VECTOR('',#10600,1.);
#10600 = DIRECTION('',(1.,0.,-0.));
#10601 = PCURVE('',#10385,#10602);
#10602 = DEFINITIONAL_REPRESENTATION('',(#10603),#10607);
#10603 = LINE('',#10604,#10605);
#10604 = CARTESIAN_POINT('',(12.79,0.));
#10605 = VECTOR('',#10606,1.);
#10606 = DIRECTION('',(0.,1.));
#10607 = ( GEOMETRIC_REPRESENTATION_CONTEXT(2) 
PARAMETRIC_REPRESENTATION_CONTEXT() REPRESENTATION_CONTEXT('2D SPACE',''
  ) );
#10608 = PCURVE('',#10411,#10609);
#10609 = DEFINITIONAL_REPRESENTATION('',(#10610),#10614);
#10610 = LINE('',#10611,#10612);
#10611 = CARTESIAN_POINT('',(0.,0.64));
#10612 = VECTOR('',#10613,1.);
#10613 = DIRECTION('',(1.,0.));
#10614 = ( GEOMETRIC_REPRESENTATION_CONTEXT(2) 
PARAMETRIC_REPRESENTATION_CONTEXT() REPRESENTATION_CONTEXT('2D SPACE',''
  ) );
#10615 = ORIENTED_EDGE('',*,*,#10479,.F.);
#10616 = ADVANCED_FACE('',(#10617),#10357,.F.);
#10617 = FACE_BOUND('',#10618,.F.);
#10618 = EDGE_LOOP('',(#10619,#10620,#10621,#10622));
#10619 = ORIENTED_EDGE('',*,*,#10341,.F.);
#10620 = ORIENTED_EDGE('',*,*,#10526,.T.);
#10621 = ORIENTED_EDGE('',*,*,#10456,.T.);
#10622 = ORIENTED_EDGE('',*,*,#10573,.F.);
#10623 = ADVANCED_FACE('',(#10624),#10411,.T.);
#10624 = FACE_BOUND('',#10625,.T.);
#10625 = EDGE_LOOP('',(#10626,#10627,#10628,#10629));
#10626 = ORIENTED_EDGE('',*,*,#10397,.F.);
#10627 = ORIENTED_EDGE('',*,*,#10548,.T.);
#10628 = ORIENTED_EDGE('',*,*,#10502,.T.);
#10629 = ORIENTED_EDGE('',*,*,#10595,.F.);
#10630 = ( GEOMETRIC_REPRESENTATION_CONTEXT(3) 
GLOBAL_UNCERTAINTY_ASSIGNED_CONTEXT((#10634)) 
GLOBAL_UNIT_ASSIGNED_CONTEXT((#10631,#10632,#10633)) 
REPRESENTATION_CONTEXT('Context #1',
  '3D Context with UNIT and UNCERTAINTY') );
#10631 = ( LENGTH_UNIT() NAMED_UNIT(*) SI_UNIT(.MILLI.,.METRE.) );
#10632 = ( NAMED_UNIT(*) PLANE_ANGLE_UNIT() SI_UNIT($,.RADIAN.) );
#10633 = ( NAMED_UNIT(*) SI_UNIT($,.STERADIAN.) SOLID_ANGLE_UNIT() );
#10634 = UNCERTAINTY_MEASURE_WITH_UNIT(LENGTH_MEASURE(1.E-07),#10631,
  'distance_accuracy_value','confusion accuracy');
#10635 = CONTEXT_DEPENDENT_SHAPE_REPRESENTATION(#10636,#10638);
#10636 = ( REPRESENTATION_RELATIONSHIP('','',#10299,#10) 
REPRESENTATION_RELATIONSHIP_WITH_TRANSFORMATION(#10637) 
SHAPE_REPRESENTATION_RELATIONSHIP() );
#10637 = ITEM_DEFINED_TRANSFORMATION('','',#11,#123);
#10638 = PRODUCT_DEFINITION_SHAPE('Placement','Placement of an item',
  #10639);
#10639 = NEXT_ASSEMBLY_USAGE_OCCURRENCE('322','','',#5,#10294,$);
#10640 = PRODUCT_RELATED_PRODUCT_CATEGORY('part',$,(#10296));
#10641 = SHAPE_DEFINITION_REPRESENTATION(#10642,#10648);
#10642 = PRODUCT_DEFINITION_SHAPE('','',#10643);
#10643 = PRODUCT_DEFINITION('design','',#10644,#10647);
#10644 = PRODUCT_DEFINITION_FORMATION('','',#10645);
#10645 = PRODUCT('Open CASCADE STEP translator 7.9 22.29',
  'Open CASCADE STEP translator 7.9 22.29','',(#10646));
#10646 = PRODUCT_CONTEXT('',#2,'mechanical');
#10647 = PRODUCT_DEFINITION_CONTEXT('part definition',#2,'design');
#10648 = ADVANCED_BREP_SHAPE_REPRESENTATION('',(#11,#10649),#10979);
#10649 = MANIFOLD_SOLID_BREP('',#10650);
#10650 = CLOSED_SHELL('',(#10651,#10771,#10871,#10918,#10965,#10972));
#10651 = ADVANCED_FACE('',(#10652),#10666,.F.);
#10652 = FACE_BOUND('',#10653,.F.);
#10653 = EDGE_LOOP('',(#10654,#10689,#10717,#10745));
#10654 = ORIENTED_EDGE('',*,*,#10655,.F.);
#10655 = EDGE_CURVE('',#10656,#10658,#10660,.T.);
#10656 = VERTEX_POINT('',#10657);
#10657 = CARTESIAN_POINT('',(2.22,-33.34,-2.84));
#10658 = VERTEX_POINT('',#10659);
#10659 = CARTESIAN_POINT('',(2.22,-33.34,9.95));
#10660 = SURFACE_CURVE('',#10661,(#10665,#10677),.PCURVE_S1.);
#10661 = LINE('',#10662,#10663);
#10662 = CARTESIAN_POINT('',(2.22,-33.34,-2.84));
#10663 = VECTOR('',#10664,1.);
#10664 = DIRECTION('',(0.,0.,1.));
#10665 = PCURVE('',#10666,#10671);
#10666 = PLANE('',#10667);
#10667 = AXIS2_PLACEMENT_3D('',#10668,#10669,#10670);
#10668 = CARTESIAN_POINT('',(2.22,-33.34,-2.84));
#10669 = DIRECTION('',(1.,0.,-0.));
#10670 = DIRECTION('',(0.,0.,1.));
#10671 = DEFINITIONAL_REPRESENTATION('',(#10672),#10676);
#10672 = LINE('',#10673,#10674);
#10673 = CARTESIAN_POINT('',(0.,0.));
#10674 = VECTOR('',#10675,1.);
#10675 = DIRECTION('',(1.,0.));
#10676 = ( GEOMETRIC_REPRESENTATION_CONTEXT(2) 
PARAMETRIC_REPRESENTATION_CONTEXT() REPRESENTATION_CONTEXT('2D SPACE',''
  ) );
#10677 = PCURVE('',#10678,#10683);
#10678 = PLANE('',#10679);
#10679 = AXIS2_PLACEMENT_3D('',#10680,#10681,#10682);
#10680 = CARTESIAN_POINT('',(2.22,-33.34,-2.84));
#10681 = DIRECTION('',(-0.,1.,0.));
#10682 = DIRECTION('',(0.,0.,1.));
#10683 = DEFINITIONAL_REPRESENTATION('',(#10684),#10688);
#10684 = LINE('',#10685,#10686);
#10685 = CARTESIAN_POINT('',(0.,0.));
#10686 = VECTOR('',#10687,1.);
#10687 = DIRECTION('',(1.,0.));
#10688 = ( GEOMETRIC_REPRESENTATION_CONTEXT(2) 
PARAMETRIC_REPRESENTATION_CONTEXT() REPRESENTATION_CONTEXT('2D SPACE',''
  ) );
#10689 = ORIENTED_EDGE('',*,*,#10690,.T.);
#10690 = EDGE_CURVE('',#10656,#10691,#10693,.T.);
#10691 = VERTEX_POINT('',#10692);
#10692 = CARTESIAN_POINT('',(2.22,-32.7,-2.84));
#10693 = SURFACE_CURVE('',#10694,(#10698,#10705),.PCURVE_S1.);
#10694 = LINE('',#10695,#10696);
#10695 = CARTESIAN_POINT('',(2.22,-33.34,-2.84));
#10696 = VECTOR('',#10697,1.);
#10697 = DIRECTION('',(-0.,1.,0.));
#10698 = PCURVE('',#10666,#10699);
#10699 = DEFINITIONAL_REPRESENTATION('',(#10700),#10704);
#10700 = LINE('',#10701,#10702);
#10701 = CARTESIAN_POINT('',(0.,0.));
#10702 = VECTOR('',#10703,1.);
#10703 = DIRECTION('',(0.,-1.));
#10704 = ( GEOMETRIC_REPRESENTATION_CONTEXT(2) 
PARAMETRIC_REPRESENTATION_CONTEXT() REPRESENTATION_CONTEXT('2D SPACE',''
  ) );
#10705 = PCURVE('',#10706,#10711);
#10706 = PLANE('',#10707);
#10707 = AXIS2_PLACEMENT_3D('',#10708,#10709,#10710);
#10708 = CARTESIAN_POINT('',(2.22,-33.34,-2.84));
#10709 = DIRECTION('',(0.,0.,1.));
#10710 = DIRECTION('',(1.,0.,-0.));
#10711 = DEFINITIONAL_REPRESENTATION('',(#10712),#10716);
#10712 = LINE('',#10713,#10714);
#10713 = CARTESIAN_POINT('',(0.,0.));
#10714 = VECTOR('',#10715,1.);
#10715 = DIRECTION('',(0.,1.));
#10716 = ( GEOMETRIC_REPRESENTATION_CONTEXT(2) 
PARAMETRIC_REPRESENTATION_CONTEXT() REPRESENTATION_CONTEXT('2D SPACE',''
  ) );
#10717 = ORIENTED_EDGE('',*,*,#10718,.T.);
#10718 = EDGE_CURVE('',#10691,#10719,#10721,.T.);
#10719 = VERTEX_POINT('',#10720);
#10720 = CARTESIAN_POINT('',(2.22,-32.7,9.95));
#10721 = SURFACE_CURVE('',#10722,(#10726,#10733),.PCURVE_S1.);
#10722 = LINE('',#10723,#10724);
#10723 = CARTESIAN_POINT('',(2.22,-32.7,-2.84));
#10724 = VECTOR('',#10725,1.);
#10725 = DIRECTION('',(0.,0.,1.));
#10726 = PCURVE('',#10666,#10727);
#10727 = DEFINITIONAL_REPRESENTATION('',(#10728),#10732);
#10728 = LINE('',#10729,#10730);
#10729 = CARTESIAN_POINT('',(0.,-0.64));
#10730 = VECTOR('',#10731,1.);
#10731 = DIRECTION('',(1.,0.));
#10732 = ( GEOMETRIC_REPRESENTATION_CONTEXT(2) 
PARAMETRIC_REPRESENTATION_CONTEXT() REPRESENTATION_CONTEXT('2D SPACE',''
  ) );
#10733 = PCURVE('',#10734,#10739);
#10734 = PLANE('',#10735);
#10735 = AXIS2_PLACEMENT_3D('',#10736,#10737,#10738);
#10736 = CARTESIAN_POINT('',(2.22,-32.7,-2.84));
#10737 = DIRECTION('',(-0.,1.,0.));
#10738 = DIRECTION('',(0.,0.,1.));
#10739 = DEFINITIONAL_REPRESENTATION('',(#10740),#10744);
#10740 = LINE('',#10741,#10742);
#10741 = CARTESIAN_POINT('',(0.,0.));
#10742 = VECTOR('',#10743,1.);
#10743 = DIRECTION('',(1.,0.));
#10744 = ( GEOMETRIC_REPRESENTATION_CONTEXT(2) 
PARAMETRIC_REPRESENTATION_CONTEXT() REPRESENTATION_CONTEXT('2D SPACE',''
  ) );
#10745 = ORIENTED_EDGE('',*,*,#10746,.F.);
#10746 = EDGE_CURVE('',#10658,#10719,#10747,.T.);
#10747 = SURFACE_CURVE('',#10748,(#10752,#10759),.PCURVE_S1.);
#10748 = LINE('',#10749,#10750);
#10749 = CARTESIAN_POINT('',(2.22,-33.34,9.95));
#10750 = VECTOR('',#10751,1.);
#10751 = DIRECTION('',(-0.,1.,0.));
#10752 = PCURVE('',#10666,#10753);
#10753 = DEFINITIONAL_REPRESENTATION('',(#10754),#10758);
#10754 = LINE('',#10755,#10756);
#10755 = CARTESIAN_POINT('',(12.79,0.));
#10756 = VECTOR('',#10757,1.);
#10757 = DIRECTION('',(0.,-1.));
#10758 = ( GEOMETRIC_REPRESENTATION_CONTEXT(2) 
PARAMETRIC_REPRESENTATION_CONTEXT() REPRESENTATION_CONTEXT('2D SPACE',''
  ) );
#10759 = PCURVE('',#10760,#10765);
#10760 = PLANE('',#10761);
#10761 = AXIS2_PLACEMENT_3D('',#10762,#10763,#10764);
#10762 = CARTESIAN_POINT('',(2.22,-33.34,9.95));
#10763 = DIRECTION('',(0.,0.,1.));
#10764 = DIRECTION('',(1.,0.,-0.));
#10765 = DEFINITIONAL_REPRESENTATION('',(#10766),#10770);
#10766 = LINE('',#10767,#10768);
#10767 = CARTESIAN_POINT('',(0.,0.));
#10768 = VECTOR('',#10769,1.);
#10769 = DIRECTION('',(0.,1.));
#10770 = ( GEOMETRIC_REPRESENTATION_CONTEXT(2) 
PARAMETRIC_REPRESENTATION_CONTEXT() REPRESENTATION_CONTEXT('2D SPACE',''
  ) );
#10771 = ADVANCED_FACE('',(#10772),#10786,.T.);
#10772 = FACE_BOUND('',#10773,.T.);
#10773 = EDGE_LOOP('',(#10774,#10804,#10827,#10850));
#10774 = ORIENTED_EDGE('',*,*,#10775,.F.);
#10775 = EDGE_CURVE('',#10776,#10778,#10780,.T.);
#10776 = VERTEX_POINT('',#10777);
#10777 = CARTESIAN_POINT('',(2.86,-33.34,-2.84));
#10778 = VERTEX_POINT('',#10779);
#10779 = CARTESIAN_POINT('',(2.86,-33.34,9.95));
#10780 = SURFACE_CURVE('',#10781,(#10785,#10797),.PCURVE_S1.);
#10781 = LINE('',#10782,#10783);
#10782 = CARTESIAN_POINT('',(2.86,-33.34,-2.84));
#10783 = VECTOR('',#10784,1.);
#10784 = DIRECTION('',(0.,0.,1.));
#10785 = PCURVE('',#10786,#10791);
#10786 = PLANE('',#10787);
#10787 = AXIS2_PLACEMENT_3D('',#10788,#10789,#10790);
#10788 = CARTESIAN_POINT('',(2.86,-33.34,-2.84));
#10789 = DIRECTION('',(1.,0.,-0.));
#10790 = DIRECTION('',(0.,0.,1.));
#10791 = DEFINITIONAL_REPRESENTATION('',(#10792),#10796);
#10792 = LINE('',#10793,#10794);
#10793 = CARTESIAN_POINT('',(0.,0.));
#10794 = VECTOR('',#10795,1.);
#10795 = DIRECTION('',(1.,0.));
#10796 = ( GEOMETRIC_REPRESENTATION_CONTEXT(2) 
PARAMETRIC_REPRESENTATION_CONTEXT() REPRESENTATION_CONTEXT('2D SPACE',''
  ) );
#10797 = PCURVE('',#10678,#10798);
#10798 = DEFINITIONAL_REPRESENTATION('',(#10799),#10803);
#10799 = LINE('',#10800,#10801);
#10800 = CARTESIAN_POINT('',(0.,0.64));
#10801 = VECTOR('',#10802,1.);
#10802 = DIRECTION('',(1.,0.));
#10803 = ( GEOMETRIC_REPRESENTATION_CONTEXT(2) 
PARAMETRIC_REPRESENTATION_CONTEXT() REPRESENTATION_CONTEXT('2D SPACE',''
  ) );
#10804 = ORIENTED_EDGE('',*,*,#10805,.T.);
#10805 = EDGE_CURVE('',#10776,#10806,#10808,.T.);
#10806 = VERTEX_POINT('',#10807);
#10807 = CARTESIAN_POINT('',(2.86,-32.7,-2.84));
#10808 = SURFACE_CURVE('',#10809,(#10813,#10820),.PCURVE_S1.);
#10809 = LINE('',#10810,#10811);
#10810 = CARTESIAN_POINT('',(2.86,-33.34,-2.84));
#10811 = VECTOR('',#10812,1.);
#10812 = DIRECTION('',(-0.,1.,0.));
#10813 = PCURVE('',#10786,#10814);
#10814 = DEFINITIONAL_REPRESENTATION('',(#10815),#10819);
#10815 = LINE('',#10816,#10817);
#10816 = CARTESIAN_POINT('',(0.,0.));
#10817 = VECTOR('',#10818,1.);
#10818 = DIRECTION('',(0.,-1.));
#10819 = ( GEOMETRIC_REPRESENTATION_CONTEXT(2) 
PARAMETRIC_REPRESENTATION_CONTEXT() REPRESENTATION_CONTEXT('2D SPACE',''
  ) );
#10820 = PCURVE('',#10706,#10821);
#10821 = DEFINITIONAL_REPRESENTATION('',(#10822),#10826);
#10822 = LINE('',#10823,#10824);
#10823 = CARTESIAN_POINT('',(0.64,0.));
#10824 = VECTOR('',#10825,1.);
#10825 = DIRECTION('',(0.,1.));
#10826 = ( GEOMETRIC_REPRESENTATION_CONTEXT(2) 
PARAMETRIC_REPRESENTATION_CONTEXT() REPRESENTATION_CONTEXT('2D SPACE',''
  ) );
#10827 = ORIENTED_EDGE('',*,*,#10828,.T.);
#10828 = EDGE_CURVE('',#10806,#10829,#10831,.T.);
#10829 = VERTEX_POINT('',#10830);
#10830 = CARTESIAN_POINT('',(2.86,-32.7,9.95));
#10831 = SURFACE_CURVE('',#10832,(#10836,#10843),.PCURVE_S1.);
#10832 = LINE('',#10833,#10834);
#10833 = CARTESIAN_POINT('',(2.86,-32.7,-2.84));
#10834 = VECTOR('',#10835,1.);
#10835 = DIRECTION('',(0.,0.,1.));
#10836 = PCURVE('',#10786,#10837);
#10837 = DEFINITIONAL_REPRESENTATION('',(#10838),#10842);
#10838 = LINE('',#10839,#10840);
#10839 = CARTESIAN_POINT('',(0.,-0.64));
#10840 = VECTOR('',#10841,1.);
#10841 = DIRECTION('',(1.,0.));
#10842 = ( GEOMETRIC_REPRESENTATION_CONTEXT(2) 
PARAMETRIC_REPRESENTATION_CONTEXT() REPRESENTATION_CONTEXT('2D SPACE',''
  ) );
#10843 = PCURVE('',#10734,#10844);
#10844 = DEFINITIONAL_REPRESENTATION('',(#10845),#10849);
#10845 = LINE('',#10846,#10847);
#10846 = CARTESIAN_POINT('',(0.,0.64));
#10847 = VECTOR('',#10848,1.);
#10848 = DIRECTION('',(1.,0.));
#10849 = ( GEOMETRIC_REPRESENTATION_CONTEXT(2) 
PARAMETRIC_REPRESENTATION_CONTEXT() REPRESENTATION_CONTEXT('2D SPACE',''
  ) );
#10850 = ORIENTED_EDGE('',*,*,#10851,.F.);
#10851 = EDGE_CURVE('',#10778,#10829,#10852,.T.);
#10852 = SURFACE_CURVE('',#10853,(#10857,#10864),.PCURVE_S1.);
#10853 = LINE('',#10854,#10855);
#10854 = CARTESIAN_POINT('',(2.86,-33.34,9.95));
#10855 = VECTOR('',#10856,1.);
#10856 = DIRECTION('',(-0.,1.,0.));
#10857 = PCURVE('',#10786,#10858);
#10858 = DEFINITIONAL_REPRESENTATION('',(#10859),#10863);
#10859 = LINE('',#10860,#10861);
#10860 = CARTESIAN_POINT('',(12.79,0.));
#10861 = VECTOR('',#10862,1.);
#10862 = DIRECTION('',(0.,-1.));
#10863 = ( GEOMETRIC_REPRESENTATION_CONTEXT(2) 
PARAMETRIC_REPRESENTATION_CONTEXT() REPRESENTATION_CONTEXT('2D SPACE',''
  ) );
#10864 = PCURVE('',#10760,#10865);
#10865 = DEFINITIONAL_REPRESENTATION('',(#10866),#10870);
#10866 = LINE('',#10867,#10868);
#10867 = CARTESIAN_POINT('',(0.64,0.));
#10868 = VECTOR('',#10869,1.);
#10869 = DIRECTION('',(0.,1.));
#10870 = ( GEOMETRIC_REPRESENTATION_CONTEXT(2) 
PARAMETRIC_REPRESENTATION_CONTEXT() REPRESENTATION_CONTEXT('2D SPACE',''
  ) );
#10871 = ADVANCED_FACE('',(#10872),#10678,.F.);
#10872 = FACE_BOUND('',#10873,.F.);
#10873 = EDGE_LOOP('',(#10874,#10895,#10896,#10917));
#10874 = ORIENTED_EDGE('',*,*,#10875,.F.);
#10875 = EDGE_CURVE('',#10656,#10776,#10876,.T.);
#10876 = SURFACE_CURVE('',#10877,(#10881,#10888),.PCURVE_S1.);
#10877 = LINE('',#10878,#10879);
#10878 = CARTESIAN_POINT('',(2.22,-33.34,-2.84));
#10879 = VECTOR('',#10880,1.);
#10880 = DIRECTION('',(1.,0.,-0.));
#10881 = PCURVE('',#10678,#10882);
#10882 = DEFINITIONAL_REPRESENTATION('',(#10883),#10887);
#10883 = LINE('',#10884,#10885);
#10884 = CARTESIAN_POINT('',(0.,0.));
#10885 = VECTOR('',#10886,1.);
#10886 = DIRECTION('',(0.,1.));
#10887 = ( GEOMETRIC_REPRESENTATION_CONTEXT(2) 
PARAMETRIC_REPRESENTATION_CONTEXT() REPRESENTATION_CONTEXT('2D SPACE',''
  ) );
#10888 = PCURVE('',#10706,#10889);
#10889 = DEFINITIONAL_REPRESENTATION('',(#10890),#10894);
#10890 = LINE('',#10891,#10892);
#10891 = CARTESIAN_POINT('',(0.,0.));
#10892 = VECTOR('',#10893,1.);
#10893 = DIRECTION('',(1.,0.));
#10894 = ( GEOMETRIC_REPRESENTATION_CONTEXT(2) 
PARAMETRIC_REPRESENTATION_CONTEXT() REPRESENTATION_CONTEXT('2D SPACE',''
  ) );
#10895 = ORIENTED_EDGE('',*,*,#10655,.T.);
#10896 = ORIENTED_EDGE('',*,*,#10897,.T.);
#10897 = EDGE_CURVE('',#10658,#10778,#10898,.T.);
#10898 = SURFACE_CURVE('',#10899,(#10903,#10910),.PCURVE_S1.);
#10899 = LINE('',#10900,#10901);
#10900 = CARTESIAN_POINT('',(2.22,-33.34,9.95));
#10901 = VECTOR('',#10902,1.);
#10902 = DIRECTION('',(1.,0.,-0.));
#10903 = PCURVE('',#10678,#10904);
#10904 = DEFINITIONAL_REPRESENTATION('',(#10905),#10909);
#10905 = LINE('',#10906,#10907);
#10906 = CARTESIAN_POINT('',(12.79,0.));
#10907 = VECTOR('',#10908,1.);
#10908 = DIRECTION('',(0.,1.));
#10909 = ( GEOMETRIC_REPRESENTATION_CONTEXT(2) 
PARAMETRIC_REPRESENTATION_CONTEXT() REPRESENTATION_CONTEXT('2D SPACE',''
  ) );
#10910 = PCURVE('',#10760,#10911);
#10911 = DEFINITIONAL_REPRESENTATION('',(#10912),#10916);
#10912 = LINE('',#10913,#10914);
#10913 = CARTESIAN_POINT('',(0.,0.));
#10914 = VECTOR('',#10915,1.);
#10915 = DIRECTION('',(1.,0.));
#10916 = ( GEOMETRIC_REPRESENTATION_CONTEXT(2) 
PARAMETRIC_REPRESENTATION_CONTEXT() REPRESENTATION_CONTEXT('2D SPACE',''
  ) );
#10917 = ORIENTED_EDGE('',*,*,#10775,.F.);
#10918 = ADVANCED_FACE('',(#10919),#10734,.T.);
#10919 = FACE_BOUND('',#10920,.T.);
#10920 = EDGE_LOOP('',(#10921,#10942,#10943,#10964));
#10921 = ORIENTED_EDGE('',*,*,#10922,.F.);
#10922 = EDGE_CURVE('',#10691,#10806,#10923,.T.);
#10923 = SURFACE_CURVE('',#10924,(#10928,#10935),.PCURVE_S1.);
#10924 = LINE('',#10925,#10926);
#10925 = CARTESIAN_POINT('',(2.22,-32.7,-2.84));
#10926 = VECTOR('',#10927,1.);
#10927 = DIRECTION('',(1.,0.,-0.));
#10928 = PCURVE('',#10734,#10929);
#10929 = DEFINITIONAL_REPRESENTATION('',(#10930),#10934);
#10930 = LINE('',#10931,#10932);
#10931 = CARTESIAN_POINT('',(0.,0.));
#10932 = VECTOR('',#10933,1.);
#10933 = DIRECTION('',(0.,1.));
#10934 = ( GEOMETRIC_REPRESENTATION_CONTEXT(2) 
PARAMETRIC_REPRESENTATION_CONTEXT() REPRESENTATION_CONTEXT('2D SPACE',''
  ) );
#10935 = PCURVE('',#10706,#10936);
#10936 = DEFINITIONAL_REPRESENTATION('',(#10937),#10941);
#10937 = LINE('',#10938,#10939);
#10938 = CARTESIAN_POINT('',(0.,0.64));
#10939 = VECTOR('',#10940,1.);
#10940 = DIRECTION('',(1.,0.));
#10941 = ( GEOMETRIC_REPRESENTATION_CONTEXT(2) 
PARAMETRIC_REPRESENTATION_CONTEXT() REPRESENTATION_CONTEXT('2D SPACE',''
  ) );
#10942 = ORIENTED_EDGE('',*,*,#10718,.T.);
#10943 = ORIENTED_EDGE('',*,*,#10944,.T.);
#10944 = EDGE_CURVE('',#10719,#10829,#10945,.T.);
#10945 = SURFACE_CURVE('',#10946,(#10950,#10957),.PCURVE_S1.);
#10946 = LINE('',#10947,#10948);
#10947 = CARTESIAN_POINT('',(2.22,-32.7,9.95));
#10948 = VECTOR('',#10949,1.);
#10949 = DIRECTION('',(1.,0.,-0.));
#10950 = PCURVE('',#10734,#10951);
#10951 = DEFINITIONAL_REPRESENTATION('',(#10952),#10956);
#10952 = LINE('',#10953,#10954);
#10953 = CARTESIAN_POINT('',(12.79,0.));
#10954 = VECTOR('',#10955,1.);
#10955 = DIRECTION('',(0.,1.));
#10956 = ( GEOMETRIC_REPRESENTATION_CONTEXT(2) 
PARAMETRIC_REPRESENTATION_CONTEXT() REPRESENTATION_CONTEXT('2D SPACE',''
  ) );
#10957 = PCURVE('',#10760,#10958);
#10958 = DEFINITIONAL_REPRESENTATION('',(#10959),#10963);
#10959 = LINE('',#10960,#10961);
#10960 = CARTESIAN_POINT('',(0.,0.64));
#10961 = VECTOR('',#10962,1.);
#10962 = DIRECTION('',(1.,0.));
#10963 = ( GEOMETRIC_REPRESENTATION_CONTEXT(2) 
PARAMETRIC_REPRESENTATION_CONTEXT() REPRESENTATION_CONTEXT('2D SPACE',''
  ) );
#10964 = ORIENTED_EDGE('',*,*,#10828,.F.);
#10965 = ADVANCED_FACE('',(#10966),#10706,.F.);
#10966 = FACE_BOUND('',#10967,.F.);
#10967 = EDGE_LOOP('',(#10968,#10969,#10970,#10971));
#10968 = ORIENTED_EDGE('',*,*,#10690,.F.);
#10969 = ORIENTED_EDGE('',*,*,#10875,.T.);
#10970 = ORIENTED_EDGE('',*,*,#10805,.T.);
#10971 = ORIENTED_EDGE('',*,*,#10922,.F.);
#10972 = ADVANCED_FACE('',(#10973),#10760,.T.);
#10973 = FACE_BOUND('',#10974,.T.);
#10974 = EDGE_LOOP('',(#10975,#10976,#10977,#10978));
#10975 = ORIENTED_EDGE('',*,*,#10746,.F.);
#10976 = ORIENTED_EDGE('',*,*,#10897,.T.);
#10977 = ORIENTED_EDGE('',*,*,#10851,.T.);
#10978 = ORIENTED_EDGE('',*,*,#10944,.F.);
#10979 = ( GEOMETRIC_REPRESENTATION_CONTEXT(3) 
GLOBAL_UNCERTAINTY_ASSIGNED_CONTEXT((#10983)) 
GLOBAL_UNIT_ASSIGNED_CONTEXT((#10980,#10981,#10982)) 
REPRESENTATION_CONTEXT('Context #1',
  '3D Context with UNIT and UNCERTAINTY') );
#10980 = ( LENGTH_UNIT() NAMED_UNIT(*) SI_UNIT(.MILLI.,.METRE.) );
#10981 = ( NAMED_UNIT(*) PLANE_ANGLE_UNIT() SI_UNIT($,.RADIAN.) );
#10982 = ( NAMED_UNIT(*) SI_UNIT($,.STERADIAN.) SOLID_ANGLE_UNIT() );
#10983 = UNCERTAINTY_MEASURE_WITH_UNIT(LENGTH_MEASURE(1.E-07),#10980,
  'distance_accuracy_value','confusion accuracy');
#10984 = CONTEXT_DEPENDENT_SHAPE_REPRESENTATION(#10985,#10987);
#10985 = ( REPRESENTATION_RELATIONSHIP('','',#10648,#10) 
REPRESENTATION_RELATIONSHIP_WITH_TRANSFORMATION(#10986) 
SHAPE_REPRESENTATION_RELATIONSHIP() );
#10986 = ITEM_DEFINED_TRANSFORMATION('','',#11,#127);
#10987 = PRODUCT_DEFINITION_SHAPE('Placement','Placement of an item',
  #10988);
#10988 = NEXT_ASSEMBLY_USAGE_OCCURRENCE('323','','',#5,#10643,$);
#10989 = PRODUCT_RELATED_PRODUCT_CATEGORY('part',$,(#10645));
#10990 = SHAPE_DEFINITION_REPRESENTATION(#10991,#10997);
#10991 = PRODUCT_DEFINITION_SHAPE('','',#10992);
#10992 = PRODUCT_DEFINITION('design','',#10993,#10996);
#10993 = PRODUCT_DEFINITION_FORMATION('','',#10994);
#10994 = PRODUCT('Open CASCADE STEP translator 7.9 22.30',
  'Open CASCADE STEP translator 7.9 22.30','',(#10995));
#10995 = PRODUCT_CONTEXT('',#2,'mechanical');
#10996 = PRODUCT_DEFINITION_CONTEXT('part definition',#2,'design');
#10997 = ADVANCED_BREP_SHAPE_REPRESENTATION('',(#11,#10998),#11328);
#10998 = MANIFOLD_SOLID_BREP('',#10999);
#10999 = CLOSED_SHELL('',(#11000,#11120,#11220,#11267,#11314,#11321));
#11000 = ADVANCED_FACE('',(#11001),#11015,.F.);
#11001 = FACE_BOUND('',#11002,.F.);
#11002 = EDGE_LOOP('',(#11003,#11038,#11066,#11094));
#11003 = ORIENTED_EDGE('',*,*,#11004,.F.);
#11004 = EDGE_CURVE('',#11005,#11007,#11009,.T.);
#11005 = VERTEX_POINT('',#11006);
#11006 = CARTESIAN_POINT('',(-0.32,-35.88,-2.84));
#11007 = VERTEX_POINT('',#11008);
#11008 = CARTESIAN_POINT('',(-0.32,-35.88,9.95));
#11009 = SURFACE_CURVE('',#11010,(#11014,#11026),.PCURVE_S1.);
#11010 = LINE('',#11011,#11012);
#11011 = CARTESIAN_POINT('',(-0.32,-35.88,-2.84));
#11012 = VECTOR('',#11013,1.);
#11013 = DIRECTION('',(0.,0.,1.));
#11014 = PCURVE('',#11015,#11020);
#11015 = PLANE('',#11016);
#11016 = AXIS2_PLACEMENT_3D('',#11017,#11018,#11019);
#11017 = CARTESIAN_POINT('',(-0.32,-35.88,-2.84));
#11018 = DIRECTION('',(1.,0.,-0.));
#11019 = DIRECTION('',(0.,0.,1.));
#11020 = DEFINITIONAL_REPRESENTATION('',(#11021),#11025);
#11021 = LINE('',#11022,#11023);
#11022 = CARTESIAN_POINT('',(0.,0.));
#11023 = VECTOR('',#11024,1.);
#11024 = DIRECTION('',(1.,0.));
#11025 = ( GEOMETRIC_REPRESENTATION_CONTEXT(2) 
PARAMETRIC_REPRESENTATION_CONTEXT() REPRESENTATION_CONTEXT('2D SPACE',''
  ) );
#11026 = PCURVE('',#11027,#11032);
#11027 = PLANE('',#11028);
#11028 = AXIS2_PLACEMENT_3D('',#11029,#11030,#11031);
#11029 = CARTESIAN_POINT('',(-0.32,-35.88,-2.84));
#11030 = DIRECTION('',(-0.,1.,0.));
#11031 = DIRECTION('',(0.,0.,1.));
#11032 = DEFINITIONAL_REPRESENTATION('',(#11033),#11037);
#11033 = LINE('',#11034,#11035);
#11034 = CARTESIAN_POINT('',(0.,0.));
#11035 = VECTOR('',#11036,1.);
#11036 = DIRECTION('',(1.,0.));
#11037 = ( GEOMETRIC_REPRESENTATION_CONTEXT(2) 
PARAMETRIC_REPRESENTATION_CONTEXT() REPRESENTATION_CONTEXT('2D SPACE',''
  ) );
#11038 = ORIENTED_EDGE('',*,*,#11039,.T.);
#11039 = EDGE_CURVE('',#11005,#11040,#11042,.T.);
#11040 = VERTEX_POINT('',#11041);
#11041 = CARTESIAN_POINT('',(-0.32,-35.24,-2.84));
#11042 = SURFACE_CURVE('',#11043,(#11047,#11054),.PCURVE_S1.);
#11043 = LINE('',#11044,#11045);
#11044 = CARTESIAN_POINT('',(-0.32,-35.88,-2.84));
#11045 = VECTOR('',#11046,1.);
#11046 = DIRECTION('',(-0.,1.,0.));
#11047 = PCURVE('',#11015,#11048);
#11048 = DEFINITIONAL_REPRESENTATION('',(#11049),#11053);
#11049 = LINE('',#11050,#11051);
#11050 = CARTESIAN_POINT('',(0.,0.));
#11051 = VECTOR('',#11052,1.);
#11052 = DIRECTION('',(0.,-1.));
#11053 = ( GEOMETRIC_REPRESENTATION_CONTEXT(2) 
PARAMETRIC_REPRESENTATION_CONTEXT() REPRESENTATION_CONTEXT('2D SPACE',''
  ) );
#11054 = PCURVE('',#11055,#11060);
#11055 = PLANE('',#11056);
#11056 = AXIS2_PLACEMENT_3D('',#11057,#11058,#11059);
#11057 = CARTESIAN_POINT('',(-0.32,-35.88,-2.84));
#11058 = DIRECTION('',(0.,0.,1.));
#11059 = DIRECTION('',(1.,0.,-0.));
#11060 = DEFINITIONAL_REPRESENTATION('',(#11061),#11065);
#11061 = LINE('',#11062,#11063);
#11062 = CARTESIAN_POINT('',(0.,0.));
#11063 = VECTOR('',#11064,1.);
#11064 = DIRECTION('',(0.,1.));
#11065 = ( GEOMETRIC_REPRESENTATION_CONTEXT(2) 
PARAMETRIC_REPRESENTATION_CONTEXT() REPRESENTATION_CONTEXT('2D SPACE',''
  ) );
#11066 = ORIENTED_EDGE('',*,*,#11067,.T.);
#11067 = EDGE_CURVE('',#11040,#11068,#11070,.T.);
#11068 = VERTEX_POINT('',#11069);
#11069 = CARTESIAN_POINT('',(-0.32,-35.24,9.95));
#11070 = SURFACE_CURVE('',#11071,(#11075,#11082),.PCURVE_S1.);
#11071 = LINE('',#11072,#11073);
#11072 = CARTESIAN_POINT('',(-0.32,-35.24,-2.84));
#11073 = VECTOR('',#11074,1.);
#11074 = DIRECTION('',(0.,0.,1.));
#11075 = PCURVE('',#11015,#11076);
#11076 = DEFINITIONAL_REPRESENTATION('',(#11077),#11081);
#11077 = LINE('',#11078,#11079);
#11078 = CARTESIAN_POINT('',(0.,-0.64));
#11079 = VECTOR('',#11080,1.);
#11080 = DIRECTION('',(1.,0.));
#11081 = ( GEOMETRIC_REPRESENTATION_CONTEXT(2) 
PARAMETRIC_REPRESENTATION_CONTEXT() REPRESENTATION_CONTEXT('2D SPACE',''
  ) );
#11082 = PCURVE('',#11083,#11088);
#11083 = PLANE('',#11084);
#11084 = AXIS2_PLACEMENT_3D('',#11085,#11086,#11087);
#11085 = CARTESIAN_POINT('',(-0.32,-35.24,-2.84));
#11086 = DIRECTION('',(-0.,1.,0.));
#11087 = DIRECTION('',(0.,0.,1.));
#11088 = DEFINITIONAL_REPRESENTATION('',(#11089),#11093);
#11089 = LINE('',#11090,#11091);
#11090 = CARTESIAN_POINT('',(0.,0.));
#11091 = VECTOR('',#11092,1.);
#11092 = DIRECTION('',(1.,0.));
#11093 = ( GEOMETRIC_REPRESENTATION_CONTEXT(2) 
PARAMETRIC_REPRESENTATION_CONTEXT() REPRESENTATION_CONTEXT('2D SPACE',''
  ) );
#11094 = ORIENTED_EDGE('',*,*,#11095,.F.);
#11095 = EDGE_CURVE('',#11007,#11068,#11096,.T.);
#11096 = SURFACE_CURVE('',#11097,(#11101,#11108),.PCURVE_S1.);
#11097 = LINE('',#11098,#11099);
#11098 = CARTESIAN_POINT('',(-0.32,-35.88,9.95));
#11099 = VECTOR('',#11100,1.);
#11100 = DIRECTION('',(-0.,1.,0.));
#11101 = PCURVE('',#11015,#11102);
#11102 = DEFINITIONAL_REPRESENTATION('',(#11103),#11107);
#11103 = LINE('',#11104,#11105);
#11104 = CARTESIAN_POINT('',(12.79,0.));
#11105 = VECTOR('',#11106,1.);
#11106 = DIRECTION('',(0.,-1.));
#11107 = ( GEOMETRIC_REPRESENTATION_CONTEXT(2) 
PARAMETRIC_REPRESENTATION_CONTEXT() REPRESENTATION_CONTEXT('2D SPACE',''
  ) );
#11108 = PCURVE('',#11109,#11114);
#11109 = PLANE('',#11110);
#11110 = AXIS2_PLACEMENT_3D('',#11111,#11112,#11113);
#11111 = CARTESIAN_POINT('',(-0.32,-35.88,9.95));
#11112 = DIRECTION('',(0.,0.,1.));
#11113 = DIRECTION('',(1.,0.,-0.));
#11114 = DEFINITIONAL_REPRESENTATION('',(#11115),#11119);
#11115 = LINE('',#11116,#11117);
#11116 = CARTESIAN_POINT('',(0.,0.));
#11117 = VECTOR('',#11118,1.);
#11118 = DIRECTION('',(0.,1.));
#11119 = ( GEOMETRIC_REPRESENTATION_CONTEXT(2) 
PARAMETRIC_REPRESENTATION_CONTEXT() REPRESENTATION_CONTEXT('2D SPACE',''
  ) );
#11120 = ADVANCED_FACE('',(#11121),#11135,.T.);
#11121 = FACE_BOUND('',#11122,.T.);
#11122 = EDGE_LOOP('',(#11123,#11153,#11176,#11199));
#11123 = ORIENTED_EDGE('',*,*,#11124,.F.);
#11124 = EDGE_CURVE('',#11125,#11127,#11129,.T.);
#11125 = VERTEX_POINT('',#11126);
#11126 = CARTESIAN_POINT('',(0.32,-35.88,-2.84));
#11127 = VERTEX_POINT('',#11128);
#11128 = CARTESIAN_POINT('',(0.32,-35.88,9.95));
#11129 = SURFACE_CURVE('',#11130,(#11134,#11146),.PCURVE_S1.);
#11130 = LINE('',#11131,#11132);
#11131 = CARTESIAN_POINT('',(0.32,-35.88,-2.84));
#11132 = VECTOR('',#11133,1.);
#11133 = DIRECTION('',(0.,0.,1.));
#11134 = PCURVE('',#11135,#11140);
#11135 = PLANE('',#11136);
#11136 = AXIS2_PLACEMENT_3D('',#11137,#11138,#11139);
#11137 = CARTESIAN_POINT('',(0.32,-35.88,-2.84));
#11138 = DIRECTION('',(1.,0.,-0.));
#11139 = DIRECTION('',(0.,0.,1.));
#11140 = DEFINITIONAL_REPRESENTATION('',(#11141),#11145);
#11141 = LINE('',#11142,#11143);
#11142 = CARTESIAN_POINT('',(0.,0.));
#11143 = VECTOR('',#11144,1.);
#11144 = DIRECTION('',(1.,0.));
#11145 = ( GEOMETRIC_REPRESENTATION_CONTEXT(2) 
PARAMETRIC_REPRESENTATION_CONTEXT() REPRESENTATION_CONTEXT('2D SPACE',''
  ) );
#11146 = PCURVE('',#11027,#11147);
#11147 = DEFINITIONAL_REPRESENTATION('',(#11148),#11152);
#11148 = LINE('',#11149,#11150);
#11149 = CARTESIAN_POINT('',(0.,0.64));
#11150 = VECTOR('',#11151,1.);
#11151 = DIRECTION('',(1.,0.));
#11152 = ( GEOMETRIC_REPRESENTATION_CONTEXT(2) 
PARAMETRIC_REPRESENTATION_CONTEXT() REPRESENTATION_CONTEXT('2D SPACE',''
  ) );
#11153 = ORIENTED_EDGE('',*,*,#11154,.T.);
#11154 = EDGE_CURVE('',#11125,#11155,#11157,.T.);
#11155 = VERTEX_POINT('',#11156);
#11156 = CARTESIAN_POINT('',(0.32,-35.24,-2.84));
#11157 = SURFACE_CURVE('',#11158,(#11162,#11169),.PCURVE_S1.);
#11158 = LINE('',#11159,#11160);
#11159 = CARTESIAN_POINT('',(0.32,-35.88,-2.84));
#11160 = VECTOR('',#11161,1.);
#11161 = DIRECTION('',(-0.,1.,0.));
#11162 = PCURVE('',#11135,#11163);
#11163 = DEFINITIONAL_REPRESENTATION('',(#11164),#11168);
#11164 = LINE('',#11165,#11166);
#11165 = CARTESIAN_POINT('',(0.,0.));
#11166 = VECTOR('',#11167,1.);
#11167 = DIRECTION('',(0.,-1.));
#11168 = ( GEOMETRIC_REPRESENTATION_CONTEXT(2) 
PARAMETRIC_REPRESENTATION_CONTEXT() REPRESENTATION_CONTEXT('2D SPACE',''
  ) );
#11169 = PCURVE('',#11055,#11170);
#11170 = DEFINITIONAL_REPRESENTATION('',(#11171),#11175);
#11171 = LINE('',#11172,#11173);
#11172 = CARTESIAN_POINT('',(0.64,0.));
#11173 = VECTOR('',#11174,1.);
#11174 = DIRECTION('',(0.,1.));
#11175 = ( GEOMETRIC_REPRESENTATION_CONTEXT(2) 
PARAMETRIC_REPRESENTATION_CONTEXT() REPRESENTATION_CONTEXT('2D SPACE',''
  ) );
#11176 = ORIENTED_EDGE('',*,*,#11177,.T.);
#11177 = EDGE_CURVE('',#11155,#11178,#11180,.T.);
#11178 = VERTEX_POINT('',#11179);
#11179 = CARTESIAN_POINT('',(0.32,-35.24,9.95));
#11180 = SURFACE_CURVE('',#11181,(#11185,#11192),.PCURVE_S1.);
#11181 = LINE('',#11182,#11183);
#11182 = CARTESIAN_POINT('',(0.32,-35.24,-2.84));
#11183 = VECTOR('',#11184,1.);
#11184 = DIRECTION('',(0.,0.,1.));
#11185 = PCURVE('',#11135,#11186);
#11186 = DEFINITIONAL_REPRESENTATION('',(#11187),#11191);
#11187 = LINE('',#11188,#11189);
#11188 = CARTESIAN_POINT('',(0.,-0.64));
#11189 = VECTOR('',#11190,1.);
#11190 = DIRECTION('',(1.,0.));
#11191 = ( GEOMETRIC_REPRESENTATION_CONTEXT(2) 
PARAMETRIC_REPRESENTATION_CONTEXT() REPRESENTATION_CONTEXT('2D SPACE',''
  ) );
#11192 = PCURVE('',#11083,#11193);
#11193 = DEFINITIONAL_REPRESENTATION('',(#11194),#11198);
#11194 = LINE('',#11195,#11196);
#11195 = CARTESIAN_POINT('',(0.,0.64));
#11196 = VECTOR('',#11197,1.);
#11197 = DIRECTION('',(1.,0.));
#11198 = ( GEOMETRIC_REPRESENTATION_CONTEXT(2) 
PARAMETRIC_REPRESENTATION_CONTEXT() REPRESENTATION_CONTEXT('2D SPACE',''
  ) );
#11199 = ORIENTED_EDGE('',*,*,#11200,.F.);
#11200 = EDGE_CURVE('',#11127,#11178,#11201,.T.);
#11201 = SURFACE_CURVE('',#11202,(#11206,#11213),.PCURVE_S1.);
#11202 = LINE('',#11203,#11204);
#11203 = CARTESIAN_POINT('',(0.32,-35.88,9.95));
#11204 = VECTOR('',#11205,1.);
#11205 = DIRECTION('',(-0.,1.,0.));
#11206 = PCURVE('',#11135,#11207);
#11207 = DEFINITIONAL_REPRESENTATION('',(#11208),#11212);
#11208 = LINE('',#11209,#11210);
#11209 = CARTESIAN_POINT('',(12.79,0.));
#11210 = VECTOR('',#11211,1.);
#11211 = DIRECTION('',(0.,-1.));
#11212 = ( GEOMETRIC_REPRESENTATION_CONTEXT(2) 
PARAMETRIC_REPRESENTATION_CONTEXT() REPRESENTATION_CONTEXT('2D SPACE',''
  ) );
#11213 = PCURVE('',#11109,#11214);
#11214 = DEFINITIONAL_REPRESENTATION('',(#11215),#11219);
#11215 = LINE('',#11216,#11217);
#11216 = CARTESIAN_POINT('',(0.64,0.));
#11217 = VECTOR('',#11218,1.);
#11218 = DIRECTION('',(0.,1.));
#11219 = ( GEOMETRIC_REPRESENTATION_CONTEXT(2) 
PARAMETRIC_REPRESENTATION_CONTEXT() REPRESENTATION_CONTEXT('2D SPACE',''
  ) );
#11220 = ADVANCED_FACE('',(#11221),#11027,.F.);
#11221 = FACE_BOUND('',#11222,.F.);
#11222 = EDGE_LOOP('',(#11223,#11244,#11245,#11266));
#11223 = ORIENTED_EDGE('',*,*,#11224,.F.);
#11224 = EDGE_CURVE('',#11005,#11125,#11225,.T.);
#11225 = SURFACE_CURVE('',#11226,(#11230,#11237),.PCURVE_S1.);
#11226 = LINE('',#11227,#11228);
#11227 = CARTESIAN_POINT('',(-0.32,-35.88,-2.84));
#11228 = VECTOR('',#11229,1.);
#11229 = DIRECTION('',(1.,0.,-0.));
#11230 = PCURVE('',#11027,#11231);
#11231 = DEFINITIONAL_REPRESENTATION('',(#11232),#11236);
#11232 = LINE('',#11233,#11234);
#11233 = CARTESIAN_POINT('',(0.,0.));
#11234 = VECTOR('',#11235,1.);
#11235 = DIRECTION('',(0.,1.));
#11236 = ( GEOMETRIC_REPRESENTATION_CONTEXT(2) 
PARAMETRIC_REPRESENTATION_CONTEXT() REPRESENTATION_CONTEXT('2D SPACE',''
  ) );
#11237 = PCURVE('',#11055,#11238);
#11238 = DEFINITIONAL_REPRESENTATION('',(#11239),#11243);
#11239 = LINE('',#11240,#11241);
#11240 = CARTESIAN_POINT('',(0.,0.));
#11241 = VECTOR('',#11242,1.);
#11242 = DIRECTION('',(1.,0.));
#11243 = ( GEOMETRIC_REPRESENTATION_CONTEXT(2) 
PARAMETRIC_REPRESENTATION_CONTEXT() REPRESENTATION_CONTEXT('2D SPACE',''
  ) );
#11244 = ORIENTED_EDGE('',*,*,#11004,.T.);
#11245 = ORIENTED_EDGE('',*,*,#11246,.T.);
#11246 = EDGE_CURVE('',#11007,#11127,#11247,.T.);
#11247 = SURFACE_CURVE('',#11248,(#11252,#11259),.PCURVE_S1.);
#11248 = LINE('',#11249,#11250);
#11249 = CARTESIAN_POINT('',(-0.32,-35.88,9.95));
#11250 = VECTOR('',#11251,1.);
#11251 = DIRECTION('',(1.,0.,-0.));
#11252 = PCURVE('',#11027,#11253);
#11253 = DEFINITIONAL_REPRESENTATION('',(#11254),#11258);
#11254 = LINE('',#11255,#11256);
#11255 = CARTESIAN_POINT('',(12.79,0.));
#11256 = VECTOR('',#11257,1.);
#11257 = DIRECTION('',(0.,1.));
#11258 = ( GEOMETRIC_REPRESENTATION_CONTEXT(2) 
PARAMETRIC_REPRESENTATION_CONTEXT() REPRESENTATION_CONTEXT('2D SPACE',''
  ) );
#11259 = PCURVE('',#11109,#11260);
#11260 = DEFINITIONAL_REPRESENTATION('',(#11261),#11265);
#11261 = LINE('',#11262,#11263);
#11262 = CARTESIAN_POINT('',(0.,0.));
#11263 = VECTOR('',#11264,1.);
#11264 = DIRECTION('',(1.,0.));
#11265 = ( GEOMETRIC_REPRESENTATION_CONTEXT(2) 
PARAMETRIC_REPRESENTATION_CONTEXT() REPRESENTATION_CONTEXT('2D SPACE',''
  ) );
#11266 = ORIENTED_EDGE('',*,*,#11124,.F.);
#11267 = ADVANCED_FACE('',(#11268),#11083,.T.);
#11268 = FACE_BOUND('',#11269,.T.);
#11269 = EDGE_LOOP('',(#11270,#11291,#11292,#11313));
#11270 = ORIENTED_EDGE('',*,*,#11271,.F.);
#11271 = EDGE_CURVE('',#11040,#11155,#11272,.T.);
#11272 = SURFACE_CURVE('',#11273,(#11277,#11284),.PCURVE_S1.);
#11273 = LINE('',#11274,#11275);
#11274 = CARTESIAN_POINT('',(-0.32,-35.24,-2.84));
#11275 = VECTOR('',#11276,1.);
#11276 = DIRECTION('',(1.,0.,-0.));
#11277 = PCURVE('',#11083,#11278);
#11278 = DEFINITIONAL_REPRESENTATION('',(#11279),#11283);
#11279 = LINE('',#11280,#11281);
#11280 = CARTESIAN_POINT('',(0.,0.));
#11281 = VECTOR('',#11282,1.);
#11282 = DIRECTION('',(0.,1.));
#11283 = ( GEOMETRIC_REPRESENTATION_CONTEXT(2) 
PARAMETRIC_REPRESENTATION_CONTEXT() REPRESENTATION_CONTEXT('2D SPACE',''
  ) );
#11284 = PCURVE('',#11055,#11285);
#11285 = DEFINITIONAL_REPRESENTATION('',(#11286),#11290);
#11286 = LINE('',#11287,#11288);
#11287 = CARTESIAN_POINT('',(0.,0.64));
#11288 = VECTOR('',#11289,1.);
#11289 = DIRECTION('',(1.,0.));
#11290 = ( GEOMETRIC_REPRESENTATION_CONTEXT(2) 
PARAMETRIC_REPRESENTATION_CONTEXT() REPRESENTATION_CONTEXT('2D SPACE',''
  ) );
#11291 = ORIENTED_EDGE('',*,*,#11067,.T.);
#11292 = ORIENTED_EDGE('',*,*,#11293,.T.);
#11293 = EDGE_CURVE('',#11068,#11178,#11294,.T.);
#11294 = SURFACE_CURVE('',#11295,(#11299,#11306),.PCURVE_S1.);
#11295 = LINE('',#11296,#11297);
#11296 = CARTESIAN_POINT('',(-0.32,-35.24,9.95));
#11297 = VECTOR('',#11298,1.);
#11298 = DIRECTION('',(1.,0.,-0.));
#11299 = PCURVE('',#11083,#11300);
#11300 = DEFINITIONAL_REPRESENTATION('',(#11301),#11305);
#11301 = LINE('',#11302,#11303);
#11302 = CARTESIAN_POINT('',(12.79,0.));
#11303 = VECTOR('',#11304,1.);
#11304 = DIRECTION('',(0.,1.));
#11305 = ( GEOMETRIC_REPRESENTATION_CONTEXT(2) 
PARAMETRIC_REPRESENTATION_CONTEXT() REPRESENTATION_CONTEXT('2D SPACE',''
  ) );
#11306 = PCURVE('',#11109,#11307);
#11307 = DEFINITIONAL_REPRESENTATION('',(#11308),#11312);
#11308 = LINE('',#11309,#11310);
#11309 = CARTESIAN_POINT('',(0.,0.64));
#11310 = VECTOR('',#11311,1.);
#11311 = DIRECTION('',(1.,0.));
#11312 = ( GEOMETRIC_REPRESENTATION_CONTEXT(2) 
PARAMETRIC_REPRESENTATION_CONTEXT() REPRESENTATION_CONTEXT('2D SPACE',''
  ) );
#11313 = ORIENTED_EDGE('',*,*,#11177,.F.);
#11314 = ADVANCED_FACE('',(#11315),#11055,.F.);
#11315 = FACE_BOUND('',#11316,.F.);
#11316 = EDGE_LOOP('',(#11317,#11318,#11319,#11320));
#11317 = ORIENTED_EDGE('',*,*,#11039,.F.);
#11318 = ORIENTED_EDGE('',*,*,#11224,.T.);
#11319 = ORIENTED_EDGE('',*,*,#11154,.T.);
#11320 = ORIENTED_EDGE('',*,*,#11271,.F.);
#11321 = ADVANCED_FACE('',(#11322),#11109,.T.);
#11322 = FACE_BOUND('',#11323,.T.);
#11323 = EDGE_LOOP('',(#11324,#11325,#11326,#11327));
#11324 = ORIENTED_EDGE('',*,*,#11095,.F.);
#11325 = ORIENTED_EDGE('',*,*,#11246,.T.);
#11326 = ORIENTED_EDGE('',*,*,#11200,.T.);
#11327 = ORIENTED_EDGE('',*,*,#11293,.F.);
#11328 = ( GEOMETRIC_REPRESENTATION_CONTEXT(3) 
GLOBAL_UNCERTAINTY_ASSIGNED_CONTEXT((#11332)) 
GLOBAL_UNIT_ASSIGNED_CONTEXT((#11329,#11330,#11331)) 
REPRESENTATION_CONTEXT('Context #1',
  '3D Context with UNIT and UNCERTAINTY') );
#11329 = ( LENGTH_UNIT() NAMED_UNIT(*) SI_UNIT(.MILLI.,.METRE.) );
#11330 = ( NAMED_UNIT(*) PLANE_ANGLE_UNIT() SI_UNIT($,.RADIAN.) );
#11331 = ( NAMED_UNIT(*) SI_UNIT($,.STERADIAN.) SOLID_ANGLE_UNIT() );
#11332 = UNCERTAINTY_MEASURE_WITH_UNIT(LENGTH_MEASURE(1.E-07),#11329,
  'distance_accuracy_value','confusion accuracy');
#11333 = CONTEXT_DEPENDENT_SHAPE_REPRESENTATION(#11334,#11336);
#11334 = ( REPRESENTATION_RELATIONSHIP('','',#10997,#10) 
REPRESENTATION_RELATIONSHIP_WITH_TRANSFORMATION(#11335) 
SHAPE_REPRESENTATION_RELATIONSHIP() );
#11335 = ITEM_DEFINED_TRANSFORMATION('','',#11,#131);
#11336 = PRODUCT_DEFINITION_SHAPE('Placement','Placement of an item',
  #11337);
#11337 = NEXT_ASSEMBLY_USAGE_OCCURRENCE('324','','',#5,#10992,$);
#11338 = PRODUCT_RELATED_PRODUCT_CATEGORY('part',$,(#10994));
#11339 = SHAPE_DEFINITION_REPRESENTATION(#11340,#11346);
#11340 = PRODUCT_DEFINITION_SHAPE('','',#11341);
#11341 = PRODUCT_DEFINITION('design','',#11342,#11345);
#11342 = PRODUCT_DEFINITION_FORMATION('','',#11343);
#11343 = PRODUCT('Open CASCADE STEP translator 7.9 22.31',
  'Open CASCADE STEP translator 7.9 22.31','',(#11344));
#11344 = PRODUCT_CONTEXT('',#2,'mechanical');
#11345 = PRODUCT_DEFINITION_CONTEXT('part definition',#2,'design');
#11346 = ADVANCED_BREP_SHAPE_REPRESENTATION('',(#11,#11347),#11677);
#11347 = MANIFOLD_SOLID_BREP('',#11348);
#11348 = CLOSED_SHELL('',(#11349,#11469,#11569,#11616,#11663,#11670));
#11349 = ADVANCED_FACE('',(#11350),#11364,.F.);
#11350 = FACE_BOUND('',#11351,.F.);
#11351 = EDGE_LOOP('',(#11352,#11387,#11415,#11443));
#11352 = ORIENTED_EDGE('',*,*,#11353,.F.);
#11353 = EDGE_CURVE('',#11354,#11356,#11358,.T.);
#11354 = VERTEX_POINT('',#11355);
#11355 = CARTESIAN_POINT('',(2.22,-35.88,-2.84));
#11356 = VERTEX_POINT('',#11357);
#11357 = CARTESIAN_POINT('',(2.22,-35.88,9.95));
#11358 = SURFACE_CURVE('',#11359,(#11363,#11375),.PCURVE_S1.);
#11359 = LINE('',#11360,#11361);
#11360 = CARTESIAN_POINT('',(2.22,-35.88,-2.84));
#11361 = VECTOR('',#11362,1.);
#11362 = DIRECTION('',(0.,0.,1.));
#11363 = PCURVE('',#11364,#11369);
#11364 = PLANE('',#11365);
#11365 = AXIS2_PLACEMENT_3D('',#11366,#11367,#11368);
#11366 = CARTESIAN_POINT('',(2.22,-35.88,-2.84));
#11367 = DIRECTION('',(1.,0.,-0.));
#11368 = DIRECTION('',(0.,0.,1.));
#11369 = DEFINITIONAL_REPRESENTATION('',(#11370),#11374);
#11370 = LINE('',#11371,#11372);
#11371 = CARTESIAN_POINT('',(0.,0.));
#11372 = VECTOR('',#11373,1.);
#11373 = DIRECTION('',(1.,0.));
#11374 = ( GEOMETRIC_REPRESENTATION_CONTEXT(2) 
PARAMETRIC_REPRESENTATION_CONTEXT() REPRESENTATION_CONTEXT('2D SPACE',''
  ) );
#11375 = PCURVE('',#11376,#11381);
#11376 = PLANE('',#11377);
#11377 = AXIS2_PLACEMENT_3D('',#11378,#11379,#11380);
#11378 = CARTESIAN_POINT('',(2.22,-35.88,-2.84));
#11379 = DIRECTION('',(-0.,1.,0.));
#11380 = DIRECTION('',(0.,0.,1.));
#11381 = DEFINITIONAL_REPRESENTATION('',(#11382),#11386);
#11382 = LINE('',#11383,#11384);
#11383 = CARTESIAN_POINT('',(0.,0.));
#11384 = VECTOR('',#11385,1.);
#11385 = DIRECTION('',(1.,0.));
#11386 = ( GEOMETRIC_REPRESENTATION_CONTEXT(2) 
PARAMETRIC_REPRESENTATION_CONTEXT() REPRESENTATION_CONTEXT('2D SPACE',''
  ) );
#11387 = ORIENTED_EDGE('',*,*,#11388,.T.);
#11388 = EDGE_CURVE('',#11354,#11389,#11391,.T.);
#11389 = VERTEX_POINT('',#11390);
#11390 = CARTESIAN_POINT('',(2.22,-35.24,-2.84));
#11391 = SURFACE_CURVE('',#11392,(#11396,#11403),.PCURVE_S1.);
#11392 = LINE('',#11393,#11394);
#11393 = CARTESIAN_POINT('',(2.22,-35.88,-2.84));
#11394 = VECTOR('',#11395,1.);
#11395 = DIRECTION('',(-0.,1.,0.));
#11396 = PCURVE('',#11364,#11397);
#11397 = DEFINITIONAL_REPRESENTATION('',(#11398),#11402);
#11398 = LINE('',#11399,#11400);
#11399 = CARTESIAN_POINT('',(0.,0.));
#11400 = VECTOR('',#11401,1.);
#11401 = DIRECTION('',(0.,-1.));
#11402 = ( GEOMETRIC_REPRESENTATION_CONTEXT(2) 
PARAMETRIC_REPRESENTATION_CONTEXT() REPRESENTATION_CONTEXT('2D SPACE',''
  ) );
#11403 = PCURVE('',#11404,#11409);
#11404 = PLANE('',#11405);
#11405 = AXIS2_PLACEMENT_3D('',#11406,#11407,#11408);
#11406 = CARTESIAN_POINT('',(2.22,-35.88,-2.84));
#11407 = DIRECTION('',(0.,0.,1.));
#11408 = DIRECTION('',(1.,0.,-0.));
#11409 = DEFINITIONAL_REPRESENTATION('',(#11410),#11414);
#11410 = LINE('',#11411,#11412);
#11411 = CARTESIAN_POINT('',(0.,0.));
#11412 = VECTOR('',#11413,1.);
#11413 = DIRECTION('',(0.,1.));
#11414 = ( GEOMETRIC_REPRESENTATION_CONTEXT(2) 
PARAMETRIC_REPRESENTATION_CONTEXT() REPRESENTATION_CONTEXT('2D SPACE',''
  ) );
#11415 = ORIENTED_EDGE('',*,*,#11416,.T.);
#11416 = EDGE_CURVE('',#11389,#11417,#11419,.T.);
#11417 = VERTEX_POINT('',#11418);
#11418 = CARTESIAN_POINT('',(2.22,-35.24,9.95));
#11419 = SURFACE_CURVE('',#11420,(#11424,#11431),.PCURVE_S1.);
#11420 = LINE('',#11421,#11422);
#11421 = CARTESIAN_POINT('',(2.22,-35.24,-2.84));
#11422 = VECTOR('',#11423,1.);
#11423 = DIRECTION('',(0.,0.,1.));
#11424 = PCURVE('',#11364,#11425);
#11425 = DEFINITIONAL_REPRESENTATION('',(#11426),#11430);
#11426 = LINE('',#11427,#11428);
#11427 = CARTESIAN_POINT('',(0.,-0.64));
#11428 = VECTOR('',#11429,1.);
#11429 = DIRECTION('',(1.,0.));
#11430 = ( GEOMETRIC_REPRESENTATION_CONTEXT(2) 
PARAMETRIC_REPRESENTATION_CONTEXT() REPRESENTATION_CONTEXT('2D SPACE',''
  ) );
#11431 = PCURVE('',#11432,#11437);
#11432 = PLANE('',#11433);
#11433 = AXIS2_PLACEMENT_3D('',#11434,#11435,#11436);
#11434 = CARTESIAN_POINT('',(2.22,-35.24,-2.84));
#11435 = DIRECTION('',(-0.,1.,0.));
#11436 = DIRECTION('',(0.,0.,1.));
#11437 = DEFINITIONAL_REPRESENTATION('',(#11438),#11442);
#11438 = LINE('',#11439,#11440);
#11439 = CARTESIAN_POINT('',(0.,0.));
#11440 = VECTOR('',#11441,1.);
#11441 = DIRECTION('',(1.,0.));
#11442 = ( GEOMETRIC_REPRESENTATION_CONTEXT(2) 
PARAMETRIC_REPRESENTATION_CONTEXT() REPRESENTATION_CONTEXT('2D SPACE',''
  ) );
#11443 = ORIENTED_EDGE('',*,*,#11444,.F.);
#11444 = EDGE_CURVE('',#11356,#11417,#11445,.T.);
#11445 = SURFACE_CURVE('',#11446,(#11450,#11457),.PCURVE_S1.);
#11446 = LINE('',#11447,#11448);
#11447 = CARTESIAN_POINT('',(2.22,-35.88,9.95));
#11448 = VECTOR('',#11449,1.);
#11449 = DIRECTION('',(-0.,1.,0.));
#11450 = PCURVE('',#11364,#11451);
#11451 = DEFINITIONAL_REPRESENTATION('',(#11452),#11456);
#11452 = LINE('',#11453,#11454);
#11453 = CARTESIAN_POINT('',(12.79,0.));
#11454 = VECTOR('',#11455,1.);
#11455 = DIRECTION('',(0.,-1.));
#11456 = ( GEOMETRIC_REPRESENTATION_CONTEXT(2) 
PARAMETRIC_REPRESENTATION_CONTEXT() REPRESENTATION_CONTEXT('2D SPACE',''
  ) );
#11457 = PCURVE('',#11458,#11463);
#11458 = PLANE('',#11459);
#11459 = AXIS2_PLACEMENT_3D('',#11460,#11461,#11462);
#11460 = CARTESIAN_POINT('',(2.22,-35.88,9.95));
#11461 = DIRECTION('',(0.,0.,1.));
#11462 = DIRECTION('',(1.,0.,-0.));
#11463 = DEFINITIONAL_REPRESENTATION('',(#11464),#11468);
#11464 = LINE('',#11465,#11466);
#11465 = CARTESIAN_POINT('',(0.,0.));
#11466 = VECTOR('',#11467,1.);
#11467 = DIRECTION('',(0.,1.));
#11468 = ( GEOMETRIC_REPRESENTATION_CONTEXT(2) 
PARAMETRIC_REPRESENTATION_CONTEXT() REPRESENTATION_CONTEXT('2D SPACE',''
  ) );
#11469 = ADVANCED_FACE('',(#11470),#11484,.T.);
#11470 = FACE_BOUND('',#11471,.T.);
#11471 = EDGE_LOOP('',(#11472,#11502,#11525,#11548));
#11472 = ORIENTED_EDGE('',*,*,#11473,.F.);
#11473 = EDGE_CURVE('',#11474,#11476,#11478,.T.);
#11474 = VERTEX_POINT('',#11475);
#11475 = CARTESIAN_POINT('',(2.86,-35.88,-2.84));
#11476 = VERTEX_POINT('',#11477);
#11477 = CARTESIAN_POINT('',(2.86,-35.88,9.95));
#11478 = SURFACE_CURVE('',#11479,(#11483,#11495),.PCURVE_S1.);
#11479 = LINE('',#11480,#11481);
#11480 = CARTESIAN_POINT('',(2.86,-35.88,-2.84));
#11481 = VECTOR('',#11482,1.);
#11482 = DIRECTION('',(0.,0.,1.));
#11483 = PCURVE('',#11484,#11489);
#11484 = PLANE('',#11485);
#11485 = AXIS2_PLACEMENT_3D('',#11486,#11487,#11488);
#11486 = CARTESIAN_POINT('',(2.86,-35.88,-2.84));
#11487 = DIRECTION('',(1.,0.,-0.));
#11488 = DIRECTION('',(0.,0.,1.));
#11489 = DEFINITIONAL_REPRESENTATION('',(#11490),#11494);
#11490 = LINE('',#11491,#11492);
#11491 = CARTESIAN_POINT('',(0.,0.));
#11492 = VECTOR('',#11493,1.);
#11493 = DIRECTION('',(1.,0.));
#11494 = ( GEOMETRIC_REPRESENTATION_CONTEXT(2) 
PARAMETRIC_REPRESENTATION_CONTEXT() REPRESENTATION_CONTEXT('2D SPACE',''
  ) );
#11495 = PCURVE('',#11376,#11496);
#11496 = DEFINITIONAL_REPRESENTATION('',(#11497),#11501);
#11497 = LINE('',#11498,#11499);
#11498 = CARTESIAN_POINT('',(0.,0.64));
#11499 = VECTOR('',#11500,1.);
#11500 = DIRECTION('',(1.,0.));
#11501 = ( GEOMETRIC_REPRESENTATION_CONTEXT(2) 
PARAMETRIC_REPRESENTATION_CONTEXT() REPRESENTATION_CONTEXT('2D SPACE',''
  ) );
#11502 = ORIENTED_EDGE('',*,*,#11503,.T.);
#11503 = EDGE_CURVE('',#11474,#11504,#11506,.T.);
#11504 = VERTEX_POINT('',#11505);
#11505 = CARTESIAN_POINT('',(2.86,-35.24,-2.84));
#11506 = SURFACE_CURVE('',#11507,(#11511,#11518),.PCURVE_S1.);
#11507 = LINE('',#11508,#11509);
#11508 = CARTESIAN_POINT('',(2.86,-35.88,-2.84));
#11509 = VECTOR('',#11510,1.);
#11510 = DIRECTION('',(-0.,1.,0.));
#11511 = PCURVE('',#11484,#11512);
#11512 = DEFINITIONAL_REPRESENTATION('',(#11513),#11517);
#11513 = LINE('',#11514,#11515);
#11514 = CARTESIAN_POINT('',(0.,0.));
#11515 = VECTOR('',#11516,1.);
#11516 = DIRECTION('',(0.,-1.));
#11517 = ( GEOMETRIC_REPRESENTATION_CONTEXT(2) 
PARAMETRIC_REPRESENTATION_CONTEXT() REPRESENTATION_CONTEXT('2D SPACE',''
  ) );
#11518 = PCURVE('',#11404,#11519);
#11519 = DEFINITIONAL_REPRESENTATION('',(#11520),#11524);
#11520 = LINE('',#11521,#11522);
#11521 = CARTESIAN_POINT('',(0.64,0.));
#11522 = VECTOR('',#11523,1.);
#11523 = DIRECTION('',(0.,1.));
#11524 = ( GEOMETRIC_REPRESENTATION_CONTEXT(2) 
PARAMETRIC_REPRESENTATION_CONTEXT() REPRESENTATION_CONTEXT('2D SPACE',''
  ) );
#11525 = ORIENTED_EDGE('',*,*,#11526,.T.);
#11526 = EDGE_CURVE('',#11504,#11527,#11529,.T.);
#11527 = VERTEX_POINT('',#11528);
#11528 = CARTESIAN_POINT('',(2.86,-35.24,9.95));
#11529 = SURFACE_CURVE('',#11530,(#11534,#11541),.PCURVE_S1.);
#11530 = LINE('',#11531,#11532);
#11531 = CARTESIAN_POINT('',(2.86,-35.24,-2.84));
#11532 = VECTOR('',#11533,1.);
#11533 = DIRECTION('',(0.,0.,1.));
#11534 = PCURVE('',#11484,#11535);
#11535 = DEFINITIONAL_REPRESENTATION('',(#11536),#11540);
#11536 = LINE('',#11537,#11538);
#11537 = CARTESIAN_POINT('',(0.,-0.64));
#11538 = VECTOR('',#11539,1.);
#11539 = DIRECTION('',(1.,0.));
#11540 = ( GEOMETRIC_REPRESENTATION_CONTEXT(2) 
PARAMETRIC_REPRESENTATION_CONTEXT() REPRESENTATION_CONTEXT('2D SPACE',''
  ) );
#11541 = PCURVE('',#11432,#11542);
#11542 = DEFINITIONAL_REPRESENTATION('',(#11543),#11547);
#11543 = LINE('',#11544,#11545);
#11544 = CARTESIAN_POINT('',(0.,0.64));
#11545 = VECTOR('',#11546,1.);
#11546 = DIRECTION('',(1.,0.));
#11547 = ( GEOMETRIC_REPRESENTATION_CONTEXT(2) 
PARAMETRIC_REPRESENTATION_CONTEXT() REPRESENTATION_CONTEXT('2D SPACE',''
  ) );
#11548 = ORIENTED_EDGE('',*,*,#11549,.F.);
#11549 = EDGE_CURVE('',#11476,#11527,#11550,.T.);
#11550 = SURFACE_CURVE('',#11551,(#11555,#11562),.PCURVE_S1.);
#11551 = LINE('',#11552,#11553);
#11552 = CARTESIAN_POINT('',(2.86,-35.88,9.95));
#11553 = VECTOR('',#11554,1.);
#11554 = DIRECTION('',(-0.,1.,0.));
#11555 = PCURVE('',#11484,#11556);
#11556 = DEFINITIONAL_REPRESENTATION('',(#11557),#11561);
#11557 = LINE('',#11558,#11559);
#11558 = CARTESIAN_POINT('',(12.79,0.));
#11559 = VECTOR('',#11560,1.);
#11560 = DIRECTION('',(0.,-1.));
#11561 = ( GEOMETRIC_REPRESENTATION_CONTEXT(2) 
PARAMETRIC_REPRESENTATION_CONTEXT() REPRESENTATION_CONTEXT('2D SPACE',''
  ) );
#11562 = PCURVE('',#11458,#11563);
#11563 = DEFINITIONAL_REPRESENTATION('',(#11564),#11568);
#11564 = LINE('',#11565,#11566);
#11565 = CARTESIAN_POINT('',(0.64,0.));
#11566 = VECTOR('',#11567,1.);
#11567 = DIRECTION('',(0.,1.));
#11568 = ( GEOMETRIC_REPRESENTATION_CONTEXT(2) 
PARAMETRIC_REPRESENTATION_CONTEXT() REPRESENTATION_CONTEXT('2D SPACE',''
  ) );
#11569 = ADVANCED_FACE('',(#11570),#11376,.F.);
#11570 = FACE_BOUND('',#11571,.F.);
#11571 = EDGE_LOOP('',(#11572,#11593,#11594,#11615));
#11572 = ORIENTED_EDGE('',*,*,#11573,.F.);
#11573 = EDGE_CURVE('',#11354,#11474,#11574,.T.);
#11574 = SURFACE_CURVE('',#11575,(#11579,#11586),.PCURVE_S1.);
#11575 = LINE('',#11576,#11577);
#11576 = CARTESIAN_POINT('',(2.22,-35.88,-2.84));
#11577 = VECTOR('',#11578,1.);
#11578 = DIRECTION('',(1.,0.,-0.));
#11579 = PCURVE('',#11376,#11580);
#11580 = DEFINITIONAL_REPRESENTATION('',(#11581),#11585);
#11581 = LINE('',#11582,#11583);
#11582 = CARTESIAN_POINT('',(0.,0.));
#11583 = VECTOR('',#11584,1.);
#11584 = DIRECTION('',(0.,1.));
#11585 = ( GEOMETRIC_REPRESENTATION_CONTEXT(2) 
PARAMETRIC_REPRESENTATION_CONTEXT() REPRESENTATION_CONTEXT('2D SPACE',''
  ) );
#11586 = PCURVE('',#11404,#11587);
#11587 = DEFINITIONAL_REPRESENTATION('',(#11588),#11592);
#11588 = LINE('',#11589,#11590);
#11589 = CARTESIAN_POINT('',(0.,0.));
#11590 = VECTOR('',#11591,1.);
#11591 = DIRECTION('',(1.,0.));
#11592 = ( GEOMETRIC_REPRESENTATION_CONTEXT(2) 
PARAMETRIC_REPRESENTATION_CONTEXT() REPRESENTATION_CONTEXT('2D SPACE',''
  ) );
#11593 = ORIENTED_EDGE('',*,*,#11353,.T.);
#11594 = ORIENTED_EDGE('',*,*,#11595,.T.);
#11595 = EDGE_CURVE('',#11356,#11476,#11596,.T.);
#11596 = SURFACE_CURVE('',#11597,(#11601,#11608),.PCURVE_S1.);
#11597 = LINE('',#11598,#11599);
#11598 = CARTESIAN_POINT('',(2.22,-35.88,9.95));
#11599 = VECTOR('',#11600,1.);
#11600 = DIRECTION('',(1.,0.,-0.));
#11601 = PCURVE('',#11376,#11602);
#11602 = DEFINITIONAL_REPRESENTATION('',(#11603),#11607);
#11603 = LINE('',#11604,#11605);
#11604 = CARTESIAN_POINT('',(12.79,0.));
#11605 = VECTOR('',#11606,1.);
#11606 = DIRECTION('',(0.,1.));
#11607 = ( GEOMETRIC_REPRESENTATION_CONTEXT(2) 
PARAMETRIC_REPRESENTATION_CONTEXT() REPRESENTATION_CONTEXT('2D SPACE',''
  ) );
#11608 = PCURVE('',#11458,#11609);
#11609 = DEFINITIONAL_REPRESENTATION('',(#11610),#11614);
#11610 = LINE('',#11611,#11612);
#11611 = CARTESIAN_POINT('',(0.,0.));
#11612 = VECTOR('',#11613,1.);
#11613 = DIRECTION('',(1.,0.));
#11614 = ( GEOMETRIC_REPRESENTATION_CONTEXT(2) 
PARAMETRIC_REPRESENTATION_CONTEXT() REPRESENTATION_CONTEXT('2D SPACE',''
  ) );
#11615 = ORIENTED_EDGE('',*,*,#11473,.F.);
#11616 = ADVANCED_FACE('',(#11617),#11432,.T.);
#11617 = FACE_BOUND('',#11618,.T.);
#11618 = EDGE_LOOP('',(#11619,#11640,#11641,#11662));
#11619 = ORIENTED_EDGE('',*,*,#11620,.F.);
#11620 = EDGE_CURVE('',#11389,#11504,#11621,.T.);
#11621 = SURFACE_CURVE('',#11622,(#11626,#11633),.PCURVE_S1.);
#11622 = LINE('',#11623,#11624);
#11623 = CARTESIAN_POINT('',(2.22,-35.24,-2.84));
#11624 = VECTOR('',#11625,1.);
#11625 = DIRECTION('',(1.,0.,-0.));
#11626 = PCURVE('',#11432,#11627);
#11627 = DEFINITIONAL_REPRESENTATION('',(#11628),#11632);
#11628 = LINE('',#11629,#11630);
#11629 = CARTESIAN_POINT('',(0.,0.));
#11630 = VECTOR('',#11631,1.);
#11631 = DIRECTION('',(0.,1.));
#11632 = ( GEOMETRIC_REPRESENTATION_CONTEXT(2) 
PARAMETRIC_REPRESENTATION_CONTEXT() REPRESENTATION_CONTEXT('2D SPACE',''
  ) );
#11633 = PCURVE('',#11404,#11634);
#11634 = DEFINITIONAL_REPRESENTATION('',(#11635),#11639);
#11635 = LINE('',#11636,#11637);
#11636 = CARTESIAN_POINT('',(0.,0.64));
#11637 = VECTOR('',#11638,1.);
#11638 = DIRECTION('',(1.,0.));
#11639 = ( GEOMETRIC_REPRESENTATION_CONTEXT(2) 
PARAMETRIC_REPRESENTATION_CONTEXT() REPRESENTATION_CONTEXT('2D SPACE',''
  ) );
#11640 = ORIENTED_EDGE('',*,*,#11416,.T.);
#11641 = ORIENTED_EDGE('',*,*,#11642,.T.);
#11642 = EDGE_CURVE('',#11417,#11527,#11643,.T.);
#11643 = SURFACE_CURVE('',#11644,(#11648,#11655),.PCURVE_S1.);
#11644 = LINE('',#11645,#11646);
#11645 = CARTESIAN_POINT('',(2.22,-35.24,9.95));
#11646 = VECTOR('',#11647,1.);
#11647 = DIRECTION('',(1.,0.,-0.));
#11648 = PCURVE('',#11432,#11649);
#11649 = DEFINITIONAL_REPRESENTATION('',(#11650),#11654);
#11650 = LINE('',#11651,#11652);
#11651 = CARTESIAN_POINT('',(12.79,0.));
#11652 = VECTOR('',#11653,1.);
#11653 = DIRECTION('',(0.,1.));
#11654 = ( GEOMETRIC_REPRESENTATION_CONTEXT(2) 
PARAMETRIC_REPRESENTATION_CONTEXT() REPRESENTATION_CONTEXT('2D SPACE',''
  ) );
#11655 = PCURVE('',#11458,#11656);
#11656 = DEFINITIONAL_REPRESENTATION('',(#11657),#11661);
#11657 = LINE('',#11658,#11659);
#11658 = CARTESIAN_POINT('',(0.,0.64));
#11659 = VECTOR('',#11660,1.);
#11660 = DIRECTION('',(1.,0.));
#11661 = ( GEOMETRIC_REPRESENTATION_CONTEXT(2) 
PARAMETRIC_REPRESENTATION_CONTEXT() REPRESENTATION_CONTEXT('2D SPACE',''
  ) );
#11662 = ORIENTED_EDGE('',*,*,#11526,.F.);
#11663 = ADVANCED_FACE('',(#11664),#11404,.F.);
#11664 = FACE_BOUND('',#11665,.F.);
#11665 = EDGE_LOOP('',(#11666,#11667,#11668,#11669));
#11666 = ORIENTED_EDGE('',*,*,#11388,.F.);
#11667 = ORIENTED_EDGE('',*,*,#11573,.T.);
#11668 = ORIENTED_EDGE('',*,*,#11503,.T.);
#11669 = ORIENTED_EDGE('',*,*,#11620,.F.);
#11670 = ADVANCED_FACE('',(#11671),#11458,.T.);
#11671 = FACE_BOUND('',#11672,.T.);
#11672 = EDGE_LOOP('',(#11673,#11674,#11675,#11676));
#11673 = ORIENTED_EDGE('',*,*,#11444,.F.);
#11674 = ORIENTED_EDGE('',*,*,#11595,.T.);
#11675 = ORIENTED_EDGE('',*,*,#11549,.T.);
#11676 = ORIENTED_EDGE('',*,*,#11642,.F.);
#11677 = ( GEOMETRIC_REPRESENTATION_CONTEXT(3) 
GLOBAL_UNCERTAINTY_ASSIGNED_CONTEXT((#11681)) 
GLOBAL_UNIT_ASSIGNED_CONTEXT((#11678,#11679,#11680)) 
REPRESENTATION_CONTEXT('Context #1',
  '3D Context with UNIT and UNCERTAINTY') );
#11678 = ( LENGTH_UNIT() NAMED_UNIT(*) SI_UNIT(.MILLI.,.METRE.) );
#11679 = ( NAMED_UNIT(*) PLANE_ANGLE_UNIT() SI_UNIT($,.RADIAN.) );
#11680 = ( NAMED_UNIT(*) SI_UNIT($,.STERADIAN.) SOLID_ANGLE_UNIT() );
#11681 = UNCERTAINTY_MEASURE_WITH_UNIT(LENGTH_MEASURE(1.E-07),#11678,
  'distance_accuracy_value','confusion accuracy');
#11682 = CONTEXT_DEPENDENT_SHAPE_REPRESENTATION(#11683,#11685);
#11683 = ( REPRESENTATION_RELATIONSHIP('','',#11346,#10) 
REPRESENTATION_RELATIONSHIP_WITH_TRANSFORMATION(#11684) 
SHAPE_REPRESENTATION_RELATIONSHIP() );
#11684 = ITEM_DEFINED_TRANSFORMATION('','',#11,#135);
#11685 = PRODUCT_DEFINITION_SHAPE('Placement','Placement of an item',
  #11686);
#11686 = NEXT_ASSEMBLY_USAGE_OCCURRENCE('325','','',#5,#11341,$);
#11687 = PRODUCT_RELATED_PRODUCT_CATEGORY('part',$,(#11343));
#11688 = SHAPE_DEFINITION_REPRESENTATION(#11689,#11695);
#11689 = PRODUCT_DEFINITION_SHAPE('','',#11690);
#11690 = PRODUCT_DEFINITION('design','',#11691,#11694);
#11691 = PRODUCT_DEFINITION_FORMATION('','',#11692);
#11692 = PRODUCT('Open CASCADE STEP translator 7.9 22.32',
  'Open CASCADE STEP translator 7.9 22.32','',(#11693));
#11693 = PRODUCT_CONTEXT('',#2,'mechanical');
#11694 = PRODUCT_DEFINITION_CONTEXT('part definition',#2,'design');
#11695 = ADVANCED_BREP_SHAPE_REPRESENTATION('',(#11,#11696),#12026);
#11696 = MANIFOLD_SOLID_BREP('',#11697);
#11697 = CLOSED_SHELL('',(#11698,#11818,#11918,#11965,#12012,#12019));
#11698 = ADVANCED_FACE('',(#11699),#11713,.F.);
#11699 = FACE_BOUND('',#11700,.F.);
#11700 = EDGE_LOOP('',(#11701,#11736,#11764,#11792));
#11701 = ORIENTED_EDGE('',*,*,#11702,.F.);
#11702 = EDGE_CURVE('',#11703,#11705,#11707,.T.);
#11703 = VERTEX_POINT('',#11704);
#11704 = CARTESIAN_POINT('',(-0.32,-38.42,-2.84));
#11705 = VERTEX_POINT('',#11706);
#11706 = CARTESIAN_POINT('',(-0.32,-38.42,9.95));
#11707 = SURFACE_CURVE('',#11708,(#11712,#11724),.PCURVE_S1.);
#11708 = LINE('',#11709,#11710);
#11709 = CARTESIAN_POINT('',(-0.32,-38.42,-2.84));
#11710 = VECTOR('',#11711,1.);
#11711 = DIRECTION('',(0.,0.,1.));
#11712 = PCURVE('',#11713,#11718);
#11713 = PLANE('',#11714);
#11714 = AXIS2_PLACEMENT_3D('',#11715,#11716,#11717);
#11715 = CARTESIAN_POINT('',(-0.32,-38.42,-2.84));
#11716 = DIRECTION('',(1.,0.,-0.));
#11717 = DIRECTION('',(0.,0.,1.));
#11718 = DEFINITIONAL_REPRESENTATION('',(#11719),#11723);
#11719 = LINE('',#11720,#11721);
#11720 = CARTESIAN_POINT('',(0.,0.));
#11721 = VECTOR('',#11722,1.);
#11722 = DIRECTION('',(1.,0.));
#11723 = ( GEOMETRIC_REPRESENTATION_CONTEXT(2) 
PARAMETRIC_REPRESENTATION_CONTEXT() REPRESENTATION_CONTEXT('2D SPACE',''
  ) );
#11724 = PCURVE('',#11725,#11730);
#11725 = PLANE('',#11726);
#11726 = AXIS2_PLACEMENT_3D('',#11727,#11728,#11729);
#11727 = CARTESIAN_POINT('',(-0.32,-38.42,-2.84));
#11728 = DIRECTION('',(-0.,1.,0.));
#11729 = DIRECTION('',(0.,0.,1.));
#11730 = DEFINITIONAL_REPRESENTATION('',(#11731),#11735);
#11731 = LINE('',#11732,#11733);
#11732 = CARTESIAN_POINT('',(0.,0.));
#11733 = VECTOR('',#11734,1.);
#11734 = DIRECTION('',(1.,0.));
#11735 = ( GEOMETRIC_REPRESENTATION_CONTEXT(2) 
PARAMETRIC_REPRESENTATION_CONTEXT() REPRESENTATION_CONTEXT('2D SPACE',''
  ) );
#11736 = ORIENTED_EDGE('',*,*,#11737,.T.);
#11737 = EDGE_CURVE('',#11703,#11738,#11740,.T.);
#11738 = VERTEX_POINT('',#11739);
#11739 = CARTESIAN_POINT('',(-0.32,-37.78,-2.84));
#11740 = SURFACE_CURVE('',#11741,(#11745,#11752),.PCURVE_S1.);
#11741 = LINE('',#11742,#11743);
#11742 = CARTESIAN_POINT('',(-0.32,-38.42,-2.84));
#11743 = VECTOR('',#11744,1.);
#11744 = DIRECTION('',(-0.,1.,0.));
#11745 = PCURVE('',#11713,#11746);
#11746 = DEFINITIONAL_REPRESENTATION('',(#11747),#11751);
#11747 = LINE('',#11748,#11749);
#11748 = CARTESIAN_POINT('',(0.,0.));
#11749 = VECTOR('',#11750,1.);
#11750 = DIRECTION('',(0.,-1.));
#11751 = ( GEOMETRIC_REPRESENTATION_CONTEXT(2) 
PARAMETRIC_REPRESENTATION_CONTEXT() REPRESENTATION_CONTEXT('2D SPACE',''
  ) );
#11752 = PCURVE('',#11753,#11758);
#11753 = PLANE('',#11754);
#11754 = AXIS2_PLACEMENT_3D('',#11755,#11756,#11757);
#11755 = CARTESIAN_POINT('',(-0.32,-38.42,-2.84));
#11756 = DIRECTION('',(0.,0.,1.));
#11757 = DIRECTION('',(1.,0.,-0.));
#11758 = DEFINITIONAL_REPRESENTATION('',(#11759),#11763);
#11759 = LINE('',#11760,#11761);
#11760 = CARTESIAN_POINT('',(0.,0.));
#11761 = VECTOR('',#11762,1.);
#11762 = DIRECTION('',(0.,1.));
#11763 = ( GEOMETRIC_REPRESENTATION_CONTEXT(2) 
PARAMETRIC_REPRESENTATION_CONTEXT() REPRESENTATION_CONTEXT('2D SPACE',''
  ) );
#11764 = ORIENTED_EDGE('',*,*,#11765,.T.);
#11765 = EDGE_CURVE('',#11738,#11766,#11768,.T.);
#11766 = VERTEX_POINT('',#11767);
#11767 = CARTESIAN_POINT('',(-0.32,-37.78,9.95));
#11768 = SURFACE_CURVE('',#11769,(#11773,#11780),.PCURVE_S1.);
#11769 = LINE('',#11770,#11771);
#11770 = CARTESIAN_POINT('',(-0.32,-37.78,-2.84));
#11771 = VECTOR('',#11772,1.);
#11772 = DIRECTION('',(0.,0.,1.));
#11773 = PCURVE('',#11713,#11774);
#11774 = DEFINITIONAL_REPRESENTATION('',(#11775),#11779);
#11775 = LINE('',#11776,#11777);
#11776 = CARTESIAN_POINT('',(0.,-0.64));
#11777 = VECTOR('',#11778,1.);
#11778 = DIRECTION('',(1.,0.));
#11779 = ( GEOMETRIC_REPRESENTATION_CONTEXT(2) 
PARAMETRIC_REPRESENTATION_CONTEXT() REPRESENTATION_CONTEXT('2D SPACE',''
  ) );
#11780 = PCURVE('',#11781,#11786);
#11781 = PLANE('',#11782);
#11782 = AXIS2_PLACEMENT_3D('',#11783,#11784,#11785);
#11783 = CARTESIAN_POINT('',(-0.32,-37.78,-2.84));
#11784 = DIRECTION('',(-0.,1.,0.));
#11785 = DIRECTION('',(0.,0.,1.));
#11786 = DEFINITIONAL_REPRESENTATION('',(#11787),#11791);
#11787 = LINE('',#11788,#11789);
#11788 = CARTESIAN_POINT('',(0.,0.));
#11789 = VECTOR('',#11790,1.);
#11790 = DIRECTION('',(1.,0.));
#11791 = ( GEOMETRIC_REPRESENTATION_CONTEXT(2) 
PARAMETRIC_REPRESENTATION_CONTEXT() REPRESENTATION_CONTEXT('2D SPACE',''
  ) );
#11792 = ORIENTED_EDGE('',*,*,#11793,.F.);
#11793 = EDGE_CURVE('',#11705,#11766,#11794,.T.);
#11794 = SURFACE_CURVE('',#11795,(#11799,#11806),.PCURVE_S1.);
#11795 = LINE('',#11796,#11797);
#11796 = CARTESIAN_POINT('',(-0.32,-38.42,9.95));
#11797 = VECTOR('',#11798,1.);
#11798 = DIRECTION('',(-0.,1.,0.));
#11799 = PCURVE('',#11713,#11800);
#11800 = DEFINITIONAL_REPRESENTATION('',(#11801),#11805);
#11801 = LINE('',#11802,#11803);
#11802 = CARTESIAN_POINT('',(12.79,0.));
#11803 = VECTOR('',#11804,1.);
#11804 = DIRECTION('',(0.,-1.));
#11805 = ( GEOMETRIC_REPRESENTATION_CONTEXT(2) 
PARAMETRIC_REPRESENTATION_CONTEXT() REPRESENTATION_CONTEXT('2D SPACE',''
  ) );
#11806 = PCURVE('',#11807,#11812);
#11807 = PLANE('',#11808);
#11808 = AXIS2_PLACEMENT_3D('',#11809,#11810,#11811);
#11809 = CARTESIAN_POINT('',(-0.32,-38.42,9.95));
#11810 = DIRECTION('',(0.,0.,1.));
#11811 = DIRECTION('',(1.,0.,-0.));
#11812 = DEFINITIONAL_REPRESENTATION('',(#11813),#11817);
#11813 = LINE('',#11814,#11815);
#11814 = CARTESIAN_POINT('',(0.,0.));
#11815 = VECTOR('',#11816,1.);
#11816 = DIRECTION('',(0.,1.));
#11817 = ( GEOMETRIC_REPRESENTATION_CONTEXT(2) 
PARAMETRIC_REPRESENTATION_CONTEXT() REPRESENTATION_CONTEXT('2D SPACE',''
  ) );
#11818 = ADVANCED_FACE('',(#11819),#11833,.T.);
#11819 = FACE_BOUND('',#11820,.T.);
#11820 = EDGE_LOOP('',(#11821,#11851,#11874,#11897));
#11821 = ORIENTED_EDGE('',*,*,#11822,.F.);
#11822 = EDGE_CURVE('',#11823,#11825,#11827,.T.);
#11823 = VERTEX_POINT('',#11824);
#11824 = CARTESIAN_POINT('',(0.32,-38.42,-2.84));
#11825 = VERTEX_POINT('',#11826);
#11826 = CARTESIAN_POINT('',(0.32,-38.42,9.95));
#11827 = SURFACE_CURVE('',#11828,(#11832,#11844),.PCURVE_S1.);
#11828 = LINE('',#11829,#11830);
#11829 = CARTESIAN_POINT('',(0.32,-38.42,-2.84));
#11830 = VECTOR('',#11831,1.);
#11831 = DIRECTION('',(0.,0.,1.));
#11832 = PCURVE('',#11833,#11838);
#11833 = PLANE('',#11834);
#11834 = AXIS2_PLACEMENT_3D('',#11835,#11836,#11837);
#11835 = CARTESIAN_POINT('',(0.32,-38.42,-2.84));
#11836 = DIRECTION('',(1.,0.,-0.));
#11837 = DIRECTION('',(0.,0.,1.));
#11838 = DEFINITIONAL_REPRESENTATION('',(#11839),#11843);
#11839 = LINE('',#11840,#11841);
#11840 = CARTESIAN_POINT('',(0.,0.));
#11841 = VECTOR('',#11842,1.);
#11842 = DIRECTION('',(1.,0.));
#11843 = ( GEOMETRIC_REPRESENTATION_CONTEXT(2) 
PARAMETRIC_REPRESENTATION_CONTEXT() REPRESENTATION_CONTEXT('2D SPACE',''
  ) );
#11844 = PCURVE('',#11725,#11845);
#11845 = DEFINITIONAL_REPRESENTATION('',(#11846),#11850);
#11846 = LINE('',#11847,#11848);
#11847 = CARTESIAN_POINT('',(0.,0.64));
#11848 = VECTOR('',#11849,1.);
#11849 = DIRECTION('',(1.,0.));
#11850 = ( GEOMETRIC_REPRESENTATION_CONTEXT(2) 
PARAMETRIC_REPRESENTATION_CONTEXT() REPRESENTATION_CONTEXT('2D SPACE',''
  ) );
#11851 = ORIENTED_EDGE('',*,*,#11852,.T.);
#11852 = EDGE_CURVE('',#11823,#11853,#11855,.T.);
#11853 = VERTEX_POINT('',#11854);
#11854 = CARTESIAN_POINT('',(0.32,-37.78,-2.84));
#11855 = SURFACE_CURVE('',#11856,(#11860,#11867),.PCURVE_S1.);
#11856 = LINE('',#11857,#11858);
#11857 = CARTESIAN_POINT('',(0.32,-38.42,-2.84));
#11858 = VECTOR('',#11859,1.);
#11859 = DIRECTION('',(-0.,1.,0.));
#11860 = PCURVE('',#11833,#11861);
#11861 = DEFINITIONAL_REPRESENTATION('',(#11862),#11866);
#11862 = LINE('',#11863,#11864);
#11863 = CARTESIAN_POINT('',(0.,0.));
#11864 = VECTOR('',#11865,1.);
#11865 = DIRECTION('',(0.,-1.));
#11866 = ( GEOMETRIC_REPRESENTATION_CONTEXT(2) 
PARAMETRIC_REPRESENTATION_CONTEXT() REPRESENTATION_CONTEXT('2D SPACE',''
  ) );
#11867 = PCURVE('',#11753,#11868);
#11868 = DEFINITIONAL_REPRESENTATION('',(#11869),#11873);
#11869 = LINE('',#11870,#11871);
#11870 = CARTESIAN_POINT('',(0.64,0.));
#11871 = VECTOR('',#11872,1.);
#11872 = DIRECTION('',(0.,1.));
#11873 = ( GEOMETRIC_REPRESENTATION_CONTEXT(2) 
PARAMETRIC_REPRESENTATION_CONTEXT() REPRESENTATION_CONTEXT('2D SPACE',''
  ) );
#11874 = ORIENTED_EDGE('',*,*,#11875,.T.);
#11875 = EDGE_CURVE('',#11853,#11876,#11878,.T.);
#11876 = VERTEX_POINT('',#11877);
#11877 = CARTESIAN_POINT('',(0.32,-37.78,9.95));
#11878 = SURFACE_CURVE('',#11879,(#11883,#11890),.PCURVE_S1.);
#11879 = LINE('',#11880,#11881);
#11880 = CARTESIAN_POINT('',(0.32,-37.78,-2.84));
#11881 = VECTOR('',#11882,1.);
#11882 = DIRECTION('',(0.,0.,1.));
#11883 = PCURVE('',#11833,#11884);
#11884 = DEFINITIONAL_REPRESENTATION('',(#11885),#11889);
#11885 = LINE('',#11886,#11887);
#11886 = CARTESIAN_POINT('',(0.,-0.64));
#11887 = VECTOR('',#11888,1.);
#11888 = DIRECTION('',(1.,0.));
#11889 = ( GEOMETRIC_REPRESENTATION_CONTEXT(2) 
PARAMETRIC_REPRESENTATION_CONTEXT() REPRESENTATION_CONTEXT('2D SPACE',''
  ) );
#11890 = PCURVE('',#11781,#11891);
#11891 = DEFINITIONAL_REPRESENTATION('',(#11892),#11896);
#11892 = LINE('',#11893,#11894);
#11893 = CARTESIAN_POINT('',(0.,0.64));
#11894 = VECTOR('',#11895,1.);
#11895 = DIRECTION('',(1.,0.));
#11896 = ( GEOMETRIC_REPRESENTATION_CONTEXT(2) 
PARAMETRIC_REPRESENTATION_CONTEXT() REPRESENTATION_CONTEXT('2D SPACE',''
  ) );
#11897 = ORIENTED_EDGE('',*,*,#11898,.F.);
#11898 = EDGE_CURVE('',#11825,#11876,#11899,.T.);
#11899 = SURFACE_CURVE('',#11900,(#11904,#11911),.PCURVE_S1.);
#11900 = LINE('',#11901,#11902);
#11901 = CARTESIAN_POINT('',(0.32,-38.42,9.95));
#11902 = VECTOR('',#11903,1.);
#11903 = DIRECTION('',(-0.,1.,0.));
#11904 = PCURVE('',#11833,#11905);
#11905 = DEFINITIONAL_REPRESENTATION('',(#11906),#11910);
#11906 = LINE('',#11907,#11908);
#11907 = CARTESIAN_POINT('',(12.79,0.));
#11908 = VECTOR('',#11909,1.);
#11909 = DIRECTION('',(0.,-1.));
#11910 = ( GEOMETRIC_REPRESENTATION_CONTEXT(2) 
PARAMETRIC_REPRESENTATION_CONTEXT() REPRESENTATION_CONTEXT('2D SPACE',''
  ) );
#11911 = PCURVE('',#11807,#11912);
#11912 = DEFINITIONAL_REPRESENTATION('',(#11913),#11917);
#11913 = LINE('',#11914,#11915);
#11914 = CARTESIAN_POINT('',(0.64,0.));
#11915 = VECTOR('',#11916,1.);
#11916 = DIRECTION('',(0.,1.));
#11917 = ( GEOMETRIC_REPRESENTATION_CONTEXT(2) 
PARAMETRIC_REPRESENTATION_CONTEXT() REPRESENTATION_CONTEXT('2D SPACE',''
  ) );
#11918 = ADVANCED_FACE('',(#11919),#11725,.F.);
#11919 = FACE_BOUND('',#11920,.F.);
#11920 = EDGE_LOOP('',(#11921,#11942,#11943,#11964));
#11921 = ORIENTED_EDGE('',*,*,#11922,.F.);
#11922 = EDGE_CURVE('',#11703,#11823,#11923,.T.);
#11923 = SURFACE_CURVE('',#11924,(#11928,#11935),.PCURVE_S1.);
#11924 = LINE('',#11925,#11926);
#11925 = CARTESIAN_POINT('',(-0.32,-38.42,-2.84));
#11926 = VECTOR('',#11927,1.);
#11927 = DIRECTION('',(1.,0.,-0.));
#11928 = PCURVE('',#11725,#11929);
#11929 = DEFINITIONAL_REPRESENTATION('',(#11930),#11934);
#11930 = LINE('',#11931,#11932);
#11931 = CARTESIAN_POINT('',(0.,0.));
#11932 = VECTOR('',#11933,1.);
#11933 = DIRECTION('',(0.,1.));
#11934 = ( GEOMETRIC_REPRESENTATION_CONTEXT(2) 
PARAMETRIC_REPRESENTATION_CONTEXT() REPRESENTATION_CONTEXT('2D SPACE',''
  ) );
#11935 = PCURVE('',#11753,#11936);
#11936 = DEFINITIONAL_REPRESENTATION('',(#11937),#11941);
#11937 = LINE('',#11938,#11939);
#11938 = CARTESIAN_POINT('',(0.,0.));
#11939 = VECTOR('',#11940,1.);
#11940 = DIRECTION('',(1.,0.));
#11941 = ( GEOMETRIC_REPRESENTATION_CONTEXT(2) 
PARAMETRIC_REPRESENTATION_CONTEXT() REPRESENTATION_CONTEXT('2D SPACE',''
  ) );
#11942 = ORIENTED_EDGE('',*,*,#11702,.T.);
#11943 = ORIENTED_EDGE('',*,*,#11944,.T.);
#11944 = EDGE_CURVE('',#11705,#11825,#11945,.T.);
#11945 = SURFACE_CURVE('',#11946,(#11950,#11957),.PCURVE_S1.);
#11946 = LINE('',#11947,#11948);
#11947 = CARTESIAN_POINT('',(-0.32,-38.42,9.95));
#11948 = VECTOR('',#11949,1.);
#11949 = DIRECTION('',(1.,0.,-0.));
#11950 = PCURVE('',#11725,#11951);
#11951 = DEFINITIONAL_REPRESENTATION('',(#11952),#11956);
#11952 = LINE('',#11953,#11954);
#11953 = CARTESIAN_POINT('',(12.79,0.));
#11954 = VECTOR('',#11955,1.);
#11955 = DIRECTION('',(0.,1.));
#11956 = ( GEOMETRIC_REPRESENTATION_CONTEXT(2) 
PARAMETRIC_REPRESENTATION_CONTEXT() REPRESENTATION_CONTEXT('2D SPACE',''
  ) );
#11957 = PCURVE('',#11807,#11958);
#11958 = DEFINITIONAL_REPRESENTATION('',(#11959),#11963);
#11959 = LINE('',#11960,#11961);
#11960 = CARTESIAN_POINT('',(0.,0.));
#11961 = VECTOR('',#11962,1.);
#11962 = DIRECTION('',(1.,0.));
#11963 = ( GEOMETRIC_REPRESENTATION_CONTEXT(2) 
PARAMETRIC_REPRESENTATION_CONTEXT() REPRESENTATION_CONTEXT('2D SPACE',''
  ) );
#11964 = ORIENTED_EDGE('',*,*,#11822,.F.);
#11965 = ADVANCED_FACE('',(#11966),#11781,.T.);
#11966 = FACE_BOUND('',#11967,.T.);
#11967 = EDGE_LOOP('',(#11968,#11989,#11990,#12011));
#11968 = ORIENTED_EDGE('',*,*,#11969,.F.);
#11969 = EDGE_CURVE('',#11738,#11853,#11970,.T.);
#11970 = SURFACE_CURVE('',#11971,(#11975,#11982),.PCURVE_S1.);
#11971 = LINE('',#11972,#11973);
#11972 = CARTESIAN_POINT('',(-0.32,-37.78,-2.84));
#11973 = VECTOR('',#11974,1.);
#11974 = DIRECTION('',(1.,0.,-0.));
#11975 = PCURVE('',#11781,#11976);
#11976 = DEFINITIONAL_REPRESENTATION('',(#11977),#11981);
#11977 = LINE('',#11978,#11979);
#11978 = CARTESIAN_POINT('',(0.,0.));
#11979 = VECTOR('',#11980,1.);
#11980 = DIRECTION('',(0.,1.));
#11981 = ( GEOMETRIC_REPRESENTATION_CONTEXT(2) 
PARAMETRIC_REPRESENTATION_CONTEXT() REPRESENTATION_CONTEXT('2D SPACE',''
  ) );
#11982 = PCURVE('',#11753,#11983);
#11983 = DEFINITIONAL_REPRESENTATION('',(#11984),#11988);
#11984 = LINE('',#11985,#11986);
#11985 = CARTESIAN_POINT('',(0.,0.64));
#11986 = VECTOR('',#11987,1.);
#11987 = DIRECTION('',(1.,0.));
#11988 = ( GEOMETRIC_REPRESENTATION_CONTEXT(2) 
PARAMETRIC_REPRESENTATION_CONTEXT() REPRESENTATION_CONTEXT('2D SPACE',''
  ) );
#11989 = ORIENTED_EDGE('',*,*,#11765,.T.);
#11990 = ORIENTED_EDGE('',*,*,#11991,.T.);
#11991 = EDGE_CURVE('',#11766,#11876,#11992,.T.);
#11992 = SURFACE_CURVE('',#11993,(#11997,#12004),.PCURVE_S1.);
#11993 = LINE('',#11994,#11995);
#11994 = CARTESIAN_POINT('',(-0.32,-37.78,9.95));
#11995 = VECTOR('',#11996,1.);
#11996 = DIRECTION('',(1.,0.,-0.));
#11997 = PCURVE('',#11781,#11998);
#11998 = DEFINITIONAL_REPRESENTATION('',(#11999),#12003);
#11999 = LINE('',#12000,#12001);
#12000 = CARTESIAN_POINT('',(12.79,0.));
#12001 = VECTOR('',#12002,1.);
#12002 = DIRECTION('',(0.,1.));
#12003 = ( GEOMETRIC_REPRESENTATION_CONTEXT(2) 
PARAMETRIC_REPRESENTATION_CONTEXT() REPRESENTATION_CONTEXT('2D SPACE',''
  ) );
#12004 = PCURVE('',#11807,#12005);
#12005 = DEFINITIONAL_REPRESENTATION('',(#12006),#12010);
#12006 = LINE('',#12007,#12008);
#12007 = CARTESIAN_POINT('',(0.,0.64));
#12008 = VECTOR('',#12009,1.);
#12009 = DIRECTION('',(1.,0.));
#12010 = ( GEOMETRIC_REPRESENTATION_CONTEXT(2) 
PARAMETRIC_REPRESENTATION_CONTEXT() REPRESENTATION_CONTEXT('2D SPACE',''
  ) );
#12011 = ORIENTED_EDGE('',*,*,#11875,.F.);
#12012 = ADVANCED_FACE('',(#12013),#11753,.F.);
#12013 = FACE_BOUND('',#12014,.F.);
#12014 = EDGE_LOOP('',(#12015,#12016,#12017,#12018));
#12015 = ORIENTED_EDGE('',*,*,#11737,.F.);
#12016 = ORIENTED_EDGE('',*,*,#11922,.T.);
#12017 = ORIENTED_EDGE('',*,*,#11852,.T.);
#12018 = ORIENTED_EDGE('',*,*,#11969,.F.);
#12019 = ADVANCED_FACE('',(#12020),#11807,.T.);
#12020 = FACE_BOUND('',#12021,.T.);
#12021 = EDGE_LOOP('',(#12022,#12023,#12024,#12025));
#12022 = ORIENTED_EDGE('',*,*,#11793,.F.);
#12023 = ORIENTED_EDGE('',*,*,#11944,.T.);
#12024 = ORIENTED_EDGE('',*,*,#11898,.T.);
#12025 = ORIENTED_EDGE('',*,*,#11991,.F.);
#12026 = ( GEOMETRIC_REPRESENTATION_CONTEXT(3) 
GLOBAL_UNCERTAINTY_ASSIGNED_CONTEXT((#12030)) 
GLOBAL_UNIT_ASSIGNED_CONTEXT((#12027,#12028,#12029)) 
REPRESENTATION_CONTEXT('Context #1',
  '3D Context with UNIT and UNCERTAINTY') );
#12027 = ( LENGTH_UNIT() NAMED_UNIT(*) SI_UNIT(.MILLI.,.METRE.) );
#12028 = ( NAMED_UNIT(*) PLANE_ANGLE_UNIT() SI_UNIT($,.RADIAN.) );
#12029 = ( NAMED_UNIT(*) SI_UNIT($,.STERADIAN.) SOLID_ANGLE_UNIT() );
#12030 = UNCERTAINTY_MEASURE_WITH_UNIT(LENGTH_MEASURE(1.E-07),#12027,
  'distance_accuracy_value','confusion accuracy');
#12031 = CONTEXT_DEPENDENT_SHAPE_REPRESENTATION(#12032,#12034);
#12032 = ( REPRESENTATION_RELATIONSHIP('','',#11695,#10) 
REPRESENTATION_RELATIONSHIP_WITH_TRANSFORMATION(#12033) 
SHAPE_REPRESENTATION_RELATIONSHIP() );
#12033 = ITEM_DEFINED_TRANSFORMATION('','',#11,#139);
#12034 = PRODUCT_DEFINITION_SHAPE('Placement','Placement of an item',
  #12035);
#12035 = NEXT_ASSEMBLY_USAGE_OCCURRENCE('326','','',#5,#11690,$);
#12036 = PRODUCT_RELATED_PRODUCT_CATEGORY('part',$,(#11692));
#12037 = SHAPE_DEFINITION_REPRESENTATION(#12038,#12044);
#12038 = PRODUCT_DEFINITION_SHAPE('','',#12039);
#12039 = PRODUCT_DEFINITION('design','',#12040,#12043);
#12040 = PRODUCT_DEFINITION_FORMATION('','',#12041);
#12041 = PRODUCT('Open CASCADE STEP translator 7.9 22.33',
  'Open CASCADE STEP translator 7.9 22.33','',(#12042));
#12042 = PRODUCT_CONTEXT('',#2,'mechanical');
#12043 = PRODUCT_DEFINITION_CONTEXT('part definition',#2,'design');
#12044 = ADVANCED_BREP_SHAPE_REPRESENTATION('',(#11,#12045),#12375);
#12045 = MANIFOLD_SOLID_BREP('',#12046);
#12046 = CLOSED_SHELL('',(#12047,#12167,#12267,#12314,#12361,#12368));
#12047 = ADVANCED_FACE('',(#12048),#12062,.F.);
#12048 = FACE_BOUND('',#12049,.F.);
#12049 = EDGE_LOOP('',(#12050,#12085,#12113,#12141));
#12050 = ORIENTED_EDGE('',*,*,#12051,.F.);
#12051 = EDGE_CURVE('',#12052,#12054,#12056,.T.);
#12052 = VERTEX_POINT('',#12053);
#12053 = CARTESIAN_POINT('',(2.22,-38.42,-2.84));
#12054 = VERTEX_POINT('',#12055);
#12055 = CARTESIAN_POINT('',(2.22,-38.42,9.95));
#12056 = SURFACE_CURVE('',#12057,(#12061,#12073),.PCURVE_S1.);
#12057 = LINE('',#12058,#12059);
#12058 = CARTESIAN_POINT('',(2.22,-38.42,-2.84));
#12059 = VECTOR('',#12060,1.);
#12060 = DIRECTION('',(0.,0.,1.));
#12061 = PCURVE('',#12062,#12067);
#12062 = PLANE('',#12063);
#12063 = AXIS2_PLACEMENT_3D('',#12064,#12065,#12066);
#12064 = CARTESIAN_POINT('',(2.22,-38.42,-2.84));
#12065 = DIRECTION('',(1.,0.,-0.));
#12066 = DIRECTION('',(0.,0.,1.));
#12067 = DEFINITIONAL_REPRESENTATION('',(#12068),#12072);
#12068 = LINE('',#12069,#12070);
#12069 = CARTESIAN_POINT('',(0.,0.));
#12070 = VECTOR('',#12071,1.);
#12071 = DIRECTION('',(1.,0.));
#12072 = ( GEOMETRIC_REPRESENTATION_CONTEXT(2) 
PARAMETRIC_REPRESENTATION_CONTEXT() REPRESENTATION_CONTEXT('2D SPACE',''
  ) );
#12073 = PCURVE('',#12074,#12079);
#12074 = PLANE('',#12075);
#12075 = AXIS2_PLACEMENT_3D('',#12076,#12077,#12078);
#12076 = CARTESIAN_POINT('',(2.22,-38.42,-2.84));
#12077 = DIRECTION('',(-0.,1.,0.));
#12078 = DIRECTION('',(0.,0.,1.));
#12079 = DEFINITIONAL_REPRESENTATION('',(#12080),#12084);
#12080 = LINE('',#12081,#12082);
#12081 = CARTESIAN_POINT('',(0.,0.));
#12082 = VECTOR('',#12083,1.);
#12083 = DIRECTION('',(1.,0.));
#12084 = ( GEOMETRIC_REPRESENTATION_CONTEXT(2) 
PARAMETRIC_REPRESENTATION_CONTEXT() REPRESENTATION_CONTEXT('2D SPACE',''
  ) );
#12085 = ORIENTED_EDGE('',*,*,#12086,.T.);
#12086 = EDGE_CURVE('',#12052,#12087,#12089,.T.);
#12087 = VERTEX_POINT('',#12088);
#12088 = CARTESIAN_POINT('',(2.22,-37.78,-2.84));
#12089 = SURFACE_CURVE('',#12090,(#12094,#12101),.PCURVE_S1.);
#12090 = LINE('',#12091,#12092);
#12091 = CARTESIAN_POINT('',(2.22,-38.42,-2.84));
#12092 = VECTOR('',#12093,1.);
#12093 = DIRECTION('',(-0.,1.,0.));
#12094 = PCURVE('',#12062,#12095);
#12095 = DEFINITIONAL_REPRESENTATION('',(#12096),#12100);
#12096 = LINE('',#12097,#12098);
#12097 = CARTESIAN_POINT('',(0.,0.));
#12098 = VECTOR('',#12099,1.);
#12099 = DIRECTION('',(0.,-1.));
#12100 = ( GEOMETRIC_REPRESENTATION_CONTEXT(2) 
PARAMETRIC_REPRESENTATION_CONTEXT() REPRESENTATION_CONTEXT('2D SPACE',''
  ) );
#12101 = PCURVE('',#12102,#12107);
#12102 = PLANE('',#12103);
#12103 = AXIS2_PLACEMENT_3D('',#12104,#12105,#12106);
#12104 = CARTESIAN_POINT('',(2.22,-38.42,-2.84));
#12105 = DIRECTION('',(0.,0.,1.));
#12106 = DIRECTION('',(1.,0.,-0.));
#12107 = DEFINITIONAL_REPRESENTATION('',(#12108),#12112);
#12108 = LINE('',#12109,#12110);
#12109 = CARTESIAN_POINT('',(0.,0.));
#12110 = VECTOR('',#12111,1.);
#12111 = DIRECTION('',(0.,1.));
#12112 = ( GEOMETRIC_REPRESENTATION_CONTEXT(2) 
PARAMETRIC_REPRESENTATION_CONTEXT() REPRESENTATION_CONTEXT('2D SPACE',''
  ) );
#12113 = ORIENTED_EDGE('',*,*,#12114,.T.);
#12114 = EDGE_CURVE('',#12087,#12115,#12117,.T.);
#12115 = VERTEX_POINT('',#12116);
#12116 = CARTESIAN_POINT('',(2.22,-37.78,9.95));
#12117 = SURFACE_CURVE('',#12118,(#12122,#12129),.PCURVE_S1.);
#12118 = LINE('',#12119,#12120);
#12119 = CARTESIAN_POINT('',(2.22,-37.78,-2.84));
#12120 = VECTOR('',#12121,1.);
#12121 = DIRECTION('',(0.,0.,1.));
#12122 = PCURVE('',#12062,#12123);
#12123 = DEFINITIONAL_REPRESENTATION('',(#12124),#12128);
#12124 = LINE('',#12125,#12126);
#12125 = CARTESIAN_POINT('',(0.,-0.64));
#12126 = VECTOR('',#12127,1.);
#12127 = DIRECTION('',(1.,0.));
#12128 = ( GEOMETRIC_REPRESENTATION_CONTEXT(2) 
PARAMETRIC_REPRESENTATION_CONTEXT() REPRESENTATION_CONTEXT('2D SPACE',''
  ) );
#12129 = PCURVE('',#12130,#12135);
#12130 = PLANE('',#12131);
#12131 = AXIS2_PLACEMENT_3D('',#12132,#12133,#12134);
#12132 = CARTESIAN_POINT('',(2.22,-37.78,-2.84));
#12133 = DIRECTION('',(-0.,1.,0.));
#12134 = DIRECTION('',(0.,0.,1.));
#12135 = DEFINITIONAL_REPRESENTATION('',(#12136),#12140);
#12136 = LINE('',#12137,#12138);
#12137 = CARTESIAN_POINT('',(0.,0.));
#12138 = VECTOR('',#12139,1.);
#12139 = DIRECTION('',(1.,0.));
#12140 = ( GEOMETRIC_REPRESENTATION_CONTEXT(2) 
PARAMETRIC_REPRESENTATION_CONTEXT() REPRESENTATION_CONTEXT('2D SPACE',''
  ) );
#12141 = ORIENTED_EDGE('',*,*,#12142,.F.);
#12142 = EDGE_CURVE('',#12054,#12115,#12143,.T.);
#12143 = SURFACE_CURVE('',#12144,(#12148,#12155),.PCURVE_S1.);
#12144 = LINE('',#12145,#12146);
#12145 = CARTESIAN_POINT('',(2.22,-38.42,9.95));
#12146 = VECTOR('',#12147,1.);
#12147 = DIRECTION('',(-0.,1.,0.));
#12148 = PCURVE('',#12062,#12149);
#12149 = DEFINITIONAL_REPRESENTATION('',(#12150),#12154);
#12150 = LINE('',#12151,#12152);
#12151 = CARTESIAN_POINT('',(12.79,0.));
#12152 = VECTOR('',#12153,1.);
#12153 = DIRECTION('',(0.,-1.));
#12154 = ( GEOMETRIC_REPRESENTATION_CONTEXT(2) 
PARAMETRIC_REPRESENTATION_CONTEXT() REPRESENTATION_CONTEXT('2D SPACE',''
  ) );
#12155 = PCURVE('',#12156,#12161);
#12156 = PLANE('',#12157);
#12157 = AXIS2_PLACEMENT_3D('',#12158,#12159,#12160);
#12158 = CARTESIAN_POINT('',(2.22,-38.42,9.95));
#12159 = DIRECTION('',(0.,0.,1.));
#12160 = DIRECTION('',(1.,0.,-0.));
#12161 = DEFINITIONAL_REPRESENTATION('',(#12162),#12166);
#12162 = LINE('',#12163,#12164);
#12163 = CARTESIAN_POINT('',(0.,0.));
#12164 = VECTOR('',#12165,1.);
#12165 = DIRECTION('',(0.,1.));
#12166 = ( GEOMETRIC_REPRESENTATION_CONTEXT(2) 
PARAMETRIC_REPRESENTATION_CONTEXT() REPRESENTATION_CONTEXT('2D SPACE',''
  ) );
#12167 = ADVANCED_FACE('',(#12168),#12182,.T.);
#12168 = FACE_BOUND('',#12169,.T.);
#12169 = EDGE_LOOP('',(#12170,#12200,#12223,#12246));
#12170 = ORIENTED_EDGE('',*,*,#12171,.F.);
#12171 = EDGE_CURVE('',#12172,#12174,#12176,.T.);
#12172 = VERTEX_POINT('',#12173);
#12173 = CARTESIAN_POINT('',(2.86,-38.42,-2.84));
#12174 = VERTEX_POINT('',#12175);
#12175 = CARTESIAN_POINT('',(2.86,-38.42,9.95));
#12176 = SURFACE_CURVE('',#12177,(#12181,#12193),.PCURVE_S1.);
#12177 = LINE('',#12178,#12179);
#12178 = CARTESIAN_POINT('',(2.86,-38.42,-2.84));
#12179 = VECTOR('',#12180,1.);
#12180 = DIRECTION('',(0.,0.,1.));
#12181 = PCURVE('',#12182,#12187);
#12182 = PLANE('',#12183);
#12183 = AXIS2_PLACEMENT_3D('',#12184,#12185,#12186);
#12184 = CARTESIAN_POINT('',(2.86,-38.42,-2.84));
#12185 = DIRECTION('',(1.,0.,-0.));
#12186 = DIRECTION('',(0.,0.,1.));
#12187 = DEFINITIONAL_REPRESENTATION('',(#12188),#12192);
#12188 = LINE('',#12189,#12190);
#12189 = CARTESIAN_POINT('',(0.,0.));
#12190 = VECTOR('',#12191,1.);
#12191 = DIRECTION('',(1.,0.));
#12192 = ( GEOMETRIC_REPRESENTATION_CONTEXT(2) 
PARAMETRIC_REPRESENTATION_CONTEXT() REPRESENTATION_CONTEXT('2D SPACE',''
  ) );
#12193 = PCURVE('',#12074,#12194);
#12194 = DEFINITIONAL_REPRESENTATION('',(#12195),#12199);
#12195 = LINE('',#12196,#12197);
#12196 = CARTESIAN_POINT('',(0.,0.64));
#12197 = VECTOR('',#12198,1.);
#12198 = DIRECTION('',(1.,0.));
#12199 = ( GEOMETRIC_REPRESENTATION_CONTEXT(2) 
PARAMETRIC_REPRESENTATION_CONTEXT() REPRESENTATION_CONTEXT('2D SPACE',''
  ) );
#12200 = ORIENTED_EDGE('',*,*,#12201,.T.);
#12201 = EDGE_CURVE('',#12172,#12202,#12204,.T.);
#12202 = VERTEX_POINT('',#12203);
#12203 = CARTESIAN_POINT('',(2.86,-37.78,-2.84));
#12204 = SURFACE_CURVE('',#12205,(#12209,#12216),.PCURVE_S1.);
#12205 = LINE('',#12206,#12207);
#12206 = CARTESIAN_POINT('',(2.86,-38.42,-2.84));
#12207 = VECTOR('',#12208,1.);
#12208 = DIRECTION('',(-0.,1.,0.));
#12209 = PCURVE('',#12182,#12210);
#12210 = DEFINITIONAL_REPRESENTATION('',(#12211),#12215);
#12211 = LINE('',#12212,#12213);
#12212 = CARTESIAN_POINT('',(0.,0.));
#12213 = VECTOR('',#12214,1.);
#12214 = DIRECTION('',(0.,-1.));
#12215 = ( GEOMETRIC_REPRESENTATION_CONTEXT(2) 
PARAMETRIC_REPRESENTATION_CONTEXT() REPRESENTATION_CONTEXT('2D SPACE',''
  ) );
#12216 = PCURVE('',#12102,#12217);
#12217 = DEFINITIONAL_REPRESENTATION('',(#12218),#12222);
#12218 = LINE('',#12219,#12220);
#12219 = CARTESIAN_POINT('',(0.64,0.));
#12220 = VECTOR('',#12221,1.);
#12221 = DIRECTION('',(0.,1.));
#12222 = ( GEOMETRIC_REPRESENTATION_CONTEXT(2) 
PARAMETRIC_REPRESENTATION_CONTEXT() REPRESENTATION_CONTEXT('2D SPACE',''
  ) );
#12223 = ORIENTED_EDGE('',*,*,#12224,.T.);
#12224 = EDGE_CURVE('',#12202,#12225,#12227,.T.);
#12225 = VERTEX_POINT('',#12226);
#12226 = CARTESIAN_POINT('',(2.86,-37.78,9.95));
#12227 = SURFACE_CURVE('',#12228,(#12232,#12239),.PCURVE_S1.);
#12228 = LINE('',#12229,#12230);
#12229 = CARTESIAN_POINT('',(2.86,-37.78,-2.84));
#12230 = VECTOR('',#12231,1.);
#12231 = DIRECTION('',(0.,0.,1.));
#12232 = PCURVE('',#12182,#12233);
#12233 = DEFINITIONAL_REPRESENTATION('',(#12234),#12238);
#12234 = LINE('',#12235,#12236);
#12235 = CARTESIAN_POINT('',(0.,-0.64));
#12236 = VECTOR('',#12237,1.);
#12237 = DIRECTION('',(1.,0.));
#12238 = ( GEOMETRIC_REPRESENTATION_CONTEXT(2) 
PARAMETRIC_REPRESENTATION_CONTEXT() REPRESENTATION_CONTEXT('2D SPACE',''
  ) );
#12239 = PCURVE('',#12130,#12240);
#12240 = DEFINITIONAL_REPRESENTATION('',(#12241),#12245);
#12241 = LINE('',#12242,#12243);
#12242 = CARTESIAN_POINT('',(0.,0.64));
#12243 = VECTOR('',#12244,1.);
#12244 = DIRECTION('',(1.,0.));
#12245 = ( GEOMETRIC_REPRESENTATION_CONTEXT(2) 
PARAMETRIC_REPRESENTATION_CONTEXT() REPRESENTATION_CONTEXT('2D SPACE',''
  ) );
#12246 = ORIENTED_EDGE('',*,*,#12247,.F.);
#12247 = EDGE_CURVE('',#12174,#12225,#12248,.T.);
#12248 = SURFACE_CURVE('',#12249,(#12253,#12260),.PCURVE_S1.);
#12249 = LINE('',#12250,#12251);
#12250 = CARTESIAN_POINT('',(2.86,-38.42,9.95));
#12251 = VECTOR('',#12252,1.);
#12252 = DIRECTION('',(-0.,1.,0.));
#12253 = PCURVE('',#12182,#12254);
#12254 = DEFINITIONAL_REPRESENTATION('',(#12255),#12259);
#12255 = LINE('',#12256,#12257);
#12256 = CARTESIAN_POINT('',(12.79,0.));
#12257 = VECTOR('',#12258,1.);
#12258 = DIRECTION('',(0.,-1.));
#12259 = ( GEOMETRIC_REPRESENTATION_CONTEXT(2) 
PARAMETRIC_REPRESENTATION_CONTEXT() REPRESENTATION_CONTEXT('2D SPACE',''
  ) );
#12260 = PCURVE('',#12156,#12261);
#12261 = DEFINITIONAL_REPRESENTATION('',(#12262),#12266);
#12262 = LINE('',#12263,#12264);
#12263 = CARTESIAN_POINT('',(0.64,0.));
#12264 = VECTOR('',#12265,1.);
#12265 = DIRECTION('',(0.,1.));
#12266 = ( GEOMETRIC_REPRESENTATION_CONTEXT(2) 
PARAMETRIC_REPRESENTATION_CONTEXT() REPRESENTATION_CONTEXT('2D SPACE',''
  ) );
#12267 = ADVANCED_FACE('',(#12268),#12074,.F.);
#12268 = FACE_BOUND('',#12269,.F.);
#12269 = EDGE_LOOP('',(#12270,#12291,#12292,#12313));
#12270 = ORIENTED_EDGE('',*,*,#12271,.F.);
#12271 = EDGE_CURVE('',#12052,#12172,#12272,.T.);
#12272 = SURFACE_CURVE('',#12273,(#12277,#12284),.PCURVE_S1.);
#12273 = LINE('',#12274,#12275);
#12274 = CARTESIAN_POINT('',(2.22,-38.42,-2.84));
#12275 = VECTOR('',#12276,1.);
#12276 = DIRECTION('',(1.,0.,-0.));
#12277 = PCURVE('',#12074,#12278);
#12278 = DEFINITIONAL_REPRESENTATION('',(#12279),#12283);
#12279 = LINE('',#12280,#12281);
#12280 = CARTESIAN_POINT('',(0.,0.));
#12281 = VECTOR('',#12282,1.);
#12282 = DIRECTION('',(0.,1.));
#12283 = ( GEOMETRIC_REPRESENTATION_CONTEXT(2) 
PARAMETRIC_REPRESENTATION_CONTEXT() REPRESENTATION_CONTEXT('2D SPACE',''
  ) );
#12284 = PCURVE('',#12102,#12285);
#12285 = DEFINITIONAL_REPRESENTATION('',(#12286),#12290);
#12286 = LINE('',#12287,#12288);
#12287 = CARTESIAN_POINT('',(0.,0.));
#12288 = VECTOR('',#12289,1.);
#12289 = DIRECTION('',(1.,0.));
#12290 = ( GEOMETRIC_REPRESENTATION_CONTEXT(2) 
PARAMETRIC_REPRESENTATION_CONTEXT() REPRESENTATION_CONTEXT('2D SPACE',''
  ) );
#12291 = ORIENTED_EDGE('',*,*,#12051,.T.);
#12292 = ORIENTED_EDGE('',*,*,#12293,.T.);
#12293 = EDGE_CURVE('',#12054,#12174,#12294,.T.);
#12294 = SURFACE_CURVE('',#12295,(#12299,#12306),.PCURVE_S1.);
#12295 = LINE('',#12296,#12297);
#12296 = CARTESIAN_POINT('',(2.22,-38.42,9.95));
#12297 = VECTOR('',#12298,1.);
#12298 = DIRECTION('',(1.,0.,-0.));
#12299 = PCURVE('',#12074,#12300);
#12300 = DEFINITIONAL_REPRESENTATION('',(#12301),#12305);
#12301 = LINE('',#12302,#12303);
#12302 = CARTESIAN_POINT('',(12.79,0.));
#12303 = VECTOR('',#12304,1.);
#12304 = DIRECTION('',(0.,1.));
#12305 = ( GEOMETRIC_REPRESENTATION_CONTEXT(2) 
PARAMETRIC_REPRESENTATION_CONTEXT() REPRESENTATION_CONTEXT('2D SPACE',''
  ) );
#12306 = PCURVE('',#12156,#12307);
#12307 = DEFINITIONAL_REPRESENTATION('',(#12308),#12312);
#12308 = LINE('',#12309,#12310);
#12309 = CARTESIAN_POINT('',(0.,0.));
#12310 = VECTOR('',#12311,1.);
#12311 = DIRECTION('',(1.,0.));
#12312 = ( GEOMETRIC_REPRESENTATION_CONTEXT(2) 
PARAMETRIC_REPRESENTATION_CONTEXT() REPRESENTATION_CONTEXT('2D SPACE',''
  ) );
#12313 = ORIENTED_EDGE('',*,*,#12171,.F.);
#12314 = ADVANCED_FACE('',(#12315),#12130,.T.);
#12315 = FACE_BOUND('',#12316,.T.);
#12316 = EDGE_LOOP('',(#12317,#12338,#12339,#12360));
#12317 = ORIENTED_EDGE('',*,*,#12318,.F.);
#12318 = EDGE_CURVE('',#12087,#12202,#12319,.T.);
#12319 = SURFACE_CURVE('',#12320,(#12324,#12331),.PCURVE_S1.);
#12320 = LINE('',#12321,#12322);
#12321 = CARTESIAN_POINT('',(2.22,-37.78,-2.84));
#12322 = VECTOR('',#12323,1.);
#12323 = DIRECTION('',(1.,0.,-0.));
#12324 = PCURVE('',#12130,#12325);
#12325 = DEFINITIONAL_REPRESENTATION('',(#12326),#12330);
#12326 = LINE('',#12327,#12328);
#12327 = CARTESIAN_POINT('',(0.,0.));
#12328 = VECTOR('',#12329,1.);
#12329 = DIRECTION('',(0.,1.));
#12330 = ( GEOMETRIC_REPRESENTATION_CONTEXT(2) 
PARAMETRIC_REPRESENTATION_CONTEXT() REPRESENTATION_CONTEXT('2D SPACE',''
  ) );
#12331 = PCURVE('',#12102,#12332);
#12332 = DEFINITIONAL_REPRESENTATION('',(#12333),#12337);
#12333 = LINE('',#12334,#12335);
#12334 = CARTESIAN_POINT('',(0.,0.64));
#12335 = VECTOR('',#12336,1.);
#12336 = DIRECTION('',(1.,0.));
#12337 = ( GEOMETRIC_REPRESENTATION_CONTEXT(2) 
PARAMETRIC_REPRESENTATION_CONTEXT() REPRESENTATION_CONTEXT('2D SPACE',''
  ) );
#12338 = ORIENTED_EDGE('',*,*,#12114,.T.);
#12339 = ORIENTED_EDGE('',*,*,#12340,.T.);
#12340 = EDGE_CURVE('',#12115,#12225,#12341,.T.);
#12341 = SURFACE_CURVE('',#12342,(#12346,#12353),.PCURVE_S1.);
#12342 = LINE('',#12343,#12344);
#12343 = CARTESIAN_POINT('',(2.22,-37.78,9.95));
#12344 = VECTOR('',#12345,1.);
#12345 = DIRECTION('',(1.,0.,-0.));
#12346 = PCURVE('',#12130,#12347);
#12347 = DEFINITIONAL_REPRESENTATION('',(#12348),#12352);
#12348 = LINE('',#12349,#12350);
#12349 = CARTESIAN_POINT('',(12.79,0.));
#12350 = VECTOR('',#12351,1.);
#12351 = DIRECTION('',(0.,1.));
#12352 = ( GEOMETRIC_REPRESENTATION_CONTEXT(2) 
PARAMETRIC_REPRESENTATION_CONTEXT() REPRESENTATION_CONTEXT('2D SPACE',''
  ) );
#12353 = PCURVE('',#12156,#12354);
#12354 = DEFINITIONAL_REPRESENTATION('',(#12355),#12359);
#12355 = LINE('',#12356,#12357);
#12356 = CARTESIAN_POINT('',(0.,0.64));
#12357 = VECTOR('',#12358,1.);
#12358 = DIRECTION('',(1.,0.));
#12359 = ( GEOMETRIC_REPRESENTATION_CONTEXT(2) 
PARAMETRIC_REPRESENTATION_CONTEXT() REPRESENTATION_CONTEXT('2D SPACE',''
  ) );
#12360 = ORIENTED_EDGE('',*,*,#12224,.F.);
#12361 = ADVANCED_FACE('',(#12362),#12102,.F.);
#12362 = FACE_BOUND('',#12363,.F.);
#12363 = EDGE_LOOP('',(#12364,#12365,#12366,#12367));
#12364 = ORIENTED_EDGE('',*,*,#12086,.F.);
#12365 = ORIENTED_EDGE('',*,*,#12271,.T.);
#12366 = ORIENTED_EDGE('',*,*,#12201,.T.);
#12367 = ORIENTED_EDGE('',*,*,#12318,.F.);
#12368 = ADVANCED_FACE('',(#12369),#12156,.T.);
#12369 = FACE_BOUND('',#12370,.T.);
#12370 = EDGE_LOOP('',(#12371,#12372,#12373,#12374));
#12371 = ORIENTED_EDGE('',*,*,#12142,.F.);
#12372 = ORIENTED_EDGE('',*,*,#12293,.T.);
#12373 = ORIENTED_EDGE('',*,*,#12247,.T.);
#12374 = ORIENTED_EDGE('',*,*,#12340,.F.);
#12375 = ( GEOMETRIC_REPRESENTATION_CONTEXT(3) 
GLOBAL_UNCERTAINTY_ASSIGNED_CONTEXT((#12379)) 
GLOBAL_UNIT_ASSIGNED_CONTEXT((#12376,#12377,#12378)) 
REPRESENTATION_CONTEXT('Context #1',
  '3D Context with UNIT and UNCERTAINTY') );
#12376 = ( LENGTH_UNIT() NAMED_UNIT(*) SI_UNIT(.MILLI.,.METRE.) );
#12377 = ( NAMED_UNIT(*) PLANE_ANGLE_UNIT() SI_UNIT($,.RADIAN.) );
#12378 = ( NAMED_UNIT(*) SI_UNIT($,.STERADIAN.) SOLID_ANGLE_UNIT() );
#12379 = UNCERTAINTY_MEASURE_WITH_UNIT(LENGTH_MEASURE(1.E-07),#12376,
  'distance_accuracy_value','confusion accuracy');
#12380 = CONTEXT_DEPENDENT_SHAPE_REPRESENTATION(#12381,#12383);
#12381 = ( REPRESENTATION_RELATIONSHIP('','',#12044,#10) 
REPRESENTATION_RELATIONSHIP_WITH_TRANSFORMATION(#12382) 
SHAPE_REPRESENTATION_RELATIONSHIP() );
#12382 = ITEM_DEFINED_TRANSFORMATION('','',#11,#143);
#12383 = PRODUCT_DEFINITION_SHAPE('Placement','Placement of an item',
  #12384);
#12384 = NEXT_ASSEMBLY_USAGE_OCCURRENCE('327','','',#5,#12039,$);
#12385 = PRODUCT_RELATED_PRODUCT_CATEGORY('part',$,(#12041));
#12386 = SHAPE_DEFINITION_REPRESENTATION(#12387,#12393);
#12387 = PRODUCT_DEFINITION_SHAPE('','',#12388);
#12388 = PRODUCT_DEFINITION('design','',#12389,#12392);
#12389 = PRODUCT_DEFINITION_FORMATION('','',#12390);
#12390 = PRODUCT('Open CASCADE STEP translator 7.9 22.34',
  'Open CASCADE STEP translator 7.9 22.34','',(#12391));
#12391 = PRODUCT_CONTEXT('',#2,'mechanical');
#12392 = PRODUCT_DEFINITION_CONTEXT('part definition',#2,'design');
#12393 = ADVANCED_BREP_SHAPE_REPRESENTATION('',(#11,#12394),#12724);
#12394 = MANIFOLD_SOLID_BREP('',#12395);
#12395 = CLOSED_SHELL('',(#12396,#12516,#12616,#12663,#12710,#12717));
#12396 = ADVANCED_FACE('',(#12397),#12411,.F.);
#12397 = FACE_BOUND('',#12398,.F.);
#12398 = EDGE_LOOP('',(#12399,#12434,#12462,#12490));
#12399 = ORIENTED_EDGE('',*,*,#12400,.F.);
#12400 = EDGE_CURVE('',#12401,#12403,#12405,.T.);
#12401 = VERTEX_POINT('',#12402);
#12402 = CARTESIAN_POINT('',(-0.32,-40.96,-2.84));
#12403 = VERTEX_POINT('',#12404);
#12404 = CARTESIAN_POINT('',(-0.32,-40.96,9.95));
#12405 = SURFACE_CURVE('',#12406,(#12410,#12422),.PCURVE_S1.);
#12406 = LINE('',#12407,#12408);
#12407 = CARTESIAN_POINT('',(-0.32,-40.96,-2.84));
#12408 = VECTOR('',#12409,1.);
#12409 = DIRECTION('',(0.,0.,1.));
#12410 = PCURVE('',#12411,#12416);
#12411 = PLANE('',#12412);
#12412 = AXIS2_PLACEMENT_3D('',#12413,#12414,#12415);
#12413 = CARTESIAN_POINT('',(-0.32,-40.96,-2.84));
#12414 = DIRECTION('',(1.,0.,-0.));
#12415 = DIRECTION('',(0.,0.,1.));
#12416 = DEFINITIONAL_REPRESENTATION('',(#12417),#12421);
#12417 = LINE('',#12418,#12419);
#12418 = CARTESIAN_POINT('',(0.,0.));
#12419 = VECTOR('',#12420,1.);
#12420 = DIRECTION('',(1.,0.));
#12421 = ( GEOMETRIC_REPRESENTATION_CONTEXT(2) 
PARAMETRIC_REPRESENTATION_CONTEXT() REPRESENTATION_CONTEXT('2D SPACE',''
  ) );
#12422 = PCURVE('',#12423,#12428);
#12423 = PLANE('',#12424);
#12424 = AXIS2_PLACEMENT_3D('',#12425,#12426,#12427);
#12425 = CARTESIAN_POINT('',(-0.32,-40.96,-2.84));
#12426 = DIRECTION('',(-0.,1.,0.));
#12427 = DIRECTION('',(0.,0.,1.));
#12428 = DEFINITIONAL_REPRESENTATION('',(#12429),#12433);
#12429 = LINE('',#12430,#12431);
#12430 = CARTESIAN_POINT('',(0.,0.));
#12431 = VECTOR('',#12432,1.);
#12432 = DIRECTION('',(1.,0.));
#12433 = ( GEOMETRIC_REPRESENTATION_CONTEXT(2) 
PARAMETRIC_REPRESENTATION_CONTEXT() REPRESENTATION_CONTEXT('2D SPACE',''
  ) );
#12434 = ORIENTED_EDGE('',*,*,#12435,.T.);
#12435 = EDGE_CURVE('',#12401,#12436,#12438,.T.);
#12436 = VERTEX_POINT('',#12437);
#12437 = CARTESIAN_POINT('',(-0.32,-40.32,-2.84));
#12438 = SURFACE_CURVE('',#12439,(#12443,#12450),.PCURVE_S1.);
#12439 = LINE('',#12440,#12441);
#12440 = CARTESIAN_POINT('',(-0.32,-40.96,-2.84));
#12441 = VECTOR('',#12442,1.);
#12442 = DIRECTION('',(-0.,1.,0.));
#12443 = PCURVE('',#12411,#12444);
#12444 = DEFINITIONAL_REPRESENTATION('',(#12445),#12449);
#12445 = LINE('',#12446,#12447);
#12446 = CARTESIAN_POINT('',(0.,0.));
#12447 = VECTOR('',#12448,1.);
#12448 = DIRECTION('',(0.,-1.));
#12449 = ( GEOMETRIC_REPRESENTATION_CONTEXT(2) 
PARAMETRIC_REPRESENTATION_CONTEXT() REPRESENTATION_CONTEXT('2D SPACE',''
  ) );
#12450 = PCURVE('',#12451,#12456);
#12451 = PLANE('',#12452);
#12452 = AXIS2_PLACEMENT_3D('',#12453,#12454,#12455);
#12453 = CARTESIAN_POINT('',(-0.32,-40.96,-2.84));
#12454 = DIRECTION('',(0.,0.,1.));
#12455 = DIRECTION('',(1.,0.,-0.));
#12456 = DEFINITIONAL_REPRESENTATION('',(#12457),#12461);
#12457 = LINE('',#12458,#12459);
#12458 = CARTESIAN_POINT('',(0.,0.));
#12459 = VECTOR('',#12460,1.);
#12460 = DIRECTION('',(0.,1.));
#12461 = ( GEOMETRIC_REPRESENTATION_CONTEXT(2) 
PARAMETRIC_REPRESENTATION_CONTEXT() REPRESENTATION_CONTEXT('2D SPACE',''
  ) );
#12462 = ORIENTED_EDGE('',*,*,#12463,.T.);
#12463 = EDGE_CURVE('',#12436,#12464,#12466,.T.);
#12464 = VERTEX_POINT('',#12465);
#12465 = CARTESIAN_POINT('',(-0.32,-40.32,9.95));
#12466 = SURFACE_CURVE('',#12467,(#12471,#12478),.PCURVE_S1.);
#12467 = LINE('',#12468,#12469);
#12468 = CARTESIAN_POINT('',(-0.32,-40.32,-2.84));
#12469 = VECTOR('',#12470,1.);
#12470 = DIRECTION('',(0.,0.,1.));
#12471 = PCURVE('',#12411,#12472);
#12472 = DEFINITIONAL_REPRESENTATION('',(#12473),#12477);
#12473 = LINE('',#12474,#12475);
#12474 = CARTESIAN_POINT('',(0.,-0.64));
#12475 = VECTOR('',#12476,1.);
#12476 = DIRECTION('',(1.,0.));
#12477 = ( GEOMETRIC_REPRESENTATION_CONTEXT(2) 
PARAMETRIC_REPRESENTATION_CONTEXT() REPRESENTATION_CONTEXT('2D SPACE',''
  ) );
#12478 = PCURVE('',#12479,#12484);
#12479 = PLANE('',#12480);
#12480 = AXIS2_PLACEMENT_3D('',#12481,#12482,#12483);
#12481 = CARTESIAN_POINT('',(-0.32,-40.32,-2.84));
#12482 = DIRECTION('',(-0.,1.,0.));
#12483 = DIRECTION('',(0.,0.,1.));
#12484 = DEFINITIONAL_REPRESENTATION('',(#12485),#12489);
#12485 = LINE('',#12486,#12487);
#12486 = CARTESIAN_POINT('',(0.,0.));
#12487 = VECTOR('',#12488,1.);
#12488 = DIRECTION('',(1.,0.));
#12489 = ( GEOMETRIC_REPRESENTATION_CONTEXT(2) 
PARAMETRIC_REPRESENTATION_CONTEXT() REPRESENTATION_CONTEXT('2D SPACE',''
  ) );
#12490 = ORIENTED_EDGE('',*,*,#12491,.F.);
#12491 = EDGE_CURVE('',#12403,#12464,#12492,.T.);
#12492 = SURFACE_CURVE('',#12493,(#12497,#12504),.PCURVE_S1.);
#12493 = LINE('',#12494,#12495);
#12494 = CARTESIAN_POINT('',(-0.32,-40.96,9.95));
#12495 = VECTOR('',#12496,1.);
#12496 = DIRECTION('',(-0.,1.,0.));
#12497 = PCURVE('',#12411,#12498);
#12498 = DEFINITIONAL_REPRESENTATION('',(#12499),#12503);
#12499 = LINE('',#12500,#12501);
#12500 = CARTESIAN_POINT('',(12.79,0.));
#12501 = VECTOR('',#12502,1.);
#12502 = DIRECTION('',(0.,-1.));
#12503 = ( GEOMETRIC_REPRESENTATION_CONTEXT(2) 
PARAMETRIC_REPRESENTATION_CONTEXT() REPRESENTATION_CONTEXT('2D SPACE',''
  ) );
#12504 = PCURVE('',#12505,#12510);
#12505 = PLANE('',#12506);
#12506 = AXIS2_PLACEMENT_3D('',#12507,#12508,#12509);
#12507 = CARTESIAN_POINT('',(-0.32,-40.96,9.95));
#12508 = DIRECTION('',(0.,0.,1.));
#12509 = DIRECTION('',(1.,0.,-0.));
#12510 = DEFINITIONAL_REPRESENTATION('',(#12511),#12515);
#12511 = LINE('',#12512,#12513);
#12512 = CARTESIAN_POINT('',(0.,0.));
#12513 = VECTOR('',#12514,1.);
#12514 = DIRECTION('',(0.,1.));
#12515 = ( GEOMETRIC_REPRESENTATION_CONTEXT(2) 
PARAMETRIC_REPRESENTATION_CONTEXT() REPRESENTATION_CONTEXT('2D SPACE',''
  ) );
#12516 = ADVANCED_FACE('',(#12517),#12531,.T.);
#12517 = FACE_BOUND('',#12518,.T.);
#12518 = EDGE_LOOP('',(#12519,#12549,#12572,#12595));
#12519 = ORIENTED_EDGE('',*,*,#12520,.F.);
#12520 = EDGE_CURVE('',#12521,#12523,#12525,.T.);
#12521 = VERTEX_POINT('',#12522);
#12522 = CARTESIAN_POINT('',(0.32,-40.96,-2.84));
#12523 = VERTEX_POINT('',#12524);
#12524 = CARTESIAN_POINT('',(0.32,-40.96,9.95));
#12525 = SURFACE_CURVE('',#12526,(#12530,#12542),.PCURVE_S1.);
#12526 = LINE('',#12527,#12528);
#12527 = CARTESIAN_POINT('',(0.32,-40.96,-2.84));
#12528 = VECTOR('',#12529,1.);
#12529 = DIRECTION('',(0.,0.,1.));
#12530 = PCURVE('',#12531,#12536);
#12531 = PLANE('',#12532);
#12532 = AXIS2_PLACEMENT_3D('',#12533,#12534,#12535);
#12533 = CARTESIAN_POINT('',(0.32,-40.96,-2.84));
#12534 = DIRECTION('',(1.,0.,-0.));
#12535 = DIRECTION('',(0.,0.,1.));
#12536 = DEFINITIONAL_REPRESENTATION('',(#12537),#12541);
#12537 = LINE('',#12538,#12539);
#12538 = CARTESIAN_POINT('',(0.,0.));
#12539 = VECTOR('',#12540,1.);
#12540 = DIRECTION('',(1.,0.));
#12541 = ( GEOMETRIC_REPRESENTATION_CONTEXT(2) 
PARAMETRIC_REPRESENTATION_CONTEXT() REPRESENTATION_CONTEXT('2D SPACE',''
  ) );
#12542 = PCURVE('',#12423,#12543);
#12543 = DEFINITIONAL_REPRESENTATION('',(#12544),#12548);
#12544 = LINE('',#12545,#12546);
#12545 = CARTESIAN_POINT('',(0.,0.64));
#12546 = VECTOR('',#12547,1.);
#12547 = DIRECTION('',(1.,0.));
#12548 = ( GEOMETRIC_REPRESENTATION_CONTEXT(2) 
PARAMETRIC_REPRESENTATION_CONTEXT() REPRESENTATION_CONTEXT('2D SPACE',''
  ) );
#12549 = ORIENTED_EDGE('',*,*,#12550,.T.);
#12550 = EDGE_CURVE('',#12521,#12551,#12553,.T.);
#12551 = VERTEX_POINT('',#12552);
#12552 = CARTESIAN_POINT('',(0.32,-40.32,-2.84));
#12553 = SURFACE_CURVE('',#12554,(#12558,#12565),.PCURVE_S1.);
#12554 = LINE('',#12555,#12556);
#12555 = CARTESIAN_POINT('',(0.32,-40.96,-2.84));
#12556 = VECTOR('',#12557,1.);
#12557 = DIRECTION('',(-0.,1.,0.));
#12558 = PCURVE('',#12531,#12559);
#12559 = DEFINITIONAL_REPRESENTATION('',(#12560),#12564);
#12560 = LINE('',#12561,#12562);
#12561 = CARTESIAN_POINT('',(0.,0.));
#12562 = VECTOR('',#12563,1.);
#12563 = DIRECTION('',(0.,-1.));
#12564 = ( GEOMETRIC_REPRESENTATION_CONTEXT(2) 
PARAMETRIC_REPRESENTATION_CONTEXT() REPRESENTATION_CONTEXT('2D SPACE',''
  ) );
#12565 = PCURVE('',#12451,#12566);
#12566 = DEFINITIONAL_REPRESENTATION('',(#12567),#12571);
#12567 = LINE('',#12568,#12569);
#12568 = CARTESIAN_POINT('',(0.64,0.));
#12569 = VECTOR('',#12570,1.);
#12570 = DIRECTION('',(0.,1.));
#12571 = ( GEOMETRIC_REPRESENTATION_CONTEXT(2) 
PARAMETRIC_REPRESENTATION_CONTEXT() REPRESENTATION_CONTEXT('2D SPACE',''
  ) );
#12572 = ORIENTED_EDGE('',*,*,#12573,.T.);
#12573 = EDGE_CURVE('',#12551,#12574,#12576,.T.);
#12574 = VERTEX_POINT('',#12575);
#12575 = CARTESIAN_POINT('',(0.32,-40.32,9.95));
#12576 = SURFACE_CURVE('',#12577,(#12581,#12588),.PCURVE_S1.);
#12577 = LINE('',#12578,#12579);
#12578 = CARTESIAN_POINT('',(0.32,-40.32,-2.84));
#12579 = VECTOR('',#12580,1.);
#12580 = DIRECTION('',(0.,0.,1.));
#12581 = PCURVE('',#12531,#12582);
#12582 = DEFINITIONAL_REPRESENTATION('',(#12583),#12587);
#12583 = LINE('',#12584,#12585);
#12584 = CARTESIAN_POINT('',(0.,-0.64));
#12585 = VECTOR('',#12586,1.);
#12586 = DIRECTION('',(1.,0.));
#12587 = ( GEOMETRIC_REPRESENTATION_CONTEXT(2) 
PARAMETRIC_REPRESENTATION_CONTEXT() REPRESENTATION_CONTEXT('2D SPACE',''
  ) );
#12588 = PCURVE('',#12479,#12589);
#12589 = DEFINITIONAL_REPRESENTATION('',(#12590),#12594);
#12590 = LINE('',#12591,#12592);
#12591 = CARTESIAN_POINT('',(0.,0.64));
#12592 = VECTOR('',#12593,1.);
#12593 = DIRECTION('',(1.,0.));
#12594 = ( GEOMETRIC_REPRESENTATION_CONTEXT(2) 
PARAMETRIC_REPRESENTATION_CONTEXT() REPRESENTATION_CONTEXT('2D SPACE',''
  ) );
#12595 = ORIENTED_EDGE('',*,*,#12596,.F.);
#12596 = EDGE_CURVE('',#12523,#12574,#12597,.T.);
#12597 = SURFACE_CURVE('',#12598,(#12602,#12609),.PCURVE_S1.);
#12598 = LINE('',#12599,#12600);
#12599 = CARTESIAN_POINT('',(0.32,-40.96,9.95));
#12600 = VECTOR('',#12601,1.);
#12601 = DIRECTION('',(-0.,1.,0.));
#12602 = PCURVE('',#12531,#12603);
#12603 = DEFINITIONAL_REPRESENTATION('',(#12604),#12608);
#12604 = LINE('',#12605,#12606);
#12605 = CARTESIAN_POINT('',(12.79,0.));
#12606 = VECTOR('',#12607,1.);
#12607 = DIRECTION('',(0.,-1.));
#12608 = ( GEOMETRIC_REPRESENTATION_CONTEXT(2) 
PARAMETRIC_REPRESENTATION_CONTEXT() REPRESENTATION_CONTEXT('2D SPACE',''
  ) );
#12609 = PCURVE('',#12505,#12610);
#12610 = DEFINITIONAL_REPRESENTATION('',(#12611),#12615);
#12611 = LINE('',#12612,#12613);
#12612 = CARTESIAN_POINT('',(0.64,0.));
#12613 = VECTOR('',#12614,1.);
#12614 = DIRECTION('',(0.,1.));
#12615 = ( GEOMETRIC_REPRESENTATION_CONTEXT(2) 
PARAMETRIC_REPRESENTATION_CONTEXT() REPRESENTATION_CONTEXT('2D SPACE',''
  ) );
#12616 = ADVANCED_FACE('',(#12617),#12423,.F.);
#12617 = FACE_BOUND('',#12618,.F.);
#12618 = EDGE_LOOP('',(#12619,#12640,#12641,#12662));
#12619 = ORIENTED_EDGE('',*,*,#12620,.F.);
#12620 = EDGE_CURVE('',#12401,#12521,#12621,.T.);
#12621 = SURFACE_CURVE('',#12622,(#12626,#12633),.PCURVE_S1.);
#12622 = LINE('',#12623,#12624);
#12623 = CARTESIAN_POINT('',(-0.32,-40.96,-2.84));
#12624 = VECTOR('',#12625,1.);
#12625 = DIRECTION('',(1.,0.,-0.));
#12626 = PCURVE('',#12423,#12627);
#12627 = DEFINITIONAL_REPRESENTATION('',(#12628),#12632);
#12628 = LINE('',#12629,#12630);
#12629 = CARTESIAN_POINT('',(0.,0.));
#12630 = VECTOR('',#12631,1.);
#12631 = DIRECTION('',(0.,1.));
#12632 = ( GEOMETRIC_REPRESENTATION_CONTEXT(2) 
PARAMETRIC_REPRESENTATION_CONTEXT() REPRESENTATION_CONTEXT('2D SPACE',''
  ) );
#12633 = PCURVE('',#12451,#12634);
#12634 = DEFINITIONAL_REPRESENTATION('',(#12635),#12639);
#12635 = LINE('',#12636,#12637);
#12636 = CARTESIAN_POINT('',(0.,0.));
#12637 = VECTOR('',#12638,1.);
#12638 = DIRECTION('',(1.,0.));
#12639 = ( GEOMETRIC_REPRESENTATION_CONTEXT(2) 
PARAMETRIC_REPRESENTATION_CONTEXT() REPRESENTATION_CONTEXT('2D SPACE',''
  ) );
#12640 = ORIENTED_EDGE('',*,*,#12400,.T.);
#12641 = ORIENTED_EDGE('',*,*,#12642,.T.);
#12642 = EDGE_CURVE('',#12403,#12523,#12643,.T.);
#12643 = SURFACE_CURVE('',#12644,(#12648,#12655),.PCURVE_S1.);
#12644 = LINE('',#12645,#12646);
#12645 = CARTESIAN_POINT('',(-0.32,-40.96,9.95));
#12646 = VECTOR('',#12647,1.);
#12647 = DIRECTION('',(1.,0.,-0.));
#12648 = PCURVE('',#12423,#12649);
#12649 = DEFINITIONAL_REPRESENTATION('',(#12650),#12654);
#12650 = LINE('',#12651,#12652);
#12651 = CARTESIAN_POINT('',(12.79,0.));
#12652 = VECTOR('',#12653,1.);
#12653 = DIRECTION('',(0.,1.));
#12654 = ( GEOMETRIC_REPRESENTATION_CONTEXT(2) 
PARAMETRIC_REPRESENTATION_CONTEXT() REPRESENTATION_CONTEXT('2D SPACE',''
  ) );
#12655 = PCURVE('',#12505,#12656);
#12656 = DEFINITIONAL_REPRESENTATION('',(#12657),#12661);
#12657 = LINE('',#12658,#12659);
#12658 = CARTESIAN_POINT('',(0.,0.));
#12659 = VECTOR('',#12660,1.);
#12660 = DIRECTION('',(1.,0.));
#12661 = ( GEOMETRIC_REPRESENTATION_CONTEXT(2) 
PARAMETRIC_REPRESENTATION_CONTEXT() REPRESENTATION_CONTEXT('2D SPACE',''
  ) );
#12662 = ORIENTED_EDGE('',*,*,#12520,.F.);
#12663 = ADVANCED_FACE('',(#12664),#12479,.T.);
#12664 = FACE_BOUND('',#12665,.T.);
#12665 = EDGE_LOOP('',(#12666,#12687,#12688,#12709));
#12666 = ORIENTED_EDGE('',*,*,#12667,.F.);
#12667 = EDGE_CURVE('',#12436,#12551,#12668,.T.);
#12668 = SURFACE_CURVE('',#12669,(#12673,#12680),.PCURVE_S1.);
#12669 = LINE('',#12670,#12671);
#12670 = CARTESIAN_POINT('',(-0.32,-40.32,-2.84));
#12671 = VECTOR('',#12672,1.);
#12672 = DIRECTION('',(1.,0.,-0.));
#12673 = PCURVE('',#12479,#12674);
#12674 = DEFINITIONAL_REPRESENTATION('',(#12675),#12679);
#12675 = LINE('',#12676,#12677);
#12676 = CARTESIAN_POINT('',(0.,0.));
#12677 = VECTOR('',#12678,1.);
#12678 = DIRECTION('',(0.,1.));
#12679 = ( GEOMETRIC_REPRESENTATION_CONTEXT(2) 
PARAMETRIC_REPRESENTATION_CONTEXT() REPRESENTATION_CONTEXT('2D SPACE',''
  ) );
#12680 = PCURVE('',#12451,#12681);
#12681 = DEFINITIONAL_REPRESENTATION('',(#12682),#12686);
#12682 = LINE('',#12683,#12684);
#12683 = CARTESIAN_POINT('',(0.,0.64));
#12684 = VECTOR('',#12685,1.);
#12685 = DIRECTION('',(1.,0.));
#12686 = ( GEOMETRIC_REPRESENTATION_CONTEXT(2) 
PARAMETRIC_REPRESENTATION_CONTEXT() REPRESENTATION_CONTEXT('2D SPACE',''
  ) );
#12687 = ORIENTED_EDGE('',*,*,#12463,.T.);
#12688 = ORIENTED_EDGE('',*,*,#12689,.T.);
#12689 = EDGE_CURVE('',#12464,#12574,#12690,.T.);
#12690 = SURFACE_CURVE('',#12691,(#12695,#12702),.PCURVE_S1.);
#12691 = LINE('',#12692,#12693);
#12692 = CARTESIAN_POINT('',(-0.32,-40.32,9.95));
#12693 = VECTOR('',#12694,1.);
#12694 = DIRECTION('',(1.,0.,-0.));
#12695 = PCURVE('',#12479,#12696);
#12696 = DEFINITIONAL_REPRESENTATION('',(#12697),#12701);
#12697 = LINE('',#12698,#12699);
#12698 = CARTESIAN_POINT('',(12.79,0.));
#12699 = VECTOR('',#12700,1.);
#12700 = DIRECTION('',(0.,1.));
#12701 = ( GEOMETRIC_REPRESENTATION_CONTEXT(2) 
PARAMETRIC_REPRESENTATION_CONTEXT() REPRESENTATION_CONTEXT('2D SPACE',''
  ) );
#12702 = PCURVE('',#12505,#12703);
#12703 = DEFINITIONAL_REPRESENTATION('',(#12704),#12708);
#12704 = LINE('',#12705,#12706);
#12705 = CARTESIAN_POINT('',(0.,0.64));
#12706 = VECTOR('',#12707,1.);
#12707 = DIRECTION('',(1.,0.));
#12708 = ( GEOMETRIC_REPRESENTATION_CONTEXT(2) 
PARAMETRIC_REPRESENTATION_CONTEXT() REPRESENTATION_CONTEXT('2D SPACE',''
  ) );
#12709 = ORIENTED_EDGE('',*,*,#12573,.F.);
#12710 = ADVANCED_FACE('',(#12711),#12451,.F.);
#12711 = FACE_BOUND('',#12712,.F.);
#12712 = EDGE_LOOP('',(#12713,#12714,#12715,#12716));
#12713 = ORIENTED_EDGE('',*,*,#12435,.F.);
#12714 = ORIENTED_EDGE('',*,*,#12620,.T.);
#12715 = ORIENTED_EDGE('',*,*,#12550,.T.);
#12716 = ORIENTED_EDGE('',*,*,#12667,.F.);
#12717 = ADVANCED_FACE('',(#12718),#12505,.T.);
#12718 = FACE_BOUND('',#12719,.T.);
#12719 = EDGE_LOOP('',(#12720,#12721,#12722,#12723));
#12720 = ORIENTED_EDGE('',*,*,#12491,.F.);
#12721 = ORIENTED_EDGE('',*,*,#12642,.T.);
#12722 = ORIENTED_EDGE('',*,*,#12596,.T.);
#12723 = ORIENTED_EDGE('',*,*,#12689,.F.);
#12724 = ( GEOMETRIC_REPRESENTATION_CONTEXT(3) 
GLOBAL_UNCERTAINTY_ASSIGNED_CONTEXT((#12728)) 
GLOBAL_UNIT_ASSIGNED_CONTEXT((#12725,#12726,#12727)) 
REPRESENTATION_CONTEXT('Context #1',
  '3D Context with UNIT and UNCERTAINTY') );
#12725 = ( LENGTH_UNIT() NAMED_UNIT(*) SI_UNIT(.MILLI.,.METRE.) );
#12726 = ( NAMED_UNIT(*) PLANE_ANGLE_UNIT() SI_UNIT($,.RADIAN.) );
#12727 = ( NAMED_UNIT(*) SI_UNIT($,.STERADIAN.) SOLID_ANGLE_UNIT() );
#12728 = UNCERTAINTY_MEASURE_WITH_UNIT(LENGTH_MEASURE(1.E-07),#12725,
  'distance_accuracy_value','confusion accuracy');
#12729 = CONTEXT_DEPENDENT_SHAPE_REPRESENTATION(#12730,#12732);
#12730 = ( REPRESENTATION_RELATIONSHIP('','',#12393,#10) 
REPRESENTATION_RELATIONSHIP_WITH_TRANSFORMATION(#12731) 
SHAPE_REPRESENTATION_RELATIONSHIP() );
#12731 = ITEM_DEFINED_TRANSFORMATION('','',#11,#147);
#12732 = PRODUCT_DEFINITION_SHAPE('Placement','Placement of an item',
  #12733);
#12733 = NEXT_ASSEMBLY_USAGE_OCCURRENCE('328','','',#5,#12388,$);
#12734 = PRODUCT_RELATED_PRODUCT_CATEGORY('part',$,(#12390));
#12735 = SHAPE_DEFINITION_REPRESENTATION(#12736,#12742);
#12736 = PRODUCT_DEFINITION_SHAPE('','',#12737);
#12737 = PRODUCT_DEFINITION('design','',#12738,#12741);
#12738 = PRODUCT_DEFINITION_FORMATION('','',#12739);
#12739 = PRODUCT('Open CASCADE STEP translator 7.9 22.35',
  'Open CASCADE STEP translator 7.9 22.35','',(#12740));
#12740 = PRODUCT_CONTEXT('',#2,'mechanical');
#12741 = PRODUCT_DEFINITION_CONTEXT('part definition',#2,'design');
#12742 = ADVANCED_BREP_SHAPE_REPRESENTATION('',(#11,#12743),#13073);
#12743 = MANIFOLD_SOLID_BREP('',#12744);
#12744 = CLOSED_SHELL('',(#12745,#12865,#12965,#13012,#13059,#13066));
#12745 = ADVANCED_FACE('',(#12746),#12760,.F.);
#12746 = FACE_BOUND('',#12747,.F.);
#12747 = EDGE_LOOP('',(#12748,#12783,#12811,#12839));
#12748 = ORIENTED_EDGE('',*,*,#12749,.F.);
#12749 = EDGE_CURVE('',#12750,#12752,#12754,.T.);
#12750 = VERTEX_POINT('',#12751);
#12751 = CARTESIAN_POINT('',(2.22,-40.96,-2.84));
#12752 = VERTEX_POINT('',#12753);
#12753 = CARTESIAN_POINT('',(2.22,-40.96,9.95));
#12754 = SURFACE_CURVE('',#12755,(#12759,#12771),.PCURVE_S1.);
#12755 = LINE('',#12756,#12757);
#12756 = CARTESIAN_POINT('',(2.22,-40.96,-2.84));
#12757 = VECTOR('',#12758,1.);
#12758 = DIRECTION('',(0.,0.,1.));
#12759 = PCURVE('',#12760,#12765);
#12760 = PLANE('',#12761);
#12761 = AXIS2_PLACEMENT_3D('',#12762,#12763,#12764);
#12762 = CARTESIAN_POINT('',(2.22,-40.96,-2.84));
#12763 = DIRECTION('',(1.,0.,-0.));
#12764 = DIRECTION('',(0.,0.,1.));
#12765 = DEFINITIONAL_REPRESENTATION('',(#12766),#12770);
#12766 = LINE('',#12767,#12768);
#12767 = CARTESIAN_POINT('',(0.,0.));
#12768 = VECTOR('',#12769,1.);
#12769 = DIRECTION('',(1.,0.));
#12770 = ( GEOMETRIC_REPRESENTATION_CONTEXT(2) 
PARAMETRIC_REPRESENTATION_CONTEXT() REPRESENTATION_CONTEXT('2D SPACE',''
  ) );
#12771 = PCURVE('',#12772,#12777);
#12772 = PLANE('',#12773);
#12773 = AXIS2_PLACEMENT_3D('',#12774,#12775,#12776);
#12774 = CARTESIAN_POINT('',(2.22,-40.96,-2.84));
#12775 = DIRECTION('',(-0.,1.,0.));
#12776 = DIRECTION('',(0.,0.,1.));
#12777 = DEFINITIONAL_REPRESENTATION('',(#12778),#12782);
#12778 = LINE('',#12779,#12780);
#12779 = CARTESIAN_POINT('',(0.,0.));
#12780 = VECTOR('',#12781,1.);
#12781 = DIRECTION('',(1.,0.));
#12782 = ( GEOMETRIC_REPRESENTATION_CONTEXT(2) 
PARAMETRIC_REPRESENTATION_CONTEXT() REPRESENTATION_CONTEXT('2D SPACE',''
  ) );
#12783 = ORIENTED_EDGE('',*,*,#12784,.T.);
#12784 = EDGE_CURVE('',#12750,#12785,#12787,.T.);
#12785 = VERTEX_POINT('',#12786);
#12786 = CARTESIAN_POINT('',(2.22,-40.32,-2.84));
#12787 = SURFACE_CURVE('',#12788,(#12792,#12799),.PCURVE_S1.);
#12788 = LINE('',#12789,#12790);
#12789 = CARTESIAN_POINT('',(2.22,-40.96,-2.84));
#12790 = VECTOR('',#12791,1.);
#12791 = DIRECTION('',(-0.,1.,0.));
#12792 = PCURVE('',#12760,#12793);
#12793 = DEFINITIONAL_REPRESENTATION('',(#12794),#12798);
#12794 = LINE('',#12795,#12796);
#12795 = CARTESIAN_POINT('',(0.,0.));
#12796 = VECTOR('',#12797,1.);
#12797 = DIRECTION('',(0.,-1.));
#12798 = ( GEOMETRIC_REPRESENTATION_CONTEXT(2) 
PARAMETRIC_REPRESENTATION_CONTEXT() REPRESENTATION_CONTEXT('2D SPACE',''
  ) );
#12799 = PCURVE('',#12800,#12805);
#12800 = PLANE('',#12801);
#12801 = AXIS2_PLACEMENT_3D('',#12802,#12803,#12804);
#12802 = CARTESIAN_POINT('',(2.22,-40.96,-2.84));
#12803 = DIRECTION('',(0.,0.,1.));
#12804 = DIRECTION('',(1.,0.,-0.));
#12805 = DEFINITIONAL_REPRESENTATION('',(#12806),#12810);
#12806 = LINE('',#12807,#12808);
#12807 = CARTESIAN_POINT('',(0.,0.));
#12808 = VECTOR('',#12809,1.);
#12809 = DIRECTION('',(0.,1.));
#12810 = ( GEOMETRIC_REPRESENTATION_CONTEXT(2) 
PARAMETRIC_REPRESENTATION_CONTEXT() REPRESENTATION_CONTEXT('2D SPACE',''
  ) );
#12811 = ORIENTED_EDGE('',*,*,#12812,.T.);
#12812 = EDGE_CURVE('',#12785,#12813,#12815,.T.);
#12813 = VERTEX_POINT('',#12814);
#12814 = CARTESIAN_POINT('',(2.22,-40.32,9.95));
#12815 = SURFACE_CURVE('',#12816,(#12820,#12827),.PCURVE_S1.);
#12816 = LINE('',#12817,#12818);
#12817 = CARTESIAN_POINT('',(2.22,-40.32,-2.84));
#12818 = VECTOR('',#12819,1.);
#12819 = DIRECTION('',(0.,0.,1.));
#12820 = PCURVE('',#12760,#12821);
#12821 = DEFINITIONAL_REPRESENTATION('',(#12822),#12826);
#12822 = LINE('',#12823,#12824);
#12823 = CARTESIAN_POINT('',(0.,-0.64));
#12824 = VECTOR('',#12825,1.);
#12825 = DIRECTION('',(1.,0.));
#12826 = ( GEOMETRIC_REPRESENTATION_CONTEXT(2) 
PARAMETRIC_REPRESENTATION_CONTEXT() REPRESENTATION_CONTEXT('2D SPACE',''
  ) );
#12827 = PCURVE('',#12828,#12833);
#12828 = PLANE('',#12829);
#12829 = AXIS2_PLACEMENT_3D('',#12830,#12831,#12832);
#12830 = CARTESIAN_POINT('',(2.22,-40.32,-2.84));
#12831 = DIRECTION('',(-0.,1.,0.));
#12832 = DIRECTION('',(0.,0.,1.));
#12833 = DEFINITIONAL_REPRESENTATION('',(#12834),#12838);
#12834 = LINE('',#12835,#12836);
#12835 = CARTESIAN_POINT('',(0.,0.));
#12836 = VECTOR('',#12837,1.);
#12837 = DIRECTION('',(1.,0.));
#12838 = ( GEOMETRIC_REPRESENTATION_CONTEXT(2) 
PARAMETRIC_REPRESENTATION_CONTEXT() REPRESENTATION_CONTEXT('2D SPACE',''
  ) );
#12839 = ORIENTED_EDGE('',*,*,#12840,.F.);
#12840 = EDGE_CURVE('',#12752,#12813,#12841,.T.);
#12841 = SURFACE_CURVE('',#12842,(#12846,#12853),.PCURVE_S1.);
#12842 = LINE('',#12843,#12844);
#12843 = CARTESIAN_POINT('',(2.22,-40.96,9.95));
#12844 = VECTOR('',#12845,1.);
#12845 = DIRECTION('',(-0.,1.,0.));
#12846 = PCURVE('',#12760,#12847);
#12847 = DEFINITIONAL_REPRESENTATION('',(#12848),#12852);
#12848 = LINE('',#12849,#12850);
#12849 = CARTESIAN_POINT('',(12.79,0.));
#12850 = VECTOR('',#12851,1.);
#12851 = DIRECTION('',(0.,-1.));
#12852 = ( GEOMETRIC_REPRESENTATION_CONTEXT(2) 
PARAMETRIC_REPRESENTATION_CONTEXT() REPRESENTATION_CONTEXT('2D SPACE',''
  ) );
#12853 = PCURVE('',#12854,#12859);
#12854 = PLANE('',#12855);
#12855 = AXIS2_PLACEMENT_3D('',#12856,#12857,#12858);
#12856 = CARTESIAN_POINT('',(2.22,-40.96,9.95));
#12857 = DIRECTION('',(0.,0.,1.));
#12858 = DIRECTION('',(1.,0.,-0.));
#12859 = DEFINITIONAL_REPRESENTATION('',(#12860),#12864);
#12860 = LINE('',#12861,#12862);
#12861 = CARTESIAN_POINT('',(0.,0.));
#12862 = VECTOR('',#12863,1.);
#12863 = DIRECTION('',(0.,1.));
#12864 = ( GEOMETRIC_REPRESENTATION_CONTEXT(2) 
PARAMETRIC_REPRESENTATION_CONTEXT() REPRESENTATION_CONTEXT('2D SPACE',''
  ) );
#12865 = ADVANCED_FACE('',(#12866),#12880,.T.);
#12866 = FACE_BOUND('',#12867,.T.);
#12867 = EDGE_LOOP('',(#12868,#12898,#12921,#12944));
#12868 = ORIENTED_EDGE('',*,*,#12869,.F.);
#12869 = EDGE_CURVE('',#12870,#12872,#12874,.T.);
#12870 = VERTEX_POINT('',#12871);
#12871 = CARTESIAN_POINT('',(2.86,-40.96,-2.84));
#12872 = VERTEX_POINT('',#12873);
#12873 = CARTESIAN_POINT('',(2.86,-40.96,9.95));
#12874 = SURFACE_CURVE('',#12875,(#12879,#12891),.PCURVE_S1.);
#12875 = LINE('',#12876,#12877);
#12876 = CARTESIAN_POINT('',(2.86,-40.96,-2.84));
#12877 = VECTOR('',#12878,1.);
#12878 = DIRECTION('',(0.,0.,1.));
#12879 = PCURVE('',#12880,#12885);
#12880 = PLANE('',#12881);
#12881 = AXIS2_PLACEMENT_3D('',#12882,#12883,#12884);
#12882 = CARTESIAN_POINT('',(2.86,-40.96,-2.84));
#12883 = DIRECTION('',(1.,0.,-0.));
#12884 = DIRECTION('',(0.,0.,1.));
#12885 = DEFINITIONAL_REPRESENTATION('',(#12886),#12890);
#12886 = LINE('',#12887,#12888);
#12887 = CARTESIAN_POINT('',(0.,0.));
#12888 = VECTOR('',#12889,1.);
#12889 = DIRECTION('',(1.,0.));
#12890 = ( GEOMETRIC_REPRESENTATION_CONTEXT(2) 
PARAMETRIC_REPRESENTATION_CONTEXT() REPRESENTATION_CONTEXT('2D SPACE',''
  ) );
#12891 = PCURVE('',#12772,#12892);
#12892 = DEFINITIONAL_REPRESENTATION('',(#12893),#12897);
#12893 = LINE('',#12894,#12895);
#12894 = CARTESIAN_POINT('',(0.,0.64));
#12895 = VECTOR('',#12896,1.);
#12896 = DIRECTION('',(1.,0.));
#12897 = ( GEOMETRIC_REPRESENTATION_CONTEXT(2) 
PARAMETRIC_REPRESENTATION_CONTEXT() REPRESENTATION_CONTEXT('2D SPACE',''
  ) );
#12898 = ORIENTED_EDGE('',*,*,#12899,.T.);
#12899 = EDGE_CURVE('',#12870,#12900,#12902,.T.);
#12900 = VERTEX_POINT('',#12901);
#12901 = CARTESIAN_POINT('',(2.86,-40.32,-2.84));
#12902 = SURFACE_CURVE('',#12903,(#12907,#12914),.PCURVE_S1.);
#12903 = LINE('',#12904,#12905);
#12904 = CARTESIAN_POINT('',(2.86,-40.96,-2.84));
#12905 = VECTOR('',#12906,1.);
#12906 = DIRECTION('',(-0.,1.,0.));
#12907 = PCURVE('',#12880,#12908);
#12908 = DEFINITIONAL_REPRESENTATION('',(#12909),#12913);
#12909 = LINE('',#12910,#12911);
#12910 = CARTESIAN_POINT('',(0.,0.));
#12911 = VECTOR('',#12912,1.);
#12912 = DIRECTION('',(0.,-1.));
#12913 = ( GEOMETRIC_REPRESENTATION_CONTEXT(2) 
PARAMETRIC_REPRESENTATION_CONTEXT() REPRESENTATION_CONTEXT('2D SPACE',''
  ) );
#12914 = PCURVE('',#12800,#12915);
#12915 = DEFINITIONAL_REPRESENTATION('',(#12916),#12920);
#12916 = LINE('',#12917,#12918);
#12917 = CARTESIAN_POINT('',(0.64,0.));
#12918 = VECTOR('',#12919,1.);
#12919 = DIRECTION('',(0.,1.));
#12920 = ( GEOMETRIC_REPRESENTATION_CONTEXT(2) 
PARAMETRIC_REPRESENTATION_CONTEXT() REPRESENTATION_CONTEXT('2D SPACE',''
  ) );
#12921 = ORIENTED_EDGE('',*,*,#12922,.T.);
#12922 = EDGE_CURVE('',#12900,#12923,#12925,.T.);
#12923 = VERTEX_POINT('',#12924);
#12924 = CARTESIAN_POINT('',(2.86,-40.32,9.95));
#12925 = SURFACE_CURVE('',#12926,(#12930,#12937),.PCURVE_S1.);
#12926 = LINE('',#12927,#12928);
#12927 = CARTESIAN_POINT('',(2.86,-40.32,-2.84));
#12928 = VECTOR('',#12929,1.);
#12929 = DIRECTION('',(0.,0.,1.));
#12930 = PCURVE('',#12880,#12931);
#12931 = DEFINITIONAL_REPRESENTATION('',(#12932),#12936);
#12932 = LINE('',#12933,#12934);
#12933 = CARTESIAN_POINT('',(0.,-0.64));
#12934 = VECTOR('',#12935,1.);
#12935 = DIRECTION('',(1.,0.));
#12936 = ( GEOMETRIC_REPRESENTATION_CONTEXT(2) 
PARAMETRIC_REPRESENTATION_CONTEXT() REPRESENTATION_CONTEXT('2D SPACE',''
  ) );
#12937 = PCURVE('',#12828,#12938);
#12938 = DEFINITIONAL_REPRESENTATION('',(#12939),#12943);
#12939 = LINE('',#12940,#12941);
#12940 = CARTESIAN_POINT('',(0.,0.64));
#12941 = VECTOR('',#12942,1.);
#12942 = DIRECTION('',(1.,0.));
#12943 = ( GEOMETRIC_REPRESENTATION_CONTEXT(2) 
PARAMETRIC_REPRESENTATION_CONTEXT() REPRESENTATION_CONTEXT('2D SPACE',''
  ) );
#12944 = ORIENTED_EDGE('',*,*,#12945,.F.);
#12945 = EDGE_CURVE('',#12872,#12923,#12946,.T.);
#12946 = SURFACE_CURVE('',#12947,(#12951,#12958),.PCURVE_S1.);
#12947 = LINE('',#12948,#12949);
#12948 = CARTESIAN_POINT('',(2.86,-40.96,9.95));
#12949 = VECTOR('',#12950,1.);
#12950 = DIRECTION('',(-0.,1.,0.));
#12951 = PCURVE('',#12880,#12952);
#12952 = DEFINITIONAL_REPRESENTATION('',(#12953),#12957);
#12953 = LINE('',#12954,#12955);
#12954 = CARTESIAN_POINT('',(12.79,0.));
#12955 = VECTOR('',#12956,1.);
#12956 = DIRECTION('',(0.,-1.));
#12957 = ( GEOMETRIC_REPRESENTATION_CONTEXT(2) 
PARAMETRIC_REPRESENTATION_CONTEXT() REPRESENTATION_CONTEXT('2D SPACE',''
  ) );
#12958 = PCURVE('',#12854,#12959);
#12959 = DEFINITIONAL_REPRESENTATION('',(#12960),#12964);
#12960 = LINE('',#12961,#12962);
#12961 = CARTESIAN_POINT('',(0.64,0.));
#12962 = VECTOR('',#12963,1.);
#12963 = DIRECTION('',(0.,1.));
#12964 = ( GEOMETRIC_REPRESENTATION_CONTEXT(2) 
PARAMETRIC_REPRESENTATION_CONTEXT() REPRESENTATION_CONTEXT('2D SPACE',''
  ) );
#12965 = ADVANCED_FACE('',(#12966),#12772,.F.);
#12966 = FACE_BOUND('',#12967,.F.);
#12967 = EDGE_LOOP('',(#12968,#12989,#12990,#13011));
#12968 = ORIENTED_EDGE('',*,*,#12969,.F.);
#12969 = EDGE_CURVE('',#12750,#12870,#12970,.T.);
#12970 = SURFACE_CURVE('',#12971,(#12975,#12982),.PCURVE_S1.);
#12971 = LINE('',#12972,#12973);
#12972 = CARTESIAN_POINT('',(2.22,-40.96,-2.84));
#12973 = VECTOR('',#12974,1.);
#12974 = DIRECTION('',(1.,0.,-0.));
#12975 = PCURVE('',#12772,#12976);
#12976 = DEFINITIONAL_REPRESENTATION('',(#12977),#12981);
#12977 = LINE('',#12978,#12979);
#12978 = CARTESIAN_POINT('',(0.,0.));
#12979 = VECTOR('',#12980,1.);
#12980 = DIRECTION('',(0.,1.));
#12981 = ( GEOMETRIC_REPRESENTATION_CONTEXT(2) 
PARAMETRIC_REPRESENTATION_CONTEXT() REPRESENTATION_CONTEXT('2D SPACE',''
  ) );
#12982 = PCURVE('',#12800,#12983);
#12983 = DEFINITIONAL_REPRESENTATION('',(#12984),#12988);
#12984 = LINE('',#12985,#12986);
#12985 = CARTESIAN_POINT('',(0.,0.));
#12986 = VECTOR('',#12987,1.);
#12987 = DIRECTION('',(1.,0.));
#12988 = ( GEOMETRIC_REPRESENTATION_CONTEXT(2) 
PARAMETRIC_REPRESENTATION_CONTEXT() REPRESENTATION_CONTEXT('2D SPACE',''
  ) );
#12989 = ORIENTED_EDGE('',*,*,#12749,.T.);
#12990 = ORIENTED_EDGE('',*,*,#12991,.T.);
#12991 = EDGE_CURVE('',#12752,#12872,#12992,.T.);
#12992 = SURFACE_CURVE('',#12993,(#12997,#13004),.PCURVE_S1.);
#12993 = LINE('',#12994,#12995);
#12994 = CARTESIAN_POINT('',(2.22,-40.96,9.95));
#12995 = VECTOR('',#12996,1.);
#12996 = DIRECTION('',(1.,0.,-0.));
#12997 = PCURVE('',#12772,#12998);
#12998 = DEFINITIONAL_REPRESENTATION('',(#12999),#13003);
#12999 = LINE('',#13000,#13001);
#13000 = CARTESIAN_POINT('',(12.79,0.));
#13001 = VECTOR('',#13002,1.);
#13002 = DIRECTION('',(0.,1.));
#13003 = ( GEOMETRIC_REPRESENTATION_CONTEXT(2) 
PARAMETRIC_REPRESENTATION_CONTEXT() REPRESENTATION_CONTEXT('2D SPACE',''
  ) );
#13004 = PCURVE('',#12854,#13005);
#13005 = DEFINITIONAL_REPRESENTATION('',(#13006),#13010);
#13006 = LINE('',#13007,#13008);
#13007 = CARTESIAN_POINT('',(0.,0.));
#13008 = VECTOR('',#13009,1.);
#13009 = DIRECTION('',(1.,0.));
#13010 = ( GEOMETRIC_REPRESENTATION_CONTEXT(2) 
PARAMETRIC_REPRESENTATION_CONTEXT() REPRESENTATION_CONTEXT('2D SPACE',''
  ) );
#13011 = ORIENTED_EDGE('',*,*,#12869,.F.);
#13012 = ADVANCED_FACE('',(#13013),#12828,.T.);
#13013 = FACE_BOUND('',#13014,.T.);
#13014 = EDGE_LOOP('',(#13015,#13036,#13037,#13058));
#13015 = ORIENTED_EDGE('',*,*,#13016,.F.);
#13016 = EDGE_CURVE('',#12785,#12900,#13017,.T.);
#13017 = SURFACE_CURVE('',#13018,(#13022,#13029),.PCURVE_S1.);
#13018 = LINE('',#13019,#13020);
#13019 = CARTESIAN_POINT('',(2.22,-40.32,-2.84));
#13020 = VECTOR('',#13021,1.);
#13021 = DIRECTION('',(1.,0.,-0.));
#13022 = PCURVE('',#12828,#13023);
#13023 = DEFINITIONAL_REPRESENTATION('',(#13024),#13028);
#13024 = LINE('',#13025,#13026);
#13025 = CARTESIAN_POINT('',(0.,0.));
#13026 = VECTOR('',#13027,1.);
#13027 = DIRECTION('',(0.,1.));
#13028 = ( GEOMETRIC_REPRESENTATION_CONTEXT(2) 
PARAMETRIC_REPRESENTATION_CONTEXT() REPRESENTATION_CONTEXT('2D SPACE',''
  ) );
#13029 = PCURVE('',#12800,#13030);
#13030 = DEFINITIONAL_REPRESENTATION('',(#13031),#13035);
#13031 = LINE('',#13032,#13033);
#13032 = CARTESIAN_POINT('',(0.,0.64));
#13033 = VECTOR('',#13034,1.);
#13034 = DIRECTION('',(1.,0.));
#13035 = ( GEOMETRIC_REPRESENTATION_CONTEXT(2) 
PARAMETRIC_REPRESENTATION_CONTEXT() REPRESENTATION_CONTEXT('2D SPACE',''
  ) );
#13036 = ORIENTED_EDGE('',*,*,#12812,.T.);
#13037 = ORIENTED_EDGE('',*,*,#13038,.T.);
#13038 = EDGE_CURVE('',#12813,#12923,#13039,.T.);
#13039 = SURFACE_CURVE('',#13040,(#13044,#13051),.PCURVE_S1.);
#13040 = LINE('',#13041,#13042);
#13041 = CARTESIAN_POINT('',(2.22,-40.32,9.95));
#13042 = VECTOR('',#13043,1.);
#13043 = DIRECTION('',(1.,0.,-0.));
#13044 = PCURVE('',#12828,#13045);
#13045 = DEFINITIONAL_REPRESENTATION('',(#13046),#13050);
#13046 = LINE('',#13047,#13048);
#13047 = CARTESIAN_POINT('',(12.79,0.));
#13048 = VECTOR('',#13049,1.);
#13049 = DIRECTION('',(0.,1.));
#13050 = ( GEOMETRIC_REPRESENTATION_CONTEXT(2) 
PARAMETRIC_REPRESENTATION_CONTEXT() REPRESENTATION_CONTEXT('2D SPACE',''
  ) );
#13051 = PCURVE('',#12854,#13052);
#13052 = DEFINITIONAL_REPRESENTATION('',(#13053),#13057);
#13053 = LINE('',#13054,#13055);
#13054 = CARTESIAN_POINT('',(0.,0.64));
#13055 = VECTOR('',#13056,1.);
#13056 = DIRECTION('',(1.,0.));
#13057 = ( GEOMETRIC_REPRESENTATION_CONTEXT(2) 
PARAMETRIC_REPRESENTATION_CONTEXT() REPRESENTATION_CONTEXT('2D SPACE',''
  ) );
#13058 = ORIENTED_EDGE('',*,*,#12922,.F.);
#13059 = ADVANCED_FACE('',(#13060),#12800,.F.);
#13060 = FACE_BOUND('',#13061,.F.);
#13061 = EDGE_LOOP('',(#13062,#13063,#13064,#13065));
#13062 = ORIENTED_EDGE('',*,*,#12784,.F.);
#13063 = ORIENTED_EDGE('',*,*,#12969,.T.);
#13064 = ORIENTED_EDGE('',*,*,#12899,.T.);
#13065 = ORIENTED_EDGE('',*,*,#13016,.F.);
#13066 = ADVANCED_FACE('',(#13067),#12854,.T.);
#13067 = FACE_BOUND('',#13068,.T.);
#13068 = EDGE_LOOP('',(#13069,#13070,#13071,#13072));
#13069 = ORIENTED_EDGE('',*,*,#12840,.F.);
#13070 = ORIENTED_EDGE('',*,*,#12991,.T.);
#13071 = ORIENTED_EDGE('',*,*,#12945,.T.);
#13072 = ORIENTED_EDGE('',*,*,#13038,.F.);
#13073 = ( GEOMETRIC_REPRESENTATION_CONTEXT(3) 
GLOBAL_UNCERTAINTY_ASSIGNED_CONTEXT((#13077)) 
GLOBAL_UNIT_ASSIGNED_CONTEXT((#13074,#13075,#13076)) 
REPRESENTATION_CONTEXT('Context #1',
  '3D Context with UNIT and UNCERTAINTY') );
#13074 = ( LENGTH_UNIT() NAMED_UNIT(*) SI_UNIT(.MILLI.,.METRE.) );
#13075 = ( NAMED_UNIT(*) PLANE_ANGLE_UNIT() SI_UNIT($,.RADIAN.) );
#13076 = ( NAMED_UNIT(*) SI_UNIT($,.STERADIAN.) SOLID_ANGLE_UNIT() );
#13077 = UNCERTAINTY_MEASURE_WITH_UNIT(LENGTH_MEASURE(1.E-07),#13074,
  'distance_accuracy_value','confusion accuracy');
#13078 = CONTEXT_DEPENDENT_SHAPE_REPRESENTATION(#13079,#13081);
#13079 = ( REPRESENTATION_RELATIONSHIP('','',#12742,#10) 
REPRESENTATION_RELATIONSHIP_WITH_TRANSFORMATION(#13080) 
SHAPE_REPRESENTATION_RELATIONSHIP() );
#13080 = ITEM_DEFINED_TRANSFORMATION('','',#11,#151);
#13081 = PRODUCT_DEFINITION_SHAPE('Placement','Placement of an item',
  #13082);
#13082 = NEXT_ASSEMBLY_USAGE_OCCURRENCE('329','','',#5,#12737,$);
#13083 = PRODUCT_RELATED_PRODUCT_CATEGORY('part',$,(#12739));
ENDSEC;
END-ISO-10303-21;
