stdout Note: gnd in a subcircuit is not set to 0 automatically
stdout Note: Compatibility modes selected: ps
stdout Circuit: ti tps54360 transient model, 12v actual compensation, vin=20.69
stdout Reducing trtol to 1 for xspice 'A' devices
stdout Doing analysis at TEMP = 27.000000 and TNOM = 27.000000
stdout Using KLU as Direct Linear Solver
stdout Initial Transient Solution
stdout --------------------------
stdout Node                                   Voltage
stdout ----                                   -------
stdout vinf                              -2.59867e-06
stdout xu.set0                                      0
stdout xu.u6_n16588693                           0.86
stdout xu.x_u6_u134.yint                            1
stdout xu.x_u6_u134.e_abmgate_int1                  1
stdout xu.u6_n16564386                              0
stdout xu.sdwn                                      1
stdout xu.u6_n16543632                              1
stdout xu.u6_n16489275                    1.97411e-85
stdout xu.x_u6_u603.x1.yint1                        0
stdout xu.x_u6_u603.x1.e_abmgate1_int1               0
stdout xu.sysclk                                    0
stdout xu.x_u6_u603.x1.yint2                        0
stdout xu.x_u6_u603.x1.yint3                        1
stdout xu.x_u6_u603.x1.e_abmgate2_int1               1
stdout xu.x_u6_u603.clkdel                          1
stdout xu.x_u6_u603.x2.yint                         0
stdout xu.x_u6_u603.x2.e_abmgate_int1               0
stdout xu.x_u6_u603.clkint                          0
stdout xu.x_u6_u603.qint                           -0
stdout xu.x_u6_u603.gq_int1                        -1
stdout xu.u6_pwm                                    0
stdout xu.set1                                      1
stdout xu.x_u6_u603.my5                             1
stdout xu.x_u6_u603.qqq                             0
stdout xu.x_u6_u603.x3.yint1                        0
stdout xu.x_u6_u603.x3.e_abmgate1_int1               0
stdout xu.x_u6_u603.x3.yint2                        0
stdout xu.x_u6_u603.x3.yint3                        0
stdout xu.x_u6_u603.x3.e_abmgate2_int1               0
stdout xu.x_u6_u603.qqqd1                          -0
stdout xu.pwm_clk                                   0
stdout xu.x_u6_u603.qbr                             1
stdout xu.x_u6_u603.eqb_int1                        1
stdout xu.n16528816                                 1
stdout xu.u6_n16489469                    3.43757e-12
stdout xu.e_u6_abm148_int1                3.43757e-12
stdout xu.u6_vrampin                      3.43757e-06
stdout xu.u6_n16502082                      -1.22e-06
stdout xu.e_u6_abm163_int1                  -1.22e-06
stdout xu.u6_n16488977                    2.49722e-06
stdout xu.u6_vramp                        3.43757e-12
stdout xu.u6_iswf                                -0.1
stdout xu.e_u6_abm152_int1                       -0.1
stdout xu.isw                             -2.5987e-13
stdout xu.u6_n16489395                              0
stdout xu.u6_n165858563                         0.024
stdout xu.x_u6_u602.yint                            0
stdout xu.x_u6_u602.e_abmgate_int1                  0
stdout xu.u6_n16575036                              0
stdout xu.boot_uvlo                                 0
stdout xu.u6_ovtp                                   1
stdout xu.u6_n16531938                      -0.111508
stdout xu.e_u6_abm165_int1                  -0.111508
stdout xu.u6_ictrl                          -0.111508
stdout xu.e_u6_abm164_int1                2.49722e-06
stdout comp                                  0.594386
stdout xu.g_u6_abmi4_int1                -0.000343757
stdout xu.if2ia                           0.000343757
stdout xu.e_u6_abm151_int1                          0
stdout xu.pwm_final                                 0
stdout xu.x_u6_u599.yint1                           0
stdout xu.x_u6_u599.e_abmgate1_int1                 0
stdout xu.x_u6_u599.yint2                           0
stdout xu.x_u6_u599.yint3                           1
stdout xu.x_u6_u599.e_abmgate2_int1                 1
stdout xu.u6_n16489527                              1
stdout xu.x_u6_u600.yint                            0
stdout xu.x_u6_u600.e_abm_int1                      0
stdout xu.x_u6_u598.yint                            0
stdout xu.x_u6_u598.e_abmgate_int1                  0
stdout xu.x_u6_u604.inp1                        0.436
stdout xu.x_u6_u604.inm1                       -0.424
stdout xu.vsenseint                      -1.04825e-13
stdout xu.x_u6_u604.inm2                       -0.436
stdout xu.x_u6_u604.ehys_int1                  -0.012
stdout xu.x_u6_u604.1                               1
stdout xu.x_u6_u604.eout_int1                       1
stdout xu.u3_n16489962                              1
stdout xu.u3_n16638112                   -1.04825e-13
stdout rt                                    0.999996
stdout xu.u3_n16667294                   4.54076e-168
stdout xu.u3_n16667366                   1.33053e-153
stdout xu.u3_n166379101                           0.6
stdout xu.u3_n16638088                            0.6
stdout xu.u3_n16490102                              5
stdout xu.u3_ramp                         5.07254e-05
stdout xu.u3_n16650384                    5.07254e-05
stdout xu.i_rt                            4.16675e-06
stdout xu.u3_n16523619                              1
stdout xu.e_u3_abm164_int1               -1.04825e-13
stdout fb                                -1.04825e-13
stdout xu.x_u3_u6.yint                              1
stdout xu.x_u3_u6.e_abm_int1                        1
stdout xu.u3_n16637796                            0.4
stdout xu.u3_out2                                   1
stdout xu.fsw                             0.000405803
stdout xu.e_u3_abm1_int1                  0.000405803
stdout xu.u3_n16505459                              1
stdout xu.x_u3_u131.yint                            0
stdout xu.x_u3_u131.e_abm_int1                      0
stdout xu.u3_sysclk1                                0
stdout xu.x_u3_u7.yint                              1
stdout xu.x_u3_u7.e_abm_int1                        1
stdout xu.u3_out3                                   1
stdout xu.x_u3_u138.yint                            0
stdout xu.x_u3_u138.e_abmgate_int1                  0
stdout xu.x_u3_u135.yint1                           0
stdout xu.x_u3_u135.e_abmgate1_int1                 0
stdout xu.x_u3_u135.yint2                           0
stdout xu.x_u3_u135.yint3                           0
stdout xu.x_u3_u135.e_abmgate2_int1                 0
stdout xu.u3_n16517387                              0
stdout xu.u3_n16676060                    0.000343757
stdout xu.e_u3_abm166_int1                0.000343757
stdout xu.u3_out1                                   1
stdout xu.u3_n16668029                            0.2
stdout xu.x_u3_u134.yint                            1
stdout xu.x_u3_u134.e_abmgate_int1                  1
stdout xu.u3_n16517226                              1
stdout xu.e_u3_abm165_int1                5.07254e-05
stdout xu.u3_n166679551                           0.2
stdout xu.e_u3_abm7_int1                          0.2
stdout xu.u3_n166378601                           0.4
stdout xu.x_u3_u136.yint                            0
stdout xu.x_u3_u136.e_abmgate_int1                  0
stdout xu.u3_n16667326                              1
stdout xu.x_u3_u8.yint                              1
stdout xu.x_u3_u8.e_abm_int1                        1
stdout xu.e_u3_abm4_int1                          0.4
stdout xu.x_u3_u137.yint1                           0
stdout xu.x_u3_u137.e_abmgate1_int1                 0
stdout xu.x_u3_u137.yint2                           0
stdout xu.x_u3_u137.yint3                           1
stdout xu.x_u3_u137.e_abmgate2_int1                 1
stdout xu.e_u3_abm6_int1                          0.6
stdout xu.x_u8_u606.yint                            0
stdout xu.x_u8_u606.e_abmgate_int1                  0
stdout xu.u8_sdwn_n                                 0
stdout xu.x_u8_u613.yint                            0
stdout xu.x_u8_u613.e_abmgate_int1                  0
stdout xu.u8_n7365280                               0
stdout xu.u8_n73698801                              6
stdout xu.u8_n7345383                               6
stdout xu.u8_n7274256                               0
stdout xu.x_u8_u608.yint                            0
stdout xu.x_u8_u608.e_abmgate_int1                  0
stdout xu.u8_hdrvin                                 0
stdout xu.u8_n7342498                               0
stdout xu.u8_n7274022                               0
stdout xu.x_u8_u602.yint                            1
stdout xu.x_u8_u602.e_abmgate_int1                  1
stdout xu.u8_out                                    0
stdout xu.u8_boot_on                                1
stdout xu.x_u8_u607.yint                            0
stdout xu.x_u8_u607.e_abmgate_int1                  0
stdout xu.u8_ldrv                                   1
stdout xu.enab                                      0
stdout xu.u8_boot_sw_on                             0
stdout xu.x_u8_u612.yint1                           1
stdout xu.x_u8_u612.e_abmgate1_int1                 1
stdout xu.u8_n7274198                               1
stdout xu.x_u8_u612.yint2                           1
stdout xu.x_u8_u612.yint3                           1
stdout xu.x_u8_u612.e_abmgate2_int1                 1
stdout xu.u8_n7343256                               1
stdout xu.x_u8_u609.yint                            1
stdout xu.x_u8_u609.e_abmgate_int1                  1
stdout xu.u8_n7274032                               1
stdout xu.u8_n7273984                    -2.59867e-06
stdout xu.e_u8_abm2_int1                            6
stdout boot                              -2.36171e-09
stdout xu.x_u8_u610.yint                            1
stdout xu.x_u8_u610.e_abmgate_int1                  1
stdout xu.x_u8_u604.yint                            0
stdout xu.x_u8_u604.e_abmgate_int1                  0
stdout xu.u8_n7347010                    -2.36013e-09
stdout xu.e_u8_abm169_int1               -2.36013e-09
stdout sw                                -1.57892e-12
stdout xu.x_u8_u611.yint1                           0
stdout xu.x_u8_u611.e_abmgate1_int1                 0
stdout xu.x_u8_u611.yint2                           0
stdout xu.x_u8_u611.yint3                           0
stdout xu.x_u8_u611.e_abmgate2_int1                 0
stdout xu.hdrv                           -1.58128e-12
stdout xu.x_u8_u605.yint                            1
stdout xu.x_u8_u605.e_abmgate_int1                  1
stdout xu.e_u8_abm167_int1                          0
stdout xu.x_u8_u5.yint                             -0
stdout xu.x_u8_u5.e_abm_int1                       -0
stdout xu.u5_n16512904                          7e-05
stdout xu.ocb                                       0
stdout xu.g_u5_abm2i1_int1                -2.6488e-06
stdout xu.vref_gm                             -0.0344
stdout xu.u5_vgm                              7.7e-05
stdout xu.u5_n16513008                              2
stdout xu.u5_n16513064                        7.7e-05
stdout xu.e_u5_abm177_int1                    7.7e-05
stdout xu.x_u5_u603.yint                            0
stdout xu.x_u5_u603.e_abmgate_int1                  0
stdout xu.u5_n16513124                              0
stdout xu.u5_n16512948                          7e-05
stdout xu.u5_n16513186                              0
stdout xu.e_u5_abm8_int1                            0
stdout xu.u5_n16513014                            0.6
stdout xu.x_u5_u614.yint                            0
stdout xu.x_u5_u614.e_abmgate_int1                  0
stdout xu.u5_n16513160                              0
stdout xu.e_u5_abm171_int1                      7e-05
stdout xu.ss_tr                                     0
stdout xu.x_u11_u604.yint                           1
stdout xu.x_u11_u604.e_abmgate_int1                 1
stdout xu.u11_n16496294                             1
stdout xu.ss_disch                                  0
stdout xu.e_u11_abm173_int1                         0
stdout xu.u11_n6045136                              0
stdout xu.x_u11_u601.yint                           1
stdout xu.x_u11_u601.e_abmgate_int1                 1
stdout xu.u11_uvlo                                  1
stdout xu.x_u11_u603.yint                           0
stdout xu.x_u11_u603.e_abmgate_int1                 0
stdout xu.u11_n6045130                              0
stdout xu.u11_n6045018                            4.3
stdout xu.x_u11_u602.yint                           1
stdout xu.x_u11_u602.e_abm_int1                     1
stdout en                                   0.0207959
stdout xu.u1_n7335522                               0
stdout xu.e_u1_abm173_int1                          0
stdout xu.u1_n7335540                               0
stdout xu.e_u1_abm1_int1                            0
stdout xu.g_u1_abmii1_int1                    1.2e-06
stdout xu.u7_indelayed2                   3.49815e-79
stdout xu.u7_n16490100                              1
stdout xu.u7_n16489586                              1
stdout xu.x_u7_u6.yint                              0
stdout xu.x_u7_u6.e_abmgate_int1                    0
stdout xu.u7_or2out2                                0
stdout xu.u7_or2out1                                0
stdout xu.u7_n16489522                    7.31565e-99
stdout xu.u7_indelayed1                   6.88338e-79
stdout xu.x_u7_u826.yint1                           0
stdout xu.x_u7_u826.e_abmgate1_int1                 0
stdout xu.x_u7_u826.yint2                           0
stdout xu.x_u7_u826.yint3                           1
stdout xu.x_u7_u826.e_abmgate2_int1                 1
stdout xu.u7_n16509390                              1
stdout xu.x_u7_u825.yint                            0
stdout xu.x_u7_u825.e_abmgate_int1                  0
stdout xu.u7_n16509288                   -3.65776e-99
stdout xu.e_u7_abm13_int1                           1
stdout xu.x_u7_u823.yint                            0
stdout xu.x_u7_u823.e_abmgate_int1                  0
stdout xu.u7_n16497188                              1
stdout xu.x_u7_u827.yint                            0
stdout xu.x_u7_u827.e_abmgate_int1                  0
stdout xu.x_u7_u822.yint1                           0
stdout xu.x_u7_u822.e_abmgate1_int1                 0
stdout xu.x_u7_u822.yint2                           0
stdout xu.x_u7_u822.yint3                           1
stdout xu.x_u7_u822.e_abmgate2_int1                 1
stdout xu.x_u7_u824.yint                            0
stdout xu.x_u7_u824.e_abmgate_int1                  0
stdout xu.u4_n7398284                         -0.0344
stdout xu.e_u4_abm178_int1                    -0.0344
stdout xu.u4_n7404432                         -0.0344
stdout xu.u4_n7398466                               0
stdout xu.e_u4_abm180_int1                          0
stdout xu.u4_n7397990                             1.7
stdout xu.g_u4_abmii1_int1                          0
stdout xu.u4_n16518371                              0
stdout xu.u4_n7404426                         -0.0344
stdout xu.x_u4_u1.yint                              0
stdout xu.x_u4_u1.e_abmgate_int1                    0
stdout xu.u4_n7398492                               0
stdout xu.e_u4_abm179_int1                    -0.0344
stdout xu.u4_n7398290                         -0.0344
stdout xu.g_u4_abmi5_int1                           0
stdout xu.e_u4_abm174_int1                    -0.0344
stdout vout                              -1.57237e-12
stdout cc                                    0.594386
stdout linductor                         -1.57892e-12
stdout c1                                           0
stdout c2                                           0
stdout secp                              -1.29933e-06
stdout secn                              -1.29933e-06
stdout acp                               -1.29933e-06
stdout acn                               -1.29933e-06
stdout stored                            -2.59867e-06
stdout bsecondary#branch                  5.37457e-21
stdout b.xu.be_u4_abm174#branch                     0
stdout b.xu.bg_u4_abmi5#branch                      0
stdout b.xu.be_u4_abm179#branch                     0
stdout b.xu.x_u4_u1.be_abmgate#branch               0
stdout b.xu.bg_u4_abmii1#branch                     0
stdout b.xu.be_u4_abm180#branch                     0
stdout b.xu.be_u4_abm178#branch                     0
stdout b.xu.x_u7_u824.be_abmgate#branch               0
stdout b.xu.x_u7_u822.be_abmgate2#branch               0
stdout b.xu.x_u7_u822.be_abmgate1#branch               0
stdout b.xu.x_u7_u827.be_abmgate#branch               0
stdout b.xu.x_u7_u823.be_abmgate#branch               0
stdout b.xu.be_u7_abm13#branch                      0
stdout b.xu.x_u7_u825.be_abmgate#branch               0
stdout b.xu.x_u7_u826.be_abmgate2#branch               0
stdout b.xu.x_u7_u826.be_abmgate1#branch               0
stdout b.xu.x_u7_u6.be_abmgate#branch               0
stdout b.xu.bg_u1_abmii1#branch                     0
stdout b.xu.be_u1_abm1#branch                       0
stdout b.xu.be_u1_abm173#branch                     0
stdout b.xu.x_u11_u602.be_abm#branch                0
stdout b.xu.x_u11_u603.be_abmgate#branch               0
stdout b.xu.x_u11_u601.be_abmgate#branch               0
stdout b.xu.be_u11_abm173#branch                    0
stdout b.xu.x_u11_u604.be_abmgate#branch               0
stdout b.xu.be_u5_abm171#branch                     0
stdout b.xu.x_u5_u614.be_abmgate#branch               0
stdout b.xu.be_u5_abm8#branch                       0
stdout b.xu.x_u5_u603.be_abmgate#branch               0
stdout b.xu.be_u5_abm177#branch                     0
stdout b.xu.bg_u5_abm2i1#branch                     0
stdout b.xu.x_u8_u5.be_abm#branch                   0
stdout b.xu.be_u8_abm167#branch                     0
stdout b.xu.x_u8_u605.be_abmgate#branch               0
stdout b.xu.x_u8_u611.be_abmgate2#branch               0
stdout b.xu.x_u8_u611.be_abmgate1#branch               0
stdout b.xu.be_u8_abm169#branch                     0
stdout b.xu.x_u8_u604.be_abmgate#branch               0
stdout b.xu.x_u8_u610.be_abmgate#branch               0
stdout b.xu.be_u8_abm2#branch                       0
stdout b.xu.x_u8_u609.be_abmgate#branch               0
stdout b.xu.x_u8_u612.be_abmgate2#branch               0
stdout b.xu.x_u8_u612.be_abmgate1#branch               0
stdout b.xu.x_u8_u607.be_abmgate#branch               0
stdout b.xu.x_u8_u602.be_abmgate#branch               0
stdout b.xu.x_u8_u608.be_abmgate#branch               0
stdout b.xu.x_u8_u613.be_abmgate#branch               0
stdout b.xu.x_u8_u606.be_abmgate#branch               0
stdout b.xu.be_u3_abm6#branch                       0
stdout b.xu.x_u3_u137.be_abmgate2#branch               0
stdout b.xu.x_u3_u137.be_abmgate1#branch               0
stdout b.xu.be_u3_abm4#branch                       0
stdout b.xu.x_u3_u8.be_abm#branch                   0
stdout b.xu.x_u3_u136.be_abmgate#branch               0
stdout b.xu.be_u3_abm7#branch                       0
stdout b.xu.be_u3_abm165#branch                     0
stdout v.xu.v_u3_v44#branch              -4.16675e-06
stdout b.xu.x_u3_u134.be_abmgate#branch               0
stdout b.xu.be_u3_abm166#branch                     0
stdout b.xu.x_u3_u135.be_abmgate2#branch               0
stdout b.xu.x_u3_u135.be_abmgate1#branch               0
stdout b.xu.x_u3_u138.be_abmgate#branch               0
stdout b.xu.x_u3_u7.be_abm#branch                   0
stdout b.xu.x_u3_u131.be_abm#branch                 0
stdout b.xu.be_u3_abm1#branch                       0
stdout b.xu.x_u3_u6.be_abm#branch                   0
stdout b.xu.be_u3_abm164#branch                     0
stdout b.xu.x_u6_u604.beout#branch                  0
stdout b.xu.x_u6_u604.behys#branch                  0
stdout b.xu.x_u6_u598.be_abmgate#branch               0
stdout b.xu.x_u6_u600.be_abm#branch                 0
stdout b.xu.x_u6_u599.be_abmgate2#branch               0
stdout b.xu.x_u6_u599.be_abmgate1#branch               0
stdout b.xu.be_u6_abm151#branch                     0
stdout b.xu.bg_u6_abmi4#branch                      0
stdout b.xu.be_u6_abm164#branch                     0
stdout b.xu.be_u6_abm165#branch                     0
stdout b.xu.x_u6_u602.be_abmgate#branch               0
stdout b.xu.be_u6_abm152#branch                     0
stdout b.xu.be_u6_abm163#branch                     0
stdout b.xu.be_u6_abm148#branch                     0
stdout b.xu.x_u6_u603.beqb#branch                   0
stdout b.xu.x_u6_u603.x3.be_abmgate2#branch               0
stdout b.xu.x_u6_u603.x3.be_abmgate1#branch               0
stdout b.xu.x_u6_u603.bgq#branch                    0
stdout b.xu.x_u6_u603.x2.be_abmgate#branch               0
stdout b.xu.x_u6_u603.x1.be_abmgate2#branch               0
stdout b.xu.x_u6_u603.x1.be_abmgate1#branch               0
stdout b.xu.x_u6_u134.be_abmgate#branch               0
stdout h.xu.x_u8_h1.h_u8_h1#branch                  0
stdout v.xu.x_u8_h1.vh_u8_h1#branch       -2.5987e-13
stdout h.xu.x_u3_h1.h_u3_h1#branch        -8.3335e-06
stdout v.xu.x_u3_h1.vh_u3_h1#branch      -4.16675e-06
stdout l1#branch                         -2.62114e-13
stdout e.xu.e_u4_abm174#branch                      0
stdout e.xu.e_u4_abm179#branch                      0
stdout e.xu.x_u4_u1.e_abmgate#branch                0
stdout e.xu.e_u4_abm180#branch                      0
stdout e.xu.e_u4_abm178#branch                      0
stdout e.xu.x_u7_u824.e_abmgate#branch               0
stdout e.xu.x_u7_u822.e_abmgate2#branch               0
stdout e.xu.x_u7_u822.e_abmgate1#branch               0
stdout e.xu.x_u7_u827.e_abmgate#branch    -3.65776e-99
stdout e.xu.x_u7_u823.e_abmgate#branch     7.31565e-99
stdout e.xu.e_u7_abm13#branch                       0
stdout e.xu.x_u7_u825.e_abmgate#branch               0
stdout e.xu.x_u7_u826.e_abmgate2#branch               0
stdout e.xu.x_u7_u826.e_abmgate1#branch               0
stdout e.xu.x_u7_u6.e_abmgate#branch                0
stdout e.xu.e_u1_abm1#branch                        0
stdout e.xu.e_u1_abm173#branch            2.11082e-10
stdout e.xu.x_u11_u602.e_abm#branch                 0
stdout e.xu.x_u11_u603.e_abmgate#branch               0
stdout e.xu.x_u11_u601.e_abmgate#branch               0
stdout e.xu.e_u11_abm173#branch                     0
stdout e.xu.x_u11_u604.e_abmgate#branch               0
stdout e.xu.e_u5_abm171#branch                      0
stdout e.xu.x_u5_u614.e_abmgate#branch               0
stdout e.xu.e_u5_abm8#branch                        0
stdout e.xu.x_u5_u603.e_abmgate#branch               0
stdout e.xu.e_u5_abm177#branch                      0
stdout e.xu.x_u8_u5.e_abm#branch                    0
stdout e.xu.e_u8_abm167#branch                      0
stdout e.xu.x_u8_u605.e_abmgate#branch               0
stdout e.xu.x_u8_u611.e_abmgate2#branch               0
stdout e.xu.x_u8_u611.e_abmgate1#branch               0
stdout e.xu.e_u8_abm169#branch                      0
stdout e.xu.x_u8_u604.e_abmgate#branch               0
stdout e.xu.x_u8_u610.e_abmgate#branch               0
stdout e.xu.e_u8_abm2#branch                        0
stdout e.xu.x_u8_u609.e_abmgate#branch      -1.001e-09
stdout e.xu.x_u8_u612.e_abmgate2#branch               0
stdout e.xu.x_u8_u612.e_abmgate1#branch               0
stdout e.xu.x_u8_u607.e_abmgate#branch               0
stdout e.xu.x_u8_u602.e_abmgate#branch               0
stdout e.xu.x_u8_u608.e_abmgate#branch               0
stdout e.xu.x_u8_u613.e_abmgate#branch               0
stdout e.xu.x_u8_u606.e_abmgate#branch               0
stdout e.xu.e_u3_abm6#branch                        0
stdout e.xu.x_u3_u137.e_abmgate2#branch               0
stdout e.xu.x_u3_u137.e_abmgate1#branch               0
stdout e.xu.e_u3_abm4#branch                        0
stdout e.xu.x_u3_u8.e_abm#branch                    0
stdout e.xu.x_u3_u136.e_abmgate#branch    4.54076e-168
stdout e.xu.e_u3_abm7#branch                        0
stdout e.xu.e_u3_abm165#branch                      0
stdout e.xu.x_u3_u134.e_abmgate#branch      -1.001e-09
stdout e.xu.e_u3_abm166#branch                      0
stdout e.xu.x_u3_u135.e_abmgate2#branch               0
stdout e.xu.x_u3_u135.e_abmgate1#branch               0
stdout e.xu.x_u3_u138.e_abmgate#branch               0
stdout e.xu.x_u3_u7.e_abm#branch                    0
stdout e.xu.x_u3_u131.e_abm#branch                  0
stdout e.xu.e_u3_abm1#branch                        0
stdout e.xu.x_u3_u6.e_abm#branch                    0
stdout e.xu.e_u3_abm164#branch                      0
stdout e.xu.x_u6_u604.eout#branch                   0
stdout e.xu.x_u6_u604.ehys#branch            4.36e-05
stdout e.xu.x_u6_u604.ein#branch            -4.36e-05
stdout e.xu.x_u6_u598.e_abmgate#branch               0
stdout e.xu.x_u6_u600.e_abm#branch                  0
stdout e.xu.x_u6_u599.e_abmgate2#branch               0
stdout e.xu.x_u6_u599.e_abmgate1#branch               0
stdout e.xu.e_u6_abm151#branch           1.79267e-100
stdout e.xu.e_u6_abm164#branch                      0
stdout e.xu.e_u6_abm165#branch                      0
stdout e.xu.x_u6_u602.e_abmgate#branch               0
stdout e.xu.e_u6_abm152#branch                      0
stdout e.xu.e_u6_abm163#branch                      0
stdout e.xu.e_u6_abm148#branch                      0
stdout e.xu.x_u6_u603.eqb#branch                    0
stdout e.xu.x_u6_u603.x3.e_abmgate2#branch               0
stdout e.xu.x_u6_u603.x3.e_abmgate1#branch               0
stdout e.xu.x_u6_u603.eq#branch                     0
stdout e.xu.x_u6_u603.x2.e_abmgate#branch               0
stdout e.xu.x_u6_u603.x1.e_abmgate2#branch               0
stdout e.xu.x_u6_u603.x1.e_abmgate1#branch               0
stdout e.xu.x_u6_u134.e_abmgate#branch      -1.001e-09
stdout v.xu.v_u4_v70#branch                -1.701e-12
stdout v.xu.v_u11_v64#branch                        0
stdout v.xu.v_u5_v5#branch                -2.6696e-06
stdout v.xu.v_u5_v6#branch               -1.40661e-12
stdout v.xu.v_u3_v45#branch              -5.07254e-05
stdout v.xu.v_u3_v46#branch                         0
stdout v.xu.v_v46#branch                            0
stdout v.xu.v_u6_v2#branch                          0
stdout v.xu.x_u6_u603.v1#branch            -1.001e-12
stdout v.xu.v_u6_v1#branch                          0
stdout v.xu.v_v47#branch                            0
 Reference value :  2.39420e-04
 Reference value :  6.26920e-04
 Reference value :  1.01717e-03
 Reference value :  1.40192e-03
 Reference value :  1.79617e-03
 Reference value :  2.17966e-03
 Reference value :  2.56841e-03
 Reference value :  2.95491e-03
 Reference value :  3.34041e-03
 Reference value :  3.47188e-03
 Reference value :  3.51080e-03
 Reference value :  3.56923e-03
 Reference value :  3.59765e-03
 Reference value :  3.60734e-03
 Reference value :  3.62668e-03
 Reference value :  3.64607e-03
 Reference value :  3.66545e-03
 Reference value :  3.69085e-03
 Reference value :  3.72076e-03
 Reference value :  3.74169e-03
 Reference value :  3.76097e-03
 Reference value :  3.78017e-03
 Reference value :  3.79927e-03
 Reference value :  3.81837e-03
 Reference value :  3.83742e-03
 Reference value :  3.85676e-03
 Reference value :  3.87598e-03
 Reference value :  3.89508e-03
 Reference value :  3.91454e-03
 Reference value :  3.93396e-03
 Reference value :  3.95491e-03
 Reference value :  3.97450e-03
 Reference value :  4.01104e-03
 Reference value :  4.03043e-03
 Reference value :  4.04959e-03
 Reference value :  4.06913e-03
 Reference value :  4.09085e-03
 Reference value :  4.12693e-03
 Reference value :  4.14624e-03
 Reference value :  4.16545e-03
 Reference value :  4.18762e-03
 Reference value :  4.20693e-03
 Reference value :  4.22633e-03
 Reference value :  4.26197e-03
 Reference value :  4.28122e-03
 Reference value :  4.30051e-03
 Reference value :  4.32315e-03
 Reference value :  4.34237e-03
 Reference value :  4.37732e-03
 Reference value :  4.39672e-03
 Reference value :  4.41986e-03
 Reference value :  4.43914e-03
 Reference value :  4.47347e-03
 Reference value :  4.49293e-03
 Reference value :  4.51648e-03
 Reference value :  4.55044e-03
 Reference value :  4.56978e-03
 Reference value :  4.58909e-03
 Reference value :  4.61312e-03
 Reference value :  4.63265e-03
 Reference value :  4.65919e-03
 Reference value :  4.68537e-03
 Reference value :  4.71001e-03
 Reference value :  4.72938e-03
 Reference value :  4.74880e-03
 Reference value :  4.78182e-03
 Reference value :  4.80108e-03
 Reference value :  4.81296e-03
 Reference value :  4.82572e-03
 Reference value :  4.83544e-03
 Reference value :  4.85153e-03
 Reference value :  4.86123e-03
 Reference value :  4.87420e-03
 Reference value :  4.88840e-03
 Reference value :  4.89968e-03
 Reference value :  4.91269e-03
 Reference value :  4.92656e-03
 Reference value :  4.93823e-03
 Reference value :  4.94785e-03
 Reference value :  4.95792e-03
 Reference value :  4.97094e-03
 Reference value :  4.98074e-03
 Reference value :  4.99636e-03
 Reference value :  5.00968e-03
 Reference value :  5.01949e-03
 Reference value :  5.03496e-03
 Reference value :  5.04469e-03
 Reference value :  5.05825e-03
 Reference value :  5.06806e-03
 Reference value :  5.08340e-03
 Reference value :  5.09301e-03
 Reference value :  5.10273e-03
 Reference value :  5.11652e-03
 Reference value :  5.13160e-03
 Reference value :  5.14131e-03
 Reference value :  5.15108e-03
 Reference value :  5.16485e-03
 Reference value :  5.17966e-03
 Reference value :  5.18931e-03
 Reference value :  5.20328e-03
 Reference value :  5.21314e-03
 Reference value :  5.22777e-03
 Reference value :  5.23750e-03
 Reference value :  5.24712e-03
 Reference value :  5.26177e-03
 Reference value :  5.27588e-03
 Reference value :  5.28575e-03
 Reference value :  5.29535e-03
 Reference value :  5.30991e-03
 Reference value :  5.31952e-03
 Reference value :  5.33386e-03
 Reference value :  5.34851e-03
 Reference value :  5.35840e-03
 Reference value :  5.37085e-03
 Reference value :  5.38218e-03
 Reference value :  5.39189e-03
 Reference value :  5.40662e-03
 Reference value :  5.41650e-03
 Reference value :  5.43044e-03
 Reference value :  5.44017e-03
 Reference value :  5.44993e-03
 Reference value :  5.46085e-03
 Reference value :  5.47464e-03
 Reference value :  5.48433e-03
 Reference value :  5.49823e-03
 Reference value :  5.50491e-03
 Reference value :  5.51266e-03
 Reference value :  5.51943e-03
 Reference value :  5.52427e-03
 Reference value :  5.52933e-03
 Reference value :  5.53687e-03
 Reference value :  5.54365e-03
 Reference value :  5.55137e-03
 Reference value :  5.55629e-03
 Reference value :  5.56312e-03
 Reference value :  5.56794e-03
 Reference value :  5.57569e-03
 Reference value :  5.58238e-03
 Reference value :  5.58730e-03
 Reference value :  5.59520e-03
 Reference value :  5.60193e-03
 Reference value :  5.60681e-03
 Reference value :  5.61451e-03
 Reference value :  5.61944e-03
 Reference value :  5.62605e-03
 Reference value :  5.63096e-03
 Reference value :  5.63882e-03
 Reference value :  5.64367e-03
 Reference value :  5.65026e-03
 Reference value :  5.65515e-03
 Reference value :  5.66302e-03
 Reference value :  5.66962e-03
 Reference value :  5.67450e-03
 Reference value :  5.67933e-03
 Reference value :  5.68741e-03
 Reference value :  5.69224e-03
 Reference value :  5.69869e-03
 Reference value :  5.70358e-03
 Reference value :  5.70877e-03
 Reference value :  5.71693e-03
 Reference value :  5.72301e-03
 Reference value :  5.72790e-03
 Reference value :  5.73593e-03
 Reference value :  5.74238e-03
 Reference value :  5.74723e-03
 Reference value :  5.75537e-03
 Reference value :  5.76175e-03
 Reference value :  5.76688e-03
 Reference value :  5.77474e-03
 Reference value :  5.78102e-03
 Reference value :  5.78598e-03
 Reference value :  5.79406e-03
 Reference value :  5.80043e-03
 Reference value :  5.80538e-03
 Reference value :  5.81351e-03
 Reference value :  5.81978e-03
 Reference value :  5.82472e-03
 Reference value :  5.83287e-03
 Reference value :  5.83913e-03
 Reference value :  5.84404e-03
 Reference value :  5.85232e-03
 Reference value :  5.85723e-03
 Reference value :  5.86329e-03
 Reference value :  5.86829e-03
 Reference value :  5.87321e-03
 Reference value :  5.88145e-03
 Reference value :  5.88761e-03
 Reference value :  5.89256e-03
 Reference value :  5.90087e-03
 Reference value :  5.90602e-03
 Reference value :  5.91186e-03
 Reference value :  5.91675e-03
 Reference value :  5.92527e-03
 Reference value :  5.93126e-03
 Reference value :  5.93612e-03
 Reference value :  5.94455e-03
 Reference value :  5.94947e-03
 Reference value :  5.95550e-03
 Reference value :  5.96045e-03
 Reference value :  5.96892e-03
 Reference value :  5.97499e-03
 Reference value :  5.97997e-03
 Reference value :  5.98855e-03
 Reference value :  5.99440e-03
 Reference value :  5.99931e-03
 Reference value :  6.00428e-03
 Reference value :  6.01275e-03
 Reference value :  6.01871e-03
 Reference value :  6.02375e-03
 Reference value :  6.03221e-03
 Reference value :  6.03805e-03
 Reference value :  6.04301e-03
 Reference value :  6.05166e-03
 Reference value :  6.05752e-03
 Reference value :  6.06244e-03
 Reference value :  6.07116e-03
 Reference value :  6.07698e-03
 Reference value :  6.08588e-03
 Reference value :  6.09147e-03
 Reference value :  6.09651e-03
 Reference value :  6.10539e-03
 Reference value :  6.11033e-03
 Reference value :  6.11595e-03
 Reference value :  6.12086e-03
 Reference value :  6.12976e-03
 Reference value :  6.13489e-03
 Reference value :  6.14021e-03
 Reference value :  6.14512e-03
 Reference value :  6.15414e-03
 Reference value :  6.15954e-03
 Reference value :  6.16866e-03
 Reference value :  6.17350e-03
 Reference value :  6.17899e-03
 Reference value :  6.18786e-03
 Reference value :  6.19314e-03
 Reference value :  6.19797e-03
 Reference value :  6.20326e-03
 Reference value :  6.20818e-03
 Reference value :  6.21733e-03
 Reference value :  6.22224e-03
 Reference value :  6.22760e-03
 Reference value :  6.23330e-03
 Reference value :  6.23583e-03
 Reference value :  6.23851e-03
 Reference value :  6.24118e-03
 Reference value :  6.24564e-03
 Reference value :  6.24826e-03
 Reference value :  6.25293e-03
 Reference value :  6.25560e-03
 Reference value :  6.25805e-03
 Reference value :  6.26276e-03
 Reference value :  6.26539e-03
 Reference value :  6.26792e-03
 Reference value :  6.27257e-03
 Reference value :  6.27517e-03
 Reference value :  6.27761e-03
 Reference value :  6.28235e-03
 Reference value :  6.28494e-03
 Reference value :  6.28967e-03
 Reference value :  6.29224e-03
 Reference value :  6.29479e-03
 Reference value :  6.29950e-03
 Reference value :  6.30211e-03
 Reference value :  6.30684e-03
 Reference value :  6.30940e-03
 Reference value :  6.31187e-03
 Reference value :  6.31665e-03
 Reference value :  6.31923e-03
 Reference value :  6.32171e-03
 Reference value :  6.32648e-03
 Reference value :  6.32902e-03
 Reference value :  6.33375e-03
 Reference value :  6.33628e-03
 Reference value :  6.33877e-03
 Reference value :  6.34356e-03
 Reference value :  6.34607e-03
 Reference value :  6.34931e-03
 Reference value :  6.35333e-03
 Reference value :  6.35577e-03
 Reference value :  6.36059e-03
 Reference value :  6.36313e-03
 Reference value :  6.36564e-03
 Reference value :  6.37038e-03
 Reference value :  6.37291e-03
 Reference value :  6.37772e-03
 Reference value :  6.38021e-03
 Reference value :  6.38503e-03
 Reference value :  6.38987e-03
 Reference value :  6.39244e-03
 Reference value :  6.39731e-03
 Reference value :  6.39980e-03
 Reference value :  6.40468e-03
 Reference value :  6.40716e-03
 Reference value :  6.41441e-03
 Reference value :  6.41943e-03
 Reference value :  6.42679e-03
 Reference value :  6.43415e-03
 Reference value :  6.44151e-03
 Reference value :  6.44887e-03
 Reference value :  6.45624e-03
 Reference value :  6.46361e-03
 Reference value :  6.47101e-03
 Reference value :  6.47833e-03
 Reference value :  6.48572e-03
 Reference value :  6.49537e-03
 Reference value :  6.50274e-03
 Reference value :  6.51007e-03
 Reference value :  6.51741e-03
 Reference value :  6.52476e-03
 Reference value :  6.53213e-03
 Reference value :  6.53949e-03
 Reference value :  6.54684e-03
 Reference value :  6.55418e-03
 Reference value :  6.56153e-03
 Reference value :  6.56891e-03
 Reference value :  6.57624e-03
 Reference value :  6.58360e-03
 Reference value :  6.59094e-03
 Reference value :  6.59831e-03
 Reference value :  6.60565e-03
 Reference value :  6.61298e-03
 Reference value :  6.62033e-03
 Reference value :  6.62766e-03
 Reference value :  6.63501e-03
 Reference value :  6.64236e-03
 Reference value :  6.64970e-03
 Reference value :  6.65707e-03
 Reference value :  6.66437e-03
 Reference value :  6.67171e-03
 Reference value :  6.67908e-03
 Reference value :  6.68644e-03
 Reference value :  6.69380e-03
 Reference value :  6.70103e-03
 Reference value :  6.70621e-03
 Reference value :  6.71365e-03
 Reference value :  6.72317e-03
 Reference value :  6.73051e-03
 Reference value :  6.73551e-03
 Reference value :  6.74282e-03
 Reference value :  6.75015e-03
 Reference value :  6.75829e-03
 Reference value :  6.76493e-03
 Reference value :  6.77217e-03
 Reference value :  6.77952e-03
 Reference value :  6.78686e-03
 Reference value :  6.79422e-03
 Reference value :  6.80157e-03
 Reference value :  6.80889e-03
 Reference value :  6.81623e-03
 Reference value :  6.82358e-03
 Reference value :  6.83092e-03
 Reference value :  6.83827e-03
 Reference value :  6.84562e-03
 Reference value :  6.85295e-03
 Reference value :  6.86032e-03
 Reference value :  6.86763e-03
 Reference value :  6.87499e-03
 Reference value :  6.88233e-03
 Reference value :  6.88969e-03
 Reference value :  6.89705e-03
 Reference value :  6.90437e-03
 Reference value :  6.91173e-03
 Reference value :  6.91909e-03
 Reference value :  6.92642e-03
 Reference value :  6.93379e-03
 Reference value :  6.93870e-03
 Reference value :  6.94603e-03
 Reference value :  6.95338e-03
 Reference value :  6.96071e-03
 Reference value :  6.96807e-03
 Reference value :  6.97542e-03
 Reference value :  6.98275e-03
 Reference value :  6.99011e-03
 Reference value :  6.99734e-03
 Reference value :  7.00250e-03
 Reference value :  7.00980e-03
 Reference value :  7.01947e-03
 Reference value :  7.02682e-03
 Reference value :  7.03182e-03
 Reference value :  7.03912e-03
 Reference value :  7.04646e-03
 Reference value :  7.05392e-03
 Reference value :  7.06122e-03
 Reference value :  7.06848e-03
 Reference value :  7.07582e-03
 Reference value :  7.08319e-03
 Reference value :  7.09050e-03
 Reference value :  7.09786e-03
 Reference value :  7.10520e-03
 Reference value :  7.11254e-03
 Reference value :  7.11990e-03
 Reference value :  7.12723e-03
 Reference value :  7.13458e-03
 Reference value :  7.14015e-03
 Reference value :  7.14699e-03
 Reference value :  7.15439e-03
 Reference value :  7.16163e-03
 Reference value :  7.16898e-03
 Reference value :  7.17625e-03
 Reference value :  7.18360e-03
 Reference value :  7.19091e-03
 Reference value :  7.19826e-03
 Reference value :  7.20564e-03
 Reference value :  7.21302e-03
 Reference value :  7.22039e-03
 Reference value :  7.22776e-03
 Reference value :  7.23514e-03
 Reference value :  7.24257e-03
 Reference value :  7.25000e-03
 Reference value :  7.25956e-03
 Reference value :  7.26701e-03
 Reference value :  7.27439e-03
 Reference value :  7.28177e-03
 Reference value :  7.28914e-03
 Reference value :  7.29652e-03
 Reference value :  7.30389e-03
 Reference value :  7.31126e-03
 Reference value :  7.31862e-03
 Reference value :  7.32594e-03
 Reference value :  7.33331e-03
 Reference value :  7.34066e-03
 Reference value :  7.34801e-03
 Reference value :  7.35534e-03
 Reference value :  7.36270e-03
 Reference value :  7.37003e-03
 Reference value :  7.37738e-03
 Reference value :  7.38473e-03
 Reference value :  7.39207e-03
 Reference value :  7.39943e-03
 Reference value :  7.40677e-03
 Reference value :  7.41412e-03
 Reference value :  7.42146e-03
 Reference value :  7.42880e-03
 Reference value :  7.43613e-03
 Reference value :  7.44349e-03
 Reference value :  7.45087e-03
 Reference value :  7.45823e-03
 Reference value :  7.46546e-03
 Reference value :  7.47079e-03
 Reference value :  7.48016e-03
 Reference value :  7.48760e-03
 Reference value :  7.49496e-03
 Reference value :  7.50228e-03
 Reference value :  7.50965e-03
 Reference value :  7.51700e-03
 Reference value :  7.52434e-03
 Reference value :  7.53170e-03
 Reference value :  7.53902e-03
 Reference value :  7.54638e-03
 Reference value :  7.55374e-03
 Reference value :  7.56107e-03
 Reference value :  7.56844e-03
 Reference value :  7.57576e-03
 Reference value :  7.58312e-03
 Reference value :  7.58988e-03
 Reference value :  7.59773e-03
 Reference value :  7.60279e-03
 Reference value :  7.61012e-03
 Reference value :  7.61747e-03
 Reference value :  7.62720e-03
 Reference value :  7.63455e-03
 Reference value :  7.63956e-03
 Reference value :  7.64692e-03
 Reference value :  7.65427e-03
 Reference value :  7.66394e-03
 Reference value :  7.67131e-03
 Reference value :  7.67670e-03
 Reference value :  7.68366e-03
 Reference value :  7.69100e-03
 Reference value :  7.70067e-03
 Reference value :  7.70802e-03
 Reference value :  7.71302e-03
 Reference value :  7.72038e-03
 Reference value :  7.72770e-03
 Reference value :  7.73736e-03
 Reference value :  7.74235e-03
 Reference value :  7.74970e-03
 Reference value :  7.75704e-03
 Reference value :  7.76438e-03
 Reference value :  7.77173e-03
 Reference value :  7.77905e-03
 Reference value :  7.78641e-03
 Reference value :  7.79374e-03
 Reference value :  7.80110e-03
 Reference value :  7.80846e-03
 Reference value :  7.81569e-03
 Reference value :  7.82102e-03
 Reference value :  7.82846e-03
 Reference value :  7.83783e-03
 Reference value :  7.84516e-03
 Reference value :  7.85021e-03
 Reference value :  7.85904e-03
 Reference value :  7.86718e-03
 Reference value :  7.87463e-03
 Reference value :  7.88202e-03
 Reference value :  7.88939e-03
 Reference value :  7.89677e-03
 Reference value :  7.90414e-03
 Reference value :  7.91151e-03
 Reference value :  7.91888e-03
 Reference value :  7.92626e-03
 Reference value :  7.93368e-03
 Reference value :  7.94106e-03
 Reference value :  7.94859e-03
 Reference value :  7.95805e-03
 Reference value :  7.96550e-03
 Reference value :  7.97268e-03
 Reference value :  7.98019e-03
 Reference value :  7.98539e-03
 Reference value :  7.99258e-03
 Reference value :  8.00003e-03
 Reference value :  8.00725e-03
 Reference value :  8.01489e-03
 Reference value :  8.02193e-03
 Reference value :  8.02926e-03
 Reference value :  8.03663e-03
 Reference value :  8.04393e-03
 Reference value :  8.05128e-03
 Reference value :  8.05861e-03
 Reference value :  8.06597e-03
 Reference value :  8.07329e-03
 Reference value :  8.08063e-03
 Reference value :  8.08797e-03
 Reference value :  8.09530e-03
 Reference value :  8.10265e-03
 Reference value :  8.11000e-03
 Reference value :  8.11736e-03
 Reference value :  8.12471e-03
 Reference value :  8.13198e-03
 Reference value :  8.13717e-03
 Reference value :  8.14590e-03
 Reference value :  8.15407e-03
 Reference value :  8.16139e-03
 Reference value :  8.16882e-03
 Reference value :  8.17612e-03
 Reference value :  8.18350e-03
 Reference value :  8.19085e-03
 Reference value :  8.19820e-03
 Reference value :  8.20556e-03
 Reference value :  8.21290e-03
 Reference value :  8.22025e-03
 Reference value :  8.22759e-03
 Reference value :  8.23495e-03
 Reference value :  8.24229e-03
 Reference value :  8.24964e-03
 Reference value :  8.25700e-03
 Reference value :  8.26432e-03
 Reference value :  8.27169e-03
 Reference value :  8.27902e-03
 Reference value :  8.28638e-03
 Reference value :  8.29369e-03
 Reference value :  8.30102e-03
 Reference value :  8.30839e-03
 Reference value :  8.31575e-03
 Reference value :  8.32312e-03
 Reference value :  8.33044e-03
 Reference value :  8.33781e-03
 Reference value :  8.34516e-03
 Reference value :  8.35250e-03
 Reference value :  8.35985e-03
 Reference value :  8.36719e-03
 Reference value :  8.37455e-03
 Reference value :  8.38189e-03
 Reference value :  8.38924e-03
 Reference value :  8.39660e-03
 Reference value :  8.40393e-03
 Reference value :  8.41130e-03
 Reference value :  8.41862e-03
 Reference value :  8.42598e-03
 Reference value :  8.43332e-03
 Reference value :  8.44067e-03
 Reference value :  8.44803e-03
 Reference value :  8.45534e-03
 Reference value :  8.46030e-03
 Reference value :  8.46766e-03
 Reference value :  8.47498e-03
 Reference value :  8.48234e-03
 Reference value :  8.48968e-03
 Reference value :  8.49702e-03
 Reference value :  8.50437e-03
 Reference value :  8.51171e-03
 Reference value :  8.51906e-03
 Reference value :  8.52641e-03
 Reference value :  8.53375e-03
 Reference value :  8.54110e-03
 Reference value :  8.54843e-03
 Reference value :  8.55579e-03
 Reference value :  8.56313e-03
 Reference value :  8.57047e-03
 Reference value :  8.57784e-03
 Reference value :  8.58508e-03
 Reference value :  8.59249e-03
 Reference value :  8.59985e-03
 Reference value :  8.60720e-03
 Reference value :  8.61454e-03
 Reference value :  8.62190e-03
 Reference value :  8.62923e-03
 Reference value :  8.63659e-03
 Reference value :  8.64393e-03
 Reference value :  8.65127e-03
 Reference value :  8.65863e-03
 Reference value :  8.66596e-03
 Reference value :  8.67332e-03
 Reference value :  8.68066e-03
 Reference value :  8.68797e-03
 Reference value :  8.69527e-03
 Reference value :  8.70265e-03
 Reference value :  8.70997e-03
 Reference value :  8.71740e-03
 Reference value :  8.72470e-03
 Reference value :  8.73208e-03
 Reference value :  8.73781e-03
 Reference value :  8.74456e-03
 Reference value :  8.75170e-03
 Reference value :  8.75906e-03
 Reference value :  8.76641e-03
 Reference value :  8.77611e-03
 Reference value :  8.78342e-03
 Reference value :  8.78846e-03
 Reference value :  8.79581e-03
 Reference value :  8.80316e-03
 Reference value :  8.81289e-03
 Reference value :  8.82025e-03
 Reference value :  8.82527e-03
 Reference value :  8.83260e-03
 Reference value :  8.83995e-03
 Reference value :  8.84963e-03
 Reference value :  8.85697e-03
 Reference value :  8.86199e-03
 Reference value :  8.86927e-03
 Reference value :  8.87665e-03
 Reference value :  8.88396e-03
 Reference value :  8.89136e-03
 Reference value :  8.89864e-03
 Reference value :  8.90600e-03
 Reference value :  8.91335e-03
 Reference value :  8.92069e-03
 Reference value :  8.92803e-03
 Reference value :  8.93537e-03
 Reference value :  8.94273e-03
 Reference value :  8.95005e-03
 Reference value :  8.95741e-03
 Reference value :  8.96476e-03
 Reference value :  8.97209e-03
 Reference value :  8.97944e-03
 Reference value :  8.98678e-03
 Reference value :  8.99414e-03
 Reference value :  9.00146e-03
 Reference value :  9.00882e-03
 Reference value :  9.01617e-03
 Reference value :  9.02351e-03
 Reference value :  9.03087e-03
 Reference value :  9.03820e-03
 Reference value :  9.04555e-03
 Reference value :  9.05291e-03
 Reference value :  9.06025e-03
 Reference value :  9.06761e-03
 Reference value :  9.07493e-03
 Reference value :  9.08229e-03
 Reference value :  9.08964e-03
 Reference value :  9.09698e-03
 Reference value :  9.10436e-03
 Reference value :  9.11172e-03
 Reference value :  9.11906e-03
 Reference value :  9.12643e-03
 Reference value :  9.13373e-03
 Reference value :  9.14106e-03
 Reference value :  9.14836e-03
 Reference value :  9.15580e-03
 Reference value :  9.16316e-03
 Reference value :  9.17039e-03
 Reference value :  9.17614e-03
 Reference value :  9.18340e-03
 Reference value :  9.19253e-03
 Reference value :  9.19989e-03
 Reference value :  9.20489e-03
 Reference value :  9.21218e-03
 Reference value :  9.21952e-03
 Reference value :  9.22921e-03
 Reference value :  9.23652e-03
 Reference value :  9.24155e-03
 Reference value :  9.24890e-03
 Reference value :  9.25622e-03
 Reference value :  9.26357e-03
 Reference value :  9.27090e-03
 Reference value :  9.27826e-03
 Reference value :  9.28561e-03
 Reference value :  9.29294e-03
 Reference value :  9.30021e-03
 Reference value :  9.30706e-03
 Reference value :  9.31267e-03
 Reference value :  9.32000e-03
 Reference value :  9.32727e-03
 Reference value :  9.33462e-03
 Reference value :  9.34195e-03
 Reference value :  9.34931e-03
 Reference value :  9.35665e-03
 Reference value :  9.36401e-03
 Reference value :  9.37137e-03
 Reference value :  9.37877e-03
 Reference value :  9.38614e-03
 Reference value :  9.39385e-03
 Reference value :  9.40317e-03
 Reference value :  9.41053e-03
 Reference value :  9.41776e-03
 Reference value :  9.42302e-03
 Reference value :  9.43247e-03
 Reference value :  9.43991e-03
 Reference value :  9.44727e-03
 Reference value :  9.45460e-03
 Reference value :  9.46197e-03
 Reference value :  9.46931e-03
 Reference value :  9.47666e-03
 Reference value :  9.48403e-03
 Reference value :  9.49123e-03
 Reference value :  9.49864e-03
 Reference value :  9.50603e-03
 Reference value :  9.51340e-03
 Reference value :  9.52078e-03
 Reference value :  9.52816e-03
 Reference value :  9.53553e-03
 Reference value :  9.54296e-03
 Reference value :  9.55043e-03
 Reference value :  9.56000e-03
 Reference value :  9.56741e-03
 Reference value :  9.57479e-03
 Reference value :  9.58217e-03
 Reference value :  9.58955e-03
 Reference value :  9.59693e-03
 Reference value :  9.60440e-03
 Reference value :  9.61398e-03
 Reference value :  9.62144e-03
 Reference value :  9.62882e-03
 Reference value :  9.63620e-03
 Reference value :  9.64357e-03
 Reference value :  9.65100e-03
 Reference value :  9.65844e-03
 Reference value :  9.66776e-03
 Reference value :  9.67543e-03
 Reference value :  9.68279e-03
 Reference value :  9.68794e-03
 Reference value :  9.69514e-03
 Reference value :  9.70248e-03
 Reference value :  9.71216e-03
 Reference value :  9.71950e-03
 Reference value :  9.72450e-03
 Reference value :  9.73181e-03
 Reference value :  9.73915e-03
 Reference value :  9.74885e-03
 Reference value :  9.75616e-03
 Reference value :  9.76118e-03
 Reference value :  9.76854e-03
 Reference value :  9.77588e-03
 Reference value :  9.78558e-03
 Reference value :  9.79081e-03
 Reference value :  9.79795e-03
 Reference value :  9.80537e-03
 Reference value :  9.81272e-03
 Reference value :  9.82035e-03
 Reference value :  9.82742e-03
 Reference value :  9.83478e-03
 Reference value :  9.84436e-03
 Reference value :  9.85175e-03
 Reference value :  9.85914e-03
 Reference value :  9.86645e-03
 Reference value :  9.87383e-03
 Reference value :  9.88120e-03
 Reference value :  9.88852e-03
 Reference value :  9.89589e-03
 Reference value :  9.90323e-03
 Reference value :  9.91058e-03
 Reference value :  9.91794e-03
 Reference value :  9.92526e-03
 Reference value :  9.93263e-03
 Reference value :  9.93997e-03
 Reference value :  9.94661e-03
 Reference value :  9.95457e-03
 Reference value :  9.96202e-03
 Reference value :  9.96935e-03
 Reference value :  9.97671e-03
 Reference value :  9.98406e-03
 Reference value :  9.99140e-03
 Reference value :  9.99877e-03
 Reference value :  1.00061e-02
 Reference value :  1.00134e-02
 Reference value :  1.00208e-02
 Reference value :  1.00282e-02
 Reference value :  1.00355e-02
 Reference value :  1.00428e-02
 Reference value :  1.00502e-02
 Reference value :  1.00575e-02
 Reference value :  1.00649e-02
 Reference value :  1.00723e-02
 Reference value :  1.00796e-02
 Reference value :  1.00869e-02
 Reference value :  1.00943e-02
 Reference value :  1.01016e-02
 Reference value :  1.01090e-02
 Reference value :  1.01164e-02
 Reference value :  1.01237e-02
 Reference value :  1.01311e-02
 Reference value :  1.01384e-02
 Reference value :  1.01458e-02
 Reference value :  1.01531e-02
 Reference value :  1.01607e-02
 Reference value :  1.01679e-02
 Reference value :  1.01752e-02
 Reference value :  1.01848e-02
 Reference value :  1.01922e-02
 Reference value :  1.01996e-02
 Reference value :  1.02069e-02
 Reference value :  1.02143e-02
 Reference value :  1.02216e-02
 Reference value :  1.02290e-02
 Reference value :  1.02363e-02
 Reference value :  1.02437e-02
 Reference value :  1.02510e-02
 Reference value :  1.02584e-02
 Reference value :  1.02657e-02
 Reference value :  1.02731e-02
 Reference value :  1.02804e-02
 Reference value :  1.02878e-02
 Reference value :  1.02951e-02
 Reference value :  1.03024e-02
 Reference value :  1.03098e-02
 Reference value :  1.03171e-02
 Reference value :  1.03245e-02
 Reference value :  1.03318e-02
 Reference value :  1.03392e-02
 Reference value :  1.03465e-02
 Reference value :  1.03539e-02
 Reference value :  1.03612e-02
 Reference value :  1.03686e-02
 Reference value :  1.03759e-02
 Reference value :  1.03833e-02
 Reference value :  1.03906e-02
 Reference value :  1.03980e-02
 Reference value :  1.04053e-02
 Reference value :  1.04127e-02
 Reference value :  1.04200e-02
 Reference value :  1.04274e-02
 Reference value :  1.04347e-02
 Reference value :  1.04421e-02
 Reference value :  1.04494e-02
 Reference value :  1.04568e-02
 Reference value :  1.04641e-02
 Reference value :  1.04715e-02
 Reference value :  1.04789e-02
 Reference value :  1.04864e-02
 Reference value :  1.04958e-02
 Reference value :  1.05032e-02
 Reference value :  1.05106e-02
 Reference value :  1.05179e-02
 Reference value :  1.05253e-02
 Reference value :  1.05327e-02
 Reference value :  1.05400e-02
 Reference value :  1.05474e-02
 Reference value :  1.05547e-02
 Reference value :  1.05621e-02
 Reference value :  1.05717e-02
 Reference value :  1.05767e-02
 Reference value :  1.05841e-02
 Reference value :  1.05914e-02
 Reference value :  1.05988e-02
 Reference value :  1.06062e-02
 Reference value :  1.06137e-02
 Reference value :  1.06209e-02
 Reference value :  1.06283e-02
 Reference value :  1.06380e-02
 Reference value :  1.06431e-02
 Reference value :  1.06526e-02
 Reference value :  1.06582e-02
 Reference value :  1.06673e-02
 Reference value :  1.06747e-02
 Reference value :  1.06820e-02
 Reference value :  1.06894e-02
 Reference value :  1.06967e-02
 Reference value :  1.07041e-02
 Reference value :  1.07115e-02
 Reference value :  1.07188e-02
 Reference value :  1.07261e-02
 Reference value :  1.07335e-02
 Reference value :  1.07409e-02
 Reference value :  1.07482e-02
 Reference value :  1.07556e-02
 Reference value :  1.07629e-02
 Reference value :  1.07703e-02
 Reference value :  1.07777e-02
 Reference value :  1.07852e-02
 Reference value :  1.07924e-02
 Reference value :  1.07997e-02
 Reference value :  1.08070e-02
 Reference value :  1.08144e-02
 Reference value :  1.08218e-02
 Reference value :  1.08292e-02
 Reference value :  1.08388e-02
 Reference value :  1.08461e-02
 Reference value :  1.08535e-02
 Reference value :  1.08608e-02
 Reference value :  1.08682e-02
 Reference value :  1.08756e-02
 Reference value :  1.08829e-02
 Reference value :  1.08903e-02
 Reference value :  1.08976e-02
 Reference value :  1.09050e-02
 Reference value :  1.09123e-02
 Reference value :  1.09197e-02
 Reference value :  1.09270e-02
 Reference value :  1.09344e-02
 Reference value :  1.09417e-02
 Reference value :  1.09490e-02
 Reference value :  1.09564e-02
 Reference value :  1.09638e-02
 Reference value :  1.09711e-02
 Reference value :  1.09785e-02
 Reference value :  1.09859e-02
 Reference value :  1.09932e-02
 Reference value :  1.10005e-02
 Reference value :  1.10079e-02
 Reference value :  1.10152e-02
 Reference value :  1.10226e-02
 Reference value :  1.10300e-02
 Reference value :  1.10373e-02
 Reference value :  1.10447e-02
 Reference value :  1.10521e-02
 Reference value :  1.10618e-02
 Reference value :  1.10692e-02
 Reference value :  1.10766e-02
 Reference value :  1.10840e-02
 Reference value :  1.10915e-02
 Reference value :  1.11011e-02
 Reference value :  1.11085e-02
 Reference value :  1.11159e-02
 Reference value :  1.11243e-02
 Reference value :  1.11331e-02
 Reference value :  1.11404e-02
 Reference value :  1.11479e-02
 Reference value :  1.11575e-02
 Reference value :  1.11650e-02
 Reference value :  1.11724e-02
 Reference value :  1.11798e-02
 Reference value :  1.11895e-02
 Reference value :  1.11969e-02
 Reference value :  1.12043e-02
 Reference value :  1.12116e-02
 Reference value :  1.12192e-02
 Reference value :  1.12287e-02
 Reference value :  1.12360e-02
 Reference value :  1.12435e-02
 Reference value :  1.12508e-02
 Reference value :  1.12581e-02
 Reference value :  1.12655e-02
 Reference value :  1.12727e-02
 Reference value :  1.12779e-02
 Reference value :  1.12854e-02
 Reference value :  1.12949e-02
 Reference value :  1.13022e-02
 Reference value :  1.13096e-02
 Reference value :  1.13169e-02
 Reference value :  1.13243e-02
 Reference value :  1.13316e-02
 Reference value :  1.13390e-02
 Reference value :  1.13463e-02
 Reference value :  1.13537e-02
 Reference value :  1.13634e-02
 Reference value :  1.13688e-02
 Reference value :  1.13781e-02
 Reference value :  1.13854e-02
 Reference value :  1.13928e-02
 Reference value :  1.14002e-02
 Reference value :  1.14052e-02
 Reference value :  1.14127e-02
 Reference value :  1.14201e-02
 Reference value :  1.14272e-02
 Reference value :  1.14347e-02
 Reference value :  1.14419e-02
 Reference value :  1.14493e-02
 Reference value :  1.14589e-02
 Reference value :  1.14663e-02
 Reference value :  1.14737e-02
 Reference value :  1.14810e-02
 Reference value :  1.14884e-02
 Reference value :  1.14957e-02
 Reference value :  1.15031e-02
 Reference value :  1.15104e-02
 Reference value :  1.15178e-02
 Reference value :  1.15251e-02
 Reference value :  1.15325e-02
 Reference value :  1.15398e-02
 Reference value :  1.15472e-02
 Reference value :  1.15548e-02
 Reference value :  1.15643e-02
 Reference value :  1.15716e-02
 Reference value :  1.15790e-02
 Reference value :  1.15863e-02
 Reference value :  1.15936e-02
 Reference value :  1.16010e-02
 Reference value :  1.16083e-02
 Reference value :  1.16151e-02
 Reference value :  1.16230e-02
 Reference value :  1.16283e-02
 Reference value :  1.16377e-02
 Reference value :  1.16451e-02
 Reference value :  1.16524e-02
 Reference value :  1.16585e-02
 Reference value :  1.16648e-02
 Reference value :  1.16721e-02
 Reference value :  1.16795e-02
 Reference value :  1.16891e-02
 Reference value :  1.16965e-02
 Reference value :  1.17016e-02
 Reference value :  1.17111e-02
 Reference value :  1.17185e-02
 Reference value :  1.17259e-02
 Reference value :  1.17332e-02
 Reference value :  1.17406e-02
 Reference value :  1.17480e-02
 Reference value :  1.17553e-02
 Reference value :  1.17627e-02
 Reference value :  1.17701e-02
 Reference value :  1.17774e-02
 Reference value :  1.17871e-02
 Reference value :  1.17945e-02
 Reference value :  1.18018e-02
 Reference value :  1.18092e-02
 Reference value :  1.18165e-02
 Reference value :  1.18239e-02
 Reference value :  1.18312e-02
 Reference value :  1.18386e-02
 Reference value :  1.18459e-02
 Reference value :  1.18557e-02
 Reference value :  1.18630e-02
 Reference value :  1.18680e-02
 Reference value :  1.18777e-02
 Reference value :  1.18851e-02
 Reference value :  1.18924e-02
 Reference value :  1.18998e-02
 Reference value :  1.19071e-02
 Reference value :  1.19146e-02
 Reference value :  1.19218e-02
 Reference value :  1.19292e-02
 Reference value :  1.19365e-02
 Reference value :  1.19463e-02
 Reference value :  1.19537e-02
 Reference value :  1.19610e-02
 Reference value :  1.19683e-02
 Reference value :  1.19757e-02
 Reference value :  1.19830e-02
 Reference value :  1.19904e-02
 Reference value :  1.19978e-02
 Reference value :  1.20051e-02
 Reference value :  1.20125e-02
 Reference value :  1.20222e-02
 Reference value :  1.20296e-02
 Reference value :  1.20369e-02
 Reference value :  1.20443e-02
 Reference value :  1.20516e-02
 Reference value :  1.20590e-02
 Reference value :  1.20663e-02
 Reference value :  1.20737e-02
 Reference value :  1.20811e-02
 Reference value :  1.20885e-02
 Reference value :  1.20981e-02
 Reference value :  1.21055e-02
 Reference value :  1.21128e-02
 Reference value :  1.21202e-02
 Reference value :  1.21276e-02
 Reference value :  1.21350e-02
 Reference value :  1.21423e-02
 Reference value :  1.21497e-02
 Reference value :  1.21593e-02
 Reference value :  1.21667e-02
 Reference value :  1.21741e-02
 Reference value :  1.21814e-02
 Reference value :  1.21888e-02
 Reference value :  1.21962e-02
 Reference value :  1.22036e-02
 Reference value :  1.22132e-02
 Reference value :  1.22206e-02
 Reference value :  1.22279e-02
 Reference value :  1.22353e-02
 Reference value :  1.22427e-02
 Reference value :  1.22501e-02
 Reference value :  1.22597e-02
 Reference value :  1.22671e-02
 Reference value :  1.22745e-02
 Reference value :  1.22818e-02
 Reference value :  1.22892e-02
 Reference value :  1.22965e-02
 Reference value :  1.23039e-02
 Reference value :  1.23136e-02
 Reference value :  1.23210e-02
 Reference value :  1.23283e-02
 Reference value :  1.23357e-02
 Reference value :  1.23431e-02
 Reference value :  1.23504e-02
 Reference value :  1.23578e-02
 Reference value :  1.23675e-02
 Reference value :  1.23749e-02
 Reference value :  1.23823e-02
 Reference value :  1.23896e-02
 Reference value :  1.23970e-02
 Reference value :  1.24066e-02
 Reference value :  1.24140e-02
 Reference value :  1.24214e-02
 Reference value :  1.24288e-02
 Reference value :  1.24361e-02
 Reference value :  1.24435e-02
 Reference value :  1.24508e-02
 Reference value :  1.24606e-02
 Reference value :  1.24680e-02
 Reference value :  1.24753e-02
 Reference value :  1.24826e-02
 Reference value :  1.24900e-02
 Reference value :  1.24974e-02
 Reference value :  1.25047e-02
 Reference value :  1.25123e-02
 Reference value :  1.25195e-02
 Reference value :  1.25291e-02
 Reference value :  1.25365e-02
 Reference value :  1.25439e-02
 Reference value :  1.25512e-02
 Reference value :  1.25586e-02
 Reference value :  1.25660e-02
 Reference value :  1.25756e-02
 Reference value :  1.25830e-02
 Reference value :  1.25904e-02
 Reference value :  1.25977e-02
 Reference value :  1.26051e-02
 Reference value :  1.26125e-02
 Reference value :  1.26198e-02
 Reference value :  1.26272e-02
 Reference value :  1.26346e-02
 Reference value :  1.26442e-02
 Reference value :  1.26517e-02
 Reference value :  1.26590e-02
 Reference value :  1.26664e-02
 Reference value :  1.26737e-02
 Reference value :  1.26811e-02
 Reference value :  1.26907e-02
 Reference value :  1.26959e-02
 Reference value :  1.27032e-02
 Reference value :  1.27106e-02
 Reference value :  1.27201e-02
 Reference value :  1.27275e-02
 Reference value :  1.27350e-02
 Reference value :  1.27445e-02
 Reference value :  1.27520e-02
 Reference value :  1.27593e-02
 Reference value :  1.27667e-02
 Reference value :  1.27740e-02
 Reference value :  1.27814e-02
 Reference value :  1.27890e-02
 Reference value :  1.27962e-02
 Reference value :  1.28058e-02
 Reference value :  1.28132e-02
 Reference value :  1.28205e-02
 Reference value :  1.28279e-02
 Reference value :  1.28352e-02
 Reference value :  1.28450e-02
 Reference value :  1.28523e-02
 Reference value :  1.28596e-02
 Reference value :  1.28670e-02
 Reference value :  1.28747e-02
 Reference value :  1.28841e-02
 Reference value :  1.28915e-02
 Reference value :  1.28989e-02
 Reference value :  1.29063e-02
 Reference value :  1.29159e-02
 Reference value :  1.29233e-02
 Reference value :  1.29307e-02
 Reference value :  1.29381e-02
 Reference value :  1.29454e-02
 Reference value :  1.29528e-02
 Reference value :  1.29602e-02
 Reference value :  1.29699e-02
 Reference value :  1.29764e-02
 Reference value :  1.29847e-02
 Reference value :  1.29920e-02
 Reference value :  1.29994e-02
 Reference value :  1.30067e-02
 Reference value :  1.30116e-02
 Reference value :  1.30141e-02
 Reference value :  1.30190e-02
 Reference value :  1.30215e-02
 Reference value :  1.30264e-02
 Reference value :  1.30313e-02
 Reference value :  1.30362e-02
 Reference value :  1.30411e-02
 Reference value :  1.30459e-02
 Reference value :  1.30508e-02
 Reference value :  1.30533e-02
 Reference value :  1.30581e-02
 Reference value :  1.30607e-02
 Reference value :  1.30655e-02
 Reference value :  1.30680e-02
 Reference value :  1.30729e-02
 Reference value :  1.30753e-02
 Reference value :  1.30802e-02
 Reference value :  1.30851e-02
 Reference value :  1.30900e-02
 Reference value :  1.30925e-02
 Reference value :  1.30973e-02
 Reference value :  1.31022e-02
 Reference value :  1.31069e-02
 Reference value :  1.31096e-02
 Reference value :  1.31145e-02
 Reference value :  1.31170e-02
 Reference value :  1.31219e-02
 Reference value :  1.31267e-02
 Reference value :  1.31315e-02
 Reference value :  1.31363e-02
 Reference value :  1.31389e-02
 Reference value :  1.31414e-02
 Reference value :  1.31463e-02
 Reference value :  1.31511e-02
 Reference value :  1.31559e-02
 Reference value :  1.31608e-02
 Reference value :  1.31633e-02
 Reference value :  1.31682e-02
 Reference value :  1.31707e-02
 Reference value :  1.31756e-02
 Reference value :  1.31780e-02
 Reference value :  1.31829e-02
 Reference value :  1.31854e-02
 Reference value :  1.31902e-02
 Reference value :  1.31927e-02
 Reference value :  1.31976e-02
 Reference value :  1.32000e-02
 Reference value :  1.32049e-02
 Reference value :  1.32073e-02
 Reference value :  1.32121e-02
 Reference value :  1.32146e-02
 Reference value :  1.32195e-02
 Reference value :  1.32244e-02
 Reference value :  1.32269e-02
 Reference value :  1.32340e-02
 Reference value :  1.32365e-02
 Reference value :  1.32414e-02
 Reference value :  1.32439e-02
 Reference value :  1.32487e-02
 Reference value :  1.32536e-02
 Reference value :  1.32562e-02
 Reference value :  1.32609e-02
 Reference value :  1.32657e-02
 Reference value :  1.32705e-02
 Reference value :  1.32731e-02
 Reference value :  1.32780e-02
 Reference value :  1.32804e-02
 Reference value :  1.32852e-02
 Reference value :  1.32878e-02
 Reference value :  1.32903e-02
 Reference value :  1.32951e-02
 Reference value :  1.33000e-02
 Reference value :  1.33048e-02
 Reference value :  1.33073e-02
 Reference value :  1.33121e-02
 Reference value :  1.33147e-02
 Reference value :  1.33195e-02
 Reference value :  1.33244e-02
 Reference value :  1.33269e-02
 Reference value :  1.33318e-02
 Reference value :  1.33366e-02
 Reference value :  1.33391e-02
 Reference value :  1.33416e-02
 Reference value :  1.33464e-02
 Reference value :  1.33489e-02
 Reference value :  1.33538e-02
 Reference value :  1.33586e-02
 Reference value :  1.33611e-02
 Reference value :  1.33660e-02
 Reference value :  1.33684e-02
 Reference value :  1.33733e-02
 Reference value :  1.33781e-02
 Reference value :  1.33806e-02
 Reference value :  1.33855e-02
 Reference value :  1.33880e-02
 Reference value :  1.33929e-02
 Reference value :  1.33977e-02
 Reference value :  1.34002e-02
 Reference value :  1.34051e-02
 Reference value :  1.34099e-02
 Reference value :  1.34148e-02
 Reference value :  1.34173e-02
 Reference value :  1.34200e-02
 Reference value :  1.34246e-02
 Reference value :  1.34295e-02
 Reference value :  1.34344e-02
 Reference value :  1.34369e-02
 Reference value :  1.34417e-02
 Reference value :  1.34442e-02
 Reference value :  1.34490e-02
 Reference value :  1.34515e-02
 Reference value :  1.34563e-02
 Reference value :  1.34589e-02
 Reference value :  1.34637e-02
 Reference value :  1.34662e-02
 Reference value :  1.34711e-02
 Reference value :  1.34738e-02
 Reference value :  1.34784e-02
 Reference value :  1.34833e-02
 Reference value :  1.34882e-02
 Reference value :  1.34925e-02
 Reference value :  1.34955e-02
 Reference value :  1.35004e-02
 Reference value :  1.35029e-02
 Reference value :  1.35078e-02
 Reference value :  1.35103e-02
 Reference value :  1.35151e-02
 Reference value :  1.35200e-02
 Reference value :  1.35225e-02
 Reference value :  1.35273e-02
 Reference value :  1.35298e-02
 Reference value :  1.35347e-02
 Reference value :  1.35372e-02
 Reference value :  1.35421e-02
 Reference value :  1.35470e-02
 Reference value :  1.35495e-02
 Reference value :  1.35544e-02
 Reference value :  1.35568e-02
 Reference value :  1.35617e-02
 Reference value :  1.35666e-02
 Reference value :  1.35715e-02
 Reference value :  1.35740e-02
 Reference value :  1.35789e-02
 Reference value :  1.35837e-02
 Reference value :  1.35862e-02
 Reference value :  1.35911e-02
 Reference value :  1.35937e-02
 Reference value :  1.35985e-02
 Reference value :  1.36033e-02
 Reference value :  1.36058e-02
 Reference value :  1.36107e-02
 Reference value :  1.36156e-02
 Reference value :  1.36204e-02
 Reference value :  1.36229e-02
 Reference value :  1.36278e-02
 Reference value :  1.36326e-02
 Reference value :  1.36375e-02
 Reference value :  1.36424e-02
 Reference value :  1.36450e-02
 Reference value :  1.36498e-02
 Reference value :  1.36546e-02
 Reference value :  1.36595e-02
 Reference value :  1.36620e-02
 Reference value :  1.36669e-02
 Reference value :  1.36717e-02
 Reference value :  1.36766e-02
 Reference value :  1.36791e-02
 Reference value :  1.36817e-02
 Reference value :  1.36888e-02
 Reference value :  1.36913e-02
 Reference value :  1.36962e-02
 Reference value :  1.36987e-02
 Reference value :  1.37059e-02
 Reference value :  1.37085e-02
 Reference value :  1.37133e-02
 Reference value :  1.37182e-02
 Reference value :  1.37231e-02
 Reference value :  1.37279e-02
 Reference value :  1.37308e-02
 Reference value :  1.37378e-02
 Reference value :  1.37427e-02
 Reference value :  1.37499e-02
 Reference value :  1.37549e-02
 Reference value :  1.37574e-02
 Reference value :  1.37622e-02
 Reference value :  1.37695e-02
 Reference value :  1.37745e-02
 Reference value :  1.37794e-02
 Reference value :  1.37890e-02
 Reference value :  1.37963e-02
 Reference value :  1.38057e-02
 Reference value :  1.38111e-02
 Reference value :  1.38207e-02
 Reference value :  1.38281e-02
 Reference value :  1.38354e-02
 Reference value :  1.38428e-02
 Reference value :  1.38502e-02
 Reference value :  1.38576e-02
 Reference value :  1.38672e-02
 Reference value :  1.38746e-02
 Reference value :  1.38820e-02
 Reference value :  1.38893e-02
 Reference value :  1.38967e-02
 Reference value :  1.39041e-02
 Reference value :  1.39138e-02
 Reference value :  1.39212e-02
 Reference value :  1.39285e-02
 Reference value :  1.39359e-02
 Reference value :  1.39433e-02
 Reference value :  1.39530e-02
 Reference value :  1.39604e-02
 Reference value :  1.39677e-02
 Reference value :  1.39751e-02
 Reference value :  1.39825e-02
 Reference value :  1.39898e-02
 Reference value :  1.39995e-02
 Reference value :  1.40069e-02
 Reference value :  1.40143e-02
 Reference value :  1.40216e-02
 Reference value :  1.40290e-02
 Reference value :  1.40387e-02
 Reference value :  1.40461e-02
 Reference value :  1.40535e-02
 Reference value :  1.40608e-02
 Reference value :  1.40682e-02
 Reference value :  1.40756e-02
 Reference value :  1.40835e-02
 Reference value :  1.40903e-02
 Reference value :  1.40977e-02
 Reference value :  1.41054e-02
 Reference value :  1.41147e-02
 Reference value :  1.41221e-02
 Reference value :  1.41294e-02
 Reference value :  1.41371e-02
 Reference value :  1.41444e-02
 Reference value :  1.41539e-02
 Reference value :  1.41612e-02
 Reference value :  1.41686e-02
 Reference value :  1.41760e-02
 Reference value :  1.41834e-02
 Reference value :  1.41911e-02
 Reference value :  1.41981e-02
 Reference value :  1.42055e-02
 Reference value :  1.42151e-02
 Reference value :  1.42225e-02
 Reference value :  1.42299e-02
 Reference value :  1.42373e-02
 Reference value :  1.42447e-02
 Reference value :  1.42543e-02
 Reference value :  1.42595e-02
 Reference value :  1.42691e-02
 Reference value :  1.42764e-02
 Reference value :  1.42837e-02
 Reference value :  1.42911e-02
 Reference value :  1.42985e-02
 Reference value :  1.43035e-02
 Reference value :  1.43108e-02
 Reference value :  1.43184e-02
 Reference value :  1.43255e-02
 Reference value :  1.43329e-02
 Reference value :  1.43402e-02
 Reference value :  1.43476e-02
 Reference value :  1.43553e-02
 Reference value :  1.43623e-02
 Reference value :  1.43696e-02
 Reference value :  1.43770e-02
 Reference value :  1.43843e-02
 Reference value :  1.43939e-02
 Reference value :  1.43990e-02
 Reference value :  1.44065e-02
 Reference value :  1.44142e-02
 Reference value :  1.44214e-02
 Reference value :  1.44307e-02
 Reference value :  1.44380e-02
 Reference value :  1.44454e-02
 Reference value :  1.44528e-02
 Reference value :  1.44601e-02
 Reference value :  1.44675e-02
 Reference value :  1.44748e-02
 Reference value :  1.44822e-02
 Reference value :  1.44895e-02
 Reference value :  1.44969e-02
 Reference value :  1.45042e-02
 Reference value :  1.45116e-02
 Reference value :  1.45189e-02
 Reference value :  1.45263e-02
 Reference value :  1.45336e-02
 Reference value :  1.45410e-02
 Reference value :  1.45483e-02
 Reference value :  1.45557e-02
 Reference value :  1.45630e-02
 Reference value :  1.45704e-02
 Reference value :  1.45777e-02
 Reference value :  1.45850e-02
 Reference value :  1.45924e-02
 Reference value :  1.45997e-02
 Reference value :  1.46071e-02
 Reference value :  1.46144e-02
 Reference value :  1.46218e-02
 Reference value :  1.46291e-02
 Reference value :  1.46365e-02
 Reference value :  1.46438e-02
 Reference value :  1.46512e-02
 Reference value :  1.46585e-02
 Reference value :  1.46659e-02
 Reference value :  1.46732e-02
 Reference value :  1.46805e-02
 Reference value :  1.46879e-02
 Reference value :  1.46952e-02
 Reference value :  1.47026e-02
 Reference value :  1.47099e-02
 Reference value :  1.47173e-02
 Reference value :  1.47246e-02
 Reference value :  1.47320e-02
 Reference value :  1.47393e-02
 Reference value :  1.47467e-02
 Reference value :  1.47540e-02
 Reference value :  1.47614e-02
 Reference value :  1.47687e-02
 Reference value :  1.47761e-02
 Reference value :  1.47834e-02
 Reference value :  1.47908e-02
 Reference value :  1.47981e-02
 Reference value :  1.48055e-02
 Reference value :  1.48128e-02
 Reference value :  1.48201e-02
 Reference value :  1.48275e-02
 Reference value :  1.48349e-02
 Reference value :  1.48422e-02
 Reference value :  1.48495e-02
 Reference value :  1.48569e-02
 Reference value :  1.48642e-02
 Reference value :  1.48716e-02
 Reference value :  1.48789e-02
 Reference value :  1.48863e-02
 Reference value :  1.48936e-02
 Reference value :  1.49010e-02
 Reference value :  1.49083e-02
 Reference value :  1.49157e-02
 Reference value :  1.49230e-02
 Reference value :  1.49303e-02
 Reference value :  1.49377e-02
 Reference value :  1.49450e-02
 Reference value :  1.49524e-02
 Reference value :  1.49597e-02
 Reference value :  1.49671e-02
 Reference value :  1.49744e-02
 Reference value :  1.49818e-02
 Reference value :  1.49891e-02
 Reference value :  1.49965e-02
 Reference value :  1.50038e-02
 Reference value :  1.50112e-02
 Reference value :  1.50185e-02
 Reference value :  1.50259e-02
 Reference value :  1.50332e-02
 Reference value :  1.50405e-02
 Reference value :  1.50479e-02
 Reference value :  1.50553e-02
 Reference value :  1.50626e-02
 Reference value :  1.50699e-02
 Reference value :  1.50773e-02
 Reference value :  1.50846e-02
 Reference value :  1.50920e-02
 Reference value :  1.50993e-02
 Reference value :  1.51067e-02
 Reference value :  1.51140e-02
 Reference value :  1.51214e-02
 Reference value :  1.51287e-02
 Reference value :  1.51361e-02
 Reference value :  1.51434e-02
 Reference value :  1.51507e-02
 Reference value :  1.51581e-02
 Reference value :  1.51654e-02
 Reference value :  1.51728e-02
 Reference value :  1.51801e-02
 Reference value :  1.51875e-02
 Reference value :  1.51948e-02
 Reference value :  1.52022e-02
 Reference value :  1.52095e-02
 Reference value :  1.52169e-02
 Reference value :  1.52242e-02
 Reference value :  1.52316e-02
 Reference value :  1.52389e-02
 Reference value :  1.52462e-02
 Reference value :  1.52536e-02
 Reference value :  1.52609e-02
 Reference value :  1.52683e-02
 Reference value :  1.52756e-02
 Reference value :  1.52829e-02
 Reference value :  1.52903e-02
 Reference value :  1.52976e-02
 Reference value :  1.53031e-02
 Reference value :  1.53104e-02
 Reference value :  1.53196e-02
 Reference value :  1.53249e-02
 Reference value :  1.53343e-02
 Reference value :  1.53394e-02
 Reference value :  1.53467e-02
 Reference value :  1.53541e-02
 Reference value :  1.53614e-02
 Reference value :  1.53687e-02
 Reference value :  1.53760e-02
 Reference value :  1.53834e-02
 Reference value :  1.53907e-02
 Reference value :  1.53959e-02
 Reference value :  1.54031e-02
 Reference value :  1.54104e-02
 Reference value :  1.54177e-02
 Reference value :  1.54250e-02
 Reference value :  1.54324e-02
 Reference value :  1.54397e-02
 Reference value :  1.54471e-02
 Reference value :  1.54544e-02
 Reference value :  1.54617e-02
 Reference value :  1.54680e-02
 Reference value :  1.54764e-02
 Reference value :  1.54815e-02
 Reference value :  1.54888e-02
 Reference value :  1.54961e-02
 Reference value :  1.55034e-02
 Reference value :  1.55108e-02
 Reference value :  1.55181e-02
 Reference value :  1.55254e-02
 Reference value :  1.55328e-02
 Reference value :  1.55401e-02
 Reference value :  1.55474e-02
 Reference value :  1.55525e-02
 Reference value :  1.55597e-02
 Reference value :  1.55671e-02
 Reference value :  1.55744e-02
 Reference value :  1.55817e-02
 Reference value :  1.55891e-02
 Reference value :  1.55964e-02
 Reference value :  1.56038e-02
 Reference value :  1.56111e-02
 Reference value :  1.56161e-02
 Reference value :  1.56234e-02
 Reference value :  1.56308e-02
 Reference value :  1.56381e-02
 Reference value :  1.56454e-02
 Reference value :  1.56528e-02
 Reference value :  1.56601e-02
 Reference value :  1.56674e-02
 Reference value :  1.56747e-02
 Reference value :  1.56822e-02
 Reference value :  1.56895e-02
 Reference value :  1.56945e-02
 Reference value :  1.57018e-02
 Reference value :  1.57091e-02
 Reference value :  1.57165e-02
 Reference value :  1.57238e-02
 Reference value :  1.57311e-02
 Reference value :  1.57385e-02
 Reference value :  1.57458e-02
 Reference value :  1.57532e-02
 Reference value :  1.57605e-02
 Reference value :  1.57678e-02
 Reference value :  1.57752e-02
 Reference value :  1.57803e-02
 Reference value :  1.57876e-02
 Reference value :  1.57972e-02
 Reference value :  1.58046e-02
 Reference value :  1.58119e-02
 Reference value :  1.58193e-02
 Reference value :  1.58266e-02
 Reference value :  1.58339e-02
 Reference value :  1.58412e-02
 Reference value :  1.58464e-02
 Reference value :  1.58551e-02
 Reference value :  1.58610e-02
 Reference value :  1.58684e-02
 Reference value :  1.58757e-02
 Reference value :  1.58830e-02
 Reference value :  1.58903e-02
 Reference value :  1.58977e-02
 Reference value :  1.59050e-02
 Reference value :  1.59124e-02
 Reference value :  1.59197e-02
 Reference value :  1.59270e-02
 Reference value :  1.59343e-02
 Reference value :  1.59417e-02
 Reference value :  1.59490e-02
 Reference value :  1.59564e-02
 Reference value :  1.59637e-02
 Reference value :  1.59711e-02
 Reference value :  1.59784e-02
 Reference value :  1.59858e-02
 Reference value :  1.59931e-02
 Reference value :  1.60004e-02
 Reference value :  1.60078e-02
 Reference value :  1.60129e-02
 Reference value :  1.60202e-02
 Reference value :  1.60275e-02
 Reference value :  1.60348e-02
 Reference value :  1.60421e-02
 Reference value :  1.60495e-02
 Reference value :  1.60546e-02
 Reference value :  1.60618e-02
 Reference value :  1.60692e-02
 Reference value :  1.60788e-02
 Reference value :  1.60861e-02
 Reference value :  1.60911e-02
 Reference value :  1.60985e-02
 Reference value :  1.61058e-02
 Reference value :  1.61132e-02
 Reference value :  1.61206e-02
 Reference value :  1.61278e-02
 Reference value :  1.61352e-02
 Reference value :  1.61426e-02
 Reference value :  1.61499e-02
 Reference value :  1.61573e-02
 Reference value :  1.61646e-02
 Reference value :  1.61720e-02
 Reference value :  1.61793e-02
 Reference value :  1.61867e-02
 Reference value :  1.61940e-02
 Reference value :  1.62013e-02
 Reference value :  1.62087e-02
 Reference value :  1.62160e-02
 Reference value :  1.62212e-02
 Reference value :  1.62284e-02
 Reference value :  1.62357e-02
 Reference value :  1.62430e-02
 Reference value :  1.62503e-02
 Reference value :  1.62577e-02
 Reference value :  1.62650e-02
 Reference value :  1.62724e-02
 Reference value :  1.62780e-02
 Reference value :  1.62870e-02
 Reference value :  1.62921e-02
 Reference value :  1.62996e-02
 Reference value :  1.63067e-02
 Reference value :  1.63141e-02
 Reference value :  1.63214e-02
 Reference value :  1.63287e-02
 Reference value :  1.63361e-02
 Reference value :  1.63434e-02
 Reference value :  1.63508e-02
 Reference value :  1.63581e-02
 Reference value :  1.63654e-02
 Reference value :  1.63728e-02
 Reference value :  1.63801e-02
 Reference value :  1.63875e-02
 Reference value :  1.63948e-02
 Reference value :  1.64022e-02
 Reference value :  1.64071e-02
 Reference value :  1.64145e-02
 Reference value :  1.64219e-02
 Reference value :  1.64291e-02
 Reference value :  1.64365e-02
 Reference value :  1.64438e-02
 Reference value :  1.64512e-02
 Reference value :  1.64585e-02
 Reference value :  1.64658e-02
 Reference value :  1.64732e-02
 Reference value :  1.64806e-02
 Reference value :  1.64879e-02
 Reference value :  1.64953e-02
 Reference value :  1.65026e-02
 Reference value :  1.65099e-02
 Reference value :  1.65172e-02
 Reference value :  1.65228e-02
 Reference value :  1.65297e-02
 Reference value :  1.65369e-02
 Reference value :  1.65443e-02
 Reference value :  1.65516e-02
 Reference value :  1.65589e-02
 Reference value :  1.65663e-02
 Reference value :  1.65736e-02
 Reference value :  1.65810e-02
 Reference value :  1.65883e-02
 Reference value :  1.65957e-02
 Reference value :  1.66030e-02
 Reference value :  1.66103e-02
 Reference value :  1.66177e-02
 Reference value :  1.66250e-02
 Reference value :  1.66323e-02
 Reference value :  1.66397e-02
 Reference value :  1.66448e-02
 Reference value :  1.66521e-02
 Reference value :  1.66594e-02
 Reference value :  1.66667e-02
 Reference value :  1.66740e-02
 Reference value :  1.66814e-02
 Reference value :  1.66887e-02
 Reference value :  1.66961e-02
 Reference value :  1.67034e-02
 Reference value :  1.67108e-02
 Reference value :  1.67181e-02
 Reference value :  1.67255e-02
 Reference value :  1.67328e-02
 Reference value :  1.67401e-02
 Reference value :  1.67475e-02
 Reference value :  1.67548e-02
 Reference value :  1.67622e-02
 Reference value :  1.67672e-02
 Reference value :  1.67746e-02
 Reference value :  1.67819e-02
 Reference value :  1.67892e-02
 Reference value :  1.67965e-02
 Reference value :  1.68038e-02
 Reference value :  1.68112e-02
 Reference value :  1.68185e-02
 Reference value :  1.68259e-02
 Reference value :  1.68332e-02
 Reference value :  1.68406e-02
 Reference value :  1.68456e-02
 Reference value :  1.68529e-02
 Reference value :  1.68602e-02
 Reference value :  1.68675e-02
 Reference value :  1.68749e-02
 Reference value :  1.68822e-02
 Reference value :  1.68896e-02
 Reference value :  1.68946e-02
 Reference value :  1.69019e-02
 Reference value :  1.69092e-02
 Reference value :  1.69165e-02
 Reference value :  1.69239e-02
 Reference value :  1.69312e-02
 Reference value :  1.69386e-02
 Reference value :  1.69436e-02
 Reference value :  1.69509e-02
 Reference value :  1.69582e-02
 Reference value :  1.69655e-02
 Reference value :  1.69729e-02
 Reference value :  1.69802e-02
 Reference value :  1.69853e-02
 Reference value :  1.69948e-02
 Reference value :  1.69999e-02
 Reference value :  1.70071e-02
 Reference value :  1.70145e-02
 Reference value :  1.70218e-02
 Reference value :  1.70291e-02
 Reference value :  1.70357e-02
 Reference value :  1.70414e-02
 Reference value :  1.70488e-02
 Reference value :  1.70561e-02
 Reference value :  1.70612e-02
 Reference value :  1.70687e-02
 Reference value :  1.70757e-02
 Reference value :  1.70831e-02
 Reference value :  1.70904e-02
 Reference value :  1.70977e-02
 Reference value :  1.71051e-02
 Reference value :  1.71124e-02
 Reference value :  1.71198e-02
 Reference value :  1.71249e-02
 Reference value :  1.71322e-02
 Reference value :  1.71395e-02
 Reference value :  1.71468e-02
 Reference value :  1.71541e-02
 Reference value :  1.71614e-02
 Reference value :  1.71688e-02
 Reference value :  1.71761e-02
 Reference value :  1.71835e-02
 Reference value :  1.71908e-02
 Reference value :  1.71982e-02
 Reference value :  1.72056e-02
 Reference value :  1.72130e-02
 Reference value :  1.72203e-02
 Reference value :  1.72277e-02
 Reference value :  1.72351e-02
 Reference value :  1.72425e-02
 Reference value :  1.72501e-02
 Reference value :  1.72595e-02
 Reference value :  1.72669e-02
 Reference value :  1.72743e-02
 Reference value :  1.72817e-02
 Reference value :  1.72891e-02
 Reference value :  1.72965e-02
 Reference value :  1.73038e-02
 Reference value :  1.73112e-02
 Reference value :  1.73186e-02
 Reference value :  1.73259e-02
 Reference value :  1.73332e-02
 Reference value :  1.73406e-02
 Reference value :  1.73479e-02
 Reference value :  1.73553e-02
 Reference value :  1.73615e-02
 Reference value :  1.73680e-02
 Reference value :  1.73750e-02
 Reference value :  1.73823e-02
 Reference value :  1.73896e-02
 Reference value :  1.73969e-02
 Reference value :  1.74043e-02
 Reference value :  1.74116e-02
 Reference value :  1.74190e-02
 Reference value :  1.74263e-02
 Reference value :  1.74336e-02
 Reference value :  1.74410e-02
 Reference value :  1.74483e-02
 Reference value :  1.74556e-02
 Reference value :  1.74630e-02
 Reference value :  1.74682e-02
 Reference value :  1.74777e-02
 Reference value :  1.74829e-02
 Reference value :  1.74921e-02
 Reference value :  1.74974e-02
 Reference value :  1.75047e-02
 Reference value :  1.75121e-02
 Reference value :  1.75194e-02
 Reference value :  1.75268e-02
 Reference value :  1.75341e-02
 Reference value :  1.75414e-02
 Reference value :  1.75487e-02
 Reference value :  1.75538e-02
 Reference value :  1.75611e-02
 Reference value :  1.75684e-02
 Reference value :  1.75757e-02
 Reference value :  1.75831e-02
 Reference value :  1.75904e-02
 Reference value :  1.75977e-02
 Reference value :  1.76051e-02
 Reference value :  1.76124e-02
 Reference value :  1.76174e-02
 Reference value :  1.76247e-02
 Reference value :  1.76320e-02
 Reference value :  1.76394e-02
 Reference value :  1.76467e-02
 Reference value :  1.76519e-02
 Reference value :  1.76591e-02
 Reference value :  1.76664e-02
 Reference value :  1.76737e-02
 Reference value :  1.76810e-02
 Reference value :  1.76883e-02
 Reference value :  1.76956e-02
 Reference value :  1.77007e-02
 Reference value :  1.77079e-02
 Reference value :  1.77153e-02
 Reference value :  1.77226e-02
 Reference value :  1.77300e-02
 Reference value :  1.77350e-02
 Reference value :  1.77423e-02
 Reference value :  1.77496e-02
 Reference value :  1.77569e-02
 Reference value :  1.77643e-02
 Reference value :  1.77716e-02
 Reference value :  1.77786e-02
 Reference value :  1.77840e-02
 Reference value :  1.77913e-02
 Reference value :  1.77986e-02
 Reference value :  1.78059e-02
 Reference value :  1.78133e-02
 Reference value :  1.78206e-02
 Reference value :  1.78279e-02
 Reference value :  1.78330e-02
 Reference value :  1.78403e-02
 Reference value :  1.78476e-02
 Reference value :  1.78549e-02
 Reference value :  1.78622e-02
 Reference value :  1.78695e-02
 Reference value :  1.78768e-02
 Reference value :  1.78819e-02
 Reference value :  1.78892e-02
 Reference value :  1.78965e-02
 Reference value :  1.79039e-02
 Reference value :  1.79113e-02
 Reference value :  1.79186e-02
 Reference value :  1.79236e-02
 Reference value :  1.79309e-02
 Reference value :  1.79382e-02
 Reference value :  1.79456e-02
 Reference value :  1.79529e-02
 Reference value :  1.79602e-02
 Reference value :  1.79675e-02
 Reference value :  1.79725e-02
 Reference value :  1.79799e-02
 Reference value :  1.79872e-02
 Reference value :  1.79945e-02
 Reference value :  1.80018e-02
 Reference value :  1.80091e-02
 Reference value :  1.80164e-02
 Reference value :  1.80215e-02
 Reference value :  1.80288e-02
 Reference value :  1.80361e-02
 Reference value :  1.80435e-02
 Reference value :  1.80508e-02
 Reference value :  1.80560e-02
 Reference value :  1.80632e-02
 Reference value :  1.80704e-02
 Reference value :  1.80778e-02
 Reference value :  1.80851e-02
 Reference value :  1.80924e-02
 Reference value :  1.80976e-02
 Reference value :  1.81047e-02
 Reference value :  1.81120e-02
 Reference value :  1.81194e-02
 Reference value :  1.81243e-02
 Reference value :  1.81316e-02
 Reference value :  1.81390e-02
 Reference value :  1.81463e-02
 Reference value :  1.81537e-02
 Reference value :  1.81609e-02
 Reference value :  1.81682e-02
 Reference value :  1.81733e-02
 Reference value :  1.81806e-02
 Reference value :  1.81880e-02
 Reference value :  1.81953e-02
 Reference value :  1.82026e-02
 Reference value :  1.82077e-02
 Reference value :  1.82149e-02
 Reference value :  1.82222e-02
 Reference value :  1.82296e-02
 Reference value :  1.82358e-02
 Reference value :  1.82419e-02
 Reference value :  1.82492e-02
 Reference value :  1.82566e-02
 Reference value :  1.82640e-02
 Reference value :  1.82713e-02
 Reference value :  1.82787e-02
 Reference value :  1.82861e-02
 Reference value :  1.82934e-02
 Reference value :  1.83008e-02
 Reference value :  1.83082e-02
 Reference value :  1.83155e-02
 Reference value :  1.83229e-02
 Reference value :  1.83303e-02
 Reference value :  1.83377e-02
 Reference value :  1.83451e-02
 Reference value :  1.83547e-02
 Reference value :  1.83603e-02
 Reference value :  1.83671e-02
 Reference value :  1.83745e-02
 Reference value :  1.83824e-02
 Reference value :  1.83892e-02
 Reference value :  1.83965e-02
 Reference value :  1.84038e-02
 Reference value :  1.84112e-02
 Reference value :  1.84185e-02
 Reference value :  1.84259e-02
 Reference value :  1.84332e-02
 Reference value :  1.84406e-02
 Reference value :  1.84479e-02
 Reference value :  1.84552e-02
 Reference value :  1.84626e-02
 Reference value :  1.84699e-02
 Reference value :  1.84773e-02
 Reference value :  1.84824e-02
 Reference value :  1.84896e-02
 Reference value :  1.84969e-02
 Reference value :  1.85043e-02
 Reference value :  1.85116e-02
 Reference value :  1.85189e-02
 Reference value :  1.85263e-02
 Reference value :  1.85336e-02
 Reference value :  1.85410e-02
 Reference value :  1.85483e-02
 Reference value :  1.85557e-02
 Reference value :  1.85630e-02
 Reference value :  1.85704e-02
 Reference value :  1.85777e-02
 Reference value :  1.85850e-02
 Reference value :  1.85923e-02
 Reference value :  1.85997e-02
 Reference value :  1.86067e-02
 Reference value :  1.86143e-02
 Reference value :  1.86194e-02
 Reference value :  1.86268e-02
 Reference value :  1.86343e-02
 Reference value :  1.86417e-02
 Reference value :  1.86488e-02
 Reference value :  1.86561e-02
 Reference value :  1.86634e-02
 Reference value :  1.86708e-02
 Reference value :  1.86781e-02
 Reference value :  1.86855e-02
 Reference value :  1.86928e-02
 Reference value :  1.87001e-02
 Reference value :  1.87075e-02
 Reference value :  1.87149e-02
 Reference value :  1.87221e-02
 Reference value :  1.87295e-02
 Reference value :  1.87369e-02
 Reference value :  1.87442e-02
 Reference value :  1.87516e-02
 Reference value :  1.87589e-02
 Reference value :  1.87662e-02
 Reference value :  1.87736e-02
 Reference value :  1.87799e-02
 Reference value :  1.87860e-02
 Reference value :  1.87933e-02
 Reference value :  1.88007e-02
 Reference value :  1.88080e-02
 Reference value :  1.88154e-02
 Reference value :  1.88227e-02
 Reference value :  1.88300e-02
 Reference value :  1.88374e-02
 Reference value :  1.88447e-02
 Reference value :  1.88521e-02
 Reference value :  1.88594e-02
 Reference value :  1.88667e-02
 Reference value :  1.88741e-02
 Reference value :  1.88814e-02
 Reference value :  1.88888e-02
 Reference value :  1.88961e-02
 Reference value :  1.89034e-02
 Reference value :  1.89108e-02
 Reference value :  1.89181e-02
 Reference value :  1.89255e-02
 Reference value :  1.89304e-02
 Reference value :  1.89378e-02
 Reference value :  1.89451e-02
 Reference value :  1.89524e-02
 Reference value :  1.89598e-02
 Reference value :  1.89671e-02
 Reference value :  1.89745e-02
 Reference value :  1.89818e-02
 Reference value :  1.89892e-02
 Reference value :  1.89965e-02
 Reference value :  1.90038e-02
 Reference value :  1.90112e-02
 Reference value :  1.90185e-02
 Reference value :  1.90259e-02
 Reference value :  1.90332e-02
 Reference value :  1.90383e-02
 Reference value :  1.90456e-02
 Reference value :  1.90531e-02
 Reference value :  1.90603e-02
 Reference value :  1.90677e-02
 Reference value :  1.90749e-02
 Reference value :  1.90823e-02
 Reference value :  1.90896e-02
 Reference value :  1.90970e-02
 Reference value :  1.91043e-02
 Reference value :  1.91116e-02
 Reference value :  1.91168e-02
 Reference value :  1.91240e-02
 Reference value :  1.91314e-02
 Reference value :  1.91386e-02
 Reference value :  1.91460e-02
 Reference value :  1.91533e-02
 Reference value :  1.91606e-02
 Reference value :  1.91680e-02
 Reference value :  1.91753e-02
 Reference value :  1.91826e-02
 Reference value :  1.91900e-02
 Reference value :  1.91973e-02
 Reference value :  1.92023e-02
 Reference value :  1.92096e-02
 Reference value :  1.92170e-02
 Reference value :  1.92250e-02
 Reference value :  1.92317e-02
 Reference value :  1.92390e-02
 Reference value :  1.92463e-02
 Reference value :  1.92537e-02
 Reference value :  1.92610e-02
 Reference value :  1.92684e-02
 Reference value :  1.92757e-02
 Reference value :  1.92831e-02
 Reference value :  1.92904e-02
 Reference value :  1.92977e-02
 Reference value :  1.93051e-02
 Reference value :  1.93124e-02
 Reference value :  1.93198e-02
 Reference value :  1.93271e-02
 Reference value :  1.93344e-02
 Reference value :  1.93396e-02
 Reference value :  1.93468e-02
 Reference value :  1.93565e-02
 Reference value :  1.93638e-02
 Reference value :  1.93688e-02
 Reference value :  1.93761e-02
 Reference value :  1.93835e-02
 Reference value :  1.93911e-02
 Reference value :  1.93983e-02
 Reference value :  1.94055e-02
 Reference value :  1.94129e-02
 Reference value :  1.94202e-02
 Reference value :  1.94276e-02
 Reference value :  1.94349e-02
 Reference value :  1.94422e-02
 Reference value :  1.94496e-02
 Reference value :  1.94569e-02
 Reference value :  1.94643e-02
 Reference value :  1.94716e-02
 Reference value :  1.94776e-02
 Reference value :  1.94840e-02
 Reference value :  1.94913e-02
 Reference value :  1.94985e-02
 Reference value :  1.95059e-02
 Reference value :  1.95132e-02
 Reference value :  1.95206e-02
 Reference value :  1.95279e-02
 Reference value :  1.95353e-02
 Reference value :  1.95426e-02
 Reference value :  1.95500e-02
 Reference value :  1.95573e-02
 Reference value :  1.95647e-02
 Reference value :  1.95720e-02
 Reference value :  1.95793e-02
 Reference value :  1.95844e-02
 Reference value :  1.95917e-02
 Reference value :  1.95990e-02
 Reference value :  1.96063e-02
 Reference value :  1.96137e-02
 Reference value :  1.96188e-02
 Reference value :  1.96282e-02
 Reference value :  1.96334e-02
 Reference value :  1.96410e-02
 Reference value :  1.96480e-02
 Reference value :  1.96553e-02
 Reference value :  1.96626e-02
 Reference value :  1.96700e-02
 Reference value :  1.96773e-02
 Reference value :  1.96847e-02
 Reference value :  1.96920e-02
 Reference value :  1.96993e-02
 Reference value :  1.97066e-02
 Reference value :  1.97140e-02
 Reference value :  1.97191e-02
 Reference value :  1.97264e-02
 Reference value :  1.97337e-02
 Reference value :  1.97410e-02
 Reference value :  1.97483e-02
 Reference value :  1.97557e-02
 Reference value :  1.97630e-02
 Reference value :  1.97704e-02
 Reference value :  1.97777e-02
 Reference value :  1.97850e-02
 Reference value :  1.97924e-02
 Reference value :  1.97997e-02
 Reference value :  1.98071e-02
 Reference value :  1.98145e-02
 Reference value :  1.98195e-02
 Reference value :  1.98268e-02
 Reference value :  1.98341e-02
 Reference value :  1.98438e-02
 Reference value :  1.98511e-02
 Reference value :  1.98561e-02
 Reference value :  1.98635e-02
 Reference value :  1.98708e-02
 Reference value :  1.98782e-02
 Reference value :  1.98855e-02
 Reference value :  1.98928e-02
 Reference value :  1.99002e-02
 Reference value :  1.99075e-02
 Reference value :  1.99149e-02
 Reference value :  1.99222e-02
 Reference value :  1.99296e-02
 Reference value :  1.99369e-02
 Reference value :  1.99443e-02
 Reference value :  1.99516e-02
 Reference value :  1.99589e-02
 Reference value :  1.99663e-02
 Reference value :  1.99736e-02
 Reference value :  1.99810e-02
 Reference value :  1.99862e-02
 Reference value :  1.99935e-02
 Reference value :  2.00007e-02
 Reference value :  2.00080e-02
 Reference value :  2.00154e-02
 Reference value :  2.00227e-02
 Reference value :  2.00300e-02
 Reference value :  2.00374e-02
 Reference value :  2.00447e-02
 Reference value :  2.00520e-02
 Reference value :  2.00594e-02
 Reference value :  2.00667e-02
 Reference value :  2.00741e-02
 Reference value :  2.00814e-02
 Reference value :  2.00887e-02
 Reference value :  2.00939e-02
 Reference value :  2.01011e-02
 Reference value :  2.01108e-02
 Reference value :  2.01181e-02
 Reference value :  2.01231e-02
 Reference value :  2.01304e-02
 Reference value :  2.01378e-02
 Reference value :  2.01452e-02
 Reference value :  2.01525e-02
 Reference value :  2.01598e-02
 Reference value :  2.01671e-02
 Reference value :  2.01745e-02
 Reference value :  2.01818e-02
 Reference value :  2.01892e-02
 Reference value :  2.01965e-02
 Reference value :  2.02039e-02
 Reference value :  2.02112e-02
 Reference value :  2.02186e-02
 Reference value :  2.02259e-02
 Reference value :  2.02332e-02
 Reference value :  2.02406e-02
 Reference value :  2.02479e-02
 Reference value :  2.02553e-02
 Reference value :  2.02626e-02
 Reference value :  2.02699e-02
 Reference value :  2.02773e-02
 Reference value :  2.02825e-02
 Reference value :  2.02897e-02
 Reference value :  2.02971e-02
 Reference value :  2.03044e-02
 Reference value :  2.03117e-02
 Reference value :  2.03190e-02
 Reference value :  2.03264e-02
 Reference value :  2.03337e-02
 Reference value :  2.03410e-02
 Reference value :  2.03484e-02
 Reference value :  2.03557e-02
 Reference value :  2.03631e-02
 Reference value :  2.03704e-02
 Reference value :  2.03778e-02
 Reference value :  2.03851e-02
 Reference value :  2.03924e-02
 Reference value :  2.03998e-02
 Reference value :  2.04071e-02
 Reference value :  2.04145e-02
 Reference value :  2.04218e-02
 Reference value :  2.04291e-02
 Reference value :  2.04364e-02
 Reference value :  2.04438e-02
 Reference value :  2.04504e-02
 Reference value :  2.04585e-02
 Reference value :  2.04636e-02
 Reference value :  2.04709e-02
 Reference value :  2.04782e-02
 Reference value :  2.04855e-02
 Reference value :  2.04929e-02
 Reference value :  2.05002e-02
 Reference value :  2.05076e-02
 Reference value :  2.05149e-02
 Reference value :  2.05223e-02
 Reference value :  2.05296e-02
 Reference value :  2.05369e-02
 Reference value :  2.05443e-02
 Reference value :  2.05516e-02
 Reference value :  2.05590e-02
 Reference value :  2.05640e-02
 Reference value :  2.05713e-02
 Reference value :  2.05787e-02
 Reference value :  2.05860e-02
 Reference value :  2.05933e-02
 Reference value :  2.06007e-02
 Reference value :  2.06080e-02
 Reference value :  2.06154e-02
 Reference value :  2.06227e-02
 Reference value :  2.06300e-02
 Reference value :  2.06355e-02
 Reference value :  2.06424e-02
 Reference value :  2.06498e-02
 Reference value :  2.06571e-02
 Reference value :  2.06644e-02
 Reference value :  2.06716e-02
 Reference value :  2.06790e-02
 Reference value :  2.06863e-02
 Reference value :  2.06936e-02
 Reference value :  2.07010e-02
 Reference value :  2.07083e-02
 Reference value :  2.07157e-02
 Reference value :  2.07231e-02
 Reference value :  2.07304e-02
 Reference value :  2.07378e-02
 Reference value :  2.07451e-02
 Reference value :  2.07524e-02
 Reference value :  2.07598e-02
 Reference value :  2.07671e-02
 Reference value :  2.07745e-02
 Reference value :  2.07819e-02
 Reference value :  2.07892e-02
 Reference value :  2.07965e-02
 Reference value :  2.08039e-02
 Reference value :  2.08112e-02
 Reference value :  2.08186e-02
 Reference value :  2.08259e-02
 Reference value :  2.08333e-02
 Reference value :  2.08407e-02
 Reference value :  2.08456e-02
 Reference value :  2.08482e-02
 Reference value :  2.08529e-02
 Reference value :  2.08554e-02
 Reference value :  2.08603e-02
 Reference value :  2.08628e-02
 Reference value :  2.08676e-02
 Reference value :  2.08701e-02
 Reference value :  2.08750e-02
 Reference value :  2.08775e-02
 Reference value :  2.08823e-02
 Reference value :  2.08848e-02
 Reference value :  2.08874e-02
 Reference value :  2.08922e-02
 Reference value :  2.08970e-02
 Reference value :  2.08995e-02
 Reference value :  2.09019e-02
 Reference value :  2.09068e-02
 Reference value :  2.09093e-02
 Reference value :  2.09141e-02
 Reference value :  2.09166e-02
 Reference value :  2.09214e-02
 Reference value :  2.09240e-02
 Reference value :  2.09264e-02
 Reference value :  2.09290e-02
 Reference value :  2.09338e-02
 Reference value :  2.09362e-02
 Reference value :  2.09411e-02
 Reference value :  2.09435e-02
 Reference value :  2.09482e-02
 Reference value :  2.09509e-02
 Reference value :  2.09557e-02
 Reference value :  2.09582e-02
 Reference value :  2.09629e-02
 Reference value :  2.09655e-02
 Reference value :  2.09679e-02
 Reference value :  2.09728e-02
 Reference value :  2.09753e-02
 Reference value :  2.09801e-02
 Reference value :  2.09826e-02
 Reference value :  2.09851e-02
 Reference value :  2.09900e-02
 Reference value :  2.09924e-02
 Reference value :  2.09973e-02
 Reference value :  2.09998e-02
 Reference value :  2.10023e-02
 Reference value :  2.10071e-02
 Reference value :  2.10096e-02
 Reference value :  2.10144e-02
 Reference value :  2.10169e-02
 Reference value :  2.10193e-02
 Reference value :  2.10242e-02
 Reference value :  2.10267e-02
 Reference value :  2.10291e-02
 Reference value :  2.10340e-02
 Reference value :  2.10365e-02
 Reference value :  2.10413e-02
 Reference value :  2.10438e-02
 Reference value :  2.10462e-02
 Reference value :  2.10510e-02
 Reference value :  2.10535e-02
 Reference value :  2.10583e-02
 Reference value :  2.10609e-02
 Reference value :  2.10633e-02
 Reference value :  2.10682e-02
 Reference value :  2.10707e-02
 Reference value :  2.10732e-02
 Reference value :  2.10780e-02
 Reference value :  2.10805e-02
 Reference value :  2.10829e-02
 Reference value :  2.10878e-02
 Reference value :  2.10902e-02
 Reference value :  2.10927e-02
 Reference value :  2.10976e-02
 Reference value :  2.11022e-02
 Reference value :  2.11049e-02
 Reference value :  2.11074e-02
 Reference value :  2.11122e-02
 Reference value :  2.11147e-02
 Reference value :  2.11196e-02
 Reference value :  2.11221e-02
 Reference value :  2.11267e-02
 Reference value :  2.11293e-02
 Reference value :  2.11318e-02
 Reference value :  2.11366e-02
 Reference value :  2.11391e-02
 Reference value :  2.11416e-02
 Reference value :  2.11464e-02
 Reference value :  2.11489e-02
 Reference value :  2.11514e-02
 Reference value :  2.11562e-02
 Reference value :  2.11587e-02
 Reference value :  2.11636e-02
 Reference value :  2.11660e-02
 Reference value :  2.11709e-02
 Reference value :  2.11734e-02
 Reference value :  2.11782e-02
 Reference value :  2.11830e-02
 Reference value :  2.11856e-02
 Reference value :  2.11881e-02
 Reference value :  2.11929e-02
 Reference value :  2.11954e-02
 Reference value :  2.11979e-02
 Reference value :  2.12027e-02
 Reference value :  2.12052e-02
 Reference value :  2.12077e-02
 Reference value :  2.12124e-02
 Reference value :  2.12149e-02
 Reference value :  2.12174e-02
 Reference value :  2.12222e-02
 Reference value :  2.12247e-02
 Reference value :  2.12272e-02
 Reference value :  2.12320e-02
 Reference value :  2.12345e-02
 Reference value :  2.12369e-02
 Reference value :  2.12395e-02
 Reference value :  2.12443e-02
 Reference value :  2.12468e-02
 Reference value :  2.12515e-02
 Reference value :  2.12540e-02
 Reference value :  2.12565e-02
 Reference value :  2.12613e-02
 Reference value :  2.12638e-02
 Reference value :  2.12687e-02
 Reference value :  2.12711e-02
 Reference value :  2.12760e-02
 Reference value :  2.12785e-02
 Reference value :  2.12833e-02
 Reference value :  2.12858e-02
 Reference value :  2.12883e-02
 Reference value :  2.12931e-02
 Reference value :  2.12956e-02
 Reference value :  2.12981e-02
 Reference value :  2.13029e-02
 Reference value :  2.13054e-02
 Reference value :  2.13079e-02
 Reference value :  2.13127e-02
 Reference value :  2.13151e-02
 Reference value :  2.13176e-02
 Reference value :  2.13224e-02
 Reference value :  2.13249e-02
 Reference value :  2.13274e-02
 Reference value :  2.13322e-02
 Reference value :  2.13346e-02
 Reference value :  2.13395e-02
 Reference value :  2.13420e-02
 Reference value :  2.13467e-02
 Reference value :  2.13492e-02
 Reference value :  2.13517e-02
 Reference value :  2.13565e-02
 Reference value :  2.13590e-02
 Reference value :  2.13615e-02
 Reference value :  2.13663e-02
 Reference value :  2.13688e-02
 Reference value :  2.13713e-02
 Reference value :  2.13761e-02
 Reference value :  2.13786e-02
 Reference value :  2.13811e-02
 Reference value :  2.13859e-02
 Reference value :  2.13884e-02
 Reference value :  2.13909e-02
 Reference value :  2.13957e-02
 Reference value :  2.13982e-02
 Reference value :  2.14006e-02
 Reference value :  2.14054e-02
 Reference value :  2.14079e-02
 Reference value :  2.14104e-02
 Reference value :  2.14152e-02
 Reference value :  2.14177e-02
 Reference value :  2.14202e-02
 Reference value :  2.14248e-02
 Reference value :  2.14274e-02
 Reference value :  2.14299e-02
 Reference value :  2.14325e-02
 Reference value :  2.14372e-02
 Reference value :  2.14397e-02
 Reference value :  2.14422e-02
 Reference value :  2.14470e-02
 Reference value :  2.14495e-02
 Reference value :  2.14522e-02
 Reference value :  2.14569e-02
 Reference value :  2.14594e-02
 Reference value :  2.14641e-02
 Reference value :  2.14666e-02
 Reference value :  2.14714e-02
 Reference value :  2.14739e-02
 Reference value :  2.14764e-02
 Reference value :  2.14812e-02
 Reference value :  2.14837e-02
 Reference value :  2.14862e-02
 Reference value :  2.14910e-02
 Reference value :  2.14935e-02
 Reference value :  2.14960e-02
 Reference value :  2.14999e-02
 Reference value :  2.15033e-02
 Reference value :  2.15058e-02
 Reference value :  2.15083e-02
 Reference value :  2.15131e-02
 Reference value :  2.15156e-02
 Reference value :  2.15181e-02
 Reference value :  2.15229e-02
 Reference value :  2.15253e-02
 Reference value :  2.15278e-02
 Reference value :  2.15306e-02
 Reference value :  2.15351e-02
 Reference value :  2.15376e-02
 Reference value :  2.15424e-02
 Reference value :  2.15449e-02
 Reference value :  2.15473e-02
 Reference value :  2.15521e-02
 Reference value :  2.15547e-02
 Reference value :  2.15571e-02
 Reference value :  2.15619e-02
 Reference value :  2.15643e-02
 Reference value :  2.15668e-02
 Reference value :  2.15717e-02
 Reference value :  2.15742e-02
 Reference value :  2.15767e-02
 Reference value :  2.15814e-02
 Reference value :  2.15840e-02
 Reference value :  2.15865e-02
 Reference value :  2.15891e-02
 Reference value :  2.15938e-02
 Reference value :  2.15963e-02
 Reference value :  2.16010e-02
 Reference value :  2.16036e-02
 Reference value :  2.16061e-02
 Reference value :  2.16109e-02
 Reference value :  2.16134e-02
 Reference value :  2.16159e-02
 Reference value :  2.16207e-02
 Reference value :  2.16232e-02
 Reference value :  2.16258e-02
 Reference value :  2.16305e-02
 Reference value :  2.16330e-02
 Reference value :  2.16355e-02
 Reference value :  2.16402e-02
 Reference value :  2.16427e-02
 Reference value :  2.16452e-02
 Reference value :  2.16499e-02
 Reference value :  2.16525e-02
 Reference value :  2.16550e-02
 Reference value :  2.16598e-02
 Reference value :  2.16623e-02
 Reference value :  2.16647e-02
 Reference value :  2.16694e-02
 Reference value :  2.16720e-02
 Reference value :  2.16744e-02
 Reference value :  2.16769e-02
 Reference value :  2.16817e-02
 Reference value :  2.16842e-02
 Reference value :  2.16867e-02
 Reference value :  2.16893e-02
 Reference value :  2.16940e-02
 Reference value :  2.16965e-02
 Reference value :  2.16989e-02
 Reference value :  2.17036e-02
 Reference value :  2.17062e-02
 Reference value :  2.17087e-02
 Reference value :  2.17135e-02
 Reference value :  2.17160e-02
 Reference value :  2.17184e-02
 Reference value :  2.17233e-02
 Reference value :  2.17258e-02
 Reference value :  2.17283e-02
 Reference value :  2.17331e-02
 Reference value :  2.17356e-02
 Reference value :  2.17383e-02
 Reference value :  2.17429e-02
 Reference value :  2.17454e-02
 Reference value :  2.17479e-02
 Reference value :  2.17527e-02
 Reference value :  2.17552e-02
 Reference value :  2.17577e-02
 Reference value :  2.17625e-02
 Reference value :  2.17650e-02
 Reference value :  2.17675e-02
 Reference value :  2.17723e-02
 Reference value :  2.17748e-02
 Reference value :  2.17773e-02
 Reference value :  2.17820e-02
 Reference value :  2.17846e-02
 Reference value :  2.17894e-02
 Reference value :  2.17919e-02
 Reference value :  2.17944e-02
 Reference value :  2.17991e-02
 Reference value :  2.18017e-02
 Reference value :  2.18064e-02
 Reference value :  2.18089e-02
 Reference value :  2.18115e-02
 Reference value :  2.18163e-02
 Reference value :  2.18188e-02
 Reference value :  2.18213e-02
 Reference value :  2.18261e-02
 Reference value :  2.18286e-02
 Reference value :  2.18311e-02
 Reference value :  2.18359e-02
 Reference value :  2.18384e-02
 Reference value :  2.18409e-02
 Reference value :  2.18457e-02
 Reference value :  2.18482e-02
 Reference value :  2.18506e-02
 Reference value :  2.18554e-02
 Reference value :  2.18579e-02
 Reference value :  2.18604e-02
 Reference value :  2.18652e-02
 Reference value :  2.18677e-02
 Reference value :  2.18702e-02
 Reference value :  2.18747e-02
 Reference value :  2.18775e-02
 Reference value :  2.18800e-02
 Reference value :  2.18824e-02
 Reference value :  2.18872e-02
 Reference value :  2.18897e-02
 Reference value :  2.18922e-02
 Reference value :  2.18970e-02
 Reference value :  2.18995e-02
 Reference value :  2.19043e-02
 Reference value :  2.19068e-02
 Reference value :  2.19116e-02
 Reference value :  2.19141e-02
 Reference value :  2.19166e-02
 Reference value :  2.19191e-02
 Reference value :  2.19239e-02
 Reference value :  2.19264e-02
 Reference value :  2.19289e-02
 Reference value :  2.19337e-02
 Reference value :  2.19362e-02
 Reference value :  2.19387e-02
 Reference value :  2.19435e-02
 Reference value :  2.19460e-02
 Reference value :  2.19506e-02
 Reference value :  2.19533e-02
 Reference value :  2.19558e-02
 Reference value :  2.19583e-02
 Reference value :  2.19631e-02
 Reference value :  2.19656e-02
 Reference value :  2.19682e-02
 Reference value :  2.19729e-02
 Reference value :  2.19754e-02
 Reference value :  2.19780e-02
 Reference value :  2.19827e-02
 Reference value :  2.19851e-02
 Reference value :  2.19900e-02
 Reference value :  2.19925e-02
 Reference value :  2.19972e-02
 Reference value :  2.19997e-02
 Reference value :  2.20022e-02
 Reference value :  2.20070e-02
 Reference value :  2.20095e-02
 Reference value :  2.20120e-02
 Reference value :  2.20168e-02
 Reference value :  2.20193e-02
 Reference value :  2.20218e-02
 Reference value :  2.20267e-02
 Reference value :  2.20292e-02
 Reference value :  2.20317e-02
 Reference value :  2.20364e-02
 Reference value :  2.20389e-02
 Reference value :  2.20416e-02
 Reference value :  2.20462e-02
 Reference value :  2.20511e-02
 Reference value :  2.20536e-02
 Reference value :  2.20560e-02
 Reference value :  2.20609e-02
 Reference value :  2.20634e-02
 Reference value :  2.20682e-02
 Reference value :  2.20707e-02
 Reference value :  2.20732e-02
 Reference value :  2.20779e-02
 Reference value :  2.20804e-02
 Reference value :  2.20851e-02
 Reference value :  2.20877e-02
 Reference value :  2.20923e-02
 Reference value :  2.20950e-02
 Reference value :  2.20974e-02
 Reference value :  2.21023e-02
 Reference value :  2.21047e-02
 Reference value :  2.21094e-02
 Reference value :  2.21121e-02
 Reference value :  2.21146e-02
 Reference value :  2.21170e-02
 Reference value :  2.21218e-02
 Reference value :  2.21243e-02
 Reference value :  2.21268e-02
 Reference value :  2.21316e-02
 Reference value :  2.21341e-02
 Reference value :  2.21389e-02
 Reference value :  2.21438e-02
 Reference value :  2.21464e-02
 Reference value :  2.21511e-02
 Reference value :  2.21535e-02
 Reference value :  2.21561e-02
 Reference value :  2.21608e-02
 Reference value :  2.21633e-02
 Reference value :  2.21658e-02
 Reference value :  2.21706e-02
 Reference value :  2.21731e-02
 Reference value :  2.21755e-02
 Reference value :  2.21803e-02
 Reference value :  2.21828e-02
 Reference value :  2.21853e-02
 Reference value :  2.21901e-02
 Reference value :  2.21926e-02
 Reference value :  2.21951e-02
 Reference value :  2.22001e-02
 Reference value :  2.22048e-02
 Reference value :  2.22073e-02
 Reference value :  2.22121e-02
 Reference value :  2.22169e-02
 Reference value :  2.22195e-02
 Reference value :  2.22220e-02
 Reference value :  2.22268e-02
 Reference value :  2.22293e-02
 Reference value :  2.22318e-02
 Reference value :  2.22367e-02
 Reference value :  2.22392e-02
 Reference value :  2.22440e-02
 Reference value :  2.22465e-02
 Reference value :  2.22490e-02
 Reference value :  2.22538e-02
 Reference value :  2.22563e-02
 Reference value :  2.22610e-02
 Reference value :  2.22636e-02
 Reference value :  2.22684e-02
 Reference value :  2.22709e-02
 Reference value :  2.22735e-02
 Reference value :  2.22783e-02
 Reference value :  2.22831e-02
 Reference value :  2.22856e-02
 Reference value :  2.22903e-02
 Reference value :  2.22929e-02
 Reference value :  2.22956e-02
 Reference value :  2.23002e-02
 Reference value :  2.23051e-02
 Reference value :  2.23076e-02
 Reference value :  2.23101e-02
 Reference value :  2.23148e-02
 Reference value :  2.23173e-02
 Reference value :  2.23221e-02
 Reference value :  2.23246e-02
 Reference value :  2.23271e-02
 Reference value :  2.23319e-02
 Reference value :  2.23344e-02
 Reference value :  2.23369e-02
 Reference value :  2.23418e-02
 Reference value :  2.23467e-02
 Reference value :  2.23492e-02
 Reference value :  2.23541e-02
 Reference value :  2.23590e-02
 Reference value :  2.23638e-02
 Reference value :  2.23687e-02
 Reference value :  2.23736e-02
 Reference value :  2.23785e-02
 Reference value :  2.23810e-02
 Reference value :  2.23858e-02
 Reference value :  2.23907e-02
 Reference value :  2.23980e-02
 Reference value :  2.24053e-02
 Reference value :  2.24126e-02
 Reference value :  2.24217e-02
 Reference value :  2.24295e-02
 Reference value :  2.24368e-02
 Reference value :  2.24441e-02
 Reference value :  2.24515e-02
 Reference value :  2.24588e-02
 Reference value :  2.24662e-02
 Reference value :  2.24736e-02
 Reference value :  2.24809e-02
 Reference value :  2.24882e-02
 Reference value :  2.24956e-02
 Reference value :  2.25029e-02
 Reference value :  2.25103e-02
 Reference value :  2.25176e-02
 Reference value :  2.25250e-02
 Reference value :  2.25323e-02
 Reference value :  2.25397e-02
 Reference value :  2.25470e-02
 Reference value :  2.25544e-02
 Reference value :  2.25617e-02
 Reference value :  2.25690e-02
 Reference value :  2.25764e-02
 Reference value :  2.25838e-02
 Reference value :  2.25911e-02
 Reference value :  2.25984e-02
 Reference value :  2.26058e-02
 Reference value :  2.26131e-02
 Reference value :  2.26205e-02
 Reference value :  2.26278e-02
 Reference value :  2.26328e-02
 Reference value :  2.26401e-02
 Reference value :  2.26474e-02
 Reference value :  2.26547e-02
 Reference value :  2.26620e-02
 Reference value :  2.26694e-02
 Reference value :  2.26767e-02
 Reference value :  2.26841e-02
 Reference value :  2.26890e-02
 Reference value :  2.26965e-02
 Reference value :  2.27038e-02
 Reference value :  2.27110e-02
 Reference value :  2.27184e-02
 Reference value :  2.27257e-02
 Reference value :  2.27307e-02
 Reference value :  2.27380e-02
 Reference value :  2.27456e-02
 Reference value :  2.27527e-02
 Reference value :  2.27600e-02
 Reference value :  2.27674e-02
 Reference value :  2.27747e-02
 Reference value :  2.27821e-02
 Reference value :  2.27894e-02
 Reference value :  2.27967e-02
 Reference value :  2.28041e-02
 Reference value :  2.28091e-02
 Reference value :  2.28167e-02
 Reference value :  2.28239e-02
 Reference value :  2.28312e-02
 Reference value :  2.28406e-02
 Reference value :  2.28480e-02
 Reference value :  2.28531e-02
 Reference value :  2.28604e-02
 Reference value :  2.28677e-02
 Reference value :  2.28751e-02
 Reference value :  2.28824e-02
 Reference value :  2.28898e-02
 Reference value :  2.28971e-02
 Reference value :  2.29045e-02
 Reference value :  2.29118e-02
 Reference value :  2.29192e-02
 Reference value :  2.29266e-02
 Reference value :  2.29339e-02
 Reference value :  2.29413e-02
 Reference value :  2.29486e-02
 Reference value :  2.29536e-02
 Reference value :  2.29609e-02
 Reference value :  2.29682e-02
 Reference value :  2.29756e-02
 Reference value :  2.29829e-02
 Reference value :  2.29903e-02
 Reference value :  2.29976e-02
 Reference value :  2.30050e-02
 Reference value :  2.30123e-02
 Reference value :  2.30196e-02
 Reference value :  2.30270e-02
 Reference value :  2.30330e-02
 Reference value :  2.30394e-02
 Reference value :  2.30468e-02
 Reference value :  2.30540e-02
 Reference value :  2.30614e-02
 Reference value :  2.30687e-02
 Reference value :  2.30760e-02
 Reference value :  2.30811e-02
 Reference value :  2.30884e-02
 Reference value :  2.30957e-02
 Reference value :  2.31030e-02
 Reference value :  2.31104e-02
 Reference value :  2.31177e-02
 Reference value :  2.31251e-02
 Reference value :  2.31324e-02
 Reference value :  2.31397e-02
 Reference value :  2.31471e-02
 Reference value :  2.31544e-02
 Reference value :  2.31618e-02
 Reference value :  2.31678e-02
 Reference value :  2.31741e-02
 Reference value :  2.31815e-02
 Reference value :  2.31911e-02
 Reference value :  2.31967e-02
 Reference value :  2.32034e-02
 Reference value :  2.32108e-02
 Reference value :  2.32181e-02
 Reference value :  2.32255e-02
 Reference value :  2.32328e-02
 Reference value :  2.32401e-02
 Reference value :  2.32475e-02
 Reference value :  2.32535e-02
 Reference value :  2.32599e-02
 Reference value :  2.32672e-02
 Reference value :  2.32745e-02
 Reference value :  2.32818e-02
 Reference value :  2.32892e-02
 Reference value :  2.32965e-02
 Reference value :  2.33038e-02
 Reference value :  2.33112e-02
 Reference value :  2.33185e-02
 Reference value :  2.33236e-02
 Reference value :  2.33309e-02
 Reference value :  2.33382e-02
 Reference value :  2.33455e-02
 Reference value :  2.33528e-02
 Reference value :  2.33602e-02
 Reference value :  2.33675e-02
 Reference value :  2.33748e-02
 Reference value :  2.33822e-02
 Reference value :  2.33895e-02
 Reference value :  2.33968e-02
 Reference value :  2.34041e-02
 Reference value :  2.34116e-02
 Reference value :  2.34189e-02
 Reference value :  2.34242e-02
 Reference value :  2.34313e-02
 Reference value :  2.34386e-02
 Reference value :  2.34483e-02
 Reference value :  2.34556e-02
 Reference value :  2.34606e-02
 Reference value :  2.34680e-02
 Reference value :  2.34753e-02
 Reference value :  2.34829e-02
 Reference value :  2.34901e-02
 Reference value :  2.34973e-02
 Reference value :  2.35047e-02
 Reference value :  2.35120e-02
 Reference value :  2.35194e-02
 Reference value :  2.35267e-02
 Reference value :  2.35340e-02
 Reference value :  2.35414e-02
 Reference value :  2.35487e-02
 Reference value :  2.35561e-02
 Reference value :  2.35634e-02
 Reference value :  2.35708e-02
 Reference value :  2.35781e-02
 Reference value :  2.35854e-02
 Reference value :  2.35928e-02
 Reference value :  2.36001e-02
 Reference value :  2.36075e-02
 Reference value :  2.36148e-02
 Reference value :  2.36216e-02
 Reference value :  2.36274e-02
 Reference value :  2.36360e-02
 Reference value :  2.36418e-02
 Reference value :  2.36492e-02
 Reference value :  2.36565e-02
 Reference value :  2.36639e-02
 Reference value :  2.36712e-02
 Reference value :  2.36786e-02
 Reference value :  2.36859e-02
 Reference value :  2.36932e-02
 Reference value :  2.37006e-02
 Reference value :  2.37079e-02
 Reference value :  2.37153e-02
 Reference value :  2.37226e-02
 Reference value :  2.37300e-02
 Reference value :  2.37373e-02
 Reference value :  2.37446e-02
 Reference value :  2.37519e-02
 Reference value :  2.37593e-02
 Reference value :  2.37645e-02
 Reference value :  2.37718e-02
 Reference value :  2.37790e-02
 Reference value :  2.37863e-02
 Reference value :  2.37937e-02
 Reference value :  2.38010e-02
 Reference value :  2.38084e-02
 Reference value :  2.38157e-02
 Reference value :  2.38230e-02
 Reference value :  2.38304e-02
 Reference value :  2.38377e-02
 Reference value :  2.38450e-02
 Reference value :  2.38524e-02
 Reference value :  2.38598e-02
 Reference value :  2.38656e-02
 Reference value :  2.38721e-02
 Reference value :  2.38794e-02
 Reference value :  2.38891e-02
 Reference value :  2.38948e-02
 Reference value :  2.39014e-02
 Reference value :  2.39087e-02
 Reference value :  2.39161e-02
 Reference value :  2.39234e-02
 Reference value :  2.39308e-02
 Reference value :  2.39381e-02
 Reference value :  2.39455e-02
 Reference value :  2.39528e-02
 Reference value :  2.39601e-02
 Reference value :  2.39675e-02
 Reference value :  2.39748e-02
 Reference value :  2.39822e-02
 Reference value :  2.39874e-02
 Reference value :  2.39946e-02
 Reference value :  2.40020e-02
 Reference value :  2.40092e-02
 Reference value :  2.40166e-02
 Reference value :  2.40239e-02
 Reference value :  2.40312e-02
 Reference value :  2.40386e-02
 Reference value :  2.40459e-02
 Reference value :  2.40532e-02
 Reference value :  2.40606e-02
 Reference value :  2.40679e-02
 Reference value :  2.40753e-02
 Reference value :  2.40826e-02
 Reference value :  2.40900e-02
 Reference value :  2.40973e-02
 Reference value :  2.41046e-02
 Reference value :  2.41120e-02
 Reference value :  2.41177e-02
 Reference value :  2.41266e-02
 Reference value :  2.41317e-02
 Reference value :  2.41390e-02
 Reference value :  2.41463e-02
 Reference value :  2.41537e-02
 Reference value :  2.41610e-02
 Reference value :  2.41684e-02
 Reference value :  2.41757e-02
 Reference value :  2.41830e-02
 Reference value :  2.41904e-02
 Reference value :  2.41977e-02
 Reference value :  2.42050e-02
 Reference value :  2.42124e-02
 Reference value :  2.42197e-02
 Reference value :  2.42271e-02
 Reference value :  2.42344e-02
 Reference value :  2.42418e-02
 Reference value :  2.42491e-02
 Reference value :  2.42564e-02
 Reference value :  2.42615e-02
 Reference value :  2.42688e-02
 Reference value :  2.42785e-02
 Reference value :  2.42858e-02
 Reference value :  2.42908e-02
 Reference value :  2.42981e-02
 Reference value :  2.43055e-02
 Reference value :  2.43129e-02
 Reference value :  2.43225e-02
 Reference value :  2.43276e-02
 Reference value :  2.43350e-02
 Reference value :  2.43422e-02
 Reference value :  2.43495e-02
 Reference value :  2.43569e-02
 Reference value :  2.43642e-02
 Reference value :  2.43716e-02
 Reference value :  2.43788e-02
 Reference value :  2.43861e-02
 Reference value :  2.43935e-02
 Reference value :  2.43988e-02
 Reference value :  2.44068e-02
 Reference value :  2.44132e-02
 Reference value :  2.44206e-02
 Reference value :  2.44279e-02
 Reference value :  2.44352e-02
 Reference value :  2.44426e-02
 Reference value :  2.44499e-02
 Reference value :  2.44572e-02
 Reference value :  2.44646e-02
 Reference value :  2.44720e-02
 Reference value :  2.44771e-02
 Reference value :  2.44866e-02
 Reference value :  2.44917e-02
 Reference value :  2.44990e-02
 Reference value :  2.45063e-02
 Reference value :  2.45136e-02
 Reference value :  2.45210e-02
 Reference value :  2.45283e-02
 Reference value :  2.45357e-02
 Reference value :  2.45430e-02
 Reference value :  2.45504e-02
 Reference value :  2.45577e-02
 Reference value :  2.45651e-02
 Reference value :  2.45724e-02
 Reference value :  2.45798e-02
 Reference value :  2.45871e-02
 Reference value :  2.45945e-02
 Reference value :  2.46018e-02
 Reference value :  2.46115e-02
 Reference value :  2.46189e-02
 Reference value :  2.46261e-02
 Reference value :  2.46335e-02
 Reference value :  2.46409e-02
 Reference value :  2.46483e-02
 Reference value :  2.46556e-02
 Reference value :  2.46630e-02
 Reference value :  2.46704e-02
 Reference value :  2.46777e-02
 Reference value :  2.46851e-02
 Reference value :  2.46925e-02
 Reference value :  2.47021e-02
 Reference value :  2.47095e-02
 Reference value :  2.47165e-02
 Reference value :  2.47242e-02
 Reference value :  2.47315e-02
 Reference value :  2.47389e-02
 Reference value :  2.47463e-02
 Reference value :  2.47537e-02
 Reference value :  2.47615e-02
 Reference value :  2.47683e-02
 Reference value :  2.47757e-02
 Reference value :  2.47834e-02
 Reference value :  2.47928e-02
 Reference value :  2.48001e-02
 Reference value :  2.48075e-02
 Reference value :  2.48148e-02
 Reference value :  2.48222e-02
 Reference value :  2.48296e-02
 Reference value :  2.48393e-02
 Reference value :  2.48467e-02
 Reference value :  2.48540e-02
 Reference value :  2.48613e-02
 Reference value :  2.48687e-02
 Reference value :  2.48760e-02
 Reference value :  2.48834e-02
 Reference value :  2.48908e-02
 Reference value :  2.48981e-02
 Reference value :  2.49055e-02
 Reference value :  2.49135e-02
 Reference value :  2.49225e-02
 Reference value :  2.49299e-02
 Reference value :  2.49373e-02
 Reference value :  2.49446e-02
 Reference value :  2.49519e-02
 Reference value :  2.49593e-02
 Reference value :  2.49667e-02
 Reference value :  2.49740e-02
 Reference value :  2.49814e-02
 Reference value :  2.49887e-02
 Reference value :  2.49960e-02
 Reference value :  2.50034e-02
 Reference value :  2.50108e-02
 Reference value :  2.50183e-02
 Reference value :  2.50255e-02
 Reference value :  2.50329e-02
 Reference value :  2.50403e-02
 Reference value :  2.50499e-02
 Reference value :  2.50573e-02
 Reference value :  2.50646e-02
 Reference value :  2.50720e-02
 Reference value :  2.50793e-02
 Reference value :  2.50867e-02
 Reference value :  2.50940e-02
 Reference value :  2.51015e-02
 Reference value :  2.51111e-02
 Reference value :  2.51184e-02
 Reference value :  2.51258e-02
 Reference value :  2.51332e-02
 Reference value :  2.51405e-02
 Reference value :  2.51479e-02
 Reference value :  2.51553e-02
 Reference value :  2.51626e-02
 Reference value :  2.51700e-02
 Reference value :  2.51776e-02
 Reference value :  2.51870e-02
 Reference value :  2.51944e-02
 Reference value :  2.52018e-02
 Reference value :  2.52091e-02
 Reference value :  2.52165e-02
 Reference value :  2.52238e-02
 Reference value :  2.52313e-02
 Reference value :  2.52386e-02
 Reference value :  2.52461e-02
 Reference value :  2.52556e-02
 Reference value :  2.52630e-02
 Reference value :  2.52703e-02
 Reference value :  2.52777e-02
 Reference value :  2.52851e-02
 Reference value :  2.52925e-02
 Reference value :  2.53000e-02
 Reference value :  2.53075e-02
 Reference value :  2.53168e-02
 Reference value :  2.53242e-02
 Reference value :  2.53316e-02
 Reference value :  2.53389e-02
 Reference value :  2.53462e-02
 Reference value :  2.53536e-02
 Reference value :  2.53609e-02
 Reference value :  2.53684e-02
 Reference value :  2.53757e-02
 Reference value :  2.53854e-02
 Reference value :  2.53927e-02
 Reference value :  2.54001e-02
 Reference value :  2.54075e-02
 Reference value :  2.54148e-02
 Reference value :  2.54222e-02
 Reference value :  2.54295e-02
 Reference value :  2.54369e-02
 Reference value :  2.54443e-02
 Reference value :  2.54516e-02
 Reference value :  2.54589e-02
 Reference value :  2.54663e-02
 Reference value :  2.54760e-02
 Reference value :  2.54834e-02
 Reference value :  2.54907e-02
 Reference value :  2.54981e-02
 Reference value :  2.55054e-02
 Reference value :  2.55128e-02
 Reference value :  2.55201e-02
 Reference value :  2.55275e-02
 Reference value :  2.55349e-02
 Reference value :  2.55422e-02
 Reference value :  2.55496e-02
 Reference value :  2.55569e-02
 Reference value :  2.55643e-02
 Reference value :  2.55717e-02
 Reference value :  2.55791e-02
 Reference value :  2.55887e-02
 Reference value :  2.55961e-02
 Reference value :  2.56034e-02
 Reference value :  2.56108e-02
 Reference value :  2.56181e-02
 Reference value :  2.56255e-02
 Reference value :  2.56328e-02
 Reference value :  2.56402e-02
 Reference value :  2.56477e-02
 Reference value :  2.56549e-02
 Reference value :  2.56622e-02
 Reference value :  2.56696e-02
 Reference value :  2.56770e-02
 Reference value :  2.56867e-02
 Reference value :  2.56941e-02
 Reference value :  2.57015e-02
 Reference value :  2.57104e-02
 Reference value :  2.57187e-02
 Reference value :  2.57261e-02
 Reference value :  2.57334e-02
 Reference value :  2.57411e-02
 Reference value :  2.57506e-02
 Reference value :  2.57579e-02
 Reference value :  2.57653e-02
 Reference value :  2.57726e-02
 Reference value :  2.57800e-02
 Reference value :  2.57873e-02
 Reference value :  2.57947e-02
 Reference value :  2.58044e-02
 Reference value :  2.58118e-02
 Reference value :  2.58192e-02
 Reference value :  2.58265e-02
 Reference value :  2.58339e-02
 Reference value :  2.58412e-02
 Reference value :  2.58486e-02
 Reference value :  2.58560e-02
 Reference value :  2.58657e-02
 Reference value :  2.58730e-02
 Reference value :  2.58804e-02
 Reference value :  2.58877e-02
 Reference value :  2.58951e-02
 Reference value :  2.59025e-02
 Reference value :  2.59122e-02
 Reference value :  2.59197e-02
 Reference value :  2.59270e-02
 Reference value :  2.59345e-02
 Reference value :  2.59442e-02
 Reference value :  2.59516e-02
 Reference value :  2.59590e-02
 Reference value :  2.59666e-02
 Reference value :  2.59761e-02
 Reference value :  2.59835e-02
 Reference value :  2.59909e-02
 Reference value :  2.59983e-02
 Reference value :  2.60058e-02
 Reference value :  2.60154e-02
 Reference value :  2.60228e-02
 Reference value :  2.60304e-02
 Reference value :  2.60378e-02
 Reference value :  2.60473e-02
 Reference value :  2.60546e-02
 Reference value :  2.60620e-02
 Reference value :  2.60694e-02
 Reference value :  2.60767e-02
 Reference value :  2.60841e-02
 Reference value :  2.60914e-02
 Reference value :  2.61011e-02
 Reference value :  2.61085e-02
 Reference value :  2.61138e-02
 Reference value :  2.61213e-02
 Reference value :  2.61305e-02
 Reference value :  2.61379e-02
 Reference value :  2.61454e-02
 Reference value :  2.61549e-02
 Reference value :  2.61624e-02
 Reference value :  2.61697e-02
 Reference value :  2.61771e-02
 Reference value :  2.61844e-02
 Reference value :  2.61918e-02
 Reference value :  2.61991e-02
 Reference value :  2.62065e-02
 Reference value :  2.62139e-02
 Reference value :  2.62236e-02
 Reference value :  2.62310e-02
 Reference value :  2.62383e-02
 Reference value :  2.62457e-02
 Reference value :  2.62530e-02
 Reference value :  2.62604e-02
 Reference value :  2.62677e-02
 Reference value :  2.62760e-02
 Reference value :  2.62826e-02
 Reference value :  2.62898e-02
 Reference value :  2.62971e-02
 Reference value :  2.63069e-02
 Reference value :  2.63142e-02
 Reference value :  2.63215e-02
 Reference value :  2.63289e-02
 Reference value :  2.63363e-02
 Reference value :  2.63436e-02
 Reference value :  2.63510e-02
 Reference value :  2.63586e-02
 Reference value :  2.63658e-02
 Reference value :  2.63754e-02
 Reference value :  2.63828e-02
 Reference value :  2.63902e-02
 Reference value :  2.63975e-02
 Reference value :  2.64049e-02
 Reference value :  2.64123e-02
 Reference value :  2.64196e-02
 Reference value :  2.64270e-02
 Reference value :  2.64367e-02
 Reference value :  2.64440e-02
 Reference value :  2.64514e-02
 Reference value :  2.64588e-02
 Reference value :  2.64661e-02
 Reference value :  2.64735e-02
 Reference value :  2.64808e-02
 Reference value :  2.64882e-02
 Reference value :  2.64956e-02
 Reference value :  2.65053e-02
 Reference value :  2.65126e-02
 Reference value :  2.65200e-02
 Reference value :  2.65273e-02
 Reference value :  2.65347e-02
 Reference value :  2.65420e-02
 Reference value :  2.65494e-02
 Reference value :  2.65568e-02
 Reference value :  2.65641e-02
 Reference value :  2.65718e-02
 Reference value :  2.65812e-02
 Reference value :  2.65885e-02
 Reference value :  2.65959e-02
 Reference value :  2.66032e-02
 Reference value :  2.66106e-02
 Reference value :  2.66180e-02
 Reference value :  2.66253e-02
 Reference value :  2.66326e-02
 Reference value :  2.66400e-02
 Reference value :  2.66497e-02
 Reference value :  2.66571e-02
 Reference value :  2.66643e-02
 Reference value :  2.66718e-02
 Reference value :  2.66792e-02
 Reference value :  2.66865e-02
 Reference value :  2.66939e-02
 Reference value :  2.67036e-02
 Reference value :  2.67110e-02
 Reference value :  2.67184e-02
 Reference value :  2.67259e-02
 Reference value :  2.67355e-02
 Reference value :  2.67430e-02
 Reference value :  2.67504e-02
 Reference value :  2.67579e-02
 Reference value :  2.67675e-02
 Reference value :  2.67749e-02
 Reference value :  2.67823e-02
 Reference value :  2.67906e-02
 Reference value :  2.67995e-02
 Reference value :  2.68068e-02
 Reference value :  2.68142e-02
 Reference value :  2.68215e-02
 Reference value :  2.68290e-02
 Reference value :  2.68367e-02
 Reference value :  2.68459e-02
 Reference value :  2.68533e-02
 Reference value :  2.68607e-02
 Reference value :  2.68681e-02
 Reference value :  2.68754e-02
 Reference value :  2.68828e-02
 Reference value :  2.68924e-02
 Reference value :  2.68993e-02
 Reference value :  2.69072e-02
 Reference value :  2.69146e-02
 Reference value :  2.69220e-02
 Reference value :  2.69293e-02
 Reference value :  2.69367e-02
 Reference value :  2.69441e-02
 Reference value :  2.69517e-02
 Reference value :  2.69611e-02
 Reference value :  2.69685e-02
 Reference value :  2.69758e-02
 Reference value :  2.69832e-02
 Reference value :  2.69905e-02
 Reference value :  2.69980e-02
 Reference value :  2.70052e-02
 Reference value :  2.70126e-02
 Reference value :  2.70200e-02
 Reference value :  2.70296e-02
 Reference value :  2.70371e-02
 Reference value :  2.70445e-02
 Reference value :  2.70519e-02
 Reference value :  2.70616e-02
 Reference value :  2.70690e-02
 Reference value :  2.70764e-02
 Reference value :  2.70840e-02
 Reference value :  2.70936e-02
 Reference value :  2.71009e-02
 Reference value :  2.71083e-02
 Reference value :  2.71164e-02
 Reference value :  2.71255e-02
 Reference value :  2.71329e-02
 Reference value :  2.71403e-02
 Reference value :  2.71500e-02
 Reference value :  2.71573e-02
 Reference value :  2.71648e-02
 Reference value :  2.71721e-02
 Reference value :  2.71795e-02
 Reference value :  2.71868e-02
 Reference value :  2.71942e-02
 Reference value :  2.72015e-02
 Reference value :  2.72091e-02
 Reference value :  2.72185e-02
 Reference value :  2.72260e-02
 Reference value :  2.72333e-02
 Reference value :  2.72407e-02
 Reference value :  2.72480e-02
 Reference value :  2.72554e-02
 Reference value :  2.72628e-02
 Reference value :  2.72701e-02
 Reference value :  2.72775e-02
 Reference value :  2.72871e-02
 Reference value :  2.72945e-02
 Reference value :  2.73019e-02
 Reference value :  2.73092e-02
 Reference value :  2.73142e-02
 Reference value :  2.73239e-02
 Reference value :  2.73313e-02
 Reference value :  2.73387e-02
 Reference value :  2.73460e-02
 Reference value :  2.73534e-02
 Reference value :  2.73607e-02
 Reference value :  2.73680e-02
 Reference value :  2.73754e-02
 Reference value :  2.73828e-02
 Reference value :  2.73925e-02
 Reference value :  2.73999e-02
 Reference value :  2.74072e-02
 Reference value :  2.74146e-02
 Reference value :  2.74219e-02
 Reference value :  2.74293e-02
 Reference value :  2.74367e-02
 Reference value :  2.74441e-02
 Reference value :  2.74537e-02
 Reference value :  2.74611e-02
 Reference value :  2.74685e-02
 Reference value :  2.74758e-02
 Reference value :  2.74832e-02
 Reference value :  2.74905e-02
 Reference value :  2.74979e-02
 Reference value :  2.75053e-02
 Reference value :  2.75136e-02
 Reference value :  2.75222e-02
 Reference value :  2.75297e-02
 Reference value :  2.75370e-02
 Reference value :  2.75444e-02
 Reference value :  2.75518e-02
 Reference value :  2.75591e-02
 Reference value :  2.75665e-02
 Reference value :  2.75739e-02
 Reference value :  2.75835e-02
 Reference value :  2.75909e-02
 Reference value :  2.75983e-02
 Reference value :  2.76056e-02
 Reference value :  2.76130e-02
 Reference value :  2.76203e-02
 Reference value :  2.76277e-02
 Reference value :  2.76350e-02
 Reference value :  2.76423e-02
 Reference value :  2.76497e-02
 Reference value :  2.76571e-02
 Reference value :  2.76644e-02
 Reference value :  2.76718e-02
 Reference value :  2.76791e-02
 Reference value :  2.76865e-02
 Reference value :  2.76938e-02
 Reference value :  2.77012e-02
 Reference value :  2.77085e-02
 Reference value :  2.77159e-02
 Reference value :  2.77232e-02
 Reference value :  2.77306e-02
 Reference value :  2.77402e-02
 Reference value :  2.77476e-02
 Reference value :  2.77550e-02
 Reference value :  2.77624e-02
 Reference value :  2.77697e-02
 Reference value :  2.77771e-02
 Reference value :  2.77844e-02
 Reference value :  2.77918e-02
 Reference value :  2.77992e-02
 Reference value :  2.78088e-02
 Reference value :  2.78162e-02
 Reference value :  2.78236e-02
 Reference value :  2.78310e-02
 Reference value :  2.78383e-02
 Reference value :  2.78457e-02
 Reference value :  2.78530e-02
 Reference value :  2.78627e-02
 Reference value :  2.78701e-02
 Reference value :  2.78774e-02
 Reference value :  2.78848e-02
 Reference value :  2.78922e-02
 Reference value :  2.78995e-02
 Reference value :  2.79074e-02
 Reference value :  2.79167e-02
 Reference value :  2.79240e-02
 Reference value :  2.79314e-02
 Reference value :  2.79387e-02
 Reference value :  2.79461e-02
 Reference value :  2.79535e-02
 Reference value :  2.79608e-02
 Reference value :  2.79682e-02
 Reference value :  2.79757e-02
 Reference value :  2.79852e-02
 Reference value :  2.79926e-02
 Reference value :  2.79999e-02
 Reference value :  2.80072e-02
 Reference value :  2.80146e-02
 Reference value :  2.80220e-02
 Reference value :  2.80293e-02
 Reference value :  2.80366e-02
 Reference value :  2.80440e-02
 Reference value :  2.80537e-02
 Reference value :  2.80611e-02
 Reference value :  2.80684e-02
 Reference value :  2.80758e-02
 Reference value :  2.80832e-02
 Reference value :  2.80905e-02
 Reference value :  2.80979e-02
 Reference value :  2.81058e-02
 Reference value :  2.81126e-02
 Reference value :  2.81222e-02
 Reference value :  2.81297e-02
 Reference value :  2.81370e-02
 Reference value :  2.81443e-02
 Reference value :  2.81517e-02
 Reference value :  2.81591e-02
 Reference value :  2.81665e-02
 Reference value :  2.81738e-02
 Reference value :  2.81814e-02
 Reference value :  2.81908e-02
 Reference value :  2.81982e-02
 Reference value :  2.82056e-02
 Reference value :  2.82129e-02
 Reference value :  2.82203e-02
 Reference value :  2.82277e-02
 Reference value :  2.82351e-02
 Reference value :  2.82447e-02
 Reference value :  2.82521e-02
 Reference value :  2.82594e-02
 Reference value :  2.82668e-02
 Reference value :  2.82741e-02
 Reference value :  2.82815e-02
 Reference value :  2.82889e-02
 Reference value :  2.82986e-02
 Reference value :  2.83060e-02
 Reference value :  2.83132e-02
 Reference value :  2.83207e-02
 Reference value :  2.83280e-02
 Reference value :  2.83354e-02
 Reference value :  2.83428e-02
 Reference value :  2.83502e-02
 Reference value :  2.83599e-02
 Reference value :  2.83672e-02
 Reference value :  2.83746e-02
 Reference value :  2.83819e-02
 Reference value :  2.83893e-02
 Reference value :  2.83967e-02
 Reference value :  2.84064e-02
 Reference value :  2.84138e-02
 Reference value :  2.84210e-02
 Reference value :  2.84285e-02
 Reference value :  2.84358e-02
 Reference value :  2.84432e-02
 Reference value :  2.84506e-02
 Reference value :  2.84580e-02
 Reference value :  2.84676e-02
 Reference value :  2.84751e-02
 Reference value :  2.84825e-02
 Reference value :  2.84899e-02
 Reference value :  2.84996e-02
 Reference value :  2.85070e-02
 Reference value :  2.85144e-02
 Reference value :  2.85220e-02
 Reference value :  2.85315e-02
 Reference value :  2.85389e-02
 Reference value :  2.85463e-02
 Reference value :  2.85542e-02
 Reference value :  2.85635e-02
 Reference value :  2.85709e-02
 Reference value :  2.85782e-02
 Reference value :  2.85856e-02
 Reference value :  2.85930e-02
 Reference value :  2.86004e-02
 Reference value :  2.86100e-02
 Reference value :  2.86174e-02
 Reference value :  2.86248e-02
 Reference value :  2.86321e-02
 Reference value :  2.86395e-02
 Reference value :  2.86468e-02
 Reference value :  2.86542e-02
 Reference value :  2.86638e-02
 Reference value :  2.86712e-02
 Reference value :  2.86786e-02
 Reference value :  2.86860e-02
 Reference value :  2.86933e-02
 Reference value :  2.87007e-02
 Reference value :  2.87080e-02
 Reference value :  2.87154e-02
 Reference value :  2.87228e-02
 Reference value :  2.87302e-02
 Reference value :  2.87375e-02
 Reference value :  2.87449e-02
 Reference value :  2.87545e-02
 Reference value :  2.87619e-02
 Reference value :  2.87693e-02
 Reference value :  2.87766e-02
 Reference value :  2.87840e-02
 Reference value :  2.87914e-02
 Reference value :  2.87987e-02
 Reference value :  2.88061e-02
 Reference value :  2.88135e-02
 Reference value :  2.88231e-02
 Reference value :  2.88305e-02
 Reference value :  2.88377e-02
 Reference value :  2.88451e-02
 Reference value :  2.88525e-02
 Reference value :  2.88599e-02
 Reference value :  2.88672e-02
 Reference value :  2.88746e-02
 Reference value :  2.88843e-02
 Reference value :  2.88917e-02
 Reference value :  2.88990e-02
 Reference value :  2.89064e-02
 Reference value :  2.89137e-02
 Reference value :  2.89211e-02
 Reference value :  2.89285e-02
 Reference value :  2.89359e-02
 Reference value :  2.89432e-02
 Reference value :  2.89508e-02
 Reference value :  2.89602e-02
 Reference value :  2.89676e-02
 Reference value :  2.89750e-02
 Reference value :  2.89824e-02
 Reference value :  2.89898e-02
 Reference value :  2.89994e-02
 Reference value :  2.90068e-02
 Reference value :  2.90142e-02
 Reference value :  2.90215e-02
 Reference value :  2.90289e-02
 Reference value :  2.90362e-02
 Reference value :  2.90436e-02
 Reference value :  2.90533e-02
 Reference value :  2.90607e-02
 Reference value :  2.90662e-02
 Reference value :  2.90754e-02
 Reference value :  2.90827e-02
 Reference value :  2.90901e-02
 Reference value :  2.90974e-02
 Reference value :  2.91048e-02
 Reference value :  2.91122e-02
 Reference value :  2.91196e-02
 Reference value :  2.91292e-02
 Reference value :  2.91366e-02
 Reference value :  2.91440e-02
 Reference value :  2.91513e-02
 Reference value :  2.91587e-02
 Reference value :  2.91661e-02
 Reference value :  2.91735e-02
 Reference value :  2.91810e-02
 Reference value :  2.91905e-02
 Reference value :  2.91978e-02
 Reference value :  2.92052e-02
 Reference value :  2.92125e-02
 Reference value :  2.92199e-02
 Reference value :  2.92272e-02
 Reference value :  2.92369e-02
 Reference value :  2.92443e-02
 Reference value :  2.92516e-02
 Reference value :  2.92591e-02
 Reference value :  2.92664e-02
 Reference value :  2.92738e-02
 Reference value :  2.92811e-02
 Reference value :  2.92887e-02
 Reference value :  2.92959e-02
 Reference value :  2.93055e-02
 Reference value :  2.93129e-02
 Reference value :  2.93203e-02
 Reference value :  2.93277e-02
 Reference value :  2.93350e-02
 Reference value :  2.93424e-02
 Reference value :  2.93520e-02
 Reference value :  2.93595e-02
 Reference value :  2.93669e-02
 Reference value :  2.93742e-02
 Reference value :  2.93815e-02
 Reference value :  2.93890e-02
 Reference value :  2.93986e-02
 Reference value :  2.94060e-02
 Reference value :  2.94133e-02
 Reference value :  2.94207e-02
 Reference value :  2.94281e-02
 Reference value :  2.94355e-02
 Reference value :  2.94428e-02
 Reference value :  2.94525e-02
 Reference value :  2.94599e-02
 Reference value :  2.94672e-02
 Reference value :  2.94746e-02
 Reference value :  2.94819e-02
 Reference value :  2.94917e-02
 Reference value :  2.94990e-02
 Reference value :  2.95064e-02
 Reference value :  2.95137e-02
 Reference value :  2.95211e-02
 Reference value :  2.95284e-02
 Reference value :  2.95358e-02
 Reference value :  2.95452e-02
 Reference value :  2.95507e-02
 Reference value :  2.95602e-02
 Reference value :  2.95676e-02
 Reference value :  2.95750e-02
 Reference value :  2.95823e-02
 Reference value :  2.95897e-02
 Reference value :  2.95970e-02
 Reference value :  2.96043e-02
 Reference value :  2.96117e-02
 Reference value :  2.96191e-02
 Reference value :  2.96288e-02
 Reference value :  2.96361e-02
 Reference value :  2.96435e-02
 Reference value :  2.96509e-02
 Reference value :  2.96582e-02
 Reference value :  2.96655e-02
 Reference value :  2.96729e-02
 Reference value :  2.96826e-02
 Reference value :  2.96900e-02
 Reference value :  2.96973e-02
 Reference value :  2.97047e-02
 Reference value :  2.97121e-02
 Reference value :  2.97194e-02
 Reference value :  2.97268e-02
 Reference value :  2.97342e-02
 Reference value :  2.97416e-02
 Reference value :  2.97512e-02
 Reference value :  2.97586e-02
 Reference value :  2.97659e-02
 Reference value :  2.97733e-02
 Reference value :  2.97807e-02
 Reference value :  2.97881e-02
 Reference value :  2.97953e-02
 Reference value :  2.98027e-02
 Reference value :  2.98101e-02
 Reference value :  2.98198e-02
 Reference value :  2.98272e-02
 Reference value :  2.98345e-02
 Reference value :  2.98419e-02
 Reference value :  2.98468e-02
 Reference value :  2.98542e-02
 Reference value :  2.98639e-02
 Reference value :  2.98712e-02
 Reference value :  2.98786e-02
 Reference value :  2.98860e-02
 Reference value :  2.98933e-02
 Reference value :  2.99008e-02
 Reference value :  2.99081e-02
 Reference value :  2.99177e-02
 Reference value :  2.99251e-02
 Reference value :  2.99325e-02
 Reference value :  2.99398e-02
 Reference value :  2.99472e-02
 Reference value :  2.99546e-02
 Reference value :  2.99639e-02
 Reference value :  2.99693e-02
 Reference value :  2.99767e-02
 Reference value :  2.99855e-02
 Reference value :  2.99936e-02
 Reference value :  3.00011e-02
 Reference value :  3.00084e-02
 Reference value :  3.00158e-02
 Reference value :  3.00231e-02
 Reference value :  3.00306e-02
 Reference value :  3.00379e-02
 Reference value :  3.00475e-02
 Reference value :  3.00549e-02
 Reference value :  3.00623e-02
 Reference value :  3.00697e-02
 Reference value :  3.00770e-02
 Reference value :  3.00844e-02
 Reference value :  3.00918e-02
 Reference value :  3.00993e-02
 Reference value :  3.01088e-02
 Reference value :  3.01161e-02
 Reference value :  3.01235e-02
 Reference value :  3.01308e-02
 Reference value :  3.01382e-02
 Reference value :  3.01456e-02
 Reference value :  3.01530e-02
 Reference value :  3.01605e-02
 Reference value :  3.01700e-02
 Reference value :  3.01774e-02
 Reference value :  3.01847e-02
 Reference value :  3.01921e-02
 Reference value :  3.01994e-02
 Reference value :  3.02069e-02
 Reference value :  3.02141e-02
 Reference value :  3.02215e-02
 Reference value :  3.02289e-02
 Reference value :  3.02386e-02
 Reference value :  3.02460e-02
 Reference value :  3.02533e-02
 Reference value :  3.02607e-02
 Reference value :  3.02680e-02
 Reference value :  3.02753e-02
 Reference value :  3.02827e-02
 Reference value :  3.02900e-02
 Reference value :  3.02976e-02
 Reference value :  3.03048e-02
 Reference value :  3.03145e-02
 Reference value :  3.03219e-02
 Reference value :  3.03292e-02
 Reference value :  3.03365e-02
 Reference value :  3.03439e-02
 Reference value :  3.03513e-02
 Reference value :  3.03609e-02
 Reference value :  3.03661e-02
 Reference value :  3.03737e-02
 Reference value :  3.03815e-02
 Reference value :  3.03904e-02
 Reference value :  3.03978e-02
 Reference value :  3.04074e-02
 Reference value :  3.04127e-02
 Reference value :  3.04217e-02
 Reference value :  3.04296e-02
 Reference value :  3.04369e-02
 Reference value :  3.04443e-02
 Reference value :  3.04516e-02
 Reference value :  3.04590e-02
 Reference value :  3.04664e-02
 Reference value :  3.04761e-02
 Reference value :  3.04835e-02
 Reference value :  3.04908e-02
 Reference value :  3.04982e-02
 Reference value :  3.05055e-02
 Reference value :  3.05129e-02
 Reference value :  3.05203e-02
 Reference value :  3.05279e-02
 Reference value :  3.05373e-02
 Reference value :  3.05447e-02
 Reference value :  3.05520e-02
 Reference value :  3.05594e-02
 Reference value :  3.05668e-02
 Reference value :  3.05742e-02
 Reference value :  3.05838e-02
 Reference value :  3.05912e-02
 Reference value :  3.05986e-02
 Reference value :  3.06059e-02
 Reference value :  3.06133e-02
 Reference value :  3.06206e-02
 Reference value :  3.06280e-02
 Reference value :  3.06377e-02
 Reference value :  3.06451e-02
 Reference value :  3.06524e-02
 Reference value :  3.06598e-02
 Reference value :  3.06672e-02
 Reference value :  3.06746e-02
 Reference value :  3.06842e-02
 Reference value :  3.06916e-02
 Reference value :  3.06990e-02
 Reference value :  3.07063e-02
 Reference value :  3.07137e-02
 Reference value :  3.07210e-02
 Reference value :  3.07284e-02
 Reference value :  3.07381e-02
 Reference value :  3.07455e-02
 Reference value :  3.07528e-02
 Reference value :  3.07602e-02
 Reference value :  3.07676e-02
 Reference value :  3.07749e-02
 Reference value :  3.07823e-02
 Reference value :  3.07919e-02
 Reference value :  3.07993e-02
 Reference value :  3.08067e-02
 Reference value :  3.08141e-02
 Reference value :  3.08215e-02
 Reference value :  3.08290e-02
 Reference value :  3.08386e-02
 Reference value :  3.08459e-02
 Reference value :  3.08533e-02
 Reference value :  3.08606e-02
 Reference value :  3.08680e-02
 Reference value :  3.08753e-02
 Reference value :  3.08827e-02
 Reference value :  3.08924e-02
 Reference value :  3.08998e-02
 Reference value :  3.09071e-02
 Reference value :  3.09145e-02
 Reference value :  3.09219e-02
 Reference value :  3.09292e-02
 Reference value :  3.09366e-02
 Reference value :  3.09462e-02
 Reference value :  3.09534e-02
 Reference value :  3.09610e-02
 Reference value :  3.09684e-02
 Reference value :  3.09758e-02
 Reference value :  3.09832e-02
 Reference value :  3.09928e-02
 Reference value :  3.10002e-02
 Reference value :  3.10076e-02
 Reference value :  3.10149e-02
 Reference value :  3.10223e-02
 Reference value :  3.10297e-02
 Reference value :  3.10393e-02
 Reference value :  3.10467e-02
 Reference value :  3.10541e-02
 Reference value :  3.10615e-02
 Reference value :  3.10689e-02
 Reference value :  3.10785e-02
 Reference value :  3.10859e-02
 Reference value :  3.10932e-02
 Reference value :  3.11006e-02
 Reference value :  3.11079e-02
 Reference value :  3.11153e-02
 Reference value :  3.11227e-02
 Reference value :  3.11324e-02
 Reference value :  3.11398e-02
 Reference value :  3.11471e-02
 Reference value :  3.11545e-02
 Reference value :  3.11618e-02
 Reference value :  3.11692e-02
 Reference value :  3.11766e-02
 Reference value :  3.11862e-02
 Reference value :  3.11913e-02
 Reference value :  3.12009e-02
 Reference value :  3.12084e-02
 Reference value :  3.12157e-02
 Reference value :  3.12231e-02
 Reference value :  3.12304e-02
 Reference value :  3.12378e-02
 Reference value :  3.12451e-02
 Reference value :  3.12526e-02
 Reference value :  3.12622e-02
 Reference value :  3.12696e-02
 Reference value :  3.12770e-02
 Reference value :  3.12843e-02
 Reference value :  3.12917e-02
 Reference value :  3.12993e-02
 Reference value :  3.13065e-02
 Reference value :  3.13161e-02
 Reference value :  3.13235e-02
 Reference value :  3.13308e-02
 Reference value :  3.13382e-02
 Reference value :  3.13455e-02
 Reference value :  3.13529e-02
 Reference value :  3.13604e-02
 Reference value :  3.13701e-02
 Reference value :  3.13775e-02
 Reference value :  3.13849e-02
 Reference value :  3.13946e-02
 Reference value :  3.14020e-02
 Reference value :  3.14094e-02
 Reference value :  3.14191e-02
 Reference value :  3.14266e-02
 Reference value :  3.14339e-02
 Reference value :  3.14414e-02
 Reference value :  3.14511e-02
 Reference value :  3.14585e-02
 Reference value :  3.14659e-02
 Reference value :  3.14732e-02
 Reference value :  3.14806e-02
 Reference value :  3.14881e-02
 Reference value :  3.14977e-02
 Reference value :  3.15050e-02
 Reference value :  3.15124e-02
 Reference value :  3.15198e-02
 Reference value :  3.15271e-02
 Reference value :  3.15345e-02
 Reference value :  3.15419e-02
 Reference value :  3.15516e-02
 Reference value :  3.15589e-02
 Reference value :  3.15662e-02
 Reference value :  3.15736e-02
 Reference value :  3.15810e-02
 Reference value :  3.15883e-02
 Reference value :  3.15958e-02
 Reference value :  3.16054e-02
 Reference value :  3.16128e-02
 Reference value :  3.16201e-02
 Reference value :  3.16276e-02
 Reference value :  3.16349e-02
 Reference value :  3.16425e-02
 Reference value :  3.16519e-02
 Reference value :  3.16593e-02
 Reference value :  3.16666e-02
 Reference value :  3.16740e-02
 Reference value :  3.16814e-02
 Reference value :  3.16896e-02
 Reference value :  3.16961e-02
 Reference value :  3.17035e-02
 Reference value :  3.17132e-02
 Reference value :  3.17205e-02
 Reference value :  3.17278e-02
 Reference value :  3.17352e-02
 Reference value :  3.17426e-02
 Reference value :  3.17499e-02
 Reference value :  3.17573e-02
 Reference value :  3.17652e-02
 Reference value :  3.17722e-02
 Reference value :  3.17817e-02
 Reference value :  3.17891e-02
 Reference value :  3.17965e-02
 Reference value :  3.18038e-02
 Reference value :  3.18112e-02
 Reference value :  3.18186e-02
 Reference value :  3.18259e-02
 Reference value :  3.18333e-02
 Reference value :  3.18429e-02
 Reference value :  3.18503e-02
 Reference value :  3.18577e-02
 Reference value :  3.18650e-02
 Reference value :  3.18724e-02
 Reference value :  3.18799e-02
 Reference value :  3.18872e-02
 Reference value :  3.18968e-02
 Reference value :  3.19042e-02
 Reference value :  3.19115e-02
 Reference value :  3.19189e-02
 Reference value :  3.19263e-02
 Reference value :  3.19337e-02
 Reference value :  3.19412e-02
 Reference value :  3.19483e-02
 Reference value :  3.19557e-02
 Reference value :  3.19637e-02
 Reference value :  3.19728e-02
 Reference value :  3.19801e-02
 Reference value :  3.19875e-02
 Reference value :  3.19948e-02
 Reference value :  3.20022e-02
 Reference value :  3.20095e-02
 Reference value :  3.20171e-02
 Reference value :  3.20243e-02
 Reference value :  3.20339e-02
 Reference value :  3.20413e-02
 Reference value :  3.20487e-02
 Reference value :  3.20561e-02
 Reference value :  3.20634e-02
 Reference value :  3.20708e-02
 Reference value :  3.20782e-02
 Reference value :  3.20855e-02
 Reference value :  3.20952e-02
 Reference value :  3.21002e-02
 Reference value :  3.21099e-02
 Reference value :  3.21173e-02
 Reference value :  3.21222e-02
 Reference value :  3.21295e-02
 Reference value :  3.21369e-02
 Reference value :  3.21442e-02
 Reference value :  3.21516e-02
 Reference value :  3.21589e-02
 Reference value :  3.21662e-02
 Reference value :  3.21736e-02
 Reference value :  3.21809e-02
 Reference value :  3.21883e-02
 Reference value :  3.21956e-02
 Reference value :  3.22030e-02
 Reference value :  3.22103e-02
 Reference value :  3.22177e-02
 Reference value :  3.22250e-02
 Reference value :  3.22323e-02
 Reference value :  3.22397e-02
 Reference value :  3.22470e-02
 Reference value :  3.22544e-02
 Reference value :  3.22617e-02
 Reference value :  3.22691e-02
 Reference value :  3.22764e-02
 Reference value :  3.22838e-02
 Reference value :  3.22911e-02
 Reference value :  3.22985e-02
 Reference value :  3.23058e-02
 Reference value :  3.23132e-02
 Reference value :  3.23205e-02
 Reference value :  3.23279e-02
 Reference value :  3.23352e-02
 Reference value :  3.23426e-02
 Reference value :  3.23499e-02
 Reference value :  3.23573e-02
 Reference value :  3.23646e-02
 Reference value :  3.23719e-02
 Reference value :  3.23793e-02
 Reference value :  3.23866e-02
 Reference value :  3.23940e-02
 Reference value :  3.24013e-02
 Reference value :  3.24086e-02
 Reference value :  3.24160e-02
 Reference value :  3.24233e-02
 Reference value :  3.24307e-02
 Reference value :  3.24380e-02
 Reference value :  3.24454e-02
 Reference value :  3.24527e-02
 Reference value :  3.24601e-02
 Reference value :  3.24674e-02
 Reference value :  3.24740e-02
 Reference value :  3.24821e-02
 Reference value :  3.24895e-02
 Reference value :  3.24968e-02
 Reference value :  3.25042e-02
 Reference value :  3.25115e-02
 Reference value :  3.25188e-02
 Reference value :  3.25262e-02
 Reference value :  3.25335e-02
 Reference value :  3.25409e-02
 Reference value :  3.25482e-02
 Reference value :  3.25556e-02
 Reference value :  3.25629e-02
 Reference value :  3.25703e-02
 Reference value :  3.25777e-02
 Reference value :  3.25852e-02
 Reference value :  3.25947e-02
 Reference value :  3.26022e-02
 Reference value :  3.26096e-02
 Reference value :  3.26170e-02
 Reference value :  3.26243e-02
 Reference value :  3.26317e-02
 Reference value :  3.26391e-02
 Reference value :  3.26467e-02
 Reference value :  3.26561e-02
 Reference value :  3.26636e-02
 Reference value :  3.26710e-02
 Reference value :  3.26784e-02
 Reference value :  3.26857e-02
 Reference value :  3.26930e-02
 Reference value :  3.27004e-02
 Reference value :  3.27077e-02
 Reference value :  3.27151e-02
 Reference value :  3.27224e-02
 Reference value :  3.27298e-02
 Reference value :  3.27371e-02
 Reference value :  3.27445e-02
 Reference value :  3.27518e-02
 Reference value :  3.27592e-02
 Reference value :  3.27665e-02
 Reference value :  3.27739e-02
 Reference value :  3.27812e-02
 Reference value :  3.27886e-02
 Reference value :  3.27959e-02
 Reference value :  3.28032e-02
 Reference value :  3.28106e-02
 Reference value :  3.28179e-02
 Reference value :  3.28253e-02
 Reference value :  3.28327e-02
 Reference value :  3.28400e-02
 Reference value :  3.28474e-02
 Reference value :  3.28547e-02
 Reference value :  3.28620e-02
 Reference value :  3.28694e-02
 Reference value :  3.28767e-02
 Reference value :  3.28841e-02
 Reference value :  3.28914e-02
 Reference value :  3.28988e-02
 Reference value :  3.29061e-02
 Reference value :  3.29135e-02
 Reference value :  3.29208e-02
 Reference value :  3.29283e-02
 Reference value :  3.29355e-02
 Reference value :  3.29429e-02
 Reference value :  3.29503e-02
 Reference value :  3.29600e-02
 Reference value :  3.29674e-02
 Reference value :  3.29747e-02
 Reference value :  3.29821e-02
 Reference value :  3.29894e-02
 Reference value :  3.29968e-02
 Reference value :  3.30041e-02
 Reference value :  3.30115e-02
 Reference value :  3.30188e-02
 Reference value :  3.30262e-02
 Reference value :  3.30336e-02
 Reference value :  3.30410e-02
 Reference value :  3.30506e-02
 Reference value :  3.30580e-02
 Reference value :  3.30653e-02
 Reference value :  3.30727e-02
 Reference value :  3.30800e-02
 Reference value :  3.30874e-02
 Reference value :  3.30947e-02
 Reference value :  3.31021e-02
 Reference value :  3.31095e-02
 Reference value :  3.31169e-02
 Reference value :  3.31242e-02
 Reference value :  3.31338e-02
 Reference value :  3.31412e-02
 Reference value :  3.31486e-02
 Reference value :  3.31560e-02
 Reference value :  3.31633e-02
 Reference value :  3.31708e-02
 Reference value :  3.31780e-02
 Reference value :  3.31854e-02
 Reference value :  3.31951e-02
 Reference value :  3.32025e-02
 Reference value :  3.32098e-02
 Reference value :  3.32172e-02
 Reference value :  3.32246e-02
 Reference value :  3.32343e-02
 Reference value :  3.32417e-02
 Reference value :  3.32490e-02
 Reference value :  3.32564e-02
 Reference value :  3.32637e-02
 Reference value :  3.32711e-02
 Reference value :  3.32784e-02
 Reference value :  3.32859e-02
 Reference value :  3.32952e-02
 Reference value :  3.33029e-02
 Reference value :  3.33103e-02
 Reference value :  3.33176e-02
 Reference value :  3.33250e-02
 Reference value :  3.33323e-02
 Reference value :  3.33398e-02
 Reference value :  3.33494e-02
 Reference value :  3.33568e-02
 Reference value :  3.33642e-02
 Reference value :  3.33715e-02
 Reference value :  3.33789e-02
 Reference value :  3.33863e-02
 Reference value :  3.33936e-02
 Reference value :  3.34033e-02
 Reference value :  3.34106e-02
 Reference value :  3.34180e-02
 Reference value :  3.34271e-02
 Reference value :  3.34332e-02
 Reference value :  3.34424e-02
 Reference value :  3.34498e-02
 Reference value :  3.34571e-02
 Reference value :  3.34645e-02
 Reference value :  3.34719e-02
 Reference value :  3.34816e-02
 Reference value :  3.34890e-02
 Reference value :  3.34962e-02
 Reference value :  3.35036e-02
 Reference value :  3.35110e-02
 Reference value :  3.35184e-02
 Reference value :  3.35258e-02
 Reference value :  3.35331e-02
 Reference value :  3.35405e-02
 Reference value :  3.35502e-02
 Reference value :  3.35576e-02
 Reference value :  3.35649e-02
 Reference value :  3.35723e-02
 Reference value :  3.35796e-02
 Reference value :  3.35870e-02
 Reference value :  3.35944e-02
 Reference value :  3.36041e-02
 Reference value :  3.36114e-02
 Reference value :  3.36188e-02
 Reference value :  3.36261e-02
 Reference value :  3.36336e-02
 Reference value :  3.36432e-02
 Reference value :  3.36486e-02
 Reference value :  3.36579e-02
 Reference value :  3.36653e-02
 Reference value :  3.36727e-02
 Reference value :  3.36800e-02
 Reference value :  3.36884e-02
 Reference value :  3.36949e-02
 Reference value :  3.37044e-02
 Reference value :  3.37119e-02
 Reference value :  3.37193e-02
 Reference value :  3.37267e-02
 Reference value :  3.37364e-02
 Reference value :  3.37438e-02
 Reference value :  3.37512e-02
 Reference value :  3.37609e-02
 Reference value :  3.37684e-02
 Reference value :  3.37758e-02
 Reference value :  3.37833e-02
 Reference value :  3.37929e-02
 Reference value :  3.38003e-02
 Reference value :  3.38076e-02
 Reference value :  3.38150e-02
 Reference value :  3.38241e-02
 Reference value :  3.38321e-02
 Reference value :  3.38394e-02
 Reference value :  3.38468e-02
 Reference value :  3.38541e-02
 Reference value :  3.38615e-02
 Reference value :  3.38689e-02
 Reference value :  3.38775e-02
 Reference value :  3.38859e-02
 Reference value :  3.38933e-02
 Reference value :  3.39006e-02
 Reference value :  3.39080e-02
 Reference value :  3.39154e-02
 Reference value :  3.39228e-02
 Reference value :  3.39324e-02
 Reference value :  3.39398e-02
 Reference value :  3.39472e-02
 Reference value :  3.39545e-02
 Reference value :  3.39619e-02
 Reference value :  3.39692e-02
 Reference value :  3.39766e-02
 Reference value :  3.39862e-02
 Reference value :  3.39937e-02
 Reference value :  3.40010e-02
 Reference value :  3.40084e-02
 Reference value :  3.40158e-02
 Reference value :  3.40231e-02
 Reference value :  3.40305e-02
 Reference value :  3.40401e-02
 Reference value :  3.40475e-02
 Reference value :  3.40549e-02
 Reference value :  3.40623e-02
 Reference value :  3.40697e-02
 Reference value :  3.40771e-02
 Reference value :  3.40843e-02
 Reference value :  3.40916e-02
 Reference value :  3.40990e-02
 Reference value :  3.41063e-02
 Reference value :  3.41113e-02
 Reference value :  3.41187e-02
 Reference value :  3.41260e-02
 Reference value :  3.41357e-02
 Reference value :  3.41430e-02
 Reference value :  3.41480e-02
 Reference value :  3.41554e-02
 Reference value :  3.41627e-02
 Reference value :  3.41700e-02
 Reference value :  3.41774e-02
 Reference value :  3.41847e-02
 Reference value :  3.41921e-02
 Reference value :  3.41994e-02
 Reference value :  3.42068e-02
 Reference value :  3.42141e-02
 Reference value :  3.42214e-02
 Reference value :  3.42288e-02
 Reference value :  3.42361e-02
 Reference value :  3.42435e-02
 Reference value :  3.42508e-02
 Reference value :  3.42559e-02
 Reference value :  3.42631e-02
 Reference value :  3.42705e-02
 Reference value :  3.42778e-02
 Reference value :  3.42852e-02
 Reference value :  3.42925e-02
 Reference value :  3.42998e-02
 Reference value :  3.43072e-02
 Reference value :  3.43145e-02
 Reference value :  3.43219e-02
 Reference value :  3.43292e-02
 Reference value :  3.43366e-02
 Reference value :  3.43439e-02
 Reference value :  3.43513e-02
 Reference value :  3.43586e-02
 Reference value :  3.43660e-02
 Reference value :  3.43733e-02
 Reference value :  3.43807e-02
 Reference value :  3.43881e-02
 Reference value :  3.43953e-02
 Reference value :  3.44027e-02
 Reference value :  3.44102e-02
 Reference value :  3.44174e-02
 Reference value :  3.44248e-02
 Reference value :  3.44322e-02
 Reference value :  3.44419e-02
 Reference value :  3.44492e-02
 Reference value :  3.44546e-02
 Reference value :  3.44639e-02
 Reference value :  3.44713e-02
 Reference value :  3.44786e-02
 Reference value :  3.44860e-02
 Reference value :  3.44933e-02
 Reference value :  3.45007e-02
 Reference value :  3.45080e-02
 Reference value :  3.45177e-02
 Reference value :  3.45251e-02
 Reference value :  3.45301e-02
 Reference value :  3.45375e-02
 Reference value :  3.45448e-02
 Reference value :  3.45545e-02
 Reference value :  3.45619e-02
 Reference value :  3.45672e-02
 Reference value :  3.47524e-02
 Reference value :  3.51481e-02
 Reference value :  3.55446e-02
 Reference value :  3.59411e-02
 Reference value :  3.63376e-02
 Reference value :  3.67308e-02
 Reference value :  3.71248e-02
 Reference value :  3.75178e-02
 Reference value :  3.79110e-02
 Reference value :  3.83028e-02
 Reference value :  3.86948e-02
 Reference value :  3.90878e-02
 Reference value :  3.94794e-02
 Reference value :  3.98742e-02
 Reference value :  4.02684e-02
 Reference value :  4.06629e-02
 Reference value :  4.10574e-02
 Reference value :  4.14392e-02
 Reference value :  4.18342e-02
 Reference value :  4.22289e-02
 Reference value :  4.26237e-02
 Reference value :  4.30182e-02
 Reference value :  4.34067e-02
 Reference value :  4.37997e-02
 Reference value :  4.41922e-02
 Reference value :  4.45849e-02
 Reference value :  4.49747e-02
 Reference value :  4.53672e-02
 Reference value :  4.57602e-02
 Reference value :  4.61477e-02
 Reference value :  4.65369e-02
 Reference value :  4.69294e-02
 Reference value :  4.73212e-02
 Reference value :  4.77122e-02
 Reference value :  4.81042e-02
 Reference value :  4.84969e-02
 Reference value :  4.88897e-02
 Reference value :  4.92814e-02
 Reference value :  4.96734e-02
 Reference value :  5.00657e-02
 Reference value :  5.04557e-02
 Reference value :  5.08512e-02
 Reference value :  5.12442e-02
 Reference value :  5.16382e-02
 Reference value :  5.20324e-02
 Reference value :  5.24294e-02
 Reference value :  5.28269e-02
 Reference value :  5.32117e-02
 Reference value :  5.36024e-02
 Reference value :  5.40014e-02
 Reference value :  5.44002e-02
 Reference value :  5.47987e-02
 Reference value :  5.51962e-02
 Reference value :  5.55944e-02
 Reference value :  5.59932e-02
 Reference value :  5.63912e-02
 Reference value :  5.67899e-02
 Reference value :  5.71779e-02
 Reference value :  5.75204e-02
 Reference value :  5.79057e-02
 Reference value :  5.82937e-02
 Reference value :  5.86807e-02
 Reference value :  5.90699e-02
 Reference value :  5.94597e-02
 Reference value :  5.98484e-02
 Reference value :  6.02309e-02
 Reference value :  6.06167e-02
 Reference value :  6.10039e-02
 Reference value :  6.13939e-02
 Reference value :  6.17832e-02
 Reference value :  6.21709e-02
 Reference value :  6.25558e-02
 Reference value :  6.29420e-02
 Reference value :  6.33290e-02
 Reference value :  6.37148e-02
 Reference value :  6.41010e-02
 Reference value :  6.44835e-02
 Reference value :  6.48658e-02
 Reference value :  6.52485e-02
 Reference value :  6.56298e-02
 Reference value :  6.60210e-02
 Reference value :  6.64125e-02
 Reference value :  6.68045e-02
 Reference value :  6.71960e-02
 Reference value :  6.75868e-02
 Reference value :  6.79688e-02
 Reference value :  6.83473e-02
 Reference value :  6.87258e-02
 Reference value :  6.91083e-02
 Reference value :  6.94880e-02
 Reference value :  6.98718e-02
 Reference value :  7.02628e-02
 Reference value :  7.06543e-02
 Reference value :  7.10483e-02
 Reference value :  7.14423e-02
 Reference value :  7.18335e-02
 Reference value :  7.22260e-02
 Reference value :  7.26185e-02
 Reference value :  7.30118e-02
 Reference value :  7.34040e-02
 Reference value :  7.37975e-02
 Reference value :  7.41855e-02
 Reference value :  7.45693e-02
 Reference value :  7.49528e-02
 Reference value :  7.53380e-02
 Reference value :  7.57225e-02
 Reference value :  7.61065e-02
 Reference value :  7.64905e-02
 Reference value :  7.68740e-02
 Reference value :  7.72568e-02
 Reference value :  7.76398e-02
 Reference value :  7.80230e-02
 Reference value :  7.84055e-02
 Reference value :  7.87885e-02
 Reference value :  7.91738e-02
 Reference value :  7.95590e-02
 Reference value :  7.99433e-02
 Reference value :  8.03288e-02
 Reference value :  8.07143e-02
 Reference value :  8.11060e-02
 Reference value :  8.14988e-02
 Reference value :  8.18910e-02
 Reference value :  8.22740e-02
 Reference value :  8.26590e-02
 Reference value :  8.30415e-02
 Reference value :  8.34248e-02
 Reference value :  8.38055e-02
 Reference value :  8.41908e-02
 Reference value :  8.45738e-02
 Reference value :  8.49688e-02
 Reference value :  8.53571e-02
 Reference value :  8.57528e-02
 Reference value :  8.61456e-02
 Reference value :  8.65363e-02
 Reference value :  8.67264e-02
 Reference value :  8.67459e-02
 Reference value :  8.67652e-02
 Reference value :  8.67872e-02
 Reference value :  8.68229e-02
 Reference value :  8.68421e-02
 Reference value :  8.68614e-02
 Reference value :  8.68847e-02
 Reference value :  8.69192e-02
 Reference value :  8.69387e-02
 Reference value :  8.69583e-02
 Reference value :  8.69825e-02
 Reference value :  8.70160e-02
 Reference value :  8.70353e-02
 Reference value :  8.70600e-02
 Reference value :  8.70901e-02
 Reference value :  8.71122e-02
 Reference value :  8.71316e-02
 Reference value :  8.71571e-02
 Reference value :  8.71762e-02
 Reference value :  8.71958e-02
 Reference value :  8.72279e-02
 Reference value :  8.72395e-02
 Reference value :  8.72532e-02
 Reference value :  8.72627e-02
 Reference value :  8.72781e-02
 Reference value :  8.72877e-02
 Reference value :  8.73011e-02
 Reference value :  8.73111e-02
 Reference value :  8.73265e-02
 Reference value :  8.73401e-02
 Reference value :  8.73501e-02
 Reference value :  8.73652e-02
 Reference value :  8.73749e-02
 Reference value :  8.73888e-02
 Reference value :  8.74009e-02
 Reference value :  8.74134e-02
 Reference value :  8.74232e-02
 Reference value :  8.74373e-02
 Reference value :  8.74472e-02
 Reference value :  8.74618e-02
 Reference value :  8.74714e-02
 Reference value :  8.74858e-02
 Reference value :  8.75004e-02
 Reference value :  8.75101e-02
 Reference value :  8.75245e-02
 Reference value :  8.75343e-02
 Reference value :  8.75487e-02
 Reference value :  8.75584e-02
 Reference value :  8.75729e-02
 Reference value :  8.75832e-02
 Reference value :  8.75972e-02
 Reference value :  8.76117e-02
 Reference value :  8.76261e-02
 Reference value :  8.76358e-02
 Reference value :  8.76501e-02
 Reference value :  8.76616e-02
 Reference value :  8.76746e-02
 Reference value :  8.76844e-02
 Reference value :  8.77017e-02
 Reference value :  8.77131e-02
 Reference value :  8.77228e-02
 Reference value :  8.77419e-02
 Reference value :  8.77519e-02
 Reference value :  8.77712e-02
 Reference value :  8.77907e-02
 Reference value :  8.78100e-02
 Reference value :  8.78294e-02
 Reference value :  8.78426e-02
 Reference value :  8.78475e-02
 Reference value :  8.78572e-02
 Reference value :  8.78661e-02
 Reference value :  8.78695e-02
 Reference value :  8.78777e-02
 Reference value :  8.78876e-02
 Reference value :  8.78970e-02
 Reference value :  8.79061e-02
 Reference value :  8.79156e-02
 Reference value :  8.79254e-02
 Reference value :  8.79349e-02
 Reference value :  8.79402e-02
 Reference value :  8.79496e-02
 Reference value :  8.79586e-02
 Reference value :  8.79641e-02
 Reference value :  8.79710e-02
 Reference value :  8.79797e-02
 Reference value :  8.79913e-02
 Reference value :  8.79974e-02
 Reference value :  8.80030e-02
 Reference value :  8.80127e-02
 Reference value :  8.80223e-02
 Reference value :  8.80287e-02
 Reference value :  8.80395e-02
 Reference value :  8.80472e-02
 Reference value :  8.80613e-02
 Reference value :  8.80710e-02
 Reference value :  8.80808e-02
 Reference value :  8.80904e-02
 Reference value :  8.80953e-02
 Reference value :  8.81050e-02
 Reference value :  8.81147e-02
 Reference value :  8.81245e-02
 Reference value :  8.81341e-02
 Reference value :  8.81391e-02
 Reference value :  8.81487e-02
 Reference value :  8.81559e-02
 Reference value :  8.81633e-02
 Reference value :  8.81729e-02
 Reference value :  8.81826e-02
 Reference value :  8.81876e-02
 Reference value :  8.82003e-02
 Reference value :  8.82076e-02
 Reference value :  8.82181e-02
 Reference value :  8.82263e-02
 Reference value :  8.82360e-02
 Reference value :  8.82456e-02
 Reference value :  8.82508e-02
 Reference value :  8.82603e-02
 Reference value :  8.82699e-02
 Reference value :  8.82847e-02
 Reference value :  8.82943e-02
 Reference value :  8.83048e-02
 Reference value :  8.83185e-02
 Reference value :  8.83265e-02
 Reference value :  8.83347e-02
 Reference value :  8.83429e-02
 Reference value :  8.83525e-02
 Reference value :  8.83631e-02
 Reference value :  8.83719e-02
 Reference value :  8.83833e-02
 Reference value :  8.83961e-02
 Reference value :  8.84050e-02
 Reference value :  8.84107e-02
 Reference value :  8.84156e-02
 Reference value :  8.84253e-02
 Reference value :  8.84399e-02
 Reference value :  8.84497e-02
 Reference value :  8.84606e-02
 Reference value :  8.84739e-02
 Reference value :  8.84837e-02
 Reference value :  8.84934e-02
 Reference value :  8.85033e-02
 Reference value :  8.85059e-02
 Reference value :  8.85109e-02
 Reference value :  8.85157e-02
 Reference value :  8.85231e-02
 Reference value :  8.85298e-02
 Reference value :  8.85346e-02
 Reference value :  8.85402e-02
 Reference value :  8.85450e-02
 Reference value :  8.85524e-02
 Reference value :  8.85574e-02
 Reference value :  8.85650e-02
 Reference value :  8.85744e-02
 Reference value :  8.85793e-02
 Reference value :  8.85866e-02
 Reference value :  8.85940e-02
 Reference value :  8.85989e-02
 Reference value :  8.86063e-02
 Reference value :  8.86132e-02
 Reference value :  8.86171e-02
 Reference value :  8.86235e-02
 Reference value :  8.86307e-02
 Reference value :  8.86357e-02
 Reference value :  8.86404e-02
 Reference value :  8.86477e-02
 Reference value :  8.86528e-02
 Reference value :  8.86608e-02
 Reference value :  8.86651e-02
 Reference value :  8.86748e-02
 Reference value :  8.86822e-02
 Reference value :  8.86871e-02
 Reference value :  8.86944e-02
 Reference value :  8.86992e-02
 Reference value :  8.87066e-02
 Reference value :  8.87121e-02
 Reference value :  8.87188e-02
 Reference value :  8.87262e-02
 Reference value :  8.87335e-02
 Reference value :  8.87409e-02
 Reference value :  8.87482e-02
 Reference value :  8.87531e-02
 Reference value :  8.87556e-02
 Reference value :  8.87601e-02
 Reference value :  8.87629e-02
 Reference value :  8.87654e-02
 Reference value :  8.87703e-02
 Reference value :  8.87751e-02
 Reference value :  8.87776e-02
 Reference value :  8.87824e-02
 Reference value :  8.87850e-02
 Reference value :  8.87898e-02
 Reference value :  8.87923e-02
 Reference value :  8.87972e-02
 Reference value :  8.87997e-02
 Reference value :  8.88045e-02
 Reference value :  8.88094e-02
 Reference value :  8.88120e-02
 Reference value :  8.88168e-02
 Reference value :  8.88217e-02
 Reference value :  8.88291e-02
 Reference value :  8.88386e-02
 Reference value :  8.88461e-02
 Reference value :  8.88534e-02
 Reference value :  8.88608e-02
 Reference value :  8.88681e-02
 Reference value :  8.88755e-02
 Reference value :  8.88837e-02
 Reference value :  8.88904e-02
 Reference value :  8.88999e-02
 Reference value :  8.89073e-02
 Reference value :  8.89147e-02
 Reference value :  8.89220e-02
 Reference value :  8.89294e-02
 Reference value :  8.89367e-02
 Reference value :  8.89441e-02
 Reference value :  8.89515e-02
 Reference value :  8.89588e-02
 Reference value :  8.89662e-02
 Reference value :  8.89736e-02
 Reference value :  8.89809e-02
 Reference value :  8.89886e-02
 Reference value :  8.89980e-02
 Reference value :  8.90054e-02
 Reference value :  8.90128e-02
 Reference value :  8.90202e-02
 Reference value :  8.90275e-02
 Reference value :  8.90348e-02
 Reference value :  8.90422e-02
 Reference value :  8.90496e-02
 Reference value :  8.90570e-02
 Reference value :  8.90667e-02
 Reference value :  8.90740e-02
 Reference value :  8.90814e-02
 Reference value :  8.90887e-02
 Reference value :  8.90961e-02
 Reference value :  8.91035e-02
 Reference value :  8.91108e-02
 Reference value :  8.91182e-02
 Reference value :  8.91255e-02
 Reference value :  8.91329e-02
 Reference value :  8.91403e-02
 Reference value :  8.91475e-02
 Reference value :  8.91549e-02
 Reference value :  8.91625e-02
 Reference value :  8.91720e-02
 Reference value :  8.91794e-02
 Reference value :  8.91867e-02
 Reference value :  8.91941e-02
 Reference value :  8.92014e-02
 Reference value :  8.92088e-02
 Reference value :  8.92162e-02
 Reference value :  8.92259e-02
 Reference value :  8.92332e-02
 Reference value :  8.92406e-02
 Reference value :  8.92480e-02
 Reference value :  8.92553e-02
 Reference value :  8.92650e-02
 Reference value :  8.92724e-02
 Reference value :  8.92798e-02
 Reference value :  8.92871e-02
 Reference value :  8.92945e-02
 Reference value :  8.93018e-02
 Reference value :  8.93092e-02
 Reference value :  8.93189e-02
 Reference value :  8.93263e-02
 Reference value :  8.93335e-02
 Reference value :  8.93410e-02
 Reference value :  8.93484e-02
 Reference value :  8.93557e-02
 Reference value :  8.93631e-02
 Reference value :  8.93705e-02
 Reference value :  8.93778e-02
 Reference value :  8.93852e-02
 Reference value :  8.93948e-02
 Reference value :  8.94022e-02
 Reference value :  8.94096e-02
 Reference value :  8.94169e-02
 Reference value :  8.94243e-02
 Reference value :  8.94316e-02
 Reference value :  8.94390e-02
 Reference value :  8.94465e-02
 Reference value :  8.94537e-02
 Reference value :  8.94611e-02
 Reference value :  8.94691e-02
 Reference value :  8.94761e-02
 Reference value :  8.94855e-02
 Reference value :  8.94928e-02
 Reference value :  8.95002e-02
 Reference value :  8.95075e-02
 Reference value :  8.95149e-02
 Reference value :  8.95222e-02
 Reference value :  8.95296e-02
 Reference value :  8.95372e-02
 Reference value :  8.95466e-02
 Reference value :  8.95517e-02
 Reference value :  8.95592e-02
 Reference value :  8.95687e-02
 Reference value :  8.95761e-02
 Reference value :  8.95835e-02
 Reference value :  8.95908e-02
 Reference value :  8.95982e-02
 Reference value :  8.96055e-02
 Reference value :  8.96129e-02
 Reference value :  8.96203e-02
 Reference value :  8.96300e-02
 Reference value :  8.96373e-02
 Reference value :  8.96447e-02
 Reference value :  8.96520e-02
 Reference value :  8.96594e-02
 Reference value :  8.96668e-02
 Reference value :  8.96742e-02
 Reference value :  8.96819e-02
 Reference value :  8.96890e-02
 Reference value :  8.96985e-02
 Reference value :  8.97059e-02
 Reference value :  8.97132e-02
 Reference value :  8.97206e-02
 Reference value :  8.97279e-02
 Reference value :  8.97354e-02
 Reference value :  8.97427e-02
 Reference value :  8.97501e-02
 Reference value :  8.97597e-02
 Reference value :  8.97671e-02
 Reference value :  8.97745e-02
 Reference value :  8.97818e-02
 Reference value :  8.97892e-02
 Reference value :  8.97965e-02
 Reference value :  8.98038e-02
 Reference value :  8.98136e-02
 Reference value :  8.98210e-02
 Reference value :  8.98283e-02
 Reference value :  8.98357e-02
 Reference value :  8.98430e-02
 Reference value :  8.98504e-02
 Reference value :  8.98578e-02
 Reference value :  8.98651e-02
 Reference value :  8.98725e-02
 Reference value :  8.98799e-02
 Reference value :  8.98895e-02
 Reference value :  8.98969e-02
 Reference value :  8.99042e-02
 Reference value :  8.99116e-02
 Reference value :  8.99190e-02
 Reference value :  8.99263e-02
 Reference value :  8.99337e-02
 Reference value :  8.99410e-02
 Reference value :  8.99483e-02
 Reference value :  8.99557e-02
 Reference value :  8.99630e-02
 Reference value :  8.99704e-02
 Reference value :  8.99777e-02
 Reference value :  8.99854e-02
 Reference value :  8.99948e-02
 Reference value :  8.99998e-02
 Reference value :  9.00072e-02
 Reference value :  9.00147e-02
 Reference value :  9.00242e-02
 Reference value :  9.00316e-02
 Reference value :  9.00389e-02
 Reference value :  9.00463e-02
 Reference value :  9.00537e-02
 Reference value :  9.00610e-02
 Reference value :  9.00684e-02
 Reference value :  9.00781e-02
 Reference value :  9.00855e-02
 Reference value :  9.00928e-02
 Reference value :  9.01002e-02
 Reference value :  9.01075e-02
 Reference value :  9.01149e-02
 Reference value :  9.01222e-02
 Reference value :  9.01296e-02
 Reference value :  9.01370e-02
 Reference value :  9.01467e-02
 Reference value :  9.01541e-02
 Reference value :  9.01614e-02
 Reference value :  9.01688e-02
 Reference value :  9.01761e-02
 Reference value :  9.01835e-02
 Reference value :  9.01908e-02
 Reference value :  9.01982e-02
 Reference value :  9.02055e-02
 Reference value :  9.02147e-02
 Reference value :  9.02227e-02
 Reference value :  9.02301e-02
 Reference value :  9.02374e-02
 Reference value :  9.02450e-02
 Reference value :  9.02546e-02
 Reference value :  9.02620e-02
 Reference value :  9.02694e-02
 Reference value :  9.02785e-02
 Reference value :  9.02865e-02
 Reference value :  9.02939e-02
 Reference value :  9.03013e-02
 Reference value :  9.03090e-02
 Reference value :  9.03160e-02
 Reference value :  9.03234e-02
 Reference value :  9.03330e-02
 Reference value :  9.03404e-02
 Reference value :  9.03478e-02
 Reference value :  9.03552e-02
 Reference value :  9.03625e-02
 Reference value :  9.03699e-02
 Reference value :  9.03773e-02
 Reference value :  9.03847e-02
 Reference value :  9.03943e-02
 Reference value :  9.04017e-02
 Reference value :  9.04091e-02
 Reference value :  9.04164e-02
 Reference value :  9.04238e-02
 Reference value :  9.04311e-02
 Reference value :  9.04384e-02
 Reference value :  9.04458e-02
 Reference value :  9.04532e-02
 Reference value :  9.04606e-02
 Reference value :  9.04703e-02
 Reference value :  9.04776e-02
 Reference value :  9.04850e-02
 Reference value :  9.04923e-02
 Reference value :  9.04997e-02
 Reference value :  9.05071e-02
 Reference value :  9.05145e-02
 Reference value :  9.05218e-02
 Reference value :  9.05315e-02
 Reference value :  9.05388e-02
 Reference value :  9.05462e-02
 Reference value :  9.05535e-02
 Reference value :  9.05609e-02
 Reference value :  9.05683e-02
 Reference value :  9.05756e-02
 Reference value :  9.05830e-02
 Reference value :  9.05904e-02
 Reference value :  9.05977e-02
 Reference value :  9.06052e-02
 Reference value :  9.06148e-02
 Reference value :  9.06221e-02
 Reference value :  9.06295e-02
 Reference value :  9.06368e-02
 Reference value :  9.06442e-02
 Reference value :  9.06515e-02
 Reference value :  9.06589e-02
 Reference value :  9.06686e-02
 Reference value :  9.06760e-02
 Reference value :  9.06832e-02
 Reference value :  9.06907e-02
 Reference value :  9.06981e-02
 Reference value :  9.07054e-02
 Reference value :  9.07127e-02
 Reference value :  9.07202e-02
 Reference value :  9.07298e-02
 Reference value :  9.07372e-02
 Reference value :  9.07445e-02
 Reference value :  9.07519e-02
 Reference value :  9.07592e-02
 Reference value :  9.07666e-02
 Reference value :  9.07740e-02
 Reference value :  9.07816e-02
 Reference value :  9.07910e-02
 Reference value :  9.07961e-02
 Reference value :  9.08035e-02
 Reference value :  9.08130e-02
 Reference value :  9.08205e-02
 Reference value :  9.08278e-02
 Reference value :  9.08352e-02
 Reference value :  9.08425e-02
 Reference value :  9.08499e-02
 Reference value :  9.08572e-02
 Reference value :  9.08646e-02
 Reference value :  9.08720e-02
 Reference value :  9.08804e-02
 Reference value :  9.08890e-02
 Reference value :  9.08964e-02
 Reference value :  9.09038e-02
 Reference value :  9.09111e-02
 Reference value :  9.09185e-02
 Reference value :  9.09258e-02
 Reference value :  9.09332e-02
 Reference value :  9.09405e-02
 Reference value :  9.09480e-02
 Reference value :  9.09575e-02
 Reference value :  9.09650e-02
 Reference value :  9.09723e-02
 Reference value :  9.09797e-02
 Reference value :  9.09870e-02
 Reference value :  9.09944e-02
 Reference value :  9.10018e-02
 Reference value :  9.10091e-02
 Reference value :  9.10165e-02
 Reference value :  9.10256e-02
 Reference value :  9.10314e-02
 Reference value :  9.10409e-02
 Reference value :  9.10483e-02
 Reference value :  9.10556e-02
 Reference value :  9.10630e-02
 Reference value :  9.10703e-02
 Reference value :  9.10778e-02
 Reference value :  9.10859e-02
 Reference value :  9.10947e-02
 Reference value :  9.11021e-02
 Reference value :  9.11095e-02
 Reference value :  9.11169e-02
 Reference value :  9.11242e-02
 Reference value :  9.11316e-02
 Reference value :  9.11389e-02
 Reference value :  9.11486e-02
 Reference value :  9.11560e-02
 Reference value :  9.11634e-02
 Reference value :  9.11707e-02
 Reference value :  9.11781e-02
 Reference value :  9.11854e-02
 Reference value :  9.11928e-02
 Reference value :  9.12001e-02
 Reference value :  9.12099e-02
 Reference value :  9.12173e-02
 Reference value :  9.12246e-02
 Reference value :  9.12319e-02
 Reference value :  9.12393e-02
 Reference value :  9.12467e-02
 Reference value :  9.12540e-02
 Reference value :  9.12613e-02
 Reference value :  9.12687e-02
 Reference value :  9.12761e-02
 Reference value :  9.12835e-02
 Reference value :  9.12926e-02
 Reference value :  9.13005e-02
 Reference value :  9.13079e-02
 Reference value :  9.13147e-02
 Reference value :  9.13226e-02
 Reference value :  9.13299e-02
 Reference value :  9.13373e-02
 Reference value :  9.13446e-02
 Reference value :  9.13521e-02
 Reference value :  9.13616e-02
 Reference value :  9.13669e-02
 Reference value :  9.13741e-02
 Reference value :  9.13837e-02
 Reference value :  9.13911e-02
 Reference value :  9.13985e-02
 Reference value :  9.14058e-02
 Reference value :  9.14132e-02
 Reference value :  9.14206e-02
 Reference value :  9.14280e-02
 Reference value :  9.14357e-02
 Reference value :  9.14433e-02
 Reference value :  9.14523e-02
 Reference value :  9.14597e-02
 Reference value :  9.14670e-02
 Reference value :  9.14744e-02
 Reference value :  9.14818e-02
 Reference value :  9.14892e-02
 Reference value :  9.14964e-02
 Reference value :  9.15038e-02
 Reference value :  9.15112e-02
 Reference value :  9.15209e-02
 Reference value :  9.15283e-02
 Reference value :  9.15356e-02
 Reference value :  9.15430e-02
 Reference value :  9.15503e-02
 Reference value :  9.15577e-02
 Reference value :  9.15674e-02
 Reference value :  9.15748e-02
 Reference value :  9.15821e-02
 Reference value :  9.15895e-02
 Reference value :  9.15969e-02
 Reference value :  9.16042e-02
 Reference value :  9.16116e-02
 Reference value :  9.16189e-02
 Reference value :  9.16263e-02
 Reference value :  9.16337e-02
 Reference value :  9.16433e-02
 Reference value :  9.16507e-02
 Reference value :  9.16581e-02
 Reference value :  9.16654e-02
 Reference value :  9.16728e-02
 Reference value :  9.16801e-02
 Reference value :  9.16875e-02
 Reference value :  9.16948e-02
 Reference value :  9.17022e-02
 Reference value :  9.17095e-02
 Reference value :  9.17169e-02
 Reference value :  9.17266e-02
 Reference value :  9.17340e-02
 Reference value :  9.17413e-02
 Reference value :  9.17487e-02
 Reference value :  9.17561e-02
 Reference value :  9.17635e-02
 Reference value :  9.17731e-02
 Reference value :  9.17805e-02
 Reference value :  9.17879e-02
 Reference value :  9.17952e-02
 Reference value :  9.18026e-02
 Reference value :  9.18099e-02
 Reference value :  9.18173e-02
 Reference value :  9.18246e-02
 Reference value :  9.18320e-02
 Reference value :  9.18394e-02
 Reference value :  9.18467e-02
 Reference value :  9.18558e-02
 Reference value :  9.18638e-02
 Reference value :  9.18711e-02
 Reference value :  9.18785e-02
 Reference value :  9.18859e-02
 Reference value :  9.18932e-02
 Reference value :  9.19012e-02
 Reference value :  9.19103e-02
 Reference value :  9.19177e-02
 Reference value :  9.19250e-02
 Reference value :  9.19324e-02
 Reference value :  9.19397e-02
 Reference value :  9.19471e-02
 Reference value :  9.19545e-02
 Reference value :  9.19619e-02
 Reference value :  9.19715e-02
 Reference value :  9.19789e-02
 Reference value :  9.19862e-02
 Reference value :  9.19936e-02
 Reference value :  9.20009e-02
 Reference value :  9.20083e-02
 Reference value :  9.20157e-02
 Reference value :  9.20254e-02
 Reference value :  9.20328e-02
 Reference value :  9.20401e-02
 Reference value :  9.20475e-02
 Reference value :  9.20548e-02
 Reference value :  9.20622e-02
 Reference value :  9.20695e-02
 Reference value :  9.20770e-02
 Reference value :  9.20867e-02
 Reference value :  9.20941e-02
 Reference value :  9.21015e-02
 Reference value :  9.21112e-02
 Reference value :  9.21186e-02
 Reference value :  9.21260e-02
 Reference value :  9.21349e-02
 Reference value :  9.21432e-02
 Reference value :  9.21506e-02
 Reference value :  9.21580e-02
 Reference value :  9.21677e-02
 Reference value :  9.21751e-02
 Reference value :  9.21825e-02
 Reference value :  9.21899e-02
 Reference value :  9.21976e-02
 Reference value :  9.22069e-02
 Reference value :  9.22143e-02
 Reference value :  9.22217e-02
 Reference value :  9.22290e-02
 Reference value :  9.22364e-02
 Reference value :  9.22438e-02
 Reference value :  9.22534e-02
 Reference value :  9.22608e-02
 Reference value :  9.22682e-02
 Reference value :  9.22755e-02
 Reference value :  9.22829e-02
 Reference value :  9.22903e-02
 Reference value :  9.23000e-02
 Reference value :  9.23051e-02
 Reference value :  9.23147e-02
 Reference value :  9.23220e-02
 Reference value :  9.23294e-02
 Reference value :  9.23368e-02
 Reference value :  9.23441e-02
 Reference value :  9.23515e-02
 Reference value :  9.23589e-02
 Reference value :  9.23665e-02
 Reference value :  9.23759e-02
 Reference value :  9.23832e-02
 Reference value :  9.23906e-02
 Reference value :  9.23980e-02
 Reference value :  9.24054e-02
 Reference value :  9.24127e-02
 Reference value :  9.24202e-02
 Reference value :  9.24298e-02
 Reference value :  9.24372e-02
 Reference value :  9.24445e-02
 Reference value :  9.24519e-02
 Reference value :  9.24592e-02
 Reference value :  9.24666e-02
 Reference value :  9.24739e-02
 Reference value :  9.24813e-02
 Reference value :  9.24886e-02
 Reference value :  9.24962e-02
 Reference value :  9.25034e-02
 Reference value :  9.25107e-02
 Reference value :  9.25180e-02
 Reference value :  9.25254e-02
 Reference value :  9.25351e-02
 Reference value :  9.25425e-02
 Reference value :  9.25497e-02
 Reference value :  9.25572e-02
 Reference value :  9.25645e-02
 Reference value :  9.25719e-02
 Reference value :  9.25792e-02
 Reference value :  9.25866e-02
 Reference value :  9.25940e-02
 Reference value :  9.26014e-02
 Reference value :  9.26110e-02
 Reference value :  9.26162e-02
 Reference value :  9.26257e-02
 Reference value :  9.26332e-02
 Reference value :  9.26405e-02
 Reference value :  9.26478e-02
 Reference value :  9.26552e-02
 Reference value :  9.26649e-02
 Reference value :  9.26723e-02
 Reference value :  9.26796e-02
 Reference value :  9.26870e-02
 Reference value :  9.26944e-02
 Reference value :  9.27017e-02
 Reference value :  9.27091e-02
 Reference value :  9.27165e-02
 Reference value :  9.27239e-02
 Reference value :  9.27334e-02
 Reference value :  9.27409e-02
 Reference value :  9.27483e-02
 Reference value :  9.27556e-02
 Reference value :  9.27629e-02
 Reference value :  9.27703e-02
 Reference value :  9.27777e-02
 Reference value :  9.27850e-02
 Reference value :  9.27923e-02
 Reference value :  9.27997e-02
 Reference value :  9.28094e-02
 Reference value :  9.28168e-02
 Reference value :  9.28241e-02
 Reference value :  9.28315e-02
 Reference value :  9.28389e-02
 Reference value :  9.28462e-02
 Reference value :  9.28535e-02
 Reference value :  9.28608e-02
 Reference value :  9.28674e-02
 Reference value :  9.28755e-02
 Reference value :  9.28829e-02
 Reference value :  9.28902e-02
 Reference value :  9.28976e-02
 Reference value :  9.29050e-02
 Reference value :  9.29123e-02
 Reference value :  9.29197e-02
 Reference value :  9.29270e-02
 Reference value :  9.29344e-02
 Reference value :  9.29417e-02
 Reference value :  9.29491e-02
 Reference value :  9.29564e-02
 Reference value :  9.29638e-02
 Reference value :  9.29711e-02
 Reference value :  9.29785e-02
 Reference value :  9.29858e-02
 Reference value :  9.29931e-02
 Reference value :  9.30005e-02
 Reference value :  9.30078e-02
 Reference value :  9.30152e-02
 Reference value :  9.30225e-02
 Reference value :  9.30299e-02
 Reference value :  9.30372e-02
 Reference value :  9.30446e-02
 Reference value :  9.30519e-02
 Reference value :  9.30592e-02
 Reference value :  9.30666e-02
 Reference value :  9.30740e-02
 Reference value :  9.30813e-02
 Reference value :  9.30887e-02
 Reference value :  9.30960e-02
 Reference value :  9.31033e-02
 Reference value :  9.31107e-02
 Reference value :  9.31180e-02
 Reference value :  9.31254e-02
 Reference value :  9.31327e-02
 Reference value :  9.31401e-02
 Reference value :  9.31474e-02
 Reference value :  9.31548e-02
 Reference value :  9.31621e-02
 Reference value :  9.31695e-02
 Reference value :  9.31768e-02
 Reference value :  9.31842e-02
 Reference value :  9.31915e-02
 Reference value :  9.31988e-02
 Reference value :  9.32062e-02
 Reference value :  9.32135e-02
 Reference value :  9.32209e-02
 Reference value :  9.32282e-02
 Reference value :  9.32355e-02
 Reference value :  9.32429e-02
 Reference value :  9.32502e-02
 Reference value :  9.32576e-02
 Reference value :  9.32649e-02
 Reference value :  9.32723e-02
 Reference value :  9.32796e-02
 Reference value :  9.32870e-02
 Reference value :  9.32943e-02
 Reference value :  9.33017e-02
 Reference value :  9.33081e-02
 Reference value :  9.33140e-02
 Reference value :  9.33213e-02
 Reference value :  9.33286e-02
 Reference value :  9.33360e-02
 Reference value :  9.33433e-02
 Reference value :  9.33507e-02
 Reference value :  9.33580e-02
 Reference value :  9.33653e-02
 Reference value :  9.33727e-02
 Reference value :  9.33776e-02
 Reference value :  9.33851e-02
 Reference value :  9.33930e-02
 Reference value :  9.33997e-02
 Reference value :  9.34093e-02
 Reference value :  9.34152e-02
 Reference value :  9.34241e-02
 Reference value :  9.34314e-02
 Reference value :  9.34388e-02
 Reference value :  9.34462e-02
 Reference value :  9.34535e-02
 Reference value :  9.34609e-02
 Reference value :  9.34682e-02
 Reference value :  9.34756e-02
 Reference value :  9.34830e-02
 Reference value :  9.34904e-02
 Reference value :  9.34978e-02
 Reference value :  9.35052e-02
 Reference value :  9.35148e-02
 Reference value :  9.35223e-02
 Reference value :  9.35296e-02
 Reference value :  9.35370e-02
 Reference value :  9.35444e-02
 Reference value :  9.35522e-02
 Reference value :  9.35615e-02
 Reference value :  9.35688e-02
 Reference value :  9.35739e-02
 Reference value :  9.35812e-02
 Reference value :  9.35886e-02
 Reference value :  9.35959e-02
 Reference value :  9.36033e-02
 Reference value :  9.36107e-02
 Reference value :  9.36180e-02
 Reference value :  9.36253e-02
 Reference value :  9.36327e-02
 Reference value :  9.36400e-02
 Reference value :  9.36474e-02
 Reference value :  9.36547e-02
 Reference value :  9.36621e-02
 Reference value :  9.36671e-02
 Reference value :  9.36744e-02
 Reference value :  9.36817e-02
 Reference value :  9.36914e-02
 Reference value :  9.36988e-02
 Reference value :  9.37038e-02
 Reference value :  9.37111e-02
 Reference value :  9.37184e-02
 Reference value :  9.37258e-02
 Reference value :  9.37331e-02
 Reference value :  9.37404e-02
 Reference value :  9.37478e-02
 Reference value :  9.37551e-02
 Reference value :  9.37625e-02
 Reference value :  9.37698e-02
 Reference value :  9.37772e-02
 Reference value :  9.37822e-02
 Reference value :  9.37897e-02
 Reference value :  9.37969e-02
 Reference value :  9.38064e-02
 Reference value :  9.38117e-02
 Reference value :  9.38199e-02
 Reference value :  9.38285e-02
 Reference value :  9.38359e-02
 Reference value :  9.38433e-02
 Reference value :  9.38506e-02
 Reference value :  9.38580e-02
 Reference value :  9.38653e-02
 Reference value :  9.38727e-02
 Reference value :  9.38800e-02
 Reference value :  9.38874e-02
 Reference value :  9.38947e-02
 Reference value :  9.39021e-02
 Reference value :  9.39094e-02
 Reference value :  9.39169e-02
 Reference value :  9.39241e-02
 Reference value :  9.39316e-02
 Reference value :  9.39390e-02
 Reference value :  9.39486e-02
 Reference value :  9.39560e-02
 Reference value :  9.39634e-02
 Reference value :  9.39708e-02
 Reference value :  9.39782e-02
 Reference value :  9.39879e-02
 Reference value :  9.39953e-02
 Reference value :  9.40027e-02
 Reference value :  9.40101e-02
 Reference value :  9.40197e-02
 Reference value :  9.40272e-02
 Reference value :  9.40346e-02
 Reference value :  9.40420e-02
 Reference value :  9.40494e-02
 Reference value :  9.40591e-02
 Reference value :  9.40665e-02
 Reference value :  9.40739e-02
 Reference value :  9.40813e-02
 Reference value :  9.40902e-02
 Reference value :  9.40984e-02
 Reference value :  9.41058e-02
 Reference value :  9.41132e-02
 Reference value :  9.41209e-02
 Reference value :  9.41279e-02
 Reference value :  9.41353e-02
 Reference value :  9.41427e-02
 Reference value :  9.41523e-02
 Reference value :  9.41594e-02
 Reference value :  9.41671e-02
 Reference value :  9.41744e-02
 Reference value :  9.41818e-02
 Reference value :  9.41891e-02
 Reference value :  9.41965e-02
 Reference value :  9.42039e-02
 Reference value :  9.42112e-02
 Reference value :  9.42186e-02
 Reference value :  9.42261e-02
 Reference value :  9.42333e-02
 Reference value :  9.42409e-02
 Reference value :  9.42503e-02
 Reference value :  9.42577e-02
 Reference value :  9.42650e-02
 Reference value :  9.42701e-02
 Reference value :  9.42777e-02
 Reference value :  9.42871e-02
 Reference value :  9.42944e-02
 Reference value :  9.43018e-02
 Reference value :  9.43091e-02
 Reference value :  9.43165e-02
 Reference value :  9.43238e-02
 Reference value :  9.43312e-02
 Reference value :  9.43385e-02
 Reference value :  9.43460e-02
 Reference value :  9.43533e-02
 Reference value :  9.43607e-02
 Reference value :  9.43702e-02
 Reference value :  9.43776e-02
 Reference value :  9.43850e-02
 Reference value :  9.43924e-02
 Reference value :  9.43997e-02
 Reference value :  9.44071e-02
 Reference value :  9.44144e-02
 Reference value :  9.44218e-02
 Reference value :  9.44291e-02
 Reference value :  9.44365e-02
 Reference value :  9.44439e-02
 Reference value :  9.44512e-02
 Reference value :  9.44585e-02
 Reference value :  9.44659e-02
 Reference value :  9.44732e-02
 Reference value :  9.44806e-02
 Reference value :  9.44879e-02
 Reference value :  9.44953e-02
 Reference value :  9.45026e-02
 Reference value :  9.45076e-02
 Reference value :  9.45151e-02
 Reference value :  9.45224e-02
 Reference value :  9.45319e-02
 Reference value :  9.45393e-02
 Reference value :  9.45466e-02
 Reference value :  9.45540e-02
 Reference value :  9.45614e-02
 Reference value :  9.45687e-02
 Reference value :  9.45761e-02
 Reference value :  9.45834e-02
 Reference value :  9.45907e-02
 Reference value :  9.45981e-02
 Reference value :  9.46055e-02
 Reference value :  9.46129e-02
 Reference value :  9.46225e-02
 Reference value :  9.46298e-02
 Reference value :  9.46372e-02
 Reference value :  9.46446e-02
 Reference value :  9.46519e-02
 Reference value :  9.46593e-02
 Reference value :  9.46666e-02
 Reference value :  9.46740e-02
 Reference value :  9.46814e-02
 Reference value :  9.46887e-02
 Reference value :  9.46960e-02
 Reference value :  9.47034e-02
 Reference value :  9.47084e-02
 Reference value :  9.47157e-02
 Reference value :  9.47230e-02
 Reference value :  9.47303e-02
 Reference value :  9.47353e-02
 Reference value :  9.47450e-02
 Reference value :  9.47499e-02
 Reference value :  9.47550e-02
 Reference value :  9.47622e-02
 Reference value :  9.47695e-02
 Reference value :  9.47745e-02
 Reference value :  9.47817e-02
 Reference value :  9.47891e-02
 Reference value :  9.47940e-02
 Reference value :  9.47989e-02
 Reference value :  9.48038e-02
 Reference value :  9.48087e-02
 Reference value :  9.48160e-02
 Reference value :  9.48210e-02
 Reference value :  9.48259e-02
 Reference value :  9.48331e-02
 Reference value :  9.48381e-02
 Reference value :  9.48430e-02
 Reference value :  9.48479e-02
 Reference value :  9.48528e-02
 Reference value :  9.48577e-02
 Reference value :  9.48650e-02
 Reference value :  9.48723e-02
 Reference value :  9.48773e-02
 Reference value :  9.48846e-02
 Reference value :  9.48919e-02
 Reference value :  9.48969e-02
 Reference value :  9.49042e-02
 Reference value :  9.49115e-02
 Reference value :  9.49165e-02
 Reference value :  9.49245e-02
 Reference value :  9.49312e-02
 Reference value :  9.49385e-02
 Reference value :  9.49458e-02
 Reference value :  9.49509e-02
 Reference value :  9.49581e-02
 Reference value :  9.49654e-02
 Reference value :  9.49728e-02
 Reference value :  9.49801e-02
 Reference value :  9.49853e-02
 Reference value :  9.49924e-02
 Reference value :  9.49997e-02
 Reference value :  9.50070e-02
 Reference value :  9.50120e-02
 Reference value :  9.50193e-02
 Reference value :  9.50266e-02
 Reference value :  9.50339e-02
 Reference value :  9.50389e-02
 Reference value :  9.50462e-02
 Reference value :  9.50536e-02
 Reference value :  9.50590e-02
 Reference value :  9.50659e-02
 Reference value :  9.50732e-02
 Reference value :  9.50805e-02
 Reference value :  9.50858e-02
 Reference value :  9.50928e-02
 Reference value :  9.51001e-02
 Reference value :  9.51075e-02
 Reference value :  9.51148e-02
 Reference value :  9.51198e-02
 Reference value :  9.51271e-02
 Reference value :  9.51345e-02
 Reference value :  9.51393e-02
 Reference value :  9.51466e-02
 Reference value :  9.51539e-02
 Reference value :  9.51590e-02
 Reference value :  9.51663e-02
 Reference value :  9.51738e-02
 Reference value :  9.51810e-02
 Reference value :  9.51883e-02
 Reference value :  9.51956e-02
 Reference value :  9.52030e-02
 Reference value :  9.52103e-02
 Reference value :  9.52156e-02
 Reference value :  9.52226e-02
 Reference value :  9.52299e-02
 Reference value :  9.52351e-02
 Reference value :  9.52422e-02
 Reference value :  9.52495e-02
 Reference value :  9.52569e-02
 Reference value :  9.52642e-02
 Reference value :  9.52707e-02
 Reference value :  9.52765e-02
 Reference value :  9.52838e-02
 Reference value :  9.52911e-02
 Reference value :  9.52985e-02
 Reference value :  9.53058e-02
 Reference value :  9.53108e-02
 Reference value :  9.53181e-02
 Reference value :  9.53254e-02
 Reference value :  9.53328e-02
 Reference value :  9.53401e-02
 Reference value :  9.53474e-02
 Reference value :  9.53548e-02
 Reference value :  9.53598e-02
 Reference value :  9.53671e-02
 Reference value :  9.53744e-02
 Reference value :  9.53818e-02
 Reference value :  9.53891e-02
 Reference value :  9.53965e-02
 Reference value :  9.54029e-02
 Reference value :  9.54088e-02
 Reference value :  9.54161e-02
 Reference value :  9.54235e-02
 Reference value :  9.54308e-02
 Reference value :  9.54381e-02
 Reference value :  9.54454e-02
 Reference value :  9.54505e-02
 Reference value :  9.54577e-02
 Reference value :  9.54650e-02
 Reference value :  9.54724e-02
 Reference value :  9.54797e-02
 Reference value :  9.54847e-02
 Reference value :  9.54920e-02
 Reference value :  9.54993e-02
 Reference value :  9.55067e-02
 Reference value :  9.55140e-02
 Reference value :  9.55214e-02
 Reference value :  9.55287e-02
 Reference value :  9.55360e-02
 Reference value :  9.55434e-02
 Reference value :  9.55487e-02
 Reference value :  9.55557e-02
 Reference value :  9.55630e-02
 Reference value :  9.55680e-02
 Reference value :  9.55753e-02
 Reference value :  9.55826e-02
 Reference value :  9.55899e-02
 Reference value :  9.55949e-02
 Reference value :  9.56022e-02
 Reference value :  9.56073e-02
 Reference value :  9.56145e-02
 Reference value :  9.56218e-02
 Reference value :  9.56268e-02
 Reference value :  9.56340e-02
 Reference value :  9.56414e-02
 Reference value :  9.56464e-02
 Reference value :  9.56536e-02
 Reference value :  9.56610e-02
 Reference value :  9.56683e-02
 Reference value :  9.56733e-02
 Reference value :  9.56805e-02
 Reference value :  9.56879e-02
 Reference value :  9.56930e-02
 Reference value :  9.57001e-02
 Reference value :  9.57075e-02
 Reference value :  9.57148e-02
 Reference value :  9.57198e-02
 Reference value :  9.57271e-02
 Reference value :  9.57343e-02
 Reference value :  9.57394e-02
 Reference value :  9.57467e-02
 Reference value :  9.57540e-02
 Reference value :  9.57613e-02
 Reference value :  9.57663e-02
 Reference value :  9.57736e-02
 Reference value :  9.57809e-02
 Reference value :  9.57860e-02
 Reference value :  9.57933e-02
 Reference value :  9.58006e-02
 Reference value :  9.58079e-02
 Reference value :  9.58151e-02
 Reference value :  9.58202e-02
 Reference value :  9.58275e-02
 Reference value :  9.58348e-02
 Reference value :  9.58400e-02
 Reference value :  9.58471e-02
 Reference value :  9.58522e-02
 Reference value :  9.58593e-02
 Reference value :  9.58643e-02
 Reference value :  9.58716e-02
 Reference value :  9.58789e-02
 Reference value :  9.58838e-02
 Reference value :  9.58912e-02
 Reference value :  9.58985e-02
 Reference value :  9.59059e-02
 Reference value :  9.59132e-02
 Reference value :  9.59182e-02
 Reference value :  9.59256e-02
 Reference value :  9.59328e-02
 Reference value :  9.59402e-02
 Reference value :  9.59475e-02
 Reference value :  9.59540e-02
 Reference value :  9.59598e-02
 Reference value :  9.59671e-02
 Reference value :  9.59721e-02
 Reference value :  9.59794e-02
 Reference value :  9.59867e-02
 Reference value :  9.59917e-02
 Reference value :  9.59989e-02
 Reference value :  9.60039e-02
 Reference value :  9.60112e-02
 Reference value :  9.60185e-02
 Reference value :  9.60259e-02
 Reference value :  9.60309e-02
 Reference value :  9.60381e-02
 Reference value :  9.60455e-02
 Reference value :  9.60528e-02
 Reference value :  9.60601e-02
 Reference value :  9.60651e-02
 Reference value :  9.60724e-02
 Reference value :  9.60774e-02
 Reference value :  9.60847e-02
 Reference value :  9.60920e-02
 Reference value :  9.60992e-02
 Reference value :  9.61042e-02
 Reference value :  9.61116e-02
 Reference value :  9.61189e-02
 Reference value :  9.61262e-02
 Reference value :  9.61313e-02
 Reference value :  9.61386e-02
 Reference value :  9.61459e-02
 Reference value :  9.61532e-02
 Reference value :  9.61582e-02
 Reference value :  9.61655e-02
 Reference value :  9.61728e-02
 Reference value :  9.61777e-02
 Reference value :  9.61851e-02
 Reference value :  9.61924e-02
 Reference value :  9.61974e-02
 Reference value :  9.62047e-02
 Reference value :  9.62120e-02
 Reference value :  9.62193e-02
 Reference value :  9.62243e-02
 Reference value :  9.62316e-02
 Reference value :  9.62389e-02
 Reference value :  9.62444e-02
 Reference value :  9.62512e-02
 Reference value :  9.62585e-02
 Reference value :  9.62634e-02
 Reference value :  9.62707e-02
 Reference value :  9.62781e-02
 Reference value :  9.62831e-02
 Reference value :  9.62904e-02
 Reference value :  9.62977e-02
 Reference value :  9.63050e-02
 Reference value :  9.63101e-02
 Reference value :  9.63175e-02
 Reference value :  9.63247e-02
 Reference value :  9.63321e-02
 Reference value :  9.63370e-02
 Reference value :  9.63443e-02
 Reference value :  9.63492e-02
 Reference value :  9.63565e-02
 Reference value :  9.63639e-02
 Reference value :  9.63688e-02
 Reference value :  9.63761e-02
 Reference value :  9.63811e-02
 Reference value :  9.63884e-02
 Reference value :  9.63957e-02
 Reference value :  9.64031e-02
 Reference value :  9.64104e-02
 Reference value :  9.64178e-02
 Reference value :  9.64228e-02
 Reference value :  9.64324e-02
 Reference value :  9.64374e-02
 Reference value :  9.64447e-02
 Reference value :  9.64520e-02
 Reference value :  9.64594e-02
 Reference value :  9.64667e-02
 Reference value :  9.64718e-02
 Reference value :  9.64789e-02
 Reference value :  9.64863e-02
 Reference value :  9.64936e-02
 Reference value :  9.65004e-02
 Reference value :  9.65083e-02
 Reference value :  9.65133e-02
 Reference value :  9.65205e-02
 Reference value :  9.65279e-02
 Reference value :  9.65351e-02
 Reference value :  9.65424e-02
 Reference value :  9.65474e-02
 Reference value :  9.65523e-02
 Reference value :  9.65596e-02
 Reference value :  9.65669e-02
 Reference value :  9.65719e-02
 Reference value :  9.65792e-02
 Reference value :  9.65866e-02
 Reference value :  9.65938e-02
 Reference value :  9.65996e-02
 Reference value :  9.66062e-02
 Reference value :  9.66135e-02
 Reference value :  9.66209e-02
 Reference value :  9.66259e-02
 Reference value :  9.66333e-02
 Reference value :  9.66405e-02
 Reference value :  9.66478e-02
 Reference value :  9.66537e-02
 Reference value :  9.66602e-02
 Reference value :  9.66674e-02
 Reference value :  9.66748e-02
 Reference value :  9.66821e-02
 Reference value :  9.66891e-02
 Reference value :  9.66944e-02
 Reference value :  9.67017e-02
 Reference value :  9.67067e-02
 Reference value :  9.67140e-02
 Reference value :  9.67213e-02
 Reference value :  9.67263e-02
 Reference value :  9.67336e-02
 Reference value :  9.67408e-02
 Reference value :  9.67459e-02
 Reference value :  9.67532e-02
 Reference value :  9.67605e-02
 Reference value :  9.67655e-02
 Reference value :  9.67728e-02
 Reference value :  9.67801e-02
 Reference value :  9.67853e-02
 Reference value :  9.67924e-02
 Reference value :  9.67996e-02
 Reference value :  9.68049e-02
 Reference value :  9.68120e-02
 Reference value :  9.68193e-02
 Reference value :  9.68267e-02
 Reference value :  9.68317e-02
 Reference value :  9.68389e-02
 Reference value :  9.68463e-02
 Reference value :  9.68535e-02
 Reference value :  9.68561e-02
 Reference value :  9.68610e-02
 Reference value :  9.68659e-02
 Reference value :  9.68708e-02
 Reference value :  9.68757e-02
 Reference value :  9.68782e-02
 Reference value :  9.68831e-02
 Reference value :  9.68879e-02
 Reference value :  9.68928e-02
 Reference value :  9.68955e-02
 Reference value :  9.69002e-02
 Reference value :  9.69051e-02
 Reference value :  9.69076e-02
 Reference value :  9.69124e-02
 Reference value :  9.69173e-02
 Reference value :  9.69222e-02
 Reference value :  9.69247e-02
 Reference value :  9.69296e-02
 Reference value :  9.69344e-02
 Reference value :  9.69370e-02
 Reference value :  9.69419e-02
 Reference value :  9.69467e-02
 Reference value :  9.69516e-02
 Reference value :  9.69565e-02
 Reference value :  9.69591e-02
 Reference value :  9.69640e-02
 Reference value :  9.69688e-02
 Reference value :  9.69737e-02
 Reference value :  9.69763e-02
 Reference value :  9.69810e-02
 Reference value :  9.69859e-02
 Reference value :  9.69886e-02
 Reference value :  9.69933e-02
 Reference value :  9.69982e-02
 Reference value :  9.70030e-02
 Reference value :  9.70055e-02
 Reference value :  9.70105e-02
 Reference value :  9.70153e-02
 Reference value :  9.70202e-02
 Reference value :  9.70250e-02
 Reference value :  9.70277e-02
 Reference value :  9.70325e-02
 Reference value :  9.70373e-02
 Reference value :  9.70401e-02
 Reference value :  9.70448e-02
 Reference value :  9.70496e-02
 Reference value :  9.70530e-02
 Reference value :  9.70570e-02
 Reference value :  9.70619e-02
 Reference value :  9.70644e-02
 Reference value :  9.70693e-02
 Reference value :  9.70742e-02
 Reference value :  9.70768e-02
 Reference value :  9.70815e-02
 Reference value :  9.70864e-02
 Reference value :  9.70890e-02
 Reference value :  9.70937e-02
 Reference value :  9.70987e-02
 Reference value :  9.71011e-02
 Reference value :  9.71060e-02
 Reference value :  9.71109e-02
 Reference value :  9.71134e-02
 Reference value :  9.71182e-02
 Reference value :  9.71231e-02
 Reference value :  9.71256e-02
 Reference value :  9.71305e-02
 Reference value :  9.71354e-02
 Reference value :  9.71403e-02
 Reference value :  9.71427e-02
 Reference value :  9.71476e-02
 Reference value :  9.71503e-02
 Reference value :  9.71550e-02
 Reference value :  9.71598e-02
 Reference value :  9.71647e-02
 Reference value :  9.71695e-02
 Reference value :  9.71745e-02
 Reference value :  9.71770e-02
 Reference value :  9.71819e-02
 Reference value :  9.71868e-02
 Reference value :  9.71917e-02
 Reference value :  9.71966e-02
 Reference value :  9.72014e-02
 Reference value :  9.72040e-02
 Reference value :  9.72088e-02
 Reference value :  9.72138e-02
 Reference value :  9.72186e-02
 Reference value :  9.72236e-02
 Reference value :  9.72309e-02
 Reference value :  9.72361e-02
 Reference value :  9.72433e-02
 Reference value :  9.72505e-02
 Reference value :  9.72578e-02
 Reference value :  9.72652e-02
 Reference value :  9.72702e-02
 Reference value :  9.72774e-02
 Reference value :  9.72847e-02
 Reference value :  9.72898e-02
 Reference value :  9.72970e-02
 Reference value :  9.73043e-02
 Reference value :  9.73117e-02
 Reference value :  9.73170e-02
 Reference value :  9.73240e-02
 Reference value :  9.73289e-02
 Reference value :  9.73362e-02
 Reference value :  9.73436e-02
 Reference value :  9.73487e-02
 Reference value :  9.73558e-02
 Reference value :  9.73632e-02
 Reference value :  9.73682e-02
 Reference value :  9.73756e-02
 Reference value :  9.73828e-02
 Reference value :  9.73901e-02
 Reference value :  9.73951e-02
 Reference value :  9.74024e-02
 Reference value :  9.74073e-02
 Reference value :  9.74146e-02
 Reference value :  9.74220e-02
 Reference value :  9.74269e-02
 Reference value :  9.74342e-02
 Reference value :  9.74415e-02
 Reference value :  9.74464e-02
 Reference value :  9.74513e-02
 Reference value :  9.74562e-02
 Reference value :  9.74588e-02
 Reference value :  9.74636e-02
 Reference value :  9.74685e-02
 Reference value :  9.74734e-02
 Reference value :  9.74783e-02
 Reference value :  9.74808e-02
 Reference value :  9.74858e-02
 Reference value :  9.74905e-02
 Reference value :  9.74954e-02
 Reference value :  9.74985e-02
 Reference value :  9.75028e-02
 Reference value :  9.75077e-02
 Reference value :  9.75125e-02
 Reference value :  9.75150e-02
 Reference value :  9.75199e-02
 Reference value :  9.75248e-02
 Reference value :  9.75297e-02
 Reference value :  9.75346e-02
 Reference value :  9.75394e-02
 Reference value :  9.75444e-02
 Reference value :  9.75469e-02
 Reference value :  9.75518e-02
 Reference value :  9.75567e-02
 Reference value :  9.75615e-02
 Reference value :  9.75664e-02
 Reference value :  9.75689e-02
 Reference value :  9.75738e-02
 Reference value :  9.75787e-02
 Reference value :  9.75812e-02
 Reference value :  9.75861e-02
 Reference value :  9.75909e-02
 Reference value :  9.75958e-02
 Reference value :  9.76004e-02
 Reference value :  9.76040e-02
 Reference value :  9.76081e-02
 Reference value :  9.76129e-02
 Reference value :  9.76178e-02
 Reference value :  9.76204e-02
 Reference value :  9.76252e-02
 Reference value :  9.76301e-02
 Reference value :  9.76350e-02
 Reference value :  9.76376e-02
 Reference value :  9.76424e-02
 Reference value :  9.76472e-02
 Reference value :  9.76521e-02
 Reference value :  9.76546e-02
 Reference value :  9.76595e-02
 Reference value :  9.76644e-02
 Reference value :  9.76693e-02
 Reference value :  9.76718e-02
 Reference value :  9.76767e-02
 Reference value :  9.76816e-02
 Reference value :  9.76864e-02
 Reference value :  9.76913e-02
 Reference value :  9.76938e-02
 Reference value :  9.76987e-02
 Reference value :  9.77036e-02
 Reference value :  9.77085e-02
 Reference value :  9.77134e-02
 Reference value :  9.77159e-02
 Reference value :  9.77207e-02
 Reference value :  9.77257e-02
 Reference value :  9.77305e-02
 Reference value :  9.77354e-02
 Reference value :  9.77403e-02
 Reference value :  9.77452e-02
 Reference value :  9.77500e-02
 Reference value :  9.77526e-02
 Reference value :  9.77575e-02
 Reference value :  9.77624e-02
 Reference value :  9.77673e-02
 Reference value :  9.77722e-02
 Reference value :  9.77771e-02
 Reference value :  9.77819e-02
 Reference value :  9.77869e-02
 Reference value :  9.77942e-02
 Reference value :  9.78015e-02
 Reference value :  9.78072e-02
 Reference value :  9.78139e-02
 Reference value :  9.78212e-02
 Reference value :  9.78285e-02
 Reference value :  9.78359e-02
 Reference value :  9.78432e-02
 Reference value :  9.78506e-02
 Reference value :  9.78579e-02
 Reference value :  9.78652e-02
 Reference value :  9.78726e-02
 Reference value :  9.78799e-02
 Reference value :  9.78873e-02
 Reference value :  9.78946e-02
 Reference value :  9.79020e-02
 Reference value :  9.79093e-02
 Reference value :  9.79167e-02
 Reference value :  9.79241e-02
 Reference value :  9.79338e-02
 Reference value :  9.79411e-02
 Reference value :  9.79485e-02
 Reference value :  9.79558e-02
 Reference value :  9.79634e-02
 Reference value :  9.79730e-02
 Reference value :  9.79802e-02
 Reference value :  9.79877e-02
 Reference value :  9.79950e-02
 Reference value :  9.80024e-02
 Reference value :  9.80097e-02
 Reference value :  9.80178e-02
 Reference value :  9.80268e-02
 Reference value :  9.80317e-02
 Reference value :  9.80365e-02
 Reference value :  9.80415e-02
 Reference value :  9.80441e-02
 Reference value :  9.80489e-02
 Reference value :  9.80538e-02
 Reference value :  9.80587e-02
 Reference value :  9.80614e-02
 Reference value :  9.80661e-02
 Reference value :  9.80709e-02
 Reference value :  9.80758e-02
 Reference value :  9.80783e-02
 Reference value :  9.80832e-02
 Reference value :  9.80881e-02
 Reference value :  9.80929e-02
 Reference value :  9.80955e-02
 Reference value :  9.81004e-02
 Reference value :  9.81052e-02
 Reference value :  9.81101e-02
 Reference value :  9.81150e-02
 Reference value :  9.81176e-02
 Reference value :  9.81224e-02
 Reference value :  9.81273e-02
 Reference value :  9.81322e-02
 Reference value :  9.81371e-02
 Reference value :  9.81420e-02
 Reference value :  9.81468e-02
 Reference value :  9.81494e-02
 Reference value :  9.81542e-02
 Reference value :  9.81592e-02
 Reference value :  9.81640e-02
 Reference value :  9.81689e-02
 Reference value :  9.81737e-02
 Reference value :  9.81787e-02
 Reference value :  9.81813e-02
 Reference value :  9.81861e-02
 Reference value :  9.81910e-02
 Reference value :  9.81935e-02
 Reference value :  9.81983e-02
 Reference value :  9.82011e-02
 Reference value :  9.82057e-02
 Reference value :  9.82106e-02
 Reference value :  9.82155e-02
 Reference value :  9.82180e-02
 Reference value :  9.82228e-02
 Reference value :  9.82277e-02
 Reference value :  9.82302e-02
 Reference value :  9.82351e-02
 Reference value :  9.82378e-02
 Reference value :  9.82424e-02
 Reference value :  9.82473e-02
 Reference value :  9.82522e-02
 Reference value :  9.82547e-02
 Reference value :  9.82595e-02
 Reference value :  9.82644e-02
 Reference value :  9.82670e-02
 Reference value :  9.82718e-02
 Reference value :  9.82767e-02
 Reference value :  9.82815e-02
 Reference value :  9.82842e-02
 Reference value :  9.82890e-02
 Reference value :  9.82938e-02
 Reference value :  9.82987e-02
 Reference value :  9.83036e-02
 Reference value :  9.83062e-02
 Reference value :  9.83110e-02
 Reference value :  9.83159e-02
 Reference value :  9.83208e-02
 Reference value :  9.83235e-02
 Reference value :  9.83282e-02
 Reference value :  9.83330e-02
 Reference value :  9.83379e-02
 Reference value :  9.83428e-02
 Reference value :  9.83477e-02
 Reference value :  9.83526e-02
 Reference value :  9.83599e-02
 Reference value :  9.83673e-02
 Reference value :  9.83746e-02
 Reference value :  9.83796e-02
 Reference value :  9.83869e-02
 Reference value :  9.83943e-02
 Reference value :  9.84016e-02
 Reference value :  9.84089e-02
 Reference value :  9.84163e-02
 Reference value :  9.84236e-02
 Reference value :  9.84309e-02
 Reference value :  9.84382e-02
 Reference value :  9.84456e-02
 Reference value :  9.84529e-02
 Reference value :  9.84603e-02
 Reference value :  9.84677e-02
 Reference value :  9.84750e-02
 Reference value :  9.84824e-02
 Reference value :  9.84897e-02
 Reference value :  9.84970e-02
 Reference value :  9.85044e-02
 Reference value :  9.85117e-02
 Reference value :  9.85191e-02
 Reference value :  9.85264e-02
 Reference value :  9.85338e-02
 Reference value :  9.85411e-02
 Reference value :  9.85485e-02
 Reference value :  9.85559e-02
 Reference value :  9.85632e-02
 Reference value :  9.85681e-02
 Reference value :  9.85755e-02
 Reference value :  9.85828e-02
 Reference value :  9.85902e-02
 Reference value :  9.85975e-02
 Reference value :  9.86048e-02
 Reference value :  9.86122e-02
 Reference value :  9.86195e-02
 Reference value :  9.86269e-02
 Reference value :  9.86342e-02
 Reference value :  9.86416e-02
 Reference value :  9.86489e-02
 Reference value :  9.86563e-02
 Reference value :  9.86636e-02
 Reference value :  9.86709e-02
 Reference value :  9.86783e-02
 Reference value :  9.86856e-02
 Reference value :  9.86930e-02
 Reference value :  9.86996e-02
 Reference value :  9.87077e-02
 Reference value :  9.87150e-02
 Reference value :  9.87224e-02
 Reference value :  9.87297e-02
 Reference value :  9.87371e-02
 Reference value :  9.87444e-02
 Reference value :  9.87517e-02
 Reference value :  9.87591e-02
 Reference value :  9.87664e-02
 Reference value :  9.87738e-02
 Reference value :  9.87812e-02
 Reference value :  9.87885e-02
 Reference value :  9.87958e-02
 Reference value :  9.88032e-02
 Reference value :  9.88105e-02
 Reference value :  9.88179e-02
 Reference value :  9.88252e-02
 Reference value :  9.88326e-02
 Reference value :  9.88399e-02
 Reference value :  9.88473e-02
 Reference value :  9.88547e-02
 Reference value :  9.88620e-02
 Reference value :  9.88693e-02
 Reference value :  9.88767e-02
 Reference value :  9.88840e-02
 Reference value :  9.88914e-02
 Reference value :  9.88987e-02
 Reference value :  9.89060e-02
 Reference value :  9.89134e-02
 Reference value :  9.89208e-02
 Reference value :  9.89281e-02
 Reference value :  9.89355e-02
 Reference value :  9.89428e-02
 Reference value :  9.89501e-02
 Reference value :  9.89575e-02
 Reference value :  9.89648e-02
 Reference value :  9.89722e-02
 Reference value :  9.89795e-02
 Reference value :  9.89869e-02
 Reference value :  9.89942e-02
 Reference value :  9.90016e-02
 Reference value :  9.90089e-02
 Reference value :  9.90163e-02
 Reference value :  9.90236e-02
 Reference value :  9.90310e-02
 Reference value :  9.90383e-02
 Reference value :  9.90457e-02
 Reference value :  9.90530e-02
 Reference value :  9.90604e-02
 Reference value :  9.90677e-02
 Reference value :  9.90751e-02
 Reference value :  9.90824e-02
 Reference value :  9.90898e-02
 Reference value :  9.90971e-02
 Reference value :  9.91045e-02
 Reference value :  9.91118e-02
 Reference value :  9.91192e-02
 Reference value :  9.91265e-02
 Reference value :  9.91338e-02
 Reference value :  9.91412e-02
 Reference value :  9.91486e-02
 Reference value :  9.91559e-02
 Reference value :  9.91633e-02
 Reference value :  9.91705e-02
 Reference value :  9.91779e-02
 Reference value :  9.91853e-02
 Reference value :  9.91927e-02
 Reference value :  9.92001e-02
 Reference value :  9.92075e-02
 Reference value :  9.92171e-02
 Reference value :  9.92246e-02
 Reference value :  9.92320e-02
 Reference value :  9.92393e-02
 Reference value :  9.92467e-02
 Reference value :  9.92541e-02
 Reference value :  9.92617e-02
 Reference value :  9.92712e-02
 Reference value :  9.92786e-02
 Reference value :  9.92860e-02
 Reference value :  9.92934e-02
 Reference value :  9.93007e-02
 Reference value :  9.93081e-02
 Reference value :  9.93154e-02
 Reference value :  9.93227e-02
 Reference value :  9.93301e-02
 Reference value :  9.93374e-02
 Reference value :  9.93446e-02
 Reference value :  9.93497e-02
 Reference value :  9.93570e-02
 Reference value :  9.93643e-02
 Reference value :  9.93716e-02
 Reference value :  9.93766e-02
 Reference value :  9.93839e-02
 Reference value :  9.93913e-02
 Reference value :  9.93963e-02
 Reference value :  9.94036e-02
 Reference value :  9.94109e-02
 Reference value :  9.94182e-02
 Reference value :  9.94231e-02
 Reference value :  9.94305e-02
 Reference value :  9.94378e-02
 Reference value :  9.94451e-02
 Reference value :  9.94525e-02
 Reference value :  9.94598e-02
 Reference value :  9.94672e-02
 Reference value :  9.94745e-02
 Reference value :  9.94819e-02
 Reference value :  9.94892e-02
 Reference value :  9.94966e-02
 Reference value :  9.95039e-02
 Reference value :  9.95112e-02
 Reference value :  9.95186e-02
 Reference value :  9.95259e-02
 Reference value :  9.95333e-02
 Reference value :  9.95406e-02
 Reference value :  9.95456e-02
 Reference value :  9.95529e-02
 Reference value :  9.95602e-02
 Reference value :  9.95676e-02
 Reference value :  9.95749e-02
 Reference value :  9.95823e-02
 Reference value :  9.95896e-02
 Reference value :  9.95970e-02
 Reference value :  9.96043e-02
 Reference value :  9.96117e-02
 Reference value :  9.96190e-02
 Reference value :  9.96264e-02
 Reference value :  9.96337e-02
 Reference value :  9.96411e-02
 Reference value :  9.96484e-02
 Reference value :  9.96558e-02
 Reference value :  9.96631e-02
 Reference value :  9.96704e-02
 Reference value :  9.96778e-02
 Reference value :  9.96852e-02
 Reference value :  9.96926e-02
 Reference value :  9.97000e-02
 Reference value :  9.97078e-02
 Reference value :  9.97171e-02
 Reference value :  9.97245e-02
 Reference value :  9.97319e-02
 Reference value :  9.97392e-02
 Reference value :  9.97467e-02
 Reference value :  9.97563e-02
 Reference value :  9.97638e-02
 Reference value :  9.97711e-02
 Reference value :  9.97784e-02
 Reference value :  9.97858e-02
 Reference value :  9.97932e-02
 Reference value :  9.98005e-02
 Reference value :  9.98079e-02
 Reference value :  9.98152e-02
 Reference value :  9.98226e-02
 Reference value :  9.98299e-02
 Reference value :  9.98373e-02
 Reference value :  9.98446e-02
 Reference value :  9.98520e-02
 Reference value :  9.98593e-02
 Reference value :  9.98667e-02
 Reference value :  9.98740e-02
 Reference value :  9.98814e-02
 Reference value :  9.98887e-02
 Reference value :  9.98961e-02
 Reference value :  9.99034e-02
 Reference value :  9.99108e-02
 Reference value :  9.99181e-02
 Reference value :  9.99254e-02
 Reference value :  9.99328e-02
 Reference value :  9.99401e-02
 Reference value :  9.99475e-02
 Reference value :  9.99548e-02
 Reference value :  9.99622e-02
 Reference value :  9.99695e-02
 Reference value :  9.99769e-02
 Reference value :  9.99842e-02
 Reference value :  9.99916e-02
 Reference value :  9.99990e-02
 Reference value :  1.00006e-01
 Reference value :  1.00014e-01
 Reference value :  1.00021e-01
 Reference value :  1.00028e-01
 Reference value :  1.00036e-01
 Reference value :  1.00043e-01
 Reference value :  1.00050e-01
 Reference value :  1.00058e-01
 Reference value :  1.00065e-01
 Reference value :  1.00072e-01
 Reference value :  1.00080e-01
 Reference value :  1.00087e-01
 Reference value :  1.00094e-01
 Reference value :  1.00102e-01
 Reference value :  1.00109e-01
 Reference value :  1.00117e-01
 Reference value :  1.00124e-01
 Reference value :  1.00134e-01
 Reference value :  1.00141e-01
 Reference value :  1.00148e-01
 Reference value :  1.00156e-01
 Reference value :  1.00163e-01
 Reference value :  1.00170e-01
 Reference value :  1.00178e-01
 Reference value :  1.00186e-01
 Reference value :  1.00195e-01
 Reference value :  1.00202e-01
 Reference value :  1.00210e-01
 Reference value :  1.00217e-01
 Reference value :  1.00224e-01
 Reference value :  1.00232e-01
 Reference value :  1.00239e-01
 Reference value :  1.00246e-01
 Reference value :  1.00256e-01
 Reference value :  1.00263e-01
 Reference value :  1.00271e-01
 Reference value :  1.00278e-01
 Reference value :  1.00285e-01
 Reference value :  1.00293e-01
 Reference value :  1.00300e-01
 Reference value :  1.00310e-01
 Reference value :  1.00317e-01
 Reference value :  1.00325e-01
 Reference value :  1.00332e-01
 Reference value :  1.00339e-01
 Reference value :  1.00347e-01
 Reference value :  1.00354e-01
 Reference value :  1.00361e-01
 Reference value :  1.00369e-01
 Reference value :  1.00379e-01
 Reference value :  1.00386e-01
 Reference value :  1.00393e-01
 Reference value :  1.00401e-01
 Reference value :  1.00408e-01
 Reference value :  1.00415e-01
 Reference value :  1.00423e-01
 Reference value :  1.00432e-01
 Reference value :  1.00440e-01
 Reference value :  1.00447e-01
 Reference value :  1.00454e-01
 Reference value :  1.00462e-01
 Reference value :  1.00469e-01
 Reference value :  1.00477e-01
 Reference value :  1.00484e-01
 Reference value :  1.00491e-01
 Reference value :  1.00501e-01
 Reference value :  1.00508e-01
 Reference value :  1.00516e-01
 Reference value :  1.00523e-01
 Reference value :  1.00530e-01
 Reference value :  1.00538e-01
 Reference value :  1.00546e-01
 Reference value :  1.00555e-01
 Reference value :  1.00562e-01
 Reference value :  1.00570e-01
 Reference value :  1.00577e-01
 Reference value :  1.00584e-01
 Reference value :  1.00594e-01
 Reference value :  1.00601e-01
 Reference value :  1.00609e-01
 Reference value :  1.00616e-01
 Reference value :  1.00624e-01
 Reference value :  1.00631e-01
 Reference value :  1.00638e-01
 Reference value :  1.00646e-01
 Reference value :  1.00655e-01
 Reference value :  1.00663e-01
 Reference value :  1.00670e-01
 Reference value :  1.00677e-01
 Reference value :  1.00685e-01
 Reference value :  1.00692e-01
 Reference value :  1.00699e-01
 Reference value :  1.00707e-01
 Reference value :  1.00714e-01
 Reference value :  1.00721e-01
 Reference value :  1.00729e-01
 Reference value :  1.00736e-01
 Reference value :  1.00743e-01
 Reference value :  1.00751e-01
 Reference value :  1.00758e-01
 Reference value :  1.00765e-01
 Reference value :  1.00773e-01
 Reference value :  1.00780e-01
 Reference value :  1.00787e-01
 Reference value :  1.00795e-01
 Reference value :  1.00802e-01
 Reference value :  1.00810e-01
 Reference value :  1.00817e-01
 Reference value :  1.00822e-01
 Reference value :  1.00832e-01
 Reference value :  1.00836e-01
 Reference value :  1.00843e-01
 Reference value :  1.00851e-01
 Reference value :  1.00856e-01
 Reference value :  1.00863e-01
 Reference value :  1.00871e-01
 Reference value :  1.00876e-01
 Reference value :  1.00883e-01
 Reference value :  1.00890e-01
 Reference value :  1.00898e-01
 Reference value :  1.00903e-01
 Reference value :  1.00910e-01
 Reference value :  1.00917e-01
 Reference value :  1.00922e-01
 Reference value :  1.00930e-01
 Reference value :  1.00937e-01
 Reference value :  1.00943e-01
 Reference value :  1.00952e-01
 Reference value :  1.00959e-01
 Reference value :  1.00964e-01
 Reference value :  1.00971e-01
 Reference value :  1.00978e-01
 Reference value :  1.00984e-01
 Reference value :  1.00991e-01
 Reference value :  1.00998e-01
 Reference value :  1.01005e-01
 Reference value :  1.01010e-01
 Reference value :  1.01015e-01
 Reference value :  1.01023e-01
 Reference value :  1.01028e-01
 Reference value :  1.01035e-01
 Reference value :  1.01042e-01
 Reference value :  1.01050e-01
 Reference value :  1.01057e-01
 Reference value :  1.01064e-01
 Reference value :  1.01072e-01
 Reference value :  1.01077e-01
 Reference value :  1.01084e-01
 Reference value :  1.01091e-01
 Reference value :  1.01098e-01
 Reference value :  1.01106e-01
 Reference value :  1.01111e-01
 Reference value :  1.01119e-01
 Reference value :  1.01125e-01
 Reference value :  1.01133e-01
 Reference value :  1.01140e-01
 Reference value :  1.01147e-01
 Reference value :  1.01152e-01
 Reference value :  1.01160e-01
 Reference value :  1.01167e-01
 Reference value :  1.01174e-01
 Reference value :  1.01182e-01
 Reference value :  1.01189e-01
 Reference value :  1.01196e-01
 Reference value :  1.01204e-01
 Reference value :  1.01209e-01
 Reference value :  1.01216e-01
 Reference value :  1.01223e-01
 Reference value :  1.01231e-01
 Reference value :  1.01238e-01
 Reference value :  1.01243e-01
 Reference value :  1.01250e-01
 Reference value :  1.01258e-01
 Reference value :  1.01265e-01
 Reference value :  1.01272e-01
 Reference value :  1.01280e-01
 Reference value :  1.01285e-01
 Reference value :  1.01292e-01
 Reference value :  1.01299e-01
 Reference value :  1.01304e-01
 Reference value :  1.01312e-01
 Reference value :  1.01321e-01
 Reference value :  1.01326e-01
 Reference value :  1.01334e-01
 Reference value :  1.01341e-01
 Reference value :  1.01348e-01
 Reference value :  1.01356e-01
 Reference value :  1.01363e-01
 Reference value :  1.01370e-01
 Reference value :  1.01378e-01
 Reference value :  1.01383e-01
 Reference value :  1.01390e-01
 Reference value :  1.01397e-01
 Reference value :  1.01405e-01
 Reference value :  1.01412e-01
 Reference value :  1.01419e-01
 Reference value :  1.01427e-01
 Reference value :  1.01434e-01
 Reference value :  1.01441e-01
 Reference value :  1.01446e-01
 Reference value :  1.01454e-01
 Reference value :  1.01461e-01
 Reference value :  1.01468e-01
 Reference value :  1.01476e-01
 Reference value :  1.01483e-01
 Reference value :  1.01490e-01
 Reference value :  1.01495e-01
 Reference value :  1.01504e-01
 Reference value :  1.01510e-01
 Reference value :  1.01517e-01
 Reference value :  1.01525e-01
 Reference value :  1.01532e-01
 Reference value :  1.01539e-01
 Reference value :  1.01545e-01
 Reference value :  1.01552e-01
 Reference value :  1.01559e-01
 Reference value :  1.01566e-01
 Reference value :  1.01574e-01
 Reference value :  1.01581e-01
 Reference value :  1.01588e-01
 Reference value :  1.01596e-01
 Reference value :  1.01601e-01
 Reference value :  1.01608e-01
 Reference value :  1.01615e-01
 Reference value :  1.01623e-01
 Reference value :  1.01630e-01
 Reference value :  1.01637e-01
 Reference value :  1.01642e-01
 Reference value :  1.01650e-01
 Reference value :  1.01657e-01
 Reference value :  1.01664e-01
 Reference value :  1.01672e-01
 Reference value :  1.01679e-01
 Reference value :  1.01686e-01
 Reference value :  1.01693e-01
 Reference value :  1.01699e-01
 Reference value :  1.01706e-01
 Reference value :  1.01713e-01
 Reference value :  1.01721e-01
 Reference value :  1.01728e-01
 Reference value :  1.01735e-01
 Reference value :  1.01741e-01
 Reference value :  1.01750e-01
 Reference value :  1.01757e-01
 Reference value :  1.01762e-01
 Reference value :  1.01770e-01
 Reference value :  1.01777e-01
 Reference value :  1.01784e-01
 Reference value :  1.01789e-01
 Reference value :  1.01794e-01
 Reference value :  1.01801e-01
 Reference value :  1.01809e-01
 Reference value :  1.01814e-01
 Reference value :  1.01821e-01
 Reference value :  1.01826e-01
 Reference value :  1.01831e-01
 Reference value :  1.01838e-01
 Reference value :  1.01843e-01
 Reference value :  1.01848e-01
 Reference value :  1.01855e-01
 Reference value :  1.01860e-01
 Reference value :  1.01865e-01
 Reference value :  1.01870e-01
 Reference value :  1.01875e-01
 Reference value :  1.01880e-01
 Reference value :  1.01885e-01
 Reference value :  1.01889e-01
 Reference value :  1.01894e-01
 Reference value :  1.01897e-01
 Reference value :  1.01904e-01
 Reference value :  1.01909e-01
 Reference value :  1.01914e-01
 Reference value :  1.01919e-01
 Reference value :  1.01922e-01
 Reference value :  1.01929e-01
 Reference value :  1.01933e-01
 Reference value :  1.01938e-01
 Reference value :  1.01943e-01
 Reference value :  1.01948e-01
 Reference value :  1.01953e-01
 Reference value :  1.01958e-01
 Reference value :  1.01963e-01
 Reference value :  1.01968e-01
 Reference value :  1.01975e-01
 Reference value :  1.01982e-01
 Reference value :  1.01987e-01
 Reference value :  1.01995e-01
 Reference value :  1.02000e-01
 Reference value :  1.02007e-01
 Reference value :  1.02012e-01
 Reference value :  1.02019e-01
 Reference value :  1.02025e-01
 Reference value :  1.02032e-01
 Reference value :  1.02039e-01
 Reference value :  1.02044e-01
 Reference value :  1.02051e-01
 Reference value :  1.02056e-01
 Reference value :  1.02064e-01
 Reference value :  1.02071e-01
 Reference value :  1.02078e-01
 Reference value :  1.02083e-01
 Reference value :  1.02090e-01
 Reference value :  1.02095e-01
 Reference value :  1.02103e-01
 Reference value :  1.02109e-01
 Reference value :  1.02115e-01
 Reference value :  1.02122e-01
 Reference value :  1.02129e-01
 Reference value :  1.02134e-01
 Reference value :  1.02142e-01
 Reference value :  1.02149e-01
 Reference value :  1.02154e-01
 Reference value :  1.02161e-01
 Reference value :  1.02168e-01
 Reference value :  1.02174e-01
 Reference value :  1.02181e-01
 Reference value :  1.02186e-01
 Reference value :  1.02193e-01
 Reference value :  1.02199e-01
 Reference value :  1.02206e-01
 Reference value :  1.02213e-01
 Reference value :  1.02220e-01
 Reference value :  1.02225e-01
 Reference value :  1.02232e-01
 Reference value :  1.02240e-01
 Reference value :  1.02245e-01
 Reference value :  1.02252e-01
 Reference value :  1.02259e-01
 Reference value :  1.02267e-01
 Reference value :  1.02272e-01
 Reference value :  1.02279e-01
 Reference value :  1.02286e-01
 Reference value :  1.02291e-01
 Reference value :  1.02299e-01
 Reference value :  1.02306e-01
 Reference value :  1.02311e-01
 Reference value :  1.02318e-01
 Reference value :  1.02325e-01
 Reference value :  1.02331e-01
 Reference value :  1.02338e-01
 Reference value :  1.02345e-01
 Reference value :  1.02352e-01
 Reference value :  1.02360e-01
 Reference value :  1.02365e-01
 Reference value :  1.02372e-01
 Reference value :  1.02379e-01
 Reference value :  1.02385e-01
 Reference value :  1.02392e-01
 Reference value :  1.02399e-01
 Reference value :  1.02406e-01
 Reference value :  1.02414e-01
 Reference value :  1.02421e-01
 Reference value :  1.02426e-01
 Reference value :  1.02433e-01
 Reference value :  1.02441e-01
 Reference value :  1.02448e-01
 Reference value :  1.02453e-01
 Reference value :  1.02460e-01
 Reference value :  1.02467e-01
 Reference value :  1.02475e-01
 Reference value :  1.02480e-01
 Reference value :  1.02487e-01
 Reference value :  1.02494e-01
 Reference value :  1.02502e-01
 Reference value :  1.02509e-01
 Reference value :  1.02516e-01
 Reference value :  1.02522e-01
 Reference value :  1.02529e-01
 Reference value :  1.02536e-01
 Reference value :  1.02543e-01
 Reference value :  1.02549e-01
 Reference value :  1.02556e-01
 Reference value :  1.02563e-01
 Reference value :  1.02568e-01
 Reference value :  1.02576e-01
 Reference value :  1.02583e-01
 Reference value :  1.02588e-01
 Reference value :  1.02595e-01
 Reference value :  1.02602e-01
 Reference value :  1.02609e-01
 Reference value :  1.02614e-01
 Reference value :  1.02622e-01
 Reference value :  1.02629e-01
 Reference value :  1.02634e-01
 Reference value :  1.02641e-01
 Reference value :  1.02649e-01
 Reference value :  1.02654e-01
 Reference value :  1.02661e-01
 Reference value :  1.02668e-01
 Reference value :  1.02673e-01
 Reference value :  1.02681e-01
 Reference value :  1.02688e-01
 Reference value :  1.02693e-01
 Reference value :  1.02700e-01
 Reference value :  1.02707e-01
 Reference value :  1.02713e-01
 Reference value :  1.02720e-01
 Reference value :  1.02727e-01
 Reference value :  1.02734e-01
 Reference value :  1.02739e-01
 Reference value :  1.02747e-01
 Reference value :  1.02754e-01
 Reference value :  1.02759e-01
 Reference value :  1.02766e-01
 Reference value :  1.02774e-01
 Reference value :  1.02781e-01
 Reference value :  1.02788e-01
 Reference value :  1.02796e-01
 Reference value :  1.02803e-01
 Reference value :  1.02808e-01
 Reference value :  1.02815e-01
 Reference value :  1.02823e-01
 Reference value :  1.02830e-01
 Reference value :  1.02835e-01
 Reference value :  1.02842e-01
 Reference value :  1.02850e-01
 Reference value :  1.02855e-01
 Reference value :  1.02862e-01
 Reference value :  1.02869e-01
 Reference value :  1.02876e-01
 Reference value :  1.02882e-01
 Reference value :  1.02889e-01
 Reference value :  1.02896e-01
 Reference value :  1.02903e-01
 Reference value :  1.02911e-01
 Reference value :  1.02916e-01
 Reference value :  1.02923e-01
 Reference value :  1.02930e-01
 Reference value :  1.02936e-01
 Reference value :  1.02943e-01
 Reference value :  1.02950e-01
 Reference value :  1.02957e-01
 Reference value :  1.02962e-01
 Reference value :  1.02970e-01
 Reference value :  1.02977e-01
 Reference value :  1.02984e-01
 Reference value :  1.02989e-01
 Reference value :  1.02997e-01
 Reference value :  1.03004e-01
 Reference value :  1.03011e-01
 Reference value :  1.03016e-01
 Reference value :  1.03023e-01
 Reference value :  1.03031e-01
 Reference value :  1.03038e-01
 Reference value :  1.03045e-01
 Reference value :  1.03053e-01
 Reference value :  1.03060e-01
 Reference value :  1.03067e-01
 Reference value :  1.03075e-01
 Reference value :  1.03080e-01
 Reference value :  1.03087e-01
 Reference value :  1.03094e-01
 Reference value :  1.03104e-01
 Reference value :  1.03111e-01
 Reference value :  1.03116e-01
 Reference value :  1.03124e-01
 Reference value :  1.03131e-01
 Reference value :  1.03139e-01
 Reference value :  1.03146e-01
 Reference value :  1.03153e-01
 Reference value :  1.03161e-01
 Reference value :  1.03168e-01
 Reference value :  1.03175e-01
 Reference value :  1.03183e-01
 Reference value :  1.03190e-01
 Reference value :  1.03195e-01
 Reference value :  1.03204e-01
 Reference value :  1.03212e-01
 Reference value :  1.03219e-01
 Reference value :  1.03225e-01
 Reference value :  1.03232e-01
 Reference value :  1.03239e-01
 Reference value :  1.03246e-01
 Reference value :  1.03254e-01
 Reference value :  1.03261e-01
 Reference value :  1.03268e-01
 Reference value :  1.03276e-01
 Reference value :  1.03283e-01
 Reference value :  1.03290e-01
 Reference value :  1.03298e-01
 Reference value :  1.03305e-01
 Reference value :  1.03312e-01
 Reference value :  1.03320e-01
 Reference value :  1.03327e-01
 Reference value :  1.03334e-01
 Reference value :  1.03342e-01
 Reference value :  1.03349e-01
 Reference value :  1.03357e-01
 Reference value :  1.03364e-01
 Reference value :  1.03371e-01
 Reference value :  1.03379e-01
 Reference value :  1.03386e-01
 Reference value :  1.03393e-01
 Reference value :  1.03401e-01
 Reference value :  1.03408e-01
 Reference value :  1.03415e-01
 Reference value :  1.03420e-01
 Reference value :  1.03428e-01
 Reference value :  1.03435e-01
 Reference value :  1.03442e-01
 Reference value :  1.03450e-01
 Reference value :  1.03457e-01
 Reference value :  1.03464e-01
 Reference value :  1.03472e-01
 Reference value :  1.03479e-01
 Reference value :  1.03486e-01
 Reference value :  1.03494e-01
 Reference value :  1.03501e-01
 Reference value :  1.03508e-01
 Reference value :  1.03516e-01
 Reference value :  1.03524e-01
 Reference value :  1.03530e-01
 Reference value :  1.03538e-01
 Reference value :  1.03545e-01
 Reference value :  1.03553e-01
 Reference value :  1.03562e-01
 Reference value :  1.03567e-01
 Reference value :  1.03575e-01
 Reference value :  1.03582e-01
 Reference value :  1.03589e-01
 Reference value :  1.03599e-01
 Reference value :  1.03604e-01
 Reference value :  1.03611e-01
 Reference value :  1.03619e-01
 Reference value :  1.03626e-01
 Reference value :  1.03633e-01
 Reference value :  1.03638e-01
 Reference value :  1.03646e-01
 Reference value :  1.03653e-01
 Reference value :  1.03660e-01
 Reference value :  1.03668e-01
 Reference value :  1.03675e-01
 Reference value :  1.03682e-01
 Reference value :  1.03687e-01
 Reference value :  1.03695e-01
 Reference value :  1.03702e-01
 Reference value :  1.03709e-01
 Reference value :  1.03717e-01
 Reference value :  1.03724e-01
 Reference value :  1.03731e-01
 Reference value :  1.03736e-01
 Reference value :  1.03744e-01
 Reference value :  1.03751e-01
 Reference value :  1.03758e-01
 Reference value :  1.03765e-01
 Reference value :  1.03773e-01
 Reference value :  1.03778e-01
 Reference value :  1.03785e-01
 Reference value :  1.03792e-01
 Reference value :  1.03800e-01
 Reference value :  1.03807e-01
 Reference value :  1.03814e-01
 Reference value :  1.03822e-01
 Reference value :  1.03827e-01
 Reference value :  1.03834e-01
 Reference value :  1.03841e-01
 Reference value :  1.03849e-01
 Reference value :  1.03856e-01
 Reference value :  1.03861e-01
 Reference value :  1.03868e-01
 Reference value :  1.03876e-01
 Reference value :  1.03883e-01
 Reference value :  1.03890e-01
 Reference value :  1.03896e-01
 Reference value :  1.03903e-01
 Reference value :  1.03910e-01
 Reference value :  1.03917e-01
 Reference value :  1.03925e-01
 Reference value :  1.03932e-01
 Reference value :  1.03939e-01
 Reference value :  1.03947e-01
 Reference value :  1.03954e-01
 Reference value :  1.03959e-01
 Reference value :  1.03966e-01
 Reference value :  1.03974e-01
 Reference value :  1.03981e-01
 Reference value :  1.03986e-01
 Reference value :  1.03993e-01
 Reference value :  1.04001e-01
 Reference value :  1.04008e-01
 Reference value :  1.04015e-01
 Reference value :  1.04020e-01
 Reference value :  1.04028e-01
 Reference value :  1.04035e-01
 Reference value :  1.04042e-01
 Reference value :  1.04050e-01
 Reference value :  1.04055e-01
 Reference value :  1.04062e-01
 Reference value :  1.04069e-01
 Reference value :  1.04077e-01
 Reference value :  1.04084e-01
 Reference value :  1.04091e-01
 Reference value :  1.04099e-01
 Reference value :  1.04106e-01
 Reference value :  1.04113e-01
 Reference value :  1.04121e-01
 Reference value :  1.04128e-01
 Reference value :  1.04135e-01
 Reference value :  1.04140e-01
 Reference value :  1.04148e-01
 Reference value :  1.04155e-01
 Reference value :  1.04162e-01
 Reference value :  1.04170e-01
 Reference value :  1.04177e-01
 Reference value :  1.04184e-01
 Reference value :  1.04190e-01
 Reference value :  1.04197e-01
 Reference value :  1.04206e-01
 Reference value :  1.04211e-01
 Reference value :  1.04219e-01
 Reference value :  1.04228e-01
 Reference value :  1.04234e-01
 Reference value :  1.04241e-01
 Reference value :  1.04248e-01
 Reference value :  1.04256e-01
 Reference value :  1.04265e-01
 Reference value :  1.04273e-01
 Reference value :  1.04277e-01
 Reference value :  1.04280e-01
 Reference value :  1.04285e-01
 Reference value :  1.04287e-01
 Reference value :  1.04292e-01
 Reference value :  1.04295e-01
 Reference value :  1.04300e-01
 Reference value :  1.04304e-01
 Reference value :  1.04307e-01
 Reference value :  1.04312e-01
 Reference value :  1.04314e-01
 Reference value :  1.04317e-01
 Reference value :  1.04322e-01
 Reference value :  1.04326e-01
 Reference value :  1.04329e-01
 Reference value :  1.04331e-01
 Reference value :  1.04336e-01
 Reference value :  1.04339e-01
 Reference value :  1.04341e-01
 Reference value :  1.04346e-01
 Reference value :  1.04348e-01
 Reference value :  1.04351e-01
 Reference value :  1.04356e-01
 Reference value :  1.04358e-01
 Reference value :  1.04361e-01
 Reference value :  1.04363e-01
 Reference value :  1.04368e-01
 Reference value :  1.04371e-01
 Reference value :  1.04373e-01
 Reference value :  1.04378e-01
 Reference value :  1.04380e-01
 Reference value :  1.04385e-01
 Reference value :  1.04388e-01
 Reference value :  1.04393e-01
 Reference value :  1.04395e-01
 Reference value :  1.04398e-01
 Reference value :  1.04402e-01
 Reference value :  1.04405e-01
 Reference value :  1.04410e-01
 Reference value :  1.04415e-01
 Reference value :  1.04419e-01
 Reference value :  1.04422e-01
 Reference value :  1.04424e-01
 Reference value :  1.04429e-01
 Reference value :  1.04432e-01
 Reference value :  1.04434e-01
 Reference value :  1.04437e-01
 Reference value :  1.04442e-01
 Reference value :  1.04444e-01
 Reference value :  1.04449e-01
 Reference value :  1.04451e-01
 Reference value :  1.04454e-01
 Reference value :  1.04459e-01
 Reference value :  1.04461e-01
 Reference value :  1.04464e-01
 Reference value :  1.04468e-01
 Reference value :  1.04471e-01
 Reference value :  1.04476e-01
 Reference value :  1.04478e-01
 Reference value :  1.04481e-01
 Reference value :  1.04485e-01
 Reference value :  1.04488e-01
 Reference value :  1.04490e-01
 Reference value :  1.04493e-01
 Reference value :  1.04498e-01
 Reference value :  1.04500e-01
 Reference value :  1.04503e-01
 Reference value :  1.04508e-01
 Reference value :  1.04510e-01
 Reference value :  1.04515e-01
 Reference value :  1.04517e-01
 Reference value :  1.04520e-01
 Reference value :  1.04525e-01
 Reference value :  1.04527e-01
 Reference value :  1.04532e-01
 Reference value :  1.04534e-01
 Reference value :  1.04537e-01
 Reference value :  1.04542e-01
 Reference value :  1.04547e-01
 Reference value :  1.04549e-01
 Reference value :  1.04554e-01
 Reference value :  1.04556e-01
 Reference value :  1.04560e-01
 Reference value :  1.04564e-01
 Reference value :  1.04566e-01
 Reference value :  1.04571e-01
 Reference value :  1.04574e-01
 Reference value :  1.04576e-01
 Reference value :  1.04581e-01
 Reference value :  1.04583e-01
 Reference value :  1.04588e-01
 Reference value :  1.04591e-01
 Reference value :  1.04593e-01
 Reference value :  1.04598e-01
 Reference value :  1.04603e-01
 Reference value :  1.04605e-01
 Reference value :  1.04608e-01
 Reference value :  1.04613e-01
 Reference value :  1.04617e-01
 Reference value :  1.04620e-01
 Reference value :  1.04622e-01
 Reference value :  1.04627e-01
 Reference value :  1.04630e-01
 Reference value :  1.04632e-01
 Reference value :  1.04635e-01
 Reference value :  1.04639e-01
 Reference value :  1.04642e-01
 Reference value :  1.04647e-01
 Reference value :  1.04649e-01
 Reference value :  1.04654e-01
 Reference value :  1.04657e-01
 Reference value :  1.04659e-01
 Reference value :  1.04662e-01
 Reference value :  1.04666e-01
 Reference value :  1.04669e-01
 Reference value :  1.04674e-01
 Reference value :  1.04676e-01
 Reference value :  1.04679e-01
 Reference value :  1.04683e-01
 Reference value :  1.04686e-01
 Reference value :  1.04688e-01
 Reference value :  1.04693e-01
 Reference value :  1.04696e-01
 Reference value :  1.04698e-01
 Reference value :  1.04703e-01
 Reference value :  1.04708e-01
 Reference value :  1.04710e-01
 Reference value :  1.04713e-01
 Reference value :  1.04718e-01
 Reference value :  1.04720e-01
 Reference value :  1.04723e-01
 Reference value :  1.04727e-01
 Reference value :  1.04730e-01
 Reference value :  1.04735e-01
 Reference value :  1.04737e-01
 Reference value :  1.04740e-01
 Reference value :  1.04745e-01
 Reference value :  1.04747e-01
 Reference value :  1.04750e-01
 Reference value :  1.04754e-01
 Reference value :  1.04757e-01
 Reference value :  1.04762e-01
 Reference value :  1.04764e-01
 Reference value :  1.04767e-01
 Reference value :  1.04771e-01
 Reference value :  1.04774e-01
 Reference value :  1.04779e-01
 Reference value :  1.04781e-01
 Reference value :  1.04784e-01
 Reference value :  1.04789e-01
 Reference value :  1.04791e-01
 Reference value :  1.04794e-01
 Reference value :  1.04798e-01
 Reference value :  1.04801e-01
 Reference value :  1.04803e-01
 Reference value :  1.04808e-01
 Reference value :  1.04811e-01
 Reference value :  1.04815e-01
 Reference value :  1.04818e-01
 Reference value :  1.04820e-01
 Reference value :  1.04825e-01
 Reference value :  1.04828e-01
 Reference value :  1.04830e-01
 Reference value :  1.04835e-01
 Reference value :  1.04838e-01
 Reference value :  1.04842e-01
 Reference value :  1.04845e-01
 Reference value :  1.04847e-01
 Reference value :  1.04852e-01
 Reference value :  1.04855e-01
 Reference value :  1.04857e-01
 Reference value :  1.04862e-01
 Reference value :  1.04865e-01
 Reference value :  1.04867e-01
 Reference value :  1.04872e-01
 Reference value :  1.04874e-01
 Reference value :  1.04877e-01
 Reference value :  1.04882e-01
 Reference value :  1.04884e-01
 Reference value :  1.04889e-01
 Reference value :  1.04891e-01
 Reference value :  1.04894e-01
 Reference value :  1.04899e-01
 Reference value :  1.04901e-01
 Reference value :  1.04904e-01
 Reference value :  1.04909e-01
 Reference value :  1.04911e-01
 Reference value :  1.04914e-01
 Reference value :  1.04918e-01
 Reference value :  1.04921e-01
 Reference value :  1.04923e-01
 Reference value :  1.04928e-01
 Reference value :  1.04931e-01
 Reference value :  1.04933e-01
 Reference value :  1.04938e-01
 Reference value :  1.04940e-01
 Reference value :  1.04943e-01
 Reference value :  1.04948e-01
 Reference value :  1.04950e-01
 Reference value :  1.04953e-01
 Reference value :  1.04957e-01
 Reference value :  1.04960e-01
 Reference value :  1.04962e-01
 Reference value :  1.04965e-01
 Reference value :  1.04970e-01
 Reference value :  1.04972e-01
 Reference value :  1.04975e-01
 Reference value :  1.04979e-01
 Reference value :  1.04982e-01
 Reference value :  1.04984e-01
 Reference value :  1.04987e-01
 Reference value :  1.04989e-01
 Reference value :  1.04992e-01
 Reference value :  1.04994e-01
 Reference value :  1.04999e-01
 Reference value :  1.05002e-01
 Reference value :  1.05004e-01
 Reference value :  1.05006e-01
 Reference value :  1.05009e-01
 Reference value :  1.05014e-01
 Reference value :  1.05016e-01
 Reference value :  1.05019e-01
 Reference value :  1.05021e-01
 Reference value :  1.05026e-01
 Reference value :  1.05029e-01
 Reference value :  1.05033e-01
 Reference value :  1.05036e-01
 Reference value :  1.05038e-01
 Reference value :  1.05041e-01
 Reference value :  1.05045e-01
 Reference value :  1.05048e-01
 Reference value :  1.05050e-01
 Reference value :  1.05055e-01
 Reference value :  1.05058e-01
 Reference value :  1.05060e-01
 Reference value :  1.05065e-01
 Reference value :  1.05067e-01
 Reference value :  1.05070e-01
 Reference value :  1.05075e-01
 Reference value :  1.05077e-01
 Reference value :  1.05080e-01
 Reference value :  1.05085e-01
 Reference value :  1.05087e-01
 Reference value :  1.05091e-01
 Reference value :  1.05094e-01
 Reference value :  1.05097e-01
 Reference value :  1.05099e-01
 Reference value :  1.05104e-01
 Reference value :  1.05107e-01
 Reference value :  1.05109e-01
 Reference value :  1.05112e-01
 Reference value :  1.05116e-01
 Reference value :  1.05119e-01
 Reference value :  1.05121e-01
 Reference value :  1.05124e-01
 Reference value :  1.05129e-01
 Reference value :  1.05131e-01
 Reference value :  1.05133e-01
 Reference value :  1.05136e-01
 Reference value :  1.05141e-01
 Reference value :  1.05143e-01
 Reference value :  1.05146e-01
 Reference value :  1.05148e-01
 Reference value :  1.05153e-01
 Reference value :  1.05155e-01
 Reference value :  1.05158e-01
 Reference value :  1.05160e-01
 Reference value :  1.05163e-01
 Reference value :  1.05168e-01
 Reference value :  1.05170e-01
 Reference value :  1.05175e-01
 Reference value :  1.05177e-01
 Reference value :  1.05180e-01
 Reference value :  1.05185e-01
 Reference value :  1.05187e-01
 Reference value :  1.05192e-01
 Reference value :  1.05195e-01
 Reference value :  1.05199e-01
 Reference value :  1.05202e-01
 Reference value :  1.05204e-01
 Reference value :  1.05207e-01
 Reference value :  1.05212e-01
 Reference value :  1.05214e-01
 Reference value :  1.05217e-01
 Reference value :  1.05221e-01
 Reference value :  1.05224e-01
 Reference value :  1.05229e-01
 Reference value :  1.05231e-01
 Reference value :  1.05234e-01
 Reference value :  1.05236e-01
 Reference value :  1.05239e-01
 Reference value :  1.05243e-01
 Reference value :  1.05246e-01
 Reference value :  1.05248e-01
 Reference value :  1.05251e-01
 Reference value :  1.05253e-01
 Reference value :  1.05258e-01
 Reference value :  1.05261e-01
 Reference value :  1.05263e-01
 Reference value :  1.05266e-01
 Reference value :  1.05270e-01
 Reference value :  1.05273e-01
 Reference value :  1.05275e-01
 Reference value :  1.05280e-01
 Reference value :  1.05283e-01
 Reference value :  1.05285e-01
 Reference value :  1.05290e-01
 Reference value :  1.05292e-01
 Reference value :  1.05295e-01
 Reference value :  1.05300e-01
 Reference value :  1.05302e-01
 Reference value :  1.05307e-01
 Reference value :  1.05310e-01
 Reference value :  1.05312e-01
 Reference value :  1.05317e-01
 Reference value :  1.05319e-01
 Reference value :  1.05324e-01
 Reference value :  1.05327e-01
 Reference value :  1.05329e-01
 Reference value :  1.05334e-01
 Reference value :  1.05336e-01
 Reference value :  1.05339e-01
 Reference value :  1.05344e-01
 Reference value :  1.05346e-01
 Reference value :  1.05349e-01
 Reference value :  1.05354e-01
 Reference value :  1.05356e-01
 Reference value :  1.05361e-01
 Reference value :  1.05363e-01
 Reference value :  1.05366e-01
 Reference value :  1.05371e-01
 Reference value :  1.05373e-01
 Reference value :  1.05376e-01
 Reference value :  1.05380e-01
 Reference value :  1.05383e-01
 Reference value :  1.05388e-01
 Reference value :  1.05390e-01
 Reference value :  1.05395e-01
 Reference value :  1.05398e-01
 Reference value :  1.05400e-01
 Reference value :  1.05405e-01
 Reference value :  1.05407e-01
 Reference value :  1.05412e-01
 Reference value :  1.05415e-01
 Reference value :  1.05420e-01
 Reference value :  1.05422e-01
 Reference value :  1.05425e-01
 Reference value :  1.05429e-01
 Reference value :  1.05432e-01
 Reference value :  1.05437e-01
 Reference value :  1.05439e-01
 Reference value :  1.05442e-01
 Reference value :  1.05447e-01
 Reference value :  1.05449e-01
 Reference value :  1.05454e-01
 Reference value :  1.05459e-01
 Reference value :  1.05461e-01
 Reference value :  1.05464e-01
 Reference value :  1.05469e-01
 Reference value :  1.05471e-01
 Reference value :  1.05476e-01
 Reference value :  1.05478e-01
 Reference value :  1.05482e-01
 Reference value :  1.05486e-01
 Reference value :  1.05488e-01
 Reference value :  1.05493e-01
 Reference value :  1.05498e-01
 Reference value :  1.05500e-01
 Reference value :  1.05505e-01
 Reference value :  1.05510e-01
 Reference value :  1.05513e-01
 Reference value :  1.05515e-01
 Reference value :  1.05520e-01
 Reference value :  1.05525e-01
 Reference value :  1.05527e-01
 Reference value :  1.05532e-01
 Reference value :  1.05535e-01
 Reference value :  1.05540e-01
 Reference value :  1.05542e-01
 Reference value :  1.05545e-01
 Reference value :  1.05549e-01
 Reference value :  1.05554e-01
 Reference value :  1.05557e-01
 Reference value :  1.05562e-01
 Reference value :  1.05566e-01
 Reference value :  1.05569e-01
 Reference value :  1.05574e-01
 Reference value :  1.05576e-01
 Reference value :  1.05579e-01
 Reference value :  1.05584e-01
 Reference value :  1.05586e-01
 Reference value :  1.05591e-01
 Reference value :  1.05593e-01
 Reference value :  1.05598e-01
 Reference value :  1.05603e-01
 Reference value :  1.05606e-01
 Reference value :  1.05613e-01
 Reference value :  1.05615e-01
 Reference value :  1.05620e-01
 Reference value :  1.05623e-01
 Reference value :  1.05628e-01
 Reference value :  1.05630e-01
 Reference value :  1.05635e-01
 Reference value :  1.05637e-01
 Reference value :  1.05645e-01
 Reference value :  1.05647e-01
 Reference value :  1.05652e-01
 Reference value :  1.05657e-01
 Reference value :  1.05660e-01
 Reference value :  1.05664e-01
 Reference value :  1.05669e-01
 Reference value :  1.05674e-01
 Reference value :  1.05677e-01
 Reference value :  1.05684e-01
 Reference value :  1.05689e-01
 Reference value :  1.05698e-01
 Reference value :  1.05706e-01
 Reference value :  1.05711e-01
 Reference value :  1.05718e-01
 Reference value :  1.05725e-01
 Reference value :  1.05733e-01
 Reference value :  1.05740e-01
 Reference value :  1.05745e-01
 Reference value :  1.05752e-01
 Reference value :  1.05760e-01
 Reference value :  1.05767e-01
 Reference value :  1.05774e-01
 Reference value :  1.05782e-01
 Reference value :  1.05789e-01
 Reference value :  1.05796e-01
 Reference value :  1.05804e-01
 Reference value :  1.05811e-01
 Reference value :  1.05818e-01
 Reference value :  1.05826e-01
 Reference value :  1.05833e-01
 Reference value :  1.05840e-01
 Reference value :  1.05848e-01
 Reference value :  1.05855e-01
 Reference value :  1.05863e-01
 Reference value :  1.05870e-01
 Reference value :  1.05877e-01
 Reference value :  1.05885e-01
 Reference value :  1.05892e-01
 Reference value :  1.05899e-01
 Reference value :  1.05907e-01
 Reference value :  1.05914e-01
 Reference value :  1.05921e-01
 Reference value :  1.05929e-01
 Reference value :  1.05936e-01
 Reference value :  1.05943e-01
 Reference value :  1.05951e-01
 Reference value :  1.05958e-01
 Reference value :  1.05965e-01
 Reference value :  1.05973e-01
 Reference value :  1.05980e-01
 Reference value :  1.05987e-01
 Reference value :  1.05995e-01
 Reference value :  1.06002e-01
 Reference value :  1.06009e-01
 Reference value :  1.06017e-01
 Reference value :  1.06022e-01
 Reference value :  1.06029e-01
 Reference value :  1.06037e-01
 Reference value :  1.06044e-01
 Reference value :  1.06051e-01
 Reference value :  1.06059e-01
 Reference value :  1.06066e-01
 Reference value :  1.06071e-01
 Reference value :  1.06078e-01
 Reference value :  1.06085e-01
 Reference value :  1.06093e-01
 Reference value :  1.06100e-01
 Reference value :  1.06107e-01
 Reference value :  1.06113e-01
 Reference value :  1.06122e-01
 Reference value :  1.06127e-01
 Reference value :  1.06135e-01
 Reference value :  1.06142e-01
 Reference value :  1.06149e-01
 Reference value :  1.06157e-01
 Reference value :  1.06162e-01
 Reference value :  1.06171e-01
 Reference value :  1.06179e-01
 Reference value :  1.06186e-01
 Reference value :  1.06193e-01
 Reference value :  1.06201e-01
 Reference value :  1.06208e-01
 Reference value :  1.06215e-01
 Reference value :  1.06223e-01
 Reference value :  1.06230e-01
 Reference value :  1.06237e-01
 Reference value :  1.06245e-01
 Reference value :  1.06252e-01
 Reference value :  1.06260e-01
 Reference value :  1.06265e-01
 Reference value :  1.06272e-01
 Reference value :  1.06279e-01
 Reference value :  1.06287e-01
 Reference value :  1.06296e-01
 Reference value :  1.06301e-01
 Reference value :  1.06309e-01
 Reference value :  1.06318e-01
 Reference value :  1.06326e-01
 Reference value :  1.06333e-01
 Reference value :  1.06340e-01
 Reference value :  1.06348e-01
 Reference value :  1.06355e-01
 Reference value :  1.06362e-01
 Reference value :  1.06370e-01
 Reference value :  1.06377e-01
 Reference value :  1.06384e-01
 Reference value :  1.06392e-01
 Reference value :  1.06399e-01
 Reference value :  1.06406e-01
 Reference value :  1.06414e-01
 Reference value :  1.06421e-01
 Reference value :  1.06429e-01
 Reference value :  1.06436e-01
 Reference value :  1.06443e-01
 Reference value :  1.06451e-01
 Reference value :  1.06458e-01
 Reference value :  1.06465e-01
 Reference value :  1.06473e-01
 Reference value :  1.06480e-01
 Reference value :  1.06487e-01
 Reference value :  1.06497e-01
 Reference value :  1.06504e-01
 Reference value :  1.06510e-01
 Reference value :  1.06517e-01
 Reference value :  1.06526e-01
 Reference value :  1.06534e-01
 Reference value :  1.06541e-01
 Reference value :  1.06549e-01
 Reference value :  1.06556e-01
 Reference value :  1.06563e-01
 Reference value :  1.06571e-01
 Reference value :  1.06578e-01
 Reference value :  1.06585e-01
 Reference value :  1.06593e-01
 Reference value :  1.06600e-01
 Reference value :  1.06607e-01
 Reference value :  1.06615e-01
 Reference value :  1.06622e-01
 Reference value :  1.06629e-01
 Reference value :  1.06637e-01
 Reference value :  1.06644e-01
 Reference value :  1.06651e-01
 Reference value :  1.06656e-01
 Reference value :  1.06664e-01
 Reference value :  1.06671e-01
 Reference value :  1.06678e-01
 Reference value :  1.06686e-01
 Reference value :  1.06693e-01
 Reference value :  1.06698e-01
 Reference value :  1.06705e-01
 Reference value :  1.06713e-01
 Reference value :  1.06722e-01
 Reference value :  1.06730e-01
 Reference value :  1.06737e-01
 Reference value :  1.06744e-01
 Reference value :  1.06752e-01
 Reference value :  1.06760e-01
 Reference value :  1.06767e-01
 Reference value :  1.06774e-01
 Reference value :  1.06784e-01
 Reference value :  1.06791e-01
 Reference value :  1.06798e-01
 Reference value :  1.06806e-01
 Reference value :  1.06813e-01
 Reference value :  1.06823e-01
 Reference value :  1.06830e-01
 Reference value :  1.06838e-01
 Reference value :  1.06845e-01
 Reference value :  1.06852e-01
 Reference value :  1.06860e-01
 Reference value :  1.06869e-01
 Reference value :  1.06877e-01
 Reference value :  1.06884e-01
 Reference value :  1.06891e-01
 Reference value :  1.06899e-01
 Reference value :  1.06907e-01
 Reference value :  1.06914e-01
 Reference value :  1.06921e-01
 Reference value :  1.06931e-01
 Reference value :  1.06938e-01
 Reference value :  1.06945e-01
 Reference value :  1.06953e-01
 Reference value :  1.06960e-01
 Reference value :  1.06968e-01
 Reference value :  1.06977e-01
 Reference value :  1.06984e-01
 Reference value :  1.06992e-01
 Reference value :  1.06999e-01
 Reference value :  1.07006e-01
 Reference value :  1.07014e-01
 Reference value :  1.07021e-01
 Reference value :  1.07029e-01
 Reference value :  1.07036e-01
 Reference value :  1.07043e-01
 Reference value :  1.07051e-01
 Reference value :  1.07059e-01
 Reference value :  1.07068e-01
 Reference value :  1.07075e-01
 Reference value :  1.07082e-01
 Reference value :  1.07090e-01
 Reference value :  1.07097e-01
 Reference value :  1.07104e-01
 Reference value :  1.07112e-01
 Reference value :  1.07122e-01
 Reference value :  1.07129e-01
 Reference value :  1.07136e-01
 Reference value :  1.07144e-01
 Reference value :  1.07151e-01
 Reference value :  1.07158e-01
 Reference value :  1.07166e-01
 Reference value :  1.07175e-01
 Reference value :  1.07183e-01
 Reference value :  1.07190e-01
 Reference value :  1.07198e-01
 Reference value :  1.07205e-01
 Reference value :  1.07212e-01
 Reference value :  1.07220e-01
 Reference value :  1.07229e-01
 Reference value :  1.07237e-01
 Reference value :  1.07244e-01
 Reference value :  1.07251e-01
 Reference value :  1.07259e-01
 Reference value :  1.07266e-01
 Reference value :  1.07276e-01
 Reference value :  1.07281e-01
 Reference value :  1.07288e-01
 Reference value :  1.07298e-01
 Reference value :  1.07305e-01
 Reference value :  1.07313e-01
 Reference value :  1.07320e-01
 Reference value :  1.07327e-01
 Reference value :  1.07335e-01
 Reference value :  1.07344e-01
 Reference value :  1.07352e-01
 Reference value :  1.07359e-01
 Reference value :  1.07367e-01
 Reference value :  1.07374e-01
 Reference value :  1.07384e-01
 Reference value :  1.07391e-01
 Reference value :  1.07398e-01
 Reference value :  1.07406e-01
 Reference value :  1.07413e-01
 Reference value :  1.07421e-01
 Reference value :  1.07428e-01
 Reference value :  1.07435e-01
 Reference value :  1.07445e-01
 Reference value :  1.07452e-01
 Reference value :  1.07460e-01
 Reference value :  1.07467e-01
 Reference value :  1.07474e-01
 Reference value :  1.07484e-01
 Reference value :  1.07491e-01
 Reference value :  1.07499e-01
 Reference value :  1.07506e-01
 Reference value :  1.07513e-01
 Reference value :  1.07521e-01
 Reference value :  1.07531e-01
 Reference value :  1.07538e-01
 Reference value :  1.07545e-01
 Reference value :  1.07553e-01
 Reference value :  1.07560e-01
 Reference value :  1.07567e-01
 Reference value :  1.07575e-01
 Reference value :  1.07582e-01
 Reference value :  1.07590e-01
 Reference value :  1.07599e-01
 Reference value :  1.07607e-01
 Reference value :  1.07614e-01
 Reference value :  1.07621e-01
 Reference value :  1.07629e-01
 Reference value :  1.07634e-01
 Reference value :  1.07641e-01
 Reference value :  1.07651e-01
 Reference value :  1.07658e-01
 Reference value :  1.07665e-01
 Reference value :  1.07673e-01
 Reference value :  1.07680e-01
 Reference value :  1.07687e-01
 Reference value :  1.07697e-01
 Reference value :  1.07704e-01
 Reference value :  1.07712e-01
 Reference value :  1.07719e-01
 Reference value :  1.07727e-01
 Reference value :  1.07734e-01
 Reference value :  1.07741e-01
 Reference value :  1.07749e-01
 Reference value :  1.07756e-01
 Reference value :  1.07766e-01
 Reference value :  1.07773e-01
 Reference value :  1.07780e-01
 Reference value :  1.07788e-01
 Reference value :  1.07795e-01
 Reference value :  1.07803e-01
 Reference value :  1.07812e-01
 Reference value :  1.07820e-01
 Reference value :  1.07827e-01
 Reference value :  1.07834e-01
 Reference value :  1.07842e-01
 Reference value :  1.07849e-01
 Reference value :  1.07856e-01
 Reference value :  1.07864e-01
 Reference value :  1.07871e-01
 Reference value :  1.07879e-01
 Reference value :  1.07888e-01
 Reference value :  1.07896e-01
 Reference value :  1.07903e-01
 Reference value :  1.07910e-01
 Reference value :  1.07918e-01
 Reference value :  1.07926e-01
 Reference value :  1.07932e-01
 Reference value :  1.07940e-01
 Reference value :  1.07949e-01
 Reference value :  1.07957e-01
 Reference value :  1.07964e-01
 Reference value :  1.07971e-01
 Reference value :  1.07979e-01
 Reference value :  1.07986e-01
 Reference value :  1.07994e-01
 Reference value :  1.08003e-01
 Reference value :  1.08011e-01
 Reference value :  1.08018e-01
 Reference value :  1.08025e-01
 Reference value :  1.08033e-01
 Reference value :  1.08040e-01
 Reference value :  1.08047e-01
 Reference value :  1.08055e-01
 Reference value :  1.08062e-01
 Reference value :  1.08070e-01
 Reference value :  1.08079e-01
 Reference value :  1.08087e-01
 Reference value :  1.08094e-01
 Reference value :  1.08101e-01
 Reference value :  1.08109e-01
 Reference value :  1.08116e-01
 Reference value :  1.08123e-01
 Reference value :  1.08133e-01
 Reference value :  1.08140e-01
 Reference value :  1.08148e-01
 Reference value :  1.08155e-01
 Reference value :  1.08163e-01
 Reference value :  1.08170e-01
 Reference value :  1.08177e-01
 Reference value :  1.08185e-01
 Reference value :  1.08192e-01
 Reference value :  1.08202e-01
 Reference value :  1.08209e-01
 Reference value :  1.08216e-01
 Reference value :  1.08224e-01
 Reference value :  1.08231e-01
 Reference value :  1.08238e-01
 Reference value :  1.08246e-01
 Reference value :  1.08253e-01
 Reference value :  1.08261e-01
 Reference value :  1.08268e-01
 Reference value :  1.08278e-01
 Reference value :  1.08285e-01
 Reference value :  1.08292e-01
 Reference value :  1.08300e-01
 Reference value :  1.08307e-01
 Reference value :  1.08314e-01
 Reference value :  1.08322e-01
 Reference value :  1.08331e-01
 Reference value :  1.08339e-01
 Reference value :  1.08346e-01
 Reference value :  1.08354e-01
 Reference value :  1.08361e-01
 Reference value :  1.08368e-01
 Reference value :  1.08376e-01
 Reference value :  1.08383e-01
 Reference value :  1.08393e-01
 Reference value :  1.08400e-01
 Reference value :  1.08407e-01
 Reference value :  1.08415e-01
 Reference value :  1.08422e-01
 Reference value :  1.08429e-01
 Reference value :  1.08437e-01
 Reference value :  1.08444e-01
 Reference value :  1.08451e-01
 Reference value :  1.08459e-01
 Reference value :  1.08466e-01
 Reference value :  1.08474e-01
 Reference value :  1.08481e-01
 Reference value :  1.08488e-01
 Reference value :  1.08496e-01
 Reference value :  1.08505e-01
 Reference value :  1.08513e-01
 Reference value :  1.08520e-01
 Reference value :  1.08527e-01
 Reference value :  1.08535e-01
 Reference value :  1.08542e-01
 Reference value :  1.08549e-01
 Reference value :  1.08557e-01
 Reference value :  1.08564e-01
 Reference value :  1.08572e-01
 Reference value :  1.08579e-01
 Reference value :  1.08584e-01
 Reference value :  1.08591e-01
 Reference value :  1.08599e-01
 Reference value :  1.08606e-01
 Reference value :  1.08616e-01
 Reference value :  1.08623e-01
 Reference value :  1.08630e-01
 Reference value :  1.08638e-01
 Reference value :  1.08645e-01
 Reference value :  1.08652e-01
 Reference value :  1.08660e-01
 Reference value :  1.08667e-01
 Reference value :  1.08677e-01
 Reference value :  1.08684e-01
 Reference value :  1.08691e-01
 Reference value :  1.08699e-01
 Reference value :  1.08706e-01
 Reference value :  1.08714e-01
 Reference value :  1.08721e-01
 Reference value :  1.08729e-01
 Reference value :  1.08738e-01
 Reference value :  1.08745e-01
 Reference value :  1.08753e-01
 Reference value :  1.08760e-01
 Reference value :  1.08767e-01
 Reference value :  1.08777e-01
 Reference value :  1.08785e-01
 Reference value :  1.08792e-01
 Reference value :  1.08799e-01
 Reference value :  1.08807e-01
 Reference value :  1.08814e-01
 Reference value :  1.08821e-01
 Reference value :  1.08829e-01
 Reference value :  1.08836e-01
 Reference value :  1.08844e-01
 Reference value :  1.08853e-01
 Reference value :  1.08860e-01
 Reference value :  1.08868e-01
 Reference value :  1.08875e-01
 Reference value :  1.08882e-01
 Reference value :  1.08890e-01
 Reference value :  1.08897e-01
 Reference value :  1.08905e-01
 Reference value :  1.08912e-01
 Reference value :  1.08919e-01
 Reference value :  1.08927e-01
 Reference value :  1.08936e-01
 Reference value :  1.08944e-01
 Reference value :  1.08951e-01
 Reference value :  1.08958e-01
 Reference value :  1.08966e-01
 Reference value :  1.08973e-01
 Reference value :  1.08981e-01
 Reference value :  1.08990e-01
 Reference value :  1.08998e-01
 Reference value :  1.09005e-01
 Reference value :  1.09015e-01
 Reference value :  1.09022e-01
 Reference value :  1.09030e-01
 Reference value :  1.09037e-01
 Reference value :  1.09047e-01
 Reference value :  1.09054e-01
 Reference value :  1.09062e-01
 Reference value :  1.09069e-01
 Reference value :  1.09079e-01
 Reference value :  1.09086e-01
 Reference value :  1.09094e-01
 Reference value :  1.09103e-01
 Reference value :  1.09111e-01
 Reference value :  1.09118e-01
 Reference value :  1.09125e-01
 Reference value :  1.09133e-01
 Reference value :  1.09140e-01
 Reference value :  1.09150e-01
 Reference value :  1.09157e-01
 Reference value :  1.09165e-01
 Reference value :  1.09172e-01
 Reference value :  1.09179e-01
 Reference value :  1.09187e-01
 Reference value :  1.09194e-01
 Reference value :  1.09204e-01
 Reference value :  1.09211e-01
 Reference value :  1.09218e-01
 Reference value :  1.09226e-01
 Reference value :  1.09233e-01
 Reference value :  1.09240e-01
 Reference value :  1.09248e-01
 Reference value :  1.09255e-01
 Reference value :  1.09265e-01
 Reference value :  1.09272e-01
 Reference value :  1.09280e-01
 Reference value :  1.09287e-01
 Reference value :  1.09294e-01
 Reference value :  1.09302e-01
 Reference value :  1.09309e-01
 Reference value :  1.09319e-01
 Reference value :  1.09326e-01
 Reference value :  1.09334e-01
 Reference value :  1.09341e-01
 Reference value :  1.09348e-01
 Reference value :  1.09356e-01
 Reference value :  1.09363e-01
 Reference value :  1.09370e-01
 Reference value :  1.09378e-01
 Reference value :  1.09385e-01
 Reference value :  1.09395e-01
 Reference value :  1.09402e-01
 Reference value :  1.09409e-01
 Reference value :  1.09417e-01
 Reference value :  1.09424e-01
 Reference value :  1.09431e-01
 Reference value :  1.09439e-01
 Reference value :  1.09446e-01
 Reference value :  1.09454e-01
 Reference value :  1.09463e-01
 Reference value :  1.09471e-01
 Reference value :  1.09476e-01
 Reference value :  1.09483e-01
 Reference value :  1.09490e-01
 Reference value :  1.09498e-01
 Reference value :  1.09505e-01
 Reference value :  1.09512e-01
 Reference value :  1.09520e-01
 Reference value :  1.09527e-01
 Reference value :  1.09537e-01
 Reference value :  1.09544e-01
 Reference value :  1.09551e-01
 Reference value :  1.09559e-01
 Reference value :  1.09568e-01
 Reference value :  1.09574e-01
 Reference value :  1.09583e-01
 Reference value :  1.09591e-01
 Reference value :  1.09598e-01
 Reference value :  1.09605e-01
 Reference value :  1.09613e-01
 Reference value :  1.09620e-01
 Reference value :  1.09628e-01
 Reference value :  1.09635e-01
 Reference value :  1.09644e-01
 Reference value :  1.09652e-01
 Reference value :  1.09659e-01
 Reference value :  1.09667e-01
 Reference value :  1.09674e-01
 Reference value :  1.09681e-01
 Reference value :  1.09690e-01
 Reference value :  1.09698e-01
 Reference value :  1.09706e-01
 Reference value :  1.09713e-01
 Reference value :  1.09720e-01
 Reference value :  1.09728e-01
 Reference value :  1.09735e-01
 Reference value :  1.09743e-01
 Reference value :  1.09750e-01
 Reference value :  1.09760e-01
 Reference value :  1.09767e-01
 Reference value :  1.09774e-01
 Reference value :  1.09782e-01
 Reference value :  1.09789e-01
 Reference value :  1.09796e-01
 Reference value :  1.09804e-01
 Reference value :  1.09813e-01
 Reference value :  1.09821e-01
 Reference value :  1.09828e-01
 Reference value :  1.09836e-01
 Reference value :  1.09843e-01
 Reference value :  1.09850e-01
 Reference value :  1.09858e-01
 Reference value :  1.09865e-01
 Reference value :  1.09872e-01
 Reference value :  1.09882e-01
 Reference value :  1.09890e-01
 Reference value :  1.09897e-01
 Reference value :  1.09904e-01
 Reference value :  1.09912e-01
 Reference value :  1.09919e-01
 Reference value :  1.09929e-01
 Reference value :  1.09936e-01
 Reference value :  1.09943e-01
 Reference value :  1.09951e-01
 Reference value :  1.09958e-01
 Reference value :  1.09966e-01
 Reference value :  1.09975e-01
 Reference value :  1.09983e-01
 Reference value :  1.09990e-01
 Reference value :  1.09997e-01
 Reference value :  1.10005e-01
 Reference value :  1.10012e-01
 Reference value :  1.10019e-01
 Reference value :  1.10027e-01
 Reference value :  1.10036e-01
 Reference value :  1.10044e-01
 Reference value :  1.10051e-01
 Reference value :  1.10059e-01
 Reference value :  1.10066e-01
 Reference value :  1.10073e-01
 Reference value :  1.10081e-01
 Reference value :  1.10090e-01
 Reference value :  1.10098e-01
 Reference value :  1.10105e-01
 Reference value :  1.10112e-01
 Reference value :  1.10120e-01
 Reference value :  1.10127e-01
 Reference value :  1.10135e-01
 Reference value :  1.10144e-01
 Reference value :  1.10152e-01
 Reference value :  1.10159e-01
 Reference value :  1.10166e-01
 Reference value :  1.10174e-01
 Reference value :  1.10181e-01
 Reference value :  1.10188e-01
 Reference value :  1.10196e-01
 Reference value :  1.10203e-01
 Reference value :  1.10210e-01
 Reference value :  1.10220e-01
 Reference value :  1.10227e-01
 Reference value :  1.10235e-01
 Reference value :  1.10242e-01
 Reference value :  1.10250e-01
 Reference value :  1.10257e-01
 Reference value :  1.10264e-01
 Reference value :  1.10273e-01
 Reference value :  1.10281e-01
 Reference value :  1.10289e-01
 Reference value :  1.10296e-01
 Reference value :  1.10303e-01
 Reference value :  1.10311e-01
 Reference value :  1.10318e-01
 Reference value :  1.10325e-01
 Reference value :  1.10333e-01
 Reference value :  1.10340e-01
 Reference value :  1.10350e-01
 Reference value :  1.10357e-01
 Reference value :  1.10365e-01
 Reference value :  1.10372e-01
 Reference value :  1.10379e-01
 Reference value :  1.10387e-01
 Reference value :  1.10394e-01
 Reference value :  1.10404e-01
 Reference value :  1.10411e-01
 Reference value :  1.10419e-01
 Reference value :  1.10426e-01
 Reference value :  1.10434e-01
 Reference value :  1.10441e-01
 Reference value :  1.10448e-01
 Reference value :  1.10458e-01
 Reference value :  1.10465e-01
 Reference value :  1.10472e-01
 Reference value :  1.10480e-01
 Reference value :  1.10487e-01
 Reference value :  1.10494e-01
 Reference value :  1.10502e-01
 Reference value :  1.10511e-01
 Reference value :  1.10519e-01
 Reference value :  1.10526e-01
 Reference value :  1.10534e-01
 Reference value :  1.10541e-01
 Reference value :  1.10548e-01
 Reference value :  1.10556e-01
 Reference value :  1.10563e-01
 Reference value :  1.10570e-01
 Reference value :  1.10578e-01
 Reference value :  1.10587e-01
 Reference value :  1.10595e-01
 Reference value :  1.10602e-01
 Reference value :  1.10610e-01
 Reference value :  1.10617e-01
 Reference value :  1.10624e-01
 Reference value :  1.10632e-01
 Reference value :  1.10641e-01
 Reference value :  1.10649e-01
 Reference value :  1.10656e-01
 Reference value :  1.10663e-01
 Reference value :  1.10671e-01
 Reference value :  1.10678e-01
 Reference value :  1.10686e-01
 Reference value :  1.10695e-01
 Reference value :  1.10703e-01
 Reference value :  1.10710e-01
 Reference value :  1.10717e-01
 Reference value :  1.10725e-01
 Reference value :  1.10732e-01
 Reference value :  1.10739e-01
 Reference value :  1.10747e-01
 Reference value :  1.10756e-01
 Reference value :  1.10764e-01
 Reference value :  1.10771e-01
 Reference value :  1.10779e-01
 Reference value :  1.10788e-01
 Reference value :  1.10796e-01
 Reference value :  1.10803e-01
 Reference value :  1.10813e-01
 Reference value :  1.10820e-01
 Reference value :  1.10828e-01
 Reference value :  1.10835e-01
 Reference value :  1.10845e-01
 Reference value :  1.10852e-01
 Reference value :  1.10860e-01
 Reference value :  1.10869e-01
 Reference value :  1.10877e-01
 Reference value :  1.10884e-01
 Reference value :  1.10892e-01
 Reference value :  1.10899e-01
 Reference value :  1.10909e-01
 Reference value :  1.10916e-01
 Reference value :  1.10923e-01
 Reference value :  1.10931e-01
 Reference value :  1.10938e-01
 Reference value :  1.10946e-01
 Reference value :  1.10953e-01
 Reference value :  1.10960e-01
 Reference value :  1.10970e-01
 Reference value :  1.10977e-01
 Reference value :  1.10985e-01
 Reference value :  1.10992e-01
 Reference value :  1.10999e-01
 Reference value :  1.11007e-01
 Reference value :  1.11014e-01
 Reference value :  1.11021e-01
 Reference value :  1.11029e-01
 Reference value :  1.11039e-01
 Reference value :  1.11046e-01
 Reference value :  1.11053e-01
 Reference value :  1.11061e-01
 Reference value :  1.11068e-01
 Reference value :  1.11075e-01
 Reference value :  1.11085e-01
 Reference value :  1.11092e-01
 Reference value :  1.11100e-01
 Reference value :  1.11107e-01
 Reference value :  1.11115e-01
 Reference value :  1.11122e-01
 Reference value :  1.11129e-01
 Reference value :  1.11137e-01
 Reference value :  1.11146e-01
 Reference value :  1.11154e-01
 Reference value :  1.11161e-01
 Reference value :  1.11168e-01
 Reference value :  1.11176e-01
 Reference value :  1.11183e-01
 Reference value :  1.11190e-01
 Reference value :  1.11198e-01
 Reference value :  1.11205e-01
 Reference value :  1.11213e-01
 Reference value :  1.11220e-01
 Reference value :  1.11227e-01
 Reference value :  1.11237e-01
 Reference value :  1.11244e-01
 Reference value :  1.11252e-01
 Reference value :  1.11259e-01
 Reference value :  1.11266e-01
 Reference value :  1.11274e-01
 Reference value :  1.11281e-01
 Reference value :  1.11288e-01
 Reference value :  1.11296e-01
 Reference value :  1.11306e-01
 Reference value :  1.11313e-01
 Reference value :  1.11320e-01
 Reference value :  1.11328e-01
 Reference value :  1.11335e-01
 Reference value :  1.11342e-01
 Reference value :  1.11350e-01
 Reference value :  1.11357e-01
 Reference value :  1.11367e-01
 Reference value :  1.11374e-01
 Reference value :  1.11381e-01
 Reference value :  1.11389e-01
 Reference value :  1.11396e-01
 Reference value :  1.11404e-01
 Reference value :  1.11411e-01
 Reference value :  1.11419e-01
 Reference value :  1.11428e-01
 Reference value :  1.11435e-01
 Reference value :  1.11443e-01
 Reference value :  1.11450e-01
 Reference value :  1.11457e-01
 Reference value :  1.11465e-01
 Reference value :  1.11472e-01
 Reference value :  1.11482e-01
 Reference value :  1.11489e-01
 Reference value :  1.11496e-01
 Reference value :  1.11504e-01
 Reference value :  1.11511e-01
 Reference value :  1.11519e-01
 Reference value :  1.11526e-01
 Reference value :  1.11533e-01
 Reference value :  1.11541e-01
 Reference value :  1.11548e-01
 Reference value :  1.11555e-01
 Reference value :  1.11563e-01
 Reference value :  1.11570e-01
 Reference value :  1.11578e-01
 Reference value :  1.11587e-01
 Reference value :  1.11595e-01
 Reference value :  1.11600e-01
 Reference value :  1.11609e-01
 Reference value :  1.11617e-01
 Reference value :  1.11624e-01
 Reference value :  1.11631e-01
 Reference value :  1.11639e-01
 Reference value :  1.11646e-01
 Reference value :  1.11653e-01
 Reference value :  1.11661e-01
 Reference value :  1.11670e-01
 Reference value :  1.11678e-01
 Reference value :  1.11685e-01
 Reference value :  1.11693e-01
 Reference value :  1.11700e-01
 Reference value :  1.11707e-01
 Reference value :  1.11715e-01
 Reference value :  1.11724e-01
 Reference value :  1.11732e-01
 Reference value :  1.11739e-01
 Reference value :  1.11746e-01
 Reference value :  1.11754e-01
 Reference value :  1.11761e-01
 Reference value :  1.11768e-01
 Reference value :  1.11776e-01
 Reference value :  1.11783e-01
 Reference value :  1.11793e-01
 Reference value :  1.11800e-01
 Reference value :  1.11808e-01
 Reference value :  1.11815e-01
 Reference value :  1.11822e-01
 Reference value :  1.11830e-01
 Reference value :  1.11835e-01
 Reference value :  1.11842e-01
 Reference value :  1.11852e-01
 Reference value :  1.11859e-01
 Reference value :  1.11866e-01
 Reference value :  1.11874e-01
 Reference value :  1.11881e-01
 Reference value :  1.11888e-01
 Reference value :  1.11896e-01
 Reference value :  1.11903e-01
 Reference value :  1.11913e-01
 Reference value :  1.11920e-01
 Reference value :  1.11928e-01
 Reference value :  1.11935e-01
 Reference value :  1.11942e-01
 Reference value :  1.11950e-01
 Reference value :  1.11957e-01
 Reference value :  1.11964e-01
 Reference value :  1.11972e-01
 Reference value :  1.11981e-01
 Reference value :  1.11989e-01
 Reference value :  1.11996e-01
 Reference value :  1.12004e-01
 Reference value :  1.12011e-01
 Reference value :  1.12018e-01
 Reference value :  1.12026e-01
 Reference value :  1.12033e-01
 Reference value :  1.12040e-01
 Reference value :  1.12050e-01
 Reference value :  1.12057e-01
 Reference value :  1.12065e-01
 Reference value :  1.12072e-01
 Reference value :  1.12079e-01
 Reference value :  1.12087e-01
 Reference value :  1.12094e-01
 Reference value :  1.12102e-01
 Reference value :  1.12111e-01
 Reference value :  1.12116e-01
 Reference value :  1.12124e-01
 Reference value :  1.12133e-01
 Reference value :  1.12141e-01
 Reference value :  1.12148e-01
 Reference value :  1.12155e-01
 Reference value :  1.12163e-01
 Reference value :  1.12170e-01
 Reference value :  1.12177e-01
 Reference value :  1.12187e-01
 Reference value :  1.12195e-01
 Reference value :  1.12202e-01
 Reference value :  1.12209e-01
 Reference value :  1.12217e-01
 Reference value :  1.12226e-01
 Reference value :  1.12234e-01
 Reference value :  1.12241e-01
 Reference value :  1.12248e-01
 Reference value :  1.12256e-01
 Reference value :  1.12263e-01
 Reference value :  1.12270e-01
 Reference value :  1.12278e-01
 Reference value :  1.12285e-01
 Reference value :  1.12293e-01
 Reference value :  1.12300e-01
 Reference value :  1.12307e-01
 Reference value :  1.12315e-01
 Reference value :  1.12324e-01
 Reference value :  1.12332e-01
 Reference value :  1.12339e-01
 Reference value :  1.12347e-01
 Reference value :  1.12354e-01
 Reference value :  1.12361e-01
 Reference value :  1.12371e-01
 Reference value :  1.12376e-01
 Reference value :  1.12378e-01
 Reference value :  1.12383e-01
 Reference value :  1.12386e-01
 Reference value :  1.12390e-01
 Reference value :  1.12393e-01
 Reference value :  1.12398e-01
 Reference value :  1.12403e-01
 Reference value :  1.12408e-01
 Reference value :  1.12410e-01
 Reference value :  1.12415e-01
 Reference value :  1.12417e-01
 Reference value :  1.12422e-01
 Reference value :  1.12425e-01
 Reference value :  1.12429e-01
 Reference value :  1.12432e-01
 Reference value :  1.12437e-01
 Reference value :  1.12442e-01
 Reference value :  1.12446e-01
 Reference value :  1.12451e-01
 Reference value :  1.12454e-01
 Reference value :  1.12459e-01
 Reference value :  1.12461e-01
 Reference value :  1.12466e-01
 Reference value :  1.12469e-01
 Reference value :  1.12473e-01
 Reference value :  1.12476e-01
 Reference value :  1.12481e-01
 Reference value :  1.12486e-01
 Reference value :  1.12488e-01
 Reference value :  1.12491e-01
 Reference value :  1.12495e-01
 Reference value :  1.12498e-01
 Reference value :  1.12500e-01
 Reference value :  1.12505e-01
 Reference value :  1.12510e-01
 Reference value :  1.12512e-01
 Reference value :  1.12515e-01
 Reference value :  1.12520e-01
 Reference value :  1.12522e-01
 Reference value :  1.12525e-01
 Reference value :  1.12530e-01
 Reference value :  1.12532e-01
 Reference value :  1.12537e-01
 Reference value :  1.12539e-01
 Reference value :  1.12544e-01
 Reference value :  1.12547e-01
 Reference value :  1.12549e-01
 Reference value :  1.12554e-01
 Reference value :  1.12557e-01
 Reference value :  1.12561e-01
 Reference value :  1.12564e-01
 Reference value :  1.12566e-01
 Reference value :  1.12571e-01
 Reference value :  1.12574e-01
 Reference value :  1.12579e-01
 Reference value :  1.12581e-01
 Reference value :  1.12586e-01
 Reference value :  1.12588e-01
 Reference value :  1.12591e-01
 Reference value :  1.12596e-01
 Reference value :  1.12598e-01
 Reference value :  1.12603e-01
 Reference value :  1.12608e-01
 Reference value :  1.12610e-01
 Reference value :  1.12613e-01
 Reference value :  1.12618e-01
 Reference value :  1.12620e-01
 Reference value :  1.12625e-01
 Reference value :  1.12627e-01
 Reference value :  1.12632e-01
 Reference value :  1.12635e-01
 Reference value :  1.12637e-01
 Reference value :  1.12642e-01
 Reference value :  1.12645e-01
 Reference value :  1.12649e-01
 Reference value :  1.12652e-01
 Reference value :  1.12654e-01
 Reference value :  1.12659e-01
 Reference value :  1.12664e-01
 Reference value :  1.12667e-01
 Reference value :  1.12671e-01
 Reference value :  1.12674e-01
 Reference value :  1.12679e-01
 Reference value :  1.12681e-01
 Reference value :  1.12686e-01
 Reference value :  1.12689e-01
 Reference value :  1.12693e-01
 Reference value :  1.12696e-01
 Reference value :  1.12698e-01
 Reference value :  1.12703e-01
 Reference value :  1.12706e-01
 Reference value :  1.12711e-01
 Reference value :  1.12713e-01
 Reference value :  1.12716e-01
 Reference value :  1.12720e-01
 Reference value :  1.12723e-01
 Reference value :  1.12725e-01
 Reference value :  1.12730e-01
 Reference value :  1.12733e-01
 Reference value :  1.12737e-01
 Reference value :  1.12740e-01
 Reference value :  1.12743e-01
 Reference value :  1.12747e-01
 Reference value :  1.12750e-01
 Reference value :  1.12755e-01
 Reference value :  1.12757e-01
 Reference value :  1.12760e-01
 Reference value :  1.12764e-01
 Reference value :  1.12767e-01
 Reference value :  1.12770e-01
 Reference value :  1.12774e-01
 Reference value :  1.12777e-01
 Reference value :  1.12782e-01
 Reference value :  1.12784e-01
 Reference value :  1.12787e-01
 Reference value :  1.12791e-01
 Reference value :  1.12794e-01
 Reference value :  1.12799e-01
 Reference value :  1.12801e-01
 Reference value :  1.12804e-01
 Reference value :  1.12808e-01
 Reference value :  1.12811e-01
 Reference value :  1.12813e-01
 Reference value :  1.12818e-01
 Reference value :  1.12821e-01
 Reference value :  1.12823e-01
 Reference value :  1.12828e-01
 Reference value :  1.12830e-01
 Reference value :  1.12835e-01
 Reference value :  1.12838e-01
 Reference value :  1.12843e-01
 Reference value :  1.12845e-01
 Reference value :  1.12848e-01
 Reference value :  1.12852e-01
 Reference value :  1.12855e-01
 Reference value :  1.12860e-01
 Reference value :  1.12862e-01
 Reference value :  1.12865e-01
 Reference value :  1.12870e-01
 Reference value :  1.12872e-01
 Reference value :  1.12877e-01
 Reference value :  1.12879e-01
 Reference value :  1.12882e-01
 Reference value :  1.12887e-01
 Reference value :  1.12889e-01
 Reference value :  1.12894e-01
 Reference value :  1.12896e-01
 Reference value :  1.12899e-01
 Reference value :  1.12904e-01
 Reference value :  1.12906e-01
 Reference value :  1.12909e-01
 Reference value :  1.12914e-01
 Reference value :  1.12916e-01
 Reference value :  1.12921e-01
 Reference value :  1.12924e-01
 Reference value :  1.12928e-01
 Reference value :  1.12931e-01
 Reference value :  1.12936e-01
 Reference value :  1.12938e-01
 Reference value :  1.12943e-01
 Reference value :  1.12945e-01
 Reference value :  1.12950e-01
 Reference value :  1.12953e-01
 Reference value :  1.12957e-01
 Reference value :  1.12960e-01
 Reference value :  1.12963e-01
 Reference value :  1.12967e-01
 Reference value :  1.12970e-01
 Reference value :  1.12972e-01
 Reference value :  1.12977e-01
 Reference value :  1.12980e-01
 Reference value :  1.12984e-01
 Reference value :  1.12987e-01
 Reference value :  1.12992e-01
 Reference value :  1.12994e-01
 Reference value :  1.12997e-01
 Reference value :  1.13002e-01
 Reference value :  1.13004e-01
 Reference value :  1.13007e-01
 Reference value :  1.13011e-01
 Reference value :  1.13014e-01
 Reference value :  1.13019e-01
 Reference value :  1.13021e-01
 Reference value :  1.13024e-01
 Reference value :  1.13028e-01
 Reference value :  1.13031e-01
 Reference value :  1.13036e-01
 Reference value :  1.13038e-01
 Reference value :  1.13041e-01
 Reference value :  1.13046e-01
 Reference value :  1.13048e-01
 Reference value :  1.13053e-01
 Reference value :  1.13055e-01
 Reference value :  1.13058e-01
 Reference value :  1.13060e-01
 Reference value :  1.13065e-01
 Reference value :  1.13068e-01
 Reference value :  1.13072e-01
 Reference value :  1.13075e-01
 Reference value :  1.13080e-01
 Reference value :  1.13082e-01
 Reference value :  1.13085e-01
 Reference value :  1.13090e-01
 Reference value :  1.13092e-01
 Reference value :  1.13097e-01
 Reference value :  1.13099e-01
 Reference value :  1.13104e-01
 Reference value :  1.13107e-01
 Reference value :  1.13109e-01
 Reference value :  1.13114e-01
 Reference value :  1.13117e-01
 Reference value :  1.13121e-01
 Reference value :  1.13124e-01
 Reference value :  1.13126e-01
 Reference value :  1.13131e-01
 Reference value :  1.13134e-01
 Reference value :  1.13136e-01
 Reference value :  1.13141e-01
 Reference value :  1.13143e-01
 Reference value :  1.13146e-01
 Reference value :  1.13151e-01
 Reference value :  1.13153e-01
 Reference value :  1.13158e-01
 Reference value :  1.13161e-01
 Reference value :  1.13163e-01
 Reference value :  1.13168e-01
 Reference value :  1.13170e-01
 Reference value :  1.13175e-01
 Reference value :  1.13178e-01
 Reference value :  1.13183e-01
 Reference value :  1.13185e-01
 Reference value :  1.13188e-01
 Reference value :  1.13192e-01
 Reference value :  1.13195e-01
 Reference value :  1.13197e-01
 Reference value :  1.13202e-01
 Reference value :  1.13205e-01
 Reference value :  1.13207e-01
 Reference value :  1.13212e-01
 Reference value :  1.13214e-01
 Reference value :  1.13219e-01
 Reference value :  1.13222e-01
 Reference value :  1.13224e-01
 Reference value :  1.13229e-01
 Reference value :  1.13232e-01
 Reference value :  1.13234e-01
 Reference value :  1.13239e-01
 Reference value :  1.13241e-01
 Reference value :  1.13244e-01
 Reference value :  1.13249e-01
 Reference value :  1.13251e-01
 Reference value :  1.13254e-01
 Reference value :  1.13258e-01
 Reference value :  1.13261e-01
 Reference value :  1.13266e-01
 Reference value :  1.13268e-01
 Reference value :  1.13271e-01
 Reference value :  1.13275e-01
 Reference value :  1.13278e-01
 Reference value :  1.13280e-01
 Reference value :  1.13285e-01
 Reference value :  1.13288e-01
 Reference value :  1.13290e-01
 Reference value :  1.13295e-01
 Reference value :  1.13298e-01
 Reference value :  1.13302e-01
 Reference value :  1.13305e-01
 Reference value :  1.13307e-01
 Reference value :  1.13312e-01
 Reference value :  1.13315e-01
 Reference value :  1.13317e-01
 Reference value :  1.13320e-01
 Reference value :  1.13324e-01
 Reference value :  1.13327e-01
 Reference value :  1.13329e-01
 Reference value :  1.13334e-01
 Reference value :  1.13337e-01
 Reference value :  1.13339e-01
 Reference value :  1.13342e-01
 Reference value :  1.13346e-01
 Reference value :  1.13349e-01
 Reference value :  1.13351e-01
 Reference value :  1.13356e-01
 Reference value :  1.13359e-01
 Reference value :  1.13361e-01
 Reference value :  1.13364e-01
 Reference value :  1.13368e-01
 Reference value :  1.13371e-01
 Reference value :  1.13373e-01
 Reference value :  1.13376e-01
 Reference value :  1.13381e-01
 Reference value :  1.13383e-01
 Reference value :  1.13386e-01
 Reference value :  1.13390e-01
 Reference value :  1.13393e-01
 Reference value :  1.13395e-01
 Reference value :  1.13398e-01
 Reference value :  1.13403e-01
 Reference value :  1.13405e-01
 Reference value :  1.13408e-01
 Reference value :  1.13413e-01
 Reference value :  1.13415e-01
 Reference value :  1.13418e-01
 Reference value :  1.13422e-01
 Reference value :  1.13425e-01
 Reference value :  1.13427e-01
 Reference value :  1.13432e-01
 Reference value :  1.13435e-01
 Reference value :  1.13437e-01
 Reference value :  1.13442e-01
 Reference value :  1.13444e-01
 Reference value :  1.13447e-01
 Reference value :  1.13452e-01
 Reference value :  1.13454e-01
 Reference value :  1.13457e-01
 Reference value :  1.13461e-01
 Reference value :  1.13464e-01
 Reference value :  1.13466e-01
 Reference value :  1.13471e-01
 Reference value :  1.13474e-01
 Reference value :  1.13477e-01
 Reference value :  1.13481e-01
 Reference value :  1.13483e-01
 Reference value :  1.13488e-01
 Reference value :  1.13491e-01
 Reference value :  1.13493e-01
 Reference value :  1.13498e-01
 Reference value :  1.13501e-01
 Reference value :  1.13505e-01
 Reference value :  1.13508e-01
 Reference value :  1.13510e-01
 Reference value :  1.13513e-01
 Reference value :  1.13518e-01
 Reference value :  1.13520e-01
 Reference value :  1.13525e-01
 Reference value :  1.13527e-01
 Reference value :  1.13530e-01
 Reference value :  1.13535e-01
 Reference value :  1.13537e-01
 Reference value :  1.13540e-01
 Reference value :  1.13545e-01
 Reference value :  1.13547e-01
 Reference value :  1.13550e-01
 Reference value :  1.13554e-01
 Reference value :  1.13557e-01
 Reference value :  1.13559e-01
 Reference value :  1.13564e-01
 Reference value :  1.13567e-01
 Reference value :  1.13569e-01
 Reference value :  1.13572e-01
 Reference value :  1.13576e-01
 Reference value :  1.13579e-01
 Reference value :  1.13584e-01
 Reference value :  1.13586e-01
 Reference value :  1.13589e-01
 Reference value :  1.13594e-01
 Reference value :  1.13596e-01
 Reference value :  1.13601e-01
 Reference value :  1.13603e-01
 Reference value :  1.13606e-01
 Reference value :  1.13608e-01
 Reference value :  1.13613e-01
 Reference value :  1.13616e-01
 Reference value :  1.13618e-01
 Reference value :  1.13623e-01
 Reference value :  1.13625e-01
 Reference value :  1.13628e-01
 Reference value :  1.13633e-01
 Reference value :  1.13635e-01
 Reference value :  1.13638e-01
 Reference value :  1.13643e-01
 Reference value :  1.13645e-01
 Reference value :  1.13650e-01
 Reference value :  1.13652e-01
 Reference value :  1.13655e-01
 Reference value :  1.13660e-01
 Reference value :  1.13662e-01
 Reference value :  1.13665e-01
 Reference value :  1.13667e-01
 Reference value :  1.13672e-01
 Reference value :  1.13675e-01
 Reference value :  1.13679e-01
 Reference value :  1.13682e-01
 Reference value :  1.13687e-01
 Reference value :  1.13689e-01
 Reference value :  1.13692e-01
 Reference value :  1.13696e-01
 Reference value :  1.13699e-01
 Reference value :  1.13701e-01
 Reference value :  1.13706e-01
 Reference value :  1.13709e-01
 Reference value :  1.13711e-01
 Reference value :  1.13716e-01
 Reference value :  1.13718e-01
 Reference value :  1.13721e-01
 Reference value :  1.13726e-01
 Reference value :  1.13728e-01
 Reference value :  1.13733e-01
 Reference value :  1.13736e-01
 Reference value :  1.13738e-01
 Reference value :  1.13743e-01
 Reference value :  1.13745e-01
 Reference value :  1.13748e-01
 Reference value :  1.13753e-01
 Reference value :  1.13755e-01
 Reference value :  1.13760e-01
 Reference value :  1.13763e-01
 Reference value :  1.13765e-01
 Reference value :  1.13770e-01
 Reference value :  1.13772e-01
 Reference value :  1.13777e-01
 Reference value :  1.13780e-01
 Reference value :  1.13784e-01
 Reference value :  1.13787e-01
 Reference value :  1.13789e-01
 Reference value :  1.13794e-01
 Reference value :  1.13797e-01
 Reference value :  1.13799e-01
 Reference value :  1.13804e-01
 Reference value :  1.13807e-01
 Reference value :  1.13811e-01
 Reference value :  1.13814e-01
 Reference value :  1.13816e-01
 Reference value :  1.13821e-01
 Reference value :  1.13824e-01
 Reference value :  1.13829e-01
 Reference value :  1.13831e-01
 Reference value :  1.13836e-01
 Reference value :  1.13838e-01
 Reference value :  1.13843e-01
 Reference value :  1.13846e-01
 Reference value :  1.13851e-01
 Reference value :  1.13853e-01
 Reference value :  1.13856e-01
 Reference value :  1.13860e-01
 Reference value :  1.13863e-01
 Reference value :  1.13868e-01
 Reference value :  1.13870e-01
 Reference value :  1.13875e-01
 Reference value :  1.13877e-01
 Reference value :  1.13882e-01
 Reference value :  1.13885e-01
 Reference value :  1.13890e-01
 Reference value :  1.13892e-01
 Reference value :  1.13895e-01
 Reference value :  1.13899e-01
 Reference value :  1.13904e-01
 Reference value :  1.13907e-01
 Reference value :  1.13912e-01
 Reference value :  1.13914e-01
 Reference value :  1.13919e-01
 Reference value :  1.13921e-01
 Reference value :  1.13924e-01
 Reference value :  1.13929e-01
 Reference value :  1.13931e-01
 Reference value :  1.13936e-01
 Reference value :  1.13939e-01
 Reference value :  1.13941e-01
 Reference value :  1.13946e-01
 Reference value :  1.13948e-01
 Reference value :  1.13953e-01
 Reference value :  1.13956e-01
 Reference value :  1.13958e-01
 Reference value :  1.13963e-01
 Reference value :  1.13966e-01
 Reference value :  1.13970e-01
 Reference value :  1.13973e-01
 Reference value :  1.13975e-01
 Reference value :  1.13980e-01
 Reference value :  1.13983e-01
 Reference value :  1.13987e-01
 Reference value :  1.13990e-01
 Reference value :  1.13995e-01
 Reference value :  1.13997e-01
 Reference value :  1.14002e-01
 Reference value :  1.14005e-01
 Reference value :  1.14007e-01
 Reference value :  1.14012e-01
 Reference value :  1.14017e-01
 Reference value :  1.14022e-01
 Reference value :  1.14024e-01
 Reference value :  1.14029e-01
 Reference value :  1.14034e-01
 Reference value :  1.14036e-01
 Reference value :  1.14039e-01
 Reference value :  1.14044e-01
 Reference value :  1.14046e-01
 Reference value :  1.14049e-01
 Reference value :  1.14054e-01
 Reference value :  1.14058e-01
 Reference value :  1.14061e-01
 Reference value :  1.14064e-01
 Reference value :  1.14068e-01
 Reference value :  1.14071e-01
 Reference value :  1.14076e-01
 Reference value :  1.14081e-01
 Reference value :  1.14083e-01
 Reference value :  1.14088e-01
 Reference value :  1.14090e-01
 Reference value :  1.14095e-01
 Reference value :  1.14098e-01
 Reference value :  1.14103e-01
 Reference value :  1.14105e-01
 Reference value :  1.14110e-01
 Reference value :  1.14115e-01
 Reference value :  1.14120e-01
 Reference value :  1.14125e-01
 Reference value :  1.14129e-01
 Reference value :  1.14132e-01
 Reference value :  1.14137e-01
 Reference value :  1.14142e-01
 Reference value :  1.14146e-01
 Reference value :  1.14152e-01
 Reference value :  1.14159e-01
 Reference value :  1.14164e-01
 Reference value :  1.14166e-01
 Reference value :  1.14174e-01
 Reference value :  1.14181e-01
 Reference value :  1.14188e-01
 Reference value :  1.14196e-01
 Reference value :  1.14203e-01
 Reference value :  1.14210e-01
 Reference value :  1.14218e-01
 Reference value :  1.14225e-01
 Reference value :  1.14235e-01
 Reference value :  1.14242e-01
 Reference value :  1.14250e-01
 Reference value :  1.14257e-01
 Reference value :  1.14264e-01
 Reference value :  1.14272e-01
 Reference value :  1.14279e-01
 Reference value :  1.14286e-01
 Reference value :  1.14294e-01
 Reference value :  1.14303e-01
 Reference value :  1.14311e-01
 Reference value :  1.14318e-01
 Reference value :  1.14325e-01
 Reference value :  1.14333e-01
 Reference value :  1.14340e-01
 Reference value :  1.14348e-01
 Reference value :  1.14356e-01
 Reference value :  1.14365e-01
 Reference value :  1.14372e-01
 Reference value :  1.14379e-01
 Reference value :  1.14387e-01
 Reference value :  1.14394e-01
 Reference value :  1.14401e-01
 Reference value :  1.14409e-01
 Reference value :  1.14419e-01
 Reference value :  1.14426e-01
 Reference value :  1.14433e-01
 Reference value :  1.14441e-01
 Reference value :  1.14450e-01
 Reference value :  1.14458e-01
 Reference value :  1.14465e-01
 Reference value :  1.14472e-01
 Reference value :  1.14480e-01
 Reference value :  1.14487e-01
 Reference value :  1.14494e-01
 Reference value :  1.14502e-01
 Reference value :  1.14509e-01
 Reference value :  1.14516e-01
 Reference value :  1.14524e-01
 Reference value :  1.14531e-01
 Reference value :  1.14536e-01
 Reference value :  1.14546e-01
 Reference value :  1.14553e-01
 Reference value :  1.14561e-01
 Reference value :  1.14568e-01
 Reference value :  1.14575e-01
 Reference value :  1.14583e-01
 Reference value :  1.14590e-01
 Reference value :  1.14597e-01
 Reference value :  1.14605e-01
 Reference value :  1.14614e-01
 Reference value :  1.14622e-01
 Reference value :  1.14629e-01
 Reference value :  1.14637e-01
 Reference value :  1.14644e-01
 Reference value :  1.14651e-01
 Reference value :  1.14659e-01
 Reference value :  1.14666e-01
 Reference value :  1.14673e-01
 Reference value :  1.14681e-01
 Reference value :  1.14690e-01
 Reference value :  1.14698e-01
 Reference value :  1.14705e-01
 Reference value :  1.14712e-01
 Reference value :  1.14720e-01
 Reference value :  1.14727e-01
 Reference value :  1.14734e-01
 Reference value :  1.14742e-01
 Reference value :  1.14749e-01
 Reference value :  1.14757e-01
 Reference value :  1.14764e-01
 Reference value :  1.14771e-01
 Reference value :  1.14781e-01
 Reference value :  1.14788e-01
 Reference value :  1.14796e-01
 Reference value :  1.14803e-01
 Reference value :  1.14810e-01
 Reference value :  1.14818e-01
 Reference value :  1.14825e-01
 Reference value :  1.14832e-01
 Reference value :  1.14840e-01
 Reference value :  1.14847e-01
 Reference value :  1.14854e-01
 Reference value :  1.14862e-01
 Reference value :  1.14869e-01
 Reference value :  1.14879e-01
 Reference value :  1.14886e-01
 Reference value :  1.14894e-01
 Reference value :  1.14901e-01
 Reference value :  1.14908e-01
 Reference value :  1.14916e-01
 Reference value :  1.14923e-01
 Reference value :  1.14930e-01
 Reference value :  1.14938e-01
 Reference value :  1.14945e-01
 Reference value :  1.14952e-01
 Reference value :  1.14960e-01
 Reference value :  1.14969e-01
 Reference value :  1.14975e-01
 Reference value :  1.14982e-01
 Reference value :  1.14991e-01
 Reference value :  1.14998e-01
 Reference value :  1.15006e-01
 Reference value :  1.15011e-01
 Reference value :  1.15019e-01
 Reference value :  1.15028e-01
 Reference value :  1.15036e-01
 Reference value :  1.15043e-01
 Reference value :  1.15050e-01
 Reference value :  1.15058e-01
 Reference value :  1.15065e-01
 Reference value :  1.15072e-01
 Reference value :  1.15080e-01
 Reference value :  1.15089e-01
 Reference value :  1.15097e-01
 Reference value :  1.15104e-01
 Reference value :  1.15112e-01
 Reference value :  1.15119e-01
 Reference value :  1.15126e-01
 Reference value :  1.15134e-01
 Reference value :  1.15141e-01
 Reference value :  1.15151e-01
 Reference value :  1.15158e-01
 Reference value :  1.15165e-01
 Reference value :  1.15173e-01
 Reference value :  1.15180e-01
 Reference value :  1.15188e-01
 Reference value :  1.15195e-01
 Reference value :  1.15202e-01
 Reference value :  1.15210e-01
 Reference value :  1.15219e-01
 Reference value :  1.15227e-01
 Reference value :  1.15234e-01
 Reference value :  1.15241e-01
 Reference value :  1.15249e-01
 Reference value :  1.15256e-01
 Reference value :  1.15264e-01
 Reference value :  1.15273e-01
 Reference value :  1.15281e-01
 Reference value :  1.15288e-01
 Reference value :  1.15295e-01
 Reference value :  1.15303e-01
 Reference value :  1.15310e-01
 Reference value :  1.15317e-01
 Reference value :  1.15325e-01
 Reference value :  1.15334e-01
 Reference value :  1.15342e-01
 Reference value :  1.15349e-01
 Reference value :  1.15356e-01
 Reference value :  1.15364e-01
 Reference value :  1.15371e-01
 Reference value :  1.15379e-01
 Reference value :  1.15386e-01
 Reference value :  1.15393e-01
 Reference value :  1.15403e-01
 Reference value :  1.15410e-01
 Reference value :  1.15418e-01
 Reference value :  1.15425e-01
 Reference value :  1.15432e-01
 Reference value :  1.15440e-01
 Reference value :  1.15447e-01
 Reference value :  1.15457e-01
 Reference value :  1.15464e-01
 Reference value :  1.15472e-01
 Reference value :  1.15479e-01
 Reference value :  1.15486e-01
 Reference value :  1.15494e-01
 Reference value :  1.15501e-01
 Reference value :  1.15508e-01
 Reference value :  1.15518e-01
 Reference value :  1.15525e-01
 Reference value :  1.15533e-01
 Reference value :  1.15540e-01
 Reference value :  1.15548e-01
 Reference value :  1.15555e-01
 Reference value :  1.15562e-01
 Reference value :  1.15570e-01
 Reference value :  1.15577e-01
 Reference value :  1.15587e-01
 Reference value :  1.15594e-01
 Reference value :  1.15601e-01
 Reference value :  1.15609e-01
 Reference value :  1.15616e-01
 Reference value :  1.15623e-01
 Reference value :  1.15631e-01
 Reference value :  1.15638e-01
 Reference value :  1.15646e-01
 Reference value :  1.15653e-01
 Reference value :  1.15663e-01
 Reference value :  1.15670e-01
 Reference value :  1.15677e-01
 Reference value :  1.15685e-01
 Reference value :  1.15692e-01
 Reference value :  1.15699e-01
 Reference value :  1.15707e-01
 Reference value :  1.15716e-01
 Reference value :  1.15724e-01
 Reference value :  1.15731e-01
 Reference value :  1.15739e-01
 Reference value :  1.15746e-01
 Reference value :  1.15753e-01
 Reference value :  1.15761e-01
 Reference value :  1.15770e-01
 Reference value :  1.15778e-01
 Reference value :  1.15785e-01
 Reference value :  1.15792e-01
 Reference value :  1.15800e-01
 Reference value :  1.15807e-01
 Reference value :  1.15815e-01
 Reference value :  1.15822e-01
 Reference value :  1.15829e-01
 Reference value :  1.15838e-01
 Reference value :  1.15846e-01
 Reference value :  1.15854e-01
 Reference value :  1.15861e-01
 Reference value :  1.15868e-01
 Reference value :  1.15876e-01
 Reference value :  1.15883e-01
 Reference value :  1.15891e-01
 Reference value :  1.15900e-01
 Reference value :  1.15908e-01
 Reference value :  1.15915e-01
 Reference value :  1.15922e-01
 Reference value :  1.15930e-01
 Reference value :  1.15937e-01
 Reference value :  1.15944e-01
 Reference value :  1.15954e-01
 Reference value :  1.15961e-01
 Reference value :  1.15969e-01
 Reference value :  1.15976e-01
 Reference value :  1.15983e-01
 Reference value :  1.15991e-01
 Reference value :  1.15998e-01
 Reference value :  1.16006e-01
 Reference value :  1.16013e-01
 Reference value :  1.16023e-01
 Reference value :  1.16030e-01
 Reference value :  1.16037e-01
 Reference value :  1.16045e-01
 Reference value :  1.16052e-01
 Reference value :  1.16059e-01
 Reference value :  1.16069e-01
 Reference value :  1.16076e-01
 Reference value :  1.16084e-01
 Reference value :  1.16091e-01
 Reference value :  1.16099e-01
 Reference value :  1.16106e-01
 Reference value :  1.16113e-01
 Reference value :  1.16121e-01
 Reference value :  1.16128e-01
 Reference value :  1.16138e-01
 Reference value :  1.16145e-01
 Reference value :  1.16152e-01
 Reference value :  1.16160e-01
 Reference value :  1.16167e-01
 Reference value :  1.16174e-01
 Reference value :  1.16182e-01
 Reference value :  1.16189e-01
 Reference value :  1.16197e-01
 Reference value :  1.16204e-01
 Reference value :  1.16211e-01
 Reference value :  1.16219e-01
 Reference value :  1.16226e-01
 Reference value :  1.16233e-01
 Reference value :  1.16241e-01
 Reference value :  1.16248e-01
 Reference value :  1.16255e-01
 Reference value :  1.16263e-01
 Reference value :  1.16268e-01
 Reference value :  1.16275e-01
 Reference value :  1.16282e-01
 Reference value :  1.16290e-01
 Reference value :  1.16297e-01
 Reference value :  1.16304e-01
 Reference value :  1.16312e-01
 Reference value :  1.16319e-01
 Reference value :  1.16326e-01
 Reference value :  1.16334e-01
 Reference value :  1.16341e-01
 Reference value :  1.16348e-01
 Reference value :  1.16356e-01
 Reference value :  1.16363e-01
 Reference value :  1.16370e-01
 Reference value :  1.16378e-01
 Reference value :  1.16385e-01
 Reference value :  1.16393e-01
 Reference value :  1.16402e-01
 Reference value :  1.16410e-01
 Reference value :  1.16417e-01
 Reference value :  1.16424e-01
 Reference value :  1.16432e-01
 Reference value :  1.16439e-01
 Reference value :  1.16445e-01
 Reference value :  1.16451e-01
 Reference value :  1.16458e-01
 Reference value :  1.16464e-01
 Reference value :  1.16471e-01
 Reference value :  1.16479e-01
 Reference value :  1.16486e-01
 Reference value :  1.16493e-01
 Reference value :  1.16500e-01
 Reference value :  1.16508e-01
 Reference value :  1.16517e-01
 Reference value :  1.16525e-01
 Reference value :  1.16531e-01
 Reference value :  1.16539e-01
 Reference value :  1.16547e-01
 Reference value :  1.16554e-01
 Reference value :  1.16561e-01
 Reference value :  1.16569e-01
 Reference value :  1.16576e-01
 Reference value :  1.16586e-01
 Reference value :  1.16593e-01
 Reference value :  1.16601e-01
 Reference value :  1.16608e-01
 Reference value :  1.16618e-01
 Reference value :  1.16625e-01
 Reference value :  1.16633e-01
 Reference value :  1.16640e-01
 Reference value :  1.16647e-01
 Reference value :  1.16655e-01
 Reference value :  1.16662e-01
 Reference value :  1.16670e-01
 Reference value :  1.16677e-01
 Reference value :  1.16687e-01
 Reference value :  1.16694e-01
 Reference value :  1.16702e-01
 Reference value :  1.16711e-01
 Reference value :  1.16719e-01
 Reference value :  1.16726e-01
 Reference value :  1.16733e-01
 Reference value :  1.16741e-01
 Reference value :  1.16748e-01
 Reference value :  1.16758e-01
 Reference value :  1.16765e-01
 Reference value :  1.16773e-01
 Reference value :  1.16780e-01
 Reference value :  1.16787e-01
 Reference value :  1.16795e-01
 Reference value :  1.16802e-01
 Reference value :  1.16809e-01
 Reference value :  1.16817e-01
 Reference value :  1.16824e-01
 Reference value :  1.16834e-01
 Reference value :  1.16841e-01
 Reference value :  1.16849e-01
 Reference value :  1.16856e-01
 Reference value :  1.16863e-01
 Reference value :  1.16871e-01
 Reference value :  1.16878e-01
 Reference value :  1.16886e-01
 Reference value :  1.16895e-01
 Reference value :  1.16900e-01
 Reference value :  1.16908e-01
 Reference value :  1.16917e-01
 Reference value :  1.16924e-01
 Reference value :  1.16932e-01
 Reference value :  1.16939e-01
 Reference value :  1.16947e-01
 Reference value :  1.16954e-01
 Reference value :  1.16961e-01
 Reference value :  1.16969e-01
 Reference value :  1.16976e-01
 Reference value :  1.16983e-01
 Reference value :  1.16991e-01
 Reference value :  1.16998e-01
 Reference value :  1.17006e-01
 Reference value :  1.17015e-01
 Reference value :  1.17020e-01
 Reference value :  1.17027e-01
 Reference value :  1.17037e-01
 Reference value :  1.17045e-01
 Reference value :  1.17049e-01
 Reference value :  1.17057e-01
 Reference value :  1.17064e-01
 Reference value :  1.17071e-01
 Reference value :  1.17079e-01
 Reference value :  1.17086e-01
 Reference value :  1.17094e-01
 Reference value :  1.17101e-01
 Reference value :  1.17108e-01
 Reference value :  1.17116e-01
 Reference value :  1.17123e-01
 Reference value :  1.17130e-01
 Reference value :  1.17138e-01
 Reference value :  1.17145e-01
 Reference value :  1.17150e-01
 Reference value :  1.17157e-01
 Reference value :  1.17165e-01
 Reference value :  1.17172e-01
 Reference value :  1.17179e-01
 Reference value :  1.17187e-01
 Reference value :  1.17194e-01
 Reference value :  1.17201e-01
 Reference value :  1.17209e-01
 Reference value :  1.17216e-01
 Reference value :  1.17221e-01
 Reference value :  1.17228e-01
 Reference value :  1.17236e-01
 Reference value :  1.17241e-01
 Reference value :  1.17248e-01
 Reference value :  1.17255e-01
 Reference value :  1.17263e-01
 Reference value :  1.17270e-01
 Reference value :  1.17277e-01
 Reference value :  1.17285e-01
 Reference value :  1.17292e-01
 Reference value :  1.17299e-01
 Reference value :  1.17307e-01
 Reference value :  1.17314e-01
 Reference value :  1.17321e-01
 Reference value :  1.17329e-01
 Reference value :  1.17336e-01
 Reference value :  1.17343e-01
 Reference value :  1.17351e-01
 Reference value :  1.17358e-01
 Reference value :  1.17364e-01
 Reference value :  1.17371e-01
 Reference value :  1.17378e-01
 Reference value :  1.17385e-01
 Reference value :  1.17393e-01
 Reference value :  1.17400e-01
 Reference value :  1.17407e-01
 Reference value :  1.17415e-01
 Reference value :  1.17422e-01
 Reference value :  1.17429e-01
 Reference value :  1.17437e-01
 Reference value :  1.17444e-01
 Reference value :  1.17451e-01
 Reference value :  1.17459e-01
 Reference value :  1.17466e-01
 Reference value :  1.17473e-01
 Reference value :  1.17481e-01
 Reference value :  1.17488e-01
 Reference value :  1.17495e-01
 Reference value :  1.17503e-01
 Reference value :  1.17510e-01
 Reference value :  1.17517e-01
 Reference value :  1.17525e-01
 Reference value :  1.17532e-01
 Reference value :  1.17539e-01
 Reference value :  1.17547e-01
 Reference value :  1.17554e-01
 Reference value :  1.17561e-01
 Reference value :  1.17569e-01
 Reference value :  1.17576e-01
 Reference value :  1.17581e-01
 Reference value :  1.17590e-01
 Reference value :  1.17598e-01
 Reference value :  1.17606e-01
 Reference value :  1.17611e-01
 Reference value :  1.17618e-01
 Reference value :  1.17625e-01
 Reference value :  1.17632e-01
 Reference value :  1.17640e-01
 Reference value :  1.17647e-01
 Reference value :  1.17655e-01
 Reference value :  1.17662e-01
 Reference value :  1.17669e-01
 Reference value :  1.17677e-01
 Reference value :  1.17684e-01
 Reference value :  1.17691e-01
 Reference value :  1.17699e-01
 Reference value :  1.17706e-01
 Reference value :  1.17713e-01
 Reference value :  1.17721e-01
 Reference value :  1.17728e-01
 Reference value :  1.17735e-01
 Reference value :  1.17743e-01
 Reference value :  1.17750e-01
 Reference value :  1.17757e-01
 Reference value :  1.17765e-01
 Reference value :  1.17772e-01
 Reference value :  1.17779e-01
 Reference value :  1.17787e-01
 Reference value :  1.17794e-01
 Reference value :  1.17802e-01
 Reference value :  1.17811e-01
 Reference value :  1.17819e-01
 Reference value :  1.17826e-01
 Reference value :  1.17833e-01
 Reference value :  1.17841e-01
 Reference value :  1.17848e-01
 Reference value :  1.17854e-01
 Reference value :  1.17863e-01
 Reference value :  1.17870e-01
 Reference value :  1.17878e-01
 Reference value :  1.17885e-01
 Reference value :  1.17892e-01
 Reference value :  1.17900e-01
 Reference value :  1.17910e-01
 Reference value :  1.17917e-01
 Reference value :  1.17924e-01
 Reference value :  1.17932e-01
 Reference value :  1.17939e-01
 Reference value :  1.17946e-01
 Reference value :  1.17954e-01
 Reference value :  1.17961e-01
 Reference value :  1.17968e-01
 Reference value :  1.17976e-01
 Reference value :  1.17983e-01
 Reference value :  1.17991e-01
 Reference value :  1.17998e-01
 Reference value :  1.18005e-01
 Reference value :  1.18013e-01
 Reference value :  1.18020e-01
 Reference value :  1.18027e-01
 Reference value :  1.18035e-01
 Reference value :  1.18042e-01
 Reference value :  1.18049e-01
 Reference value :  1.18057e-01
 Reference value :  1.18064e-01
 Reference value :  1.18071e-01
 Reference value :  1.18079e-01
 Reference value :  1.18086e-01
 Reference value :  1.18093e-01
 Reference value :  1.18101e-01
 Reference value :  1.18110e-01
 Reference value :  1.18118e-01
 Reference value :  1.18125e-01
 Reference value :  1.18133e-01
 Reference value :  1.18140e-01
 Reference value :  1.18148e-01
 Reference value :  1.18155e-01
 Reference value :  1.18164e-01
 Reference value :  1.18170e-01
 Reference value :  1.18177e-01
 Reference value :  1.18184e-01
 Reference value :  1.18194e-01
 Reference value :  1.18201e-01
 Reference value :  1.18209e-01
 Reference value :  1.18216e-01
 Reference value :  1.18223e-01
 Reference value :  1.18231e-01
 Reference value :  1.18238e-01
 Reference value :  1.18245e-01
 Reference value :  1.18253e-01
 Reference value :  1.18260e-01
 Reference value :  1.18267e-01
 Reference value :  1.18275e-01
 Reference value :  1.18282e-01
 Reference value :  1.18289e-01
 Reference value :  1.18297e-01
 Reference value :  1.18304e-01
 Reference value :  1.18314e-01
 Reference value :  1.18321e-01
 Reference value :  1.18326e-01
 Reference value :  1.18334e-01
 Reference value :  1.18341e-01
 Reference value :  1.18351e-01
 Reference value :  1.18358e-01
 Reference value :  1.18365e-01
 Reference value :  1.18373e-01
 Reference value :  1.18378e-01
 Reference value :  1.18385e-01
 Reference value :  1.18395e-01
 Reference value :  1.18402e-01
 Reference value :  1.18409e-01
 Reference value :  1.18417e-01
 Reference value :  1.18424e-01
 Reference value :  1.18432e-01
 Reference value :  1.18439e-01
 Reference value :  1.18446e-01
 Reference value :  1.18454e-01
 Reference value :  1.18461e-01
 Reference value :  1.18468e-01
 Reference value :  1.18476e-01
 Reference value :  1.18483e-01
 Reference value :  1.18490e-01
 Reference value :  1.18498e-01
 Reference value :  1.18505e-01
 Reference value :  1.18512e-01
 Reference value :  1.18520e-01
 Reference value :  1.18527e-01
 Reference value :  1.18535e-01
 Reference value :  1.18544e-01
 Reference value :  1.18552e-01
 Reference value :  1.18559e-01
 Reference value :  1.18566e-01
 Reference value :  1.18574e-01
 Reference value :  1.18581e-01
 Reference value :  1.18588e-01
 Reference value :  1.18596e-01
 Reference value :  1.18601e-01
 Reference value :  1.18608e-01
 Reference value :  1.18615e-01
 Reference value :  1.18625e-01
 Reference value :  1.18631e-01
 Reference value :  1.18640e-01
 Reference value :  1.18647e-01
 Reference value :  1.18654e-01
 Reference value :  1.18662e-01
 Reference value :  1.18669e-01
 Reference value :  1.18676e-01
 Reference value :  1.18684e-01
 Reference value :  1.18691e-01
 Reference value :  1.18699e-01
 Reference value :  1.18706e-01
 Reference value :  1.18713e-01
 Reference value :  1.18721e-01
 Reference value :  1.18728e-01
 Reference value :  1.18735e-01
 Reference value :  1.18743e-01
 Reference value :  1.18750e-01
 Reference value :  1.18757e-01
 Reference value :  1.18765e-01
 Reference value :  1.18772e-01
 Reference value :  1.18779e-01
 Reference value :  1.18787e-01
 Reference value :  1.18794e-01
 Reference value :  1.18801e-01
 Reference value :  1.18809e-01
 Reference value :  1.18816e-01
 Reference value :  1.18823e-01
 Reference value :  1.18831e-01
 Reference value :  1.18838e-01
 Reference value :  1.18845e-01
 Reference value :  1.18853e-01
 Reference value :  1.18860e-01
 Reference value :  1.18867e-01
 Reference value :  1.18875e-01
 Reference value :  1.18882e-01
 Reference value :  1.18890e-01
 Reference value :  1.18897e-01
 Reference value :  1.18904e-01
 Reference value :  1.18912e-01
 Reference value :  1.18919e-01
 Reference value :  1.18926e-01
 Reference value :  1.18934e-01
 Reference value :  1.18941e-01
 Reference value :  1.18948e-01
 Reference value :  1.18956e-01
 Reference value :  1.18963e-01
 Reference value :  1.18970e-01
 Reference value :  1.18978e-01
 Reference value :  1.18985e-01
 Reference value :  1.18992e-01
 Reference value :  1.19000e-01
 Reference value :  1.19007e-01
 Reference value :  1.19014e-01
 Reference value :  1.19022e-01
 Reference value :  1.19029e-01
 Reference value :  1.19036e-01
 Reference value :  1.19044e-01
 Reference value :  1.19051e-01
 Reference value :  1.19059e-01
 Reference value :  1.19066e-01
 Reference value :  1.19073e-01
 Reference value :  1.19081e-01
 Reference value :  1.19088e-01
 Reference value :  1.19095e-01
 Reference value :  1.19103e-01
 Reference value :  1.19110e-01
 Reference value :  1.19117e-01
 Reference value :  1.19125e-01
 Reference value :  1.19132e-01
 Reference value :  1.19139e-01
 Reference value :  1.19147e-01
 Reference value :  1.19154e-01
 Reference value :  1.19161e-01
 Reference value :  1.19169e-01
 Reference value :  1.19176e-01
 Reference value :  1.19184e-01
 Reference value :  1.19193e-01
 Reference value :  1.19199e-01
 Reference value :  1.19208e-01
 Reference value :  1.19215e-01
 Reference value :  1.19223e-01
 Reference value :  1.19230e-01
 Reference value :  1.19237e-01
 Reference value :  1.19245e-01
 Reference value :  1.19252e-01
 Reference value :  1.19259e-01
 Reference value :  1.19267e-01
 Reference value :  1.19274e-01
 Reference value :  1.19281e-01
 Reference value :  1.19289e-01
 Reference value :  1.19296e-01
 Reference value :  1.19303e-01
 Reference value :  1.19311e-01
 Reference value :  1.19318e-01
 Reference value :  1.19325e-01
 Reference value :  1.19333e-01
 Reference value :  1.19340e-01
 Reference value :  1.19348e-01
 Reference value :  1.19355e-01
 Reference value :  1.19362e-01
 Reference value :  1.19370e-01
 Reference value :  1.19377e-01
 Reference value :  1.19384e-01
 Reference value :  1.19392e-01
 Reference value :  1.19399e-01
 Reference value :  1.19406e-01
 Reference value :  1.19414e-01
 Reference value :  1.19421e-01
 Reference value :  1.19428e-01
 Reference value :  1.19436e-01
 Reference value :  1.19443e-01
 Reference value :  1.19450e-01
 Reference value :  1.19458e-01
 Reference value :  1.19465e-01
 Reference value :  1.19472e-01
 Reference value :  1.19480e-01
 Reference value :  1.19487e-01
 Reference value :  1.19494e-01
 Reference value :  1.19502e-01
 Reference value :  1.19509e-01
 Reference value :  1.19517e-01
 Reference value :  1.19524e-01
 Reference value :  1.19531e-01
 Reference value :  1.19539e-01
 Reference value :  1.19546e-01
 Reference value :  1.19553e-01
 Reference value :  1.19561e-01
 Reference value :  1.19568e-01
 Reference value :  1.19575e-01
 Reference value :  1.19583e-01
 Reference value :  1.19590e-01
 Reference value :  1.19597e-01
 Reference value :  1.19605e-01
 Reference value :  1.19612e-01
 Reference value :  1.19619e-01
 Reference value :  1.19627e-01
 Reference value :  1.19634e-01
 Reference value :  1.19641e-01
 Reference value :  1.19649e-01
 Reference value :  1.19656e-01
 Reference value :  1.19665e-01
 Reference value :  1.19671e-01
 Reference value :  1.19678e-01
 Reference value :  1.19686e-01
 Reference value :  1.19694e-01
 Reference value :  1.19703e-01
 Reference value :  1.19710e-01
 Reference value :  1.19717e-01
 Reference value :  1.19725e-01
 Reference value :  1.19732e-01
 Reference value :  1.19739e-01
 Reference value :  1.19747e-01
 Reference value :  1.19754e-01
 Reference value :  1.19761e-01
 Reference value :  1.19769e-01
 Reference value :  1.19776e-01
 Reference value :  1.19783e-01
 Reference value :  1.19791e-01
 Reference value :  1.19798e-01
 Reference value :  1.19806e-01
 Reference value :  1.19813e-01
 Reference value :  1.19820e-01
 Reference value :  1.19828e-01
 Reference value :  1.19835e-01
 Reference value :  1.19842e-01
 Reference value :  1.19850e-01
 Reference value :  1.19857e-01
 Reference value :  1.19864e-01
 Reference value :  1.19872e-01
 Reference value :  1.19879e-01
 Reference value :  1.19886e-01
 Reference value :  1.19894e-01
 Reference value :  1.19901e-01
 Reference value :  1.19908e-01
 Reference value :  1.19916e-01
 Reference value :  1.19923e-01
 Reference value :  1.19930e-01
 Reference value :  1.19938e-01
 Reference value :  1.19945e-01
 Reference value :  1.19952e-01
 Reference value :  1.19960e-01
 Reference value :  1.19967e-01
 Reference value :  1.19975e-01
 Reference value :  1.19982e-01
 Reference value :  1.19989e-01
 Reference value :  1.19997e-01
stdout No. of Data Rows : 6985511
stdout sim_end = 1.200000e-01
stdout output_peak         =  1.26689e+01 at=  1.04348e-01
stdout output_min          =  -1.57237e-12 at=  0.00000e+00
stdout inductor_peak       =  5.62119e+00 at=  8.67289e-02
stdout inductor_min        =  -2.86598e-02 at=  3.45685e-02
stdout body_reverse_peak   =  1.34011e+01 at=  3.45686e-02
stdout input_min           =  -2.59867e-06 at=  0.00000e+00
stdout before_loss         =  1.22576e+01 from=  2.00000e-02 to=  2.40000e-02
stdout recovery            =  1.12937e+01 from=  1.15000e-01 to=  1.20000e-01
