stdout Note: gnd in a subcircuit is not set to 0 automatically
stdout Note: Compatibility modes selected: ps
stdout Circuit: ti tps54360 transient model, 12v actual compensation, vin=20.69
stdout Reducing trtol to 1 for xspice 'A' devices
stdout Doing analysis at TEMP = 27.000000 and TNOM = 27.000000
stdout Using KLU as Direct Linear Solver
stdout Operating point simulation skipped by 'uic',
stdout now using transient initial conditions.
 Reference value :  2.21553e-04
 Reference value :  5.98320e-04
 Reference value :  9.77570e-04
 Reference value :  1.35732e-03
 Reference value :  1.73882e-03
 Reference value :  2.10965e-03
 Reference value :  2.48565e-03
 Reference value :  2.86240e-03
 Reference value :  3.24190e-03
 Reference value :  3.42188e-03
 Reference value :  3.47953e-03
 Reference value :  3.53733e-03
 Reference value :  3.57618e-03
 Reference value :  3.65293e-03
 Reference value :  3.71059e-03
 Reference value :  3.74919e-03
 Reference value :  3.76907e-03
 Reference value :  3.80698e-03
 Reference value :  3.82603e-03
 Reference value :  3.84531e-03
 Reference value :  3.86516e-03
 Reference value :  3.89140e-03
 Reference value :  3.92242e-03
 Reference value :  3.94169e-03
 Reference value :  3.96102e-03
 Reference value :  3.98019e-03
 Reference value :  3.99941e-03
 Reference value :  4.01854e-03
 Reference value :  4.03785e-03
 Reference value :  4.05698e-03
 Reference value :  4.07637e-03
 Reference value :  4.09673e-03
 Reference value :  4.11598e-03
 Reference value :  4.13552e-03
 Reference value :  4.15493e-03
 Reference value :  4.19185e-03
 Reference value :  4.21114e-03
 Reference value :  4.23036e-03
 Reference value :  4.25183e-03
 Reference value :  4.28816e-03
 Reference value :  4.30760e-03
 Reference value :  4.32697e-03
 Reference value :  4.34893e-03
 Reference value :  4.36826e-03
 Reference value :  4.39319e-03
 Reference value :  4.42327e-03
 Reference value :  4.44250e-03
 Reference value :  4.46503e-03
 Reference value :  4.48446e-03
 Reference value :  4.50395e-03
 Reference value :  4.53911e-03
 Reference value :  4.55836e-03
 Reference value :  4.58138e-03
 Reference value :  4.60060e-03
 Reference value :  4.63517e-03
 Reference value :  4.65454e-03
 Reference value :  4.67378e-03
 Reference value :  4.69719e-03
 Reference value :  4.71655e-03
 Reference value :  4.75068e-03
 Reference value :  4.76987e-03
 Reference value :  4.78913e-03
 Reference value :  4.81369e-03
 Reference value :  4.83297e-03
 Reference value :  4.86567e-03
 Reference value :  4.88566e-03
 Reference value :  4.90482e-03
 Reference value :  4.92992e-03
 Reference value :  4.95423e-03
 Reference value :  4.96491e-03
 Reference value :  4.97459e-03
 Reference value :  4.98735e-03
 Reference value :  5.00347e-03
 Reference value :  5.01315e-03
 Reference value :  5.02332e-03
 Reference value :  5.03585e-03
 Reference value :  5.05175e-03
 Reference value :  5.06147e-03
 Reference value :  5.07126e-03
 Reference value :  5.08435e-03
 Reference value :  5.10014e-03
 Reference value :  5.10982e-03
 Reference value :  5.11952e-03
 Reference value :  5.13300e-03
 Reference value :  5.14852e-03
 Reference value :  5.15815e-03
 Reference value :  5.17156e-03
 Reference value :  5.18696e-03
 Reference value :  5.19664e-03
 Reference value :  5.21040e-03
 Reference value :  5.22049e-03
 Reference value :  5.23533e-03
 Reference value :  5.24514e-03
 Reference value :  5.25895e-03
 Reference value :  5.27382e-03
 Reference value :  5.28363e-03
 Reference value :  5.29329e-03
 Reference value :  5.30296e-03
 Reference value :  5.31713e-03
 Reference value :  5.33180e-03
 Reference value :  5.34156e-03
 Reference value :  5.35553e-03
 Reference value :  5.36537e-03
 Reference value :  5.37996e-03
 Reference value :  5.38984e-03
 Reference value :  5.40408e-03
 Reference value :  5.41423e-03
 Reference value :  5.42835e-03
 Reference value :  5.43795e-03
 Reference value :  5.44771e-03
 Reference value :  5.46237e-03
 Reference value :  5.47657e-03
 Reference value :  5.48630e-03
 Reference value :  5.50096e-03
 Reference value :  5.51070e-03
 Reference value :  5.52486e-03
 Reference value :  5.53981e-03
 Reference value :  5.54996e-03
 Reference value :  5.56353e-03
 Reference value :  5.57337e-03
 Reference value :  5.58853e-03
 Reference value :  5.59809e-03
 Reference value :  5.60471e-03
 Reference value :  5.61224e-03
 Reference value :  5.61720e-03
 Reference value :  5.62407e-03
 Reference value :  5.63073e-03
 Reference value :  5.63656e-03
 Reference value :  5.64336e-03
 Reference value :  5.64822e-03
 Reference value :  5.65594e-03
 Reference value :  5.66075e-03
 Reference value :  5.66750e-03
 Reference value :  5.67241e-03
 Reference value :  5.67737e-03
 Reference value :  5.68509e-03
 Reference value :  5.68997e-03
 Reference value :  5.69675e-03
 Reference value :  5.70163e-03
 Reference value :  5.70938e-03
 Reference value :  5.71441e-03
 Reference value :  5.72090e-03
 Reference value :  5.72588e-03
 Reference value :  5.73080e-03
 Reference value :  5.73591e-03
 Reference value :  5.74355e-03
 Reference value :  5.74848e-03
 Reference value :  5.75493e-03
 Reference value :  5.75985e-03
 Reference value :  5.76771e-03
 Reference value :  5.77260e-03
 Reference value :  5.77913e-03
 Reference value :  5.78403e-03
 Reference value :  5.78892e-03
 Reference value :  5.79680e-03
 Reference value :  5.80330e-03
 Reference value :  5.80823e-03
 Reference value :  5.81623e-03
 Reference value :  5.82271e-03
 Reference value :  5.82763e-03
 Reference value :  5.83563e-03
 Reference value :  5.84063e-03
 Reference value :  5.84701e-03
 Reference value :  5.85186e-03
 Reference value :  5.86004e-03
 Reference value :  5.86497e-03
 Reference value :  5.87134e-03
 Reference value :  5.87926e-03
 Reference value :  5.88427e-03
 Reference value :  5.88920e-03
 Reference value :  5.89427e-03
 Reference value :  5.90038e-03
 Reference value :  5.90861e-03
 Reference value :  5.91483e-03
 Reference value :  5.91974e-03
 Reference value :  5.92798e-03
 Reference value :  5.93279e-03
 Reference value :  5.93910e-03
 Reference value :  5.94394e-03
 Reference value :  5.95231e-03
 Reference value :  5.95707e-03
 Reference value :  5.96328e-03
 Reference value :  5.96815e-03
 Reference value :  5.97305e-03
 Reference value :  5.98151e-03
 Reference value :  5.98630e-03
 Reference value :  5.99241e-03
 Reference value :  5.99742e-03
 Reference value :  6.00415e-03
 Reference value :  6.01077e-03
 Reference value :  6.01682e-03
 Reference value :  6.02171e-03
 Reference value :  6.02681e-03
 Reference value :  6.03504e-03
 Reference value :  6.04001e-03
 Reference value :  6.04593e-03
 Reference value :  6.05079e-03
 Reference value :  6.05576e-03
 Reference value :  6.06420e-03
 Reference value :  6.06924e-03
 Reference value :  6.07497e-03
 Reference value :  6.07982e-03
 Reference value :  6.08480e-03
 Reference value :  6.09343e-03
 Reference value :  6.09907e-03
 Reference value :  6.10402e-03
 Reference value :  6.10884e-03
 Reference value :  6.11382e-03
 Reference value :  6.12234e-03
 Reference value :  6.12736e-03
 Reference value :  6.13224e-03
 Reference value :  6.13769e-03
 Reference value :  6.14276e-03
 Reference value :  6.14762e-03
 Reference value :  6.15245e-03
 Reference value :  6.15777e-03
 Reference value :  6.16624e-03
 Reference value :  6.17174e-03
 Reference value :  6.17673e-03
 Reference value :  6.18157e-03
 Reference value :  6.19052e-03
 Reference value :  6.19606e-03
 Reference value :  6.20092e-03
 Reference value :  6.20587e-03
 Reference value :  6.21496e-03
 Reference value :  6.21971e-03
 Reference value :  6.22516e-03
 Reference value :  6.23004e-03
 Reference value :  6.23915e-03
 Reference value :  6.24363e-03
 Reference value :  6.24630e-03
 Reference value :  6.24875e-03
 Reference value :  6.25339e-03
 Reference value :  6.25609e-03
 Reference value :  6.25854e-03
 Reference value :  6.26316e-03
 Reference value :  6.26589e-03
 Reference value :  6.26994e-03
 Reference value :  6.27320e-03
 Reference value :  6.27568e-03
 Reference value :  6.28033e-03
 Reference value :  6.28300e-03
 Reference value :  6.28769e-03
 Reference value :  6.29030e-03
 Reference value :  6.29277e-03
 Reference value :  6.29748e-03
 Reference value :  6.30007e-03
 Reference value :  6.30482e-03
 Reference value :  6.30739e-03
 Reference value :  6.31204e-03
 Reference value :  6.31458e-03
 Reference value :  6.31715e-03
 Reference value :  6.31965e-03
 Reference value :  6.32432e-03
 Reference value :  6.32693e-03
 Reference value :  6.32947e-03
 Reference value :  6.33413e-03
 Reference value :  6.33667e-03
 Reference value :  6.34142e-03
 Reference value :  6.34394e-03
 Reference value :  6.34650e-03
 Reference value :  6.35128e-03
 Reference value :  6.35374e-03
 Reference value :  6.35629e-03
 Reference value :  6.36095e-03
 Reference value :  6.36362e-03
 Reference value :  6.36609e-03
 Reference value :  6.37089e-03
 Reference value :  6.37344e-03
 Reference value :  6.37823e-03
 Reference value :  6.38076e-03
 Reference value :  6.38331e-03
 Reference value :  6.38801e-03
 Reference value :  6.39057e-03
 Reference value :  6.39308e-03
 Reference value :  6.39786e-03
 Reference value :  6.40036e-03
 Reference value :  6.40281e-03
 Reference value :  6.40762e-03
 Reference value :  6.41012e-03
 Reference value :  6.41278e-03
 Reference value :  6.41744e-03
 Reference value :  6.41993e-03
 Reference value :  6.42477e-03
 Reference value :  6.42726e-03
 Reference value :  6.42975e-03
 Reference value :  6.43457e-03
 Reference value :  6.43710e-03
 Reference value :  6.44195e-03
 Reference value :  6.44445e-03
 Reference value :  6.45174e-03
 Reference value :  6.45664e-03
 Reference value :  6.46168e-03
 Reference value :  6.46890e-03
 Reference value :  6.47622e-03
 Reference value :  6.48357e-03
 Reference value :  6.49093e-03
 Reference value :  6.49832e-03
 Reference value :  6.50567e-03
 Reference value :  6.51306e-03
 Reference value :  6.52040e-03
 Reference value :  6.52778e-03
 Reference value :  6.53512e-03
 Reference value :  6.54017e-03
 Reference value :  6.54740e-03
 Reference value :  6.55474e-03
 Reference value :  6.56201e-03
 Reference value :  6.56936e-03
 Reference value :  6.57665e-03
 Reference value :  6.58197e-03
 Reference value :  6.59102e-03
 Reference value :  6.59640e-03
 Reference value :  6.60395e-03
 Reference value :  6.61101e-03
 Reference value :  6.61836e-03
 Reference value :  6.62570e-03
 Reference value :  6.63305e-03
 Reference value :  6.64039e-03
 Reference value :  6.64773e-03
 Reference value :  6.65502e-03
 Reference value :  6.66239e-03
 Reference value :  6.66737e-03
 Reference value :  6.67467e-03
 Reference value :  6.68202e-03
 Reference value :  6.68936e-03
 Reference value :  6.69670e-03
 Reference value :  6.70404e-03
 Reference value :  6.71139e-03
 Reference value :  6.71872e-03
 Reference value :  6.72600e-03
 Reference value :  6.73341e-03
 Reference value :  6.73853e-03
 Reference value :  6.74583e-03
 Reference value :  6.75317e-03
 Reference value :  6.76048e-03
 Reference value :  6.76785e-03
 Reference value :  6.77511e-03
 Reference value :  6.78245e-03
 Reference value :  6.78977e-03
 Reference value :  6.79712e-03
 Reference value :  6.80444e-03
 Reference value :  6.81175e-03
 Reference value :  6.81905e-03
 Reference value :  6.82649e-03
 Reference value :  6.83382e-03
 Reference value :  6.83877e-03
 Reference value :  6.84611e-03
 Reference value :  6.85344e-03
 Reference value :  6.86078e-03
 Reference value :  6.86815e-03
 Reference value :  6.87546e-03
 Reference value :  6.88283e-03
 Reference value :  6.89016e-03
 Reference value :  6.89751e-03
 Reference value :  6.90408e-03
 Reference value :  6.90989e-03
 Reference value :  6.91726e-03
 Reference value :  6.92463e-03
 Reference value :  6.93200e-03
 Reference value :  6.93952e-03
 Reference value :  6.94902e-03
 Reference value :  6.95643e-03
 Reference value :  6.96381e-03
 Reference value :  6.97118e-03
 Reference value :  6.97854e-03
 Reference value :  6.98591e-03
 Reference value :  6.99331e-03
 Reference value :  7.00074e-03
 Reference value :  7.00823e-03
 Reference value :  7.01563e-03
 Reference value :  7.02333e-03
 Reference value :  7.03247e-03
 Reference value :  7.03991e-03
 Reference value :  7.04730e-03
 Reference value :  7.05253e-03
 Reference value :  7.06019e-03
 Reference value :  7.06700e-03
 Reference value :  7.07434e-03
 Reference value :  7.08162e-03
 Reference value :  7.08897e-03
 Reference value :  7.09629e-03
 Reference value :  7.10364e-03
 Reference value :  7.11098e-03
 Reference value :  7.11832e-03
 Reference value :  7.12567e-03
 Reference value :  7.13301e-03
 Reference value :  7.14037e-03
 Reference value :  7.14772e-03
 Reference value :  7.15506e-03
 Reference value :  7.16239e-03
 Reference value :  7.16975e-03
 Reference value :  7.17486e-03
 Reference value :  7.18445e-03
 Reference value :  7.19176e-03
 Reference value :  7.19915e-03
 Reference value :  7.20618e-03
 Reference value :  7.21208e-03
 Reference value :  7.22111e-03
 Reference value :  7.22650e-03
 Reference value :  7.23579e-03
 Reference value :  7.24091e-03
 Reference value :  7.24826e-03
 Reference value :  7.25570e-03
 Reference value :  7.26294e-03
 Reference value :  7.27050e-03
 Reference value :  7.27757e-03
 Reference value :  7.28492e-03
 Reference value :  7.29225e-03
 Reference value :  7.29961e-03
 Reference value :  7.30695e-03
 Reference value :  7.31429e-03
 Reference value :  7.32163e-03
 Reference value :  7.32898e-03
 Reference value :  7.33634e-03
 Reference value :  7.34366e-03
 Reference value :  7.35103e-03
 Reference value :  7.35836e-03
 Reference value :  7.36567e-03
 Reference value :  7.37297e-03
 Reference value :  7.37801e-03
 Reference value :  7.38541e-03
 Reference value :  7.39269e-03
 Reference value :  7.40004e-03
 Reference value :  7.40737e-03
 Reference value :  7.41472e-03
 Reference value :  7.42206e-03
 Reference value :  7.42940e-03
 Reference value :  7.43675e-03
 Reference value :  7.44408e-03
 Reference value :  7.45143e-03
 Reference value :  7.45875e-03
 Reference value :  7.46608e-03
 Reference value :  7.47346e-03
 Reference value :  7.48081e-03
 Reference value :  7.48642e-03
 Reference value :  7.49326e-03
 Reference value :  7.50044e-03
 Reference value :  7.50780e-03
 Reference value :  7.51515e-03
 Reference value :  7.52485e-03
 Reference value :  7.53224e-03
 Reference value :  7.53725e-03
 Reference value :  7.54461e-03
 Reference value :  7.55197e-03
 Reference value :  7.56164e-03
 Reference value :  7.56900e-03
 Reference value :  7.57623e-03
 Reference value :  7.58364e-03
 Reference value :  7.59102e-03
 Reference value :  7.59838e-03
 Reference value :  7.60574e-03
 Reference value :  7.61307e-03
 Reference value :  7.62044e-03
 Reference value :  7.62554e-03
 Reference value :  7.63279e-03
 Reference value :  7.64026e-03
 Reference value :  7.64982e-03
 Reference value :  7.65718e-03
 Reference value :  7.66449e-03
 Reference value :  7.67186e-03
 Reference value :  7.67920e-03
 Reference value :  7.68656e-03
 Reference value :  7.69392e-03
 Reference value :  7.70124e-03
 Reference value :  7.70861e-03
 Reference value :  7.71595e-03
 Reference value :  7.72329e-03
 Reference value :  7.73065e-03
 Reference value :  7.73798e-03
 Reference value :  7.74534e-03
 Reference value :  7.75046e-03
 Reference value :  7.75775e-03
 Reference value :  7.76729e-03
 Reference value :  7.77251e-03
 Reference value :  7.78199e-03
 Reference value :  7.78938e-03
 Reference value :  7.79670e-03
 Reference value :  7.80410e-03
 Reference value :  7.81143e-03
 Reference value :  7.81880e-03
 Reference value :  7.82616e-03
 Reference value :  7.83352e-03
 Reference value :  7.84088e-03
 Reference value :  7.84822e-03
 Reference value :  7.85558e-03
 Reference value :  7.86292e-03
 Reference value :  7.87027e-03
 Reference value :  7.87763e-03
 Reference value :  7.88497e-03
 Reference value :  7.89231e-03
 Reference value :  7.89965e-03
 Reference value :  7.90701e-03
 Reference value :  7.91436e-03
 Reference value :  7.92171e-03
 Reference value :  7.92906e-03
 Reference value :  7.93640e-03
 Reference value :  7.94376e-03
 Reference value :  7.95106e-03
 Reference value :  7.95811e-03
 Reference value :  7.96569e-03
 Reference value :  7.97311e-03
 Reference value :  7.98040e-03
 Reference value :  7.98781e-03
 Reference value :  7.99519e-03
 Reference value :  8.00253e-03
 Reference value :  8.00981e-03
 Reference value :  8.01724e-03
 Reference value :  8.02458e-03
 Reference value :  8.03193e-03
 Reference value :  8.03928e-03
 Reference value :  8.04664e-03
 Reference value :  8.05398e-03
 Reference value :  8.06133e-03
 Reference value :  8.06869e-03
 Reference value :  8.07602e-03
 Reference value :  8.08338e-03
 Reference value :  8.09073e-03
 Reference value :  8.09809e-03
 Reference value :  8.10544e-03
 Reference value :  8.11280e-03
 Reference value :  8.12013e-03
 Reference value :  8.12749e-03
 Reference value :  8.13484e-03
 Reference value :  8.14217e-03
 Reference value :  8.14954e-03
 Reference value :  8.15686e-03
 Reference value :  8.16423e-03
 Reference value :  8.17158e-03
 Reference value :  8.17892e-03
 Reference value :  8.18628e-03
 Reference value :  8.19361e-03
 Reference value :  8.20097e-03
 Reference value :  8.20830e-03
 Reference value :  8.21567e-03
 Reference value :  8.22298e-03
 Reference value :  8.23034e-03
 Reference value :  8.23769e-03
 Reference value :  8.24504e-03
 Reference value :  8.25241e-03
 Reference value :  8.25971e-03
 Reference value :  8.26708e-03
 Reference value :  8.27442e-03
 Reference value :  8.28180e-03
 Reference value :  8.28915e-03
 Reference value :  8.29646e-03
 Reference value :  8.30382e-03
 Reference value :  8.31117e-03
 Reference value :  8.31858e-03
 Reference value :  8.32587e-03
 Reference value :  8.33321e-03
 Reference value :  8.34057e-03
 Reference value :  8.34791e-03
 Reference value :  8.35523e-03
 Reference value :  8.36259e-03
 Reference value :  8.36992e-03
 Reference value :  8.37729e-03
 Reference value :  8.38462e-03
 Reference value :  8.39198e-03
 Reference value :  8.39933e-03
 Reference value :  8.40667e-03
 Reference value :  8.41403e-03
 Reference value :  8.42137e-03
 Reference value :  8.42872e-03
 Reference value :  8.43606e-03
 Reference value :  8.44341e-03
 Reference value :  8.45077e-03
 Reference value :  8.45808e-03
 Reference value :  8.46544e-03
 Reference value :  8.47278e-03
 Reference value :  8.48014e-03
 Reference value :  8.48748e-03
 Reference value :  8.49482e-03
 Reference value :  8.50218e-03
 Reference value :  8.50951e-03
 Reference value :  8.51687e-03
 Reference value :  8.52422e-03
 Reference value :  8.53157e-03
 Reference value :  8.53893e-03
 Reference value :  8.54626e-03
 Reference value :  8.55362e-03
 Reference value :  8.56097e-03
 Reference value :  8.56831e-03
 Reference value :  8.57567e-03
 Reference value :  8.58301e-03
 Reference value :  8.59037e-03
 Reference value :  8.59772e-03
 Reference value :  8.60511e-03
 Reference value :  8.61264e-03
 Reference value :  8.61974e-03
 Reference value :  8.62710e-03
 Reference value :  8.63445e-03
 Reference value :  8.64415e-03
 Reference value :  8.65146e-03
 Reference value :  8.65654e-03
 Reference value :  8.66388e-03
 Reference value :  8.67125e-03
 Reference value :  8.68094e-03
 Reference value :  8.68830e-03
 Reference value :  8.69369e-03
 Reference value :  8.70069e-03
 Reference value :  8.70810e-03
 Reference value :  8.71768e-03
 Reference value :  8.72504e-03
 Reference value :  8.73227e-03
 Reference value :  8.73970e-03
 Reference value :  8.74698e-03
 Reference value :  8.75443e-03
 Reference value :  8.76176e-03
 Reference value :  8.76912e-03
 Reference value :  8.77647e-03
 Reference value :  8.78381e-03
 Reference value :  8.79118e-03
 Reference value :  8.79849e-03
 Reference value :  8.80586e-03
 Reference value :  8.81320e-03
 Reference value :  8.82056e-03
 Reference value :  8.82793e-03
 Reference value :  8.83523e-03
 Reference value :  8.84259e-03
 Reference value :  8.84994e-03
 Reference value :  8.85727e-03
 Reference value :  8.86459e-03
 Reference value :  8.87193e-03
 Reference value :  8.87929e-03
 Reference value :  8.88662e-03
 Reference value :  8.89398e-03
 Reference value :  8.90133e-03
 Reference value :  8.90867e-03
 Reference value :  8.91603e-03
 Reference value :  8.92336e-03
 Reference value :  8.93072e-03
 Reference value :  8.93807e-03
 Reference value :  8.94541e-03
 Reference value :  8.95277e-03
 Reference value :  8.96011e-03
 Reference value :  8.96746e-03
 Reference value :  8.97481e-03
 Reference value :  8.98215e-03
 Reference value :  8.98952e-03
 Reference value :  8.99924e-03
 Reference value :  9.00659e-03
 Reference value :  9.01396e-03
 Reference value :  9.02119e-03
 Reference value :  9.02860e-03
 Reference value :  9.03597e-03
 Reference value :  9.04333e-03
 Reference value :  9.05070e-03
 Reference value :  9.05802e-03
 Reference value :  9.06538e-03
 Reference value :  9.07274e-03
 Reference value :  9.08008e-03
 Reference value :  9.08743e-03
 Reference value :  9.09477e-03
 Reference value :  9.10213e-03
 Reference value :  9.10947e-03
 Reference value :  9.11682e-03
 Reference value :  9.12418e-03
 Reference value :  9.13149e-03
 Reference value :  9.13883e-03
 Reference value :  9.14618e-03
 Reference value :  9.15353e-03
 Reference value :  9.16089e-03
 Reference value :  9.16823e-03
 Reference value :  9.17558e-03
 Reference value :  9.18292e-03
 Reference value :  9.19028e-03
 Reference value :  9.19763e-03
 Reference value :  9.20497e-03
 Reference value :  9.21233e-03
 Reference value :  9.21967e-03
 Reference value :  9.22702e-03
 Reference value :  9.23437e-03
 Reference value :  9.24171e-03
 Reference value :  9.24907e-03
 Reference value :  9.25640e-03
 Reference value :  9.26377e-03
 Reference value :  9.27112e-03
 Reference value :  9.27846e-03
 Reference value :  9.28582e-03
 Reference value :  9.29313e-03
 Reference value :  9.30048e-03
 Reference value :  9.30782e-03
 Reference value :  9.31518e-03
 Reference value :  9.32251e-03
 Reference value :  9.32987e-03
 Reference value :  9.33722e-03
 Reference value :  9.34456e-03
 Reference value :  9.35192e-03
 Reference value :  9.35926e-03
 Reference value :  9.36662e-03
 Reference value :  9.37396e-03
 Reference value :  9.38130e-03
 Reference value :  9.38866e-03
 Reference value :  9.39605e-03
 Reference value :  9.40336e-03
 Reference value :  9.41069e-03
 Reference value :  9.41812e-03
 Reference value :  9.42547e-03
 Reference value :  9.43430e-03
 Reference value :  9.44248e-03
 Reference value :  9.44985e-03
 Reference value :  9.45718e-03
 Reference value :  9.46455e-03
 Reference value :  9.47189e-03
 Reference value :  9.47924e-03
 Reference value :  9.48660e-03
 Reference value :  9.49392e-03
 Reference value :  9.50128e-03
 Reference value :  9.50863e-03
 Reference value :  9.51597e-03
 Reference value :  9.52334e-03
 Reference value :  9.53065e-03
 Reference value :  9.53800e-03
 Reference value :  9.54538e-03
 Reference value :  9.55269e-03
 Reference value :  9.56005e-03
 Reference value :  9.56740e-03
 Reference value :  9.57472e-03
 Reference value :  9.58209e-03
 Reference value :  9.58941e-03
 Reference value :  9.59678e-03
 Reference value :  9.60412e-03
 Reference value :  9.61147e-03
 Reference value :  9.61884e-03
 Reference value :  9.62615e-03
 Reference value :  9.63352e-03
 Reference value :  9.64086e-03
 Reference value :  9.64821e-03
 Reference value :  9.65557e-03
 Reference value :  9.66290e-03
 Reference value :  9.67027e-03
 Reference value :  9.67762e-03
 Reference value :  9.68496e-03
 Reference value :  9.69232e-03
 Reference value :  9.69966e-03
 Reference value :  9.70702e-03
 Reference value :  9.71436e-03
 Reference value :  9.72171e-03
 Reference value :  9.72907e-03
 Reference value :  9.73640e-03
 Reference value :  9.74376e-03
 Reference value :  9.75111e-03
 Reference value :  9.75845e-03
 Reference value :  9.76581e-03
 Reference value :  9.77315e-03
 Reference value :  9.78050e-03
 Reference value :  9.78783e-03
 Reference value :  9.79519e-03
 Reference value :  9.80250e-03
 Reference value :  9.80986e-03
 Reference value :  9.81721e-03
 Reference value :  9.82462e-03
 Reference value :  9.83197e-03
 Reference value :  9.83924e-03
 Reference value :  9.84660e-03
 Reference value :  9.85395e-03
 Reference value :  9.86137e-03
 Reference value :  9.86873e-03
 Reference value :  9.87598e-03
 Reference value :  9.88335e-03
 Reference value :  9.89069e-03
 Reference value :  9.89937e-03
 Reference value :  9.90553e-03
 Reference value :  9.91290e-03
 Reference value :  9.92009e-03
 Reference value :  9.92745e-03
 Reference value :  9.93480e-03
 Reference value :  9.94450e-03
 Reference value :  9.95181e-03
 Reference value :  9.95688e-03
 Reference value :  9.96423e-03
 Reference value :  9.97159e-03
 Reference value :  9.98128e-03
 Reference value :  9.98864e-03
 Reference value :  9.99376e-03
 Reference value :  1.00010e-02
 Reference value :  1.00085e-02
 Reference value :  1.00180e-02
 Reference value :  1.00254e-02
 Reference value :  1.00326e-02
 Reference value :  1.00400e-02
 Reference value :  1.00474e-02
 Reference value :  1.00548e-02
 Reference value :  1.00608e-02
 Reference value :  1.00671e-02
 Reference value :  1.00768e-02
 Reference value :  1.00841e-02
 Reference value :  1.00915e-02
 Reference value :  1.00988e-02
 Reference value :  1.01062e-02
 Reference value :  1.01135e-02
 Reference value :  1.01209e-02
 Reference value :  1.01282e-02
 Reference value :  1.01356e-02
 Reference value :  1.01429e-02
 Reference value :  1.01503e-02
 Reference value :  1.01576e-02
 Reference value :  1.01650e-02
 Reference value :  1.01723e-02
 Reference value :  1.01797e-02
 Reference value :  1.01870e-02
 Reference value :  1.01943e-02
 Reference value :  1.02017e-02
 Reference value :  1.02090e-02
 Reference value :  1.02164e-02
 Reference value :  1.02238e-02
 Reference value :  1.02311e-02
 Reference value :  1.02385e-02
 Reference value :  1.02458e-02
 Reference value :  1.02532e-02
 Reference value :  1.02605e-02
 Reference value :  1.02679e-02
 Reference value :  1.02753e-02
 Reference value :  1.02826e-02
 Reference value :  1.02900e-02
 Reference value :  1.02973e-02
 Reference value :  1.03047e-02
 Reference value :  1.03120e-02
 Reference value :  1.03193e-02
 Reference value :  1.03266e-02
 Reference value :  1.03340e-02
 Reference value :  1.03413e-02
 Reference value :  1.03487e-02
 Reference value :  1.03560e-02
 Reference value :  1.03635e-02
 Reference value :  1.03708e-02
 Reference value :  1.03781e-02
 Reference value :  1.03854e-02
 Reference value :  1.03928e-02
 Reference value :  1.04004e-02
 Reference value :  1.04078e-02
 Reference value :  1.04148e-02
 Reference value :  1.04222e-02
 Reference value :  1.04295e-02
 Reference value :  1.04382e-02
 Reference value :  1.04466e-02
 Reference value :  1.04539e-02
 Reference value :  1.04589e-02
 Reference value :  1.04663e-02
 Reference value :  1.04736e-02
 Reference value :  1.04833e-02
 Reference value :  1.04907e-02
 Reference value :  1.04960e-02
 Reference value :  1.05030e-02
 Reference value :  1.05104e-02
 Reference value :  1.05201e-02
 Reference value :  1.05274e-02
 Reference value :  1.05326e-02
 Reference value :  1.05398e-02
 Reference value :  1.05471e-02
 Reference value :  1.05545e-02
 Reference value :  1.05618e-02
 Reference value :  1.05706e-02
 Reference value :  1.05765e-02
 Reference value :  1.05839e-02
 Reference value :  1.05935e-02
 Reference value :  1.06009e-02
 Reference value :  1.06083e-02
 Reference value :  1.06156e-02
 Reference value :  1.06206e-02
 Reference value :  1.06279e-02
 Reference value :  1.06353e-02
 Reference value :  1.06444e-02
 Reference value :  1.06500e-02
 Reference value :  1.06574e-02
 Reference value :  1.06654e-02
 Reference value :  1.06721e-02
 Reference value :  1.06794e-02
 Reference value :  1.06866e-02
 Reference value :  1.06940e-02
 Reference value :  1.07013e-02
 Reference value :  1.07087e-02
 Reference value :  1.07160e-02
 Reference value :  1.07234e-02
 Reference value :  1.07307e-02
 Reference value :  1.07381e-02
 Reference value :  1.07454e-02
 Reference value :  1.07528e-02
 Reference value :  1.07602e-02
 Reference value :  1.07675e-02
 Reference value :  1.07761e-02
 Reference value :  1.07822e-02
 Reference value :  1.07896e-02
 Reference value :  1.07971e-02
 Reference value :  1.08043e-02
 Reference value :  1.08138e-02
 Reference value :  1.08191e-02
 Reference value :  1.08269e-02
 Reference value :  1.08339e-02
 Reference value :  1.08409e-02
 Reference value :  1.08483e-02
 Reference value :  1.08556e-02
 Reference value :  1.08630e-02
 Reference value :  1.08703e-02
 Reference value :  1.08777e-02
 Reference value :  1.08850e-02
 Reference value :  1.08924e-02
 Reference value :  1.08997e-02
 Reference value :  1.09071e-02
 Reference value :  1.09145e-02
 Reference value :  1.09218e-02
 Reference value :  1.09294e-02
 Reference value :  1.09365e-02
 Reference value :  1.09439e-02
 Reference value :  1.09512e-02
 Reference value :  1.09586e-02
 Reference value :  1.09681e-02
 Reference value :  1.09733e-02
 Reference value :  1.09828e-02
 Reference value :  1.09903e-02
 Reference value :  1.09976e-02
 Reference value :  1.10050e-02
 Reference value :  1.10123e-02
 Reference value :  1.10197e-02
 Reference value :  1.10270e-02
 Reference value :  1.10344e-02
 Reference value :  1.10417e-02
 Reference value :  1.10491e-02
 Reference value :  1.10564e-02
 Reference value :  1.10638e-02
 Reference value :  1.10712e-02
 Reference value :  1.10785e-02
 Reference value :  1.10858e-02
 Reference value :  1.10932e-02
 Reference value :  1.11005e-02
 Reference value :  1.11079e-02
 Reference value :  1.11152e-02
 Reference value :  1.11226e-02
 Reference value :  1.11299e-02
 Reference value :  1.11373e-02
 Reference value :  1.11446e-02
 Reference value :  1.11520e-02
 Reference value :  1.11593e-02
 Reference value :  1.11667e-02
 Reference value :  1.11740e-02
 Reference value :  1.11814e-02
 Reference value :  1.11887e-02
 Reference value :  1.11961e-02
 Reference value :  1.12034e-02
 Reference value :  1.12108e-02
 Reference value :  1.12181e-02
 Reference value :  1.12254e-02
 Reference value :  1.12328e-02
 Reference value :  1.12401e-02
 Reference value :  1.12475e-02
 Reference value :  1.12548e-02
 Reference value :  1.12622e-02
 Reference value :  1.12695e-02
 Reference value :  1.12769e-02
 Reference value :  1.12842e-02
 Reference value :  1.12915e-02
 Reference value :  1.12989e-02
 Reference value :  1.13062e-02
 Reference value :  1.13136e-02
 Reference value :  1.13209e-02
 Reference value :  1.13283e-02
 Reference value :  1.13356e-02
 Reference value :  1.13430e-02
 Reference value :  1.13503e-02
 Reference value :  1.13577e-02
 Reference value :  1.13650e-02
 Reference value :  1.13724e-02
 Reference value :  1.13797e-02
 Reference value :  1.13871e-02
 Reference value :  1.13944e-02
 Reference value :  1.14018e-02
 Reference value :  1.14091e-02
 Reference value :  1.14165e-02
 Reference value :  1.14238e-02
 Reference value :  1.14312e-02
 Reference value :  1.14385e-02
 Reference value :  1.14459e-02
 Reference value :  1.14532e-02
 Reference value :  1.14605e-02
 Reference value :  1.14679e-02
 Reference value :  1.14752e-02
 Reference value :  1.14826e-02
 Reference value :  1.14899e-02
 Reference value :  1.14973e-02
 Reference value :  1.15046e-02
 Reference value :  1.15120e-02
 Reference value :  1.15193e-02
 Reference value :  1.15267e-02
 Reference value :  1.15340e-02
 Reference value :  1.15413e-02
 Reference value :  1.15487e-02
 Reference value :  1.15560e-02
 Reference value :  1.15634e-02
 Reference value :  1.15708e-02
 Reference value :  1.15781e-02
 Reference value :  1.15854e-02
 Reference value :  1.15928e-02
 Reference value :  1.16002e-02
 Reference value :  1.16075e-02
 Reference value :  1.16148e-02
 Reference value :  1.16222e-02
 Reference value :  1.16295e-02
 Reference value :  1.16369e-02
 Reference value :  1.16443e-02
 Reference value :  1.16516e-02
 Reference value :  1.16589e-02
 Reference value :  1.16663e-02
 Reference value :  1.16736e-02
 Reference value :  1.16810e-02
 Reference value :  1.16883e-02
 Reference value :  1.16956e-02
 Reference value :  1.17030e-02
 Reference value :  1.17103e-02
 Reference value :  1.17177e-02
 Reference value :  1.17250e-02
 Reference value :  1.17324e-02
 Reference value :  1.17397e-02
 Reference value :  1.17471e-02
 Reference value :  1.17544e-02
 Reference value :  1.17618e-02
 Reference value :  1.17691e-02
 Reference value :  1.17765e-02
 Reference value :  1.17838e-02
 Reference value :  1.17912e-02
 Reference value :  1.17985e-02
 Reference value :  1.18059e-02
 Reference value :  1.18132e-02
 Reference value :  1.18206e-02
 Reference value :  1.18279e-02
 Reference value :  1.18353e-02
 Reference value :  1.18427e-02
 Reference value :  1.18500e-02
 Reference value :  1.18574e-02
 Reference value :  1.18647e-02
 Reference value :  1.18721e-02
 Reference value :  1.18794e-02
 Reference value :  1.18868e-02
 Reference value :  1.18944e-02
 Reference value :  1.19015e-02
 Reference value :  1.19088e-02
 Reference value :  1.19162e-02
 Reference value :  1.19235e-02
 Reference value :  1.19331e-02
 Reference value :  1.19383e-02
 Reference value :  1.19478e-02
 Reference value :  1.19552e-02
 Reference value :  1.19625e-02
 Reference value :  1.19699e-02
 Reference value :  1.19773e-02
 Reference value :  1.19846e-02
 Reference value :  1.19920e-02
 Reference value :  1.19993e-02
 Reference value :  1.20067e-02
 Reference value :  1.20140e-02
 Reference value :  1.20214e-02
 Reference value :  1.20287e-02
 Reference value :  1.20361e-02
 Reference value :  1.20434e-02
 Reference value :  1.20508e-02
 Reference value :  1.20581e-02
 Reference value :  1.20654e-02
 Reference value :  1.20728e-02
 Reference value :  1.20801e-02
 Reference value :  1.20875e-02
 Reference value :  1.20948e-02
 Reference value :  1.21022e-02
 Reference value :  1.21095e-02
 Reference value :  1.21169e-02
 Reference value :  1.21242e-02
 Reference value :  1.21316e-02
 Reference value :  1.21389e-02
 Reference value :  1.21463e-02
 Reference value :  1.21536e-02
 Reference value :  1.21610e-02
 Reference value :  1.21683e-02
 Reference value :  1.21757e-02
 Reference value :  1.21830e-02
 Reference value :  1.21904e-02
 Reference value :  1.21977e-02
 Reference value :  1.22051e-02
 Reference value :  1.22124e-02
 Reference value :  1.22198e-02
 Reference value :  1.22271e-02
 Reference value :  1.22344e-02
 Reference value :  1.22418e-02
 Reference value :  1.22492e-02
 Reference value :  1.22565e-02
 Reference value :  1.22638e-02
 Reference value :  1.22711e-02
 Reference value :  1.22763e-02
 Reference value :  1.22859e-02
 Reference value :  1.22932e-02
 Reference value :  1.23006e-02
 Reference value :  1.23079e-02
 Reference value :  1.23153e-02
 Reference value :  1.23226e-02
 Reference value :  1.23300e-02
 Reference value :  1.23373e-02
 Reference value :  1.23447e-02
 Reference value :  1.23520e-02
 Reference value :  1.23594e-02
 Reference value :  1.23668e-02
 Reference value :  1.23741e-02
 Reference value :  1.23815e-02
 Reference value :  1.23888e-02
 Reference value :  1.23962e-02
 Reference value :  1.24035e-02
 Reference value :  1.24109e-02
 Reference value :  1.24183e-02
 Reference value :  1.24256e-02
 Reference value :  1.24330e-02
 Reference value :  1.24403e-02
 Reference value :  1.24476e-02
 Reference value :  1.24550e-02
 Reference value :  1.24624e-02
 Reference value :  1.24697e-02
 Reference value :  1.24771e-02
 Reference value :  1.24845e-02
 Reference value :  1.24918e-02
 Reference value :  1.24991e-02
 Reference value :  1.25064e-02
 Reference value :  1.25138e-02
 Reference value :  1.25212e-02
 Reference value :  1.25285e-02
 Reference value :  1.25333e-02
 Reference value :  1.25382e-02
 Reference value :  1.25407e-02
 Reference value :  1.25455e-02
 Reference value :  1.25480e-02
 Reference value :  1.25505e-02
 Reference value :  1.25554e-02
 Reference value :  1.25578e-02
 Reference value :  1.25627e-02
 Reference value :  1.25652e-02
 Reference value :  1.25677e-02
 Reference value :  1.25725e-02
 Reference value :  1.25750e-02
 Reference value :  1.25798e-02
 Reference value :  1.25823e-02
 Reference value :  1.25871e-02
 Reference value :  1.25896e-02
 Reference value :  1.25921e-02
 Reference value :  1.25970e-02
 Reference value :  1.25998e-02
 Reference value :  1.26044e-02
 Reference value :  1.26068e-02
 Reference value :  1.26095e-02
 Reference value :  1.26142e-02
 Reference value :  1.26167e-02
 Reference value :  1.26215e-02
 Reference value :  1.26240e-02
 Reference value :  1.26265e-02
 Reference value :  1.26313e-02
 Reference value :  1.26338e-02
 Reference value :  1.26387e-02
 Reference value :  1.26412e-02
 Reference value :  1.26460e-02
 Reference value :  1.26508e-02
 Reference value :  1.26533e-02
 Reference value :  1.26558e-02
 Reference value :  1.26607e-02
 Reference value :  1.26632e-02
 Reference value :  1.26681e-02
 Reference value :  1.26729e-02
 Reference value :  1.26754e-02
 Reference value :  1.26802e-02
 Reference value :  1.26827e-02
 Reference value :  1.26876e-02
 Reference value :  1.26903e-02
 Reference value :  1.26950e-02
 Reference value :  1.26974e-02
 Reference value :  1.27023e-02
 Reference value :  1.27048e-02
 Reference value :  1.27095e-02
 Reference value :  1.27121e-02
 Reference value :  1.27146e-02
 Reference value :  1.27195e-02
 Reference value :  1.27220e-02
 Reference value :  1.27267e-02
 Reference value :  1.27293e-02
 Reference value :  1.27318e-02
 Reference value :  1.27367e-02
 Reference value :  1.27392e-02
 Reference value :  1.27416e-02
 Reference value :  1.27465e-02
 Reference value :  1.27489e-02
 Reference value :  1.27538e-02
 Reference value :  1.27562e-02
 Reference value :  1.27610e-02
 Reference value :  1.27636e-02
 Reference value :  1.27684e-02
 Reference value :  1.27709e-02
 Reference value :  1.27734e-02
 Reference value :  1.27782e-02
 Reference value :  1.27807e-02
 Reference value :  1.27855e-02
 Reference value :  1.27880e-02
 Reference value :  1.27928e-02
 Reference value :  1.27953e-02
 Reference value :  1.27978e-02
 Reference value :  1.28027e-02
 Reference value :  1.28052e-02
 Reference value :  1.28100e-02
 Reference value :  1.28125e-02
 Reference value :  1.28150e-02
 Reference value :  1.28198e-02
 Reference value :  1.28223e-02
 Reference value :  1.28248e-02
 Reference value :  1.28296e-02
 Reference value :  1.28321e-02
 Reference value :  1.28367e-02
 Reference value :  1.28394e-02
 Reference value :  1.28419e-02
 Reference value :  1.28466e-02
 Reference value :  1.28492e-02
 Reference value :  1.28527e-02
 Reference value :  1.28565e-02
 Reference value :  1.28590e-02
 Reference value :  1.28638e-02
 Reference value :  1.28663e-02
 Reference value :  1.28688e-02
 Reference value :  1.28736e-02
 Reference value :  1.28761e-02
 Reference value :  1.28786e-02
 Reference value :  1.28834e-02
 Reference value :  1.28858e-02
 Reference value :  1.28906e-02
 Reference value :  1.28931e-02
 Reference value :  1.28956e-02
 Reference value :  1.29005e-02
 Reference value :  1.29029e-02
 Reference value :  1.29054e-02
 Reference value :  1.29102e-02
 Reference value :  1.29127e-02
 Reference value :  1.29175e-02
 Reference value :  1.29200e-02
 Reference value :  1.29224e-02
 Reference value :  1.29272e-02
 Reference value :  1.29297e-02
 Reference value :  1.29322e-02
 Reference value :  1.29370e-02
 Reference value :  1.29395e-02
 Reference value :  1.29419e-02
 Reference value :  1.29467e-02
 Reference value :  1.29492e-02
 Reference value :  1.29517e-02
 Reference value :  1.29564e-02
 Reference value :  1.29590e-02
 Reference value :  1.29615e-02
 Reference value :  1.29663e-02
 Reference value :  1.29688e-02
 Reference value :  1.29712e-02
 Reference value :  1.29760e-02
 Reference value :  1.29786e-02
 Reference value :  1.29811e-02
 Reference value :  1.29859e-02
 Reference value :  1.29884e-02
 Reference value :  1.29908e-02
 Reference value :  1.29932e-02
 Reference value :  1.29981e-02
 Reference value :  1.30006e-02
 Reference value :  1.30031e-02
 Reference value :  1.30079e-02
 Reference value :  1.30104e-02
 Reference value :  1.30152e-02
 Reference value :  1.30177e-02
 Reference value :  1.30202e-02
 Reference value :  1.30250e-02
 Reference value :  1.30275e-02
 Reference value :  1.30300e-02
 Reference value :  1.30347e-02
 Reference value :  1.30373e-02
 Reference value :  1.30398e-02
 Reference value :  1.30446e-02
 Reference value :  1.30471e-02
 Reference value :  1.30496e-02
 Reference value :  1.30544e-02
 Reference value :  1.30569e-02
 Reference value :  1.30617e-02
 Reference value :  1.30642e-02
 Reference value :  1.30690e-02
 Reference value :  1.30716e-02
 Reference value :  1.30740e-02
 Reference value :  1.30789e-02
 Reference value :  1.30814e-02
 Reference value :  1.30862e-02
 Reference value :  1.30887e-02
 Reference value :  1.30936e-02
 Reference value :  1.30961e-02
 Reference value :  1.30986e-02
 Reference value :  1.31033e-02
 Reference value :  1.31059e-02
 Reference value :  1.31083e-02
 Reference value :  1.31131e-02
 Reference value :  1.31157e-02
 Reference value :  1.31204e-02
 Reference value :  1.31230e-02
 Reference value :  1.31254e-02
 Reference value :  1.31303e-02
 Reference value :  1.31328e-02
 Reference value :  1.31375e-02
 Reference value :  1.31400e-02
 Reference value :  1.31425e-02
 Reference value :  1.31473e-02
 Reference value :  1.31499e-02
 Reference value :  1.31527e-02
 Reference value :  1.31572e-02
 Reference value :  1.31597e-02
 Reference value :  1.31643e-02
 Reference value :  1.31669e-02
 Reference value :  1.31694e-02
 Reference value :  1.31718e-02
 Reference value :  1.31747e-02
 Reference value :  1.31791e-02
 Reference value :  1.31816e-02
 Reference value :  1.31864e-02
 Reference value :  1.31889e-02
 Reference value :  1.31915e-02
 Reference value :  1.31962e-02
 Reference value :  1.31987e-02
 Reference value :  1.32012e-02
 Reference value :  1.32058e-02
 Reference value :  1.32084e-02
 Reference value :  1.32109e-02
 Reference value :  1.32146e-02
 Reference value :  1.32182e-02
 Reference value :  1.32207e-02
 Reference value :  1.32255e-02
 Reference value :  1.32280e-02
 Reference value :  1.32305e-02
 Reference value :  1.32353e-02
 Reference value :  1.32378e-02
 Reference value :  1.32426e-02
 Reference value :  1.32451e-02
 Reference value :  1.32476e-02
 Reference value :  1.32524e-02
 Reference value :  1.32550e-02
 Reference value :  1.32575e-02
 Reference value :  1.32622e-02
 Reference value :  1.32647e-02
 Reference value :  1.32672e-02
 Reference value :  1.32720e-02
 Reference value :  1.32745e-02
 Reference value :  1.32792e-02
 Reference value :  1.32818e-02
 Reference value :  1.32843e-02
 Reference value :  1.32891e-02
 Reference value :  1.32916e-02
 Reference value :  1.32941e-02
 Reference value :  1.32989e-02
 Reference value :  1.33013e-02
 Reference value :  1.33060e-02
 Reference value :  1.33087e-02
 Reference value :  1.33112e-02
 Reference value :  1.33159e-02
 Reference value :  1.33184e-02
 Reference value :  1.33209e-02
 Reference value :  1.33257e-02
 Reference value :  1.33282e-02
 Reference value :  1.33308e-02
 Reference value :  1.33355e-02
 Reference value :  1.33380e-02
 Reference value :  1.33405e-02
 Reference value :  1.33452e-02
 Reference value :  1.33477e-02
 Reference value :  1.33525e-02
 Reference value :  1.33551e-02
 Reference value :  1.33576e-02
 Reference value :  1.33623e-02
 Reference value :  1.33648e-02
 Reference value :  1.33694e-02
 Reference value :  1.33721e-02
 Reference value :  1.33746e-02
 Reference value :  1.33794e-02
 Reference value :  1.33818e-02
 Reference value :  1.33843e-02
 Reference value :  1.33869e-02
 Reference value :  1.33917e-02
 Reference value :  1.33942e-02
 Reference value :  1.33989e-02
 Reference value :  1.34014e-02
 Reference value :  1.34040e-02
 Reference value :  1.34087e-02
 Reference value :  1.34112e-02
 Reference value :  1.34160e-02
 Reference value :  1.34185e-02
 Reference value :  1.34210e-02
 Reference value :  1.34258e-02
 Reference value :  1.34284e-02
 Reference value :  1.34309e-02
 Reference value :  1.34358e-02
 Reference value :  1.34382e-02
 Reference value :  1.34431e-02
 Reference value :  1.34456e-02
 Reference value :  1.34481e-02
 Reference value :  1.34529e-02
 Reference value :  1.34554e-02
 Reference value :  1.34600e-02
 Reference value :  1.34626e-02
 Reference value :  1.34652e-02
 Reference value :  1.34700e-02
 Reference value :  1.34725e-02
 Reference value :  1.34751e-02
 Reference value :  1.34798e-02
 Reference value :  1.34823e-02
 Reference value :  1.34848e-02
 Reference value :  1.34896e-02
 Reference value :  1.34921e-02
 Reference value :  1.34950e-02
 Reference value :  1.34994e-02
 Reference value :  1.35020e-02
 Reference value :  1.35067e-02
 Reference value :  1.35092e-02
 Reference value :  1.35139e-02
 Reference value :  1.35165e-02
 Reference value :  1.35190e-02
 Reference value :  1.35236e-02
 Reference value :  1.35264e-02
 Reference value :  1.35288e-02
 Reference value :  1.35336e-02
 Reference value :  1.35362e-02
 Reference value :  1.35409e-02
 Reference value :  1.35435e-02
 Reference value :  1.35461e-02
 Reference value :  1.35509e-02
 Reference value :  1.35533e-02
 Reference value :  1.35582e-02
 Reference value :  1.35607e-02
 Reference value :  1.35632e-02
 Reference value :  1.35680e-02
 Reference value :  1.35705e-02
 Reference value :  1.35753e-02
 Reference value :  1.35778e-02
 Reference value :  1.35824e-02
 Reference value :  1.35851e-02
 Reference value :  1.35876e-02
 Reference value :  1.35900e-02
 Reference value :  1.35949e-02
 Reference value :  1.35974e-02
 Reference value :  1.35998e-02
 Reference value :  1.36046e-02
 Reference value :  1.36071e-02
 Reference value :  1.36096e-02
 Reference value :  1.36144e-02
 Reference value :  1.36170e-02
 Reference value :  1.36194e-02
 Reference value :  1.36241e-02
 Reference value :  1.36267e-02
 Reference value :  1.36292e-02
 Reference value :  1.36340e-02
 Reference value :  1.36365e-02
 Reference value :  1.36389e-02
 Reference value :  1.36437e-02
 Reference value :  1.36462e-02
 Reference value :  1.36487e-02
 Reference value :  1.36535e-02
 Reference value :  1.36560e-02
 Reference value :  1.36585e-02
 Reference value :  1.36633e-02
 Reference value :  1.36658e-02
 Reference value :  1.36706e-02
 Reference value :  1.36730e-02
 Reference value :  1.36756e-02
 Reference value :  1.36803e-02
 Reference value :  1.36829e-02
 Reference value :  1.36875e-02
 Reference value :  1.36901e-02
 Reference value :  1.36927e-02
 Reference value :  1.36975e-02
 Reference value :  1.37000e-02
 Reference value :  1.37025e-02
 Reference value :  1.37073e-02
 Reference value :  1.37098e-02
 Reference value :  1.37123e-02
 Reference value :  1.37171e-02
 Reference value :  1.37196e-02
 Reference value :  1.37244e-02
 Reference value :  1.37269e-02
 Reference value :  1.37294e-02
 Reference value :  1.37342e-02
 Reference value :  1.37367e-02
 Reference value :  1.37393e-02
 Reference value :  1.37440e-02
 Reference value :  1.37465e-02
 Reference value :  1.37513e-02
 Reference value :  1.37538e-02
 Reference value :  1.37586e-02
 Reference value :  1.37612e-02
 Reference value :  1.37637e-02
 Reference value :  1.37685e-02
 Reference value :  1.37710e-02
 Reference value :  1.37756e-02
 Reference value :  1.37783e-02
 Reference value :  1.37808e-02
 Reference value :  1.37855e-02
 Reference value :  1.37881e-02
 Reference value :  1.37906e-02
 Reference value :  1.37954e-02
 Reference value :  1.37980e-02
 Reference value :  1.38004e-02
 Reference value :  1.38031e-02
 Reference value :  1.38077e-02
 Reference value :  1.38102e-02
 Reference value :  1.38150e-02
 Reference value :  1.38175e-02
 Reference value :  1.38201e-02
 Reference value :  1.38248e-02
 Reference value :  1.38273e-02
 Reference value :  1.38321e-02
 Reference value :  1.38346e-02
 Reference value :  1.38394e-02
 Reference value :  1.38419e-02
 Reference value :  1.38468e-02
 Reference value :  1.38493e-02
 Reference value :  1.38518e-02
 Reference value :  1.38566e-02
 Reference value :  1.38591e-02
 Reference value :  1.38640e-02
 Reference value :  1.38665e-02
 Reference value :  1.38690e-02
 Reference value :  1.38738e-02
 Reference value :  1.38763e-02
 Reference value :  1.38811e-02
 Reference value :  1.38836e-02
 Reference value :  1.38884e-02
 Reference value :  1.38909e-02
 Reference value :  1.38935e-02
 Reference value :  1.38982e-02
 Reference value :  1.39007e-02
 Reference value :  1.39055e-02
 Reference value :  1.39080e-02
 Reference value :  1.39105e-02
 Reference value :  1.39153e-02
 Reference value :  1.39178e-02
 Reference value :  1.39226e-02
 Reference value :  1.39251e-02
 Reference value :  1.39276e-02
 Reference value :  1.39324e-02
 Reference value :  1.39349e-02
 Reference value :  1.39398e-02
 Reference value :  1.39423e-02
 Reference value :  1.39471e-02
 Reference value :  1.39496e-02
 Reference value :  1.39544e-02
 Reference value :  1.39569e-02
 Reference value :  1.39599e-02
 Reference value :  1.39643e-02
 Reference value :  1.39668e-02
 Reference value :  1.39716e-02
 Reference value :  1.39741e-02
 Reference value :  1.39789e-02
 Reference value :  1.39814e-02
 Reference value :  1.39841e-02
 Reference value :  1.39888e-02
 Reference value :  1.39913e-02
 Reference value :  1.39961e-02
 Reference value :  1.39985e-02
 Reference value :  1.40010e-02
 Reference value :  1.40058e-02
 Reference value :  1.40083e-02
 Reference value :  1.40132e-02
 Reference value :  1.40156e-02
 Reference value :  1.40203e-02
 Reference value :  1.40229e-02
 Reference value :  1.40254e-02
 Reference value :  1.40303e-02
 Reference value :  1.40327e-02
 Reference value :  1.40352e-02
 Reference value :  1.40401e-02
 Reference value :  1.40426e-02
 Reference value :  1.40453e-02
 Reference value :  1.40499e-02
 Reference value :  1.40547e-02
 Reference value :  1.40572e-02
 Reference value :  1.40621e-02
 Reference value :  1.40669e-02
 Reference value :  1.40695e-02
 Reference value :  1.40743e-02
 Reference value :  1.40768e-02
 Reference value :  1.40792e-02
 Reference value :  1.40841e-02
 Reference value :  1.40890e-02
 Reference value :  1.40938e-02
 Reference value :  1.40963e-02
 Reference value :  1.41011e-02
 Reference value :  1.41036e-02
 Reference value :  1.41085e-02
 Reference value :  1.41110e-02
 Reference value :  1.41135e-02
 Reference value :  1.41183e-02
 Reference value :  1.41232e-02
 Reference value :  1.41257e-02
 Reference value :  1.41282e-02
 Reference value :  1.41330e-02
 Reference value :  1.41378e-02
 Reference value :  1.41404e-02
 Reference value :  1.41453e-02
 Reference value :  1.41477e-02
 Reference value :  1.41526e-02
 Reference value :  1.41551e-02
 Reference value :  1.41576e-02
 Reference value :  1.41624e-02
 Reference value :  1.41673e-02
 Reference value :  1.41698e-02
 Reference value :  1.41747e-02
 Reference value :  1.41796e-02
 Reference value :  1.41821e-02
 Reference value :  1.41869e-02
 Reference value :  1.41918e-02
 Reference value :  1.41944e-02
 Reference value :  1.41992e-02
 Reference value :  1.42041e-02
 Reference value :  1.42090e-02
 Reference value :  1.42163e-02
 Reference value :  1.42212e-02
 Reference value :  1.42284e-02
 Reference value :  1.42357e-02
 Reference value :  1.42434e-02
 Reference value :  1.42526e-02
 Reference value :  1.42601e-02
 Reference value :  1.42675e-02
 Reference value :  1.42772e-02
 Reference value :  1.42846e-02
 Reference value :  1.42920e-02
 Reference value :  1.43017e-02
 Reference value :  1.43091e-02
 Reference value :  1.43164e-02
 Reference value :  1.43238e-02
 Reference value :  1.43311e-02
 Reference value :  1.43385e-02
 Reference value :  1.43482e-02
 Reference value :  1.43555e-02
 Reference value :  1.43629e-02
 Reference value :  1.43703e-02
 Reference value :  1.43776e-02
 Reference value :  1.43849e-02
 Reference value :  1.43922e-02
 Reference value :  1.43996e-02
 Reference value :  1.44069e-02
 Reference value :  1.44143e-02
 Reference value :  1.44240e-02
 Reference value :  1.44303e-02
 Reference value :  1.44387e-02
 Reference value :  1.44460e-02
 Reference value :  1.44534e-02
 Reference value :  1.44607e-02
 Reference value :  1.44681e-02
 Reference value :  1.44754e-02
 Reference value :  1.44828e-02
 Reference value :  1.44902e-02
 Reference value :  1.44975e-02
 Reference value :  1.45050e-02
 Reference value :  1.45122e-02
 Reference value :  1.45196e-02
 Reference value :  1.45270e-02
 Reference value :  1.45345e-02
 Reference value :  1.45417e-02
 Reference value :  1.45492e-02
 Reference value :  1.45587e-02
 Reference value :  1.45661e-02
 Reference value :  1.45734e-02
 Reference value :  1.45808e-02
 Reference value :  1.45882e-02
 Reference value :  1.45955e-02
 Reference value :  1.46030e-02
 Reference value :  1.46102e-02
 Reference value :  1.46199e-02
 Reference value :  1.46274e-02
 Reference value :  1.46347e-02
 Reference value :  1.46420e-02
 Reference value :  1.46494e-02
 Reference value :  1.46568e-02
 Reference value :  1.46641e-02
 Reference value :  1.46715e-02
 Reference value :  1.46788e-02
 Reference value :  1.46862e-02
 Reference value :  1.46936e-02
 Reference value :  1.47010e-02
 Reference value :  1.47106e-02
 Reference value :  1.47180e-02
 Reference value :  1.47254e-02
 Reference value :  1.47327e-02
 Reference value :  1.47401e-02
 Reference value :  1.47474e-02
 Reference value :  1.47549e-02
 Reference value :  1.47621e-02
 Reference value :  1.47695e-02
 Reference value :  1.47768e-02
 Reference value :  1.47865e-02
 Reference value :  1.47940e-02
 Reference value :  1.48037e-02
 Reference value :  1.48112e-02
 Reference value :  1.48185e-02
 Reference value :  1.48259e-02
 Reference value :  1.48333e-02
 Reference value :  1.48407e-02
 Reference value :  1.48480e-02
 Reference value :  1.48554e-02
 Reference value :  1.48650e-02
 Reference value :  1.48724e-02
 Reference value :  1.48798e-02
 Reference value :  1.48871e-02
 Reference value :  1.48944e-02
 Reference value :  1.49018e-02
 Reference value :  1.49091e-02
 Reference value :  1.49167e-02
 Reference value :  1.49238e-02
 Reference value :  1.49335e-02
 Reference value :  1.49408e-02
 Reference value :  1.49482e-02
 Reference value :  1.49555e-02
 Reference value :  1.49629e-02
 Reference value :  1.49725e-02
 Reference value :  1.49799e-02
 Reference value :  1.49850e-02
 Reference value :  1.49946e-02
 Reference value :  1.50020e-02
 Reference value :  1.50094e-02
 Reference value :  1.50143e-02
 Reference value :  1.50239e-02
 Reference value :  1.50290e-02
 Reference value :  1.50365e-02
 Reference value :  1.50438e-02
 Reference value :  1.50511e-02
 Reference value :  1.50607e-02
 Reference value :  1.50681e-02
 Reference value :  1.50755e-02
 Reference value :  1.50829e-02
 Reference value :  1.50902e-02
 Reference value :  1.50976e-02
 Reference value :  1.51050e-02
 Reference value :  1.51123e-02
 Reference value :  1.51214e-02
 Reference value :  1.51271e-02
 Reference value :  1.51367e-02
 Reference value :  1.51441e-02
 Reference value :  1.51515e-02
 Reference value :  1.51588e-02
 Reference value :  1.51662e-02
 Reference value :  1.51735e-02
 Reference value :  1.51809e-02
 Reference value :  1.51882e-02
 Reference value :  1.51956e-02
 Reference value :  1.52030e-02
 Reference value :  1.52103e-02
 Reference value :  1.52177e-02
 Reference value :  1.52250e-02
 Reference value :  1.52324e-02
 Reference value :  1.52397e-02
 Reference value :  1.52471e-02
 Reference value :  1.52544e-02
 Reference value :  1.52617e-02
 Reference value :  1.52690e-02
 Reference value :  1.52764e-02
 Reference value :  1.52837e-02
 Reference value :  1.52887e-02
 Reference value :  1.52959e-02
 Reference value :  1.53033e-02
 Reference value :  1.53107e-02
 Reference value :  1.53184e-02
 Reference value :  1.53272e-02
 Reference value :  1.53351e-02
 Reference value :  1.53425e-02
 Reference value :  1.53498e-02
 Reference value :  1.53572e-02
 Reference value :  1.53645e-02
 Reference value :  1.53719e-02
 Reference value :  1.53792e-02
 Reference value :  1.53866e-02
 Reference value :  1.53963e-02
 Reference value :  1.54036e-02
 Reference value :  1.54109e-02
 Reference value :  1.54183e-02
 Reference value :  1.54257e-02
 Reference value :  1.54330e-02
 Reference value :  1.54404e-02
 Reference value :  1.54477e-02
 Reference value :  1.54551e-02
 Reference value :  1.54624e-02
 Reference value :  1.54698e-02
 Reference value :  1.54771e-02
 Reference value :  1.54845e-02
 Reference value :  1.54919e-02
 Reference value :  1.54993e-02
 Reference value :  1.55089e-02
 Reference value :  1.55163e-02
 Reference value :  1.55237e-02
 Reference value :  1.55310e-02
 Reference value :  1.55384e-02
 Reference value :  1.55449e-02
 Reference value :  1.55530e-02
 Reference value :  1.55605e-02
 Reference value :  1.55678e-02
 Reference value :  1.55752e-02
 Reference value :  1.55824e-02
 Reference value :  1.55898e-02
 Reference value :  1.55972e-02
 Reference value :  1.56046e-02
 Reference value :  1.56119e-02
 Reference value :  1.56193e-02
 Reference value :  1.56266e-02
 Reference value :  1.56340e-02
 Reference value :  1.56413e-02
 Reference value :  1.56487e-02
 Reference value :  1.56560e-02
 Reference value :  1.56635e-02
 Reference value :  1.56710e-02
 Reference value :  1.56781e-02
 Reference value :  1.56854e-02
 Reference value :  1.56929e-02
 Reference value :  1.57025e-02
 Reference value :  1.57099e-02
 Reference value :  1.57172e-02
 Reference value :  1.57246e-02
 Reference value :  1.57319e-02
 Reference value :  1.57393e-02
 Reference value :  1.57467e-02
 Reference value :  1.57540e-02
 Reference value :  1.57614e-02
 Reference value :  1.57687e-02
 Reference value :  1.57761e-02
 Reference value :  1.57834e-02
 Reference value :  1.57923e-02
 Reference value :  1.57982e-02
 Reference value :  1.58078e-02
 Reference value :  1.58152e-02
 Reference value :  1.58226e-02
 Reference value :  1.58299e-02
 Reference value :  1.58373e-02
 Reference value :  1.58446e-02
 Reference value :  1.58520e-02
 Reference value :  1.58593e-02
 Reference value :  1.58667e-02
 Reference value :  1.58740e-02
 Reference value :  1.58814e-02
 Reference value :  1.58892e-02
 Reference value :  1.58963e-02
 Reference value :  1.59058e-02
 Reference value :  1.59131e-02
 Reference value :  1.59205e-02
 Reference value :  1.59279e-02
 Reference value :  1.59352e-02
 Reference value :  1.59426e-02
 Reference value :  1.59499e-02
 Reference value :  1.59573e-02
 Reference value :  1.59646e-02
 Reference value :  1.59719e-02
 Reference value :  1.59793e-02
 Reference value :  1.59867e-02
 Reference value :  1.59964e-02
 Reference value :  1.60038e-02
 Reference value :  1.60091e-02
 Reference value :  1.60164e-02
 Reference value :  1.60257e-02
 Reference value :  1.60332e-02
 Reference value :  1.60405e-02
 Reference value :  1.60479e-02
 Reference value :  1.60552e-02
 Reference value :  1.60626e-02
 Reference value :  1.60699e-02
 Reference value :  1.60773e-02
 Reference value :  1.60846e-02
 Reference value :  1.60920e-02
 Reference value :  1.60993e-02
 Reference value :  1.61067e-02
 Reference value :  1.61140e-02
 Reference value :  1.61214e-02
 Reference value :  1.61288e-02
 Reference value :  1.61361e-02
 Reference value :  1.61458e-02
 Reference value :  1.61532e-02
 Reference value :  1.61605e-02
 Reference value :  1.61679e-02
 Reference value :  1.61752e-02
 Reference value :  1.61826e-02
 Reference value :  1.61899e-02
 Reference value :  1.61973e-02
 Reference value :  1.62046e-02
 Reference value :  1.62121e-02
 Reference value :  1.62196e-02
 Reference value :  1.62269e-02
 Reference value :  1.62364e-02
 Reference value :  1.62437e-02
 Reference value :  1.62511e-02
 Reference value :  1.62585e-02
 Reference value :  1.62658e-02
 Reference value :  1.62732e-02
 Reference value :  1.62805e-02
 Reference value :  1.62879e-02
 Reference value :  1.62952e-02
 Reference value :  1.63026e-02
 Reference value :  1.63099e-02
 Reference value :  1.63173e-02
 Reference value :  1.63252e-02
 Reference value :  1.63343e-02
 Reference value :  1.63394e-02
 Reference value :  1.63468e-02
 Reference value :  1.63549e-02
 Reference value :  1.63638e-02
 Reference value :  1.63711e-02
 Reference value :  1.63785e-02
 Reference value :  1.63858e-02
 Reference value :  1.63932e-02
 Reference value :  1.64005e-02
 Reference value :  1.64079e-02
 Reference value :  1.64152e-02
 Reference value :  1.64226e-02
 Reference value :  1.64300e-02
 Reference value :  1.64373e-02
 Reference value :  1.64447e-02
 Reference value :  1.64543e-02
 Reference value :  1.64599e-02
 Reference value :  1.64691e-02
 Reference value :  1.64764e-02
 Reference value :  1.64838e-02
 Reference value :  1.64912e-02
 Reference value :  1.64985e-02
 Reference value :  1.65059e-02
 Reference value :  1.65132e-02
 Reference value :  1.65206e-02
 Reference value :  1.65280e-02
 Reference value :  1.65353e-02
 Reference value :  1.65427e-02
 Reference value :  1.65523e-02
 Reference value :  1.65597e-02
 Reference value :  1.65671e-02
 Reference value :  1.65744e-02
 Reference value :  1.65817e-02
 Reference value :  1.65891e-02
 Reference value :  1.65964e-02
 Reference value :  1.66038e-02
 Reference value :  1.66111e-02
 Reference value :  1.66185e-02
 Reference value :  1.66259e-02
 Reference value :  1.66332e-02
 Reference value :  1.66406e-02
 Reference value :  1.66479e-02
 Reference value :  1.66576e-02
 Reference value :  1.66650e-02
 Reference value :  1.66703e-02
 Reference value :  1.66776e-02
 Reference value :  1.66870e-02
 Reference value :  1.66944e-02
 Reference value :  1.67018e-02
 Reference value :  1.67091e-02
 Reference value :  1.67165e-02
 Reference value :  1.67238e-02
 Reference value :  1.67312e-02
 Reference value :  1.67385e-02
 Reference value :  1.67459e-02
 Reference value :  1.67532e-02
 Reference value :  1.67606e-02
 Reference value :  1.67680e-02
 Reference value :  1.67753e-02
 Reference value :  1.67849e-02
 Reference value :  1.67904e-02
 Reference value :  1.67997e-02
 Reference value :  1.68071e-02
 Reference value :  1.68144e-02
 Reference value :  1.68218e-02
 Reference value :  1.68291e-02
 Reference value :  1.68365e-02
 Reference value :  1.68438e-02
 Reference value :  1.68512e-02
 Reference value :  1.68586e-02
 Reference value :  1.68659e-02
 Reference value :  1.68733e-02
 Reference value :  1.68808e-02
 Reference value :  1.68881e-02
 Reference value :  1.68976e-02
 Reference value :  1.69050e-02
 Reference value :  1.69124e-02
 Reference value :  1.69197e-02
 Reference value :  1.69271e-02
 Reference value :  1.69344e-02
 Reference value :  1.69418e-02
 Reference value :  1.69491e-02
 Reference value :  1.69565e-02
 Reference value :  1.69638e-02
 Reference value :  1.69714e-02
 Reference value :  1.69786e-02
 Reference value :  1.69860e-02
 Reference value :  1.69935e-02
 Reference value :  1.70010e-02
 Reference value :  1.70103e-02
 Reference value :  1.70176e-02
 Reference value :  1.70250e-02
 Reference value :  1.70324e-02
 Reference value :  1.70397e-02
 Reference value :  1.70471e-02
 Reference value :  1.70544e-02
 Reference value :  1.70618e-02
 Reference value :  1.70691e-02
 Reference value :  1.70765e-02
 Reference value :  1.70838e-02
 Reference value :  1.70912e-02
 Reference value :  1.70985e-02
 Reference value :  1.71059e-02
 Reference value :  1.71132e-02
 Reference value :  1.71206e-02
 Reference value :  1.71280e-02
 Reference value :  1.71353e-02
 Reference value :  1.71429e-02
 Reference value :  1.71500e-02
 Reference value :  1.71585e-02
 Reference value :  1.71646e-02
 Reference value :  1.71720e-02
 Reference value :  1.71793e-02
 Reference value :  1.71867e-02
 Reference value :  1.71940e-02
 Reference value :  1.72014e-02
 Reference value :  1.72087e-02
 Reference value :  1.72161e-02
 Reference value :  1.72235e-02
 Reference value :  1.72308e-02
 Reference value :  1.72381e-02
 Reference value :  1.72455e-02
 Reference value :  1.72529e-02
 Reference value :  1.72625e-02
 Reference value :  1.72677e-02
 Reference value :  1.72769e-02
 Reference value :  1.72845e-02
 Reference value :  1.72900e-02
 Reference value :  1.72993e-02
 Reference value :  1.73067e-02
 Reference value :  1.73140e-02
 Reference value :  1.73214e-02
 Reference value :  1.73287e-02
 Reference value :  1.73361e-02
 Reference value :  1.73434e-02
 Reference value :  1.73507e-02
 Reference value :  1.73581e-02
 Reference value :  1.73655e-02
 Reference value :  1.73728e-02
 Reference value :  1.73802e-02
 Reference value :  1.73875e-02
 Reference value :  1.73949e-02
 Reference value :  1.74022e-02
 Reference value :  1.74096e-02
 Reference value :  1.74169e-02
 Reference value :  1.74242e-02
 Reference value :  1.74316e-02
 Reference value :  1.74389e-02
 Reference value :  1.74486e-02
 Reference value :  1.74560e-02
 Reference value :  1.74611e-02
 Reference value :  1.74684e-02
 Reference value :  1.74760e-02
 Reference value :  1.74854e-02
 Reference value :  1.74916e-02
 Reference value :  1.75001e-02
 Reference value :  1.75074e-02
 Reference value :  1.75149e-02
 Reference value :  1.75222e-02
 Reference value :  1.75296e-02
 Reference value :  1.75369e-02
 Reference value :  1.75443e-02
 Reference value :  1.75516e-02
 Reference value :  1.75589e-02
 Reference value :  1.75663e-02
 Reference value :  1.75736e-02
 Reference value :  1.75811e-02
 Reference value :  1.75884e-02
 Reference value :  1.75957e-02
 Reference value :  1.76031e-02
 Reference value :  1.76104e-02
 Reference value :  1.76201e-02
 Reference value :  1.76275e-02
 Reference value :  1.76325e-02
 Reference value :  1.76399e-02
 Reference value :  1.76478e-02
 Reference value :  1.76569e-02
 Reference value :  1.76642e-02
 Reference value :  1.76716e-02
 Reference value :  1.76789e-02
 Reference value :  1.76863e-02
 Reference value :  1.76936e-02
 Reference value :  1.77010e-02
 Reference value :  1.77083e-02
 Reference value :  1.77157e-02
 Reference value :  1.77230e-02
 Reference value :  1.77304e-02
 Reference value :  1.77378e-02
 Reference value :  1.77452e-02
 Reference value :  1.77547e-02
 Reference value :  1.77599e-02
 Reference value :  1.77673e-02
 Reference value :  1.77768e-02
 Reference value :  1.77841e-02
 Reference value :  1.77897e-02
 Reference value :  1.77973e-02
 Reference value :  1.78038e-02
 Reference value :  1.78112e-02
 Reference value :  1.78185e-02
 Reference value :  1.78283e-02
 Reference value :  1.78356e-02
 Reference value :  1.78411e-02
 Reference value :  1.78480e-02
 Reference value :  1.78563e-02
 Reference value :  1.78650e-02
 Reference value :  1.78724e-02
 Reference value :  1.78797e-02
 Reference value :  1.78871e-02
 Reference value :  1.78944e-02
 Reference value :  1.79018e-02
 Reference value :  1.79091e-02
 Reference value :  1.79165e-02
 Reference value :  1.79238e-02
 Reference value :  1.79312e-02
 Reference value :  1.79385e-02
 Reference value :  1.79459e-02
 Reference value :  1.79532e-02
 Reference value :  1.79605e-02
 Reference value :  1.79679e-02
 Reference value :  1.79752e-02
 Reference value :  1.79826e-02
 Reference value :  1.79899e-02
 Reference value :  1.79973e-02
 Reference value :  1.80046e-02
 Reference value :  1.80120e-02
 Reference value :  1.80193e-02
 Reference value :  1.80267e-02
 Reference value :  1.80341e-02
 Reference value :  1.80414e-02
 Reference value :  1.80510e-02
 Reference value :  1.80563e-02
 Reference value :  1.80657e-02
 Reference value :  1.80732e-02
 Reference value :  1.80805e-02
 Reference value :  1.80879e-02
 Reference value :  1.80929e-02
 Reference value :  1.81002e-02
 Reference value :  1.81098e-02
 Reference value :  1.81152e-02
 Reference value :  1.81245e-02
 Reference value :  1.81319e-02
 Reference value :  1.81393e-02
 Reference value :  1.81467e-02
 Reference value :  1.81540e-02
 Reference value :  1.81614e-02
 Reference value :  1.81687e-02
 Reference value :  1.81761e-02
 Reference value :  1.81834e-02
 Reference value :  1.81908e-02
 Reference value :  1.81981e-02
 Reference value :  1.82055e-02
 Reference value :  1.82129e-02
 Reference value :  1.82225e-02
 Reference value :  1.82275e-02
 Reference value :  1.82349e-02
 Reference value :  1.82422e-02
 Reference value :  1.82496e-02
 Reference value :  1.82570e-02
 Reference value :  1.82643e-02
 Reference value :  1.82729e-02
 Reference value :  1.82790e-02
 Reference value :  1.82864e-02
 Reference value :  1.82960e-02
 Reference value :  1.83034e-02
 Reference value :  1.83108e-02
 Reference value :  1.83181e-02
 Reference value :  1.83255e-02
 Reference value :  1.83328e-02
 Reference value :  1.83401e-02
 Reference value :  1.83475e-02
 Reference value :  1.83548e-02
 Reference value :  1.83622e-02
 Reference value :  1.83696e-02
 Reference value :  1.83769e-02
 Reference value :  1.83843e-02
 Reference value :  1.83916e-02
 Reference value :  1.83990e-02
 Reference value :  1.84087e-02
 Reference value :  1.84137e-02
 Reference value :  1.84211e-02
 Reference value :  1.84285e-02
 Reference value :  1.84381e-02
 Reference value :  1.84455e-02
 Reference value :  1.84527e-02
 Reference value :  1.84601e-02
 Reference value :  1.84675e-02
 Reference value :  1.84749e-02
 Reference value :  1.84822e-02
 Reference value :  1.84896e-02
 Reference value :  1.84969e-02
 Reference value :  1.85043e-02
 Reference value :  1.85116e-02
 Reference value :  1.85191e-02
 Reference value :  1.85263e-02
 Reference value :  1.85337e-02
 Reference value :  1.85410e-02
 Reference value :  1.85507e-02
 Reference value :  1.85581e-02
 Reference value :  1.85632e-02
 Reference value :  1.85705e-02
 Reference value :  1.85781e-02
 Reference value :  1.85875e-02
 Reference value :  1.85949e-02
 Reference value :  1.86022e-02
 Reference value :  1.86096e-02
 Reference value :  1.86169e-02
 Reference value :  1.86243e-02
 Reference value :  1.86317e-02
 Reference value :  1.86390e-02
 Reference value :  1.86465e-02
 Reference value :  1.86561e-02
 Reference value :  1.86636e-02
 Reference value :  1.86709e-02
 Reference value :  1.86783e-02
 Reference value :  1.86858e-02
 Reference value :  1.86954e-02
 Reference value :  1.87029e-02
 Reference value :  1.87102e-02
 Reference value :  1.87176e-02
 Reference value :  1.87251e-02
 Reference value :  1.87345e-02
 Reference value :  1.87421e-02
 Reference value :  1.87495e-02
 Reference value :  1.87569e-02
 Reference value :  1.87643e-02
 Reference value :  1.87729e-02
 Reference value :  1.87814e-02
 Reference value :  1.87888e-02
 Reference value :  1.87962e-02
 Reference value :  1.88036e-02
 Reference value :  1.88112e-02
 Reference value :  1.88207e-02
 Reference value :  1.88281e-02
 Reference value :  1.88355e-02
 Reference value :  1.88429e-02
 Reference value :  1.88503e-02
 Reference value :  1.88600e-02
 Reference value :  1.88674e-02
 Reference value :  1.88748e-02
 Reference value :  1.88822e-02
 Reference value :  1.88915e-02
 Reference value :  1.88969e-02
 Reference value :  1.89043e-02
 Reference value :  1.89138e-02
 Reference value :  1.89212e-02
 Reference value :  1.89286e-02
 Reference value :  1.89360e-02
 Reference value :  1.89433e-02
 Reference value :  1.89507e-02
 Reference value :  1.89580e-02
 Reference value :  1.89654e-02
 Reference value :  1.89727e-02
 Reference value :  1.89801e-02
 Reference value :  1.89875e-02
 Reference value :  1.89948e-02
 Reference value :  1.90021e-02
 Reference value :  1.90095e-02
 Reference value :  1.90169e-02
 Reference value :  1.90242e-02
 Reference value :  1.90316e-02
 Reference value :  1.90412e-02
 Reference value :  1.90470e-02
 Reference value :  1.90559e-02
 Reference value :  1.90633e-02
 Reference value :  1.90707e-02
 Reference value :  1.90780e-02
 Reference value :  1.90854e-02
 Reference value :  1.90927e-02
 Reference value :  1.91001e-02
 Reference value :  1.91074e-02
 Reference value :  1.91148e-02
 Reference value :  1.91220e-02
 Reference value :  1.91294e-02
 Reference value :  1.91368e-02
 Reference value :  1.91441e-02
 Reference value :  1.91515e-02
 Reference value :  1.91588e-02
 Reference value :  1.91662e-02
 Reference value :  1.91735e-02
 Reference value :  1.91809e-02
 Reference value :  1.91882e-02
 Reference value :  1.91956e-02
 Reference value :  1.92030e-02
 Reference value :  1.92103e-02
 Reference value :  1.92176e-02
 Reference value :  1.92274e-02
 Reference value :  1.92347e-02
 Reference value :  1.92421e-02
 Reference value :  1.92494e-02
 Reference value :  1.92568e-02
 Reference value :  1.92620e-02
 Reference value :  1.92714e-02
 Reference value :  1.92788e-02
 Reference value :  1.92862e-02
 Reference value :  1.92935e-02
 Reference value :  1.93008e-02
 Reference value :  1.93082e-02
 Reference value :  1.93155e-02
 Reference value :  1.93229e-02
 Reference value :  1.93302e-02
 Reference value :  1.93376e-02
 Reference value :  1.93448e-02
 Reference value :  1.93504e-02
 Reference value :  1.93595e-02
 Reference value :  1.93669e-02
 Reference value :  1.93743e-02
 Reference value :  1.93815e-02
 Reference value :  1.93889e-02
 Reference value :  1.93963e-02
 Reference value :  1.94037e-02
 Reference value :  1.94110e-02
 Reference value :  1.94184e-02
 Reference value :  1.94257e-02
 Reference value :  1.94331e-02
 Reference value :  1.94404e-02
 Reference value :  1.94478e-02
 Reference value :  1.94551e-02
 Reference value :  1.94625e-02
 Reference value :  1.94698e-02
 Reference value :  1.94771e-02
 Reference value :  1.94845e-02
 Reference value :  1.94918e-02
 Reference value :  1.94992e-02
 Reference value :  1.95065e-02
 Reference value :  1.95139e-02
 Reference value :  1.95212e-02
 Reference value :  1.95286e-02
 Reference value :  1.95338e-02
 Reference value :  1.95432e-02
 Reference value :  1.95506e-02
 Reference value :  1.95580e-02
 Reference value :  1.95653e-02
 Reference value :  1.95727e-02
 Reference value :  1.95800e-02
 Reference value :  1.95874e-02
 Reference value :  1.95947e-02
 Reference value :  1.96020e-02
 Reference value :  1.96094e-02
 Reference value :  1.96167e-02
 Reference value :  1.96241e-02
 Reference value :  1.96315e-02
 Reference value :  1.96388e-02
 Reference value :  1.96461e-02
 Reference value :  1.96515e-02
 Reference value :  1.96608e-02
 Reference value :  1.96682e-02
 Reference value :  1.96736e-02
 Reference value :  1.96805e-02
 Reference value :  1.96881e-02
 Reference value :  1.96976e-02
 Reference value :  1.97049e-02
 Reference value :  1.97122e-02
 Reference value :  1.97175e-02
 Reference value :  1.97252e-02
 Reference value :  1.97343e-02
 Reference value :  1.97392e-02
 Reference value :  1.97465e-02
 Reference value :  1.97539e-02
 Reference value :  1.97612e-02
 Reference value :  1.97687e-02
 Reference value :  1.97760e-02
 Reference value :  1.97833e-02
 Reference value :  1.97907e-02
 Reference value :  1.97980e-02
 Reference value :  1.98078e-02
 Reference value :  1.98151e-02
 Reference value :  1.98224e-02
 Reference value :  1.98298e-02
 Reference value :  1.98372e-02
 Reference value :  1.98445e-02
 Reference value :  1.98519e-02
 Reference value :  1.98592e-02
 Reference value :  1.98666e-02
 Reference value :  1.98739e-02
 Reference value :  1.98813e-02
 Reference value :  1.98887e-02
 Reference value :  1.98967e-02
 Reference value :  1.99034e-02
 Reference value :  1.99130e-02
 Reference value :  1.99204e-02
 Reference value :  1.99278e-02
 Reference value :  1.99351e-02
 Reference value :  1.99425e-02
 Reference value :  1.99498e-02
 Reference value :  1.99572e-02
 Reference value :  1.99645e-02
 Reference value :  1.99720e-02
 Reference value :  1.99793e-02
 Reference value :  1.99867e-02
 Reference value :  1.99962e-02
 Reference value :  2.00036e-02
 Reference value :  2.00110e-02
 Reference value :  2.00184e-02
 Reference value :  2.00257e-02
 Reference value :  2.00331e-02
 Reference value :  2.00405e-02
 Reference value :  2.00478e-02
 Reference value :  2.00530e-02
 Reference value :  2.00622e-02
 Reference value :  2.00675e-02
 Reference value :  2.00761e-02
 Reference value :  2.00845e-02
 Reference value :  2.00919e-02
 Reference value :  2.00992e-02
 Reference value :  2.01041e-02
 Reference value :  2.01114e-02
 Reference value :  2.01188e-02
 Reference value :  2.01238e-02
 Reference value :  2.01310e-02
 Reference value :  2.01384e-02
 Reference value :  2.01457e-02
 Reference value :  2.01531e-02
 Reference value :  2.01604e-02
 Reference value :  2.01678e-02
 Reference value :  2.01751e-02
 Reference value :  2.01825e-02
 Reference value :  2.01899e-02
 Reference value :  2.01996e-02
 Reference value :  2.02045e-02
 Reference value :  2.02119e-02
 Reference value :  2.02194e-02
 Reference value :  2.02290e-02
 Reference value :  2.02340e-02
 Reference value :  2.02437e-02
 Reference value :  2.02511e-02
 Reference value :  2.02584e-02
 Reference value :  2.02658e-02
 Reference value :  2.02731e-02
 Reference value :  2.02805e-02
 Reference value :  2.02878e-02
 Reference value :  2.02952e-02
 Reference value :  2.03025e-02
 Reference value :  2.03099e-02
 Reference value :  2.03172e-02
 Reference value :  2.03246e-02
 Reference value :  2.03319e-02
 Reference value :  2.03393e-02
 Reference value :  2.03466e-02
 Reference value :  2.03491e-02
 Reference value :  2.03539e-02
 Reference value :  2.03563e-02
 Reference value :  2.03611e-02
 Reference value :  2.03637e-02
 Reference value :  2.03685e-02
 Reference value :  2.03732e-02
 Reference value :  2.03758e-02
 Reference value :  2.03783e-02
 Reference value :  2.03807e-02
 Reference value :  2.03856e-02
 Reference value :  2.03881e-02
 Reference value :  2.03929e-02
 Reference value :  2.03954e-02
 Reference value :  2.04002e-02
 Reference value :  2.04027e-02
 Reference value :  2.04051e-02
 Reference value :  2.04100e-02
 Reference value :  2.04125e-02
 Reference value :  2.04150e-02
 Reference value :  2.04198e-02
 Reference value :  2.04223e-02
 Reference value :  2.04272e-02
 Reference value :  2.04296e-02
 Reference value :  2.04345e-02
 Reference value :  2.04370e-02
 Reference value :  2.04419e-02
 Reference value :  2.04444e-02
 Reference value :  2.04469e-02
 Reference value :  2.04516e-02
 Reference value :  2.04541e-02
 Reference value :  2.04590e-02
 Reference value :  2.04615e-02
 Reference value :  2.04639e-02
 Reference value :  2.04687e-02
 Reference value :  2.04712e-02
 Reference value :  2.04737e-02
 Reference value :  2.04785e-02
 Reference value :  2.04810e-02
 Reference value :  2.04835e-02
 Reference value :  2.04883e-02
 Reference value :  2.04908e-02
 Reference value :  2.04933e-02
 Reference value :  2.04981e-02
 Reference value :  2.05006e-02
 Reference value :  2.05054e-02
 Reference value :  2.05079e-02
 Reference value :  2.05104e-02
 Reference value :  2.05152e-02
 Reference value :  2.05177e-02
 Reference value :  2.05226e-02
 Reference value :  2.05251e-02
 Reference value :  2.05299e-02
 Reference value :  2.05324e-02
 Reference value :  2.05349e-02
 Reference value :  2.05398e-02
 Reference value :  2.05422e-02
 Reference value :  2.05447e-02
 Reference value :  2.05495e-02
 Reference value :  2.05520e-02
 Reference value :  2.05569e-02
 Reference value :  2.05594e-02
 Reference value :  2.05619e-02
 Reference value :  2.05667e-02
 Reference value :  2.05692e-02
 Reference value :  2.05719e-02
 Reference value :  2.05764e-02
 Reference value :  2.05789e-02
 Reference value :  2.05838e-02
 Reference value :  2.05863e-02
 Reference value :  2.05887e-02
 Reference value :  2.05936e-02
 Reference value :  2.05961e-02
 Reference value :  2.05985e-02
 Reference value :  2.06033e-02
 Reference value :  2.06058e-02
 Reference value :  2.06083e-02
 Reference value :  2.06131e-02
 Reference value :  2.06156e-02
 Reference value :  2.06181e-02
 Reference value :  2.06228e-02
 Reference value :  2.06254e-02
 Reference value :  2.06302e-02
 Reference value :  2.06327e-02
 Reference value :  2.06352e-02
 Reference value :  2.06400e-02
 Reference value :  2.06425e-02
 Reference value :  2.06450e-02
 Reference value :  2.06498e-02
 Reference value :  2.06523e-02
 Reference value :  2.06547e-02
 Reference value :  2.06593e-02
 Reference value :  2.06620e-02
 Reference value :  2.06645e-02
 Reference value :  2.06691e-02
 Reference value :  2.06718e-02
 Reference value :  2.06743e-02
 Reference value :  2.06767e-02
 Reference value :  2.06815e-02
 Reference value :  2.06839e-02
 Reference value :  2.06865e-02
 Reference value :  2.06913e-02
 Reference value :  2.06938e-02
 Reference value :  2.06983e-02
 Reference value :  2.07011e-02
 Reference value :  2.07036e-02
 Reference value :  2.07062e-02
 Reference value :  2.07109e-02
 Reference value :  2.07134e-02
 Reference value :  2.07160e-02
 Reference value :  2.07207e-02
 Reference value :  2.07233e-02
 Reference value :  2.07281e-02
 Reference value :  2.07305e-02
 Reference value :  2.07330e-02
 Reference value :  2.07378e-02
 Reference value :  2.07403e-02
 Reference value :  2.07428e-02
 Reference value :  2.07454e-02
 Reference value :  2.07500e-02
 Reference value :  2.07525e-02
 Reference value :  2.07550e-02
 Reference value :  2.07598e-02
 Reference value :  2.07623e-02
 Reference value :  2.07648e-02
 Reference value :  2.07695e-02
 Reference value :  2.07721e-02
 Reference value :  2.07746e-02
 Reference value :  2.07793e-02
 Reference value :  2.07818e-02
 Reference value :  2.07843e-02
 Reference value :  2.07891e-02
 Reference value :  2.07916e-02
 Reference value :  2.07941e-02
 Reference value :  2.07988e-02
 Reference value :  2.08014e-02
 Reference value :  2.08062e-02
 Reference value :  2.08088e-02
 Reference value :  2.08135e-02
 Reference value :  2.08161e-02
 Reference value :  2.08186e-02
 Reference value :  2.08234e-02
 Reference value :  2.08259e-02
 Reference value :  2.08283e-02
 Reference value :  2.08330e-02
 Reference value :  2.08356e-02
 Reference value :  2.08381e-02
 Reference value :  2.08407e-02
 Reference value :  2.08454e-02
 Reference value :  2.08479e-02
 Reference value :  2.08504e-02
 Reference value :  2.08552e-02
 Reference value :  2.08577e-02
 Reference value :  2.08603e-02
 Reference value :  2.08650e-02
 Reference value :  2.08675e-02
 Reference value :  2.08700e-02
 Reference value :  2.08748e-02
 Reference value :  2.08773e-02
 Reference value :  2.08820e-02
 Reference value :  2.08845e-02
 Reference value :  2.08870e-02
 Reference value :  2.08895e-02
 Reference value :  2.08920e-02
 Reference value :  2.08944e-02
 Reference value :  2.08990e-02
 Reference value :  2.09016e-02
 Reference value :  2.09041e-02
 Reference value :  2.09066e-02
 Reference value :  2.09090e-02
 Reference value :  2.09137e-02
 Reference value :  2.09161e-02
 Reference value :  2.09187e-02
 Reference value :  2.09212e-02
 Reference value :  2.09237e-02
 Reference value :  2.09261e-02
 Reference value :  2.09286e-02
 Reference value :  2.09310e-02
 Reference value :  2.09335e-02
 Reference value :  2.09359e-02
 Reference value :  2.09384e-02
 Reference value :  2.09408e-02
 Reference value :  2.09433e-02
 Reference value :  2.09457e-02
 Reference value :  2.09481e-02
 Reference value :  2.09505e-02
 Reference value :  2.09531e-02
 Reference value :  2.09555e-02
 Reference value :  2.09592e-02
 Reference value :  2.09627e-02
 Reference value :  2.09652e-02
 Reference value :  2.09677e-02
 Reference value :  2.09703e-02
 Reference value :  2.09749e-02
 Reference value :  2.09775e-02
 Reference value :  2.09799e-02
 Reference value :  2.09846e-02
 Reference value :  2.09871e-02
 Reference value :  2.09897e-02
 Reference value :  2.09922e-02
 Reference value :  2.09969e-02
 Reference value :  2.09994e-02
 Reference value :  2.10019e-02
 Reference value :  2.10065e-02
 Reference value :  2.10091e-02
 Reference value :  2.10116e-02
 Reference value :  2.10141e-02
 Reference value :  2.10166e-02
 Reference value :  2.10213e-02
 Reference value :  2.10238e-02
 Reference value :  2.10263e-02
 Reference value :  2.10288e-02
 Reference value :  2.10313e-02
 Reference value :  2.10359e-02
 Reference value :  2.10385e-02
 Reference value :  2.10410e-02
 Reference value :  2.10435e-02
 Reference value :  2.10461e-02
 Reference value :  2.10507e-02
 Reference value :  2.10532e-02
 Reference value :  2.10558e-02
 Reference value :  2.10605e-02
 Reference value :  2.10630e-02
 Reference value :  2.10655e-02
 Reference value :  2.10681e-02
 Reference value :  2.10706e-02
 Reference value :  2.10752e-02
 Reference value :  2.10777e-02
 Reference value :  2.10803e-02
 Reference value :  2.10829e-02
 Reference value :  2.10875e-02
 Reference value :  2.10901e-02
 Reference value :  2.10927e-02
 Reference value :  2.10973e-02
 Reference value :  2.10998e-02
 Reference value :  2.11024e-02
 Reference value :  2.11048e-02
 Reference value :  2.11073e-02
 Reference value :  2.11120e-02
 Reference value :  2.11146e-02
 Reference value :  2.11171e-02
 Reference value :  2.11195e-02
 Reference value :  2.11242e-02
 Reference value :  2.11267e-02
 Reference value :  2.11292e-02
 Reference value :  2.11317e-02
 Reference value :  2.11342e-02
 Reference value :  2.11389e-02
 Reference value :  2.11415e-02
 Reference value :  2.11440e-02
 Reference value :  2.11488e-02
 Reference value :  2.11514e-02
 Reference value :  2.11539e-02
 Reference value :  2.11585e-02
 Reference value :  2.11611e-02
 Reference value :  2.11658e-02
 Reference value :  2.11684e-02
 Reference value :  2.11710e-02
 Reference value :  2.11734e-02
 Reference value :  2.11782e-02
 Reference value :  2.11808e-02
 Reference value :  2.11833e-02
 Reference value :  2.11858e-02
 Reference value :  2.11905e-02
 Reference value :  2.11931e-02
 Reference value :  2.11956e-02
 Reference value :  2.12003e-02
 Reference value :  2.12028e-02
 Reference value :  2.12054e-02
 Reference value :  2.12100e-02
 Reference value :  2.12127e-02
 Reference value :  2.12152e-02
 Reference value :  2.12197e-02
 Reference value :  2.12223e-02
 Reference value :  2.12248e-02
 Reference value :  2.12274e-02
 Reference value :  2.12321e-02
 Reference value :  2.12346e-02
 Reference value :  2.12372e-02
 Reference value :  2.12397e-02
 Reference value :  2.12444e-02
 Reference value :  2.12470e-02
 Reference value :  2.12517e-02
 Reference value :  2.12542e-02
 Reference value :  2.12568e-02
 Reference value :  2.12593e-02
 Reference value :  2.12640e-02
 Reference value :  2.12665e-02
 Reference value :  2.12691e-02
 Reference value :  2.12715e-02
 Reference value :  2.12762e-02
 Reference value :  2.12787e-02
 Reference value :  2.12813e-02
 Reference value :  2.12839e-02
 Reference value :  2.12885e-02
 Reference value :  2.12911e-02
 Reference value :  2.12936e-02
 Reference value :  2.12963e-02
 Reference value :  2.13009e-02
 Reference value :  2.13034e-02
 Reference value :  2.13059e-02
 Reference value :  2.13085e-02
 Reference value :  2.13131e-02
 Reference value :  2.13156e-02
 Reference value :  2.13204e-02
 Reference value :  2.13229e-02
 Reference value :  2.13254e-02
 Reference value :  2.13281e-02
 Reference value :  2.13326e-02
 Reference value :  2.13352e-02
 Reference value :  2.13376e-02
 Reference value :  2.13424e-02
 Reference value :  2.13450e-02
 Reference value :  2.13475e-02
 Reference value :  2.13499e-02
 Reference value :  2.13547e-02
 Reference value :  2.13572e-02
 Reference value :  2.13597e-02
 Reference value :  2.13645e-02
 Reference value :  2.13670e-02
 Reference value :  2.13695e-02
 Reference value :  2.13720e-02
 Reference value :  2.13768e-02
 Reference value :  2.13792e-02
 Reference value :  2.13818e-02
 Reference value :  2.13843e-02
 Reference value :  2.13869e-02
 Reference value :  2.13915e-02
 Reference value :  2.13939e-02
 Reference value :  2.13965e-02
 Reference value :  2.13990e-02
 Reference value :  2.14036e-02
 Reference value :  2.14063e-02
 Reference value :  2.14088e-02
 Reference value :  2.14112e-02
 Reference value :  2.14160e-02
 Reference value :  2.14186e-02
 Reference value :  2.14211e-02
 Reference value :  2.14257e-02
 Reference value :  2.14282e-02
 Reference value :  2.14308e-02
 Reference value :  2.14333e-02
 Reference value :  2.14380e-02
 Reference value :  2.14405e-02
 Reference value :  2.14431e-02
 Reference value :  2.14456e-02
 Reference value :  2.14503e-02
 Reference value :  2.14528e-02
 Reference value :  2.14553e-02
 Reference value :  2.14577e-02
 Reference value :  2.14602e-02
 Reference value :  2.14649e-02
 Reference value :  2.14674e-02
 Reference value :  2.14700e-02
 Reference value :  2.14729e-02
 Reference value :  2.14773e-02
 Reference value :  2.14798e-02
 Reference value :  2.14823e-02
 Reference value :  2.14848e-02
 Reference value :  2.14894e-02
 Reference value :  2.14919e-02
 Reference value :  2.14945e-02
 Reference value :  2.14971e-02
 Reference value :  2.15016e-02
 Reference value :  2.15042e-02
 Reference value :  2.15067e-02
 Reference value :  2.15115e-02
 Reference value :  2.15139e-02
 Reference value :  2.15165e-02
 Reference value :  2.15189e-02
 Reference value :  2.15237e-02
 Reference value :  2.15262e-02
 Reference value :  2.15288e-02
 Reference value :  2.15313e-02
 Reference value :  2.15337e-02
 Reference value :  2.15384e-02
 Reference value :  2.15409e-02
 Reference value :  2.15435e-02
 Reference value :  2.15460e-02
 Reference value :  2.15484e-02
 Reference value :  2.15509e-02
 Reference value :  2.15556e-02
 Reference value :  2.15582e-02
 Reference value :  2.15606e-02
 Reference value :  2.15631e-02
 Reference value :  2.15675e-02
 Reference value :  2.15703e-02
 Reference value :  2.15729e-02
 Reference value :  2.15753e-02
 Reference value :  2.15800e-02
 Reference value :  2.15825e-02
 Reference value :  2.15851e-02
 Reference value :  2.15876e-02
 Reference value :  2.15923e-02
 Reference value :  2.15947e-02
 Reference value :  2.15971e-02
 Reference value :  2.15996e-02
 Reference value :  2.16022e-02
 Reference value :  2.16047e-02
 Reference value :  2.16071e-02
 Reference value :  2.16096e-02
 Reference value :  2.16142e-02
 Reference value :  2.16167e-02
 Reference value :  2.16192e-02
 Reference value :  2.16218e-02
 Reference value :  2.16243e-02
 Reference value :  2.16267e-02
 Reference value :  2.16314e-02
 Reference value :  2.16337e-02
 Reference value :  2.16364e-02
 Reference value :  2.16390e-02
 Reference value :  2.16415e-02
 Reference value :  2.16462e-02
 Reference value :  2.16488e-02
 Reference value :  2.16513e-02
 Reference value :  2.16560e-02
 Reference value :  2.16586e-02
 Reference value :  2.16611e-02
 Reference value :  2.16658e-02
 Reference value :  2.16683e-02
 Reference value :  2.16709e-02
 Reference value :  2.16755e-02
 Reference value :  2.16782e-02
 Reference value :  2.16807e-02
 Reference value :  2.16854e-02
 Reference value :  2.16880e-02
 Reference value :  2.16905e-02
 Reference value :  2.16929e-02
 Reference value :  2.16976e-02
 Reference value :  2.17003e-02
 Reference value :  2.17027e-02
 Reference value :  2.17074e-02
 Reference value :  2.17100e-02
 Reference value :  2.17125e-02
 Reference value :  2.17150e-02
 Reference value :  2.17176e-02
 Reference value :  2.17222e-02
 Reference value :  2.17248e-02
 Reference value :  2.17295e-02
 Reference value :  2.17321e-02
 Reference value :  2.17347e-02
 Reference value :  2.17394e-02
 Reference value :  2.17419e-02
 Reference value :  2.17444e-02
 Reference value :  2.17469e-02
 Reference value :  2.17516e-02
 Reference value :  2.17540e-02
 Reference value :  2.17566e-02
 Reference value :  2.17592e-02
 Reference value :  2.17638e-02
 Reference value :  2.17664e-02
 Reference value :  2.17689e-02
 Reference value :  2.17734e-02
 Reference value :  2.17737e-02
 Reference value :  2.17762e-02
 Reference value :  2.17808e-02
 Reference value :  2.17834e-02
 Reference value :  2.17859e-02
 Reference value :  2.17887e-02
 Reference value :  2.17930e-02
 Reference value :  2.17956e-02
 Reference value :  2.17982e-02
 Reference value :  2.18006e-02
 Reference value :  2.18053e-02
 Reference value :  2.18078e-02
 Reference value :  2.18103e-02
 Reference value :  2.18129e-02
 Reference value :  2.18176e-02
 Reference value :  2.18202e-02
 Reference value :  2.18227e-02
 Reference value :  2.18251e-02
 Reference value :  2.18276e-02
 Reference value :  2.18323e-02
 Reference value :  2.18349e-02
 Reference value :  2.18374e-02
 Reference value :  2.18421e-02
 Reference value :  2.18446e-02
 Reference value :  2.18472e-02
 Reference value :  2.18497e-02
 Reference value :  2.18520e-02
 Reference value :  2.18545e-02
 Reference value :  2.18567e-02
 Reference value :  2.18592e-02
 Reference value :  2.18603e-02
 Reference value :  2.18619e-02
 Reference value :  2.18644e-02
 Reference value :  2.18668e-02
 Reference value :  2.18692e-02
 Reference value :  2.18716e-02
 Reference value :  2.18718e-02
 Reference value :  2.18742e-02
 Reference value :  2.18767e-02
 Reference value :  2.18790e-02
 Reference value :  2.18794e-02
 Reference value :  2.18816e-02
 Reference value :  2.18840e-02
 Reference value :  2.18863e-02
 Reference value :  2.18886e-02
 Reference value :  2.18889e-02
 Reference value :  2.18914e-02
 Reference value :  2.18938e-02
 Reference value :  2.18962e-02
 Reference value :  2.18986e-02
 Reference value :  2.19011e-02
 Reference value :  2.19035e-02
 Reference value :  2.19059e-02
 Reference value :  2.19061e-02
 Reference value :  2.19085e-02
 Reference value :  2.19110e-02
 Reference value :  2.19133e-02
 Reference value :  2.19135e-02
 Reference value :  2.19159e-02
 Reference value :  2.19183e-02
 Reference value :  2.19207e-02
 Reference value :  2.19231e-02
 Reference value :  2.19233e-02
 Reference value :  2.19257e-02
 Reference value :  2.19281e-02
 Reference value :  2.19306e-02
 Reference value :  2.19329e-02
 Reference value :  2.19352e-02
 Reference value :  2.19355e-02
 Reference value :  2.19380e-02
 Reference value :  2.19403e-02
 Reference value :  2.19426e-02
 Reference value :  2.19428e-02
 Reference value :  2.19453e-02
 Reference value :  2.19477e-02
 Reference value :  2.19501e-02
 Reference value :  2.19525e-02
 Reference value :  2.19527e-02
 Reference value :  2.19551e-02
 Reference value :  2.19576e-02
 Reference value :  2.19599e-02
 Reference value :  2.19623e-02
 Reference value :  2.19626e-02
 Reference value :  2.19650e-02
 Reference value :  2.19673e-02
 Reference value :  2.19697e-02
 Reference value :  2.19700e-02
 Reference value :  2.19724e-02
 Reference value :  2.19748e-02
 Reference value :  2.19771e-02
 Reference value :  2.19796e-02
 Reference value :  2.19819e-02
 Reference value :  2.19822e-02
 Reference value :  2.19847e-02
 Reference value :  2.19871e-02
 Reference value :  2.19895e-02
 Reference value :  2.19919e-02
 Reference value :  2.19943e-02
 Reference value :  2.19945e-02
 Reference value :  2.19969e-02
 Reference value :  2.19992e-02
 Reference value :  2.20016e-02
 Reference value :  2.20041e-02
 Reference value :  2.20042e-02
 Reference value :  2.20067e-02
 Reference value :  2.20091e-02
 Reference value :  2.20115e-02
 Reference value :  2.20139e-02
 Reference value :  2.20140e-02
 Reference value :  2.20165e-02
 Reference value :  2.20189e-02
 Reference value :  2.20214e-02
 Reference value :  2.20239e-02
 Reference value :  2.20286e-02
 Reference value :  2.20311e-02
 Reference value :  2.20337e-02
 Reference value :  2.20384e-02
 Reference value :  2.20410e-02
 Reference value :  2.20435e-02
 Reference value :  2.20482e-02
 Reference value :  2.20507e-02
 Reference value :  2.20533e-02
 Reference value :  2.20558e-02
 Reference value :  2.20604e-02
 Reference value :  2.20630e-02
 Reference value :  2.20655e-02
 Reference value :  2.20680e-02
 Reference value :  2.20726e-02
 Reference value :  2.20751e-02
 Reference value :  2.20777e-02
 Reference value :  2.20802e-02
 Reference value :  2.20827e-02
 Reference value :  2.20874e-02
 Reference value :  2.20900e-02
 Reference value :  2.20924e-02
 Reference value :  2.20949e-02
 Reference value :  2.20997e-02
 Reference value :  2.21022e-02
 Reference value :  2.21047e-02
 Reference value :  2.21072e-02
 Reference value :  2.21119e-02
 Reference value :  2.21145e-02
 Reference value :  2.21170e-02
 Reference value :  2.21198e-02
 Reference value :  2.21242e-02
 Reference value :  2.21246e-02
 Reference value :  2.21268e-02
 Reference value :  2.21292e-02
 Reference value :  2.21317e-02
 Reference value :  2.21340e-02
 Reference value :  2.21364e-02
 Reference value :  2.21366e-02
 Reference value :  2.21390e-02
 Reference value :  2.21413e-02
 Reference value :  2.21438e-02
 Reference value :  2.21440e-02
 Reference value :  2.21464e-02
 Reference value :  2.21488e-02
 Reference value :  2.21512e-02
 Reference value :  2.21514e-02
 Reference value :  2.21538e-02
 Reference value :  2.21562e-02
 Reference value :  2.21586e-02
 Reference value :  2.21610e-02
 Reference value :  2.21633e-02
 Reference value :  2.21636e-02
 Reference value :  2.21660e-02
 Reference value :  2.21684e-02
 Reference value :  2.21707e-02
 Reference value :  2.21732e-02
 Reference value :  2.21733e-02
 Reference value :  2.21758e-02
 Reference value :  2.21781e-02
 Reference value :  2.21805e-02
 Reference value :  2.21806e-02
 Reference value :  2.21831e-02
 Reference value :  2.21854e-02
 Reference value :  2.21878e-02
 Reference value :  2.21880e-02
 Reference value :  2.21904e-02
 Reference value :  2.21929e-02
 Reference value :  2.21952e-02
 Reference value :  2.21977e-02
 Reference value :  2.21978e-02
 Reference value :  2.22003e-02
 Reference value :  2.22027e-02
 Reference value :  2.22050e-02
 Reference value :  2.22052e-02
 Reference value :  2.22076e-02
 Reference value :  2.22100e-02
 Reference value :  2.22124e-02
 Reference value :  2.22126e-02
 Reference value :  2.22150e-02
 Reference value :  2.22175e-02
 Reference value :  2.22198e-02
 Reference value :  2.22222e-02
 Reference value :  2.22224e-02
 Reference value :  2.22248e-02
 Reference value :  2.22272e-02
 Reference value :  2.22291e-02
 Reference value :  2.22297e-02
 Reference value :  2.22322e-02
 Reference value :  2.22346e-02
 Reference value :  2.22370e-02
 Reference value :  2.22372e-02
 Reference value :  2.22396e-02
 Reference value :  2.22420e-02
 Reference value :  2.22444e-02
 Reference value :  2.22468e-02
 Reference value :  2.22490e-02
 Reference value :  2.22493e-02
 Reference value :  2.22518e-02
 Reference value :  2.22542e-02
 Reference value :  2.22565e-02
 Reference value :  2.22590e-02
 Reference value :  2.22592e-02
 Reference value :  2.22616e-02
 Reference value :  2.22640e-02
 Reference value :  2.22664e-02
 Reference value :  2.22687e-02
 Reference value :  2.22712e-02
 Reference value :  2.22734e-02
 Reference value :  2.22761e-02
 Reference value :  2.22786e-02
 Reference value :  2.22834e-02
 Reference value :  2.22858e-02
 Reference value :  2.22884e-02
 Reference value :  2.22931e-02
 Reference value :  2.22957e-02
 Reference value :  2.22981e-02
 Reference value :  2.23029e-02
 Reference value :  2.23055e-02
 Reference value :  2.23101e-02
 Reference value :  2.23127e-02
 Reference value :  2.23153e-02
 Reference value :  2.23200e-02
 Reference value :  2.23225e-02
 Reference value :  2.23251e-02
 Reference value :  2.23299e-02
 Reference value :  2.23324e-02
 Reference value :  2.23372e-02
 Reference value :  2.23397e-02
 Reference value :  2.23444e-02
 Reference value :  2.23470e-02
 Reference value :  2.23495e-02
 Reference value :  2.23542e-02
 Reference value :  2.23568e-02
 Reference value :  2.23615e-02
 Reference value :  2.23641e-02
 Reference value :  2.23666e-02
 Reference value :  2.23714e-02
 Reference value :  2.23739e-02
 Reference value :  2.23787e-02
 Reference value :  2.23812e-02
 Reference value :  2.23837e-02
 Reference value :  2.23861e-02
 Reference value :  2.23884e-02
 Reference value :  2.23909e-02
 Reference value :  2.23913e-02
 Reference value :  2.23935e-02
 Reference value :  2.23959e-02
 Reference value :  2.23982e-02
 Reference value :  2.24006e-02
 Reference value :  2.24008e-02
 Reference value :  2.24032e-02
 Reference value :  2.24056e-02
 Reference value :  2.24080e-02
 Reference value :  2.24103e-02
 Reference value :  2.24105e-02
 Reference value :  2.24130e-02
 Reference value :  2.24154e-02
 Reference value :  2.24178e-02
 Reference value :  2.24203e-02
 Reference value :  2.24227e-02
 Reference value :  2.24229e-02
 Reference value :  2.24253e-02
 Reference value :  2.24277e-02
 Reference value :  2.24302e-02
 Reference value :  2.24326e-02
 Reference value :  2.24349e-02
 Reference value :  2.24373e-02
 Reference value :  2.24375e-02
 Reference value :  2.24399e-02
 Reference value :  2.24423e-02
 Reference value :  2.24447e-02
 Reference value :  2.24472e-02
 Reference value :  2.24496e-02
 Reference value :  2.24520e-02
 Reference value :  2.24544e-02
 Reference value :  2.24546e-02
 Reference value :  2.24570e-02
 Reference value :  2.24594e-02
 Reference value :  2.24618e-02
 Reference value :  2.24619e-02
 Reference value :  2.24643e-02
 Reference value :  2.24667e-02
 Reference value :  2.24691e-02
 Reference value :  2.24692e-02
 Reference value :  2.24716e-02
 Reference value :  2.24741e-02
 Reference value :  2.24764e-02
 Reference value :  2.24766e-02
 Reference value :  2.24790e-02
 Reference value :  2.24814e-02
 Reference value :  2.24838e-02
 Reference value :  2.24863e-02
 Reference value :  2.24863e-02
 Reference value :  2.24888e-02
 Reference value :  2.24912e-02
 Reference value :  2.24935e-02
 Reference value :  2.24937e-02
 Reference value :  2.24961e-02
 Reference value :  2.24985e-02
 Reference value :  2.25010e-02
 Reference value :  2.25034e-02
 Reference value :  2.25057e-02
 Reference value :  2.25061e-02
 Reference value :  2.25083e-02
 Reference value :  2.25107e-02
 Reference value :  2.25131e-02
 Reference value :  2.25156e-02
 Reference value :  2.25180e-02
 Reference value :  2.25203e-02
 Reference value :  2.25205e-02
 Reference value :  2.25229e-02
 Reference value :  2.25253e-02
 Reference value :  2.25277e-02
 Reference value :  2.25301e-02
 Reference value :  2.25326e-02
 Reference value :  2.25350e-02
 Reference value :  2.25375e-02
 Reference value :  2.25400e-02
 Reference value :  2.25425e-02
 Reference value :  2.25472e-02
 Reference value :  2.25497e-02
 Reference value :  2.25522e-02
 Reference value :  2.25570e-02
 Reference value :  2.25598e-02
 Reference value :  2.25643e-02
 Reference value :  2.25669e-02
 Reference value :  2.25717e-02
 Reference value :  2.25742e-02
 Reference value :  2.25789e-02
 Reference value :  2.25815e-02
 Reference value :  2.25863e-02
 Reference value :  2.25888e-02
 Reference value :  2.25934e-02
 Reference value :  2.25961e-02
 Reference value :  2.25986e-02
 Reference value :  2.26034e-02
 Reference value :  2.26060e-02
 Reference value :  2.26085e-02
 Reference value :  2.26133e-02
 Reference value :  2.26158e-02
 Reference value :  2.26206e-02
 Reference value :  2.26231e-02
 Reference value :  2.26278e-02
 Reference value :  2.26303e-02
 Reference value :  2.26328e-02
 Reference value :  2.26376e-02
 Reference value :  2.26401e-02
 Reference value :  2.26426e-02
 Reference value :  2.26475e-02
 Reference value :  2.26499e-02
 Reference value :  2.26524e-02
 Reference value :  2.26572e-02
 Reference value :  2.26597e-02
 Reference value :  2.26621e-02
 Reference value :  2.26669e-02
 Reference value :  2.26694e-02
 Reference value :  2.26719e-02
 Reference value :  2.26767e-02
 Reference value :  2.26792e-02
 Reference value :  2.26817e-02
 Reference value :  2.26863e-02
 Reference value :  2.26889e-02
 Reference value :  2.26914e-02
 Reference value :  2.26962e-02
 Reference value :  2.26987e-02
 Reference value :  2.27012e-02
 Reference value :  2.27060e-02
 Reference value :  2.27108e-02
 Reference value :  2.27133e-02
 Reference value :  2.27158e-02
 Reference value :  2.27206e-02
 Reference value :  2.27231e-02
 Reference value :  2.27256e-02
 Reference value :  2.27304e-02
 Reference value :  2.27329e-02
 Reference value :  2.27377e-02
 Reference value :  2.27403e-02
 Reference value :  2.27450e-02
 Reference value :  2.27475e-02
 Reference value :  2.27501e-02
 Reference value :  2.27549e-02
 Reference value :  2.27574e-02
 Reference value :  2.27622e-02
 Reference value :  2.27647e-02
 Reference value :  2.27671e-02
 Reference value :  2.27719e-02
 Reference value :  2.27767e-02
 Reference value :  2.27792e-02
 Reference value :  2.27817e-02
 Reference value :  2.27865e-02
 Reference value :  2.27890e-02
 Reference value :  2.27939e-02
 Reference value :  2.27964e-02
 Reference value :  2.27989e-02
 Reference value :  2.28036e-02
 Reference value :  2.28061e-02
 Reference value :  2.28109e-02
 Reference value :  2.28135e-02
 Reference value :  2.28160e-02
 Reference value :  2.28208e-02
 Reference value :  2.28232e-02
 Reference value :  2.28258e-02
 Reference value :  2.28306e-02
 Reference value :  2.28331e-02
 Reference value :  2.28379e-02
 Reference value :  2.28404e-02
 Reference value :  2.28452e-02
 Reference value :  2.28478e-02
 Reference value :  2.28503e-02
 Reference value :  2.28552e-02
 Reference value :  2.28576e-02
 Reference value :  2.28624e-02
 Reference value :  2.28649e-02
 Reference value :  2.28674e-02
 Reference value :  2.28722e-02
 Reference value :  2.28748e-02
 Reference value :  2.28796e-02
 Reference value :  2.28844e-02
 Reference value :  2.28869e-02
 Reference value :  2.28894e-02
 Reference value :  2.28942e-02
 Reference value :  2.28967e-02
 Reference value :  2.29016e-02
 Reference value :  2.29041e-02
 Reference value :  2.29089e-02
 Reference value :  2.29114e-02
 Reference value :  2.29162e-02
 Reference value :  2.29187e-02
 Reference value :  2.29212e-02
 Reference value :  2.29260e-02
 Reference value :  2.29285e-02
 Reference value :  2.29315e-02
 Reference value :  2.29358e-02
 Reference value :  2.29383e-02
 Reference value :  2.29431e-02
 Reference value :  2.29456e-02
 Reference value :  2.29504e-02
 Reference value :  2.29530e-02
 Reference value :  2.29578e-02
 Reference value :  2.29603e-02
 Reference value :  2.29631e-02
 Reference value :  2.29677e-02
 Reference value :  2.29701e-02
 Reference value :  2.29750e-02
 Reference value :  2.29774e-02
 Reference value :  2.29822e-02
 Reference value :  2.29847e-02
 Reference value :  2.29873e-02
 Reference value :  2.29921e-02
 Reference value :  2.29946e-02
 Reference value :  2.29994e-02
 Reference value :  2.30019e-02
 Reference value :  2.30043e-02
 Reference value :  2.30092e-02
 Reference value :  2.30117e-02
 Reference value :  2.30142e-02
 Reference value :  2.30190e-02
 Reference value :  2.30215e-02
 Reference value :  2.30240e-02
 Reference value :  2.30288e-02
 Reference value :  2.30336e-02
 Reference value :  2.30360e-02
 Reference value :  2.30385e-02
 Reference value :  2.30433e-02
 Reference value :  2.30459e-02
 Reference value :  2.30484e-02
 Reference value :  2.30532e-02
 Reference value :  2.30557e-02
 Reference value :  2.30606e-02
 Reference value :  2.30631e-02
 Reference value :  2.30678e-02
 Reference value :  2.30704e-02
 Reference value :  2.30729e-02
 Reference value :  2.30778e-02
 Reference value :  2.30826e-02
 Reference value :  2.30875e-02
 Reference value :  2.30923e-02
 Reference value :  2.30949e-02
 Reference value :  2.30997e-02
 Reference value :  2.31022e-02
 Reference value :  2.31071e-02
 Reference value :  2.31096e-02
 Reference value :  2.31121e-02
 Reference value :  2.31169e-02
 Reference value :  2.31194e-02
 Reference value :  2.31242e-02
 Reference value :  2.31267e-02
 Reference value :  2.31316e-02
 Reference value :  2.31341e-02
 Reference value :  2.31367e-02
 Reference value :  2.31414e-02
 Reference value :  2.31439e-02
 Reference value :  2.31488e-02
 Reference value :  2.31513e-02
 Reference value :  2.31561e-02
 Reference value :  2.31586e-02
 Reference value :  2.31614e-02
 Reference value :  2.31683e-02
 Reference value :  2.31708e-02
 Reference value :  2.31733e-02
 Reference value :  2.31781e-02
 Reference value :  2.31806e-02
 Reference value :  2.31831e-02
 Reference value :  2.31879e-02
 Reference value :  2.31904e-02
 Reference value :  2.31953e-02
 Reference value :  2.32001e-02
 Reference value :  2.32027e-02
 Reference value :  2.32075e-02
 Reference value :  2.32100e-02
 Reference value :  2.32148e-02
 Reference value :  2.32173e-02
 Reference value :  2.32222e-02
 Reference value :  2.32247e-02
 Reference value :  2.32296e-02
 Reference value :  2.32321e-02
 Reference value :  2.32345e-02
 Reference value :  2.32394e-02
 Reference value :  2.32418e-02
 Reference value :  2.32466e-02
 Reference value :  2.32491e-02
 Reference value :  2.32517e-02
 Reference value :  2.32564e-02
 Reference value :  2.32589e-02
 Reference value :  2.32638e-02
 Reference value :  2.32663e-02
 Reference value :  2.32688e-02
 Reference value :  2.32737e-02
 Reference value :  2.32765e-02
 Reference value :  2.32810e-02
 Reference value :  2.32835e-02
 Reference value :  2.32883e-02
 Reference value :  2.32907e-02
 Reference value :  2.32956e-02
 Reference value :  2.32981e-02
 Reference value :  2.33029e-02
 Reference value :  2.33054e-02
 Reference value :  2.33080e-02
 Reference value :  2.33128e-02
 Reference value :  2.33153e-02
 Reference value :  2.33201e-02
 Reference value :  2.33250e-02
 Reference value :  2.33275e-02
 Reference value :  2.33324e-02
 Reference value :  2.33373e-02
 Reference value :  2.33421e-02
 Reference value :  2.33446e-02
 Reference value :  2.33495e-02
 Reference value :  2.33520e-02
 Reference value :  2.33547e-02
 Reference value :  2.33593e-02
 Reference value :  2.33619e-02
 Reference value :  2.33667e-02
 Reference value :  2.33715e-02
 Reference value :  2.33740e-02
 Reference value :  2.33765e-02
 Reference value :  2.33813e-02
 Reference value :  2.33846e-02
 Reference value :  2.33886e-02
 Reference value :  2.33934e-02
 Reference value :  2.33960e-02
 Reference value :  2.33985e-02
 Reference value :  2.34033e-02
 Reference value :  2.34058e-02
 Reference value :  2.34106e-02
 Reference value :  2.34131e-02
 Reference value :  2.34180e-02
 Reference value :  2.34228e-02
 Reference value :  2.34253e-02
 Reference value :  2.34302e-02
 Reference value :  2.34350e-02
 Reference value :  2.34375e-02
 Reference value :  2.34424e-02
 Reference value :  2.34449e-02
 Reference value :  2.34497e-02
 Reference value :  2.34546e-02
 Reference value :  2.34571e-02
 Reference value :  2.34596e-02
 Reference value :  2.34645e-02
 Reference value :  2.34669e-02
 Reference value :  2.34718e-02
 Reference value :  2.34744e-02
 Reference value :  2.34792e-02
 Reference value :  2.34817e-02
 Reference value :  2.34865e-02
 Reference value :  2.34891e-02
 Reference value :  2.34939e-02
 Reference value :  2.34988e-02
 Reference value :  2.35036e-02
 Reference value :  2.35061e-02
 Reference value :  2.35110e-02
 Reference value :  2.35158e-02
 Reference value :  2.35207e-02
 Reference value :  2.35256e-02
 Reference value :  2.35304e-02
 Reference value :  2.35353e-02
 Reference value :  2.35378e-02
 Reference value :  2.35426e-02
 Reference value :  2.35474e-02
 Reference value :  2.35500e-02
 Reference value :  2.35549e-02
 Reference value :  2.35574e-02
 Reference value :  2.35623e-02
 Reference value :  2.35671e-02
 Reference value :  2.35720e-02
 Reference value :  2.35751e-02
 Reference value :  2.35794e-02
 Reference value :  2.35866e-02
 Reference value :  2.35891e-02
 Reference value :  2.35940e-02
 Reference value :  2.35965e-02
 Reference value :  2.36013e-02
 Reference value :  2.36038e-02
 Reference value :  2.36088e-02
 Reference value :  2.36136e-02
 Reference value :  2.36185e-02
 Reference value :  2.36234e-02
 Reference value :  2.36283e-02
 Reference value :  2.36331e-02
 Reference value :  2.36356e-02
 Reference value :  2.36405e-02
 Reference value :  2.36454e-02
 Reference value :  2.36503e-02
 Reference value :  2.36552e-02
 Reference value :  2.36577e-02
 Reference value :  2.36650e-02
 Reference value :  2.36675e-02
 Reference value :  2.36723e-02
 Reference value :  2.36772e-02
 Reference value :  2.36821e-02
 Reference value :  2.36845e-02
 Reference value :  2.36894e-02
 Reference value :  2.36943e-02
 Reference value :  2.36992e-02
 Reference value :  2.37041e-02
 Reference value :  2.37090e-02
 Reference value :  2.37115e-02
 Reference value :  2.37163e-02
 Reference value :  2.37212e-02
 Reference value :  2.37237e-02
 Reference value :  2.37263e-02
 Reference value :  2.37335e-02
 Reference value :  2.37384e-02
 Reference value :  2.37457e-02
 Reference value :  2.37530e-02
 Reference value :  2.37582e-02
 Reference value :  2.37653e-02
 Reference value :  2.37727e-02
 Reference value :  2.37776e-02
 Reference value :  2.37849e-02
 Reference value :  2.37923e-02
 Reference value :  2.37996e-02
 Reference value :  2.38070e-02
 Reference value :  2.38144e-02
 Reference value :  2.38240e-02
 Reference value :  2.38314e-02
 Reference value :  2.38388e-02
 Reference value :  2.38461e-02
 Reference value :  2.38535e-02
 Reference value :  2.38608e-02
 Reference value :  2.38658e-02
 Reference value :  2.38731e-02
 Reference value :  2.38784e-02
 Reference value :  2.38854e-02
 Reference value :  2.38927e-02
 Reference value :  2.38979e-02
 Reference value :  2.39050e-02
 Reference value :  2.39100e-02
 Reference value :  2.39179e-02
 Reference value :  2.39247e-02
 Reference value :  2.39319e-02
 Reference value :  2.39370e-02
 Reference value :  2.39442e-02
 Reference value :  2.39515e-02
 Reference value :  2.39588e-02
 Reference value :  2.39661e-02
 Reference value :  2.39712e-02
 Reference value :  2.39785e-02
 Reference value :  2.39858e-02
 Reference value :  2.39908e-02
 Reference value :  2.39981e-02
 Reference value :  2.40055e-02
 Reference value :  2.40123e-02
 Reference value :  2.40201e-02
 Reference value :  2.40275e-02
 Reference value :  2.40348e-02
 Reference value :  2.40421e-02
 Reference value :  2.40494e-02
 Reference value :  2.40568e-02
 Reference value :  2.40641e-02
 Reference value :  2.40714e-02
 Reference value :  2.40788e-02
 Reference value :  2.40862e-02
 Reference value :  2.40934e-02
 Reference value :  2.41008e-02
 Reference value :  2.41082e-02
 Reference value :  2.41154e-02
 Reference value :  2.41228e-02
 Reference value :  2.41302e-02
 Reference value :  2.41375e-02
 Reference value :  2.41449e-02
 Reference value :  2.41499e-02
 Reference value :  2.41573e-02
 Reference value :  2.41646e-02
 Reference value :  2.41721e-02
 Reference value :  2.41793e-02
 Reference value :  2.41866e-02
 Reference value :  2.41940e-02
 Reference value :  2.42013e-02
 Reference value :  2.42087e-02
 Reference value :  2.42160e-02
 Reference value :  2.42234e-02
 Reference value :  2.42307e-02
 Reference value :  2.42381e-02
 Reference value :  2.42454e-02
 Reference value :  2.42527e-02
 Reference value :  2.42601e-02
 Reference value :  2.42674e-02
 Reference value :  2.42748e-02
 Reference value :  2.42798e-02
 Reference value :  2.42872e-02
 Reference value :  2.42945e-02
 Reference value :  2.43018e-02
 Reference value :  2.43091e-02
 Reference value :  2.43165e-02
 Reference value :  2.43238e-02
 Reference value :  2.43312e-02
 Reference value :  2.43385e-02
 Reference value :  2.43459e-02
 Reference value :  2.43532e-02
 Reference value :  2.43606e-02
 Reference value :  2.43679e-02
 Reference value :  2.43753e-02
 Reference value :  2.43826e-02
 Reference value :  2.43900e-02
 Reference value :  2.43973e-02
 Reference value :  2.44047e-02
 Reference value :  2.44120e-02
 Reference value :  2.44194e-02
 Reference value :  2.44267e-02
 Reference value :  2.44341e-02
 Reference value :  2.44414e-02
 Reference value :  2.44487e-02
 Reference value :  2.44561e-02
 Reference value :  2.44634e-02
 Reference value :  2.44708e-02
 Reference value :  2.44781e-02
 Reference value :  2.44831e-02
 Reference value :  2.44905e-02
 Reference value :  2.45002e-02
 Reference value :  2.45075e-02
 Reference value :  2.45149e-02
 Reference value :  2.45223e-02
 Reference value :  2.45296e-02
 Reference value :  2.45370e-02
 Reference value :  2.45443e-02
 Reference value :  2.45517e-02
 Reference value :  2.45590e-02
 Reference value :  2.45664e-02
 Reference value :  2.45737e-02
 Reference value :  2.45810e-02
 Reference value :  2.45884e-02
 Reference value :  2.45957e-02
 Reference value :  2.46031e-02
 Reference value :  2.46105e-02
 Reference value :  2.46178e-02
 Reference value :  2.46251e-02
 Reference value :  2.46325e-02
 Reference value :  2.46398e-02
 Reference value :  2.46471e-02
 Reference value :  2.46545e-02
 Reference value :  2.46618e-02
 Reference value :  2.46691e-02
 Reference value :  2.46764e-02
 Reference value :  2.46821e-02
 Reference value :  2.46888e-02
 Reference value :  2.46962e-02
 Reference value :  2.47035e-02
 Reference value :  2.47107e-02
 Reference value :  2.47158e-02
 Reference value :  2.47231e-02
 Reference value :  2.47304e-02
 Reference value :  2.47378e-02
 Reference value :  2.47452e-02
 Reference value :  2.47525e-02
 Reference value :  2.47598e-02
 Reference value :  2.47648e-02
 Reference value :  2.47725e-02
 Reference value :  2.47794e-02
 Reference value :  2.47843e-02
 Reference value :  2.47892e-02
 Reference value :  2.47941e-02
 Reference value :  2.48015e-02
 Reference value :  2.48064e-02
 Reference value :  2.48137e-02
 Reference value :  2.48210e-02
 Reference value :  2.48260e-02
 Reference value :  2.48333e-02
 Reference value :  2.48382e-02
 Reference value :  2.48456e-02
 Reference value :  2.48505e-02
 Reference value :  2.48578e-02
 Reference value :  2.48628e-02
 Reference value :  2.48700e-02
 Reference value :  2.48752e-02
 Reference value :  2.48823e-02
 Reference value :  2.48873e-02
 Reference value :  2.48946e-02
 Reference value :  2.48995e-02
 Reference value :  2.49045e-02
 Reference value :  2.49117e-02
 Reference value :  2.49167e-02
 Reference value :  2.49216e-02
 Reference value :  2.49289e-02
 Reference value :  2.49338e-02
 Reference value :  2.49411e-02
 Reference value :  2.49460e-02
 Reference value :  2.49509e-02
 Reference value :  2.49581e-02
 Reference value :  2.49631e-02
 Reference value :  2.49680e-02
 Reference value :  2.49753e-02
 Reference value :  2.49802e-02
 Reference value :  2.49876e-02
 Reference value :  2.49925e-02
 Reference value :  2.49998e-02
 Reference value :  2.50048e-02
 Reference value :  2.50102e-02
 Reference value :  2.50171e-02
 Reference value :  2.50220e-02
 Reference value :  2.50293e-02
 Reference value :  2.50342e-02
 Reference value :  2.50415e-02
 Reference value :  2.50480e-02
 Reference value :  2.50537e-02
 Reference value :  2.50587e-02
 Reference value :  2.50659e-02
 Reference value :  2.50709e-02
 Reference value :  2.50783e-02
 Reference value :  2.50833e-02
 Reference value :  2.50905e-02
 Reference value :  2.50955e-02
 Reference value :  2.51027e-02
 Reference value :  2.51077e-02
 Reference value :  2.51150e-02
 Reference value :  2.51200e-02
 Reference value :  2.51273e-02
 Reference value :  2.51324e-02
 Reference value :  2.51395e-02
 Reference value :  2.51468e-02
 Reference value :  2.51542e-02
 Reference value :  2.51602e-02
 Reference value :  2.51665e-02
 Reference value :  2.51738e-02
 Reference value :  2.51811e-02
 Reference value :  2.51861e-02
 Reference value :  2.51934e-02
 Reference value :  2.51986e-02
 Reference value :  2.52057e-02
 Reference value :  2.52130e-02
 Reference value :  2.52180e-02
 Reference value :  2.52253e-02
 Reference value :  2.52304e-02
 Reference value :  2.52375e-02
 Reference value :  2.52449e-02
 Reference value :  2.52499e-02
 Reference value :  2.52579e-02
 Reference value :  2.52645e-02
 Reference value :  2.52718e-02
 Reference value :  2.52768e-02
 Reference value :  2.52841e-02
 Reference value :  2.52914e-02
 Reference value :  2.52967e-02
 Reference value :  2.53037e-02
 Reference value :  2.53110e-02
 Reference value :  2.53160e-02
 Reference value :  2.53209e-02
 Reference value :  2.53282e-02
 Reference value :  2.53355e-02
 Reference value :  2.53412e-02
 Reference value :  2.53478e-02
 Reference value :  2.53551e-02
 Reference value :  2.53624e-02
 Reference value :  2.53675e-02
 Reference value :  2.53747e-02
 Reference value :  2.53821e-02
 Reference value :  2.53871e-02
 Reference value :  2.53943e-02
 Reference value :  2.54016e-02
 Reference value :  2.54089e-02
 Reference value :  2.54144e-02
 Reference value :  2.54213e-02
 Reference value :  2.54286e-02
 Reference value :  2.54359e-02
 Reference value :  2.54433e-02
 Reference value :  2.54482e-02
 Reference value :  2.54555e-02
 Reference value :  2.54629e-02
 Reference value :  2.54702e-02
 Reference value :  2.54754e-02
 Reference value :  2.54825e-02
 Reference value :  2.54898e-02
 Reference value :  2.54971e-02
 Reference value :  2.55022e-02
 Reference value :  2.55094e-02
 Reference value :  2.55168e-02
 Reference value :  2.55241e-02
 Reference value :  2.55291e-02
 Reference value :  2.55364e-02
 Reference value :  2.55438e-02
 Reference value :  2.55511e-02
 Reference value :  2.55584e-02
 Reference value :  2.55656e-02
 Reference value :  2.55706e-02
 Reference value :  2.55769e-02
 Reference value :  2.55829e-02
 Reference value :  2.55902e-02
 Reference value :  2.55952e-02
 Reference value :  2.56026e-02
 Reference value :  2.56098e-02
 Reference value :  2.56171e-02
 Reference value :  2.56221e-02
 Reference value :  2.56295e-02
 Reference value :  2.56368e-02
 Reference value :  2.56440e-02
 Reference value :  2.56491e-02
 Reference value :  2.56563e-02
 Reference value :  2.56615e-02
 Reference value :  2.56686e-02
 Reference value :  2.56759e-02
 Reference value :  2.56811e-02
 Reference value :  2.56882e-02
 Reference value :  2.56955e-02
 Reference value :  2.57029e-02
 Reference value :  2.57079e-02
 Reference value :  2.57151e-02
 Reference value :  2.57225e-02
 Reference value :  2.57274e-02
 Reference value :  2.57347e-02
 Reference value :  2.57420e-02
 Reference value :  2.57493e-02
 Reference value :  2.57543e-02
 Reference value :  2.57617e-02
 Reference value :  2.57690e-02
 Reference value :  2.57764e-02
 Reference value :  2.57837e-02
 Reference value :  2.57910e-02
 Reference value :  2.57984e-02
 Reference value :  2.58057e-02
 Reference value :  2.58131e-02
 Reference value :  2.58204e-02
 Reference value :  2.58277e-02
 Reference value :  2.58351e-02
 Reference value :  2.58424e-02
 Reference value :  2.58498e-02
 Reference value :  2.58571e-02
 Reference value :  2.58622e-02
 Reference value :  2.58695e-02
 Reference value :  2.58768e-02
 Reference value :  2.58841e-02
 Reference value :  2.58914e-02
 Reference value :  2.58988e-02
 Reference value :  2.59061e-02
 Reference value :  2.59134e-02
 Reference value :  2.59207e-02
 Reference value :  2.59281e-02
 Reference value :  2.59332e-02
 Reference value :  2.59405e-02
 Reference value :  2.59478e-02
 Reference value :  2.59551e-02
 Reference value :  2.59625e-02
 Reference value :  2.59698e-02
 Reference value :  2.59771e-02
 Reference value :  2.59842e-02
 Reference value :  2.59895e-02
 Reference value :  2.59991e-02
 Reference value :  2.60042e-02
 Reference value :  2.60114e-02
 Reference value :  2.60188e-02
 Reference value :  2.60261e-02
 Reference value :  2.60335e-02
 Reference value :  2.60407e-02
 Reference value :  2.60458e-02
 Reference value :  2.60532e-02
 Reference value :  2.60605e-02
 Reference value :  2.60678e-02
 Reference value :  2.60751e-02
 Reference value :  2.60825e-02
 Reference value :  2.60898e-02
 Reference value :  2.60972e-02
 Reference value :  2.61045e-02
 Reference value :  2.61119e-02
 Reference value :  2.61192e-02
 Reference value :  2.61266e-02
 Reference value :  2.61339e-02
 Reference value :  2.61413e-02
 Reference value :  2.61486e-02
 Reference value :  2.61560e-02
 Reference value :  2.61633e-02
 Reference value :  2.61707e-02
 Reference value :  2.61780e-02
 Reference value :  2.61854e-02
 Reference value :  2.61928e-02
 Reference value :  2.62024e-02
 Reference value :  2.62098e-02
 Reference value :  2.62172e-02
 Reference value :  2.62245e-02
 Reference value :  2.62318e-02
 Reference value :  2.62392e-02
 Reference value :  2.62465e-02
 Reference value :  2.62539e-02
 Reference value :  2.62612e-02
 Reference value :  2.62686e-02
 Reference value :  2.62759e-02
 Reference value :  2.62833e-02
 Reference value :  2.62906e-02
 Reference value :  2.62980e-02
 Reference value :  2.63053e-02
 Reference value :  2.63127e-02
 Reference value :  2.63200e-02
 Reference value :  2.63274e-02
 Reference value :  2.63347e-02
 Reference value :  2.63420e-02
 Reference value :  2.63494e-02
 Reference value :  2.63568e-02
 Reference value :  2.63641e-02
 Reference value :  2.63715e-02
 Reference value :  2.63788e-02
 Reference value :  2.63862e-02
 Reference value :  2.63935e-02
 Reference value :  2.64033e-02
 Reference value :  2.64106e-02
 Reference value :  2.64158e-02
 Reference value :  2.64230e-02
 Reference value :  2.64326e-02
 Reference value :  2.64400e-02
 Reference value :  2.64474e-02
 Reference value :  2.64547e-02
 Reference value :  2.64621e-02
 Reference value :  2.64694e-02
 Reference value :  2.64768e-02
 Reference value :  2.64841e-02
 Reference value :  2.64915e-02
 Reference value :  2.64988e-02
 Reference value :  2.65062e-02
 Reference value :  2.65136e-02
 Reference value :  2.65209e-02
 Reference value :  2.65305e-02
 Reference value :  2.65360e-02
 Reference value :  2.65432e-02
 Reference value :  2.65504e-02
 Reference value :  2.65578e-02
 Reference value :  2.65649e-02
 Reference value :  2.65723e-02
 Reference value :  2.65796e-02
 Reference value :  2.65894e-02
 Reference value :  2.65966e-02
 Reference value :  2.66017e-02
 Reference value :  2.66091e-02
 Reference value :  2.66164e-02
 Reference value :  2.66261e-02
 Reference value :  2.66335e-02
 Reference value :  2.66407e-02
 Reference value :  2.66459e-02
 Reference value :  2.66531e-02
 Reference value :  2.66606e-02
 Reference value :  2.66679e-02
 Reference value :  2.66751e-02
 Reference value :  2.66825e-02
 Reference value :  2.66898e-02
 Reference value :  2.66972e-02
 Reference value :  2.67045e-02
 Reference value :  2.67118e-02
 Reference value :  2.67192e-02
 Reference value :  2.67265e-02
 Reference value :  2.67315e-02
 Reference value :  2.67388e-02
 Reference value :  2.67461e-02
 Reference value :  2.67535e-02
 Reference value :  2.67608e-02
 Reference value :  2.67682e-02
 Reference value :  2.67755e-02
 Reference value :  2.67829e-02
 Reference value :  2.67901e-02
 Reference value :  2.67954e-02
 Reference value :  2.68026e-02
 Reference value :  2.68122e-02
 Reference value :  2.68175e-02
 Reference value :  2.68245e-02
 Reference value :  2.68319e-02
 Reference value :  2.68392e-02
 Reference value :  2.68466e-02
 Reference value :  2.68539e-02
 Reference value :  2.68612e-02
 Reference value :  2.68685e-02
 Reference value :  2.68759e-02
 Reference value :  2.68832e-02
 Reference value :  2.68906e-02
 Reference value :  2.68979e-02
 Reference value :  2.69053e-02
 Reference value :  2.69126e-02
 Reference value :  2.69199e-02
 Reference value :  2.69273e-02
 Reference value :  2.69346e-02
 Reference value :  2.69420e-02
 Reference value :  2.69494e-02
 Reference value :  2.69545e-02
 Reference value :  2.69617e-02
 Reference value :  2.69690e-02
 Reference value :  2.69779e-02
 Reference value :  2.69846e-02
 Reference value :  2.69912e-02
 Reference value :  2.70007e-02
 Reference value :  2.70058e-02
 Reference value :  2.70131e-02
 Reference value :  2.70204e-02
 Reference value :  2.70277e-02
 Reference value :  2.70350e-02
 Reference value :  2.70401e-02
 Reference value :  2.70473e-02
 Reference value :  2.70547e-02
 Reference value :  2.70620e-02
 Reference value :  2.70694e-02
 Reference value :  2.70767e-02
 Reference value :  2.70840e-02
 Reference value :  2.70914e-02
 Reference value :  2.70975e-02
 Reference value :  2.71037e-02
 Reference value :  2.71110e-02
 Reference value :  2.71183e-02
 Reference value :  2.71233e-02
 Reference value :  2.71306e-02
 Reference value :  2.71379e-02
 Reference value :  2.71453e-02
 Reference value :  2.71526e-02
 Reference value :  2.71587e-02
 Reference value :  2.71672e-02
 Reference value :  2.71723e-02
 Reference value :  2.71796e-02
 Reference value :  2.71869e-02
 Reference value :  2.71943e-02
 Reference value :  2.72016e-02
 Reference value :  2.72066e-02
 Reference value :  2.72139e-02
 Reference value :  2.72212e-02
 Reference value :  2.72285e-02
 Reference value :  2.72335e-02
 Reference value :  2.72409e-02
 Reference value :  2.72481e-02
 Reference value :  2.72555e-02
 Reference value :  2.72628e-02
 Reference value :  2.72701e-02
 Reference value :  2.72775e-02
 Reference value :  2.72826e-02
 Reference value :  2.72899e-02
 Reference value :  2.72971e-02
 Reference value :  2.73045e-02
 Reference value :  2.73118e-02
 Reference value :  2.73191e-02
 Reference value :  2.73264e-02
 Reference value :  2.73314e-02
 Reference value :  2.73388e-02
 Reference value :  2.73461e-02
 Reference value :  2.73534e-02
 Reference value :  2.73608e-02
 Reference value :  2.73681e-02
 Reference value :  2.73754e-02
 Reference value :  2.73828e-02
 Reference value :  2.73901e-02
 Reference value :  2.73951e-02
 Reference value :  2.74024e-02
 Reference value :  2.74098e-02
 Reference value :  2.74171e-02
 Reference value :  2.74245e-02
 Reference value :  2.74318e-02
 Reference value :  2.74390e-02
 Reference value :  2.74446e-02
 Reference value :  2.74538e-02
 Reference value :  2.74588e-02
 Reference value :  2.74661e-02
 Reference value :  2.74734e-02
 Reference value :  2.74808e-02
 Reference value :  2.74881e-02
 Reference value :  2.74954e-02
 Reference value :  2.75027e-02
 Reference value :  2.75078e-02
 Reference value :  2.75151e-02
 Reference value :  2.75224e-02
 Reference value :  2.75274e-02
 Reference value :  2.75347e-02
 Reference value :  2.75420e-02
 Reference value :  2.75494e-02
 Reference value :  2.75567e-02
 Reference value :  2.75641e-02
 Reference value :  2.75693e-02
 Reference value :  2.75764e-02
 Reference value :  2.75837e-02
 Reference value :  2.75911e-02
 Reference value :  2.75984e-02
 Reference value :  2.76057e-02
 Reference value :  2.76130e-02
 Reference value :  2.76203e-02
 Reference value :  2.76277e-02
 Reference value :  2.76350e-02
 Reference value :  2.76401e-02
 Reference value :  2.76474e-02
 Reference value :  2.76547e-02
 Reference value :  2.76620e-02
 Reference value :  2.76694e-02
 Reference value :  2.76767e-02
 Reference value :  2.76840e-02
 Reference value :  2.76892e-02
 Reference value :  2.76964e-02
 Reference value :  2.77037e-02
 Reference value :  2.77110e-02
 Reference value :  2.77183e-02
 Reference value :  2.77257e-02
 Reference value :  2.77330e-02
 Reference value :  2.77404e-02
 Reference value :  2.77477e-02
 Reference value :  2.77527e-02
 Reference value :  2.77600e-02
 Reference value :  2.77673e-02
 Reference value :  2.77747e-02
 Reference value :  2.77820e-02
 Reference value :  2.77894e-02
 Reference value :  2.77967e-02
 Reference value :  2.78040e-02
 Reference value :  2.78094e-02
 Reference value :  2.78165e-02
 Reference value :  2.78237e-02
 Reference value :  2.78310e-02
 Reference value :  2.78384e-02
 Reference value :  2.78457e-02
 Reference value :  2.78530e-02
 Reference value :  2.78603e-02
 Reference value :  2.78676e-02
 Reference value :  2.78727e-02
 Reference value :  2.78800e-02
 Reference value :  2.78873e-02
 Reference value :  2.78947e-02
 Reference value :  2.79020e-02
 Reference value :  2.79093e-02
 Reference value :  2.79163e-02
 Reference value :  2.79241e-02
 Reference value :  2.79313e-02
 Reference value :  2.79363e-02
 Reference value :  2.79437e-02
 Reference value :  2.79510e-02
 Reference value :  2.79584e-02
 Reference value :  2.79657e-02
 Reference value :  2.79730e-02
 Reference value :  2.79804e-02
 Reference value :  2.79854e-02
 Reference value :  2.79927e-02
 Reference value :  2.80000e-02
 Reference value :  2.80074e-02
 Reference value :  2.80147e-02
 Reference value :  2.80220e-02
 Reference value :  2.80294e-02
 Reference value :  2.80367e-02
 Reference value :  2.80440e-02
 Reference value :  2.80514e-02
 Reference value :  2.80587e-02
 Reference value :  2.80661e-02
 Reference value :  2.80734e-02
 Reference value :  2.80808e-02
 Reference value :  2.80882e-02
 Reference value :  2.80955e-02
 Reference value :  2.81029e-02
 Reference value :  2.81079e-02
 Reference value :  2.81152e-02
 Reference value :  2.81226e-02
 Reference value :  2.81322e-02
 Reference value :  2.81396e-02
 Reference value :  2.81469e-02
 Reference value :  2.81542e-02
 Reference value :  2.81617e-02
 Reference value :  2.81690e-02
 Reference value :  2.81764e-02
 Reference value :  2.81813e-02
 Reference value :  2.81889e-02
 Reference value :  2.81983e-02
 Reference value :  2.82057e-02
 Reference value :  2.82130e-02
 Reference value :  2.82204e-02
 Reference value :  2.82277e-02
 Reference value :  2.82351e-02
 Reference value :  2.82425e-02
 Reference value :  2.82498e-02
 Reference value :  2.82573e-02
 Reference value :  2.82668e-02
 Reference value :  2.82742e-02
 Reference value :  2.82816e-02
 Reference value :  2.82874e-02
 Reference value :  2.82940e-02
 Reference value :  2.83036e-02
 Reference value :  2.83110e-02
 Reference value :  2.83184e-02
 Reference value :  2.83257e-02
 Reference value :  2.83331e-02
 Reference value :  2.83404e-02
 Reference value :  2.83477e-02
 Reference value :  2.83551e-02
 Reference value :  2.83624e-02
 Reference value :  2.83698e-02
 Reference value :  2.83771e-02
 Reference value :  2.83845e-02
 Reference value :  2.83918e-02
 Reference value :  2.83992e-02
 Reference value :  2.84065e-02
 Reference value :  2.84114e-02
 Reference value :  2.84139e-02
 Reference value :  2.84187e-02
 Reference value :  2.84212e-02
 Reference value :  2.84260e-02
 Reference value :  2.84285e-02
 Reference value :  2.84333e-02
 Reference value :  2.84358e-02
 Reference value :  2.84406e-02
 Reference value :  2.84431e-02
 Reference value :  2.84456e-02
 Reference value :  2.84504e-02
 Reference value :  2.84529e-02
 Reference value :  2.84577e-02
 Reference value :  2.84602e-02
 Reference value :  2.84627e-02
 Reference value :  2.84676e-02
 Reference value :  2.84701e-02
 Reference value :  2.84749e-02
 Reference value :  2.84774e-02
 Reference value :  2.84798e-02
 Reference value :  2.84847e-02
 Reference value :  2.84872e-02
 Reference value :  2.84897e-02
 Reference value :  2.84945e-02
 Reference value :  2.84993e-02
 Reference value :  2.85018e-02
 Reference value :  2.85065e-02
 Reference value :  2.85090e-02
 Reference value :  2.85115e-02
 Reference value :  2.85163e-02
 Reference value :  2.85188e-02
 Reference value :  2.85237e-02
 Reference value :  2.85261e-02
 Reference value :  2.85309e-02
 Reference value :  2.85335e-02
 Reference value :  2.85360e-02
 Reference value :  2.85408e-02
 Reference value :  2.85433e-02
 Reference value :  2.85458e-02
 Reference value :  2.85506e-02
 Reference value :  2.85532e-02
 Reference value :  2.85579e-02
 Reference value :  2.85605e-02
 Reference value :  2.85652e-02
 Reference value :  2.85677e-02
 Reference value :  2.85702e-02
 Reference value :  2.85726e-02
 Reference value :  2.85775e-02
 Reference value :  2.85800e-02
 Reference value :  2.85825e-02
 Reference value :  2.85873e-02
 Reference value :  2.85898e-02
 Reference value :  2.85922e-02
 Reference value :  2.85948e-02
 Reference value :  2.85995e-02
 Reference value :  2.86020e-02
 Reference value :  2.86045e-02
 Reference value :  2.86093e-02
 Reference value :  2.86118e-02
 Reference value :  2.86143e-02
 Reference value :  2.86173e-02
 Reference value :  2.86216e-02
 Reference value :  2.86241e-02
 Reference value :  2.86265e-02
 Reference value :  2.86313e-02
 Reference value :  2.86338e-02
 Reference value :  2.86363e-02
 Reference value :  2.86388e-02
 Reference value :  2.86436e-02
 Reference value :  2.86461e-02
 Reference value :  2.86486e-02
 Reference value :  2.86511e-02
 Reference value :  2.86558e-02
 Reference value :  2.86583e-02
 Reference value :  2.86608e-02
 Reference value :  2.86633e-02
 Reference value :  2.86680e-02
 Reference value :  2.86706e-02
 Reference value :  2.86730e-02
 Reference value :  2.86779e-02
 Reference value :  2.86804e-02
 Reference value :  2.86828e-02
 Reference value :  2.86859e-02
 Reference value :  2.86900e-02
 Reference value :  2.86926e-02
 Reference value :  2.86950e-02
 Reference value :  2.86999e-02
 Reference value :  2.87023e-02
 Reference value :  2.87048e-02
 Reference value :  2.87072e-02
 Reference value :  2.87097e-02
 Reference value :  2.87145e-02
 Reference value :  2.87170e-02
 Reference value :  2.87195e-02
 Reference value :  2.87219e-02
 Reference value :  2.87267e-02
 Reference value :  2.87292e-02
 Reference value :  2.87317e-02
 Reference value :  2.87342e-02
 Reference value :  2.87387e-02
 Reference value :  2.87414e-02
 Reference value :  2.87440e-02
 Reference value :  2.87464e-02
 Reference value :  2.87512e-02
 Reference value :  2.87537e-02
 Reference value :  2.87562e-02
 Reference value :  2.87587e-02
 Reference value :  2.87634e-02
 Reference value :  2.87659e-02
 Reference value :  2.87684e-02
 Reference value :  2.87708e-02
 Reference value :  2.87757e-02
 Reference value :  2.87781e-02
 Reference value :  2.87806e-02
 Reference value :  2.87852e-02
 Reference value :  2.87878e-02
 Reference value :  2.87904e-02
 Reference value :  2.87929e-02
 Reference value :  2.87976e-02
 Reference value :  2.88002e-02
 Reference value :  2.88027e-02
 Reference value :  2.88074e-02
 Reference value :  2.88100e-02
 Reference value :  2.88124e-02
 Reference value :  2.88150e-02
 Reference value :  2.88197e-02
 Reference value :  2.88222e-02
 Reference value :  2.88247e-02
 Reference value :  2.88295e-02
 Reference value :  2.88319e-02
 Reference value :  2.88344e-02
 Reference value :  2.88369e-02
 Reference value :  2.88394e-02
 Reference value :  2.88441e-02
 Reference value :  2.88466e-02
 Reference value :  2.88491e-02
 Reference value :  2.88538e-02
 Reference value :  2.88564e-02
 Reference value :  2.88589e-02
 Reference value :  2.88637e-02
 Reference value :  2.88662e-02
 Reference value :  2.88687e-02
 Reference value :  2.88712e-02
 Reference value :  2.88737e-02
 Reference value :  2.88783e-02
 Reference value :  2.88808e-02
 Reference value :  2.88834e-02
 Reference value :  2.88858e-02
 Reference value :  2.88906e-02
 Reference value :  2.88932e-02
 Reference value :  2.88956e-02
 Reference value :  2.88981e-02
 Reference value :  2.89028e-02
 Reference value :  2.89053e-02
 Reference value :  2.89078e-02
 Reference value :  2.89103e-02
 Reference value :  2.89151e-02
 Reference value :  2.89176e-02
 Reference value :  2.89201e-02
 Reference value :  2.89225e-02
 Reference value :  2.89272e-02
 Reference value :  2.89298e-02
 Reference value :  2.89323e-02
 Reference value :  2.89348e-02
 Reference value :  2.89373e-02
 Reference value :  2.89419e-02
 Reference value :  2.89444e-02
 Reference value :  2.89470e-02
 Reference value :  2.89495e-02
 Reference value :  2.89519e-02
 Reference value :  2.89565e-02
 Reference value :  2.89591e-02
 Reference value :  2.89617e-02
 Reference value :  2.89663e-02
 Reference value :  2.89688e-02
 Reference value :  2.89714e-02
 Reference value :  2.89739e-02
 Reference value :  2.89786e-02
 Reference value :  2.89812e-02
 Reference value :  2.89838e-02
 Reference value :  2.89885e-02
 Reference value :  2.89910e-02
 Reference value :  2.89934e-02
 Reference value :  2.89982e-02
 Reference value :  2.90008e-02
 Reference value :  2.90033e-02
 Reference value :  2.90080e-02
 Reference value :  2.90106e-02
 Reference value :  2.90130e-02
 Reference value :  2.90177e-02
 Reference value :  2.90204e-02
 Reference value :  2.90229e-02
 Reference value :  2.90264e-02
 Reference value :  2.90301e-02
 Reference value :  2.90326e-02
 Reference value :  2.90352e-02
 Reference value :  2.90399e-02
 Reference value :  2.90424e-02
 Reference value :  2.90449e-02
 Reference value :  2.90497e-02
 Reference value :  2.90522e-02
 Reference value :  2.90569e-02
 Reference value :  2.90595e-02
 Reference value :  2.90620e-02
 Reference value :  2.90645e-02
 Reference value :  2.90692e-02
 Reference value :  2.90717e-02
 Reference value :  2.90743e-02
 Reference value :  2.90791e-02
 Reference value :  2.90816e-02
 Reference value :  2.90841e-02
 Reference value :  2.90866e-02
 Reference value :  2.90913e-02
 Reference value :  2.90938e-02
 Reference value :  2.90963e-02
 Reference value :  2.90988e-02
 Reference value :  2.91034e-02
 Reference value :  2.91061e-02
 Reference value :  2.91086e-02
 Reference value :  2.91111e-02
 Reference value :  2.91157e-02
 Reference value :  2.91183e-02
 Reference value :  2.91209e-02
 Reference value :  2.91234e-02
 Reference value :  2.91280e-02
 Reference value :  2.91306e-02
 Reference value :  2.91331e-02
 Reference value :  2.91378e-02
 Reference value :  2.91404e-02
 Reference value :  2.91429e-02
 Reference value :  2.91475e-02
 Reference value :  2.91501e-02
 Reference value :  2.91528e-02
 Reference value :  2.91574e-02
 Reference value :  2.91600e-02
 Reference value :  2.91624e-02
 Reference value :  2.91672e-02
 Reference value :  2.91698e-02
 Reference value :  2.91722e-02
 Reference value :  2.91747e-02
 Reference value :  2.91794e-02
 Reference value :  2.91820e-02
 Reference value :  2.91844e-02
 Reference value :  2.91872e-02
 Reference value :  2.91915e-02
 Reference value :  2.91941e-02
 Reference value :  2.91988e-02
 Reference value :  2.92015e-02
 Reference value :  2.92039e-02
 Reference value :  2.92087e-02
 Reference value :  2.92112e-02
 Reference value :  2.92137e-02
 Reference value :  2.92184e-02
 Reference value :  2.92209e-02
 Reference value :  2.92235e-02
 Reference value :  2.92261e-02
 Reference value :  2.92307e-02
 Reference value :  2.92333e-02
 Reference value :  2.92359e-02
 Reference value :  2.92406e-02
 Reference value :  2.92432e-02
 Reference value :  2.92457e-02
 Reference value :  2.92504e-02
 Reference value :  2.92529e-02
 Reference value :  2.92555e-02
 Reference value :  2.92579e-02
 Reference value :  2.92604e-02
 Reference value :  2.92651e-02
 Reference value :  2.92677e-02
 Reference value :  2.92702e-02
 Reference value :  2.92750e-02
 Reference value :  2.92773e-02
 Reference value :  2.92799e-02
 Reference value :  2.92846e-02
 Reference value :  2.92872e-02
 Reference value :  2.92898e-02
 Reference value :  2.92922e-02
 Reference value :  2.92970e-02
 Reference value :  2.92996e-02
 Reference value :  2.93021e-02
 Reference value :  2.93068e-02
 Reference value :  2.93094e-02
 Reference value :  2.93119e-02
 Reference value :  2.93167e-02
 Reference value :  2.93192e-02
 Reference value :  2.93239e-02
 Reference value :  2.93264e-02
 Reference value :  2.93289e-02
 Reference value :  2.93314e-02
 Reference value :  2.93361e-02
 Reference value :  2.93388e-02
 Reference value :  2.93412e-02
 Reference value :  2.93459e-02
 Reference value :  2.93485e-02
 Reference value :  2.93510e-02
 Reference value :  2.93557e-02
 Reference value :  2.93583e-02
 Reference value :  2.93608e-02
 Reference value :  2.93655e-02
 Reference value :  2.93681e-02
 Reference value :  2.93706e-02
 Reference value :  2.93753e-02
 Reference value :  2.93778e-02
 Reference value :  2.93804e-02
 Reference value :  2.93830e-02
 Reference value :  2.93876e-02
 Reference value :  2.93902e-02
 Reference value :  2.93927e-02
 Reference value :  2.93974e-02
 Reference value :  2.94000e-02
 Reference value :  2.94046e-02
 Reference value :  2.94072e-02
 Reference value :  2.94098e-02
 Reference value :  2.94145e-02
 Reference value :  2.94171e-02
 Reference value :  2.94196e-02
 Reference value :  2.94243e-02
 Reference value :  2.94269e-02
 Reference value :  2.94294e-02
 Reference value :  2.94341e-02
 Reference value :  2.94367e-02
 Reference value :  2.94392e-02
 Reference value :  2.94437e-02
 Reference value :  2.94464e-02
 Reference value :  2.94490e-02
 Reference value :  2.94515e-02
 Reference value :  2.94562e-02
 Reference value :  2.94588e-02
 Reference value :  2.94617e-02
 Reference value :  2.94660e-02
 Reference value :  2.94687e-02
 Reference value :  2.94734e-02
 Reference value :  2.94760e-02
 Reference value :  2.94786e-02
 Reference value :  2.94832e-02
 Reference value :  2.94858e-02
 Reference value :  2.94883e-02
 Reference value :  2.94930e-02
 Reference value :  2.94957e-02
 Reference value :  2.94982e-02
 Reference value :  2.95029e-02
 Reference value :  2.95055e-02
 Reference value :  2.95102e-02
 Reference value :  2.95128e-02
 Reference value :  2.95175e-02
 Reference value :  2.95202e-02
 Reference value :  2.95249e-02
 Reference value :  2.95275e-02
 Reference value :  2.95301e-02
 Reference value :  2.95348e-02
 Reference value :  2.95373e-02
 Reference value :  2.95420e-02
 Reference value :  2.95447e-02
 Reference value :  2.95493e-02
 Reference value :  2.95520e-02
 Reference value :  2.95545e-02
 Reference value :  2.95592e-02
 Reference value :  2.95618e-02
 Reference value :  2.95665e-02
 Reference value :  2.95690e-02
 Reference value :  2.95717e-02
 Reference value :  2.95764e-02
 Reference value :  2.95790e-02
 Reference value :  2.95837e-02
 Reference value :  2.95864e-02
 Reference value :  2.95910e-02
 Reference value :  2.95937e-02
 Reference value :  2.95983e-02
 Reference value :  2.96008e-02
 Reference value :  2.96034e-02
 Reference value :  2.96081e-02
 Reference value :  2.96108e-02
 Reference value :  2.96155e-02
 Reference value :  2.96182e-02
 Reference value :  2.96229e-02
 Reference value :  2.96255e-02
 Reference value :  2.96302e-02
 Reference value :  2.96328e-02
 Reference value :  2.96353e-02
 Reference value :  2.96400e-02
 Reference value :  2.96426e-02
 Reference value :  2.96473e-02
 Reference value :  2.96500e-02
 Reference value :  2.96525e-02
 Reference value :  2.96572e-02
 Reference value :  2.96599e-02
 Reference value :  2.96644e-02
 Reference value :  2.96672e-02
 Reference value :  2.96697e-02
 Reference value :  2.96723e-02
 Reference value :  2.96770e-02
 Reference value :  2.96794e-02
 Reference value :  2.96841e-02
 Reference value :  2.96868e-02
 Reference value :  2.96893e-02
 Reference value :  2.96940e-02
 Reference value :  2.96966e-02
 Reference value :  2.97012e-02
 Reference value :  2.97038e-02
 Reference value :  2.97064e-02
 Reference value :  2.97089e-02
 Reference value :  2.97136e-02
 Reference value :  2.97163e-02
 Reference value :  2.97211e-02
 Reference value :  2.97236e-02
 Reference value :  2.97283e-02
 Reference value :  2.97309e-02
 Reference value :  2.97356e-02
 Reference value :  2.97383e-02
 Reference value :  2.97411e-02
 Reference value :  2.97456e-02
 Reference value :  2.97481e-02
 Reference value :  2.97528e-02
 Reference value :  2.97554e-02
 Reference value :  2.97579e-02
 Reference value :  2.97626e-02
 Reference value :  2.97653e-02
 Reference value :  2.97678e-02
 Reference value :  2.97725e-02
 Reference value :  2.97752e-02
 Reference value :  2.97798e-02
 Reference value :  2.97825e-02
 Reference value :  2.97872e-02
 Reference value :  2.97898e-02
 Reference value :  2.97945e-02
 Reference value :  2.97971e-02
 Reference value :  2.98016e-02
 Reference value :  2.98044e-02
 Reference value :  2.98090e-02
 Reference value :  2.98118e-02
 Reference value :  2.98165e-02
 Reference value :  2.98192e-02
 Reference value :  2.98238e-02
 Reference value :  2.98265e-02
 Reference value :  2.98312e-02
 Reference value :  2.98339e-02
 Reference value :  2.98385e-02
 Reference value :  2.98412e-02
 Reference value :  2.98457e-02
 Reference value :  2.98485e-02
 Reference value :  2.98510e-02
 Reference value :  2.98557e-02
 Reference value :  2.98583e-02
 Reference value :  2.98630e-02
 Reference value :  2.98657e-02
 Reference value :  2.98704e-02
 Reference value :  2.98729e-02
 Reference value :  2.98755e-02
 Reference value :  2.98802e-02
 Reference value :  2.98828e-02
 Reference value :  2.98875e-02
 Reference value :  2.98902e-02
 Reference value :  2.98949e-02
 Reference value :  2.98976e-02
 Reference value :  2.99023e-02
 Reference value :  2.99049e-02
 Reference value :  2.99094e-02
 Reference value :  2.99121e-02
 Reference value :  2.99147e-02
 Reference value :  2.99172e-02
 Reference value :  2.99219e-02
 Reference value :  2.99246e-02
 Reference value :  2.99292e-02
 Reference value :  2.99319e-02
 Reference value :  2.99344e-02
 Reference value :  2.99391e-02
 Reference value :  2.99417e-02
 Reference value :  2.99462e-02
 Reference value :  2.99491e-02
 Reference value :  2.99516e-02
 Reference value :  2.99563e-02
 Reference value :  2.99589e-02
 Reference value :  2.99636e-02
 Reference value :  2.99663e-02
 Reference value :  2.99708e-02
 Reference value :  2.99736e-02
 Reference value :  2.99783e-02
 Reference value :  2.99810e-02
 Reference value :  2.99857e-02
 Reference value :  2.99883e-02
 Reference value :  2.99930e-02
 Reference value :  2.99957e-02
stdout No. of Data Rows : 3272454
stdout sim_end = 3.000000e-02
stdout output_peak         =  1.25963e+01 at=  2.04761e-02
stdout output_min          =  -6.35858e-01 at=  2.91553e-04
stdout inductor_peak       =  4.95468e+00 at=  5.24914e-03
stdout inductor_min        =  -4.80562e+01 at=  9.30177e-05
stdout body_reverse_peak   =  4.80562e+01 at=  9.30177e-05
stdout input_min           =  4.76570e-06 at=  1.00000e-08
stdout before_loss         =  1.24094e+01 from=  2.00000e-02 to=  2.40002e-02
stdout recovery            =  1.18746e+01 from=  2.50000e-02 to=  3.00000e-02
