stdout Note: gnd in a subcircuit is not set to 0 automatically
stdout Note: Compatibility modes selected: ps
stdout Circuit: ti tps54360 transient model, 12v actual compensation, vin=20.69
stdout Reducing trtol to 1 for xspice 'A' devices
stdout Doing analysis at TEMP = 27.000000 and TNOM = 27.000000
stdout Using KLU as Direct Linear Solver
stdout Initial Transient Solution
stdout --------------------------
stdout Node                                   Voltage
stdout ----                                   -------
stdout vinf                              -2.59867e-06
stdout xu.set0                                      0
stdout xu.u6_n16588693                           0.86
stdout xu.x_u6_u134.yint                            1
stdout xu.x_u6_u134.e_abmgate_int1                  1
stdout xu.u6_n16564386                              0
stdout xu.sdwn                                      1
stdout xu.u6_n16543632                              1
stdout xu.u6_n16489275                    1.97411e-85
stdout xu.x_u6_u603.x1.yint1                        0
stdout xu.x_u6_u603.x1.e_abmgate1_int1               0
stdout xu.sysclk                                    0
stdout xu.x_u6_u603.x1.yint2                        0
stdout xu.x_u6_u603.x1.yint3                        1
stdout xu.x_u6_u603.x1.e_abmgate2_int1               1
stdout xu.x_u6_u603.clkdel                          1
stdout xu.x_u6_u603.x2.yint                         0
stdout xu.x_u6_u603.x2.e_abmgate_int1               0
stdout xu.x_u6_u603.clkint                          0
stdout xu.x_u6_u603.qint                           -0
stdout xu.x_u6_u603.gq_int1                        -1
stdout xu.u6_pwm                                    0
stdout xu.set1                                      1
stdout xu.x_u6_u603.my5                             1
stdout xu.x_u6_u603.qqq                             0
stdout xu.x_u6_u603.x3.yint1                        0
stdout xu.x_u6_u603.x3.e_abmgate1_int1               0
stdout xu.x_u6_u603.x3.yint2                        0
stdout xu.x_u6_u603.x3.yint3                        0
stdout xu.x_u6_u603.x3.e_abmgate2_int1               0
stdout xu.x_u6_u603.qqqd1                          -0
stdout xu.pwm_clk                                   0
stdout xu.x_u6_u603.qbr                             1
stdout xu.x_u6_u603.eqb_int1                        1
stdout xu.n16528816                                 1
stdout xu.u6_n16489469                    3.43757e-12
stdout xu.e_u6_abm148_int1                3.43757e-12
stdout xu.u6_vrampin                      3.43757e-06
stdout xu.u6_n16502082                      -1.22e-06
stdout xu.e_u6_abm163_int1                  -1.22e-06
stdout xu.u6_n16488977                    2.49722e-06
stdout xu.u6_vramp                        3.43757e-12
stdout xu.u6_iswf                                -0.1
stdout xu.e_u6_abm152_int1                       -0.1
stdout xu.isw                             -2.5987e-13
stdout xu.u6_n16489395                              0
stdout xu.u6_n165858563                         0.024
stdout xu.x_u6_u602.yint                            0
stdout xu.x_u6_u602.e_abmgate_int1                  0
stdout xu.u6_n16575036                              0
stdout xu.boot_uvlo                                 0
stdout xu.u6_ovtp                                   1
stdout xu.u6_n16531938                      -0.111508
stdout xu.e_u6_abm165_int1                  -0.111508
stdout xu.u6_ictrl                          -0.111508
stdout xu.e_u6_abm164_int1                2.49722e-06
stdout comp                                  0.594386
stdout xu.g_u6_abmi4_int1                -0.000343757
stdout xu.if2ia                           0.000343757
stdout xu.e_u6_abm151_int1                          0
stdout xu.pwm_final                                 0
stdout xu.x_u6_u599.yint1                           0
stdout xu.x_u6_u599.e_abmgate1_int1                 0
stdout xu.x_u6_u599.yint2                           0
stdout xu.x_u6_u599.yint3                           1
stdout xu.x_u6_u599.e_abmgate2_int1                 1
stdout xu.u6_n16489527                              1
stdout xu.x_u6_u600.yint                            0
stdout xu.x_u6_u600.e_abm_int1                      0
stdout xu.x_u6_u598.yint                            0
stdout xu.x_u6_u598.e_abmgate_int1                  0
stdout xu.x_u6_u604.inp1                        0.436
stdout xu.x_u6_u604.inm1                       -0.424
stdout xu.vsenseint                      -2.79233e-13
stdout xu.x_u6_u604.inm2                       -0.436
stdout xu.x_u6_u604.ehys_int1                  -0.012
stdout xu.x_u6_u604.1                               1
stdout xu.x_u6_u604.eout_int1                       1
stdout xu.u3_n16489962                              1
stdout xu.u3_n16638112                   -2.79233e-13
stdout rt                                    0.999996
stdout xu.u3_n16667294                   4.54076e-168
stdout xu.u3_n16667366                   1.33053e-153
stdout xu.u3_n166379101                           0.6
stdout xu.u3_n16638088                            0.6
stdout xu.u3_n16490102                              5
stdout xu.u3_ramp                         5.07254e-05
stdout xu.u3_n16650384                    5.07254e-05
stdout xu.i_rt                            4.16675e-06
stdout xu.u3_n16523619                              1
stdout xu.e_u3_abm164_int1               -2.79233e-13
stdout fb                                -2.79233e-13
stdout xu.x_u3_u6.yint                              1
stdout xu.x_u3_u6.e_abm_int1                        1
stdout xu.u3_n16637796                            0.4
stdout xu.u3_out2                                   1
stdout xu.fsw                             0.000405803
stdout xu.e_u3_abm1_int1                  0.000405803
stdout xu.u3_n16505459                              1
stdout xu.x_u3_u131.yint                            0
stdout xu.x_u3_u131.e_abm_int1                      0
stdout xu.u3_sysclk1                                0
stdout xu.x_u3_u7.yint                              1
stdout xu.x_u3_u7.e_abm_int1                        1
stdout xu.u3_out3                                   1
stdout xu.x_u3_u138.yint                            0
stdout xu.x_u3_u138.e_abmgate_int1                  0
stdout xu.x_u3_u135.yint1                           0
stdout xu.x_u3_u135.e_abmgate1_int1                 0
stdout xu.x_u3_u135.yint2                           0
stdout xu.x_u3_u135.yint3                           0
stdout xu.x_u3_u135.e_abmgate2_int1                 0
stdout xu.u3_n16517387                              0
stdout xu.u3_n16676060                    0.000343757
stdout xu.e_u3_abm166_int1                0.000343757
stdout xu.u3_out1                                   1
stdout xu.u3_n16668029                            0.2
stdout xu.x_u3_u134.yint                            1
stdout xu.x_u3_u134.e_abmgate_int1                  1
stdout xu.u3_n16517226                              1
stdout xu.e_u3_abm165_int1                5.07254e-05
stdout xu.u3_n166679551                           0.2
stdout xu.e_u3_abm7_int1                          0.2
stdout xu.u3_n166378601                           0.4
stdout xu.x_u3_u136.yint                            0
stdout xu.x_u3_u136.e_abmgate_int1                  0
stdout xu.u3_n16667326                              1
stdout xu.x_u3_u8.yint                              1
stdout xu.x_u3_u8.e_abm_int1                        1
stdout xu.e_u3_abm4_int1                          0.4
stdout xu.x_u3_u137.yint1                           0
stdout xu.x_u3_u137.e_abmgate1_int1                 0
stdout xu.x_u3_u137.yint2                           0
stdout xu.x_u3_u137.yint3                           1
stdout xu.x_u3_u137.e_abmgate2_int1                 1
stdout xu.e_u3_abm6_int1                          0.6
stdout xu.x_u8_u606.yint                            0
stdout xu.x_u8_u606.e_abmgate_int1                  0
stdout xu.u8_sdwn_n                                 0
stdout xu.x_u8_u613.yint                            0
stdout xu.x_u8_u613.e_abmgate_int1                  0
stdout xu.u8_n7365280                               0
stdout xu.u8_n73698801                              6
stdout xu.u8_n7345383                               6
stdout xu.u8_n7274256                               0
stdout xu.x_u8_u608.yint                            0
stdout xu.x_u8_u608.e_abmgate_int1                  0
stdout xu.u8_hdrvin                                 0
stdout xu.u8_n7342498                               0
stdout xu.u8_n7274022                               0
stdout xu.x_u8_u602.yint                            1
stdout xu.x_u8_u602.e_abmgate_int1                  1
stdout xu.u8_out                                    0
stdout xu.u8_boot_on                                1
stdout xu.x_u8_u607.yint                            0
stdout xu.x_u8_u607.e_abmgate_int1                  0
stdout xu.u8_ldrv                                   1
stdout xu.enab                                      0
stdout xu.u8_boot_sw_on                             0
stdout xu.x_u8_u612.yint1                           1
stdout xu.x_u8_u612.e_abmgate1_int1                 1
stdout xu.u8_n7274198                               1
stdout xu.x_u8_u612.yint2                           1
stdout xu.x_u8_u612.yint3                           1
stdout xu.x_u8_u612.e_abmgate2_int1                 1
stdout xu.u8_n7343256                               1
stdout xu.x_u8_u609.yint                            1
stdout xu.x_u8_u609.e_abmgate_int1                  1
stdout xu.u8_n7274032                               1
stdout xu.u8_n7273984                    -2.59867e-06
stdout xu.e_u8_abm2_int1                            6
stdout boot                              -2.36409e-09
stdout xu.x_u8_u610.yint                            1
stdout xu.x_u8_u610.e_abmgate_int1                  1
stdout xu.x_u8_u604.yint                            0
stdout xu.x_u8_u604.e_abmgate_int1                  0
stdout xu.u8_n7347010                    -2.35989e-09
stdout xu.e_u8_abm169_int1               -2.35989e-09
stdout sw                                -4.19504e-12
stdout xu.x_u8_u611.yint1                           0
stdout xu.x_u8_u611.e_abmgate1_int1                 0
stdout xu.x_u8_u611.yint2                           0
stdout xu.x_u8_u611.yint3                           0
stdout xu.x_u8_u611.e_abmgate2_int1                 0
stdout xu.hdrv                            -4.1974e-12
stdout xu.x_u8_u605.yint                            1
stdout xu.x_u8_u605.e_abmgate_int1                  1
stdout xu.e_u8_abm167_int1                          0
stdout xu.x_u8_u5.yint                             -0
stdout xu.x_u8_u5.e_abm_int1                       -0
stdout xu.u5_n16512904                          7e-05
stdout xu.ocb                                       0
stdout xu.g_u5_abm2i1_int1                -2.6488e-06
stdout xu.vref_gm                             -0.0344
stdout xu.u5_vgm                              7.7e-05
stdout xu.u5_n16513008                              2
stdout xu.u5_n16513064                        7.7e-05
stdout xu.e_u5_abm177_int1                    7.7e-05
stdout xu.x_u5_u603.yint                            0
stdout xu.x_u5_u603.e_abmgate_int1                  0
stdout xu.u5_n16513124                              0
stdout xu.u5_n16512948                          7e-05
stdout xu.u5_n16513186                              0
stdout xu.e_u5_abm8_int1                            0
stdout xu.u5_n16513014                            0.6
stdout xu.x_u5_u614.yint                            0
stdout xu.x_u5_u614.e_abmgate_int1                  0
stdout xu.u5_n16513160                              0
stdout xu.e_u5_abm171_int1                      7e-05
stdout xu.ss_tr                                     0
stdout xu.x_u11_u604.yint                           1
stdout xu.x_u11_u604.e_abmgate_int1                 1
stdout xu.u11_n16496294                             1
stdout xu.ss_disch                                  0
stdout xu.e_u11_abm173_int1                         0
stdout xu.u11_n6045136                              0
stdout xu.x_u11_u601.yint                           1
stdout xu.x_u11_u601.e_abmgate_int1                 1
stdout xu.u11_uvlo                                  1
stdout xu.x_u11_u603.yint                           0
stdout xu.x_u11_u603.e_abmgate_int1                 0
stdout xu.u11_n6045130                              0
stdout xu.u11_n6045018                            4.3
stdout xu.x_u11_u602.yint                           1
stdout xu.x_u11_u602.e_abm_int1                     1
stdout en                                   0.0207959
stdout xu.u1_n7335522                               0
stdout xu.e_u1_abm173_int1                          0
stdout xu.u1_n7335540                               0
stdout xu.e_u1_abm1_int1                            0
stdout xu.g_u1_abmii1_int1                    1.2e-06
stdout xu.u7_indelayed2                   3.49815e-79
stdout xu.u7_n16490100                              1
stdout xu.u7_n16489586                              1
stdout xu.x_u7_u6.yint                              0
stdout xu.x_u7_u6.e_abmgate_int1                    0
stdout xu.u7_or2out2                                0
stdout xu.u7_or2out1                                0
stdout xu.u7_n16489522                    7.31565e-99
stdout xu.u7_indelayed1                   6.88338e-79
stdout xu.x_u7_u826.yint1                           0
stdout xu.x_u7_u826.e_abmgate1_int1                 0
stdout xu.x_u7_u826.yint2                           0
stdout xu.x_u7_u826.yint3                           1
stdout xu.x_u7_u826.e_abmgate2_int1                 1
stdout xu.u7_n16509390                              1
stdout xu.x_u7_u825.yint                            0
stdout xu.x_u7_u825.e_abmgate_int1                  0
stdout xu.u7_n16509288                   -3.65776e-99
stdout xu.e_u7_abm13_int1                           1
stdout xu.x_u7_u823.yint                            0
stdout xu.x_u7_u823.e_abmgate_int1                  0
stdout xu.u7_n16497188                              1
stdout xu.x_u7_u827.yint                            0
stdout xu.x_u7_u827.e_abmgate_int1                  0
stdout xu.x_u7_u822.yint1                           0
stdout xu.x_u7_u822.e_abmgate1_int1                 0
stdout xu.x_u7_u822.yint2                           0
stdout xu.x_u7_u822.yint3                           1
stdout xu.x_u7_u822.e_abmgate2_int1                 1
stdout xu.x_u7_u824.yint                            0
stdout xu.x_u7_u824.e_abmgate_int1                  0
stdout xu.u4_n7398284                         -0.0344
stdout xu.e_u4_abm178_int1                    -0.0344
stdout xu.u4_n7404432                         -0.0344
stdout xu.u4_n7398466                               0
stdout xu.e_u4_abm180_int1                          0
stdout xu.u4_n7397990                             1.7
stdout xu.g_u4_abmii1_int1                          0
stdout xu.u4_n16518371                              0
stdout xu.u4_n7404426                         -0.0344
stdout xu.x_u4_u1.yint                              0
stdout xu.x_u4_u1.e_abmgate_int1                    0
stdout xu.u4_n7398492                               0
stdout xu.e_u4_abm179_int1                    -0.0344
stdout xu.u4_n7398290                         -0.0344
stdout xu.g_u4_abmi5_int1                           0
stdout xu.e_u4_abm174_int1                    -0.0344
stdout vout                               -4.1885e-12
stdout cc                                    0.594386
stdout linductor                         -4.19504e-12
stdout c1                                           0
stdout c2                                           0
stdout secp                              -1.29933e-06
stdout secn                              -1.29933e-06
stdout acp                               -1.29933e-06
stdout acn                               -1.29933e-06
stdout stored                            -2.59867e-06
stdout bsecondary#branch                            0
stdout b.xu.be_u4_abm174#branch                     0
stdout b.xu.bg_u4_abmi5#branch                      0
stdout b.xu.be_u4_abm179#branch                     0
stdout b.xu.x_u4_u1.be_abmgate#branch               0
stdout b.xu.bg_u4_abmii1#branch                     0
stdout b.xu.be_u4_abm180#branch                     0
stdout b.xu.be_u4_abm178#branch                     0
stdout b.xu.x_u7_u824.be_abmgate#branch               0
stdout b.xu.x_u7_u822.be_abmgate2#branch               0
stdout b.xu.x_u7_u822.be_abmgate1#branch               0
stdout b.xu.x_u7_u827.be_abmgate#branch               0
stdout b.xu.x_u7_u823.be_abmgate#branch               0
stdout b.xu.be_u7_abm13#branch                      0
stdout b.xu.x_u7_u825.be_abmgate#branch               0
stdout b.xu.x_u7_u826.be_abmgate2#branch               0
stdout b.xu.x_u7_u826.be_abmgate1#branch               0
stdout b.xu.x_u7_u6.be_abmgate#branch               0
stdout b.xu.bg_u1_abmii1#branch                     0
stdout b.xu.be_u1_abm1#branch                       0
stdout b.xu.be_u1_abm173#branch                     0
stdout b.xu.x_u11_u602.be_abm#branch                0
stdout b.xu.x_u11_u603.be_abmgate#branch               0
stdout b.xu.x_u11_u601.be_abmgate#branch               0
stdout b.xu.be_u11_abm173#branch                    0
stdout b.xu.x_u11_u604.be_abmgate#branch               0
stdout b.xu.be_u5_abm171#branch                     0
stdout b.xu.x_u5_u614.be_abmgate#branch               0
stdout b.xu.be_u5_abm8#branch                       0
stdout b.xu.x_u5_u603.be_abmgate#branch               0
stdout b.xu.be_u5_abm177#branch                     0
stdout b.xu.bg_u5_abm2i1#branch                     0
stdout b.xu.x_u8_u5.be_abm#branch                   0
stdout b.xu.be_u8_abm167#branch                     0
stdout b.xu.x_u8_u605.be_abmgate#branch               0
stdout b.xu.x_u8_u611.be_abmgate2#branch               0
stdout b.xu.x_u8_u611.be_abmgate1#branch               0
stdout b.xu.be_u8_abm169#branch                     0
stdout b.xu.x_u8_u604.be_abmgate#branch               0
stdout b.xu.x_u8_u610.be_abmgate#branch               0
stdout b.xu.be_u8_abm2#branch                       0
stdout b.xu.x_u8_u609.be_abmgate#branch               0
stdout b.xu.x_u8_u612.be_abmgate2#branch               0
stdout b.xu.x_u8_u612.be_abmgate1#branch               0
stdout b.xu.x_u8_u607.be_abmgate#branch               0
stdout b.xu.x_u8_u602.be_abmgate#branch               0
stdout b.xu.x_u8_u608.be_abmgate#branch               0
stdout b.xu.x_u8_u613.be_abmgate#branch               0
stdout b.xu.x_u8_u606.be_abmgate#branch               0
stdout b.xu.be_u3_abm6#branch                       0
stdout b.xu.x_u3_u137.be_abmgate2#branch               0
stdout b.xu.x_u3_u137.be_abmgate1#branch               0
stdout b.xu.be_u3_abm4#branch                       0
stdout b.xu.x_u3_u8.be_abm#branch                   0
stdout b.xu.x_u3_u136.be_abmgate#branch               0
stdout b.xu.be_u3_abm7#branch                       0
stdout b.xu.be_u3_abm165#branch                     0
stdout v.xu.v_u3_v44#branch              -4.16675e-06
stdout b.xu.x_u3_u134.be_abmgate#branch               0
stdout b.xu.be_u3_abm166#branch                     0
stdout b.xu.x_u3_u135.be_abmgate2#branch               0
stdout b.xu.x_u3_u135.be_abmgate1#branch               0
stdout b.xu.x_u3_u138.be_abmgate#branch               0
stdout b.xu.x_u3_u7.be_abm#branch                   0
stdout b.xu.x_u3_u131.be_abm#branch                 0
stdout b.xu.be_u3_abm1#branch                       0
stdout b.xu.x_u3_u6.be_abm#branch                   0
stdout b.xu.be_u3_abm164#branch                     0
stdout b.xu.x_u6_u604.beout#branch                  0
stdout b.xu.x_u6_u604.behys#branch                  0
stdout b.xu.x_u6_u598.be_abmgate#branch               0
stdout b.xu.x_u6_u600.be_abm#branch                 0
stdout b.xu.x_u6_u599.be_abmgate2#branch               0
stdout b.xu.x_u6_u599.be_abmgate1#branch               0
stdout b.xu.be_u6_abm151#branch                     0
stdout b.xu.bg_u6_abmi4#branch                      0
stdout b.xu.be_u6_abm164#branch                     0
stdout b.xu.be_u6_abm165#branch                     0
stdout b.xu.x_u6_u602.be_abmgate#branch               0
stdout b.xu.be_u6_abm152#branch                     0
stdout b.xu.be_u6_abm163#branch                     0
stdout b.xu.be_u6_abm148#branch                     0
stdout b.xu.x_u6_u603.beqb#branch                   0
stdout b.xu.x_u6_u603.x3.be_abmgate2#branch               0
stdout b.xu.x_u6_u603.x3.be_abmgate1#branch               0
stdout b.xu.x_u6_u603.bgq#branch                    0
stdout b.xu.x_u6_u603.x2.be_abmgate#branch               0
stdout b.xu.x_u6_u603.x1.be_abmgate2#branch               0
stdout b.xu.x_u6_u603.x1.be_abmgate1#branch               0
stdout b.xu.x_u6_u134.be_abmgate#branch               0
stdout h.xu.x_u8_h1.h_u8_h1#branch                  0
stdout v.xu.x_u8_h1.vh_u8_h1#branch       -2.5987e-13
stdout h.xu.x_u3_h1.h_u3_h1#branch        -8.3335e-06
stdout v.xu.x_u3_h1.vh_u3_h1#branch      -4.16675e-06
stdout l1#branch                         -2.61921e-13
stdout e.xu.e_u4_abm174#branch                      0
stdout e.xu.e_u4_abm179#branch                      0
stdout e.xu.x_u4_u1.e_abmgate#branch                0
stdout e.xu.e_u4_abm180#branch                      0
stdout e.xu.e_u4_abm178#branch                      0
stdout e.xu.x_u7_u824.e_abmgate#branch               0
stdout e.xu.x_u7_u822.e_abmgate2#branch               0
stdout e.xu.x_u7_u822.e_abmgate1#branch               0
stdout e.xu.x_u7_u827.e_abmgate#branch    -3.65776e-99
stdout e.xu.x_u7_u823.e_abmgate#branch     7.31565e-99
stdout e.xu.e_u7_abm13#branch                       0
stdout e.xu.x_u7_u825.e_abmgate#branch               0
stdout e.xu.x_u7_u826.e_abmgate2#branch               0
stdout e.xu.x_u7_u826.e_abmgate1#branch               0
stdout e.xu.x_u7_u6.e_abmgate#branch                0
stdout e.xu.e_u1_abm1#branch                        0
stdout e.xu.e_u1_abm173#branch            2.11082e-10
stdout e.xu.x_u11_u602.e_abm#branch                 0
stdout e.xu.x_u11_u603.e_abmgate#branch               0
stdout e.xu.x_u11_u601.e_abmgate#branch               0
stdout e.xu.e_u11_abm173#branch                     0
stdout e.xu.x_u11_u604.e_abmgate#branch               0
stdout e.xu.e_u5_abm171#branch                      0
stdout e.xu.x_u5_u614.e_abmgate#branch               0
stdout e.xu.e_u5_abm8#branch                        0
stdout e.xu.x_u5_u603.e_abmgate#branch               0
stdout e.xu.e_u5_abm177#branch                      0
stdout e.xu.x_u8_u5.e_abm#branch                    0
stdout e.xu.e_u8_abm167#branch                      0
stdout e.xu.x_u8_u605.e_abmgate#branch               0
stdout e.xu.x_u8_u611.e_abmgate2#branch               0
stdout e.xu.x_u8_u611.e_abmgate1#branch               0
stdout e.xu.e_u8_abm169#branch                      0
stdout e.xu.x_u8_u604.e_abmgate#branch               0
stdout e.xu.x_u8_u610.e_abmgate#branch               0
stdout e.xu.e_u8_abm2#branch                        0
stdout e.xu.x_u8_u609.e_abmgate#branch      -1.001e-09
stdout e.xu.x_u8_u612.e_abmgate2#branch               0
stdout e.xu.x_u8_u612.e_abmgate1#branch               0
stdout e.xu.x_u8_u607.e_abmgate#branch               0
stdout e.xu.x_u8_u602.e_abmgate#branch               0
stdout e.xu.x_u8_u608.e_abmgate#branch               0
stdout e.xu.x_u8_u613.e_abmgate#branch               0
stdout e.xu.x_u8_u606.e_abmgate#branch               0
stdout e.xu.e_u3_abm6#branch                        0
stdout e.xu.x_u3_u137.e_abmgate2#branch               0
stdout e.xu.x_u3_u137.e_abmgate1#branch               0
stdout e.xu.e_u3_abm4#branch                        0
stdout e.xu.x_u3_u8.e_abm#branch                    0
stdout e.xu.x_u3_u136.e_abmgate#branch    4.54076e-168
stdout e.xu.e_u3_abm7#branch                        0
stdout e.xu.e_u3_abm165#branch                      0
stdout e.xu.x_u3_u134.e_abmgate#branch      -1.001e-09
stdout e.xu.e_u3_abm166#branch                      0
stdout e.xu.x_u3_u135.e_abmgate2#branch               0
stdout e.xu.x_u3_u135.e_abmgate1#branch               0
stdout e.xu.x_u3_u138.e_abmgate#branch               0
stdout e.xu.x_u3_u7.e_abm#branch                    0
stdout e.xu.x_u3_u131.e_abm#branch                  0
stdout e.xu.e_u3_abm1#branch                        0
stdout e.xu.x_u3_u6.e_abm#branch                    0
stdout e.xu.e_u3_abm164#branch            5.04871e-29
stdout e.xu.x_u6_u604.eout#branch                   0
stdout e.xu.x_u6_u604.ehys#branch            4.36e-05
stdout e.xu.x_u6_u604.ein#branch            -4.36e-05
stdout e.xu.x_u6_u598.e_abmgate#branch               0
stdout e.xu.x_u6_u600.e_abm#branch                  0
stdout e.xu.x_u6_u599.e_abmgate2#branch               0
stdout e.xu.x_u6_u599.e_abmgate1#branch               0
stdout e.xu.e_u6_abm151#branch           1.79267e-100
stdout e.xu.e_u6_abm164#branch                      0
stdout e.xu.e_u6_abm165#branch                      0
stdout e.xu.x_u6_u602.e_abmgate#branch               0
stdout e.xu.e_u6_abm152#branch                      0
stdout e.xu.e_u6_abm163#branch                      0
stdout e.xu.e_u6_abm148#branch                      0
stdout e.xu.x_u6_u603.eqb#branch                    0
stdout e.xu.x_u6_u603.x3.e_abmgate2#branch               0
stdout e.xu.x_u6_u603.x3.e_abmgate1#branch               0
stdout e.xu.x_u6_u603.eq#branch                     0
stdout e.xu.x_u6_u603.x2.e_abmgate#branch               0
stdout e.xu.x_u6_u603.x1.e_abmgate2#branch               0
stdout e.xu.x_u6_u603.x1.e_abmgate1#branch               0
stdout e.xu.x_u6_u134.e_abmgate#branch      -1.001e-09
stdout v.xu.v_u4_v70#branch                -1.701e-12
stdout v.xu.v_u11_v64#branch                        0
stdout v.xu.v_u5_v5#branch                -2.6696e-06
stdout v.xu.v_u5_v6#branch               -1.40661e-12
stdout v.xu.v_u3_v45#branch              -5.07254e-05
stdout v.xu.v_u3_v46#branch                         0
stdout v.xu.v_v46#branch                            0
stdout v.xu.v_u6_v2#branch                          0
stdout v.xu.x_u6_u603.v1#branch            -1.001e-12
stdout v.xu.v_u6_v1#branch                          0
stdout v.xu.v_v47#branch                            0
 Reference value :  2.31420e-04
 Reference value :  6.14170e-04
 Reference value :  9.95670e-04
 Reference value :  1.37567e-03
 Reference value :  1.76167e-03
 Reference value :  2.14441e-03
 Reference value :  2.52866e-03
 Reference value :  2.91191e-03
 Reference value :  3.29791e-03
 Reference value :  3.45681e-03
 Reference value :  3.51045e-03
 Reference value :  3.56828e-03
 Reference value :  3.59127e-03
 Reference value :  3.60938e-03
 Reference value :  3.63696e-03
 Reference value :  3.64968e-03
 Reference value :  3.68369e-03
 Reference value :  3.70313e-03
 Reference value :  3.72240e-03
 Reference value :  3.74157e-03
 Reference value :  3.76096e-03
 Reference value :  3.78048e-03
 Reference value :  3.80042e-03
 Reference value :  3.81965e-03
 Reference value :  3.84287e-03
 Reference value :  3.87591e-03
 Reference value :  3.87823e-03
 Reference value :  3.89716e-03
 Reference value :  3.93388e-03
 Reference value :  3.95306e-03
 Reference value :  3.97224e-03
 Reference value :  3.99362e-03
 Reference value :  4.01309e-03
 Reference value :  4.04940e-03
 Reference value :  4.06870e-03
 Reference value :  4.08785e-03
 Reference value :  4.10974e-03
 Reference value :  4.12902e-03
 Reference value :  4.16487e-03
 Reference value :  4.18441e-03
 Reference value :  4.20378e-03
 Reference value :  4.22593e-03
 Reference value :  4.26128e-03
 Reference value :  4.28061e-03
 Reference value :  4.29994e-03
 Reference value :  4.32264e-03
 Reference value :  4.34203e-03
 Reference value :  4.37704e-03
 Reference value :  4.39638e-03
 Reference value :  4.41569e-03
 Reference value :  4.43492e-03
 Reference value :  4.45439e-03
 Reference value :  4.47811e-03
 Reference value :  4.51206e-03
 Reference value :  4.53155e-03
 Reference value :  4.55097e-03
 Reference value :  4.57051e-03
 Reference value :  4.59462e-03
 Reference value :  4.61389e-03
 Reference value :  4.64745e-03
 Reference value :  4.66673e-03
 Reference value :  4.68618e-03
 Reference value :  4.71117e-03
 Reference value :  4.73046e-03
 Reference value :  4.76314e-03
 Reference value :  4.78262e-03
 Reference value :  4.79422e-03
 Reference value :  4.80711e-03
 Reference value :  4.81676e-03
 Reference value :  4.83282e-03
 Reference value :  4.84259e-03
 Reference value :  4.85543e-03
 Reference value :  4.86538e-03
 Reference value :  4.88118e-03
 Reference value :  4.89092e-03
 Reference value :  4.90098e-03
 Reference value :  4.91371e-03
 Reference value :  4.92941e-03
 Reference value :  4.93914e-03
 Reference value :  4.94882e-03
 Reference value :  4.96205e-03
 Reference value :  4.97186e-03
 Reference value :  4.98735e-03
 Reference value :  4.99708e-03
 Reference value :  5.01053e-03
 Reference value :  5.02062e-03
 Reference value :  5.03579e-03
 Reference value :  5.04926e-03
 Reference value :  5.05910e-03
 Reference value :  5.07423e-03
 Reference value :  5.08396e-03
 Reference value :  5.09387e-03
 Reference value :  5.10752e-03
 Reference value :  5.12260e-03
 Reference value :  5.13237e-03
 Reference value :  5.14617e-03
 Reference value :  5.15606e-03
 Reference value :  5.17102e-03
 Reference value :  5.18086e-03
 Reference value :  5.19496e-03
 Reference value :  5.20483e-03
 Reference value :  5.21941e-03
 Reference value :  5.22918e-03
 Reference value :  5.24350e-03
 Reference value :  5.25812e-03
 Reference value :  5.26774e-03
 Reference value :  5.28240e-03
 Reference value :  5.29197e-03
 Reference value :  5.30288e-03
 Reference value :  5.31626e-03
 Reference value :  5.32601e-03
 Reference value :  5.34068e-03
 Reference value :  5.35046e-03
 Reference value :  5.36018e-03
 Reference value :  5.37114e-03
 Reference value :  5.38391e-03
 Reference value :  5.39364e-03
 Reference value :  5.40331e-03
 Reference value :  5.41823e-03
 Reference value :  5.42786e-03
 Reference value :  5.44193e-03
 Reference value :  5.45163e-03
 Reference value :  5.46165e-03
 Reference value :  5.46658e-03
 Reference value :  5.47340e-03
 Reference value :  5.47825e-03
 Reference value :  5.48595e-03
 Reference value :  5.49081e-03
 Reference value :  5.49756e-03
 Reference value :  5.50246e-03
 Reference value :  5.50744e-03
 Reference value :  5.51519e-03
 Reference value :  5.52188e-03
 Reference value :  5.52957e-03
 Reference value :  5.53446e-03
 Reference value :  5.54129e-03
 Reference value :  5.54613e-03
 Reference value :  5.55382e-03
 Reference value :  5.56055e-03
 Reference value :  5.56543e-03
 Reference value :  5.57033e-03
 Reference value :  5.57827e-03
 Reference value :  5.58482e-03
 Reference value :  5.58977e-03
 Reference value :  5.59762e-03
 Reference value :  5.60405e-03
 Reference value :  5.60914e-03
 Reference value :  5.61682e-03
 Reference value :  5.62191e-03
 Reference value :  5.62846e-03
 Reference value :  5.63333e-03
 Reference value :  5.64118e-03
 Reference value :  5.64621e-03
 Reference value :  5.65272e-03
 Reference value :  5.65761e-03
 Reference value :  5.66555e-03
 Reference value :  5.67201e-03
 Reference value :  5.67692e-03
 Reference value :  5.68496e-03
 Reference value :  5.69138e-03
 Reference value :  5.69629e-03
 Reference value :  5.70443e-03
 Reference value :  5.70923e-03
 Reference value :  5.71575e-03
 Reference value :  5.72381e-03
 Reference value :  5.72869e-03
 Reference value :  5.73505e-03
 Reference value :  5.73991e-03
 Reference value :  5.74796e-03
 Reference value :  5.75289e-03
 Reference value :  5.75929e-03
 Reference value :  5.76419e-03
 Reference value :  5.77247e-03
 Reference value :  5.77751e-03
 Reference value :  5.78356e-03
 Reference value :  5.78850e-03
 Reference value :  5.79675e-03
 Reference value :  5.80297e-03
 Reference value :  5.80782e-03
 Reference value :  5.81612e-03
 Reference value :  5.82230e-03
 Reference value :  5.82714e-03
 Reference value :  5.83540e-03
 Reference value :  5.84047e-03
 Reference value :  5.84656e-03
 Reference value :  5.85138e-03
 Reference value :  5.85984e-03
 Reference value :  5.86473e-03
 Reference value :  5.87094e-03
 Reference value :  5.87584e-03
 Reference value :  5.88433e-03
 Reference value :  5.88919e-03
 Reference value :  5.89527e-03
 Reference value :  5.90019e-03
 Reference value :  5.90873e-03
 Reference value :  5.91476e-03
 Reference value :  5.91964e-03
 Reference value :  5.92811e-03
 Reference value :  5.93312e-03
 Reference value :  5.93894e-03
 Reference value :  5.94738e-03
 Reference value :  5.95333e-03
 Reference value :  5.95839e-03
 Reference value :  5.96693e-03
 Reference value :  5.97182e-03
 Reference value :  5.97784e-03
 Reference value :  5.98276e-03
 Reference value :  5.98770e-03
 Reference value :  5.99622e-03
 Reference value :  6.00116e-03
 Reference value :  6.00697e-03
 Reference value :  6.01560e-03
 Reference value :  6.02060e-03
 Reference value :  6.02643e-03
 Reference value :  6.03506e-03
 Reference value :  6.04007e-03
 Reference value :  6.04575e-03
 Reference value :  6.05062e-03
 Reference value :  6.05952e-03
 Reference value :  6.06511e-03
 Reference value :  6.06999e-03
 Reference value :  6.07501e-03
 Reference value :  6.08374e-03
 Reference value :  6.08945e-03
 Reference value :  6.09437e-03
 Reference value :  6.10317e-03
 Reference value :  6.10823e-03
 Reference value :  6.11375e-03
 Reference value :  6.11867e-03
 Reference value :  6.12358e-03
 Reference value :  6.12851e-03
 Reference value :  6.13753e-03
 Reference value :  6.14304e-03
 Reference value :  6.14790e-03
 Reference value :  6.15278e-03
 Reference value :  6.16172e-03
 Reference value :  6.16679e-03
 Reference value :  6.17219e-03
 Reference value :  6.17707e-03
 Reference value :  6.18319e-03
 Reference value :  6.18591e-03
 Reference value :  6.18840e-03
 Reference value :  6.19305e-03
 Reference value :  6.19573e-03
 Reference value :  6.19824e-03
 Reference value :  6.20287e-03
 Reference value :  6.20562e-03
 Reference value :  6.21015e-03
 Reference value :  6.21287e-03
 Reference value :  6.21534e-03
 Reference value :  6.22004e-03
 Reference value :  6.22264e-03
 Reference value :  6.22727e-03
 Reference value :  6.22995e-03
 Reference value :  6.23460e-03
 Reference value :  6.23709e-03
 Reference value :  6.23975e-03
 Reference value :  6.24442e-03
 Reference value :  6.24707e-03
 Reference value :  6.25169e-03
 Reference value :  6.25443e-03
 Reference value :  6.25736e-03
 Reference value :  6.26153e-03
 Reference value :  6.26416e-03
 Reference value :  6.26697e-03
 Reference value :  6.27136e-03
 Reference value :  6.27393e-03
 Reference value :  6.27863e-03
 Reference value :  6.28123e-03
 Reference value :  6.28578e-03
 Reference value :  6.28854e-03
 Reference value :  6.29103e-03
 Reference value :  6.29571e-03
 Reference value :  6.29830e-03
 Reference value :  6.30087e-03
 Reference value :  6.30552e-03
 Reference value :  6.30804e-03
 Reference value :  6.31059e-03
 Reference value :  6.31322e-03
 Reference value :  6.31794e-03
 Reference value :  6.32044e-03
 Reference value :  6.32515e-03
 Reference value :  6.32774e-03
 Reference value :  6.33020e-03
 Reference value :  6.33496e-03
 Reference value :  6.33751e-03
 Reference value :  6.33999e-03
 Reference value :  6.34448e-03
 Reference value :  6.34723e-03
 Reference value :  6.34976e-03
 Reference value :  6.35227e-03
 Reference value :  6.35706e-03
 Reference value :  6.35956e-03
 Reference value :  6.36204e-03
 Reference value :  6.36685e-03
 Reference value :  6.36935e-03
 Reference value :  6.37184e-03
 Reference value :  6.37665e-03
 Reference value :  6.37915e-03
 Reference value :  6.38164e-03
 Reference value :  6.38651e-03
 Reference value :  6.38898e-03
 Reference value :  6.39146e-03
 Reference value :  6.39634e-03
 Reference value :  6.40123e-03
 Reference value :  6.40380e-03
 Reference value :  6.41105e-03
 Reference value :  6.41836e-03
 Reference value :  6.42571e-03
 Reference value :  6.43304e-03
 Reference value :  6.44040e-03
 Reference value :  6.44774e-03
 Reference value :  6.45508e-03
 Reference value :  6.46242e-03
 Reference value :  6.46976e-03
 Reference value :  6.47710e-03
 Reference value :  6.48446e-03
 Reference value :  6.49181e-03
 Reference value :  6.49920e-03
 Reference value :  6.50654e-03
 Reference value :  6.51385e-03
 Reference value :  6.52127e-03
 Reference value :  6.52865e-03
 Reference value :  6.53595e-03
 Reference value :  6.54335e-03
 Reference value :  6.55073e-03
 Reference value :  6.55800e-03
 Reference value :  6.56535e-03
 Reference value :  6.57268e-03
 Reference value :  6.58003e-03
 Reference value :  6.58740e-03
 Reference value :  6.59470e-03
 Reference value :  6.60205e-03
 Reference value :  6.60940e-03
 Reference value :  6.61674e-03
 Reference value :  6.62405e-03
 Reference value :  6.63136e-03
 Reference value :  6.63874e-03
 Reference value :  6.64371e-03
 Reference value :  6.65106e-03
 Reference value :  6.65838e-03
 Reference value :  6.66574e-03
 Reference value :  6.67309e-03
 Reference value :  6.68042e-03
 Reference value :  6.68778e-03
 Reference value :  6.69509e-03
 Reference value :  6.70242e-03
 Reference value :  6.70972e-03
 Reference value :  6.71715e-03
 Reference value :  6.72451e-03
 Reference value :  6.73182e-03
 Reference value :  6.73920e-03
 Reference value :  6.74656e-03
 Reference value :  6.75390e-03
 Reference value :  6.76127e-03
 Reference value :  6.76866e-03
 Reference value :  6.77598e-03
 Reference value :  6.78339e-03
 Reference value :  6.79101e-03
 Reference value :  6.79850e-03
 Reference value :  6.80775e-03
 Reference value :  6.81507e-03
 Reference value :  6.82247e-03
 Reference value :  6.82981e-03
 Reference value :  6.83717e-03
 Reference value :  6.84454e-03
 Reference value :  6.85188e-03
 Reference value :  6.85925e-03
 Reference value :  6.86664e-03
 Reference value :  6.87401e-03
 Reference value :  6.88133e-03
 Reference value :  6.89096e-03
 Reference value :  6.89843e-03
 Reference value :  6.90582e-03
 Reference value :  6.91321e-03
 Reference value :  6.92085e-03
 Reference value :  6.93034e-03
 Reference value :  6.93773e-03
 Reference value :  6.94512e-03
 Reference value :  6.95255e-03
 Reference value :  6.96217e-03
 Reference value :  6.96964e-03
 Reference value :  6.97703e-03
 Reference value :  6.98446e-03
 Reference value :  6.99410e-03
 Reference value :  7.00158e-03
 Reference value :  7.00896e-03
 Reference value :  7.01635e-03
 Reference value :  7.02395e-03
 Reference value :  7.03173e-03
 Reference value :  7.04082e-03
 Reference value :  7.04819e-03
 Reference value :  7.05553e-03
 Reference value :  7.06289e-03
 Reference value :  7.07023e-03
 Reference value :  7.07758e-03
 Reference value :  7.08495e-03
 Reference value :  7.09234e-03
 Reference value :  7.09971e-03
 Reference value :  7.10713e-03
 Reference value :  7.11670e-03
 Reference value :  7.12410e-03
 Reference value :  7.13145e-03
 Reference value :  7.13880e-03
 Reference value :  7.14617e-03
 Reference value :  7.15351e-03
 Reference value :  7.16087e-03
 Reference value :  7.16820e-03
 Reference value :  7.17551e-03
 Reference value :  7.18288e-03
 Reference value :  7.19023e-03
 Reference value :  7.19776e-03
 Reference value :  7.20573e-03
 Reference value :  7.21228e-03
 Reference value :  7.21965e-03
 Reference value :  7.22699e-03
 Reference value :  7.23673e-03
 Reference value :  7.24410e-03
 Reference value :  7.25133e-03
 Reference value :  7.25878e-03
 Reference value :  7.26615e-03
 Reference value :  7.27348e-03
 Reference value :  7.28084e-03
 Reference value :  7.28819e-03
 Reference value :  7.29555e-03
 Reference value :  7.30291e-03
 Reference value :  7.31026e-03
 Reference value :  7.32003e-03
 Reference value :  7.32738e-03
 Reference value :  7.33474e-03
 Reference value :  7.34207e-03
 Reference value :  7.34943e-03
 Reference value :  7.35678e-03
 Reference value :  7.36413e-03
 Reference value :  7.37149e-03
 Reference value :  7.37883e-03
 Reference value :  7.38620e-03
 Reference value :  7.39355e-03
 Reference value :  7.40094e-03
 Reference value :  7.40831e-03
 Reference value :  7.41789e-03
 Reference value :  7.42328e-03
 Reference value :  7.43027e-03
 Reference value :  7.43761e-03
 Reference value :  7.44500e-03
 Reference value :  7.45236e-03
 Reference value :  7.45983e-03
 Reference value :  7.46705e-03
 Reference value :  7.47442e-03
 Reference value :  7.48400e-03
 Reference value :  7.49140e-03
 Reference value :  7.49880e-03
 Reference value :  7.50614e-03
 Reference value :  7.51349e-03
 Reference value :  7.52085e-03
 Reference value :  7.52817e-03
 Reference value :  7.53554e-03
 Reference value :  7.54288e-03
 Reference value :  7.55024e-03
 Reference value :  7.55761e-03
 Reference value :  7.56487e-03
 Reference value :  7.57226e-03
 Reference value :  7.57962e-03
 Reference value :  7.58696e-03
 Reference value :  7.59432e-03
 Reference value :  7.60166e-03
 Reference value :  7.60902e-03
 Reference value :  7.61638e-03
 Reference value :  7.62372e-03
 Reference value :  7.63108e-03
 Reference value :  7.63841e-03
 Reference value :  7.64573e-03
 Reference value :  7.65309e-03
 Reference value :  7.66044e-03
 Reference value :  7.66781e-03
 Reference value :  7.67517e-03
 Reference value :  7.68260e-03
 Reference value :  7.69065e-03
 Reference value :  7.69961e-03
 Reference value :  7.70690e-03
 Reference value :  7.71422e-03
 Reference value :  7.72162e-03
 Reference value :  7.72902e-03
 Reference value :  7.73636e-03
 Reference value :  7.74372e-03
 Reference value :  7.75110e-03
 Reference value :  7.75842e-03
 Reference value :  7.76578e-03
 Reference value :  7.77313e-03
 Reference value :  7.78288e-03
 Reference value :  7.79025e-03
 Reference value :  7.79756e-03
 Reference value :  7.80493e-03
 Reference value :  7.81229e-03
 Reference value :  7.81965e-03
 Reference value :  7.82701e-03
 Reference value :  7.83434e-03
 Reference value :  7.84171e-03
 Reference value :  7.84906e-03
 Reference value :  7.85643e-03
 Reference value :  7.86394e-03
 Reference value :  7.87119e-03
 Reference value :  7.87908e-03
 Reference value :  7.88816e-03
 Reference value :  7.89556e-03
 Reference value :  7.90291e-03
 Reference value :  7.91026e-03
 Reference value :  7.91763e-03
 Reference value :  7.92497e-03
 Reference value :  7.93234e-03
 Reference value :  7.94073e-03
 Reference value :  7.94721e-03
 Reference value :  7.95675e-03
 Reference value :  7.96414e-03
 Reference value :  7.97151e-03
 Reference value :  7.97886e-03
 Reference value :  7.98623e-03
 Reference value :  7.99359e-03
 Reference value :  8.00094e-03
 Reference value :  8.00831e-03
 Reference value :  8.01571e-03
 Reference value :  8.02307e-03
 Reference value :  8.03272e-03
 Reference value :  8.04008e-03
 Reference value :  8.04743e-03
 Reference value :  8.05480e-03
 Reference value :  8.06212e-03
 Reference value :  8.06948e-03
 Reference value :  8.07683e-03
 Reference value :  8.08419e-03
 Reference value :  8.09156e-03
 Reference value :  8.09889e-03
 Reference value :  8.10623e-03
 Reference value :  8.11360e-03
 Reference value :  8.12100e-03
 Reference value :  8.12832e-03
 Reference value :  8.13573e-03
 Reference value :  8.14339e-03
 Reference value :  8.15268e-03
 Reference value :  8.16011e-03
 Reference value :  8.16745e-03
 Reference value :  8.17481e-03
 Reference value :  8.18215e-03
 Reference value :  8.18951e-03
 Reference value :  8.19687e-03
 Reference value :  8.20422e-03
 Reference value :  8.21156e-03
 Reference value :  8.21886e-03
 Reference value :  8.22621e-03
 Reference value :  8.23357e-03
 Reference value :  8.24091e-03
 Reference value :  8.24828e-03
 Reference value :  8.25563e-03
 Reference value :  8.26298e-03
 Reference value :  8.27034e-03
 Reference value :  8.27777e-03
 Reference value :  8.28510e-03
 Reference value :  8.29300e-03
 Reference value :  8.30211e-03
 Reference value :  8.30948e-03
 Reference value :  8.31683e-03
 Reference value :  8.32419e-03
 Reference value :  8.33155e-03
 Reference value :  8.33889e-03
 Reference value :  8.34625e-03
 Reference value :  8.35367e-03
 Reference value :  8.36101e-03
 Reference value :  8.37070e-03
 Reference value :  8.37805e-03
 Reference value :  8.38542e-03
 Reference value :  8.39277e-03
 Reference value :  8.40013e-03
 Reference value :  8.40750e-03
 Reference value :  8.41481e-03
 Reference value :  8.42218e-03
 Reference value :  8.42953e-03
 Reference value :  8.43923e-03
 Reference value :  8.44662e-03
 Reference value :  8.45177e-03
 Reference value :  8.45931e-03
 Reference value :  8.46867e-03
 Reference value :  8.47599e-03
 Reference value :  8.48338e-03
 Reference value :  8.49069e-03
 Reference value :  8.49806e-03
 Reference value :  8.50540e-03
 Reference value :  8.51276e-03
 Reference value :  8.52014e-03
 Reference value :  8.52744e-03
 Reference value :  8.53481e-03
 Reference value :  8.54216e-03
 Reference value :  8.55187e-03
 Reference value :  8.55926e-03
 Reference value :  8.56453e-03
 Reference value :  8.57392e-03
 Reference value :  8.58133e-03
 Reference value :  8.58866e-03
 Reference value :  8.59602e-03
 Reference value :  8.60337e-03
 Reference value :  8.61073e-03
 Reference value :  8.61809e-03
 Reference value :  8.62546e-03
 Reference value :  8.63280e-03
 Reference value :  8.64021e-03
 Reference value :  8.64785e-03
 Reference value :  8.65563e-03
 Reference value :  8.66457e-03
 Reference value :  8.67189e-03
 Reference value :  8.67928e-03
 Reference value :  8.68663e-03
 Reference value :  8.69399e-03
 Reference value :  8.70135e-03
 Reference value :  8.70870e-03
 Reference value :  8.71607e-03
 Reference value :  8.72345e-03
 Reference value :  8.73083e-03
 Reference value :  8.74049e-03
 Reference value :  8.74785e-03
 Reference value :  8.75521e-03
 Reference value :  8.76257e-03
 Reference value :  8.76989e-03
 Reference value :  8.77725e-03
 Reference value :  8.78460e-03
 Reference value :  8.79196e-03
 Reference value :  8.79933e-03
 Reference value :  8.80668e-03
 Reference value :  8.81409e-03
 Reference value :  8.82151e-03
 Reference value :  8.82881e-03
 Reference value :  8.83846e-03
 Reference value :  8.84583e-03
 Reference value :  8.85318e-03
 Reference value :  8.86053e-03
 Reference value :  8.86788e-03
 Reference value :  8.87525e-03
 Reference value :  8.88259e-03
 Reference value :  8.88996e-03
 Reference value :  8.89738e-03
 Reference value :  8.90700e-03
 Reference value :  8.91441e-03
 Reference value :  8.92177e-03
 Reference value :  8.92912e-03
 Reference value :  8.93649e-03
 Reference value :  8.94388e-03
 Reference value :  8.95125e-03
 Reference value :  8.96091e-03
 Reference value :  8.96828e-03
 Reference value :  8.97563e-03
 Reference value :  8.98301e-03
 Reference value :  8.99033e-03
 Reference value :  8.99769e-03
 Reference value :  9.00527e-03
 Reference value :  9.01472e-03
 Reference value :  9.02215e-03
 Reference value :  9.02950e-03
 Reference value :  9.03687e-03
 Reference value :  9.04421e-03
 Reference value :  9.05158e-03
 Reference value :  9.06123e-03
 Reference value :  9.06863e-03
 Reference value :  9.07601e-03
 Reference value :  9.08339e-03
 Reference value :  9.09071e-03
 Reference value :  9.09807e-03
 Reference value :  9.10541e-03
 Reference value :  9.11278e-03
 Reference value :  9.12010e-03
 Reference value :  9.12748e-03
 Reference value :  9.13483e-03
 Reference value :  9.14457e-03
 Reference value :  9.15194e-03
 Reference value :  9.15925e-03
 Reference value :  9.16663e-03
 Reference value :  9.17399e-03
 Reference value :  9.18133e-03
 Reference value :  9.18870e-03
 Reference value :  9.19610e-03
 Reference value :  9.20348e-03
 Reference value :  9.21306e-03
 Reference value :  9.22050e-03
 Reference value :  9.22786e-03
 Reference value :  9.23522e-03
 Reference value :  9.24257e-03
 Reference value :  9.24993e-03
 Reference value :  9.25728e-03
 Reference value :  9.26465e-03
 Reference value :  9.27204e-03
 Reference value :  9.27941e-03
 Reference value :  9.28907e-03
 Reference value :  9.29644e-03
 Reference value :  9.30379e-03
 Reference value :  9.31116e-03
 Reference value :  9.31848e-03
 Reference value :  9.32585e-03
 Reference value :  9.33321e-03
 Reference value :  9.34295e-03
 Reference value :  9.35033e-03
 Reference value :  9.35764e-03
 Reference value :  9.36504e-03
 Reference value :  9.37245e-03
 Reference value :  9.38024e-03
 Reference value :  9.38952e-03
 Reference value :  9.39677e-03
 Reference value :  9.40422e-03
 Reference value :  9.41158e-03
 Reference value :  9.41894e-03
 Reference value :  9.42630e-03
 Reference value :  9.43370e-03
 Reference value :  9.44107e-03
 Reference value :  9.45066e-03
 Reference value :  9.45809e-03
 Reference value :  9.46546e-03
 Reference value :  9.47279e-03
 Reference value :  9.48018e-03
 Reference value :  9.48750e-03
 Reference value :  9.49487e-03
 Reference value :  9.50222e-03
 Reference value :  9.51197e-03
 Reference value :  9.51934e-03
 Reference value :  9.52665e-03
 Reference value :  9.53404e-03
 Reference value :  9.54140e-03
 Reference value :  9.54874e-03
 Reference value :  9.55611e-03
 Reference value :  9.56576e-03
 Reference value :  9.57316e-03
 Reference value :  9.58057e-03
 Reference value :  9.58791e-03
 Reference value :  9.59528e-03
 Reference value :  9.60265e-03
 Reference value :  9.61004e-03
 Reference value :  9.61778e-03
 Reference value :  9.62709e-03
 Reference value :  9.63446e-03
 Reference value :  9.64180e-03
 Reference value :  9.64918e-03
 Reference value :  9.65654e-03
 Reference value :  9.66398e-03
 Reference value :  9.67302e-03
 Reference value :  9.68097e-03
 Reference value :  9.68832e-03
 Reference value :  9.69569e-03
 Reference value :  9.70303e-03
 Reference value :  9.71040e-03
 Reference value :  9.71780e-03
 Reference value :  9.72515e-03
 Reference value :  9.73279e-03
 Reference value :  9.74218e-03
 Reference value :  9.74953e-03
 Reference value :  9.75687e-03
 Reference value :  9.76424e-03
 Reference value :  9.77161e-03
 Reference value :  9.77896e-03
 Reference value :  9.78632e-03
 Reference value :  9.79373e-03
 Reference value :  9.80108e-03
 Reference value :  9.80849e-03
 Reference value :  9.81811e-03
 Reference value :  9.82546e-03
 Reference value :  9.83282e-03
 Reference value :  9.84017e-03
 Reference value :  9.84759e-03
 Reference value :  9.85502e-03
 Reference value :  9.86224e-03
 Reference value :  9.86967e-03
 Reference value :  9.87925e-03
 Reference value :  9.88669e-03
 Reference value :  9.89406e-03
 Reference value :  9.90140e-03
 Reference value :  9.90878e-03
 Reference value :  9.91612e-03
 Reference value :  9.92350e-03
 Reference value :  9.93101e-03
 Reference value :  9.94053e-03
 Reference value :  9.94794e-03
 Reference value :  9.95530e-03
 Reference value :  9.96266e-03
 Reference value :  9.97003e-03
 Reference value :  9.97742e-03
 Reference value :  9.98478e-03
 Reference value :  9.99444e-03
 Reference value :  1.00018e-02
 Reference value :  1.00092e-02
 Reference value :  1.00165e-02
 Reference value :  1.00239e-02
 Reference value :  1.00312e-02
 Reference value :  1.00387e-02
 Reference value :  1.00482e-02
 Reference value :  1.00557e-02
 Reference value :  1.00630e-02
 Reference value :  1.00704e-02
 Reference value :  1.00778e-02
 Reference value :  1.00851e-02
 Reference value :  1.00924e-02
 Reference value :  1.00998e-02
 Reference value :  1.01072e-02
 Reference value :  1.01169e-02
 Reference value :  1.01243e-02
 Reference value :  1.01316e-02
 Reference value :  1.01390e-02
 Reference value :  1.01463e-02
 Reference value :  1.01537e-02
 Reference value :  1.01610e-02
 Reference value :  1.01686e-02
 Reference value :  1.01758e-02
 Reference value :  1.01854e-02
 Reference value :  1.01928e-02
 Reference value :  1.02002e-02
 Reference value :  1.02075e-02
 Reference value :  1.02149e-02
 Reference value :  1.02222e-02
 Reference value :  1.02319e-02
 Reference value :  1.02393e-02
 Reference value :  1.02466e-02
 Reference value :  1.02540e-02
 Reference value :  1.02614e-02
 Reference value :  1.02687e-02
 Reference value :  1.02761e-02
 Reference value :  1.02835e-02
 Reference value :  1.02908e-02
 Reference value :  1.02983e-02
 Reference value :  1.03079e-02
 Reference value :  1.03153e-02
 Reference value :  1.03226e-02
 Reference value :  1.03300e-02
 Reference value :  1.03369e-02
 Reference value :  1.03446e-02
 Reference value :  1.03520e-02
 Reference value :  1.03593e-02
 Reference value :  1.03667e-02
 Reference value :  1.03740e-02
 Reference value :  1.03814e-02
 Reference value :  1.03887e-02
 Reference value :  1.03961e-02
 Reference value :  1.04035e-02
 Reference value :  1.04109e-02
 Reference value :  1.04205e-02
 Reference value :  1.04279e-02
 Reference value :  1.04353e-02
 Reference value :  1.04426e-02
 Reference value :  1.04500e-02
 Reference value :  1.04574e-02
 Reference value :  1.04647e-02
 Reference value :  1.04723e-02
 Reference value :  1.04818e-02
 Reference value :  1.04891e-02
 Reference value :  1.04965e-02
 Reference value :  1.05038e-02
 Reference value :  1.05112e-02
 Reference value :  1.05187e-02
 Reference value :  1.05259e-02
 Reference value :  1.05333e-02
 Reference value :  1.05429e-02
 Reference value :  1.05504e-02
 Reference value :  1.05577e-02
 Reference value :  1.05651e-02
 Reference value :  1.05724e-02
 Reference value :  1.05798e-02
 Reference value :  1.05875e-02
 Reference value :  1.05946e-02
 Reference value :  1.06042e-02
 Reference value :  1.06116e-02
 Reference value :  1.06189e-02
 Reference value :  1.06263e-02
 Reference value :  1.06336e-02
 Reference value :  1.06411e-02
 Reference value :  1.06491e-02
 Reference value :  1.06558e-02
 Reference value :  1.06631e-02
 Reference value :  1.06712e-02
 Reference value :  1.06802e-02
 Reference value :  1.06875e-02
 Reference value :  1.06925e-02
 Reference value :  1.07005e-02
 Reference value :  1.07095e-02
 Reference value :  1.07169e-02
 Reference value :  1.07243e-02
 Reference value :  1.07316e-02
 Reference value :  1.07390e-02
 Reference value :  1.07464e-02
 Reference value :  1.07537e-02
 Reference value :  1.07634e-02
 Reference value :  1.07708e-02
 Reference value :  1.07781e-02
 Reference value :  1.07855e-02
 Reference value :  1.07928e-02
 Reference value :  1.08002e-02
 Reference value :  1.08078e-02
 Reference value :  1.08149e-02
 Reference value :  1.08223e-02
 Reference value :  1.08305e-02
 Reference value :  1.08393e-02
 Reference value :  1.08466e-02
 Reference value :  1.08540e-02
 Reference value :  1.08614e-02
 Reference value :  1.08687e-02
 Reference value :  1.08761e-02
 Reference value :  1.08834e-02
 Reference value :  1.08931e-02
 Reference value :  1.09005e-02
 Reference value :  1.09078e-02
 Reference value :  1.09152e-02
 Reference value :  1.09226e-02
 Reference value :  1.09299e-02
 Reference value :  1.09373e-02
 Reference value :  1.09447e-02
 Reference value :  1.09521e-02
 Reference value :  1.09597e-02
 Reference value :  1.09691e-02
 Reference value :  1.09765e-02
 Reference value :  1.09839e-02
 Reference value :  1.09913e-02
 Reference value :  1.10010e-02
 Reference value :  1.10084e-02
 Reference value :  1.10158e-02
 Reference value :  1.10233e-02
 Reference value :  1.10330e-02
 Reference value :  1.10404e-02
 Reference value :  1.10477e-02
 Reference value :  1.10552e-02
 Reference value :  1.10649e-02
 Reference value :  1.10723e-02
 Reference value :  1.10797e-02
 Reference value :  1.10893e-02
 Reference value :  1.10968e-02
 Reference value :  1.11042e-02
 Reference value :  1.11116e-02
 Reference value :  1.11190e-02
 Reference value :  1.11286e-02
 Reference value :  1.11361e-02
 Reference value :  1.11435e-02
 Reference value :  1.11509e-02
 Reference value :  1.11606e-02
 Reference value :  1.11680e-02
 Reference value :  1.11754e-02
 Reference value :  1.11831e-02
 Reference value :  1.11917e-02
 Reference value :  1.11977e-02
 Reference value :  1.12073e-02
 Reference value :  1.12146e-02
 Reference value :  1.12220e-02
 Reference value :  1.12293e-02
 Reference value :  1.12368e-02
 Reference value :  1.12464e-02
 Reference value :  1.12515e-02
 Reference value :  1.12590e-02
 Reference value :  1.12684e-02
 Reference value :  1.12759e-02
 Reference value :  1.12832e-02
 Reference value :  1.12906e-02
 Reference value :  1.12979e-02
 Reference value :  1.13053e-02
 Reference value :  1.13127e-02
 Reference value :  1.13215e-02
 Reference value :  1.13297e-02
 Reference value :  1.13371e-02
 Reference value :  1.13445e-02
 Reference value :  1.13518e-02
 Reference value :  1.13592e-02
 Reference value :  1.13666e-02
 Reference value :  1.13739e-02
 Reference value :  1.13826e-02
 Reference value :  1.13910e-02
 Reference value :  1.13983e-02
 Reference value :  1.14057e-02
 Reference value :  1.14131e-02
 Reference value :  1.14204e-02
 Reference value :  1.14278e-02
 Reference value :  1.14351e-02
 Reference value :  1.14425e-02
 Reference value :  1.14499e-02
 Reference value :  1.14572e-02
 Reference value :  1.14663e-02
 Reference value :  1.14742e-02
 Reference value :  1.14816e-02
 Reference value :  1.14890e-02
 Reference value :  1.14963e-02
 Reference value :  1.15037e-02
 Reference value :  1.15116e-02
 Reference value :  1.15184e-02
 Reference value :  1.15258e-02
 Reference value :  1.15354e-02
 Reference value :  1.15428e-02
 Reference value :  1.15502e-02
 Reference value :  1.15575e-02
 Reference value :  1.15649e-02
 Reference value :  1.15723e-02
 Reference value :  1.15797e-02
 Reference value :  1.15871e-02
 Reference value :  1.15967e-02
 Reference value :  1.16040e-02
 Reference value :  1.16114e-02
 Reference value :  1.16188e-02
 Reference value :  1.16262e-02
 Reference value :  1.16336e-02
 Reference value :  1.16409e-02
 Reference value :  1.16483e-02
 Reference value :  1.16579e-02
 Reference value :  1.16653e-02
 Reference value :  1.16727e-02
 Reference value :  1.16800e-02
 Reference value :  1.16874e-02
 Reference value :  1.16948e-02
 Reference value :  1.17021e-02
 Reference value :  1.17097e-02
 Reference value :  1.17192e-02
 Reference value :  1.17265e-02
 Reference value :  1.17339e-02
 Reference value :  1.17412e-02
 Reference value :  1.17487e-02
 Reference value :  1.17561e-02
 Reference value :  1.17633e-02
 Reference value :  1.17707e-02
 Reference value :  1.17803e-02
 Reference value :  1.17878e-02
 Reference value :  1.17951e-02
 Reference value :  1.18025e-02
 Reference value :  1.18098e-02
 Reference value :  1.18173e-02
 Reference value :  1.18269e-02
 Reference value :  1.18343e-02
 Reference value :  1.18417e-02
 Reference value :  1.18490e-02
 Reference value :  1.18564e-02
 Reference value :  1.18638e-02
 Reference value :  1.18715e-02
 Reference value :  1.18808e-02
 Reference value :  1.18882e-02
 Reference value :  1.18955e-02
 Reference value :  1.19029e-02
 Reference value :  1.19102e-02
 Reference value :  1.19176e-02
 Reference value :  1.19250e-02
 Reference value :  1.19347e-02
 Reference value :  1.19421e-02
 Reference value :  1.19494e-02
 Reference value :  1.19568e-02
 Reference value :  1.19641e-02
 Reference value :  1.19715e-02
 Reference value :  1.19788e-02
 Reference value :  1.19863e-02
 Reference value :  1.19936e-02
 Reference value :  1.20015e-02
 Reference value :  1.20106e-02
 Reference value :  1.20180e-02
 Reference value :  1.20253e-02
 Reference value :  1.20327e-02
 Reference value :  1.20401e-02
 Reference value :  1.20497e-02
 Reference value :  1.20571e-02
 Reference value :  1.20645e-02
 Reference value :  1.20719e-02
 Reference value :  1.20793e-02
 Reference value :  1.20875e-02
 Reference value :  1.20940e-02
 Reference value :  1.21014e-02
 Reference value :  1.21109e-02
 Reference value :  1.21184e-02
 Reference value :  1.21257e-02
 Reference value :  1.21331e-02
 Reference value :  1.21405e-02
 Reference value :  1.21478e-02
 Reference value :  1.21556e-02
 Reference value :  1.21648e-02
 Reference value :  1.21723e-02
 Reference value :  1.21796e-02
 Reference value :  1.21870e-02
 Reference value :  1.21943e-02
 Reference value :  1.22017e-02
 Reference value :  1.22090e-02
 Reference value :  1.22164e-02
 Reference value :  1.22238e-02
 Reference value :  1.22335e-02
 Reference value :  1.22408e-02
 Reference value :  1.22482e-02
 Reference value :  1.22555e-02
 Reference value :  1.22629e-02
 Reference value :  1.22703e-02
 Reference value :  1.22776e-02
 Reference value :  1.22851e-02
 Reference value :  1.22924e-02
 Reference value :  1.22997e-02
 Reference value :  1.23071e-02
 Reference value :  1.23145e-02
 Reference value :  1.23218e-02
 Reference value :  1.23291e-02
 Reference value :  1.23388e-02
 Reference value :  1.23462e-02
 Reference value :  1.23535e-02
 Reference value :  1.23609e-02
 Reference value :  1.23682e-02
 Reference value :  1.23756e-02
 Reference value :  1.23853e-02
 Reference value :  1.23927e-02
 Reference value :  1.24001e-02
 Reference value :  1.24075e-02
 Reference value :  1.24172e-02
 Reference value :  1.24246e-02
 Reference value :  1.24320e-02
 Reference value :  1.24393e-02
 Reference value :  1.24467e-02
 Reference value :  1.24540e-02
 Reference value :  1.24614e-02
 Reference value :  1.24711e-02
 Reference value :  1.24785e-02
 Reference value :  1.24859e-02
 Reference value :  1.24932e-02
 Reference value :  1.25006e-02
 Reference value :  1.25080e-02
 Reference value :  1.25176e-02
 Reference value :  1.25250e-02
 Reference value :  1.25324e-02
 Reference value :  1.25398e-02
 Reference value :  1.25473e-02
 Reference value :  1.25565e-02
 Reference value :  1.25619e-02
 Reference value :  1.25692e-02
 Reference value :  1.25767e-02
 Reference value :  1.25863e-02
 Reference value :  1.25936e-02
 Reference value :  1.25985e-02
 Reference value :  1.26010e-02
 Reference value :  1.26058e-02
 Reference value :  1.26083e-02
 Reference value :  1.26132e-02
 Reference value :  1.26181e-02
 Reference value :  1.26206e-02
 Reference value :  1.26254e-02
 Reference value :  1.26279e-02
 Reference value :  1.26328e-02
 Reference value :  1.26376e-02
 Reference value :  1.26402e-02
 Reference value :  1.26450e-02
 Reference value :  1.26474e-02
 Reference value :  1.26523e-02
 Reference value :  1.26555e-02
 Reference value :  1.26597e-02
 Reference value :  1.26621e-02
 Reference value :  1.26670e-02
 Reference value :  1.26695e-02
 Reference value :  1.26722e-02
 Reference value :  1.26768e-02
 Reference value :  1.26817e-02
 Reference value :  1.26842e-02
 Reference value :  1.26867e-02
 Reference value :  1.26915e-02
 Reference value :  1.26940e-02
 Reference value :  1.26988e-02
 Reference value :  1.27014e-02
 Reference value :  1.27039e-02
 Reference value :  1.27086e-02
 Reference value :  1.27111e-02
 Reference value :  1.27159e-02
 Reference value :  1.27205e-02
 Reference value :  1.27233e-02
 Reference value :  1.27258e-02
 Reference value :  1.27306e-02
 Reference value :  1.27355e-02
 Reference value :  1.27379e-02
 Reference value :  1.27427e-02
 Reference value :  1.27452e-02
 Reference value :  1.27500e-02
 Reference value :  1.27526e-02
 Reference value :  1.27574e-02
 Reference value :  1.27623e-02
 Reference value :  1.27671e-02
 Reference value :  1.27696e-02
 Reference value :  1.27743e-02
 Reference value :  1.27770e-02
 Reference value :  1.27795e-02
 Reference value :  1.27843e-02
 Reference value :  1.27891e-02
 Reference value :  1.27939e-02
 Reference value :  1.27965e-02
 Reference value :  1.27990e-02
 Reference value :  1.28038e-02
 Reference value :  1.28063e-02
 Reference value :  1.28112e-02
 Reference value :  1.28137e-02
 Reference value :  1.28185e-02
 Reference value :  1.28210e-02
 Reference value :  1.28258e-02
 Reference value :  1.28283e-02
 Reference value :  1.28308e-02
 Reference value :  1.28356e-02
 Reference value :  1.28381e-02
 Reference value :  1.28429e-02
 Reference value :  1.28454e-02
 Reference value :  1.28502e-02
 Reference value :  1.28527e-02
 Reference value :  1.28553e-02
 Reference value :  1.28601e-02
 Reference value :  1.28625e-02
 Reference value :  1.28673e-02
 Reference value :  1.28698e-02
 Reference value :  1.28746e-02
 Reference value :  1.28771e-02
 Reference value :  1.28797e-02
 Reference value :  1.28845e-02
 Reference value :  1.28870e-02
 Reference value :  1.28918e-02
 Reference value :  1.28943e-02
 Reference value :  1.28991e-02
 Reference value :  1.29016e-02
 Reference value :  1.29064e-02
 Reference value :  1.29089e-02
 Reference value :  1.29137e-02
 Reference value :  1.29162e-02
 Reference value :  1.29211e-02
 Reference value :  1.29259e-02
 Reference value :  1.29284e-02
 Reference value :  1.29309e-02
 Reference value :  1.29357e-02
 Reference value :  1.29382e-02
 Reference value :  1.29429e-02
 Reference value :  1.29455e-02
 Reference value :  1.29504e-02
 Reference value :  1.29529e-02
 Reference value :  1.29578e-02
 Reference value :  1.29603e-02
 Reference value :  1.29627e-02
 Reference value :  1.29676e-02
 Reference value :  1.29701e-02
 Reference value :  1.29749e-02
 Reference value :  1.29774e-02
 Reference value :  1.29820e-02
 Reference value :  1.29847e-02
 Reference value :  1.29896e-02
 Reference value :  1.29921e-02
 Reference value :  1.29946e-02
 Reference value :  1.29993e-02
 Reference value :  1.30019e-02
 Reference value :  1.30066e-02
 Reference value :  1.30092e-02
 Reference value :  1.30117e-02
 Reference value :  1.30164e-02
 Reference value :  1.30190e-02
 Reference value :  1.30238e-02
 Reference value :  1.30263e-02
 Reference value :  1.30310e-02
 Reference value :  1.30336e-02
 Reference value :  1.30368e-02
 Reference value :  1.30409e-02
 Reference value :  1.30434e-02
 Reference value :  1.30482e-02
 Reference value :  1.30507e-02
 Reference value :  1.30532e-02
 Reference value :  1.30579e-02
 Reference value :  1.30605e-02
 Reference value :  1.30630e-02
 Reference value :  1.30678e-02
 Reference value :  1.30703e-02
 Reference value :  1.30751e-02
 Reference value :  1.30776e-02
 Reference value :  1.30801e-02
 Reference value :  1.30825e-02
 Reference value :  1.30873e-02
 Reference value :  1.30904e-02
 Reference value :  1.30946e-02
 Reference value :  1.30971e-02
 Reference value :  1.31017e-02
 Reference value :  1.31043e-02
 Reference value :  1.31068e-02
 Reference value :  1.31094e-02
 Reference value :  1.31141e-02
 Reference value :  1.31166e-02
 Reference value :  1.31191e-02
 Reference value :  1.31239e-02
 Reference value :  1.31264e-02
 Reference value :  1.31289e-02
 Reference value :  1.31336e-02
 Reference value :  1.31362e-02
 Reference value :  1.31407e-02
 Reference value :  1.31435e-02
 Reference value :  1.31460e-02
 Reference value :  1.31506e-02
 Reference value :  1.31532e-02
 Reference value :  1.31557e-02
 Reference value :  1.31604e-02
 Reference value :  1.31630e-02
 Reference value :  1.31655e-02
 Reference value :  1.31703e-02
 Reference value :  1.31729e-02
 Reference value :  1.31754e-02
 Reference value :  1.31802e-02
 Reference value :  1.31827e-02
 Reference value :  1.31875e-02
 Reference value :  1.31900e-02
 Reference value :  1.31925e-02
 Reference value :  1.31950e-02
 Reference value :  1.31998e-02
 Reference value :  1.32023e-02
 Reference value :  1.32048e-02
 Reference value :  1.32096e-02
 Reference value :  1.32121e-02
 Reference value :  1.32168e-02
 Reference value :  1.32194e-02
 Reference value :  1.32219e-02
 Reference value :  1.32267e-02
 Reference value :  1.32292e-02
 Reference value :  1.32317e-02
 Reference value :  1.32342e-02
 Reference value :  1.32389e-02
 Reference value :  1.32414e-02
 Reference value :  1.32439e-02
 Reference value :  1.32487e-02
 Reference value :  1.32512e-02
 Reference value :  1.32537e-02
 Reference value :  1.32585e-02
 Reference value :  1.32610e-02
 Reference value :  1.32635e-02
 Reference value :  1.32682e-02
 Reference value :  1.32707e-02
 Reference value :  1.32732e-02
 Reference value :  1.32757e-02
 Reference value :  1.32804e-02
 Reference value :  1.32829e-02
 Reference value :  1.32875e-02
 Reference value :  1.32902e-02
 Reference value :  1.32927e-02
 Reference value :  1.32974e-02
 Reference value :  1.33000e-02
 Reference value :  1.33024e-02
 Reference value :  1.33072e-02
 Reference value :  1.33097e-02
 Reference value :  1.33122e-02
 Reference value :  1.33167e-02
 Reference value :  1.33194e-02
 Reference value :  1.33219e-02
 Reference value :  1.33244e-02
 Reference value :  1.33292e-02
 Reference value :  1.33317e-02
 Reference value :  1.33343e-02
 Reference value :  1.33390e-02
 Reference value :  1.33414e-02
 Reference value :  1.33440e-02
 Reference value :  1.33488e-02
 Reference value :  1.33513e-02
 Reference value :  1.33540e-02
 Reference value :  1.33586e-02
 Reference value :  1.33611e-02
 Reference value :  1.33636e-02
 Reference value :  1.33683e-02
 Reference value :  1.33709e-02
 Reference value :  1.33733e-02
 Reference value :  1.33781e-02
 Reference value :  1.33806e-02
 Reference value :  1.33834e-02
 Reference value :  1.33878e-02
 Reference value :  1.33903e-02
 Reference value :  1.33928e-02
 Reference value :  1.33976e-02
 Reference value :  1.34000e-02
 Reference value :  1.34026e-02
 Reference value :  1.34073e-02
 Reference value :  1.34099e-02
 Reference value :  1.34124e-02
 Reference value :  1.34172e-02
 Reference value :  1.34196e-02
 Reference value :  1.34221e-02
 Reference value :  1.34246e-02
 Reference value :  1.34293e-02
 Reference value :  1.34319e-02
 Reference value :  1.34367e-02
 Reference value :  1.34392e-02
 Reference value :  1.34416e-02
 Reference value :  1.34445e-02
 Reference value :  1.34490e-02
 Reference value :  1.34515e-02
 Reference value :  1.34540e-02
 Reference value :  1.34587e-02
 Reference value :  1.34613e-02
 Reference value :  1.34638e-02
 Reference value :  1.34685e-02
 Reference value :  1.34711e-02
 Reference value :  1.34735e-02
 Reference value :  1.34784e-02
 Reference value :  1.34809e-02
 Reference value :  1.34834e-02
 Reference value :  1.34881e-02
 Reference value :  1.34906e-02
 Reference value :  1.34955e-02
 Reference value :  1.34980e-02
 Reference value :  1.35004e-02
 Reference value :  1.35052e-02
 Reference value :  1.35078e-02
 Reference value :  1.35102e-02
 Reference value :  1.35150e-02
 Reference value :  1.35175e-02
 Reference value :  1.35221e-02
 Reference value :  1.35248e-02
 Reference value :  1.35273e-02
 Reference value :  1.35320e-02
 Reference value :  1.35346e-02
 Reference value :  1.35371e-02
 Reference value :  1.35419e-02
 Reference value :  1.35444e-02
 Reference value :  1.35469e-02
 Reference value :  1.35517e-02
 Reference value :  1.35542e-02
 Reference value :  1.35590e-02
 Reference value :  1.35616e-02
 Reference value :  1.35663e-02
 Reference value :  1.35689e-02
 Reference value :  1.35714e-02
 Reference value :  1.35762e-02
 Reference value :  1.35787e-02
 Reference value :  1.35835e-02
 Reference value :  1.35860e-02
 Reference value :  1.35885e-02
 Reference value :  1.35933e-02
 Reference value :  1.35958e-02
 Reference value :  1.35984e-02
 Reference value :  1.36031e-02
 Reference value :  1.36056e-02
 Reference value :  1.36102e-02
 Reference value :  1.36128e-02
 Reference value :  1.36154e-02
 Reference value :  1.36202e-02
 Reference value :  1.36227e-02
 Reference value :  1.36275e-02
 Reference value :  1.36300e-02
 Reference value :  1.36325e-02
 Reference value :  1.36371e-02
 Reference value :  1.36398e-02
 Reference value :  1.36423e-02
 Reference value :  1.36471e-02
 Reference value :  1.36496e-02
 Reference value :  1.36521e-02
 Reference value :  1.36569e-02
 Reference value :  1.36594e-02
 Reference value :  1.36620e-02
 Reference value :  1.36667e-02
 Reference value :  1.36692e-02
 Reference value :  1.36717e-02
 Reference value :  1.36765e-02
 Reference value :  1.36790e-02
 Reference value :  1.36815e-02
 Reference value :  1.36863e-02
 Reference value :  1.36889e-02
 Reference value :  1.36937e-02
 Reference value :  1.36962e-02
 Reference value :  1.36987e-02
 Reference value :  1.37035e-02
 Reference value :  1.37060e-02
 Reference value :  1.37109e-02
 Reference value :  1.37133e-02
 Reference value :  1.37158e-02
 Reference value :  1.37207e-02
 Reference value :  1.37231e-02
 Reference value :  1.37279e-02
 Reference value :  1.37304e-02
 Reference value :  1.37329e-02
 Reference value :  1.37377e-02
 Reference value :  1.37402e-02
 Reference value :  1.37428e-02
 Reference value :  1.37475e-02
 Reference value :  1.37500e-02
 Reference value :  1.37533e-02
 Reference value :  1.37573e-02
 Reference value :  1.37598e-02
 Reference value :  1.37646e-02
 Reference value :  1.37671e-02
 Reference value :  1.37697e-02
 Reference value :  1.37744e-02
 Reference value :  1.37769e-02
 Reference value :  1.37817e-02
 Reference value :  1.37843e-02
 Reference value :  1.37891e-02
 Reference value :  1.37916e-02
 Reference value :  1.37940e-02
 Reference value :  1.37988e-02
 Reference value :  1.38013e-02
 Reference value :  1.38038e-02
 Reference value :  1.38086e-02
 Reference value :  1.38112e-02
 Reference value :  1.38158e-02
 Reference value :  1.38184e-02
 Reference value :  1.38209e-02
 Reference value :  1.38257e-02
 Reference value :  1.38282e-02
 Reference value :  1.38308e-02
 Reference value :  1.38355e-02
 Reference value :  1.38380e-02
 Reference value :  1.38428e-02
 Reference value :  1.38456e-02
 Reference value :  1.38502e-02
 Reference value :  1.38527e-02
 Reference value :  1.38575e-02
 Reference value :  1.38602e-02
 Reference value :  1.38649e-02
 Reference value :  1.38674e-02
 Reference value :  1.38722e-02
 Reference value :  1.38747e-02
 Reference value :  1.38772e-02
 Reference value :  1.38820e-02
 Reference value :  1.38845e-02
 Reference value :  1.38870e-02
 Reference value :  1.38918e-02
 Reference value :  1.38943e-02
 Reference value :  1.38992e-02
 Reference value :  1.39017e-02
 Reference value :  1.39042e-02
 Reference value :  1.39090e-02
 Reference value :  1.39115e-02
 Reference value :  1.39140e-02
 Reference value :  1.39188e-02
 Reference value :  1.39213e-02
 Reference value :  1.39262e-02
 Reference value :  1.39310e-02
 Reference value :  1.39335e-02
 Reference value :  1.39360e-02
 Reference value :  1.39408e-02
 Reference value :  1.39433e-02
 Reference value :  1.39481e-02
 Reference value :  1.39506e-02
 Reference value :  1.39554e-02
 Reference value :  1.39579e-02
 Reference value :  1.39604e-02
 Reference value :  1.39652e-02
 Reference value :  1.39677e-02
 Reference value :  1.39726e-02
 Reference value :  1.39751e-02
 Reference value :  1.39776e-02
 Reference value :  1.39824e-02
 Reference value :  1.39849e-02
 Reference value :  1.39897e-02
 Reference value :  1.39922e-02
 Reference value :  1.39949e-02
 Reference value :  1.39995e-02
 Reference value :  1.40044e-02
 Reference value :  1.40069e-02
 Reference value :  1.40094e-02
 Reference value :  1.40143e-02
 Reference value :  1.40169e-02
 Reference value :  1.40215e-02
 Reference value :  1.40241e-02
 Reference value :  1.40289e-02
 Reference value :  1.40314e-02
 Reference value :  1.40341e-02
 Reference value :  1.40388e-02
 Reference value :  1.40412e-02
 Reference value :  1.40461e-02
 Reference value :  1.40510e-02
 Reference value :  1.40535e-02
 Reference value :  1.40561e-02
 Reference value :  1.40609e-02
 Reference value :  1.40657e-02
 Reference value :  1.40682e-02
 Reference value :  1.40730e-02
 Reference value :  1.40755e-02
 Reference value :  1.40803e-02
 Reference value :  1.40828e-02
 Reference value :  1.40877e-02
 Reference value :  1.40901e-02
 Reference value :  1.40950e-02
 Reference value :  1.41023e-02
 Reference value :  1.41048e-02
 Reference value :  1.41073e-02
 Reference value :  1.41125e-02
 Reference value :  1.41181e-02
 Reference value :  1.41219e-02
 Reference value :  1.41268e-02
 Reference value :  1.41293e-02
 Reference value :  1.41344e-02
 Reference value :  1.41391e-02
 Reference value :  1.41439e-02
 Reference value :  1.41488e-02
 Reference value :  1.41513e-02
 Reference value :  1.41562e-02
 Reference value :  1.41611e-02
 Reference value :  1.41659e-02
 Reference value :  1.41684e-02
 Reference value :  1.41733e-02
 Reference value :  1.41781e-02
 Reference value :  1.41807e-02
 Reference value :  1.41880e-02
 Reference value :  1.41954e-02
 Reference value :  1.42028e-02
 Reference value :  1.42125e-02
 Reference value :  1.42198e-02
 Reference value :  1.42273e-02
 Reference value :  1.42369e-02
 Reference value :  1.42443e-02
 Reference value :  1.42517e-02
 Reference value :  1.42614e-02
 Reference value :  1.42688e-02
 Reference value :  1.42761e-02
 Reference value :  1.42835e-02
 Reference value :  1.42908e-02
 Reference value :  1.42982e-02
 Reference value :  1.43055e-02
 Reference value :  1.43129e-02
 Reference value :  1.43202e-02
 Reference value :  1.43275e-02
 Reference value :  1.43349e-02
 Reference value :  1.43422e-02
 Reference value :  1.43496e-02
 Reference value :  1.43569e-02
 Reference value :  1.43643e-02
 Reference value :  1.43716e-02
 Reference value :  1.43790e-02
 Reference value :  1.43863e-02
 Reference value :  1.43936e-02
 Reference value :  1.44009e-02
 Reference value :  1.44082e-02
 Reference value :  1.44134e-02
 Reference value :  1.44230e-02
 Reference value :  1.44281e-02
 Reference value :  1.44353e-02
 Reference value :  1.44427e-02
 Reference value :  1.44500e-02
 Reference value :  1.44574e-02
 Reference value :  1.44648e-02
 Reference value :  1.44721e-02
 Reference value :  1.44795e-02
 Reference value :  1.44891e-02
 Reference value :  1.44943e-02
 Reference value :  1.45039e-02
 Reference value :  1.45113e-02
 Reference value :  1.45186e-02
 Reference value :  1.45259e-02
 Reference value :  1.45333e-02
 Reference value :  1.45407e-02
 Reference value :  1.45480e-02
 Reference value :  1.45554e-02
 Reference value :  1.45627e-02
 Reference value :  1.45700e-02
 Reference value :  1.45774e-02
 Reference value :  1.45848e-02
 Reference value :  1.45922e-02
 Reference value :  1.45995e-02
 Reference value :  1.46068e-02
 Reference value :  1.46142e-02
 Reference value :  1.46216e-02
 Reference value :  1.46313e-02
 Reference value :  1.46388e-02
 Reference value :  1.46438e-02
 Reference value :  1.46511e-02
 Reference value :  1.46608e-02
 Reference value :  1.46682e-02
 Reference value :  1.46755e-02
 Reference value :  1.46829e-02
 Reference value :  1.46902e-02
 Reference value :  1.46976e-02
 Reference value :  1.47049e-02
 Reference value :  1.47122e-02
 Reference value :  1.47196e-02
 Reference value :  1.47246e-02
 Reference value :  1.47342e-02
 Reference value :  1.47406e-02
 Reference value :  1.47484e-02
 Reference value :  1.47540e-02
 Reference value :  1.47612e-02
 Reference value :  1.47685e-02
 Reference value :  1.47759e-02
 Reference value :  1.47835e-02
 Reference value :  1.47905e-02
 Reference value :  1.47984e-02
 Reference value :  1.48076e-02
 Reference value :  1.48149e-02
 Reference value :  1.48222e-02
 Reference value :  1.48296e-02
 Reference value :  1.48369e-02
 Reference value :  1.48443e-02
 Reference value :  1.48495e-02
 Reference value :  1.48589e-02
 Reference value :  1.48643e-02
 Reference value :  1.48736e-02
 Reference value :  1.48787e-02
 Reference value :  1.48860e-02
 Reference value :  1.48933e-02
 Reference value :  1.48982e-02
 Reference value :  1.49056e-02
 Reference value :  1.49130e-02
 Reference value :  1.49203e-02
 Reference value :  1.49277e-02
 Reference value :  1.49350e-02
 Reference value :  1.49424e-02
 Reference value :  1.49497e-02
 Reference value :  1.49570e-02
 Reference value :  1.49643e-02
 Reference value :  1.49717e-02
 Reference value :  1.49791e-02
 Reference value :  1.49864e-02
 Reference value :  1.49938e-02
 Reference value :  1.50012e-02
 Reference value :  1.50085e-02
 Reference value :  1.50181e-02
 Reference value :  1.50232e-02
 Reference value :  1.50329e-02
 Reference value :  1.50379e-02
 Reference value :  1.50476e-02
 Reference value :  1.50526e-02
 Reference value :  1.50623e-02
 Reference value :  1.50674e-02
 Reference value :  1.50770e-02
 Reference value :  1.50843e-02
 Reference value :  1.50916e-02
 Reference value :  1.50991e-02
 Reference value :  1.51064e-02
 Reference value :  1.51138e-02
 Reference value :  1.51211e-02
 Reference value :  1.51285e-02
 Reference value :  1.51336e-02
 Reference value :  1.51431e-02
 Reference value :  1.51504e-02
 Reference value :  1.51577e-02
 Reference value :  1.51651e-02
 Reference value :  1.51703e-02
 Reference value :  1.51774e-02
 Reference value :  1.51847e-02
 Reference value :  1.51921e-02
 Reference value :  1.51994e-02
 Reference value :  1.52067e-02
 Reference value :  1.52141e-02
 Reference value :  1.52214e-02
 Reference value :  1.52288e-02
 Reference value :  1.52361e-02
 Reference value :  1.52435e-02
 Reference value :  1.52509e-02
 Reference value :  1.52582e-02
 Reference value :  1.52655e-02
 Reference value :  1.52728e-02
 Reference value :  1.52801e-02
 Reference value :  1.52874e-02
 Reference value :  1.52947e-02
 Reference value :  1.52998e-02
 Reference value :  1.53071e-02
 Reference value :  1.53145e-02
 Reference value :  1.53218e-02
 Reference value :  1.53291e-02
 Reference value :  1.53365e-02
 Reference value :  1.53438e-02
 Reference value :  1.53491e-02
 Reference value :  1.53562e-02
 Reference value :  1.53635e-02
 Reference value :  1.53708e-02
 Reference value :  1.53781e-02
 Reference value :  1.53855e-02
 Reference value :  1.53909e-02
 Reference value :  1.53978e-02
 Reference value :  1.54051e-02
 Reference value :  1.54125e-02
 Reference value :  1.54198e-02
 Reference value :  1.54255e-02
 Reference value :  1.54324e-02
 Reference value :  1.54394e-02
 Reference value :  1.54468e-02
 Reference value :  1.54518e-02
 Reference value :  1.54591e-02
 Reference value :  1.54664e-02
 Reference value :  1.54738e-02
 Reference value :  1.54811e-02
 Reference value :  1.54861e-02
 Reference value :  1.54934e-02
 Reference value :  1.55007e-02
 Reference value :  1.55081e-02
 Reference value :  1.55154e-02
 Reference value :  1.55219e-02
 Reference value :  1.55277e-02
 Reference value :  1.55352e-02
 Reference value :  1.55424e-02
 Reference value :  1.55497e-02
 Reference value :  1.55570e-02
 Reference value :  1.55644e-02
 Reference value :  1.55697e-02
 Reference value :  1.55770e-02
 Reference value :  1.55840e-02
 Reference value :  1.55913e-02
 Reference value :  1.55987e-02
 Reference value :  1.56060e-02
 Reference value :  1.56133e-02
 Reference value :  1.56184e-02
 Reference value :  1.56257e-02
 Reference value :  1.56330e-02
 Reference value :  1.56403e-02
 Reference value :  1.56476e-02
 Reference value :  1.56550e-02
 Reference value :  1.56622e-02
 Reference value :  1.56673e-02
 Reference value :  1.56746e-02
 Reference value :  1.56822e-02
 Reference value :  1.56893e-02
 Reference value :  1.56966e-02
 Reference value :  1.57040e-02
 Reference value :  1.57113e-02
 Reference value :  1.57186e-02
 Reference value :  1.57259e-02
 Reference value :  1.57310e-02
 Reference value :  1.57383e-02
 Reference value :  1.57456e-02
 Reference value :  1.57530e-02
 Reference value :  1.57603e-02
 Reference value :  1.57676e-02
 Reference value :  1.57750e-02
 Reference value :  1.57823e-02
 Reference value :  1.57897e-02
 Reference value :  1.57970e-02
 Reference value :  1.58022e-02
 Reference value :  1.58097e-02
 Reference value :  1.58167e-02
 Reference value :  1.58240e-02
 Reference value :  1.58313e-02
 Reference value :  1.58387e-02
 Reference value :  1.58437e-02
 Reference value :  1.58509e-02
 Reference value :  1.58583e-02
 Reference value :  1.58656e-02
 Reference value :  1.58730e-02
 Reference value :  1.58803e-02
 Reference value :  1.58876e-02
 Reference value :  1.58926e-02
 Reference value :  1.58999e-02
 Reference value :  1.59072e-02
 Reference value :  1.59146e-02
 Reference value :  1.59219e-02
 Reference value :  1.59269e-02
 Reference value :  1.59343e-02
 Reference value :  1.59415e-02
 Reference value :  1.59489e-02
 Reference value :  1.59562e-02
 Reference value :  1.59636e-02
 Reference value :  1.59709e-02
 Reference value :  1.59782e-02
 Reference value :  1.59832e-02
 Reference value :  1.59905e-02
 Reference value :  1.59979e-02
 Reference value :  1.60052e-02
 Reference value :  1.60103e-02
 Reference value :  1.60175e-02
 Reference value :  1.60272e-02
 Reference value :  1.60323e-02
 Reference value :  1.60395e-02
 Reference value :  1.60468e-02
 Reference value :  1.60542e-02
 Reference value :  1.60615e-02
 Reference value :  1.60688e-02
 Reference value :  1.60738e-02
 Reference value :  1.60811e-02
 Reference value :  1.60885e-02
 Reference value :  1.60958e-02
 Reference value :  1.61008e-02
 Reference value :  1.61081e-02
 Reference value :  1.61154e-02
 Reference value :  1.61228e-02
 Reference value :  1.61301e-02
 Reference value :  1.61374e-02
 Reference value :  1.61448e-02
 Reference value :  1.61497e-02
 Reference value :  1.61570e-02
 Reference value :  1.61643e-02
 Reference value :  1.61694e-02
 Reference value :  1.61767e-02
 Reference value :  1.61840e-02
 Reference value :  1.61913e-02
 Reference value :  1.61987e-02
 Reference value :  1.62060e-02
 Reference value :  1.62133e-02
 Reference value :  1.62183e-02
 Reference value :  1.62256e-02
 Reference value :  1.62330e-02
 Reference value :  1.62403e-02
 Reference value :  1.62476e-02
 Reference value :  1.62550e-02
 Reference value :  1.62601e-02
 Reference value :  1.62673e-02
 Reference value :  1.62746e-02
 Reference value :  1.62820e-02
 Reference value :  1.62893e-02
 Reference value :  1.62966e-02
 Reference value :  1.63040e-02
 Reference value :  1.63113e-02
 Reference value :  1.63166e-02
 Reference value :  1.63237e-02
 Reference value :  1.63310e-02
 Reference value :  1.63383e-02
 Reference value :  1.63456e-02
 Reference value :  1.63530e-02
 Reference value :  1.63603e-02
 Reference value :  1.63676e-02
 Reference value :  1.63749e-02
 Reference value :  1.63799e-02
 Reference value :  1.63873e-02
 Reference value :  1.63946e-02
 Reference value :  1.64019e-02
 Reference value :  1.64092e-02
 Reference value :  1.64143e-02
 Reference value :  1.64216e-02
 Reference value :  1.64291e-02
 Reference value :  1.64363e-02
 Reference value :  1.64436e-02
 Reference value :  1.64509e-02
 Reference value :  1.64583e-02
 Reference value :  1.64656e-02
 Reference value :  1.64729e-02
 Reference value :  1.64780e-02
 Reference value :  1.64853e-02
 Reference value :  1.64926e-02
 Reference value :  1.64999e-02
 Reference value :  1.65072e-02
 Reference value :  1.65146e-02
 Reference value :  1.65219e-02
 Reference value :  1.65270e-02
 Reference value :  1.65342e-02
 Reference value :  1.65416e-02
 Reference value :  1.65489e-02
 Reference value :  1.65562e-02
 Reference value :  1.65635e-02
 Reference value :  1.65686e-02
 Reference value :  1.65782e-02
 Reference value :  1.65833e-02
 Reference value :  1.65905e-02
 Reference value :  1.65979e-02
 Reference value :  1.66052e-02
 Reference value :  1.66102e-02
 Reference value :  1.66175e-02
 Reference value :  1.66248e-02
 Reference value :  1.66322e-02
 Reference value :  1.66395e-02
 Reference value :  1.66467e-02
 Reference value :  1.66519e-02
 Reference value :  1.66591e-02
 Reference value :  1.66664e-02
 Reference value :  1.66738e-02
 Reference value :  1.66811e-02
 Reference value :  1.66885e-02
 Reference value :  1.66958e-02
 Reference value :  1.67007e-02
 Reference value :  1.67081e-02
 Reference value :  1.67154e-02
 Reference value :  1.67228e-02
 Reference value :  1.67301e-02
 Reference value :  1.67374e-02
 Reference value :  1.67448e-02
 Reference value :  1.67521e-02
 Reference value :  1.67595e-02
 Reference value :  1.67667e-02
 Reference value :  1.67719e-02
 Reference value :  1.67812e-02
 Reference value :  1.67865e-02
 Reference value :  1.67940e-02
 Reference value :  1.68035e-02
 Reference value :  1.68109e-02
 Reference value :  1.68183e-02
 Reference value :  1.68256e-02
 Reference value :  1.68330e-02
 Reference value :  1.68403e-02
 Reference value :  1.68476e-02
 Reference value :  1.68550e-02
 Reference value :  1.68624e-02
 Reference value :  1.68697e-02
 Reference value :  1.68771e-02
 Reference value :  1.68844e-02
 Reference value :  1.68918e-02
 Reference value :  1.68991e-02
 Reference value :  1.69065e-02
 Reference value :  1.69138e-02
 Reference value :  1.69212e-02
 Reference value :  1.69285e-02
 Reference value :  1.69359e-02
 Reference value :  1.69432e-02
 Reference value :  1.69506e-02
 Reference value :  1.69579e-02
 Reference value :  1.69653e-02
 Reference value :  1.69726e-02
 Reference value :  1.69799e-02
 Reference value :  1.69873e-02
 Reference value :  1.69941e-02
 Reference value :  1.70020e-02
 Reference value :  1.70093e-02
 Reference value :  1.70166e-02
 Reference value :  1.70219e-02
 Reference value :  1.70290e-02
 Reference value :  1.70363e-02
 Reference value :  1.70436e-02
 Reference value :  1.70509e-02
 Reference value :  1.70583e-02
 Reference value :  1.70657e-02
 Reference value :  1.70730e-02
 Reference value :  1.70804e-02
 Reference value :  1.70878e-02
 Reference value :  1.70951e-02
 Reference value :  1.71025e-02
 Reference value :  1.71099e-02
 Reference value :  1.71173e-02
 Reference value :  1.71246e-02
 Reference value :  1.71320e-02
 Reference value :  1.71393e-02
 Reference value :  1.71444e-02
 Reference value :  1.71516e-02
 Reference value :  1.71589e-02
 Reference value :  1.71662e-02
 Reference value :  1.71713e-02
 Reference value :  1.71785e-02
 Reference value :  1.71859e-02
 Reference value :  1.71932e-02
 Reference value :  1.71983e-02
 Reference value :  1.72055e-02
 Reference value :  1.72128e-02
 Reference value :  1.72201e-02
 Reference value :  1.72274e-02
 Reference value :  1.72324e-02
 Reference value :  1.72397e-02
 Reference value :  1.72471e-02
 Reference value :  1.72544e-02
 Reference value :  1.72599e-02
 Reference value :  1.72667e-02
 Reference value :  1.72740e-02
 Reference value :  1.72814e-02
 Reference value :  1.72887e-02
 Reference value :  1.72960e-02
 Reference value :  1.73034e-02
 Reference value :  1.73083e-02
 Reference value :  1.73157e-02
 Reference value :  1.73230e-02
 Reference value :  1.73280e-02
 Reference value :  1.73352e-02
 Reference value :  1.73426e-02
 Reference value :  1.73499e-02
 Reference value :  1.73573e-02
 Reference value :  1.73645e-02
 Reference value :  1.73695e-02
 Reference value :  1.73769e-02
 Reference value :  1.73842e-02
 Reference value :  1.73892e-02
 Reference value :  1.73965e-02
 Reference value :  1.74038e-02
 Reference value :  1.74110e-02
 Reference value :  1.74161e-02
 Reference value :  1.74234e-02
 Reference value :  1.74307e-02
 Reference value :  1.74381e-02
 Reference value :  1.74445e-02
 Reference value :  1.74527e-02
 Reference value :  1.74584e-02
 Reference value :  1.74650e-02
 Reference value :  1.74723e-02
 Reference value :  1.74797e-02
 Reference value :  1.74870e-02
 Reference value :  1.74944e-02
 Reference value :  1.75016e-02
 Reference value :  1.75066e-02
 Reference value :  1.75140e-02
 Reference value :  1.75213e-02
 Reference value :  1.75286e-02
 Reference value :  1.75360e-02
 Reference value :  1.75411e-02
 Reference value :  1.75483e-02
 Reference value :  1.75556e-02
 Reference value :  1.75630e-02
 Reference value :  1.75703e-02
 Reference value :  1.75775e-02
 Reference value :  1.75849e-02
 Reference value :  1.75899e-02
 Reference value :  1.75972e-02
 Reference value :  1.76045e-02
 Reference value :  1.76119e-02
 Reference value :  1.76168e-02
 Reference value :  1.76241e-02
 Reference value :  1.76315e-02
 Reference value :  1.76387e-02
 Reference value :  1.76462e-02
 Reference value :  1.76535e-02
 Reference value :  1.76584e-02
 Reference value :  1.76658e-02
 Reference value :  1.76731e-02
 Reference value :  1.76805e-02
 Reference value :  1.76878e-02
 Reference value :  1.76951e-02
 Reference value :  1.77024e-02
 Reference value :  1.77074e-02
 Reference value :  1.77147e-02
 Reference value :  1.77200e-02
 Reference value :  1.77271e-02
 Reference value :  1.77344e-02
 Reference value :  1.77417e-02
 Reference value :  1.77490e-02
 Reference value :  1.77564e-02
 Reference value :  1.77614e-02
 Reference value :  1.77686e-02
 Reference value :  1.77760e-02
 Reference value :  1.77833e-02
 Reference value :  1.77906e-02
 Reference value :  1.77957e-02
 Reference value :  1.78030e-02
 Reference value :  1.78103e-02
 Reference value :  1.78176e-02
 Reference value :  1.78249e-02
 Reference value :  1.78322e-02
 Reference value :  1.78397e-02
 Reference value :  1.78447e-02
 Reference value :  1.78519e-02
 Reference value :  1.78593e-02
 Reference value :  1.78666e-02
 Reference value :  1.78739e-02
 Reference value :  1.78812e-02
 Reference value :  1.78886e-02
 Reference value :  1.78959e-02
 Reference value :  1.79033e-02
 Reference value :  1.79106e-02
 Reference value :  1.79157e-02
 Reference value :  1.79230e-02
 Reference value :  1.79303e-02
 Reference value :  1.79375e-02
 Reference value :  1.79426e-02
 Reference value :  1.79499e-02
 Reference value :  1.79572e-02
 Reference value :  1.79646e-02
 Reference value :  1.79719e-02
 Reference value :  1.79792e-02
 Reference value :  1.79843e-02
 Reference value :  1.79916e-02
 Reference value :  1.79989e-02
 Reference value :  1.80062e-02
 Reference value :  1.80135e-02
 Reference value :  1.80194e-02
 Reference value :  1.80260e-02
 Reference value :  1.80332e-02
 Reference value :  1.80405e-02
 Reference value :  1.80478e-02
 Reference value :  1.80552e-02
 Reference value :  1.80602e-02
 Reference value :  1.80675e-02
 Reference value :  1.80748e-02
 Reference value :  1.80820e-02
 Reference value :  1.80871e-02
 Reference value :  1.80944e-02
 Reference value :  1.81018e-02
 Reference value :  1.81091e-02
 Reference value :  1.81164e-02
 Reference value :  1.81238e-02
 Reference value :  1.81288e-02
 Reference value :  1.81361e-02
 Reference value :  1.81434e-02
 Reference value :  1.81507e-02
 Reference value :  1.81581e-02
 Reference value :  1.81631e-02
 Reference value :  1.81704e-02
 Reference value :  1.81777e-02
 Reference value :  1.81850e-02
 Reference value :  1.81923e-02
 Reference value :  1.81974e-02
 Reference value :  1.82047e-02
 Reference value :  1.82120e-02
 Reference value :  1.82193e-02
 Reference value :  1.82266e-02
 Reference value :  1.82339e-02
 Reference value :  1.82392e-02
 Reference value :  1.82463e-02
 Reference value :  1.82536e-02
 Reference value :  1.82609e-02
 Reference value :  1.82683e-02
 Reference value :  1.82756e-02
 Reference value :  1.82830e-02
 Reference value :  1.82903e-02
 Reference value :  1.82952e-02
 Reference value :  1.83026e-02
 Reference value :  1.83099e-02
 Reference value :  1.83173e-02
 Reference value :  1.83246e-02
 Reference value :  1.83320e-02
 Reference value :  1.83393e-02
 Reference value :  1.83466e-02
 Reference value :  1.83517e-02
 Reference value :  1.83590e-02
 Reference value :  1.83663e-02
 Reference value :  1.83736e-02
 Reference value :  1.83809e-02
 Reference value :  1.83882e-02
 Reference value :  1.83955e-02
 Reference value :  1.84006e-02
 Reference value :  1.84079e-02
 Reference value :  1.84152e-02
 Reference value :  1.84226e-02
 Reference value :  1.84299e-02
 Reference value :  1.84350e-02
 Reference value :  1.84422e-02
 Reference value :  1.84495e-02
 Reference value :  1.84569e-02
 Reference value :  1.84642e-02
 Reference value :  1.84715e-02
 Reference value :  1.84788e-02
 Reference value :  1.84839e-02
 Reference value :  1.84913e-02
 Reference value :  1.84985e-02
 Reference value :  1.85058e-02
 Reference value :  1.85109e-02
 Reference value :  1.85181e-02
 Reference value :  1.85255e-02
 Reference value :  1.85328e-02
 Reference value :  1.85401e-02
 Reference value :  1.85475e-02
 Reference value :  1.85548e-02
 Reference value :  1.85598e-02
 Reference value :  1.85671e-02
 Reference value :  1.85744e-02
 Reference value :  1.85818e-02
 Reference value :  1.85890e-02
 Reference value :  1.85941e-02
 Reference value :  1.86014e-02
 Reference value :  1.86087e-02
 Reference value :  1.86160e-02
 Reference value :  1.86233e-02
 Reference value :  1.86283e-02
 Reference value :  1.86357e-02
 Reference value :  1.86430e-02
 Reference value :  1.86504e-02
 Reference value :  1.86577e-02
 Reference value :  1.86651e-02
 Reference value :  1.86724e-02
 Reference value :  1.86797e-02
 Reference value :  1.86871e-02
 Reference value :  1.86944e-02
 Reference value :  1.87018e-02
 Reference value :  1.87091e-02
 Reference value :  1.87164e-02
 Reference value :  1.87216e-02
 Reference value :  1.87289e-02
 Reference value :  1.87361e-02
 Reference value :  1.87434e-02
 Reference value :  1.87508e-02
 Reference value :  1.87581e-02
 Reference value :  1.87655e-02
 Reference value :  1.87728e-02
 Reference value :  1.87780e-02
 Reference value :  1.87852e-02
 Reference value :  1.87924e-02
 Reference value :  1.87998e-02
 Reference value :  1.88071e-02
 Reference value :  1.88144e-02
 Reference value :  1.88218e-02
 Reference value :  1.88273e-02
 Reference value :  1.88341e-02
 Reference value :  1.88414e-02
 Reference value :  1.88488e-02
 Reference value :  1.88561e-02
 Reference value :  1.88634e-02
 Reference value :  1.88708e-02
 Reference value :  1.88781e-02
 Reference value :  1.88855e-02
 Reference value :  1.88929e-02
 Reference value :  1.89003e-02
 Reference value :  1.89076e-02
 Reference value :  1.89150e-02
 Reference value :  1.89224e-02
 Reference value :  1.89297e-02
 Reference value :  1.89371e-02
 Reference value :  1.89445e-02
 Reference value :  1.89518e-02
 Reference value :  1.89592e-02
 Reference value :  1.89666e-02
 Reference value :  1.89740e-02
 Reference value :  1.89813e-02
 Reference value :  1.89887e-02
 Reference value :  1.89961e-02
 Reference value :  1.90045e-02
 Reference value :  1.90132e-02
 Reference value :  1.90206e-02
 Reference value :  1.90280e-02
 Reference value :  1.90352e-02
 Reference value :  1.90426e-02
 Reference value :  1.90500e-02
 Reference value :  1.90549e-02
 Reference value :  1.90622e-02
 Reference value :  1.90696e-02
 Reference value :  1.90769e-02
 Reference value :  1.90843e-02
 Reference value :  1.90895e-02
 Reference value :  1.90968e-02
 Reference value :  1.91039e-02
 Reference value :  1.91112e-02
 Reference value :  1.91185e-02
 Reference value :  1.91259e-02
 Reference value :  1.91332e-02
 Reference value :  1.91382e-02
 Reference value :  1.91455e-02
 Reference value :  1.91528e-02
 Reference value :  1.91602e-02
 Reference value :  1.91651e-02
 Reference value :  1.91724e-02
 Reference value :  1.91798e-02
 Reference value :  1.91853e-02
 Reference value :  1.91921e-02
 Reference value :  1.91994e-02
 Reference value :  1.92067e-02
 Reference value :  1.92141e-02
 Reference value :  1.92214e-02
 Reference value :  1.92287e-02
 Reference value :  1.92360e-02
 Reference value :  1.92433e-02
 Reference value :  1.92484e-02
 Reference value :  1.92557e-02
 Reference value :  1.92631e-02
 Reference value :  1.92704e-02
 Reference value :  1.92777e-02
 Reference value :  1.92851e-02
 Reference value :  1.92923e-02
 Reference value :  1.92997e-02
 Reference value :  1.93048e-02
 Reference value :  1.93120e-02
 Reference value :  1.93194e-02
 Reference value :  1.93247e-02
 Reference value :  1.93317e-02
 Reference value :  1.93391e-02
 Reference value :  1.93464e-02
 Reference value :  1.93538e-02
 Reference value :  1.93612e-02
 Reference value :  1.93685e-02
 Reference value :  1.93759e-02
 Reference value :  1.93833e-02
 Reference value :  1.93906e-02
 Reference value :  1.93980e-02
 Reference value :  1.94053e-02
 Reference value :  1.94127e-02
 Reference value :  1.94201e-02
 Reference value :  1.94274e-02
 Reference value :  1.94348e-02
 Reference value :  1.94422e-02
 Reference value :  1.94495e-02
 Reference value :  1.94569e-02
 Reference value :  1.94643e-02
 Reference value :  1.94716e-02
 Reference value :  1.94790e-02
 Reference value :  1.94863e-02
 Reference value :  1.94937e-02
 Reference value :  1.95011e-02
 Reference value :  1.95084e-02
 Reference value :  1.95158e-02
 Reference value :  1.95232e-02
 Reference value :  1.95305e-02
 Reference value :  1.95379e-02
 Reference value :  1.95453e-02
 Reference value :  1.95526e-02
 Reference value :  1.95600e-02
 Reference value :  1.95673e-02
 Reference value :  1.95746e-02
 Reference value :  1.95801e-02
 Reference value :  1.95871e-02
 Reference value :  1.95944e-02
 Reference value :  1.96018e-02
 Reference value :  1.96091e-02
 Reference value :  1.96165e-02
 Reference value :  1.96239e-02
 Reference value :  1.96312e-02
 Reference value :  1.96386e-02
 Reference value :  1.96460e-02
 Reference value :  1.96533e-02
 Reference value :  1.96607e-02
 Reference value :  1.96681e-02
 Reference value :  1.96754e-02
 Reference value :  1.96828e-02
 Reference value :  1.96902e-02
 Reference value :  1.96975e-02
 Reference value :  1.97049e-02
 Reference value :  1.97123e-02
 Reference value :  1.97196e-02
 Reference value :  1.97270e-02
 Reference value :  1.97344e-02
 Reference value :  1.97417e-02
 Reference value :  1.97491e-02
 Reference value :  1.97565e-02
 Reference value :  1.97638e-02
 Reference value :  1.97712e-02
 Reference value :  1.97786e-02
 Reference value :  1.97859e-02
 Reference value :  1.97933e-02
 Reference value :  1.98007e-02
 Reference value :  1.98080e-02
 Reference value :  1.98153e-02
 Reference value :  1.98227e-02
 Reference value :  1.98301e-02
 Reference value :  1.98375e-02
 Reference value :  1.98448e-02
 Reference value :  1.98522e-02
 Reference value :  1.98596e-02
 Reference value :  1.98670e-02
 Reference value :  1.98743e-02
 Reference value :  1.98817e-02
 Reference value :  1.98891e-02
 Reference value :  1.98964e-02
 Reference value :  1.99038e-02
 Reference value :  1.99112e-02
 Reference value :  1.99185e-02
 Reference value :  1.99259e-02
 Reference value :  1.99333e-02
 Reference value :  1.99406e-02
 Reference value :  1.99480e-02
 Reference value :  1.99554e-02
 Reference value :  1.99627e-02
 Reference value :  1.99701e-02
 Reference value :  1.99775e-02
 Reference value :  1.99849e-02
 Reference value :  1.99922e-02
 Reference value :  1.99996e-02
 Reference value :  2.00069e-02
 Reference value :  2.00143e-02
 Reference value :  2.00216e-02
 Reference value :  2.00289e-02
 Reference value :  2.00342e-02
 Reference value :  2.00414e-02
 Reference value :  2.00488e-02
 Reference value :  2.00562e-02
 Reference value :  2.00634e-02
 Reference value :  2.00708e-02
 Reference value :  2.00781e-02
 Reference value :  2.00855e-02
 Reference value :  2.00928e-02
 Reference value :  2.00978e-02
 Reference value :  2.01052e-02
 Reference value :  2.01124e-02
 Reference value :  2.01198e-02
 Reference value :  2.01271e-02
 Reference value :  2.01335e-02
 Reference value :  2.01409e-02
 Reference value :  2.01468e-02
 Reference value :  2.01564e-02
 Reference value :  2.01615e-02
 Reference value :  2.01688e-02
 Reference value :  2.01761e-02
 Reference value :  2.01834e-02
 Reference value :  2.01907e-02
 Reference value :  2.01958e-02
 Reference value :  2.02031e-02
 Reference value :  2.02103e-02
 Reference value :  2.02177e-02
 Reference value :  2.02226e-02
 Reference value :  2.02299e-02
 Reference value :  2.02373e-02
 Reference value :  2.02422e-02
 Reference value :  2.02496e-02
 Reference value :  2.02569e-02
 Reference value :  2.02642e-02
 Reference value :  2.02716e-02
 Reference value :  2.02766e-02
 Reference value :  2.02839e-02
 Reference value :  2.02912e-02
 Reference value :  2.02986e-02
 Reference value :  2.03059e-02
 Reference value :  2.03109e-02
 Reference value :  2.03182e-02
 Reference value :  2.03256e-02
 Reference value :  2.03329e-02
 Reference value :  2.03402e-02
 Reference value :  2.03475e-02
 Reference value :  2.03549e-02
 Reference value :  2.03622e-02
 Reference value :  2.03673e-02
 Reference value :  2.03744e-02
 Reference value :  2.03769e-02
 Reference value :  2.03793e-02
 Reference value :  2.03839e-02
 Reference value :  2.03866e-02
 Reference value :  2.03891e-02
 Reference value :  2.03916e-02
 Reference value :  2.03965e-02
 Reference value :  2.04012e-02
 Reference value :  2.04038e-02
 Reference value :  2.04087e-02
 Reference value :  2.04112e-02
 Reference value :  2.04160e-02
 Reference value :  2.04185e-02
 Reference value :  2.04210e-02
 Reference value :  2.04258e-02
 Reference value :  2.04283e-02
 Reference value :  2.04307e-02
 Reference value :  2.04356e-02
 Reference value :  2.04381e-02
 Reference value :  2.04405e-02
 Reference value :  2.04430e-02
 Reference value :  2.04479e-02
 Reference value :  2.04504e-02
 Reference value :  2.04529e-02
 Reference value :  2.04577e-02
 Reference value :  2.04602e-02
 Reference value :  2.04650e-02
 Reference value :  2.04675e-02
 Reference value :  2.04700e-02
 Reference value :  2.04724e-02
 Reference value :  2.04772e-02
 Reference value :  2.04797e-02
 Reference value :  2.04822e-02
 Reference value :  2.04847e-02
 Reference value :  2.04895e-02
 Reference value :  2.04943e-02
 Reference value :  2.04968e-02
 Reference value :  2.04992e-02
 Reference value :  2.05041e-02
 Reference value :  2.05066e-02
 Reference value :  2.05090e-02
 Reference value :  2.05139e-02
 Reference value :  2.05164e-02
 Reference value :  2.05188e-02
 Reference value :  2.05214e-02
 Reference value :  2.05262e-02
 Reference value :  2.05286e-02
 Reference value :  2.05312e-02
 Reference value :  2.05359e-02
 Reference value :  2.05384e-02
 Reference value :  2.05409e-02
 Reference value :  2.05456e-02
 Reference value :  2.05482e-02
 Reference value :  2.05507e-02
 Reference value :  2.05531e-02
 Reference value :  2.05579e-02
 Reference value :  2.05605e-02
 Reference value :  2.05629e-02
 Reference value :  2.05655e-02
 Reference value :  2.05702e-02
 Reference value :  2.05727e-02
 Reference value :  2.05752e-02
 Reference value :  2.05799e-02
 Reference value :  2.05825e-02
 Reference value :  2.05850e-02
 Reference value :  2.05875e-02
 Reference value :  2.05901e-02
 Reference value :  2.05947e-02
 Reference value :  2.05973e-02
 Reference value :  2.05998e-02
 Reference value :  2.06046e-02
 Reference value :  2.06070e-02
 Reference value :  2.06095e-02
 Reference value :  2.06120e-02
 Reference value :  2.06168e-02
 Reference value :  2.06193e-02
 Reference value :  2.06217e-02
 Reference value :  2.06242e-02
 Reference value :  2.06267e-02
 Reference value :  2.06315e-02
 Reference value :  2.06340e-02
 Reference value :  2.06365e-02
 Reference value :  2.06390e-02
 Reference value :  2.06437e-02
 Reference value :  2.06462e-02
 Reference value :  2.06487e-02
 Reference value :  2.06512e-02
 Reference value :  2.06560e-02
 Reference value :  2.06584e-02
 Reference value :  2.06609e-02
 Reference value :  2.06635e-02
 Reference value :  2.06681e-02
 Reference value :  2.06707e-02
 Reference value :  2.06731e-02
 Reference value :  2.06778e-02
 Reference value :  2.06804e-02
 Reference value :  2.06829e-02
 Reference value :  2.06854e-02
 Reference value :  2.06878e-02
 Reference value :  2.06926e-02
 Reference value :  2.06951e-02
 Reference value :  2.06976e-02
 Reference value :  2.07001e-02
 Reference value :  2.07049e-02
 Reference value :  2.07074e-02
 Reference value :  2.07122e-02
 Reference value :  2.07147e-02
 Reference value :  2.07172e-02
 Reference value :  2.07197e-02
 Reference value :  2.07244e-02
 Reference value :  2.07269e-02
 Reference value :  2.07295e-02
 Reference value :  2.07319e-02
 Reference value :  2.07367e-02
 Reference value :  2.07392e-02
 Reference value :  2.07417e-02
 Reference value :  2.07464e-02
 Reference value :  2.07489e-02
 Reference value :  2.07515e-02
 Reference value :  2.07560e-02
 Reference value :  2.07588e-02
 Reference value :  2.07612e-02
 Reference value :  2.07637e-02
 Reference value :  2.07684e-02
 Reference value :  2.07710e-02
 Reference value :  2.07735e-02
 Reference value :  2.07760e-02
 Reference value :  2.07808e-02
 Reference value :  2.07833e-02
 Reference value :  2.07857e-02
 Reference value :  2.07905e-02
 Reference value :  2.07930e-02
 Reference value :  2.07955e-02
 Reference value :  2.07980e-02
 Reference value :  2.08027e-02
 Reference value :  2.08053e-02
 Reference value :  2.08079e-02
 Reference value :  2.08126e-02
 Reference value :  2.08151e-02
 Reference value :  2.08194e-02
 Reference value :  2.08224e-02
 Reference value :  2.08249e-02
 Reference value :  2.08297e-02
 Reference value :  2.08322e-02
 Reference value :  2.08347e-02
 Reference value :  2.08372e-02
 Reference value :  2.08419e-02
 Reference value :  2.08444e-02
 Reference value :  2.08469e-02
 Reference value :  2.08515e-02
 Reference value :  2.08541e-02
 Reference value :  2.08567e-02
 Reference value :  2.08614e-02
 Reference value :  2.08639e-02
 Reference value :  2.08664e-02
 Reference value :  2.08689e-02
 Reference value :  2.08736e-02
 Reference value :  2.08761e-02
 Reference value :  2.08787e-02
 Reference value :  2.08812e-02
 Reference value :  2.08859e-02
 Reference value :  2.08884e-02
 Reference value :  2.08909e-02
 Reference value :  2.08933e-02
 Reference value :  2.08981e-02
 Reference value :  2.09006e-02
 Reference value :  2.09031e-02
 Reference value :  2.09079e-02
 Reference value :  2.09104e-02
 Reference value :  2.09129e-02
 Reference value :  2.09177e-02
 Reference value :  2.09202e-02
 Reference value :  2.09227e-02
 Reference value :  2.09251e-02
 Reference value :  2.09276e-02
 Reference value :  2.09323e-02
 Reference value :  2.09349e-02
 Reference value :  2.09394e-02
 Reference value :  2.09421e-02
 Reference value :  2.09447e-02
 Reference value :  2.09472e-02
 Reference value :  2.09519e-02
 Reference value :  2.09543e-02
 Reference value :  2.09569e-02
 Reference value :  2.09594e-02
 Reference value :  2.09641e-02
 Reference value :  2.09666e-02
 Reference value :  2.09692e-02
 Reference value :  2.09716e-02
 Reference value :  2.09764e-02
 Reference value :  2.09789e-02
 Reference value :  2.09813e-02
 Reference value :  2.09861e-02
 Reference value :  2.09886e-02
 Reference value :  2.09911e-02
 Reference value :  2.09937e-02
 Reference value :  2.09983e-02
 Reference value :  2.10009e-02
 Reference value :  2.10034e-02
 Reference value :  2.10081e-02
 Reference value :  2.10107e-02
 Reference value :  2.10132e-02
 Reference value :  2.10156e-02
 Reference value :  2.10203e-02
 Reference value :  2.10229e-02
 Reference value :  2.10254e-02
 Reference value :  2.10279e-02
 Reference value :  2.10326e-02
 Reference value :  2.10351e-02
 Reference value :  2.10376e-02
 Reference value :  2.10422e-02
 Reference value :  2.10448e-02
 Reference value :  2.10474e-02
 Reference value :  2.10498e-02
 Reference value :  2.10546e-02
 Reference value :  2.10572e-02
 Reference value :  2.10597e-02
 Reference value :  2.10644e-02
 Reference value :  2.10669e-02
 Reference value :  2.10694e-02
 Reference value :  2.10742e-02
 Reference value :  2.10767e-02
 Reference value :  2.10792e-02
 Reference value :  2.10838e-02
 Reference value :  2.10865e-02
 Reference value :  2.10890e-02
 Reference value :  2.10915e-02
 Reference value :  2.10940e-02
 Reference value :  2.10965e-02
 Reference value :  2.11012e-02
 Reference value :  2.11038e-02
 Reference value :  2.11062e-02
 Reference value :  2.11087e-02
 Reference value :  2.11134e-02
 Reference value :  2.11160e-02
 Reference value :  2.11184e-02
 Reference value :  2.11232e-02
 Reference value :  2.11257e-02
 Reference value :  2.11282e-02
 Reference value :  2.11307e-02
 Reference value :  2.11355e-02
 Reference value :  2.11381e-02
 Reference value :  2.11405e-02
 Reference value :  2.11430e-02
 Reference value :  2.11477e-02
 Reference value :  2.11501e-02
 Reference value :  2.11525e-02
 Reference value :  2.11550e-02
 Reference value :  2.11576e-02
 Reference value :  2.11601e-02
 Reference value :  2.11648e-02
 Reference value :  2.11673e-02
 Reference value :  2.11698e-02
 Reference value :  2.11723e-02
 Reference value :  2.11747e-02
 Reference value :  2.11772e-02
 Reference value :  2.11797e-02
 Reference value :  2.11843e-02
 Reference value :  2.11869e-02
 Reference value :  2.11892e-02
 Reference value :  2.11917e-02
 Reference value :  2.11942e-02
 Reference value :  2.11967e-02
 Reference value :  2.11991e-02
 Reference value :  2.12016e-02
 Reference value :  2.12040e-02
 Reference value :  2.12065e-02
 Reference value :  2.12091e-02
 Reference value :  2.12137e-02
 Reference value :  2.12162e-02
 Reference value :  2.12188e-02
 Reference value :  2.12212e-02
 Reference value :  2.12237e-02
 Reference value :  2.12261e-02
 Reference value :  2.12307e-02
 Reference value :  2.12332e-02
 Reference value :  2.12358e-02
 Reference value :  2.12383e-02
 Reference value :  2.12408e-02
 Reference value :  2.12432e-02
 Reference value :  2.12456e-02
 Reference value :  2.12504e-02
 Reference value :  2.12529e-02
 Reference value :  2.12555e-02
 Reference value :  2.12579e-02
 Reference value :  2.12604e-02
 Reference value :  2.12650e-02
 Reference value :  2.12676e-02
 Reference value :  2.12701e-02
 Reference value :  2.12725e-02
 Reference value :  2.12751e-02
 Reference value :  2.12776e-02
 Reference value :  2.12800e-02
 Reference value :  2.12825e-02
 Reference value :  2.12873e-02
 Reference value :  2.12897e-02
 Reference value :  2.12923e-02
 Reference value :  2.12948e-02
 Reference value :  2.12972e-02
 Reference value :  2.12998e-02
 Reference value :  2.13026e-02
 Reference value :  2.13067e-02
 Reference value :  2.13093e-02
 Reference value :  2.13119e-02
 Reference value :  2.13144e-02
 Reference value :  2.13191e-02
 Reference value :  2.13216e-02
 Reference value :  2.13240e-02
 Reference value :  2.13266e-02
 Reference value :  2.13291e-02
 Reference value :  2.13315e-02
 Reference value :  2.13363e-02
 Reference value :  2.13388e-02
 Reference value :  2.13413e-02
 Reference value :  2.13438e-02
 Reference value :  2.13463e-02
 Reference value :  2.13510e-02
 Reference value :  2.13536e-02
 Reference value :  2.13561e-02
 Reference value :  2.13608e-02
 Reference value :  2.13633e-02
 Reference value :  2.13659e-02
 Reference value :  2.13684e-02
 Reference value :  2.13731e-02
 Reference value :  2.13756e-02
 Reference value :  2.13782e-02
 Reference value :  2.13807e-02
 Reference value :  2.13853e-02
 Reference value :  2.13879e-02
 Reference value :  2.13904e-02
 Reference value :  2.13951e-02
 Reference value :  2.13977e-02
 Reference value :  2.14002e-02
 Reference value :  2.14028e-02
 Reference value :  2.14073e-02
 Reference value :  2.14099e-02
 Reference value :  2.14124e-02
 Reference value :  2.14169e-02
 Reference value :  2.14195e-02
 Reference value :  2.14221e-02
 Reference value :  2.14247e-02
 Reference value :  2.14294e-02
 Reference value :  2.14319e-02
 Reference value :  2.14367e-02
 Reference value :  2.14392e-02
 Reference value :  2.14418e-02
 Reference value :  2.14465e-02
 Reference value :  2.14491e-02
 Reference value :  2.14516e-02
 Reference value :  2.14541e-02
 Reference value :  2.14588e-02
 Reference value :  2.14613e-02
 Reference value :  2.14638e-02
 Reference value :  2.14664e-02
 Reference value :  2.14688e-02
 Reference value :  2.14736e-02
 Reference value :  2.14760e-02
 Reference value :  2.14786e-02
 Reference value :  2.14811e-02
 Reference value :  2.14835e-02
 Reference value :  2.14882e-02
 Reference value :  2.14908e-02
 Reference value :  2.14933e-02
 Reference value :  2.14980e-02
 Reference value :  2.15005e-02
 Reference value :  2.15031e-02
 Reference value :  2.15056e-02
 Reference value :  2.15082e-02
 Reference value :  2.15128e-02
 Reference value :  2.15154e-02
 Reference value :  2.15178e-02
 Reference value :  2.15225e-02
 Reference value :  2.15251e-02
 Reference value :  2.15276e-02
 Reference value :  2.15301e-02
 Reference value :  2.15348e-02
 Reference value :  2.15374e-02
 Reference value :  2.15399e-02
 Reference value :  2.15423e-02
 Reference value :  2.15471e-02
 Reference value :  2.15496e-02
 Reference value :  2.15521e-02
 Reference value :  2.15546e-02
 Reference value :  2.15571e-02
 Reference value :  2.15618e-02
 Reference value :  2.15643e-02
 Reference value :  2.15669e-02
 Reference value :  2.15694e-02
 Reference value :  2.15739e-02
 Reference value :  2.15766e-02
 Reference value :  2.15792e-02
 Reference value :  2.15817e-02
 Reference value :  2.15864e-02
 Reference value :  2.15889e-02
 Reference value :  2.15915e-02
 Reference value :  2.15939e-02
 Reference value :  2.15987e-02
 Reference value :  2.16013e-02
 Reference value :  2.16037e-02
 Reference value :  2.16062e-02
 Reference value :  2.16108e-02
 Reference value :  2.16135e-02
 Reference value :  2.16159e-02
 Reference value :  2.16207e-02
 Reference value :  2.16233e-02
 Reference value :  2.16257e-02
 Reference value :  2.16304e-02
 Reference value :  2.16330e-02
 Reference value :  2.16355e-02
 Reference value :  2.16380e-02
 Reference value :  2.16426e-02
 Reference value :  2.16451e-02
 Reference value :  2.16477e-02
 Reference value :  2.16502e-02
 Reference value :  2.16527e-02
 Reference value :  2.16553e-02
 Reference value :  2.16598e-02
 Reference value :  2.16624e-02
 Reference value :  2.16649e-02
 Reference value :  2.16695e-02
 Reference value :  2.16721e-02
 Reference value :  2.16747e-02
 Reference value :  2.16794e-02
 Reference value :  2.16819e-02
 Reference value :  2.16844e-02
 Reference value :  2.16892e-02
 Reference value :  2.16918e-02
 Reference value :  2.16943e-02
 Reference value :  2.16990e-02
 Reference value :  2.17016e-02
 Reference value :  2.17040e-02
 Reference value :  2.17087e-02
 Reference value :  2.17113e-02
 Reference value :  2.17138e-02
 Reference value :  2.17163e-02
 Reference value :  2.17210e-02
 Reference value :  2.17235e-02
 Reference value :  2.17261e-02
 Reference value :  2.17309e-02
 Reference value :  2.17334e-02
 Reference value :  2.17360e-02
 Reference value :  2.17385e-02
 Reference value :  2.17432e-02
 Reference value :  2.17458e-02
 Reference value :  2.17482e-02
 Reference value :  2.17507e-02
 Reference value :  2.17554e-02
 Reference value :  2.17578e-02
 Reference value :  2.17604e-02
 Reference value :  2.17628e-02
 Reference value :  2.17653e-02
 Reference value :  2.17678e-02
 Reference value :  2.17725e-02
 Reference value :  2.17751e-02
 Reference value :  2.17775e-02
 Reference value :  2.17801e-02
 Reference value :  2.17847e-02
 Reference value :  2.17872e-02
 Reference value :  2.17898e-02
 Reference value :  2.17923e-02
 Reference value :  2.17948e-02
 Reference value :  2.17995e-02
 Reference value :  2.18021e-02
 Reference value :  2.18045e-02
 Reference value :  2.18070e-02
 Reference value :  2.18118e-02
 Reference value :  2.18143e-02
 Reference value :  2.18169e-02
 Reference value :  2.18193e-02
 Reference value :  2.18241e-02
 Reference value :  2.18265e-02
 Reference value :  2.18291e-02
 Reference value :  2.18315e-02
 Reference value :  2.18362e-02
 Reference value :  2.18387e-02
 Reference value :  2.18412e-02
 Reference value :  2.18437e-02
 Reference value :  2.18462e-02
 Reference value :  2.18486e-02
 Reference value :  2.18511e-02
 Reference value :  2.18550e-02
 Reference value :  2.18583e-02
 Reference value :  2.18608e-02
 Reference value :  2.18633e-02
 Reference value :  2.18658e-02
 Reference value :  2.18705e-02
 Reference value :  2.18730e-02
 Reference value :  2.18755e-02
 Reference value :  2.18780e-02
 Reference value :  2.18805e-02
 Reference value :  2.18830e-02
 Reference value :  2.18877e-02
 Reference value :  2.18902e-02
 Reference value :  2.18927e-02
 Reference value :  2.18952e-02
 Reference value :  2.18985e-02
 Reference value :  2.19024e-02
 Reference value :  2.19050e-02
 Reference value :  2.19077e-02
 Reference value :  2.19122e-02
 Reference value :  2.19147e-02
 Reference value :  2.19195e-02
 Reference value :  2.19220e-02
 Reference value :  2.19245e-02
 Reference value :  2.19293e-02
 Reference value :  2.19319e-02
 Reference value :  2.19344e-02
 Reference value :  2.19391e-02
 Reference value :  2.19417e-02
 Reference value :  2.19442e-02
 Reference value :  2.19467e-02
 Reference value :  2.19514e-02
 Reference value :  2.19540e-02
 Reference value :  2.19564e-02
 Reference value :  2.19612e-02
 Reference value :  2.19638e-02
 Reference value :  2.19662e-02
 Reference value :  2.19710e-02
 Reference value :  2.19736e-02
 Reference value :  2.19761e-02
 Reference value :  2.19808e-02
 Reference value :  2.19834e-02
 Reference value :  2.19859e-02
 Reference value :  2.19906e-02
 Reference value :  2.19931e-02
 Reference value :  2.19957e-02
 Reference value :  2.19982e-02
 Reference value :  2.20029e-02
 Reference value :  2.20054e-02
 Reference value :  2.20079e-02
 Reference value :  2.20104e-02
 Reference value :  2.20129e-02
 Reference value :  2.20176e-02
 Reference value :  2.20202e-02
 Reference value :  2.20227e-02
 Reference value :  2.20274e-02
 Reference value :  2.20300e-02
 Reference value :  2.20348e-02
 Reference value :  2.20373e-02
 Reference value :  2.20398e-02
 Reference value :  2.20422e-02
 Reference value :  2.20448e-02
 Reference value :  2.20495e-02
 Reference value :  2.20520e-02
 Reference value :  2.20545e-02
 Reference value :  2.20570e-02
 Reference value :  2.20618e-02
 Reference value :  2.20643e-02
 Reference value :  2.20668e-02
 Reference value :  2.20714e-02
 Reference value :  2.20740e-02
 Reference value :  2.20766e-02
 Reference value :  2.20791e-02
 Reference value :  2.20837e-02
 Reference value :  2.20863e-02
 Reference value :  2.20889e-02
 Reference value :  2.20914e-02
 Reference value :  2.20938e-02
 Reference value :  2.20985e-02
 Reference value :  2.21011e-02
 Reference value :  2.21036e-02
 Reference value :  2.21060e-02
 Reference value :  2.21107e-02
 Reference value :  2.21110e-02
 Reference value :  2.21134e-02
 Reference value :  2.21158e-02
 Reference value :  2.21183e-02
 Reference value :  2.21207e-02
 Reference value :  2.21231e-02
 Reference value :  2.21255e-02
 Reference value :  2.21256e-02
 Reference value :  2.21280e-02
 Reference value :  2.21304e-02
 Reference value :  2.21326e-02
 Reference value :  2.21330e-02
 Reference value :  2.21354e-02
 Reference value :  2.21378e-02
 Reference value :  2.21402e-02
 Reference value :  2.21403e-02
 Reference value :  2.21428e-02
 Reference value :  2.21451e-02
 Reference value :  2.21475e-02
 Reference value :  2.21500e-02
 Reference value :  2.21524e-02
 Reference value :  2.21528e-02
 Reference value :  2.21550e-02
 Reference value :  2.21575e-02
 Reference value :  2.21599e-02
 Reference value :  2.21624e-02
 Reference value :  2.21647e-02
 Reference value :  2.21670e-02
 Reference value :  2.21673e-02
 Reference value :  2.21697e-02
 Reference value :  2.21721e-02
 Reference value :  2.21722e-02
 Reference value :  2.21746e-02
 Reference value :  2.21770e-02
 Reference value :  2.21795e-02
 Reference value :  2.21819e-02
 Reference value :  2.21843e-02
 Reference value :  2.21845e-02
 Reference value :  2.21869e-02
 Reference value :  2.21893e-02
 Reference value :  2.21917e-02
 Reference value :  2.21941e-02
 Reference value :  2.21965e-02
 Reference value :  2.21967e-02
 Reference value :  2.21991e-02
 Reference value :  2.22015e-02
 Reference value :  2.22039e-02
 Reference value :  2.22063e-02
 Reference value :  2.22065e-02
 Reference value :  2.22089e-02
 Reference value :  2.22113e-02
 Reference value :  2.22136e-02
 Reference value :  2.22139e-02
 Reference value :  2.22162e-02
 Reference value :  2.22186e-02
 Reference value :  2.22210e-02
 Reference value :  2.22235e-02
 Reference value :  2.22236e-02
 Reference value :  2.22260e-02
 Reference value :  2.22284e-02
 Reference value :  2.22308e-02
 Reference value :  2.22309e-02
 Reference value :  2.22333e-02
 Reference value :  2.22357e-02
 Reference value :  2.22379e-02
 Reference value :  2.22383e-02
 Reference value :  2.22407e-02
 Reference value :  2.22431e-02
 Reference value :  2.22455e-02
 Reference value :  2.22457e-02
 Reference value :  2.22481e-02
 Reference value :  2.22505e-02
 Reference value :  2.22529e-02
 Reference value :  2.22553e-02
 Reference value :  2.22577e-02
 Reference value :  2.22579e-02
 Reference value :  2.22603e-02
 Reference value :  2.22627e-02
 Reference value :  2.22652e-02
 Reference value :  2.22676e-02
 Reference value :  2.22678e-02
 Reference value :  2.22701e-02
 Reference value :  2.22725e-02
 Reference value :  2.22750e-02
 Reference value :  2.22774e-02
 Reference value :  2.22799e-02
 Reference value :  2.22823e-02
 Reference value :  2.22871e-02
 Reference value :  2.22896e-02
 Reference value :  2.22921e-02
 Reference value :  2.22947e-02
 Reference value :  2.22994e-02
 Reference value :  2.23019e-02
 Reference value :  2.23045e-02
 Reference value :  2.23092e-02
 Reference value :  2.23117e-02
 Reference value :  2.23142e-02
 Reference value :  2.23167e-02
 Reference value :  2.23214e-02
 Reference value :  2.23239e-02
 Reference value :  2.23264e-02
 Reference value :  2.23289e-02
 Reference value :  2.23337e-02
 Reference value :  2.23362e-02
 Reference value :  2.23386e-02
 Reference value :  2.23434e-02
 Reference value :  2.23458e-02
 Reference value :  2.23484e-02
 Reference value :  2.23509e-02
 Reference value :  2.23556e-02
 Reference value :  2.23582e-02
 Reference value :  2.23607e-02
 Reference value :  2.23634e-02
 Reference value :  2.23679e-02
 Reference value :  2.23704e-02
 Reference value :  2.23752e-02
 Reference value :  2.23777e-02
 Reference value :  2.23802e-02
 Reference value :  2.23849e-02
 Reference value :  2.23873e-02
 Reference value :  2.23875e-02
 Reference value :  2.23899e-02
 Reference value :  2.23923e-02
 Reference value :  2.23948e-02
 Reference value :  2.23971e-02
 Reference value :  2.23994e-02
 Reference value :  2.23997e-02
 Reference value :  2.24021e-02
 Reference value :  2.24046e-02
 Reference value :  2.24070e-02
 Reference value :  2.24094e-02
 Reference value :  2.24098e-02
 Reference value :  2.24120e-02
 Reference value :  2.24144e-02
 Reference value :  2.24168e-02
 Reference value :  2.24192e-02
 Reference value :  2.24216e-02
 Reference value :  2.24217e-02
 Reference value :  2.24242e-02
 Reference value :  2.24266e-02
 Reference value :  2.24290e-02
 Reference value :  2.24314e-02
 Reference value :  2.24337e-02
 Reference value :  2.24339e-02
 Reference value :  2.24363e-02
 Reference value :  2.24388e-02
 Reference value :  2.24412e-02
 Reference value :  2.24436e-02
 Reference value :  2.24460e-02
 Reference value :  2.24461e-02
 Reference value :  2.24485e-02
 Reference value :  2.24509e-02
 Reference value :  2.24534e-02
 Reference value :  2.24537e-02
 Reference value :  2.24559e-02
 Reference value :  2.24583e-02
 Reference value :  2.24608e-02
 Reference value :  2.24632e-02
 Reference value :  2.24655e-02
 Reference value :  2.24657e-02
 Reference value :  2.24681e-02
 Reference value :  2.24706e-02
 Reference value :  2.24730e-02
 Reference value :  2.24754e-02
 Reference value :  2.24777e-02
 Reference value :  2.24779e-02
 Reference value :  2.24803e-02
 Reference value :  2.24827e-02
 Reference value :  2.24851e-02
 Reference value :  2.24875e-02
 Reference value :  2.24876e-02
 Reference value :  2.24900e-02
 Reference value :  2.24925e-02
 Reference value :  2.24949e-02
 Reference value :  2.24973e-02
 Reference value :  2.24974e-02
 Reference value :  2.24998e-02
 Reference value :  2.25023e-02
 Reference value :  2.25047e-02
 Reference value :  2.25071e-02
 Reference value :  2.25072e-02
 Reference value :  2.25097e-02
 Reference value :  2.25121e-02
 Reference value :  2.25145e-02
 Reference value :  2.25169e-02
 Reference value :  2.25194e-02
 Reference value :  2.25197e-02
 Reference value :  2.25220e-02
 Reference value :  2.25244e-02
 Reference value :  2.25268e-02
 Reference value :  2.25292e-02
 Reference value :  2.25316e-02
 Reference value :  2.25340e-02
 Reference value :  2.25363e-02
 Reference value :  2.25366e-02
 Reference value :  2.25414e-02
 Reference value :  2.25438e-02
 Reference value :  2.25463e-02
 Reference value :  2.25491e-02
 Reference value :  2.25536e-02
 Reference value :  2.25561e-02
 Reference value :  2.25609e-02
 Reference value :  2.25634e-02
 Reference value :  2.25659e-02
 Reference value :  2.25707e-02
 Reference value :  2.25731e-02
 Reference value :  2.25756e-02
 Reference value :  2.25804e-02
 Reference value :  2.25829e-02
 Reference value :  2.25854e-02
 Reference value :  2.25882e-02
 Reference value :  2.25927e-02
 Reference value :  2.25975e-02
 Reference value :  2.25999e-02
 Reference value :  2.26048e-02
 Reference value :  2.26073e-02
 Reference value :  2.26097e-02
 Reference value :  2.26146e-02
 Reference value :  2.26171e-02
 Reference value :  2.26219e-02
 Reference value :  2.26244e-02
 Reference value :  2.26270e-02
 Reference value :  2.26317e-02
 Reference value :  2.26342e-02
 Reference value :  2.26388e-02
 Reference value :  2.26414e-02
 Reference value :  2.26440e-02
 Reference value :  2.26465e-02
 Reference value :  2.26489e-02
 Reference value :  2.26513e-02
 Reference value :  2.26538e-02
 Reference value :  2.26562e-02
 Reference value :  2.26586e-02
 Reference value :  2.26611e-02
 Reference value :  2.26613e-02
 Reference value :  2.26636e-02
 Reference value :  2.26660e-02
 Reference value :  2.26684e-02
 Reference value :  2.26708e-02
 Reference value :  2.26710e-02
 Reference value :  2.26733e-02
 Reference value :  2.26758e-02
 Reference value :  2.26782e-02
 Reference value :  2.26806e-02
 Reference value :  2.26818e-02
 Reference value :  2.26832e-02
 Reference value :  2.26856e-02
 Reference value :  2.26881e-02
 Reference value :  2.26905e-02
 Reference value :  2.26929e-02
 Reference value :  2.26930e-02
 Reference value :  2.26955e-02
 Reference value :  2.26979e-02
 Reference value :  2.27003e-02
 Reference value :  2.27028e-02
 Reference value :  2.27029e-02
 Reference value :  2.27053e-02
 Reference value :  2.27077e-02
 Reference value :  2.27101e-02
 Reference value :  2.27125e-02
 Reference value :  2.27130e-02
 Reference value :  2.27151e-02
 Reference value :  2.27175e-02
 Reference value :  2.27199e-02
 Reference value :  2.27223e-02
 Reference value :  2.27226e-02
 Reference value :  2.27248e-02
 Reference value :  2.27273e-02
 Reference value :  2.27297e-02
 Reference value :  2.27322e-02
 Reference value :  2.27346e-02
 Reference value :  2.27347e-02
 Reference value :  2.27371e-02
 Reference value :  2.27418e-02
 Reference value :  2.27419e-02
 Reference value :  2.27443e-02
 Reference value :  2.27467e-02
 Reference value :  2.27492e-02
 Reference value :  2.27495e-02
 Reference value :  2.27517e-02
 Reference value :  2.27542e-02
 Reference value :  2.27566e-02
 Reference value :  2.27590e-02
 Reference value :  2.27615e-02
 Reference value :  2.27640e-02
 Reference value :  2.27664e-02
 Reference value :  2.27665e-02
 Reference value :  2.27689e-02
 Reference value :  2.27713e-02
 Reference value :  2.27738e-02
 Reference value :  2.27762e-02
 Reference value :  2.27786e-02
 Reference value :  2.27811e-02
 Reference value :  2.27835e-02
 Reference value :  2.27837e-02
 Reference value :  2.27861e-02
 Reference value :  2.27885e-02
 Reference value :  2.27909e-02
 Reference value :  2.27934e-02
 Reference value :  2.27958e-02
 Reference value :  2.27961e-02
 Reference value :  2.28006e-02
 Reference value :  2.28032e-02
 Reference value :  2.28056e-02
 Reference value :  2.28104e-02
 Reference value :  2.28129e-02
 Reference value :  2.28154e-02
 Reference value :  2.28202e-02
 Reference value :  2.28227e-02
 Reference value :  2.28275e-02
 Reference value :  2.28301e-02
 Reference value :  2.28327e-02
 Reference value :  2.28374e-02
 Reference value :  2.28399e-02
 Reference value :  2.28424e-02
 Reference value :  2.28472e-02
 Reference value :  2.28520e-02
 Reference value :  2.28545e-02
 Reference value :  2.28570e-02
 Reference value :  2.28618e-02
 Reference value :  2.28643e-02
 Reference value :  2.28667e-02
 Reference value :  2.28716e-02
 Reference value :  2.28741e-02
 Reference value :  2.28789e-02
 Reference value :  2.28814e-02
 Reference value :  2.28861e-02
 Reference value :  2.28887e-02
 Reference value :  2.28911e-02
 Reference value :  2.28960e-02
 Reference value :  2.28985e-02
 Reference value :  2.29010e-02
 Reference value :  2.29058e-02
 Reference value :  2.29083e-02
 Reference value :  2.29108e-02
 Reference value :  2.29156e-02
 Reference value :  2.29181e-02
 Reference value :  2.29205e-02
 Reference value :  2.29254e-02
 Reference value :  2.29279e-02
 Reference value :  2.29307e-02
 Reference value :  2.29352e-02
 Reference value :  2.29377e-02
 Reference value :  2.29425e-02
 Reference value :  2.29450e-02
 Reference value :  2.29475e-02
 Reference value :  2.29523e-02
 Reference value :  2.29570e-02
 Reference value :  2.29596e-02
 Reference value :  2.29621e-02
 Reference value :  2.29670e-02
 Reference value :  2.29694e-02
 Reference value :  2.29743e-02
 Reference value :  2.29768e-02
 Reference value :  2.29793e-02
 Reference value :  2.29841e-02
 Reference value :  2.29866e-02
 Reference value :  2.29893e-02
 Reference value :  2.29939e-02
 Reference value :  2.29964e-02
 Reference value :  2.30012e-02
 Reference value :  2.30037e-02
 Reference value :  2.30086e-02
 Reference value :  2.30111e-02
 Reference value :  2.30136e-02
 Reference value :  2.30184e-02
 Reference value :  2.30209e-02
 Reference value :  2.30234e-02
 Reference value :  2.30282e-02
 Reference value :  2.30307e-02
 Reference value :  2.30355e-02
 Reference value :  2.30380e-02
 Reference value :  2.30404e-02
 Reference value :  2.30453e-02
 Reference value :  2.30478e-02
 Reference value :  2.30525e-02
 Reference value :  2.30551e-02
 Reference value :  2.30576e-02
 Reference value :  2.30624e-02
 Reference value :  2.30649e-02
 Reference value :  2.30697e-02
 Reference value :  2.30722e-02
 Reference value :  2.30746e-02
 Reference value :  2.30795e-02
 Reference value :  2.30820e-02
 Reference value :  2.30869e-02
 Reference value :  2.30894e-02
 Reference value :  2.30942e-02
 Reference value :  2.30967e-02
 Reference value :  2.30992e-02
 Reference value :  2.31040e-02
 Reference value :  2.31065e-02
 Reference value :  2.31089e-02
 Reference value :  2.31138e-02
 Reference value :  2.31163e-02
 Reference value :  2.31211e-02
 Reference value :  2.31260e-02
 Reference value :  2.31285e-02
 Reference value :  2.31334e-02
 Reference value :  2.31358e-02
 Reference value :  2.31407e-02
 Reference value :  2.31431e-02
 Reference value :  2.31479e-02
 Reference value :  2.31504e-02
 Reference value :  2.31530e-02
 Reference value :  2.31577e-02
 Reference value :  2.31602e-02
 Reference value :  2.31628e-02
 Reference value :  2.31675e-02
 Reference value :  2.31724e-02
 Reference value :  2.31752e-02
 Reference value :  2.31798e-02
 Reference value :  2.31822e-02
 Reference value :  2.31871e-02
 Reference value :  2.31896e-02
 Reference value :  2.31921e-02
 Reference value :  2.31970e-02
 Reference value :  2.31994e-02
 Reference value :  2.32043e-02
 Reference value :  2.32068e-02
 Reference value :  2.32115e-02
 Reference value :  2.32141e-02
 Reference value :  2.32167e-02
 Reference value :  2.32215e-02
 Reference value :  2.32240e-02
 Reference value :  2.32288e-02
 Reference value :  2.32313e-02
 Reference value :  2.32362e-02
 Reference value :  2.32386e-02
 Reference value :  2.32435e-02
 Reference value :  2.32460e-02
 Reference value :  2.32485e-02
 Reference value :  2.32533e-02
 Reference value :  2.32558e-02
 Reference value :  2.32606e-02
 Reference value :  2.32631e-02
 Reference value :  2.32656e-02
 Reference value :  2.32680e-02
 Reference value :  2.32705e-02
 Reference value :  2.32753e-02
 Reference value :  2.32802e-02
 Reference value :  2.32827e-02
 Reference value :  2.32851e-02
 Reference value :  2.32899e-02
 Reference value :  2.32924e-02
 Reference value :  2.32972e-02
 Reference value :  2.32997e-02
 Reference value :  2.33022e-02
 Reference value :  2.33046e-02
 Reference value :  2.33095e-02
 Reference value :  2.33120e-02
 Reference value :  2.33168e-02
 Reference value :  2.33216e-02
 Reference value :  2.33241e-02
 Reference value :  2.33267e-02
 Reference value :  2.33315e-02
 Reference value :  2.33340e-02
 Reference value :  2.33388e-02
 Reference value :  2.33413e-02
 Reference value :  2.33462e-02
 Reference value :  2.33487e-02
 Reference value :  2.33512e-02
 Reference value :  2.33560e-02
 Reference value :  2.33608e-02
 Reference value :  2.33633e-02
 Reference value :  2.33682e-02
 Reference value :  2.33707e-02
 Reference value :  2.33756e-02
 Reference value :  2.33804e-02
 Reference value :  2.33829e-02
 Reference value :  2.33902e-02
 Reference value :  2.33926e-02
 Reference value :  2.33975e-02
 Reference value :  2.34000e-02
 Reference value :  2.34048e-02
 Reference value :  2.34097e-02
 Reference value :  2.34121e-02
 Reference value :  2.34169e-02
 Reference value :  2.34194e-02
 Reference value :  2.34243e-02
 Reference value :  2.34267e-02
 Reference value :  2.34316e-02
 Reference value :  2.34341e-02
 Reference value :  2.34394e-02
 Reference value :  2.34439e-02
 Reference value :  2.34488e-02
 Reference value :  2.34512e-02
 Reference value :  2.34561e-02
 Reference value :  2.34610e-02
 Reference value :  2.34635e-02
 Reference value :  2.34663e-02
 Reference value :  2.34709e-02
 Reference value :  2.34757e-02
 Reference value :  2.34806e-02
 Reference value :  2.34831e-02
 Reference value :  2.34879e-02
 Reference value :  2.34905e-02
 Reference value :  2.34953e-02
 Reference value :  2.35002e-02
 Reference value :  2.35027e-02
 Reference value :  2.35075e-02
 Reference value :  2.35124e-02
 Reference value :  2.35173e-02
 Reference value :  2.35221e-02
 Reference value :  2.35246e-02
 Reference value :  2.35295e-02
 Reference value :  2.35323e-02
 Reference value :  2.35393e-02
 Reference value :  2.35442e-02
 Reference value :  2.35467e-02
 Reference value :  2.35515e-02
 Reference value :  2.35564e-02
 Reference value :  2.35613e-02
 Reference value :  2.35662e-02
 Reference value :  2.35687e-02
 Reference value :  2.35737e-02
 Reference value :  2.35785e-02
 Reference value :  2.35834e-02
 Reference value :  2.35882e-02
 Reference value :  2.35907e-02
 Reference value :  2.35956e-02
 Reference value :  2.35981e-02
 Reference value :  2.36030e-02
 Reference value :  2.36078e-02
 Reference value :  2.36127e-02
 Reference value :  2.36152e-02
 Reference value :  2.36201e-02
 Reference value :  2.36250e-02
 Reference value :  2.36298e-02
 Reference value :  2.36324e-02
 Reference value :  2.36372e-02
 Reference value :  2.36445e-02
 Reference value :  2.36470e-02
 Reference value :  2.36519e-02
 Reference value :  2.36591e-02
 Reference value :  2.36616e-02
 Reference value :  2.36665e-02
 Reference value :  2.36738e-02
 Reference value :  2.36787e-02
 Reference value :  2.36836e-02
 Reference value :  2.36885e-02
 Reference value :  2.36937e-02
 Reference value :  2.37006e-02
 Reference value :  2.37056e-02
 Reference value :  2.37105e-02
 Reference value :  2.37178e-02
 Reference value :  2.37250e-02
 Reference value :  2.37324e-02
 Reference value :  2.37397e-02
 Reference value :  2.37471e-02
 Reference value :  2.37545e-02
 Reference value :  2.37642e-02
 Reference value :  2.37716e-02
 Reference value :  2.37789e-02
 Reference value :  2.37864e-02
 Reference value :  2.37960e-02
 Reference value :  2.38034e-02
 Reference value :  2.38108e-02
 Reference value :  2.38181e-02
 Reference value :  2.38255e-02
 Reference value :  2.38328e-02
 Reference value :  2.38387e-02
 Reference value :  2.38475e-02
 Reference value :  2.38548e-02
 Reference value :  2.38622e-02
 Reference value :  2.38696e-02
 Reference value :  2.38770e-02
 Reference value :  2.38843e-02
 Reference value :  2.38892e-02
 Reference value :  2.38966e-02
 Reference value :  2.39063e-02
 Reference value :  2.39136e-02
 Reference value :  2.39210e-02
 Reference value :  2.39261e-02
 Reference value :  2.39334e-02
 Reference value :  2.39406e-02
 Reference value :  2.39480e-02
 Reference value :  2.39555e-02
 Reference value :  2.39650e-02
 Reference value :  2.39723e-02
 Reference value :  2.39797e-02
 Reference value :  2.39870e-02
 Reference value :  2.39943e-02
 Reference value :  2.40017e-02
 Reference value :  2.40090e-02
 Reference value :  2.40164e-02
 Reference value :  2.40237e-02
 Reference value :  2.40311e-02
 Reference value :  2.40384e-02
 Reference value :  2.40457e-02
 Reference value :  2.40531e-02
 Reference value :  2.40604e-02
 Reference value :  2.40678e-02
 Reference value :  2.40752e-02
 Reference value :  2.40825e-02
 Reference value :  2.40898e-02
 Reference value :  2.40972e-02
 Reference value :  2.41045e-02
 Reference value :  2.41119e-02
 Reference value :  2.41192e-02
 Reference value :  2.41266e-02
 Reference value :  2.41339e-02
 Reference value :  2.41413e-02
 Reference value :  2.41488e-02
 Reference value :  2.41560e-02
 Reference value :  2.41634e-02
 Reference value :  2.41711e-02
 Reference value :  2.41781e-02
 Reference value :  2.41877e-02
 Reference value :  2.41928e-02
 Reference value :  2.42001e-02
 Reference value :  2.42075e-02
 Reference value :  2.42148e-02
 Reference value :  2.42221e-02
 Reference value :  2.42295e-02
 Reference value :  2.42368e-02
 Reference value :  2.42442e-02
 Reference value :  2.42515e-02
 Reference value :  2.42589e-02
 Reference value :  2.42662e-02
 Reference value :  2.42736e-02
 Reference value :  2.42791e-02
 Reference value :  2.42859e-02
 Reference value :  2.42932e-02
 Reference value :  2.43005e-02
 Reference value :  2.43078e-02
 Reference value :  2.43151e-02
 Reference value :  2.43202e-02
 Reference value :  2.43275e-02
 Reference value :  2.43348e-02
 Reference value :  2.43422e-02
 Reference value :  2.43495e-02
 Reference value :  2.43569e-02
 Reference value :  2.43642e-02
 Reference value :  2.43715e-02
 Reference value :  2.43765e-02
 Reference value :  2.43838e-02
 Reference value :  2.43912e-02
 Reference value :  2.43985e-02
 Reference value :  2.44036e-02
 Reference value :  2.44108e-02
 Reference value :  2.44181e-02
 Reference value :  2.44255e-02
 Reference value :  2.44330e-02
 Reference value :  2.44427e-02
 Reference value :  2.44477e-02
 Reference value :  2.44550e-02
 Reference value :  2.44647e-02
 Reference value :  2.44699e-02
 Reference value :  2.44770e-02
 Reference value :  2.44844e-02
 Reference value :  2.44917e-02
 Reference value :  2.44990e-02
 Reference value :  2.45064e-02
 Reference value :  2.45137e-02
 Reference value :  2.45210e-02
 Reference value :  2.45260e-02
 Reference value :  2.45333e-02
 Reference value :  2.45383e-02
 Reference value :  2.45456e-02
 Reference value :  2.45530e-02
 Reference value :  2.45603e-02
 Reference value :  2.45676e-02
 Reference value :  2.45748e-02
 Reference value :  2.45798e-02
 Reference value :  2.45872e-02
 Reference value :  2.45945e-02
 Reference value :  2.46018e-02
 Reference value :  2.46091e-02
 Reference value :  2.46164e-02
 Reference value :  2.46238e-02
 Reference value :  2.46311e-02
 Reference value :  2.46361e-02
 Reference value :  2.46435e-02
 Reference value :  2.46508e-02
 Reference value :  2.46582e-02
 Reference value :  2.46631e-02
 Reference value :  2.46705e-02
 Reference value :  2.46777e-02
 Reference value :  2.46850e-02
 Reference value :  2.46924e-02
 Reference value :  2.46997e-02
 Reference value :  2.47071e-02
 Reference value :  2.47127e-02
 Reference value :  2.47217e-02
 Reference value :  2.47290e-02
 Reference value :  2.47364e-02
 Reference value :  2.47425e-02
 Reference value :  2.47510e-02
 Reference value :  2.47561e-02
 Reference value :  2.47635e-02
 Reference value :  2.47708e-02
 Reference value :  2.47781e-02
 Reference value :  2.47855e-02
 Reference value :  2.47928e-02
 Reference value :  2.48002e-02
 Reference value :  2.48075e-02
 Reference value :  2.48148e-02
 Reference value :  2.48222e-02
 Reference value :  2.48272e-02
 Reference value :  2.48351e-02
 Reference value :  2.48418e-02
 Reference value :  2.48492e-02
 Reference value :  2.48566e-02
 Reference value :  2.48639e-02
 Reference value :  2.48712e-02
 Reference value :  2.48786e-02
 Reference value :  2.48838e-02
 Reference value :  2.48932e-02
 Reference value :  2.48983e-02
 Reference value :  2.49055e-02
 Reference value :  2.49128e-02
 Reference value :  2.49202e-02
 Reference value :  2.49275e-02
 Reference value :  2.49348e-02
 Reference value :  2.49421e-02
 Reference value :  2.49494e-02
 Reference value :  2.49568e-02
 Reference value :  2.49619e-02
 Reference value :  2.49695e-02
 Reference value :  2.49766e-02
 Reference value :  2.49839e-02
 Reference value :  2.49913e-02
 Reference value :  2.49986e-02
 Reference value :  2.50059e-02
 Reference value :  2.50133e-02
 Reference value :  2.50206e-02
 Reference value :  2.50257e-02
 Reference value :  2.50330e-02
 Reference value :  2.50402e-02
 Reference value :  2.50476e-02
 Reference value :  2.50549e-02
 Reference value :  2.50623e-02
 Reference value :  2.50696e-02
 Reference value :  2.50770e-02
 Reference value :  2.50820e-02
 Reference value :  2.50894e-02
 Reference value :  2.50970e-02
 Reference value :  2.51040e-02
 Reference value :  2.51113e-02
 Reference value :  2.51187e-02
 Reference value :  2.51260e-02
 Reference value :  2.51334e-02
 Reference value :  2.51407e-02
 Reference value :  2.51480e-02
 Reference value :  2.51535e-02
 Reference value :  2.51604e-02
 Reference value :  2.51678e-02
 Reference value :  2.51750e-02
 Reference value :  2.51824e-02
 Reference value :  2.51896e-02
 Reference value :  2.51948e-02
 Reference value :  2.52020e-02
 Reference value :  2.52094e-02
 Reference value :  2.52167e-02
 Reference value :  2.52241e-02
 Reference value :  2.52314e-02
 Reference value :  2.52387e-02
 Reference value :  2.52461e-02
 Reference value :  2.52534e-02
 Reference value :  2.52586e-02
 Reference value :  2.52661e-02
 Reference value :  2.52731e-02
 Reference value :  2.52804e-02
 Reference value :  2.52877e-02
 Reference value :  2.52951e-02
 Reference value :  2.53024e-02
 Reference value :  2.53098e-02
 Reference value :  2.53171e-02
 Reference value :  2.53245e-02
 Reference value :  2.53318e-02
 Reference value :  2.53369e-02
 Reference value :  2.53441e-02
 Reference value :  2.53514e-02
 Reference value :  2.53588e-02
 Reference value :  2.53661e-02
 Reference value :  2.53710e-02
 Reference value :  2.53759e-02
 Reference value :  2.53808e-02
 Reference value :  2.53857e-02
 Reference value :  2.53912e-02
 Reference value :  2.53980e-02
 Reference value :  2.54053e-02
 Reference value :  2.54103e-02
 Reference value :  2.54175e-02
 Reference value :  2.54249e-02
 Reference value :  2.54322e-02
 Reference value :  2.54372e-02
 Reference value :  2.54445e-02
 Reference value :  2.54518e-02
 Reference value :  2.54568e-02
 Reference value :  2.54641e-02
 Reference value :  2.54714e-02
 Reference value :  2.54781e-02
 Reference value :  2.54836e-02
 Reference value :  2.54910e-02
 Reference value :  2.54959e-02
 Reference value :  2.55033e-02
 Reference value :  2.55082e-02
 Reference value :  2.55155e-02
 Reference value :  2.55205e-02
 Reference value :  2.55278e-02
 Reference value :  2.55351e-02
 Reference value :  2.55404e-02
 Reference value :  2.55473e-02
 Reference value :  2.55547e-02
 Reference value :  2.55619e-02
 Reference value :  2.55669e-02
 Reference value :  2.55742e-02
 Reference value :  2.55816e-02
 Reference value :  2.55866e-02
 Reference value :  2.55938e-02
 Reference value :  2.55989e-02
 Reference value :  2.56061e-02
 Reference value :  2.56115e-02
 Reference value :  2.56184e-02
 Reference value :  2.56257e-02
 Reference value :  2.56307e-02
 Reference value :  2.56380e-02
 Reference value :  2.56453e-02
 Reference value :  2.56526e-02
 Reference value :  2.56576e-02
 Reference value :  2.56649e-02
 Reference value :  2.56722e-02
 Reference value :  2.56772e-02
 Reference value :  2.56845e-02
 Reference value :  2.56918e-02
 Reference value :  2.56992e-02
 Reference value :  2.57041e-02
 Reference value :  2.57114e-02
 Reference value :  2.57164e-02
 Reference value :  2.57237e-02
 Reference value :  2.57310e-02
 Reference value :  2.57360e-02
 Reference value :  2.57432e-02
 Reference value :  2.57484e-02
 Reference value :  2.57555e-02
 Reference value :  2.57629e-02
 Reference value :  2.57702e-02
 Reference value :  2.57752e-02
 Reference value :  2.57824e-02
 Reference value :  2.57876e-02
 Reference value :  2.57947e-02
 Reference value :  2.58020e-02
 Reference value :  2.58070e-02
 Reference value :  2.58143e-02
 Reference value :  2.58202e-02
 Reference value :  2.58265e-02
 Reference value :  2.58339e-02
 Reference value :  2.58389e-02
 Reference value :  2.58461e-02
 Reference value :  2.58534e-02
 Reference value :  2.58585e-02
 Reference value :  2.58657e-02
 Reference value :  2.58731e-02
 Reference value :  2.58804e-02
 Reference value :  2.58853e-02
 Reference value :  2.58926e-02
 Reference value :  2.58976e-02
 Reference value :  2.59049e-02
 Reference value :  2.59122e-02
 Reference value :  2.59171e-02
 Reference value :  2.59222e-02
 Reference value :  2.59294e-02
 Reference value :  2.59367e-02
 Reference value :  2.59417e-02
 Reference value :  2.59490e-02
 Reference value :  2.59563e-02
 Reference value :  2.59612e-02
 Reference value :  2.59686e-02
 Reference value :  2.59735e-02
 Reference value :  2.59808e-02
 Reference value :  2.59858e-02
 Reference value :  2.59931e-02
 Reference value :  2.60004e-02
 Reference value :  2.60054e-02
 Reference value :  2.60127e-02
 Reference value :  2.60201e-02
 Reference value :  2.60274e-02
 Reference value :  2.60347e-02
 Reference value :  2.60420e-02
 Reference value :  2.60494e-02
 Reference value :  2.60567e-02
 Reference value :  2.60640e-02
 Reference value :  2.60691e-02
 Reference value :  2.60764e-02
 Reference value :  2.60837e-02
 Reference value :  2.60910e-02
 Reference value :  2.60984e-02
 Reference value :  2.61057e-02
 Reference value :  2.61130e-02
 Reference value :  2.61181e-02
 Reference value :  2.61253e-02
 Reference value :  2.61327e-02
 Reference value :  2.61400e-02
 Reference value :  2.61473e-02
 Reference value :  2.61547e-02
 Reference value :  2.61620e-02
 Reference value :  2.61694e-02
 Reference value :  2.61767e-02
 Reference value :  2.61816e-02
 Reference value :  2.61890e-02
 Reference value :  2.61963e-02
 Reference value :  2.62013e-02
 Reference value :  2.62086e-02
 Reference value :  2.62159e-02
 Reference value :  2.62232e-02
 Reference value :  2.62283e-02
 Reference value :  2.62355e-02
 Reference value :  2.62428e-02
 Reference value :  2.62502e-02
 Reference value :  2.62551e-02
 Reference value :  2.62624e-02
 Reference value :  2.62698e-02
 Reference value :  2.62771e-02
 Reference value :  2.62821e-02
 Reference value :  2.62894e-02
 Reference value :  2.62967e-02
 Reference value :  2.63018e-02
 Reference value :  2.63090e-02
 Reference value :  2.63163e-02
 Reference value :  2.63237e-02
 Reference value :  2.63293e-02
 Reference value :  2.63359e-02
 Reference value :  2.63433e-02
 Reference value :  2.63506e-02
 Reference value :  2.63579e-02
 Reference value :  2.63630e-02
 Reference value :  2.63703e-02
 Reference value :  2.63776e-02
 Reference value :  2.63849e-02
 Reference value :  2.63923e-02
 Reference value :  2.63995e-02
 Reference value :  2.64060e-02
 Reference value :  2.64119e-02
 Reference value :  2.64192e-02
 Reference value :  2.64265e-02
 Reference value :  2.64339e-02
 Reference value :  2.64389e-02
 Reference value :  2.64462e-02
 Reference value :  2.64535e-02
 Reference value :  2.64608e-02
 Reference value :  2.64682e-02
 Reference value :  2.64732e-02
 Reference value :  2.64804e-02
 Reference value :  2.64878e-02
 Reference value :  2.64931e-02
 Reference value :  2.65000e-02
 Reference value :  2.65074e-02
 Reference value :  2.65126e-02
 Reference value :  2.65196e-02
 Reference value :  2.65269e-02
 Reference value :  2.65318e-02
 Reference value :  2.65392e-02
 Reference value :  2.65441e-02
 Reference value :  2.65491e-02
 Reference value :  2.65564e-02
 Reference value :  2.65637e-02
 Reference value :  2.65710e-02
 Reference value :  2.65761e-02
 Reference value :  2.65833e-02
 Reference value :  2.65906e-02
 Reference value :  2.65980e-02
 Reference value :  2.66052e-02
 Reference value :  2.66103e-02
 Reference value :  2.66175e-02
 Reference value :  2.66249e-02
 Reference value :  2.66322e-02
 Reference value :  2.66372e-02
 Reference value :  2.66445e-02
 Reference value :  2.66518e-02
 Reference value :  2.66592e-02
 Reference value :  2.66665e-02
 Reference value :  2.66738e-02
 Reference value :  2.66788e-02
 Reference value :  2.66861e-02
 Reference value :  2.66935e-02
 Reference value :  2.67010e-02
 Reference value :  2.67082e-02
 Reference value :  2.67155e-02
 Reference value :  2.67229e-02
 Reference value :  2.67302e-02
 Reference value :  2.67375e-02
 Reference value :  2.67449e-02
 Reference value :  2.67521e-02
 Reference value :  2.67595e-02
 Reference value :  2.67668e-02
 Reference value :  2.67742e-02
 Reference value :  2.67815e-02
 Reference value :  2.67889e-02
 Reference value :  2.67963e-02
 Reference value :  2.68036e-02
 Reference value :  2.68110e-02
 Reference value :  2.68183e-02
 Reference value :  2.68257e-02
 Reference value :  2.68330e-02
 Reference value :  2.68398e-02
 Reference value :  2.68456e-02
 Reference value :  2.68528e-02
 Reference value :  2.68601e-02
 Reference value :  2.68675e-02
 Reference value :  2.68757e-02
 Reference value :  2.68845e-02
 Reference value :  2.68919e-02
 Reference value :  2.68993e-02
 Reference value :  2.69067e-02
 Reference value :  2.69141e-02
 Reference value :  2.69215e-02
 Reference value :  2.69288e-02
 Reference value :  2.69363e-02
 Reference value :  2.69436e-02
 Reference value :  2.69510e-02
 Reference value :  2.69582e-02
 Reference value :  2.69656e-02
 Reference value :  2.69729e-02
 Reference value :  2.69804e-02
 Reference value :  2.69877e-02
 Reference value :  2.69950e-02
 Reference value :  2.70023e-02
 Reference value :  2.70097e-02
 Reference value :  2.70170e-02
 Reference value :  2.70244e-02
 Reference value :  2.70317e-02
 Reference value :  2.70391e-02
 Reference value :  2.70464e-02
 Reference value :  2.70537e-02
 Reference value :  2.70611e-02
 Reference value :  2.70684e-02
 Reference value :  2.70757e-02
 Reference value :  2.70831e-02
 Reference value :  2.70905e-02
 Reference value :  2.70979e-02
 Reference value :  2.71053e-02
 Reference value :  2.71126e-02
 Reference value :  2.71200e-02
 Reference value :  2.71274e-02
 Reference value :  2.71348e-02
 Reference value :  2.71425e-02
 Reference value :  2.71519e-02
 Reference value :  2.71593e-02
 Reference value :  2.71666e-02
 Reference value :  2.71740e-02
 Reference value :  2.71814e-02
 Reference value :  2.71887e-02
 Reference value :  2.71961e-02
 Reference value :  2.72034e-02
 Reference value :  2.72108e-02
 Reference value :  2.72181e-02
 Reference value :  2.72255e-02
 Reference value :  2.72328e-02
 Reference value :  2.72401e-02
 Reference value :  2.72475e-02
 Reference value :  2.72526e-02
 Reference value :  2.72599e-02
 Reference value :  2.72672e-02
 Reference value :  2.72745e-02
 Reference value :  2.72818e-02
 Reference value :  2.72891e-02
 Reference value :  2.72965e-02
 Reference value :  2.73027e-02
 Reference value :  2.73112e-02
 Reference value :  2.73185e-02
 Reference value :  2.73259e-02
 Reference value :  2.73332e-02
 Reference value :  2.73405e-02
 Reference value :  2.73479e-02
 Reference value :  2.73552e-02
 Reference value :  2.73625e-02
 Reference value :  2.73698e-02
 Reference value :  2.73750e-02
 Reference value :  2.73822e-02
 Reference value :  2.73896e-02
 Reference value :  2.73969e-02
 Reference value :  2.74042e-02
 Reference value :  2.74115e-02
 Reference value :  2.74166e-02
 Reference value :  2.74240e-02
 Reference value :  2.74312e-02
 Reference value :  2.74364e-02
 Reference value :  2.74435e-02
 Reference value :  2.74508e-02
 Reference value :  2.74559e-02
 Reference value :  2.74630e-02
 Reference value :  2.74704e-02
 Reference value :  2.74776e-02
 Reference value :  2.74827e-02
 Reference value :  2.74900e-02
 Reference value :  2.74973e-02
 Reference value :  2.75023e-02
 Reference value :  2.75096e-02
 Reference value :  2.75169e-02
 Reference value :  2.75219e-02
 Reference value :  2.75292e-02
 Reference value :  2.75365e-02
 Reference value :  2.75439e-02
 Reference value :  2.75511e-02
 Reference value :  2.75584e-02
 Reference value :  2.75635e-02
 Reference value :  2.75708e-02
 Reference value :  2.75781e-02
 Reference value :  2.75855e-02
 Reference value :  2.75905e-02
 Reference value :  2.75977e-02
 Reference value :  2.76051e-02
 Reference value :  2.76124e-02
 Reference value :  2.76175e-02
 Reference value :  2.76247e-02
 Reference value :  2.76321e-02
 Reference value :  2.76394e-02
 Reference value :  2.76467e-02
 Reference value :  2.76540e-02
 Reference value :  2.76590e-02
 Reference value :  2.76664e-02
 Reference value :  2.76737e-02
 Reference value :  2.76810e-02
 Reference value :  2.76860e-02
 Reference value :  2.76932e-02
 Reference value :  2.77006e-02
 Reference value :  2.77079e-02
 Reference value :  2.77153e-02
 Reference value :  2.77202e-02
 Reference value :  2.77275e-02
 Reference value :  2.77349e-02
 Reference value :  2.77423e-02
 Reference value :  2.77496e-02
 Reference value :  2.77570e-02
 Reference value :  2.77644e-02
 Reference value :  2.77717e-02
 Reference value :  2.77791e-02
 Reference value :  2.77865e-02
 Reference value :  2.77938e-02
 Reference value :  2.78012e-02
 Reference value :  2.78086e-02
 Reference value :  2.78159e-02
 Reference value :  2.78233e-02
 Reference value :  2.78307e-02
 Reference value :  2.78380e-02
 Reference value :  2.78454e-02
 Reference value :  2.78528e-02
 Reference value :  2.78601e-02
 Reference value :  2.78653e-02
 Reference value :  2.78725e-02
 Reference value :  2.78797e-02
 Reference value :  2.78871e-02
 Reference value :  2.78944e-02
 Reference value :  2.79017e-02
 Reference value :  2.79076e-02
 Reference value :  2.79164e-02
 Reference value :  2.79215e-02
 Reference value :  2.79287e-02
 Reference value :  2.79360e-02
 Reference value :  2.79434e-02
 Reference value :  2.79507e-02
 Reference value :  2.79580e-02
 Reference value :  2.79653e-02
 Reference value :  2.79726e-02
 Reference value :  2.79777e-02
 Reference value :  2.79850e-02
 Reference value :  2.79923e-02
 Reference value :  2.79996e-02
 Reference value :  2.80069e-02
 Reference value :  2.80120e-02
 Reference value :  2.80169e-02
 Reference value :  2.80242e-02
 Reference value :  2.80316e-02
 Reference value :  2.80389e-02
 Reference value :  2.80462e-02
 Reference value :  2.80535e-02
 Reference value :  2.80587e-02
 Reference value :  2.80659e-02
 Reference value :  2.80732e-02
 Reference value :  2.80805e-02
 Reference value :  2.80879e-02
 Reference value :  2.80952e-02
 Reference value :  2.81026e-02
 Reference value :  2.81098e-02
 Reference value :  2.81149e-02
 Reference value :  2.81223e-02
 Reference value :  2.81319e-02
 Reference value :  2.81368e-02
 Reference value :  2.81441e-02
 Reference value :  2.81515e-02
 Reference value :  2.81587e-02
 Reference value :  2.81661e-02
 Reference value :  2.81712e-02
 Reference value :  2.81784e-02
 Reference value :  2.81858e-02
 Reference value :  2.81931e-02
 Reference value :  2.82004e-02
 Reference value :  2.82055e-02
 Reference value :  2.82128e-02
 Reference value :  2.82224e-02
 Reference value :  2.82275e-02
 Reference value :  2.82347e-02
 Reference value :  2.82421e-02
 Reference value :  2.82494e-02
 Reference value :  2.82568e-02
 Reference value :  2.82641e-02
 Reference value :  2.82709e-02
 Reference value :  2.82787e-02
 Reference value :  2.82838e-02
 Reference value :  2.82911e-02
 Reference value :  2.82961e-02
 Reference value :  2.83034e-02
 Reference value :  2.83107e-02
 Reference value :  2.83180e-02
 Reference value :  2.83254e-02
 Reference value :  2.83327e-02
 Reference value :  2.83401e-02
 Reference value :  2.83453e-02
 Reference value :  2.83523e-02
 Reference value :  2.83597e-02
 Reference value :  2.83671e-02
 Reference value :  2.83744e-02
 Reference value :  2.83817e-02
 Reference value :  2.83890e-02
 Reference value :  2.83963e-02
 Reference value :  2.84014e-02
 Reference value :  2.84087e-02
 Reference value :  2.84160e-02
 Reference value :  2.84233e-02
 Reference value :  2.84285e-02
 Reference value :  2.84356e-02
 Reference value :  2.84429e-02
 Reference value :  2.84503e-02
 Reference value :  2.84576e-02
 Reference value :  2.84626e-02
 Reference value :  2.84699e-02
 Reference value :  2.84772e-02
 Reference value :  2.84846e-02
 Reference value :  2.84895e-02
 Reference value :  2.84968e-02
 Reference value :  2.85042e-02
 Reference value :  2.85115e-02
 Reference value :  2.85167e-02
 Reference value :  2.85238e-02
 Reference value :  2.85311e-02
 Reference value :  2.85384e-02
 Reference value :  2.85435e-02
 Reference value :  2.85507e-02
 Reference value :  2.85581e-02
 Reference value :  2.85654e-02
 Reference value :  2.85706e-02
 Reference value :  2.85777e-02
 Reference value :  2.85851e-02
 Reference value :  2.85923e-02
 Reference value :  2.85997e-02
 Reference value :  2.86070e-02
 Reference value :  2.86143e-02
 Reference value :  2.86196e-02
 Reference value :  2.86269e-02
 Reference value :  2.86340e-02
 Reference value :  2.86414e-02
 Reference value :  2.86487e-02
 Reference value :  2.86560e-02
 Reference value :  2.86634e-02
 Reference value :  2.86707e-02
 Reference value :  2.86780e-02
 Reference value :  2.86854e-02
 Reference value :  2.86927e-02
 Reference value :  2.87001e-02
 Reference value :  2.87074e-02
 Reference value :  2.87148e-02
 Reference value :  2.87221e-02
 Reference value :  2.87294e-02
 Reference value :  2.87368e-02
 Reference value :  2.87441e-02
 Reference value :  2.87515e-02
 Reference value :  2.87588e-02
 Reference value :  2.87662e-02
 Reference value :  2.87735e-02
 Reference value :  2.87808e-02
 Reference value :  2.87882e-02
 Reference value :  2.87956e-02
 Reference value :  2.88029e-02
 Reference value :  2.88103e-02
 Reference value :  2.88153e-02
 Reference value :  2.88225e-02
 Reference value :  2.88299e-02
 Reference value :  2.88396e-02
 Reference value :  2.88446e-02
 Reference value :  2.88519e-02
 Reference value :  2.88593e-02
 Reference value :  2.88666e-02
 Reference value :  2.88740e-02
 Reference value :  2.88813e-02
 Reference value :  2.88886e-02
 Reference value :  2.88960e-02
 Reference value :  2.89033e-02
 Reference value :  2.89107e-02
 Reference value :  2.89180e-02
 Reference value :  2.89254e-02
 Reference value :  2.89327e-02
 Reference value :  2.89401e-02
 Reference value :  2.89474e-02
 Reference value :  2.89548e-02
 Reference value :  2.89621e-02
 Reference value :  2.89694e-02
 Reference value :  2.89768e-02
 Reference value :  2.89841e-02
 Reference value :  2.89915e-02
 Reference value :  2.89988e-02
 Reference value :  2.90062e-02
 Reference value :  2.90135e-02
 Reference value :  2.90209e-02
 Reference value :  2.90282e-02
 Reference value :  2.90355e-02
 Reference value :  2.90429e-02
 Reference value :  2.90502e-02
 Reference value :  2.90576e-02
 Reference value :  2.90649e-02
 Reference value :  2.90723e-02
 Reference value :  2.90796e-02
 Reference value :  2.90870e-02
 Reference value :  2.90944e-02
 Reference value :  2.91017e-02
 Reference value :  2.91091e-02
 Reference value :  2.91188e-02
 Reference value :  2.91262e-02
 Reference value :  2.91334e-02
 Reference value :  2.91408e-02
 Reference value :  2.91482e-02
 Reference value :  2.91556e-02
 Reference value :  2.91629e-02
 Reference value :  2.91703e-02
 Reference value :  2.91776e-02
 Reference value :  2.91850e-02
 Reference value :  2.91923e-02
 Reference value :  2.91997e-02
 Reference value :  2.92070e-02
 Reference value :  2.92144e-02
 Reference value :  2.92217e-02
 Reference value :  2.92291e-02
 Reference value :  2.92364e-02
 Reference value :  2.92438e-02
 Reference value :  2.92511e-02
 Reference value :  2.92585e-02
 Reference value :  2.92658e-02
 Reference value :  2.92732e-02
 Reference value :  2.92805e-02
 Reference value :  2.92878e-02
 Reference value :  2.92952e-02
 Reference value :  2.93025e-02
 Reference value :  2.93079e-02
 Reference value :  2.93149e-02
 Reference value :  2.93222e-02
 Reference value :  2.93295e-02
 Reference value :  2.93368e-02
 Reference value :  2.93431e-02
 Reference value :  2.93492e-02
 Reference value :  2.93565e-02
 Reference value :  2.93637e-02
 Reference value :  2.93688e-02
 Reference value :  2.93761e-02
 Reference value :  2.93834e-02
 Reference value :  2.93907e-02
 Reference value :  2.93981e-02
 Reference value :  2.94034e-02
 Reference value :  2.94104e-02
 Reference value :  2.94179e-02
 Reference value :  2.94250e-02
 Reference value :  2.94323e-02
 Reference value :  2.94397e-02
 Reference value :  2.94447e-02
 Reference value :  2.94520e-02
 Reference value :  2.94593e-02
 Reference value :  2.94666e-02
 Reference value :  2.94718e-02
 Reference value :  2.94789e-02
 Reference value :  2.94862e-02
 Reference value :  2.94936e-02
 Reference value :  2.95009e-02
 Reference value :  2.95058e-02
 Reference value :  2.95132e-02
 Reference value :  2.95205e-02
 Reference value :  2.95279e-02
 Reference value :  2.95352e-02
 Reference value :  2.95425e-02
 Reference value :  2.95475e-02
 Reference value :  2.95549e-02
 Reference value :  2.95621e-02
 Reference value :  2.95695e-02
 Reference value :  2.95768e-02
 Reference value :  2.95818e-02
 Reference value :  2.95891e-02
 Reference value :  2.95964e-02
 Reference value :  2.96037e-02
 Reference value :  2.96087e-02
 Reference value :  2.96160e-02
 Reference value :  2.96234e-02
 Reference value :  2.96306e-02
 Reference value :  2.96356e-02
 Reference value :  2.96430e-02
 Reference value :  2.96480e-02
 Reference value :  2.96552e-02
 Reference value :  2.96625e-02
 Reference value :  2.96698e-02
 Reference value :  2.96749e-02
 Reference value :  2.96821e-02
 Reference value :  2.96875e-02
 Reference value :  2.96945e-02
 Reference value :  2.97017e-02
 Reference value :  2.97066e-02
 Reference value :  2.97140e-02
 Reference value :  2.97213e-02
 Reference value :  2.97263e-02
 Reference value :  2.97336e-02
 Reference value :  2.97409e-02
 Reference value :  2.97483e-02
 Reference value :  2.97556e-02
 Reference value :  2.97606e-02
 Reference value :  2.97679e-02
 Reference value :  2.97752e-02
 Reference value :  2.97802e-02
 Reference value :  2.97875e-02
 Reference value :  2.97948e-02
 Reference value :  2.98021e-02
 Reference value :  2.98094e-02
 Reference value :  2.98145e-02
 Reference value :  2.98218e-02
 Reference value :  2.98292e-02
 Reference value :  2.98365e-02
 Reference value :  2.98439e-02
 Reference value :  2.98512e-02
 Reference value :  2.98586e-02
 Reference value :  2.98659e-02
 Reference value :  2.98710e-02
 Reference value :  2.98783e-02
 Reference value :  2.98856e-02
 Reference value :  2.98930e-02
 Reference value :  2.99004e-02
 Reference value :  2.99077e-02
 Reference value :  2.99151e-02
 Reference value :  2.99224e-02
 Reference value :  2.99298e-02
 Reference value :  2.99371e-02
 Reference value :  2.99445e-02
 Reference value :  2.99496e-02
 Reference value :  2.99569e-02
 Reference value :  2.99642e-02
 Reference value :  2.99710e-02
 Reference value :  2.99765e-02
 Reference value :  2.99838e-02
 Reference value :  2.99887e-02
 Reference value :  2.99960e-02
 Reference value :  3.00034e-02
 Reference value :  3.00107e-02
 Reference value :  3.00181e-02
 Reference value :  3.00254e-02
 Reference value :  3.00304e-02
 Reference value :  3.00377e-02
 Reference value :  3.00450e-02
 Reference value :  3.00524e-02
 Reference value :  3.00597e-02
 Reference value :  3.00670e-02
 Reference value :  3.00744e-02
 Reference value :  3.00793e-02
 Reference value :  3.00867e-02
 Reference value :  3.00940e-02
 Reference value :  3.01013e-02
 Reference value :  3.01064e-02
 Reference value :  3.01136e-02
 Reference value :  3.01210e-02
 Reference value :  3.01283e-02
 Reference value :  3.01356e-02
 Reference value :  3.01429e-02
 Reference value :  3.01480e-02
 Reference value :  3.01553e-02
 Reference value :  3.01626e-02
 Reference value :  3.01698e-02
 Reference value :  3.01772e-02
 Reference value :  3.01823e-02
 Reference value :  3.01895e-02
 Reference value :  3.01971e-02
 Reference value :  3.02043e-02
 Reference value :  3.02115e-02
 Reference value :  3.02189e-02
 Reference value :  3.02262e-02
 Reference value :  3.02336e-02
 Reference value :  3.02409e-02
 Reference value :  3.02482e-02
 Reference value :  3.02556e-02
 Reference value :  3.02629e-02
 Reference value :  3.02703e-02
 Reference value :  3.02776e-02
 Reference value :  3.02850e-02
 Reference value :  3.02923e-02
 Reference value :  3.02975e-02
 Reference value :  3.03070e-02
 Reference value :  3.03120e-02
 Reference value :  3.03193e-02
 Reference value :  3.03267e-02
 Reference value :  3.03340e-02
 Reference value :  3.03414e-02
 Reference value :  3.03487e-02
 Reference value :  3.03560e-02
 Reference value :  3.03634e-02
 Reference value :  3.03707e-02
 Reference value :  3.03781e-02
 Reference value :  3.03854e-02
 Reference value :  3.03904e-02
 Reference value :  3.03977e-02
 Reference value :  3.04051e-02
 Reference value :  3.04124e-02
 Reference value :  3.04197e-02
 Reference value :  3.04271e-02
 Reference value :  3.04344e-02
 Reference value :  3.04418e-02
 Reference value :  3.04491e-02
 Reference value :  3.04564e-02
 Reference value :  3.04615e-02
 Reference value :  3.04688e-02
 Reference value :  3.04761e-02
 Reference value :  3.04834e-02
 Reference value :  3.04908e-02
 Reference value :  3.04981e-02
 Reference value :  3.05054e-02
 Reference value :  3.05128e-02
 Reference value :  3.05201e-02
 Reference value :  3.05275e-02
 Reference value :  3.05348e-02
 Reference value :  3.05398e-02
 Reference value :  3.05471e-02
 Reference value :  3.05544e-02
 Reference value :  3.05618e-02
 Reference value :  3.05691e-02
 Reference value :  3.05764e-02
 Reference value :  3.05837e-02
 Reference value :  3.05887e-02
 Reference value :  3.05961e-02
 Reference value :  3.06034e-02
 Reference value :  3.06107e-02
 Reference value :  3.06181e-02
 Reference value :  3.06231e-02
 Reference value :  3.06304e-02
 Reference value :  3.06377e-02
 Reference value :  3.06451e-02
 Reference value :  3.06524e-02
 Reference value :  3.06596e-02
 Reference value :  3.06647e-02
 Reference value :  3.06720e-02
 Reference value :  3.06793e-02
 Reference value :  3.06866e-02
 Reference value :  3.06940e-02
 Reference value :  3.07013e-02
 Reference value :  3.07087e-02
 Reference value :  3.07160e-02
 Reference value :  3.07222e-02
 Reference value :  3.07283e-02
 Reference value :  3.07357e-02
 Reference value :  3.07430e-02
 Reference value :  3.07503e-02
 Reference value :  3.07577e-02
 Reference value :  3.07650e-02
 Reference value :  3.07700e-02
 Reference value :  3.07774e-02
 Reference value :  3.07847e-02
 Reference value :  3.07920e-02
 Reference value :  3.07993e-02
 Reference value :  3.08067e-02
 Reference value :  3.08140e-02
 Reference value :  3.08214e-02
 Reference value :  3.08287e-02
 Reference value :  3.08337e-02
 Reference value :  3.08410e-02
 Reference value :  3.08483e-02
 Reference value :  3.08557e-02
 Reference value :  3.08630e-02
 Reference value :  3.08703e-02
 Reference value :  3.08776e-02
 Reference value :  3.08850e-02
 Reference value :  3.08923e-02
 Reference value :  3.08973e-02
 Reference value :  3.09047e-02
 Reference value :  3.09120e-02
 Reference value :  3.09193e-02
 Reference value :  3.09267e-02
 Reference value :  3.09340e-02
 Reference value :  3.09390e-02
 Reference value :  3.09463e-02
 Reference value :  3.09536e-02
 Reference value :  3.09610e-02
 Reference value :  3.09683e-02
 Reference value :  3.09751e-02
 Reference value :  3.09809e-02
 Reference value :  3.09879e-02
 Reference value :  3.09953e-02
 Reference value :  3.10026e-02
 Reference value :  3.10100e-02
 Reference value :  3.10173e-02
 Reference value :  3.10223e-02
 Reference value :  3.10296e-02
 Reference value :  3.10369e-02
 Reference value :  3.10443e-02
 Reference value :  3.10516e-02
 Reference value :  3.10589e-02
 Reference value :  3.10639e-02
 Reference value :  3.10712e-02
 Reference value :  3.10785e-02
 Reference value :  3.10859e-02
 Reference value :  3.10932e-02
 Reference value :  3.11000e-02
 Reference value :  3.11057e-02
 Reference value :  3.11128e-02
 Reference value :  3.11202e-02
 Reference value :  3.11275e-02
 Reference value :  3.11348e-02
 Reference value :  3.11421e-02
 Reference value :  3.11472e-02
 Reference value :  3.11545e-02
 Reference value :  3.11618e-02
 Reference value :  3.11691e-02
 Reference value :  3.11764e-02
 Reference value :  3.11815e-02
 Reference value :  3.11888e-02
 Reference value :  3.11961e-02
 Reference value :  3.12034e-02
 Reference value :  3.12108e-02
 Reference value :  3.12180e-02
 Reference value :  3.12230e-02
 Reference value :  3.12304e-02
 Reference value :  3.12377e-02
 Reference value :  3.12429e-02
 Reference value :  3.12500e-02
 Reference value :  3.12573e-02
 Reference value :  3.12647e-02
 Reference value :  3.12699e-02
 Reference value :  3.12770e-02
 Reference value :  3.12843e-02
 Reference value :  3.12916e-02
 Reference value :  3.12990e-02
 Reference value :  3.13063e-02
 Reference value :  3.13137e-02
 Reference value :  3.13210e-02
 Reference value :  3.13284e-02
 Reference value :  3.13358e-02
 Reference value :  3.13431e-02
 Reference value :  3.13505e-02
 Reference value :  3.13579e-02
 Reference value :  3.13657e-02
 Reference value :  3.13750e-02
 Reference value :  3.13824e-02
 Reference value :  3.13898e-02
 Reference value :  3.13972e-02
 Reference value :  3.14045e-02
 Reference value :  3.14120e-02
 Reference value :  3.14194e-02
 Reference value :  3.14290e-02
 Reference value :  3.14364e-02
 Reference value :  3.14438e-02
 Reference value :  3.14512e-02
 Reference value :  3.14586e-02
 Reference value :  3.14660e-02
 Reference value :  3.14735e-02
 Reference value :  3.14807e-02
 Reference value :  3.14881e-02
 Reference value :  3.14967e-02
 Reference value :  3.15052e-02
 Reference value :  3.15126e-02
 Reference value :  3.15199e-02
 Reference value :  3.15273e-02
 Reference value :  3.15347e-02
 Reference value :  3.15422e-02
 Reference value :  3.15518e-02
 Reference value :  3.15592e-02
 Reference value :  3.15666e-02
 Reference value :  3.15740e-02
 Reference value :  3.15813e-02
 Reference value :  3.15888e-02
 Reference value :  3.15968e-02
 Reference value :  3.16058e-02
 Reference value :  3.16132e-02
 Reference value :  3.16183e-02
 Reference value :  3.16279e-02
 Reference value :  3.16353e-02
 Reference value :  3.16408e-02
 Reference value :  3.16476e-02
 Reference value :  3.16550e-02
 Reference value :  3.16647e-02
 Reference value :  3.16720e-02
 Reference value :  3.16770e-02
 Reference value :  3.16843e-02
 Reference value :  3.16917e-02
 Reference value :  3.17013e-02
 Reference value :  3.17087e-02
 Reference value :  3.17137e-02
 Reference value :  3.17210e-02
 Reference value :  3.17284e-02
 Reference value :  3.17357e-02
 Reference value :  3.17431e-02
 Reference value :  3.17486e-02
 Reference value :  3.17556e-02
 Reference value :  3.17626e-02
 Reference value :  3.17700e-02
 Reference value :  3.17773e-02
 Reference value :  3.17847e-02
 Reference value :  3.17920e-02
 Reference value :  3.17993e-02
 Reference value :  3.18043e-02
 Reference value :  3.18116e-02
 Reference value :  3.18189e-02
 Reference value :  3.18263e-02
 Reference value :  3.18336e-02
 Reference value :  3.18410e-02
 Reference value :  3.18483e-02
 Reference value :  3.18557e-02
 Reference value :  3.18630e-02
 Reference value :  3.18704e-02
 Reference value :  3.18777e-02
 Reference value :  3.18829e-02
 Reference value :  3.18925e-02
 Reference value :  3.18998e-02
 Reference value :  3.19072e-02
 Reference value :  3.19147e-02
 Reference value :  3.19244e-02
 Reference value :  3.19318e-02
 Reference value :  3.19392e-02
 Reference value :  3.19466e-02
 Reference value :  3.19563e-02
 Reference value :  3.19638e-02
 Reference value :  3.19712e-02
 Reference value :  3.19785e-02
 Reference value :  3.19880e-02
 Reference value :  3.19957e-02
 Reference value :  3.20031e-02
 Reference value :  3.20105e-02
 Reference value :  3.20180e-02
 Reference value :  3.20277e-02
 Reference value :  3.20350e-02
 Reference value :  3.20424e-02
 Reference value :  3.20497e-02
 Reference value :  3.20571e-02
 Reference value :  3.20644e-02
 Reference value :  3.20718e-02
 Reference value :  3.20791e-02
 Reference value :  3.20865e-02
 Reference value :  3.20938e-02
 Reference value :  3.20988e-02
 Reference value :  3.21061e-02
 Reference value :  3.21134e-02
 Reference value :  3.21208e-02
 Reference value :  3.21282e-02
 Reference value :  3.21354e-02
 Reference value :  3.21428e-02
 Reference value :  3.21501e-02
 Reference value :  3.21575e-02
 Reference value :  3.21648e-02
 Reference value :  3.21721e-02
 Reference value :  3.21795e-02
 Reference value :  3.21868e-02
 Reference value :  3.21942e-02
 Reference value :  3.22015e-02
 Reference value :  3.22089e-02
 Reference value :  3.22162e-02
 Reference value :  3.22236e-02
 Reference value :  3.22309e-02
 Reference value :  3.22382e-02
 Reference value :  3.22455e-02
 Reference value :  3.22530e-02
 Reference value :  3.22603e-02
 Reference value :  3.22677e-02
 Reference value :  3.22750e-02
 Reference value :  3.22824e-02
 Reference value :  3.22897e-02
 Reference value :  3.22971e-02
 Reference value :  3.23044e-02
 Reference value :  3.23117e-02
 Reference value :  3.23191e-02
 Reference value :  3.23264e-02
 Reference value :  3.23338e-02
 Reference value :  3.23411e-02
 Reference value :  3.23485e-02
 Reference value :  3.23558e-02
 Reference value :  3.23632e-02
 Reference value :  3.23705e-02
 Reference value :  3.23779e-02
 Reference value :  3.23852e-02
 Reference value :  3.23925e-02
 Reference value :  3.23999e-02
 Reference value :  3.24072e-02
 Reference value :  3.24146e-02
 Reference value :  3.24219e-02
 Reference value :  3.24293e-02
 Reference value :  3.24366e-02
 Reference value :  3.24440e-02
 Reference value :  3.24513e-02
 Reference value :  3.24586e-02
 Reference value :  3.24660e-02
 Reference value :  3.24733e-02
 Reference value :  3.24807e-02
 Reference value :  3.24880e-02
 Reference value :  3.24954e-02
 Reference value :  3.25027e-02
 Reference value :  3.25101e-02
 Reference value :  3.25174e-02
 Reference value :  3.25248e-02
 Reference value :  3.25321e-02
 Reference value :  3.25395e-02
 Reference value :  3.25468e-02
 Reference value :  3.25542e-02
 Reference value :  3.25615e-02
 Reference value :  3.25689e-02
 Reference value :  3.25762e-02
 Reference value :  3.25836e-02
 Reference value :  3.25909e-02
 Reference value :  3.25982e-02
 Reference value :  3.26056e-02
 Reference value :  3.26130e-02
 Reference value :  3.26203e-02
 Reference value :  3.26277e-02
 Reference value :  3.26350e-02
 Reference value :  3.26423e-02
 Reference value :  3.26497e-02
 Reference value :  3.26570e-02
 Reference value :  3.26644e-02
 Reference value :  3.26717e-02
 Reference value :  3.26791e-02
 Reference value :  3.26864e-02
 Reference value :  3.26938e-02
 Reference value :  3.26987e-02
 Reference value :  3.27060e-02
 Reference value :  3.27134e-02
 Reference value :  3.27207e-02
 Reference value :  3.27280e-02
 Reference value :  3.27354e-02
 Reference value :  3.27427e-02
 Reference value :  3.27501e-02
 Reference value :  3.27574e-02
 Reference value :  3.27648e-02
 Reference value :  3.27721e-02
 Reference value :  3.27795e-02
 Reference value :  3.27868e-02
 Reference value :  3.27942e-02
 Reference value :  3.28015e-02
 Reference value :  3.28089e-02
 Reference value :  3.28162e-02
 Reference value :  3.28234e-02
 Reference value :  3.28309e-02
 Reference value :  3.28382e-02
 Reference value :  3.28456e-02
 Reference value :  3.28529e-02
 Reference value :  3.28603e-02
 Reference value :  3.28676e-02
 Reference value :  3.28750e-02
 Reference value :  3.28823e-02
 Reference value :  3.28897e-02
 Reference value :  3.28970e-02
 Reference value :  3.29044e-02
 Reference value :  3.29117e-02
 Reference value :  3.29191e-02
 Reference value :  3.29264e-02
 Reference value :  3.29337e-02
 Reference value :  3.29411e-02
 Reference value :  3.29484e-02
 Reference value :  3.29558e-02
 Reference value :  3.29631e-02
 Reference value :  3.29705e-02
 Reference value :  3.29755e-02
 Reference value :  3.29851e-02
 Reference value :  3.29925e-02
 Reference value :  3.29999e-02
 Reference value :  3.30072e-02
 Reference value :  3.30146e-02
 Reference value :  3.30219e-02
 Reference value :  3.30292e-02
 Reference value :  3.30366e-02
 Reference value :  3.30439e-02
 Reference value :  3.30513e-02
 Reference value :  3.30587e-02
 Reference value :  3.30660e-02
 Reference value :  3.30733e-02
 Reference value :  3.30807e-02
 Reference value :  3.30880e-02
 Reference value :  3.30954e-02
 Reference value :  3.31027e-02
 Reference value :  3.31100e-02
 Reference value :  3.31174e-02
 Reference value :  3.31247e-02
 Reference value :  3.31321e-02
 Reference value :  3.31394e-02
 Reference value :  3.31468e-02
 Reference value :  3.31541e-02
 Reference value :  3.31615e-02
 Reference value :  3.31688e-02
 Reference value :  3.31762e-02
 Reference value :  3.31835e-02
 Reference value :  3.31909e-02
 Reference value :  3.31982e-02
 Reference value :  3.32056e-02
 Reference value :  3.32129e-02
 Reference value :  3.32203e-02
 Reference value :  3.32276e-02
 Reference value :  3.32349e-02
 Reference value :  3.32423e-02
 Reference value :  3.32496e-02
 Reference value :  3.32570e-02
 Reference value :  3.32643e-02
 Reference value :  3.32717e-02
 Reference value :  3.32790e-02
 Reference value :  3.32864e-02
 Reference value :  3.32937e-02
 Reference value :  3.33011e-02
 Reference value :  3.33084e-02
 Reference value :  3.33158e-02
 Reference value :  3.33231e-02
 Reference value :  3.33305e-02
 Reference value :  3.33378e-02
 Reference value :  3.33451e-02
 Reference value :  3.33525e-02
 Reference value :  3.33599e-02
 Reference value :  3.33672e-02
 Reference value :  3.33746e-02
 Reference value :  3.33819e-02
 Reference value :  3.33893e-02
 Reference value :  3.33966e-02
 Reference value :  3.34039e-02
 Reference value :  3.34113e-02
 Reference value :  3.34186e-02
 Reference value :  3.34260e-02
 Reference value :  3.34333e-02
 Reference value :  3.34407e-02
 Reference value :  3.34480e-02
 Reference value :  3.34554e-02
 Reference value :  3.34627e-02
 Reference value :  3.34701e-02
 Reference value :  3.34774e-02
 Reference value :  3.34848e-02
 Reference value :  3.34921e-02
 Reference value :  3.34995e-02
 Reference value :  3.35068e-02
 Reference value :  3.35141e-02
 Reference value :  3.35215e-02
 Reference value :  3.35288e-02
 Reference value :  3.35362e-02
 Reference value :  3.35436e-02
 Reference value :  3.35509e-02
 Reference value :  3.35582e-02
 Reference value :  3.35656e-02
 Reference value :  3.35729e-02
 Reference value :  3.35803e-02
 Reference value :  3.35877e-02
 Reference value :  3.35950e-02
 Reference value :  3.36023e-02
 Reference value :  3.36097e-02
 Reference value :  3.36170e-02
 Reference value :  3.36243e-02
 Reference value :  3.36317e-02
 Reference value :  3.36390e-02
 Reference value :  3.36464e-02
 Reference value :  3.36537e-02
 Reference value :  3.36611e-02
 Reference value :  3.36684e-02
 Reference value :  3.36758e-02
 Reference value :  3.36831e-02
 Reference value :  3.36905e-02
 Reference value :  3.36978e-02
 Reference value :  3.37052e-02
 Reference value :  3.37125e-02
 Reference value :  3.37199e-02
 Reference value :  3.37272e-02
 Reference value :  3.37346e-02
 Reference value :  3.37419e-02
 Reference value :  3.37493e-02
 Reference value :  3.37566e-02
 Reference value :  3.37640e-02
 Reference value :  3.37713e-02
 Reference value :  3.37787e-02
 Reference value :  3.37860e-02
 Reference value :  3.37934e-02
 Reference value :  3.38008e-02
 Reference value :  3.38081e-02
 Reference value :  3.38177e-02
 Reference value :  3.38251e-02
 Reference value :  3.38325e-02
 Reference value :  3.38398e-02
 Reference value :  3.38472e-02
 Reference value :  3.38545e-02
 Reference value :  3.38619e-02
 Reference value :  3.38692e-02
 Reference value :  3.38766e-02
 Reference value :  3.38839e-02
 Reference value :  3.38913e-02
 Reference value :  3.38986e-02
 Reference value :  3.39060e-02
 Reference value :  3.39133e-02
 Reference value :  3.39207e-02
 Reference value :  3.39280e-02
 Reference value :  3.39353e-02
 Reference value :  3.39427e-02
 Reference value :  3.39501e-02
 Reference value :  3.39574e-02
 Reference value :  3.39648e-02
 Reference value :  3.39721e-02
 Reference value :  3.39794e-02
 Reference value :  3.39868e-02
 Reference value :  3.39942e-02
 Reference value :  3.40015e-02
 Reference value :  3.40089e-02
 Reference value :  3.40162e-02
 Reference value :  3.40235e-02
 Reference value :  3.40309e-02
 Reference value :  3.40382e-02
 Reference value :  3.40456e-02
 Reference value :  3.40529e-02
 Reference value :  3.40603e-02
 Reference value :  3.40676e-02
 Reference value :  3.40750e-02
 Reference value :  3.40823e-02
 Reference value :  3.40897e-02
 Reference value :  3.40970e-02
 Reference value :  3.41044e-02
 Reference value :  3.41117e-02
 Reference value :  3.41191e-02
 Reference value :  3.41264e-02
 Reference value :  3.41338e-02
 Reference value :  3.41411e-02
 Reference value :  3.41485e-02
 Reference value :  3.41558e-02
 Reference value :  3.41632e-02
 Reference value :  3.41705e-02
 Reference value :  3.41779e-02
 Reference value :  3.41852e-02
 Reference value :  3.41926e-02
 Reference value :  3.41999e-02
 Reference value :  3.42073e-02
 Reference value :  3.42146e-02
 Reference value :  3.42223e-02
 Reference value :  3.42294e-02
 Reference value :  3.42389e-02
 Reference value :  3.42441e-02
 Reference value :  3.42527e-02
 Reference value :  3.42611e-02
 Reference value :  3.42684e-02
 Reference value :  3.42758e-02
 Reference value :  3.42831e-02
 Reference value :  3.42905e-02
 Reference value :  3.42978e-02
 Reference value :  3.43052e-02
 Reference value :  3.43125e-02
 Reference value :  3.43199e-02
 Reference value :  3.43272e-02
 Reference value :  3.43346e-02
 Reference value :  3.43419e-02
 Reference value :  3.43493e-02
 Reference value :  3.43566e-02
 Reference value :  3.43640e-02
 Reference value :  3.43714e-02
 Reference value :  3.43788e-02
 Reference value :  3.43884e-02
 Reference value :  3.43959e-02
 Reference value :  3.44033e-02
 Reference value :  3.44106e-02
 Reference value :  3.44180e-02
 Reference value :  3.44254e-02
 Reference value :  3.44328e-02
 Reference value :  3.44401e-02
 Reference value :  3.44475e-02
 Reference value :  3.44549e-02
 Reference value :  3.44623e-02
 Reference value :  3.44697e-02
 Reference value :  3.44769e-02
 Reference value :  3.44819e-02
 Reference value :  3.44892e-02
 Reference value :  3.44966e-02
 Reference value :  3.45040e-02
 Reference value :  3.45114e-02
 Reference value :  3.45187e-02
 Reference value :  3.45261e-02
 Reference value :  3.45357e-02
 Reference value :  3.45432e-02
 Reference value :  3.45506e-02
 Reference value :  3.45580e-02
 Reference value :  3.45653e-02
 Reference value :  3.45727e-02
 Reference value :  3.45802e-02
 Reference value :  3.45876e-02
 Reference value :  3.45972e-02
 Reference value :  3.46046e-02
 Reference value :  3.46120e-02
 Reference value :  3.46194e-02
 Reference value :  3.46267e-02
 Reference value :  3.46341e-02
 Reference value :  3.46415e-02
 Reference value :  3.46488e-02
 Reference value :  3.46562e-02
 Reference value :  3.46635e-02
 Reference value :  3.46709e-02
 Reference value :  3.46782e-02
 Reference value :  3.46855e-02
 Reference value :  3.46929e-02
 Reference value :  3.47002e-02
 Reference value :  3.47076e-02
 Reference value :  3.47149e-02
 Reference value :  3.47223e-02
 Reference value :  3.47296e-02
 Reference value :  3.47368e-02
 Reference value :  3.47425e-02
 Reference value :  3.47516e-02
 Reference value :  3.47590e-02
 Reference value :  3.47664e-02
 Reference value :  3.47737e-02
 Reference value :  3.47810e-02
 Reference value :  3.47884e-02
 Reference value :  3.47957e-02
 Reference value :  3.48031e-02
 Reference value :  3.48104e-02
 Reference value :  3.48178e-02
 Reference value :  3.48251e-02
 Reference value :  3.48325e-02
 Reference value :  3.48398e-02
 Reference value :  3.48472e-02
 Reference value :  3.48545e-02
 Reference value :  3.48619e-02
 Reference value :  3.48692e-02
 Reference value :  3.48766e-02
 Reference value :  3.48839e-02
 Reference value :  3.48913e-02
 Reference value :  3.48986e-02
 Reference value :  3.49060e-02
 Reference value :  3.49133e-02
 Reference value :  3.49207e-02
 Reference value :  3.49280e-02
 Reference value :  3.49354e-02
 Reference value :  3.49427e-02
 Reference value :  3.49500e-02
 Reference value :  3.49574e-02
 Reference value :  3.49647e-02
 Reference value :  3.49721e-02
 Reference value :  3.49793e-02
 Reference value :  3.49868e-02
 Reference value :  3.49941e-02
 Reference value :  3.50015e-02
 Reference value :  3.50088e-02
 Reference value :  3.50162e-02
 Reference value :  3.50235e-02
 Reference value :  3.50309e-02
 Reference value :  3.50382e-02
 Reference value :  3.50456e-02
 Reference value :  3.50529e-02
 Reference value :  3.50603e-02
 Reference value :  3.50676e-02
 Reference value :  3.50750e-02
 Reference value :  3.50823e-02
 Reference value :  3.50897e-02
 Reference value :  3.50970e-02
 Reference value :  3.51044e-02
 Reference value :  3.51118e-02
 Reference value :  3.51191e-02
 Reference value :  3.51265e-02
 Reference value :  3.51345e-02
 Reference value :  3.51413e-02
 Reference value :  3.51509e-02
 Reference value :  3.51583e-02
 Reference value :  3.51656e-02
 Reference value :  3.51729e-02
 Reference value :  3.51803e-02
 Reference value :  3.51877e-02
 Reference value :  3.51952e-02
 Reference value :  3.52024e-02
 Reference value :  3.52098e-02
 Reference value :  3.52171e-02
 Reference value :  3.52268e-02
 Reference value :  3.52342e-02
 Reference value :  3.52415e-02
 Reference value :  3.52488e-02
 Reference value :  3.52562e-02
 Reference value :  3.52636e-02
 Reference value :  3.52710e-02
 Reference value :  3.52783e-02
 Reference value :  3.52879e-02
 Reference value :  3.52953e-02
 Reference value :  3.53027e-02
 Reference value :  3.53101e-02
 Reference value :  3.53174e-02
 Reference value :  3.53248e-02
 Reference value :  3.53321e-02
 Reference value :  3.53395e-02
 Reference value :  3.53468e-02
 Reference value :  3.53566e-02
 Reference value :  3.53639e-02
 Reference value :  3.53712e-02
 Reference value :  3.53786e-02
 Reference value :  3.53860e-02
 Reference value :  3.53933e-02
 Reference value :  3.54007e-02
 Reference value :  3.54080e-02
 Reference value :  3.54154e-02
 Reference value :  3.54251e-02
 Reference value :  3.54325e-02
 Reference value :  3.54398e-02
 Reference value :  3.54472e-02
 Reference value :  3.54545e-02
 Reference value :  3.54619e-02
 Reference value :  3.54693e-02
 Reference value :  3.54766e-02
 Reference value :  3.54840e-02
 Reference value :  3.54915e-02
 Reference value :  3.54991e-02
 Reference value :  3.55083e-02
 Reference value :  3.55158e-02
 Reference value :  3.55223e-02
 Reference value :  3.55304e-02
 Reference value :  3.55378e-02
 Reference value :  3.55451e-02
 Reference value :  3.55525e-02
 Reference value :  3.55598e-02
 Reference value :  3.55672e-02
 Reference value :  3.55745e-02
 Reference value :  3.55819e-02
 Reference value :  3.55896e-02
 Reference value :  3.55967e-02
 Reference value :  3.56063e-02
 Reference value :  3.56137e-02
 Reference value :  3.56210e-02
 Reference value :  3.56284e-02
 Reference value :  3.56357e-02
 Reference value :  3.56425e-02
 Reference value :  3.56504e-02
 Reference value :  3.56578e-02
 Reference value :  3.56652e-02
 Reference value :  3.56725e-02
 Reference value :  3.56799e-02
 Reference value :  3.56872e-02
 Reference value :  3.56946e-02
 Reference value :  3.57020e-02
 Reference value :  3.57116e-02
 Reference value :  3.57190e-02
 Reference value :  3.57264e-02
 Reference value :  3.57337e-02
 Reference value :  3.57411e-02
 Reference value :  3.57484e-02
 Reference value :  3.57558e-02
 Reference value :  3.57631e-02
 Reference value :  3.57705e-02
 Reference value :  3.57778e-02
 Reference value :  3.57852e-02
 Reference value :  3.57926e-02
 Reference value :  3.58023e-02
 Reference value :  3.58097e-02
 Reference value :  3.58170e-02
 Reference value :  3.58244e-02
 Reference value :  3.58317e-02
 Reference value :  3.58391e-02
 Reference value :  3.58464e-02
 Reference value :  3.58538e-02
 Reference value :  3.58612e-02
 Reference value :  3.58686e-02
 Reference value :  3.58760e-02
 Reference value :  3.58835e-02
 Reference value :  3.58929e-02
 Reference value :  3.59003e-02
 Reference value :  3.59077e-02
 Reference value :  3.59150e-02
 Reference value :  3.59224e-02
 Reference value :  3.59297e-02
 Reference value :  3.59371e-02
 Reference value :  3.59445e-02
 Reference value :  3.59541e-02
 Reference value :  3.59614e-02
 Reference value :  3.59689e-02
 Reference value :  3.59762e-02
 Reference value :  3.59836e-02
 Reference value :  3.59909e-02
 Reference value :  3.59983e-02
 Reference value :  3.60057e-02
 Reference value :  3.60131e-02
 Reference value :  3.60207e-02
 Reference value :  3.60300e-02
 Reference value :  3.60375e-02
 Reference value :  3.60448e-02
 Reference value :  3.60522e-02
 Reference value :  3.60595e-02
 Reference value :  3.60669e-02
 Reference value :  3.60743e-02
 Reference value :  3.60817e-02
 Reference value :  3.60892e-02
 Reference value :  3.60987e-02
 Reference value :  3.61060e-02
 Reference value :  3.61134e-02
 Reference value :  3.61207e-02
 Reference value :  3.61281e-02
 Reference value :  3.61355e-02
 Reference value :  3.61428e-02
 Reference value :  3.61501e-02
 Reference value :  3.61575e-02
 Reference value :  3.61649e-02
 Reference value :  3.61723e-02
 Reference value :  3.61797e-02
 Reference value :  3.61893e-02
 Reference value :  3.61966e-02
 Reference value :  3.62040e-02
 Reference value :  3.62113e-02
 Reference value :  3.62187e-02
 Reference value :  3.62261e-02
 Reference value :  3.62335e-02
 Reference value :  3.62410e-02
 Reference value :  3.62482e-02
 Reference value :  3.62557e-02
 Reference value :  3.62652e-02
 Reference value :  3.62725e-02
 Reference value :  3.62800e-02
 Reference value :  3.62873e-02
 Reference value :  3.62947e-02
 Reference value :  3.63020e-02
 Reference value :  3.63094e-02
 Reference value :  3.63167e-02
 Reference value :  3.63241e-02
 Reference value :  3.63316e-02
 Reference value :  3.63412e-02
 Reference value :  3.63485e-02
 Reference value :  3.63559e-02
 Reference value :  3.63632e-02
 Reference value :  3.63706e-02
 Reference value :  3.63779e-02
 Reference value :  3.63854e-02
 Reference value :  3.63930e-02
 Reference value :  3.64004e-02
 Reference value :  3.64097e-02
 Reference value :  3.64171e-02
 Reference value :  3.64244e-02
 Reference value :  3.64318e-02
 Reference value :  3.64391e-02
 Reference value :  3.64465e-02
 Reference value :  3.64539e-02
 Reference value :  3.64636e-02
 Reference value :  3.64710e-02
 Reference value :  3.64774e-02
 Reference value :  3.64857e-02
 Reference value :  3.64930e-02
 Reference value :  3.65004e-02
 Reference value :  3.65079e-02
 Reference value :  3.65152e-02
 Reference value :  3.65225e-02
 Reference value :  3.65299e-02
 Reference value :  3.65372e-02
 Reference value :  3.65448e-02
 Reference value :  3.65519e-02
 Reference value :  3.65592e-02
 Reference value :  3.65666e-02
 Reference value :  3.65739e-02
 Reference value :  3.65813e-02
 Reference value :  3.65886e-02
 Reference value :  3.65959e-02
 Reference value :  3.66032e-02
 Reference value :  3.66105e-02
 Reference value :  3.66179e-02
 Reference value :  3.66253e-02
 Reference value :  3.66326e-02
 Reference value :  3.66399e-02
 Reference value :  3.66473e-02
 Reference value :  3.66546e-02
 Reference value :  3.66620e-02
 Reference value :  3.66693e-02
 Reference value :  3.66767e-02
 Reference value :  3.66840e-02
 Reference value :  3.66914e-02
 Reference value :  3.66987e-02
 Reference value :  3.67061e-02
 Reference value :  3.67134e-02
 Reference value :  3.67208e-02
 Reference value :  3.67269e-02
 Reference value :  3.67335e-02
 Reference value :  3.67427e-02
 Reference value :  3.67482e-02
 Reference value :  3.67574e-02
 Reference value :  3.67628e-02
 Reference value :  3.67702e-02
 Reference value :  3.67794e-02
 Reference value :  3.67847e-02
 Reference value :  3.67941e-02
 Reference value :  3.67992e-02
 Reference value :  3.68066e-02
 Reference value :  3.68139e-02
 Reference value :  3.68212e-02
 Reference value :  3.68287e-02
 Reference value :  3.68359e-02
 Reference value :  3.68433e-02
 Reference value :  3.68506e-02
 Reference value :  3.68603e-02
 Reference value :  3.68666e-02
 Reference value :  3.68750e-02
 Reference value :  3.68823e-02
 Reference value :  3.68897e-02
 Reference value :  3.68971e-02
 Reference value :  3.69044e-02
 Reference value :  3.69118e-02
 Reference value :  3.69191e-02
 Reference value :  3.69264e-02
 Reference value :  3.69338e-02
 Reference value :  3.69411e-02
 Reference value :  3.69485e-02
 Reference value :  3.69558e-02
 Reference value :  3.69632e-02
 Reference value :  3.69706e-02
 Reference value :  3.69779e-02
 Reference value :  3.69853e-02
 Reference value :  3.69902e-02
 Reference value :  3.69999e-02
 Reference value :  3.70072e-02
 Reference value :  3.70122e-02
 Reference value :  3.70196e-02
 Reference value :  3.70269e-02
 Reference value :  3.70366e-02
 Reference value :  3.70439e-02
 Reference value :  3.70489e-02
 Reference value :  3.70563e-02
 Reference value :  3.70636e-02
 Reference value :  3.70733e-02
 Reference value :  3.70806e-02
 Reference value :  3.70857e-02
 Reference value :  3.70930e-02
 Reference value :  3.71004e-02
 Reference value :  3.71101e-02
 Reference value :  3.71162e-02
 Reference value :  3.71224e-02
 Reference value :  3.71300e-02
 Reference value :  3.71372e-02
 Reference value :  3.71467e-02
 Reference value :  3.71518e-02
 Reference value :  3.71593e-02
 Reference value :  3.71666e-02
 Reference value :  3.71739e-02
 Reference value :  3.71817e-02
 Reference value :  3.71886e-02
 Reference value :  3.71959e-02
 Reference value :  3.72032e-02
 Reference value :  3.72105e-02
 Reference value :  3.72179e-02
 Reference value :  3.72252e-02
 Reference value :  3.72326e-02
 Reference value :  3.72399e-02
 Reference value :  3.72472e-02
 Reference value :  3.72546e-02
 Reference value :  3.72620e-02
 Reference value :  3.72693e-02
 Reference value :  3.72766e-02
 Reference value :  3.72840e-02
 Reference value :  3.72913e-02
 Reference value :  3.72987e-02
 Reference value :  3.73060e-02
 Reference value :  3.73134e-02
 Reference value :  3.73207e-02
 Reference value :  3.73281e-02
 Reference value :  3.73354e-02
 Reference value :  3.73427e-02
 Reference value :  3.73501e-02
 Reference value :  3.73575e-02
 Reference value :  3.73648e-02
 Reference value :  3.73722e-02
 Reference value :  3.73795e-02
 Reference value :  3.73868e-02
 Reference value :  3.73942e-02
 Reference value :  3.74015e-02
 Reference value :  3.74089e-02
 Reference value :  3.74162e-02
 Reference value :  3.74236e-02
 Reference value :  3.74309e-02
 Reference value :  3.74383e-02
 Reference value :  3.74456e-02
 Reference value :  3.74525e-02
 Reference value :  3.74603e-02
 Reference value :  3.74677e-02
 Reference value :  3.74750e-02
 Reference value :  3.74823e-02
 Reference value :  3.74897e-02
 Reference value :  3.74970e-02
 Reference value :  3.75044e-02
 Reference value :  3.75117e-02
 Reference value :  3.75191e-02
 Reference value :  3.75264e-02
 Reference value :  3.75338e-02
 Reference value :  3.75411e-02
 Reference value :  3.75485e-02
 Reference value :  3.75558e-02
 Reference value :  3.75632e-02
 Reference value :  3.75705e-02
 Reference value :  3.75778e-02
 Reference value :  3.75852e-02
 Reference value :  3.75925e-02
 Reference value :  3.75999e-02
 Reference value :  3.76072e-02
 Reference value :  3.76146e-02
 Reference value :  3.76219e-02
 Reference value :  3.76293e-02
 Reference value :  3.76366e-02
 Reference value :  3.76440e-02
 Reference value :  3.76513e-02
 Reference value :  3.76587e-02
 Reference value :  3.76660e-02
 Reference value :  3.76716e-02
 Reference value :  3.76806e-02
 Reference value :  3.76880e-02
 Reference value :  3.76954e-02
 Reference value :  3.77027e-02
 Reference value :  3.77101e-02
 Reference value :  3.77190e-02
 Reference value :  3.77272e-02
 Reference value :  3.77345e-02
 Reference value :  3.77419e-02
 Reference value :  3.77492e-02
 Reference value :  3.77566e-02
 Reference value :  3.77639e-02
 Reference value :  3.77713e-02
 Reference value :  3.77791e-02
 Reference value :  3.77861e-02
 Reference value :  3.77957e-02
 Reference value :  3.78031e-02
 Reference value :  3.78105e-02
 Reference value :  3.78178e-02
 Reference value :  3.78252e-02
 Reference value :  3.78326e-02
 Reference value :  3.78422e-02
 Reference value :  3.78496e-02
 Reference value :  3.78570e-02
 Reference value :  3.78643e-02
 Reference value :  3.78717e-02
 Reference value :  3.78790e-02
 Reference value :  3.78864e-02
 Reference value :  3.78937e-02
 Reference value :  3.79011e-02
 Reference value :  3.79084e-02
 Reference value :  3.79158e-02
 Reference value :  3.79231e-02
 Reference value :  3.79329e-02
 Reference value :  3.79402e-02
 Reference value :  3.79475e-02
 Reference value :  3.79549e-02
 Reference value :  3.79623e-02
 Reference value :  3.79697e-02
 Reference value :  3.79773e-02
 Reference value :  3.80415e-02
 Reference value :  3.84295e-02
 Reference value :  3.88174e-02
 Reference value :  3.92044e-02
 Reference value :  3.95917e-02
 Reference value :  3.99769e-02
 Reference value :  4.03612e-02
 Reference value :  4.07454e-02
 Reference value :  4.11334e-02
 Reference value :  4.15162e-02
 Reference value :  4.19007e-02
 Reference value :  4.22852e-02
 Reference value :  4.26724e-02
 Reference value :  4.30566e-02
 Reference value :  4.34421e-02
 Reference value :  4.38281e-02
 Reference value :  4.42153e-02
 Reference value :  4.46021e-02
 Reference value :  4.49866e-02
 Reference value :  4.53721e-02
 Reference value :  4.57608e-02
 Reference value :  4.61446e-02
 Reference value :  4.65328e-02
 Reference value :  4.69173e-02
 Reference value :  4.73058e-02
 Reference value :  4.76943e-02
 Reference value :  4.80801e-02
 Reference value :  4.84658e-02
 Reference value :  4.88531e-02
 Reference value :  4.92418e-02
 Reference value :  4.96301e-02
 Reference value :  5.00163e-02
 Reference value :  5.04005e-02
 Reference value :  5.07850e-02
 Reference value :  5.11692e-02
 Reference value :  5.15530e-02
 Reference value :  5.19402e-02
 Reference value :  5.23282e-02
 Reference value :  5.27127e-02
 Reference value :  5.30970e-02
 Reference value :  5.34835e-02
 Reference value :  5.38677e-02
 Reference value :  5.42515e-02
 Reference value :  5.46362e-02
 Reference value :  5.50230e-02
 Reference value :  5.54105e-02
 Reference value :  5.58020e-02
 Reference value :  5.61942e-02
 Reference value :  5.65862e-02
 Reference value :  5.69760e-02
 Reference value :  5.73675e-02
 Reference value :  5.77580e-02
 Reference value :  5.81485e-02
 Reference value :  5.85370e-02
 Reference value :  5.89260e-02
 Reference value :  5.93132e-02
 Reference value :  5.97015e-02
 Reference value :  6.00907e-02
 Reference value :  6.04790e-02
 Reference value :  6.08687e-02
 Reference value :  6.12590e-02
 Reference value :  6.16482e-02
 Reference value :  6.20377e-02
 Reference value :  6.24180e-02
 Reference value :  6.28057e-02
 Reference value :  6.31965e-02
 Reference value :  6.35857e-02
 Reference value :  6.39725e-02
 Reference value :  6.43605e-02
 Reference value :  6.47522e-02
 Reference value :  6.51430e-02
 Reference value :  6.55284e-02
 Reference value :  6.59154e-02
 Reference value :  6.63054e-02
 Reference value :  6.66949e-02
 Reference value :  6.70854e-02
 Reference value :  6.74754e-02
 Reference value :  6.78677e-02
 Reference value :  6.82569e-02
 Reference value :  6.86462e-02
 Reference value :  6.90357e-02
 Reference value :  6.94254e-02
 Reference value :  6.98137e-02
 Reference value :  7.01984e-02
 Reference value :  7.05892e-02
 Reference value :  7.09789e-02
 Reference value :  7.13702e-02
 Reference value :  7.17607e-02
 Reference value :  7.21492e-02
 Reference value :  7.25349e-02
 Reference value :  7.29219e-02
 Reference value :  7.33092e-02
 Reference value :  7.36932e-02
 Reference value :  7.40824e-02
 Reference value :  7.44717e-02
 Reference value :  7.48644e-02
 Reference value :  7.52484e-02
 Reference value :  7.56402e-02
 Reference value :  7.60289e-02
 Reference value :  7.64172e-02
 Reference value :  7.68019e-02
 Reference value :  7.71892e-02
 Reference value :  7.75804e-02
 Reference value :  7.79657e-02
 Reference value :  7.83584e-02
 Reference value :  7.87519e-02
 Reference value :  7.91419e-02
 Reference value :  7.95364e-02
 Reference value :  7.99227e-02
 Reference value :  8.03144e-02
 Reference value :  8.07052e-02
 Reference value :  8.10964e-02
 Reference value :  8.14827e-02
 Reference value :  8.18597e-02
 Reference value :  8.22457e-02
 Reference value :  8.26364e-02
 Reference value :  8.30234e-02
 Reference value :  8.34137e-02
 Reference value :  8.38049e-02
 Reference value :  8.41939e-02
 Reference value :  8.45807e-02
 Reference value :  8.49697e-02
 Reference value :  8.53514e-02
 Reference value :  8.57372e-02
 Reference value :  8.61272e-02
 Reference value :  8.65184e-02
 Reference value :  8.66919e-02
 Reference value :  8.67110e-02
 Reference value :  8.67301e-02
 Reference value :  8.67522e-02
 Reference value :  8.67878e-02
 Reference value :  8.68071e-02
 Reference value :  8.68266e-02
 Reference value :  8.68497e-02
 Reference value :  8.68841e-02
 Reference value :  8.69035e-02
 Reference value :  8.69278e-02
 Reference value :  8.69474e-02
 Reference value :  8.69809e-02
 Reference value :  8.70007e-02
 Reference value :  8.70253e-02
 Reference value :  8.70578e-02
 Reference value :  8.70772e-02
 Reference value :  8.71027e-02
 Reference value :  8.71346e-02
 Reference value :  8.71542e-02
 Reference value :  8.71658e-02
 Reference value :  8.71754e-02
 Reference value :  8.71886e-02
 Reference value :  8.72045e-02
 Reference value :  8.72142e-02
 Reference value :  8.72241e-02
 Reference value :  8.72378e-02
 Reference value :  8.72529e-02
 Reference value :  8.72627e-02
 Reference value :  8.72725e-02
 Reference value :  8.72864e-02
 Reference value :  8.73014e-02
 Reference value :  8.73112e-02
 Reference value :  8.73251e-02
 Reference value :  8.73351e-02
 Reference value :  8.73498e-02
 Reference value :  8.73595e-02
 Reference value :  8.73738e-02
 Reference value :  8.73834e-02
 Reference value :  8.73933e-02
 Reference value :  8.74078e-02
 Reference value :  8.74175e-02
 Reference value :  8.74322e-02
 Reference value :  8.74418e-02
 Reference value :  8.74562e-02
 Reference value :  8.74711e-02
 Reference value :  8.74808e-02
 Reference value :  8.74950e-02
 Reference value :  8.75103e-02
 Reference value :  8.75192e-02
 Reference value :  8.75336e-02
 Reference value :  8.75433e-02
 Reference value :  8.75576e-02
 Reference value :  8.75721e-02
 Reference value :  8.75820e-02
 Reference value :  8.75917e-02
 Reference value :  8.76110e-02
 Reference value :  8.76304e-02
 Reference value :  8.76401e-02
 Reference value :  8.76595e-02
 Reference value :  8.76743e-02
 Reference value :  8.76793e-02
 Reference value :  8.76883e-02
 Reference value :  8.76905e-02
 Reference value :  8.77001e-02
 Reference value :  8.77096e-02
 Reference value :  8.77197e-02
 Reference value :  8.77280e-02
 Reference value :  8.77376e-02
 Reference value :  8.77473e-02
 Reference value :  8.77524e-02
 Reference value :  8.77619e-02
 Reference value :  8.77709e-02
 Reference value :  8.77763e-02
 Reference value :  8.77861e-02
 Reference value :  8.77921e-02
 Reference value :  8.78011e-02
 Reference value :  8.78093e-02
 Reference value :  8.78152e-02
 Reference value :  8.78201e-02
 Reference value :  8.78298e-02
 Reference value :  8.78348e-02
 Reference value :  8.78441e-02
 Reference value :  8.78491e-02
 Reference value :  8.78570e-02
 Reference value :  8.78637e-02
 Reference value :  8.78688e-02
 Reference value :  8.78757e-02
 Reference value :  8.78830e-02
 Reference value :  8.78880e-02
 Reference value :  8.78959e-02
 Reference value :  8.79024e-02
 Reference value :  8.79107e-02
 Reference value :  8.79169e-02
 Reference value :  8.79218e-02
 Reference value :  8.79267e-02
 Reference value :  8.79351e-02
 Reference value :  8.79401e-02
 Reference value :  8.79461e-02
 Reference value :  8.79511e-02
 Reference value :  8.79595e-02
 Reference value :  8.79655e-02
 Reference value :  8.79738e-02
 Reference value :  8.79790e-02
 Reference value :  8.79848e-02
 Reference value :  8.79933e-02
 Reference value :  8.79993e-02
 Reference value :  8.80041e-02
 Reference value :  8.80127e-02
 Reference value :  8.80187e-02
 Reference value :  8.80236e-02
 Reference value :  8.80285e-02
 Reference value :  8.80370e-02
 Reference value :  8.80429e-02
 Reference value :  8.80478e-02
 Reference value :  8.80564e-02
 Reference value :  8.80622e-02
 Reference value :  8.80672e-02
 Reference value :  8.80758e-02
 Reference value :  8.80817e-02
 Reference value :  8.80866e-02
 Reference value :  8.80953e-02
 Reference value :  8.81010e-02
 Reference value :  8.81059e-02
 Reference value :  8.81109e-02
 Reference value :  8.81196e-02
 Reference value :  8.81254e-02
 Reference value :  8.81303e-02
 Reference value :  8.81353e-02
 Reference value :  8.81441e-02
 Reference value :  8.81497e-02
 Reference value :  8.81546e-02
 Reference value :  8.81634e-02
 Reference value :  8.81690e-02
 Reference value :  8.81739e-02
 Reference value :  8.81827e-02
 Reference value :  8.81883e-02
 Reference value :  8.81933e-02
 Reference value :  8.81982e-02
 Reference value :  8.82037e-02
 Reference value :  8.82065e-02
 Reference value :  8.82110e-02
 Reference value :  8.82139e-02
 Reference value :  8.82166e-02
 Reference value :  8.82209e-02
 Reference value :  8.82237e-02
 Reference value :  8.82283e-02
 Reference value :  8.82310e-02
 Reference value :  8.82355e-02
 Reference value :  8.82384e-02
 Reference value :  8.82429e-02
 Reference value :  8.82457e-02
 Reference value :  8.82483e-02
 Reference value :  8.82527e-02
 Reference value :  8.82555e-02
 Reference value :  8.82601e-02
 Reference value :  8.82627e-02
 Reference value :  8.82654e-02
 Reference value :  8.82699e-02
 Reference value :  8.82727e-02
 Reference value :  8.82752e-02
 Reference value :  8.82798e-02
 Reference value :  8.82826e-02
 Reference value :  8.82871e-02
 Reference value :  8.82898e-02
 Reference value :  8.82944e-02
 Reference value :  8.82972e-02
 Reference value :  8.82997e-02
 Reference value :  8.83042e-02
 Reference value :  8.83070e-02
 Reference value :  8.83116e-02
 Reference value :  8.83143e-02
 Reference value :  8.83191e-02
 Reference value :  8.83216e-02
 Reference value :  8.83262e-02
 Reference value :  8.83290e-02
 Reference value :  8.83336e-02
 Reference value :  8.83363e-02
 Reference value :  8.83409e-02
 Reference value :  8.83434e-02
 Reference value :  8.83461e-02
 Reference value :  8.83507e-02
 Reference value :  8.83535e-02
 Reference value :  8.83581e-02
 Reference value :  8.83608e-02
 Reference value :  8.83654e-02
 Reference value :  8.83681e-02
 Reference value :  8.83727e-02
 Reference value :  8.83755e-02
 Reference value :  8.83800e-02
 Reference value :  8.83828e-02
 Reference value :  8.83874e-02
 Reference value :  8.83901e-02
 Reference value :  8.83947e-02
 Reference value :  8.83974e-02
 Reference value :  8.84002e-02
 Reference value :  8.84047e-02
 Reference value :  8.84072e-02
 Reference value :  8.84118e-02
 Reference value :  8.84145e-02
 Reference value :  8.84192e-02
 Reference value :  8.84217e-02
 Reference value :  8.84244e-02
 Reference value :  8.84290e-02
 Reference value :  8.84317e-02
 Reference value :  8.84363e-02
 Reference value :  8.84389e-02
 Reference value :  8.84436e-02
 Reference value :  8.84463e-02
 Reference value :  8.84490e-02
 Reference value :  8.84536e-02
 Reference value :  8.84561e-02
 Reference value :  8.84609e-02
 Reference value :  8.84635e-02
 Reference value :  8.84682e-02
 Reference value :  8.84708e-02
 Reference value :  8.84755e-02
 Reference value :  8.84781e-02
 Reference value :  8.84813e-02
 Reference value :  8.84854e-02
 Reference value :  8.84879e-02
 Reference value :  8.84927e-02
 Reference value :  8.84953e-02
 Reference value :  8.85000e-02
 Reference value :  8.85026e-02
 Reference value :  8.85072e-02
 Reference value :  8.85099e-02
 Reference value :  8.85124e-02
 Reference value :  8.85170e-02
 Reference value :  8.85197e-02
 Reference value :  8.85243e-02
 Reference value :  8.85269e-02
 Reference value :  8.85295e-02
 Reference value :  8.85343e-02
 Reference value :  8.85369e-02
 Reference value :  8.85416e-02
 Reference value :  8.85441e-02
 Reference value :  8.85466e-02
 Reference value :  8.85514e-02
 Reference value :  8.85539e-02
 Reference value :  8.85587e-02
 Reference value :  8.85613e-02
 Reference value :  8.85638e-02
 Reference value :  8.85685e-02
 Reference value :  8.85711e-02
 Reference value :  8.85758e-02
 Reference value :  8.85784e-02
 Reference value :  8.85810e-02
 Reference value :  8.85856e-02
 Reference value :  8.85882e-02
 Reference value :  8.85930e-02
 Reference value :  8.85955e-02
 Reference value :  8.86003e-02
 Reference value :  8.86028e-02
 Reference value :  8.86053e-02
 Reference value :  8.86101e-02
 Reference value :  8.86126e-02
 Reference value :  8.86174e-02
 Reference value :  8.86199e-02
 Reference value :  8.86248e-02
 Reference value :  8.86273e-02
 Reference value :  8.86321e-02
 Reference value :  8.86346e-02
 Reference value :  8.86394e-02
 Reference value :  8.86419e-02
 Reference value :  8.86445e-02
 Reference value :  8.86493e-02
 Reference value :  8.86518e-02
 Reference value :  8.86567e-02
 Reference value :  8.86591e-02
 Reference value :  8.86640e-02
 Reference value :  8.86664e-02
 Reference value :  8.86693e-02
 Reference value :  8.86738e-02
 Reference value :  8.86764e-02
 Reference value :  8.86812e-02
 Reference value :  8.86836e-02
 Reference value :  8.86885e-02
 Reference value :  8.86910e-02
 Reference value :  8.86958e-02
 Reference value :  8.87007e-02
 Reference value :  8.87056e-02
 Reference value :  8.87129e-02
 Reference value :  8.87202e-02
 Reference value :  8.87276e-02
 Reference value :  8.87350e-02
 Reference value :  8.87447e-02
 Reference value :  8.87520e-02
 Reference value :  8.87594e-02
 Reference value :  8.87667e-02
 Reference value :  8.87741e-02
 Reference value :  8.87818e-02
 Reference value :  8.87912e-02
 Reference value :  8.87986e-02
 Reference value :  8.88059e-02
 Reference value :  8.88133e-02
 Reference value :  8.88207e-02
 Reference value :  8.88281e-02
 Reference value :  8.88378e-02
 Reference value :  8.88451e-02
 Reference value :  8.88525e-02
 Reference value :  8.88598e-02
 Reference value :  8.88671e-02
 Reference value :  8.88745e-02
 Reference value :  8.88818e-02
 Reference value :  8.88892e-02
 Reference value :  8.88966e-02
 Reference value :  8.89062e-02
 Reference value :  8.89136e-02
 Reference value :  8.89210e-02
 Reference value :  8.89284e-02
 Reference value :  8.89357e-02
 Reference value :  8.89430e-02
 Reference value :  8.89504e-02
 Reference value :  8.89577e-02
 Reference value :  8.89651e-02
 Reference value :  8.89725e-02
 Reference value :  8.89798e-02
 Reference value :  8.89872e-02
 Reference value :  8.89947e-02
 Reference value :  8.90042e-02
 Reference value :  8.90116e-02
 Reference value :  8.90190e-02
 Reference value :  8.90263e-02
 Reference value :  8.90337e-02
 Reference value :  8.90410e-02
 Reference value :  8.90484e-02
 Reference value :  8.90564e-02
 Reference value :  8.90632e-02
 Reference value :  8.90728e-02
 Reference value :  8.90802e-02
 Reference value :  8.90875e-02
 Reference value :  8.90949e-02
 Reference value :  8.91023e-02
 Reference value :  8.91096e-02
 Reference value :  8.91169e-02
 Reference value :  8.91243e-02
 Reference value :  8.91316e-02
 Reference value :  8.91390e-02
 Reference value :  8.91464e-02
 Reference value :  8.91537e-02
 Reference value :  8.91611e-02
 Reference value :  8.91684e-02
 Reference value :  8.91758e-02
 Reference value :  8.91831e-02
 Reference value :  8.91906e-02
 Reference value :  8.92002e-02
 Reference value :  8.92076e-02
 Reference value :  8.92149e-02
 Reference value :  8.92223e-02
 Reference value :  8.92296e-02
 Reference value :  8.92370e-02
 Reference value :  8.92444e-02
 Reference value :  8.92518e-02
 Reference value :  8.92595e-02
 Reference value :  8.92664e-02
 Reference value :  8.92738e-02
 Reference value :  8.92813e-02
 Reference value :  8.92909e-02
 Reference value :  8.92982e-02
 Reference value :  8.93055e-02
 Reference value :  8.93129e-02
 Reference value :  8.93203e-02
 Reference value :  8.93276e-02
 Reference value :  8.93350e-02
 Reference value :  8.93424e-02
 Reference value :  8.93497e-02
 Reference value :  8.93572e-02
 Reference value :  8.93667e-02
 Reference value :  8.93741e-02
 Reference value :  8.93815e-02
 Reference value :  8.93888e-02
 Reference value :  8.93962e-02
 Reference value :  8.94035e-02
 Reference value :  8.94109e-02
 Reference value :  8.94183e-02
 Reference value :  8.94257e-02
 Reference value :  8.94331e-02
 Reference value :  8.94427e-02
 Reference value :  8.94500e-02
 Reference value :  8.94574e-02
 Reference value :  8.94648e-02
 Reference value :  8.94721e-02
 Reference value :  8.94795e-02
 Reference value :  8.94868e-02
 Reference value :  8.94942e-02
 Reference value :  8.95015e-02
 Reference value :  8.95112e-02
 Reference value :  8.95186e-02
 Reference value :  8.95240e-02
 Reference value :  8.95312e-02
 Reference value :  8.95406e-02
 Reference value :  8.95480e-02
 Reference value :  8.95554e-02
 Reference value :  8.95627e-02
 Reference value :  8.95701e-02
 Reference value :  8.95774e-02
 Reference value :  8.95848e-02
 Reference value :  8.95921e-02
 Reference value :  8.96015e-02
 Reference value :  8.96069e-02
 Reference value :  8.96165e-02
 Reference value :  8.96239e-02
 Reference value :  8.96313e-02
 Reference value :  8.96386e-02
 Reference value :  8.96460e-02
 Reference value :  8.96534e-02
 Reference value :  8.96608e-02
 Reference value :  8.96681e-02
 Reference value :  8.96777e-02
 Reference value :  8.96851e-02
 Reference value :  8.96925e-02
 Reference value :  8.96999e-02
 Reference value :  8.97072e-02
 Reference value :  8.97146e-02
 Reference value :  8.97219e-02
 Reference value :  8.97293e-02
 Reference value :  8.97367e-02
 Reference value :  8.97440e-02
 Reference value :  8.97513e-02
 Reference value :  8.97587e-02
 Reference value :  8.97660e-02
 Reference value :  8.97757e-02
 Reference value :  8.97831e-02
 Reference value :  8.97904e-02
 Reference value :  8.97978e-02
 Reference value :  8.98051e-02
 Reference value :  8.98126e-02
 Reference value :  8.98205e-02
 Reference value :  8.98272e-02
 Reference value :  8.98346e-02
 Reference value :  8.98422e-02
 Reference value :  8.98517e-02
 Reference value :  8.98590e-02
 Reference value :  8.98664e-02
 Reference value :  8.98737e-02
 Reference value :  8.98811e-02
 Reference value :  8.98884e-02
 Reference value :  8.98958e-02
 Reference value :  8.99054e-02
 Reference value :  8.99129e-02
 Reference value :  8.99203e-02
 Reference value :  8.99276e-02
 Reference value :  8.99349e-02
 Reference value :  8.99423e-02
 Reference value :  8.99497e-02
 Reference value :  8.99570e-02
 Reference value :  8.99644e-02
 Reference value :  8.99718e-02
 Reference value :  8.99792e-02
 Reference value :  8.99888e-02
 Reference value :  8.99962e-02
 Reference value :  9.00035e-02
 Reference value :  9.00109e-02
 Reference value :  9.00182e-02
 Reference value :  9.00256e-02
 Reference value :  9.00329e-02
 Reference value :  9.00406e-02
 Reference value :  9.00500e-02
 Reference value :  9.00550e-02
 Reference value :  9.00625e-02
 Reference value :  9.00720e-02
 Reference value :  9.00795e-02
 Reference value :  9.00868e-02
 Reference value :  9.00942e-02
 Reference value :  9.01038e-02
 Reference value :  9.01112e-02
 Reference value :  9.01186e-02
 Reference value :  9.01260e-02
 Reference value :  9.01333e-02
 Reference value :  9.01407e-02
 Reference value :  9.01480e-02
 Reference value :  9.01555e-02
 Reference value :  9.01651e-02
 Reference value :  9.01725e-02
 Reference value :  9.01798e-02
 Reference value :  9.01872e-02
 Reference value :  9.01946e-02
 Reference value :  9.02019e-02
 Reference value :  9.02093e-02
 Reference value :  9.02166e-02
 Reference value :  9.02240e-02
 Reference value :  9.02336e-02
 Reference value :  9.02410e-02
 Reference value :  9.02484e-02
 Reference value :  9.02558e-02
 Reference value :  9.02631e-02
 Reference value :  9.02705e-02
 Reference value :  9.02778e-02
 Reference value :  9.02856e-02
 Reference value :  9.02949e-02
 Reference value :  9.03000e-02
 Reference value :  9.03073e-02
 Reference value :  9.03169e-02
 Reference value :  9.03243e-02
 Reference value :  9.03317e-02
 Reference value :  9.03390e-02
 Reference value :  9.03464e-02
 Reference value :  9.03538e-02
 Reference value :  9.03612e-02
 Reference value :  9.03709e-02
 Reference value :  9.03783e-02
 Reference value :  9.03857e-02
 Reference value :  9.03933e-02
 Reference value :  9.04029e-02
 Reference value :  9.04103e-02
 Reference value :  9.04176e-02
 Reference value :  9.04251e-02
 Reference value :  9.04348e-02
 Reference value :  9.04422e-02
 Reference value :  9.04496e-02
 Reference value :  9.04570e-02
 Reference value :  9.04667e-02
 Reference value :  9.04741e-02
 Reference value :  9.04815e-02
 Reference value :  9.04889e-02
 Reference value :  9.04972e-02
 Reference value :  9.05041e-02
 Reference value :  9.05112e-02
 Reference value :  9.05207e-02
 Reference value :  9.05281e-02
 Reference value :  9.05354e-02
 Reference value :  9.05428e-02
 Reference value :  9.05501e-02
 Reference value :  9.05575e-02
 Reference value :  9.05648e-02
 Reference value :  9.05722e-02
 Reference value :  9.05796e-02
 Reference value :  9.05893e-02
 Reference value :  9.05967e-02
 Reference value :  9.06040e-02
 Reference value :  9.06113e-02
 Reference value :  9.06187e-02
 Reference value :  9.06239e-02
 Reference value :  9.06334e-02
 Reference value :  9.06407e-02
 Reference value :  9.06481e-02
 Reference value :  9.06554e-02
 Reference value :  9.06629e-02
 Reference value :  9.06704e-02
 Reference value :  9.06775e-02
 Reference value :  9.06849e-02
 Reference value :  9.06924e-02
 Reference value :  9.07020e-02
 Reference value :  9.07093e-02
 Reference value :  9.07167e-02
 Reference value :  9.07240e-02
 Reference value :  9.07314e-02
 Reference value :  9.07387e-02
 Reference value :  9.07461e-02
 Reference value :  9.07539e-02
 Reference value :  9.07608e-02
 Reference value :  9.07683e-02
 Reference value :  9.07778e-02
 Reference value :  9.07852e-02
 Reference value :  9.07926e-02
 Reference value :  9.08000e-02
 Reference value :  9.08073e-02
 Reference value :  9.08147e-02
 Reference value :  9.08223e-02
 Reference value :  9.08294e-02
 Reference value :  9.08388e-02
 Reference value :  9.08465e-02
 Reference value :  9.08538e-02
 Reference value :  9.08612e-02
 Reference value :  9.08685e-02
 Reference value :  9.08759e-02
 Reference value :  9.08833e-02
 Reference value :  9.08930e-02
 Reference value :  9.08995e-02
 Reference value :  9.09077e-02
 Reference value :  9.09151e-02
 Reference value :  9.09224e-02
 Reference value :  9.09298e-02
 Reference value :  9.09371e-02
 Reference value :  9.09445e-02
 Reference value :  9.09518e-02
 Reference value :  9.09592e-02
 Reference value :  9.09665e-02
 Reference value :  9.09739e-02
 Reference value :  9.09812e-02
 Reference value :  9.09886e-02
 Reference value :  9.09959e-02
 Reference value :  9.10033e-02
 Reference value :  9.10106e-02
 Reference value :  9.10180e-02
 Reference value :  9.10253e-02
 Reference value :  9.10327e-02
 Reference value :  9.10400e-02
 Reference value :  9.10474e-02
 Reference value :  9.10548e-02
 Reference value :  9.10644e-02
 Reference value :  9.10718e-02
 Reference value :  9.10792e-02
 Reference value :  9.10865e-02
 Reference value :  9.10939e-02
 Reference value :  9.11012e-02
 Reference value :  9.11086e-02
 Reference value :  9.11159e-02
 Reference value :  9.11233e-02
 Reference value :  9.11306e-02
 Reference value :  9.11364e-02
 Reference value :  9.11430e-02
 Reference value :  9.11502e-02
 Reference value :  9.11599e-02
 Reference value :  9.11651e-02
 Reference value :  9.11723e-02
 Reference value :  9.11796e-02
 Reference value :  9.11870e-02
 Reference value :  9.11943e-02
 Reference value :  9.12016e-02
 Reference value :  9.12090e-02
 Reference value :  9.12139e-02
 Reference value :  9.12213e-02
 Reference value :  9.12286e-02
 Reference value :  9.12360e-02
 Reference value :  9.12433e-02
 Reference value :  9.12505e-02
 Reference value :  9.12580e-02
 Reference value :  9.12629e-02
 Reference value :  9.12703e-02
 Reference value :  9.12774e-02
 Reference value :  9.12825e-02
 Reference value :  9.12899e-02
 Reference value :  9.12972e-02
 Reference value :  9.13045e-02
 Reference value :  9.13119e-02
 Reference value :  9.13192e-02
 Reference value :  9.13242e-02
 Reference value :  9.13316e-02
 Reference value :  9.13389e-02
 Reference value :  9.13462e-02
 Reference value :  9.13535e-02
 Reference value :  9.13609e-02
 Reference value :  9.13682e-02
 Reference value :  9.13756e-02
 Reference value :  9.13829e-02
 Reference value :  9.13903e-02
 Reference value :  9.13976e-02
 Reference value :  9.14049e-02
 Reference value :  9.14123e-02
 Reference value :  9.14196e-02
 Reference value :  9.14270e-02
 Reference value :  9.14343e-02
 Reference value :  9.14417e-02
 Reference value :  9.14490e-02
 Reference value :  9.14564e-02
 Reference value :  9.14637e-02
 Reference value :  9.14711e-02
 Reference value :  9.14784e-02
 Reference value :  9.14858e-02
 Reference value :  9.14931e-02
 Reference value :  9.15004e-02
 Reference value :  9.15078e-02
 Reference value :  9.15151e-02
 Reference value :  9.15225e-02
 Reference value :  9.15298e-02
 Reference value :  9.15372e-02
 Reference value :  9.15445e-02
 Reference value :  9.15519e-02
 Reference value :  9.15592e-02
 Reference value :  9.15666e-02
 Reference value :  9.15740e-02
 Reference value :  9.15813e-02
 Reference value :  9.15887e-02
 Reference value :  9.15961e-02
 Reference value :  9.16035e-02
 Reference value :  9.16117e-02
 Reference value :  9.16206e-02
 Reference value :  9.16280e-02
 Reference value :  9.16353e-02
 Reference value :  9.16427e-02
 Reference value :  9.16501e-02
 Reference value :  9.16575e-02
 Reference value :  9.16672e-02
 Reference value :  9.16746e-02
 Reference value :  9.16820e-02
 Reference value :  9.16894e-02
 Reference value :  9.16967e-02
 Reference value :  9.17041e-02
 Reference value :  9.17114e-02
 Reference value :  9.17188e-02
 Reference value :  9.17261e-02
 Reference value :  9.17335e-02
 Reference value :  9.17408e-02
 Reference value :  9.17482e-02
 Reference value :  9.17555e-02
 Reference value :  9.17629e-02
 Reference value :  9.17702e-02
 Reference value :  9.17776e-02
 Reference value :  9.17849e-02
 Reference value :  9.17923e-02
 Reference value :  9.17996e-02
 Reference value :  9.18069e-02
 Reference value :  9.18142e-02
 Reference value :  9.18215e-02
 Reference value :  9.18266e-02
 Reference value :  9.18339e-02
 Reference value :  9.18413e-02
 Reference value :  9.18486e-02
 Reference value :  9.18560e-02
 Reference value :  9.18633e-02
 Reference value :  9.18706e-02
 Reference value :  9.18780e-02
 Reference value :  9.18853e-02
 Reference value :  9.18926e-02
 Reference value :  9.18977e-02
 Reference value :  9.19050e-02
 Reference value :  9.19123e-02
 Reference value :  9.19196e-02
 Reference value :  9.19270e-02
 Reference value :  9.19343e-02
 Reference value :  9.19416e-02
 Reference value :  9.19490e-02
 Reference value :  9.19563e-02
 Reference value :  9.19637e-02
 Reference value :  9.19710e-02
 Reference value :  9.19760e-02
 Reference value :  9.19833e-02
 Reference value :  9.19907e-02
 Reference value :  9.19980e-02
 Reference value :  9.20053e-02
 Reference value :  9.20127e-02
 Reference value :  9.20200e-02
 Reference value :  9.20274e-02
 Reference value :  9.20347e-02
 Reference value :  9.20420e-02
 Reference value :  9.20494e-02
 Reference value :  9.20568e-02
 Reference value :  9.20642e-02
 Reference value :  9.20715e-02
 Reference value :  9.20788e-02
 Reference value :  9.20861e-02
 Reference value :  9.20935e-02
 Reference value :  9.21008e-02
 Reference value :  9.21082e-02
 Reference value :  9.21155e-02
 Reference value :  9.21229e-02
 Reference value :  9.21302e-02
 Reference value :  9.21377e-02
 Reference value :  9.21450e-02
 Reference value :  9.21523e-02
 Reference value :  9.21596e-02
 Reference value :  9.21670e-02
 Reference value :  9.21744e-02
 Reference value :  9.21818e-02
 Reference value :  9.21890e-02
 Reference value :  9.21964e-02
 Reference value :  9.22037e-02
 Reference value :  9.22111e-02
 Reference value :  9.22184e-02
 Reference value :  9.22258e-02
 Reference value :  9.22332e-02
 Reference value :  9.22405e-02
 Reference value :  9.22478e-02
 Reference value :  9.22552e-02
 Reference value :  9.22625e-02
 Reference value :  9.22699e-02
 Reference value :  9.22772e-02
 Reference value :  9.22846e-02
 Reference value :  9.22919e-02
 Reference value :  9.22992e-02
 Reference value :  9.23066e-02
 Reference value :  9.23140e-02
 Reference value :  9.23213e-02
 Reference value :  9.23286e-02
 Reference value :  9.23360e-02
 Reference value :  9.23433e-02
 Reference value :  9.23506e-02
 Reference value :  9.23580e-02
 Reference value :  9.23654e-02
 Reference value :  9.23727e-02
 Reference value :  9.23801e-02
 Reference value :  9.23874e-02
 Reference value :  9.23948e-02
 Reference value :  9.24021e-02
 Reference value :  9.24095e-02
 Reference value :  9.24168e-02
 Reference value :  9.24242e-02
 Reference value :  9.24315e-02
 Reference value :  9.24389e-02
 Reference value :  9.24462e-02
 Reference value :  9.24536e-02
 Reference value :  9.24609e-02
 Reference value :  9.24682e-02
 Reference value :  9.24756e-02
 Reference value :  9.24807e-02
 Reference value :  9.24879e-02
 Reference value :  9.24975e-02
 Reference value :  9.25049e-02
 Reference value :  9.25123e-02
 Reference value :  9.25180e-02
 Reference value :  9.25248e-02
 Reference value :  9.25342e-02
 Reference value :  9.25396e-02
 Reference value :  9.25490e-02
 Reference value :  9.25543e-02
 Reference value :  9.25616e-02
 Reference value :  9.25687e-02
 Reference value :  9.25761e-02
 Reference value :  9.25857e-02
 Reference value :  9.25932e-02
 Reference value :  9.26006e-02
 Reference value :  9.26079e-02
 Reference value :  9.26153e-02
 Reference value :  9.26227e-02
 Reference value :  9.26301e-02
 Reference value :  9.26376e-02
 Reference value :  9.26472e-02
 Reference value :  9.26546e-02
 Reference value :  9.26620e-02
 Reference value :  9.26694e-02
 Reference value :  9.26767e-02
 Reference value :  9.26840e-02
 Reference value :  9.26914e-02
 Reference value :  9.26987e-02
 Reference value :  9.27061e-02
 Reference value :  9.27134e-02
 Reference value :  9.27207e-02
 Reference value :  9.27281e-02
 Reference value :  9.27354e-02
 Reference value :  9.27428e-02
 Reference value :  9.27501e-02
 Reference value :  9.27575e-02
 Reference value :  9.27648e-02
 Reference value :  9.27722e-02
 Reference value :  9.27771e-02
 Reference value :  9.27845e-02
 Reference value :  9.27918e-02
 Reference value :  9.28015e-02
 Reference value :  9.28089e-02
 Reference value :  9.28139e-02
 Reference value :  9.28212e-02
 Reference value :  9.28285e-02
 Reference value :  9.28383e-02
 Reference value :  9.28456e-02
 Reference value :  9.28507e-02
 Reference value :  9.28594e-02
 Reference value :  9.28653e-02
 Reference value :  9.28749e-02
 Reference value :  9.28801e-02
 Reference value :  9.28875e-02
 Reference value :  9.28970e-02
 Reference value :  9.29043e-02
 Reference value :  9.29117e-02
 Reference value :  9.29190e-02
 Reference value :  9.29264e-02
 Reference value :  9.29338e-02
 Reference value :  9.29411e-02
 Reference value :  9.29485e-02
 Reference value :  9.29558e-02
 Reference value :  9.29632e-02
 Reference value :  9.29705e-02
 Reference value :  9.29779e-02
 Reference value :  9.29852e-02
 Reference value :  9.29925e-02
 Reference value :  9.29999e-02
 Reference value :  9.30073e-02
 Reference value :  9.30145e-02
 Reference value :  9.30214e-02
 Reference value :  9.30292e-02
 Reference value :  9.30367e-02
 Reference value :  9.30440e-02
 Reference value :  9.30513e-02
 Reference value :  9.30571e-02
 Reference value :  9.30660e-02
 Reference value :  9.30734e-02
 Reference value :  9.30808e-02
 Reference value :  9.30880e-02
 Reference value :  9.30954e-02
 Reference value :  9.31028e-02
 Reference value :  9.31101e-02
 Reference value :  9.31175e-02
 Reference value :  9.31248e-02
 Reference value :  9.31322e-02
 Reference value :  9.31395e-02
 Reference value :  9.31469e-02
 Reference value :  9.31542e-02
 Reference value :  9.31616e-02
 Reference value :  9.31689e-02
 Reference value :  9.31763e-02
 Reference value :  9.31836e-02
 Reference value :  9.31910e-02
 Reference value :  9.31984e-02
 Reference value :  9.32057e-02
 Reference value :  9.32131e-02
 Reference value :  9.32207e-02
 Reference value :  9.32302e-02
 Reference value :  9.32376e-02
 Reference value :  9.32450e-02
 Reference value :  9.32524e-02
 Reference value :  9.32598e-02
 Reference value :  9.32671e-02
 Reference value :  9.32745e-02
 Reference value :  9.32819e-02
 Reference value :  9.32893e-02
 Reference value :  9.32969e-02
 Reference value :  9.33063e-02
 Reference value :  9.33138e-02
 Reference value :  9.33211e-02
 Reference value :  9.33285e-02
 Reference value :  9.33359e-02
 Reference value :  9.33433e-02
 Reference value :  9.33506e-02
 Reference value :  9.33580e-02
 Reference value :  9.33654e-02
 Reference value :  9.33727e-02
 Reference value :  9.33802e-02
 Reference value :  9.33878e-02
 Reference value :  9.33972e-02
 Reference value :  9.34046e-02
 Reference value :  9.34120e-02
 Reference value :  9.34194e-02
 Reference value :  9.34268e-02
 Reference value :  9.34341e-02
 Reference value :  9.34415e-02
 Reference value :  9.34489e-02
 Reference value :  9.34563e-02
 Reference value :  9.34636e-02
 Reference value :  9.34710e-02
 Reference value :  9.34784e-02
 Reference value :  9.34858e-02
 Reference value :  9.34931e-02
 Reference value :  9.35004e-02
 Reference value :  9.35077e-02
 Reference value :  9.35151e-02
 Reference value :  9.35224e-02
 Reference value :  9.35298e-02
 Reference value :  9.35371e-02
 Reference value :  9.35445e-02
 Reference value :  9.35518e-02
 Reference value :  9.35592e-02
 Reference value :  9.35665e-02
 Reference value :  9.35739e-02
 Reference value :  9.35812e-02
 Reference value :  9.35885e-02
 Reference value :  9.35959e-02
 Reference value :  9.36032e-02
 Reference value :  9.36106e-02
 Reference value :  9.36179e-02
 Reference value :  9.36253e-02
 Reference value :  9.36306e-02
 Reference value :  9.36376e-02
 Reference value :  9.36449e-02
 Reference value :  9.36523e-02
 Reference value :  9.36596e-02
 Reference value :  9.36669e-02
 Reference value :  9.36743e-02
 Reference value :  9.36816e-02
 Reference value :  9.36891e-02
 Reference value :  9.36964e-02
 Reference value :  9.37037e-02
 Reference value :  9.37110e-02
 Reference value :  9.37184e-02
 Reference value :  9.37258e-02
 Reference value :  9.37332e-02
 Reference value :  9.37404e-02
 Reference value :  9.37478e-02
 Reference value :  9.37551e-02
 Reference value :  9.37624e-02
 Reference value :  9.37698e-02
 Reference value :  9.37771e-02
 Reference value :  9.37845e-02
 Reference value :  9.37918e-02
 Reference value :  9.37992e-02
 Reference value :  9.38066e-02
 Reference value :  9.38139e-02
 Reference value :  9.38212e-02
 Reference value :  9.38286e-02
 Reference value :  9.38360e-02
 Reference value :  9.38433e-02
 Reference value :  9.38506e-02
 Reference value :  9.38580e-02
 Reference value :  9.38653e-02
 Reference value :  9.38742e-02
 Reference value :  9.38806e-02
 Reference value :  9.38874e-02
 Reference value :  9.38947e-02
 Reference value :  9.39021e-02
 Reference value :  9.39095e-02
 Reference value :  9.39172e-02
 Reference value :  9.39241e-02
 Reference value :  9.39315e-02
 Reference value :  9.39388e-02
 Reference value :  9.39485e-02
 Reference value :  9.39558e-02
 Reference value :  9.39608e-02
 Reference value :  9.39682e-02
 Reference value :  9.39755e-02
 Reference value :  9.39853e-02
 Reference value :  9.39926e-02
 Reference value :  9.39976e-02
 Reference value :  9.40050e-02
 Reference value :  9.40123e-02
 Reference value :  9.40220e-02
 Reference value :  9.40294e-02
 Reference value :  9.40356e-02
 Reference value :  9.40417e-02
 Reference value :  9.40494e-02
 Reference value :  9.40588e-02
 Reference value :  9.40661e-02
 Reference value :  9.40734e-02
 Reference value :  9.40808e-02
 Reference value :  9.40881e-02
 Reference value :  9.40955e-02
 Reference value :  9.41028e-02
 Reference value :  9.41102e-02
 Reference value :  9.41175e-02
 Reference value :  9.41249e-02
 Reference value :  9.41322e-02
 Reference value :  9.41396e-02
 Reference value :  9.41469e-02
 Reference value :  9.41543e-02
 Reference value :  9.41616e-02
 Reference value :  9.41690e-02
 Reference value :  9.41763e-02
 Reference value :  9.41836e-02
 Reference value :  9.41910e-02
 Reference value :  9.41983e-02
 Reference value :  9.42057e-02
 Reference value :  9.42130e-02
 Reference value :  9.42204e-02
 Reference value :  9.42278e-02
 Reference value :  9.42350e-02
 Reference value :  9.42424e-02
 Reference value :  9.42498e-02
 Reference value :  9.42571e-02
 Reference value :  9.42644e-02
 Reference value :  9.42718e-02
 Reference value :  9.42791e-02
 Reference value :  9.42865e-02
 Reference value :  9.42938e-02
 Reference value :  9.43012e-02
 Reference value :  9.43086e-02
 Reference value :  9.43159e-02
 Reference value :  9.43232e-02
 Reference value :  9.43306e-02
 Reference value :  9.43379e-02
 Reference value :  9.43453e-02
 Reference value :  9.43526e-02
 Reference value :  9.43600e-02
 Reference value :  9.43673e-02
 Reference value :  9.43747e-02
 Reference value :  9.43820e-02
 Reference value :  9.43894e-02
 Reference value :  9.43967e-02
 Reference value :  9.44041e-02
 Reference value :  9.44114e-02
 Reference value :  9.44188e-02
 Reference value :  9.44261e-02
 Reference value :  9.44335e-02
 Reference value :  9.44408e-02
 Reference value :  9.44481e-02
 Reference value :  9.44555e-02
 Reference value :  9.44628e-02
 Reference value :  9.44702e-02
 Reference value :  9.44776e-02
 Reference value :  9.44849e-02
 Reference value :  9.44922e-02
 Reference value :  9.44996e-02
 Reference value :  9.45069e-02
 Reference value :  9.45143e-02
 Reference value :  9.45216e-02
 Reference value :  9.45290e-02
 Reference value :  9.45363e-02
 Reference value :  9.45437e-02
 Reference value :  9.45510e-02
 Reference value :  9.45583e-02
 Reference value :  9.45657e-02
 Reference value :  9.45730e-02
 Reference value :  9.45804e-02
 Reference value :  9.45878e-02
 Reference value :  9.45951e-02
 Reference value :  9.46024e-02
 Reference value :  9.46098e-02
 Reference value :  9.46171e-02
 Reference value :  9.46245e-02
 Reference value :  9.46318e-02
 Reference value :  9.46392e-02
 Reference value :  9.46465e-02
 Reference value :  9.46539e-02
 Reference value :  9.46612e-02
 Reference value :  9.46686e-02
 Reference value :  9.46759e-02
 Reference value :  9.46833e-02
 Reference value :  9.46906e-02
 Reference value :  9.46979e-02
 Reference value :  9.47053e-02
 Reference value :  9.47127e-02
 Reference value :  9.47200e-02
 Reference value :  9.47274e-02
 Reference value :  9.47347e-02
 Reference value :  9.47420e-02
 Reference value :  9.47494e-02
 Reference value :  9.47568e-02
 Reference value :  9.47641e-02
 Reference value :  9.47715e-02
 Reference value :  9.47788e-02
 Reference value :  9.47862e-02
 Reference value :  9.47935e-02
 Reference value :  9.48008e-02
 Reference value :  9.48082e-02
 Reference value :  9.48155e-02
 Reference value :  9.48229e-02
 Reference value :  9.48302e-02
 Reference value :  9.48376e-02
 Reference value :  9.48449e-02
 Reference value :  9.48523e-02
 Reference value :  9.48596e-02
 Reference value :  9.48670e-02
 Reference value :  9.48743e-02
 Reference value :  9.48816e-02
 Reference value :  9.48890e-02
 Reference value :  9.48955e-02
 Reference value :  9.49014e-02
 Reference value :  9.49110e-02
 Reference value :  9.49161e-02
 Reference value :  9.49235e-02
 Reference value :  9.49308e-02
 Reference value :  9.49381e-02
 Reference value :  9.49477e-02
 Reference value :  9.49529e-02
 Reference value :  9.49603e-02
 Reference value :  9.49677e-02
 Reference value :  9.49749e-02
 Reference value :  9.49837e-02
 Reference value :  9.49895e-02
 Reference value :  9.49968e-02
 Reference value :  9.50041e-02
 Reference value :  9.50115e-02
 Reference value :  9.50188e-02
 Reference value :  9.50262e-02
 Reference value :  9.50335e-02
 Reference value :  9.50408e-02
 Reference value :  9.50482e-02
 Reference value :  9.50556e-02
 Reference value :  9.50629e-02
 Reference value :  9.50703e-02
 Reference value :  9.50776e-02
 Reference value :  9.50850e-02
 Reference value :  9.50923e-02
 Reference value :  9.51014e-02
 Reference value :  9.51071e-02
 Reference value :  9.51147e-02
 Reference value :  9.51241e-02
 Reference value :  9.51315e-02
 Reference value :  9.51388e-02
 Reference value :  9.51462e-02
 Reference value :  9.51535e-02
 Reference value :  9.51609e-02
 Reference value :  9.51682e-02
 Reference value :  9.51756e-02
 Reference value :  9.51829e-02
 Reference value :  9.51903e-02
 Reference value :  9.51977e-02
 Reference value :  9.52051e-02
 Reference value :  9.52147e-02
 Reference value :  9.52220e-02
 Reference value :  9.52294e-02
 Reference value :  9.52368e-02
 Reference value :  9.52441e-02
 Reference value :  9.52515e-02
 Reference value :  9.52588e-02
 Reference value :  9.52662e-02
 Reference value :  9.52735e-02
 Reference value :  9.52809e-02
 Reference value :  9.52882e-02
 Reference value :  9.52956e-02
 Reference value :  9.53029e-02
 Reference value :  9.53103e-02
 Reference value :  9.53176e-02
 Reference value :  9.53250e-02
 Reference value :  9.53325e-02
 Reference value :  9.53401e-02
 Reference value :  9.53494e-02
 Reference value :  9.53567e-02
 Reference value :  9.53641e-02
 Reference value :  9.53715e-02
 Reference value :  9.53788e-02
 Reference value :  9.53862e-02
 Reference value :  9.53935e-02
 Reference value :  9.54009e-02
 Reference value :  9.54082e-02
 Reference value :  9.54156e-02
 Reference value :  9.54230e-02
 Reference value :  9.54303e-02
 Reference value :  9.54377e-02
 Reference value :  9.54473e-02
 Reference value :  9.54547e-02
 Reference value :  9.54621e-02
 Reference value :  9.54694e-02
 Reference value :  9.54768e-02
 Reference value :  9.54841e-02
 Reference value :  9.54915e-02
 Reference value :  9.54988e-02
 Reference value :  9.55062e-02
 Reference value :  9.55136e-02
 Reference value :  9.55210e-02
 Reference value :  9.55282e-02
 Reference value :  9.55356e-02
 Reference value :  9.55429e-02
 Reference value :  9.55503e-02
 Reference value :  9.55576e-02
 Reference value :  9.55649e-02
 Reference value :  9.55723e-02
 Reference value :  9.55796e-02
 Reference value :  9.55870e-02
 Reference value :  9.55944e-02
 Reference value :  9.56017e-02
 Reference value :  9.56090e-02
 Reference value :  9.56164e-02
 Reference value :  9.56237e-02
 Reference value :  9.56311e-02
 Reference value :  9.56384e-02
 Reference value :  9.56458e-02
 Reference value :  9.56531e-02
 Reference value :  9.56604e-02
 Reference value :  9.56678e-02
 Reference value :  9.56751e-02
 Reference value :  9.56825e-02
 Reference value :  9.56898e-02
 Reference value :  9.56972e-02
 Reference value :  9.57045e-02
 Reference value :  9.57096e-02
 Reference value :  9.57169e-02
 Reference value :  9.57241e-02
 Reference value :  9.57315e-02
 Reference value :  9.57388e-02
 Reference value :  9.57462e-02
 Reference value :  9.57535e-02
 Reference value :  9.57586e-02
 Reference value :  9.57659e-02
 Reference value :  9.57731e-02
 Reference value :  9.57805e-02
 Reference value :  9.57878e-02
 Reference value :  9.57951e-02
 Reference value :  9.58024e-02
 Reference value :  9.58075e-02
 Reference value :  9.58149e-02
 Reference value :  9.58221e-02
 Reference value :  9.58295e-02
 Reference value :  9.58368e-02
 Reference value :  9.58441e-02
 Reference value :  9.58515e-02
 Reference value :  9.58564e-02
 Reference value :  9.58637e-02
 Reference value :  9.58687e-02
 Reference value :  9.58760e-02
 Reference value :  9.58833e-02
 Reference value :  9.58884e-02
 Reference value :  9.58956e-02
 Reference value :  9.59032e-02
 Reference value :  9.59103e-02
 Reference value :  9.59176e-02
 Reference value :  9.59249e-02
 Reference value :  9.59323e-02
 Reference value :  9.59396e-02
 Reference value :  9.59446e-02
 Reference value :  9.59519e-02
 Reference value :  9.59592e-02
 Reference value :  9.59666e-02
 Reference value :  9.59739e-02
 Reference value :  9.59813e-02
 Reference value :  9.59864e-02
 Reference value :  9.59936e-02
 Reference value :  9.60009e-02
 Reference value :  9.60082e-02
 Reference value :  9.60155e-02
 Reference value :  9.60229e-02
 Reference value :  9.60284e-02
 Reference value :  9.60354e-02
 Reference value :  9.60425e-02
 Reference value :  9.60498e-02
 Reference value :  9.60572e-02
 Reference value :  9.60646e-02
 Reference value :  9.60719e-02
 Reference value :  9.60792e-02
 Reference value :  9.60865e-02
 Reference value :  9.60938e-02
 Reference value :  9.60989e-02
 Reference value :  9.61062e-02
 Reference value :  9.61136e-02
 Reference value :  9.61209e-02
 Reference value :  9.61282e-02
 Reference value :  9.61356e-02
 Reference value :  9.61429e-02
 Reference value :  9.61499e-02
 Reference value :  9.61557e-02
 Reference value :  9.61626e-02
 Reference value :  9.61699e-02
 Reference value :  9.61773e-02
 Reference value :  9.61846e-02
 Reference value :  9.61920e-02
 Reference value :  9.61969e-02
 Reference value :  9.62042e-02
 Reference value :  9.62116e-02
 Reference value :  9.62189e-02
 Reference value :  9.62263e-02
 Reference value :  9.62336e-02
 Reference value :  9.62386e-02
 Reference value :  9.62435e-02
 Reference value :  9.62483e-02
 Reference value :  9.62508e-02
 Reference value :  9.62556e-02
 Reference value :  9.62581e-02
 Reference value :  9.62629e-02
 Reference value :  9.62654e-02
 Reference value :  9.62703e-02
 Reference value :  9.62728e-02
 Reference value :  9.62776e-02
 Reference value :  9.62802e-02
 Reference value :  9.62850e-02
 Reference value :  9.62899e-02
 Reference value :  9.62948e-02
 Reference value :  9.62996e-02
 Reference value :  9.63021e-02
 Reference value :  9.63070e-02
 Reference value :  9.63094e-02
 Reference value :  9.63120e-02
 Reference value :  9.63167e-02
 Reference value :  9.63196e-02
 Reference value :  9.63241e-02
 Reference value :  9.63265e-02
 Reference value :  9.63290e-02
 Reference value :  9.63338e-02
 Reference value :  9.63363e-02
 Reference value :  9.63411e-02
 Reference value :  9.63436e-02
 Reference value :  9.63461e-02
 Reference value :  9.63510e-02
 Reference value :  9.63535e-02
 Reference value :  9.63560e-02
 Reference value :  9.63608e-02
 Reference value :  9.63635e-02
 Reference value :  9.63682e-02
 Reference value :  9.63711e-02
 Reference value :  9.63755e-02
 Reference value :  9.63780e-02
 Reference value :  9.63828e-02
 Reference value :  9.63853e-02
 Reference value :  9.63902e-02
 Reference value :  9.63926e-02
 Reference value :  9.63951e-02
 Reference value :  9.63999e-02
 Reference value :  9.64024e-02
 Reference value :  9.64050e-02
 Reference value :  9.64097e-02
 Reference value :  9.64122e-02
 Reference value :  9.64170e-02
 Reference value :  9.64195e-02
 Reference value :  9.64220e-02
 Reference value :  9.64269e-02
 Reference value :  9.64293e-02
 Reference value :  9.64342e-02
 Reference value :  9.64367e-02
 Reference value :  9.64392e-02
 Reference value :  9.64417e-02
 Reference value :  9.64464e-02
 Reference value :  9.64490e-02
 Reference value :  9.64514e-02
 Reference value :  9.64539e-02
 Reference value :  9.64587e-02
 Reference value :  9.64612e-02
 Reference value :  9.64661e-02
 Reference value :  9.64686e-02
 Reference value :  9.64734e-02
 Reference value :  9.64759e-02
 Reference value :  9.64807e-02
 Reference value :  9.64832e-02
 Reference value :  9.64857e-02
 Reference value :  9.64905e-02
 Reference value :  9.64929e-02
 Reference value :  9.64954e-02
 Reference value :  9.64979e-02
 Reference value :  9.65026e-02
 Reference value :  9.65052e-02
 Reference value :  9.65077e-02
 Reference value :  9.65126e-02
 Reference value :  9.65150e-02
 Reference value :  9.65175e-02
 Reference value :  9.65223e-02
 Reference value :  9.65248e-02
 Reference value :  9.65274e-02
 Reference value :  9.65322e-02
 Reference value :  9.65370e-02
 Reference value :  9.65395e-02
 Reference value :  9.65443e-02
 Reference value :  9.65468e-02
 Reference value :  9.65492e-02
 Reference value :  9.65518e-02
 Reference value :  9.65566e-02
 Reference value :  9.65591e-02
 Reference value :  9.65615e-02
 Reference value :  9.65663e-02
 Reference value :  9.65689e-02
 Reference value :  9.65713e-02
 Reference value :  9.65762e-02
 Reference value :  9.65787e-02
 Reference value :  9.65811e-02
 Reference value :  9.65837e-02
 Reference value :  9.65885e-02
 Reference value :  9.65909e-02
 Reference value :  9.65957e-02
 Reference value :  9.65982e-02
 Reference value :  9.66007e-02
 Reference value :  9.66032e-02
 Reference value :  9.66080e-02
 Reference value :  9.66105e-02
 Reference value :  9.66131e-02
 Reference value :  9.66178e-02
 Reference value :  9.66203e-02
 Reference value :  9.66252e-02
 Reference value :  9.66277e-02
 Reference value :  9.66302e-02
 Reference value :  9.66349e-02
 Reference value :  9.66375e-02
 Reference value :  9.66400e-02
 Reference value :  9.66448e-02
 Reference value :  9.66473e-02
 Reference value :  9.66498e-02
 Reference value :  9.66546e-02
 Reference value :  9.66571e-02
 Reference value :  9.66596e-02
 Reference value :  9.66644e-02
 Reference value :  9.66668e-02
 Reference value :  9.66694e-02
 Reference value :  9.66742e-02
 Reference value :  9.66767e-02
 Reference value :  9.66815e-02
 Reference value :  9.66840e-02
 Reference value :  9.66864e-02
 Reference value :  9.66913e-02
 Reference value :  9.66938e-02
 Reference value :  9.66986e-02
 Reference value :  9.67011e-02
 Reference value :  9.67036e-02
 Reference value :  9.67084e-02
 Reference value :  9.67110e-02
 Reference value :  9.67157e-02
 Reference value :  9.67182e-02
 Reference value :  9.67207e-02
 Reference value :  9.67255e-02
 Reference value :  9.67280e-02
 Reference value :  9.67328e-02
 Reference value :  9.67353e-02
 Reference value :  9.67378e-02
 Reference value :  9.67426e-02
 Reference value :  9.67451e-02
 Reference value :  9.67499e-02
 Reference value :  9.67524e-02
 Reference value :  9.67549e-02
 Reference value :  9.67597e-02
 Reference value :  9.67622e-02
 Reference value :  9.67669e-02
 Reference value :  9.67696e-02
 Reference value :  9.67720e-02
 Reference value :  9.67747e-02
 Reference value :  9.67794e-02
 Reference value :  9.67818e-02
 Reference value :  9.67867e-02
 Reference value :  9.67892e-02
 Reference value :  9.67917e-02
 Reference value :  9.67965e-02
 Reference value :  9.67990e-02
 Reference value :  9.68038e-02
 Reference value :  9.68063e-02
 Reference value :  9.68112e-02
 Reference value :  9.68137e-02
 Reference value :  9.68186e-02
 Reference value :  9.68210e-02
 Reference value :  9.68235e-02
 Reference value :  9.68260e-02
 Reference value :  9.68308e-02
 Reference value :  9.68332e-02
 Reference value :  9.68357e-02
 Reference value :  9.68406e-02
 Reference value :  9.68437e-02
 Reference value :  9.68479e-02
 Reference value :  9.68503e-02
 Reference value :  9.68529e-02
 Reference value :  9.68576e-02
 Reference value :  9.68602e-02
 Reference value :  9.68650e-02
 Reference value :  9.68675e-02
 Reference value :  9.68700e-02
 Reference value :  9.68725e-02
 Reference value :  9.68773e-02
 Reference value :  9.68797e-02
 Reference value :  9.68822e-02
 Reference value :  9.68870e-02
 Reference value :  9.68895e-02
 Reference value :  9.68920e-02
 Reference value :  9.68945e-02
 Reference value :  9.68993e-02
 Reference value :  9.69018e-02
 Reference value :  9.69043e-02
 Reference value :  9.69091e-02
 Reference value :  9.69116e-02
 Reference value :  9.69141e-02
 Reference value :  9.69189e-02
 Reference value :  9.69214e-02
 Reference value :  9.69239e-02
 Reference value :  9.69287e-02
 Reference value :  9.69312e-02
 Reference value :  9.69337e-02
 Reference value :  9.69385e-02
 Reference value :  9.69410e-02
 Reference value :  9.69434e-02
 Reference value :  9.69459e-02
 Reference value :  9.69507e-02
 Reference value :  9.69532e-02
 Reference value :  9.69557e-02
 Reference value :  9.69605e-02
 Reference value :  9.69630e-02
 Reference value :  9.69655e-02
 Reference value :  9.69703e-02
 Reference value :  9.69751e-02
 Reference value :  9.69776e-02
 Reference value :  9.69801e-02
 Reference value :  9.69850e-02
 Reference value :  9.69898e-02
 Reference value :  9.69923e-02
 Reference value :  9.69948e-02
 Reference value :  9.69996e-02
 Reference value :  9.70021e-02
 Reference value :  9.70045e-02
 Reference value :  9.70094e-02
 Reference value :  9.70118e-02
 Reference value :  9.70143e-02
 Reference value :  9.70170e-02
 Reference value :  9.70217e-02
 Reference value :  9.70241e-02
 Reference value :  9.70266e-02
 Reference value :  9.70314e-02
 Reference value :  9.70340e-02
 Reference value :  9.70388e-02
 Reference value :  9.70413e-02
 Reference value :  9.70437e-02
 Reference value :  9.70465e-02
 Reference value :  9.70510e-02
 Reference value :  9.70535e-02
 Reference value :  9.70584e-02
 Reference value :  9.70608e-02
 Reference value :  9.70656e-02
 Reference value :  9.70682e-02
 Reference value :  9.70707e-02
 Reference value :  9.70755e-02
 Reference value :  9.70780e-02
 Reference value :  9.70827e-02
 Reference value :  9.70854e-02
 Reference value :  9.70879e-02
 Reference value :  9.70903e-02
 Reference value :  9.70952e-02
 Reference value :  9.70977e-02
 Reference value :  9.71025e-02
 Reference value :  9.71050e-02
 Reference value :  9.71076e-02
 Reference value :  9.71123e-02
 Reference value :  9.71148e-02
 Reference value :  9.71197e-02
 Reference value :  9.71222e-02
 Reference value :  9.71246e-02
 Reference value :  9.71295e-02
 Reference value :  9.71320e-02
 Reference value :  9.71345e-02
 Reference value :  9.71392e-02
 Reference value :  9.71418e-02
 Reference value :  9.71467e-02
 Reference value :  9.71492e-02
 Reference value :  9.71540e-02
 Reference value :  9.71565e-02
 Reference value :  9.71614e-02
 Reference value :  9.71639e-02
 Reference value :  9.71687e-02
 Reference value :  9.71736e-02
 Reference value :  9.71761e-02
 Reference value :  9.71810e-02
 Reference value :  9.71834e-02
 Reference value :  9.71859e-02
 Reference value :  9.71908e-02
 Reference value :  9.71933e-02
 Reference value :  9.71982e-02
 Reference value :  9.72006e-02
 Reference value :  9.72031e-02
 Reference value :  9.72080e-02
 Reference value :  9.72129e-02
 Reference value :  9.72154e-02
 Reference value :  9.72203e-02
 Reference value :  9.72251e-02
 Reference value :  9.72276e-02
 Reference value :  9.72326e-02
 Reference value :  9.72374e-02
 Reference value :  9.72421e-02
 Reference value :  9.72471e-02
 Reference value :  9.72543e-02
 Reference value :  9.72569e-02
 Reference value :  9.72594e-02
 Reference value :  9.72642e-02
 Reference value :  9.72690e-02
 Reference value :  9.72716e-02
 Reference value :  9.72764e-02
 Reference value :  9.72790e-02
 Reference value :  9.72838e-02
 Reference value :  9.72887e-02
 Reference value :  9.72936e-02
 Reference value :  9.72985e-02
 Reference value :  9.73034e-02
 Reference value :  9.73107e-02
 Reference value :  9.73156e-02
 Reference value :  9.73230e-02
 Reference value :  9.73303e-02
 Reference value :  9.73377e-02
 Reference value :  9.73427e-02
 Reference value :  9.73500e-02
 Reference value :  9.73573e-02
 Reference value :  9.73646e-02
 Reference value :  9.73720e-02
 Reference value :  9.73794e-02
 Reference value :  9.73867e-02
 Reference value :  9.73963e-02
 Reference value :  9.74013e-02
 Reference value :  9.74086e-02
 Reference value :  9.74160e-02
 Reference value :  9.74233e-02
 Reference value :  9.74283e-02
 Reference value :  9.74357e-02
 Reference value :  9.74429e-02
 Reference value :  9.74503e-02
 Reference value :  9.74576e-02
 Reference value :  9.74625e-02
 Reference value :  9.74699e-02
 Reference value :  9.74772e-02
 Reference value :  9.74845e-02
 Reference value :  9.74919e-02
 Reference value :  9.74970e-02
 Reference value :  9.75042e-02
 Reference value :  9.75115e-02
 Reference value :  9.75188e-02
 Reference value :  9.75262e-02
 Reference value :  9.75324e-02
 Reference value :  9.75387e-02
 Reference value :  9.75458e-02
 Reference value :  9.75531e-02
 Reference value :  9.75605e-02
 Reference value :  9.75678e-02
 Reference value :  9.75729e-02
 Reference value :  9.75801e-02
 Reference value :  9.75874e-02
 Reference value :  9.75948e-02
 Reference value :  9.76021e-02
 Reference value :  9.76095e-02
 Reference value :  9.76148e-02
 Reference value :  9.76241e-02
 Reference value :  9.76296e-02
 Reference value :  9.76364e-02
 Reference value :  9.76438e-02
 Reference value :  9.76512e-02
 Reference value :  9.76585e-02
 Reference value :  9.76635e-02
 Reference value :  9.76708e-02
 Reference value :  9.76781e-02
 Reference value :  9.76855e-02
 Reference value :  9.76928e-02
 Reference value :  9.77000e-02
 Reference value :  9.77074e-02
 Reference value :  9.77123e-02
 Reference value :  9.77196e-02
 Reference value :  9.77269e-02
 Reference value :  9.77342e-02
 Reference value :  9.77396e-02
 Reference value :  9.77489e-02
 Reference value :  9.77562e-02
 Reference value :  9.77636e-02
 Reference value :  9.77709e-02
 Reference value :  9.77783e-02
 Reference value :  9.77856e-02
 Reference value :  9.77930e-02
 Reference value :  9.78003e-02
 Reference value :  9.78077e-02
 Reference value :  9.78150e-02
 Reference value :  9.78224e-02
 Reference value :  9.78297e-02
 Reference value :  9.78371e-02
 Reference value :  9.78444e-02
 Reference value :  9.78518e-02
 Reference value :  9.78591e-02
 Reference value :  9.78665e-02
 Reference value :  9.78738e-02
 Reference value :  9.78812e-02
 Reference value :  9.78885e-02
 Reference value :  9.78958e-02
 Reference value :  9.79032e-02
 Reference value :  9.79105e-02
 Reference value :  9.79178e-02
 Reference value :  9.79251e-02
 Reference value :  9.79325e-02
 Reference value :  9.79397e-02
 Reference value :  9.79471e-02
 Reference value :  9.79545e-02
 Reference value :  9.79619e-02
 Reference value :  9.79692e-02
 Reference value :  9.79766e-02
 Reference value :  9.79840e-02
 Reference value :  9.79913e-02
 Reference value :  9.79966e-02
 Reference value :  9.80036e-02
 Reference value :  9.80109e-02
 Reference value :  9.80183e-02
 Reference value :  9.80256e-02
 Reference value :  9.80330e-02
 Reference value :  9.80403e-02
 Reference value :  9.80476e-02
 Reference value :  9.80527e-02
 Reference value :  9.80599e-02
 Reference value :  9.80672e-02
 Reference value :  9.80746e-02
 Reference value :  9.80795e-02
 Reference value :  9.80868e-02
 Reference value :  9.80942e-02
 Reference value :  9.81015e-02
 Reference value :  9.81065e-02
 Reference value :  9.81138e-02
 Reference value :  9.81211e-02
 Reference value :  9.81285e-02
 Reference value :  9.81357e-02
 Reference value :  9.81407e-02
 Reference value :  9.81481e-02
 Reference value :  9.81554e-02
 Reference value :  9.81627e-02
 Reference value :  9.81681e-02
 Reference value :  9.81753e-02
 Reference value :  9.81824e-02
 Reference value :  9.81897e-02
 Reference value :  9.81971e-02
 Reference value :  9.82044e-02
 Reference value :  9.82097e-02
 Reference value :  9.82168e-02
 Reference value :  9.82240e-02
 Reference value :  9.82314e-02
 Reference value :  9.82387e-02
 Reference value :  9.82460e-02
 Reference value :  9.82510e-02
 Reference value :  9.82584e-02
 Reference value :  9.82657e-02
 Reference value :  9.82731e-02
 Reference value :  9.82804e-02
 Reference value :  9.82877e-02
 Reference value :  9.82951e-02
 Reference value :  9.83024e-02
 Reference value :  9.83098e-02
 Reference value :  9.83151e-02
 Reference value :  9.83234e-02
 Reference value :  9.83298e-02
 Reference value :  9.83369e-02
 Reference value :  9.83464e-02
 Reference value :  9.83515e-02
 Reference value :  9.83588e-02
 Reference value :  9.83661e-02
 Reference value :  9.83735e-02
 Reference value :  9.83784e-02
 Reference value :  9.83858e-02
 Reference value :  9.83931e-02
 Reference value :  9.84004e-02
 Reference value :  9.84078e-02
 Reference value :  9.84151e-02
 Reference value :  9.84224e-02
 Reference value :  9.84274e-02
 Reference value :  9.84348e-02
 Reference value :  9.84421e-02
 Reference value :  9.84494e-02
 Reference value :  9.84567e-02
 Reference value :  9.84618e-02
 Reference value :  9.84691e-02
 Reference value :  9.84764e-02
 Reference value :  9.84837e-02
 Reference value :  9.84910e-02
 Reference value :  9.84983e-02
 Reference value :  9.85042e-02
 Reference value :  9.85131e-02
 Reference value :  9.85203e-02
 Reference value :  9.85253e-02
 Reference value :  9.85327e-02
 Reference value :  9.85400e-02
 Reference value :  9.85474e-02
 Reference value :  9.85547e-02
 Reference value :  9.85598e-02
 Reference value :  9.85671e-02
 Reference value :  9.85743e-02
 Reference value :  9.85817e-02
 Reference value :  9.85890e-02
 Reference value :  9.85963e-02
 Reference value :  9.86036e-02
 Reference value :  9.86086e-02
 Reference value :  9.86160e-02
 Reference value :  9.86233e-02
 Reference value :  9.86307e-02
 Reference value :  9.86379e-02
 Reference value :  9.86430e-02
 Reference value :  9.86503e-02
 Reference value :  9.86577e-02
 Reference value :  9.86650e-02
 Reference value :  9.86723e-02
 Reference value :  9.86796e-02
 Reference value :  9.86869e-02
 Reference value :  9.86920e-02
 Reference value :  9.86992e-02
 Reference value :  9.87066e-02
 Reference value :  9.87139e-02
 Reference value :  9.87212e-02
 Reference value :  9.87264e-02
 Reference value :  9.87335e-02
 Reference value :  9.87409e-02
 Reference value :  9.87482e-02
 Reference value :  9.87555e-02
 Reference value :  9.87607e-02
 Reference value :  9.87702e-02
 Reference value :  9.87775e-02
 Reference value :  9.87825e-02
 Reference value :  9.87898e-02
 Reference value :  9.87972e-02
 Reference value :  9.88045e-02
 Reference value :  9.88118e-02
 Reference value :  9.88169e-02
 Reference value :  9.88242e-02
 Reference value :  9.88315e-02
 Reference value :  9.88388e-02
 Reference value :  9.88461e-02
 Reference value :  9.88512e-02
 Reference value :  9.88584e-02
 Reference value :  9.88658e-02
 Reference value :  9.88731e-02
 Reference value :  9.88804e-02
 Reference value :  9.88878e-02
 Reference value :  9.88927e-02
 Reference value :  9.89001e-02
 Reference value :  9.89074e-02
 Reference value :  9.89147e-02
 Reference value :  9.89221e-02
 Reference value :  9.89271e-02
 Reference value :  9.89344e-02
 Reference value :  9.89417e-02
 Reference value :  9.89490e-02
 Reference value :  9.89563e-02
 Reference value :  9.89617e-02
 Reference value :  9.89687e-02
 Reference value :  9.89760e-02
 Reference value :  9.89833e-02
 Reference value :  9.89906e-02
 Reference value :  9.89980e-02
 Reference value :  9.90030e-02
 Reference value :  9.90103e-02
 Reference value :  9.90176e-02
 Reference value :  9.90249e-02
 Reference value :  9.90323e-02
 Reference value :  9.90396e-02
 Reference value :  9.90469e-02
 Reference value :  9.90519e-02
 Reference value :  9.90592e-02
 Reference value :  9.90666e-02
 Reference value :  9.90738e-02
 Reference value :  9.90812e-02
 Reference value :  9.90862e-02
 Reference value :  9.90935e-02
 Reference value :  9.91009e-02
 Reference value :  9.91082e-02
 Reference value :  9.91137e-02
 Reference value :  9.91205e-02
 Reference value :  9.91278e-02
 Reference value :  9.91352e-02
 Reference value :  9.91425e-02
 Reference value :  9.91498e-02
 Reference value :  9.91571e-02
 Reference value :  9.91621e-02
 Reference value :  9.91695e-02
 Reference value :  9.91768e-02
 Reference value :  9.91840e-02
 Reference value :  9.91892e-02
 Reference value :  9.91964e-02
 Reference value :  9.92037e-02
 Reference value :  9.92111e-02
 Reference value :  9.92184e-02
 Reference value :  9.92233e-02
 Reference value :  9.92307e-02
 Reference value :  9.92380e-02
 Reference value :  9.92435e-02
 Reference value :  9.92503e-02
 Reference value :  9.92576e-02
 Reference value :  9.92649e-02
 Reference value :  9.92699e-02
 Reference value :  9.92772e-02
 Reference value :  9.92845e-02
 Reference value :  9.92919e-02
 Reference value :  9.92969e-02
 Reference value :  9.93041e-02
 Reference value :  9.93115e-02
 Reference value :  9.93188e-02
 Reference value :  9.93238e-02
 Reference value :  9.93311e-02
 Reference value :  9.93384e-02
 Reference value :  9.93457e-02
 Reference value :  9.93508e-02
 Reference value :  9.93580e-02
 Reference value :  9.93654e-02
 Reference value :  9.93727e-02
 Reference value :  9.93787e-02
 Reference value :  9.93850e-02
 Reference value :  9.93941e-02
 Reference value :  9.93997e-02
 Reference value :  9.94070e-02
 Reference value :  9.94143e-02
 Reference value :  9.94194e-02
 Reference value :  9.94266e-02
 Reference value :  9.94339e-02
 Reference value :  9.94413e-02
 Reference value :  9.94486e-02
 Reference value :  9.94536e-02
 Reference value :  9.94609e-02
 Reference value :  9.94682e-02
 Reference value :  9.94756e-02
 Reference value :  9.94828e-02
 Reference value :  9.94879e-02
 Reference value :  9.94952e-02
 Reference value :  9.95025e-02
 Reference value :  9.95099e-02
 Reference value :  9.95172e-02
 Reference value :  9.95245e-02
 Reference value :  9.95295e-02
 Reference value :  9.95368e-02
 Reference value :  9.95441e-02
 Reference value :  9.95493e-02
 Reference value :  9.95564e-02
 Reference value :  9.95637e-02
 Reference value :  9.95711e-02
 Reference value :  9.95784e-02
 Reference value :  9.95857e-02
 Reference value :  9.95907e-02
 Reference value :  9.95980e-02
 Reference value :  9.96054e-02
 Reference value :  9.96127e-02
 Reference value :  9.96181e-02
 Reference value :  9.96250e-02
 Reference value :  9.96323e-02
 Reference value :  9.96396e-02
 Reference value :  9.96448e-02
 Reference value :  9.96519e-02
 Reference value :  9.96593e-02
 Reference value :  9.96666e-02
 Reference value :  9.96739e-02
 Reference value :  9.96792e-02
 Reference value :  9.96886e-02
 Reference value :  9.96936e-02
 Reference value :  9.97009e-02
 Reference value :  9.97082e-02
 Reference value :  9.97155e-02
 Reference value :  9.97206e-02
 Reference value :  9.97279e-02
 Reference value :  9.97352e-02
 Reference value :  9.97425e-02
 Reference value :  9.97477e-02
 Reference value :  9.97548e-02
 Reference value :  9.97621e-02
 Reference value :  9.97694e-02
 Reference value :  9.97768e-02
 Reference value :  9.97841e-02
 Reference value :  9.97915e-02
 Reference value :  9.97988e-02
 Reference value :  9.98062e-02
 Reference value :  9.98135e-02
 Reference value :  9.98209e-02
 Reference value :  9.98261e-02
 Reference value :  9.98333e-02
 Reference value :  9.98408e-02
 Reference value :  9.98479e-02
 Reference value :  9.98553e-02
 Reference value :  9.98626e-02
 Reference value :  9.98699e-02
 Reference value :  9.98772e-02
 Reference value :  9.98846e-02
 Reference value :  9.98919e-02
 Reference value :  9.98993e-02
 Reference value :  9.99066e-02
 Reference value :  9.99140e-02
 Reference value :  9.99213e-02
 Reference value :  9.99287e-02
 Reference value :  9.99360e-02
 Reference value :  9.99433e-02
 Reference value :  9.99507e-02
 Reference value :  9.99580e-02
 Reference value :  9.99654e-02
 Reference value :  9.99727e-02
 Reference value :  9.99800e-02
 Reference value :  9.99874e-02
 Reference value :  9.99947e-02
 Reference value :  1.00002e-01
 Reference value :  1.00009e-01
 Reference value :  1.00017e-01
 Reference value :  1.00022e-01
 Reference value :  1.00029e-01
 Reference value :  1.00036e-01
 Reference value :  1.00044e-01
 Reference value :  1.00051e-01
 Reference value :  1.00058e-01
 Reference value :  1.00066e-01
 Reference value :  1.00073e-01
 Reference value :  1.00080e-01
 Reference value :  1.00088e-01
 Reference value :  1.00095e-01
 Reference value :  1.00103e-01
 Reference value :  1.00110e-01
 Reference value :  1.00117e-01
 Reference value :  1.00122e-01
 Reference value :  1.00130e-01
 Reference value :  1.00139e-01
 Reference value :  1.00147e-01
 Reference value :  1.00154e-01
 Reference value :  1.00161e-01
 Reference value :  1.00169e-01
 Reference value :  1.00176e-01
 Reference value :  1.00184e-01
 Reference value :  1.00191e-01
 Reference value :  1.00198e-01
 Reference value :  1.00206e-01
 Reference value :  1.00213e-01
 Reference value :  1.00220e-01
 Reference value :  1.00228e-01
 Reference value :  1.00235e-01
 Reference value :  1.00242e-01
 Reference value :  1.00250e-01
 Reference value :  1.00257e-01
 Reference value :  1.00265e-01
 Reference value :  1.00272e-01
 Reference value :  1.00279e-01
 Reference value :  1.00284e-01
 Reference value :  1.00292e-01
 Reference value :  1.00299e-01
 Reference value :  1.00306e-01
 Reference value :  1.00313e-01
 Reference value :  1.00318e-01
 Reference value :  1.00326e-01
 Reference value :  1.00333e-01
 Reference value :  1.00340e-01
 Reference value :  1.00348e-01
 Reference value :  1.00353e-01
 Reference value :  1.00360e-01
 Reference value :  1.00367e-01
 Reference value :  1.00372e-01
 Reference value :  1.00380e-01
 Reference value :  1.00387e-01
 Reference value :  1.00394e-01
 Reference value :  1.00402e-01
 Reference value :  1.00409e-01
 Reference value :  1.00416e-01
 Reference value :  1.00424e-01
 Reference value :  1.00431e-01
 Reference value :  1.00438e-01
 Reference value :  1.00446e-01
 Reference value :  1.00453e-01
 Reference value :  1.00460e-01
 Reference value :  1.00468e-01
 Reference value :  1.00473e-01
 Reference value :  1.00480e-01
 Reference value :  1.00487e-01
 Reference value :  1.00495e-01
 Reference value :  1.00502e-01
 Reference value :  1.00509e-01
 Reference value :  1.00514e-01
 Reference value :  1.00522e-01
 Reference value :  1.00529e-01
 Reference value :  1.00536e-01
 Reference value :  1.00542e-01
 Reference value :  1.00549e-01
 Reference value :  1.00556e-01
 Reference value :  1.00563e-01
 Reference value :  1.00571e-01
 Reference value :  1.00576e-01
 Reference value :  1.00583e-01
 Reference value :  1.00590e-01
 Reference value :  1.00595e-01
 Reference value :  1.00603e-01
 Reference value :  1.00610e-01
 Reference value :  1.00617e-01
 Reference value :  1.00625e-01
 Reference value :  1.00630e-01
 Reference value :  1.00637e-01
 Reference value :  1.00644e-01
 Reference value :  1.00652e-01
 Reference value :  1.00659e-01
 Reference value :  1.00666e-01
 Reference value :  1.00674e-01
 Reference value :  1.00681e-01
 Reference value :  1.00687e-01
 Reference value :  1.00693e-01
 Reference value :  1.00701e-01
 Reference value :  1.00708e-01
 Reference value :  1.00715e-01
 Reference value :  1.00720e-01
 Reference value :  1.00727e-01
 Reference value :  1.00735e-01
 Reference value :  1.00742e-01
 Reference value :  1.00749e-01
 Reference value :  1.00754e-01
 Reference value :  1.00762e-01
 Reference value :  1.00769e-01
 Reference value :  1.00776e-01
 Reference value :  1.00783e-01
 Reference value :  1.00789e-01
 Reference value :  1.00796e-01
 Reference value :  1.00803e-01
 Reference value :  1.00811e-01
 Reference value :  1.00818e-01
 Reference value :  1.00823e-01
 Reference value :  1.00830e-01
 Reference value :  1.00838e-01
 Reference value :  1.00845e-01
 Reference value :  1.00850e-01
 Reference value :  1.00857e-01
 Reference value :  1.00865e-01
 Reference value :  1.00872e-01
 Reference value :  1.00879e-01
 Reference value :  1.00887e-01
 Reference value :  1.00894e-01
 Reference value :  1.00901e-01
 Reference value :  1.00909e-01
 Reference value :  1.00916e-01
 Reference value :  1.00923e-01
 Reference value :  1.00931e-01
 Reference value :  1.00938e-01
 Reference value :  1.00945e-01
 Reference value :  1.00953e-01
 Reference value :  1.00960e-01
 Reference value :  1.00967e-01
 Reference value :  1.00975e-01
 Reference value :  1.00982e-01
 Reference value :  1.00989e-01
 Reference value :  1.00997e-01
 Reference value :  1.01002e-01
 Reference value :  1.01009e-01
 Reference value :  1.01016e-01
 Reference value :  1.01024e-01
 Reference value :  1.01031e-01
 Reference value :  1.01038e-01
 Reference value :  1.01044e-01
 Reference value :  1.01051e-01
 Reference value :  1.01058e-01
 Reference value :  1.01065e-01
 Reference value :  1.01073e-01
 Reference value :  1.01078e-01
 Reference value :  1.01085e-01
 Reference value :  1.01095e-01
 Reference value :  1.01100e-01
 Reference value :  1.01107e-01
 Reference value :  1.01114e-01
 Reference value :  1.01122e-01
 Reference value :  1.01129e-01
 Reference value :  1.01136e-01
 Reference value :  1.01141e-01
 Reference value :  1.01149e-01
 Reference value :  1.01156e-01
 Reference value :  1.01163e-01
 Reference value :  1.01171e-01
 Reference value :  1.01178e-01
 Reference value :  1.01185e-01
 Reference value :  1.01190e-01
 Reference value :  1.01198e-01
 Reference value :  1.01205e-01
 Reference value :  1.01212e-01
 Reference value :  1.01220e-01
 Reference value :  1.01227e-01
 Reference value :  1.01234e-01
 Reference value :  1.01239e-01
 Reference value :  1.01247e-01
 Reference value :  1.01254e-01
 Reference value :  1.01261e-01
 Reference value :  1.01266e-01
 Reference value :  1.01274e-01
 Reference value :  1.01281e-01
 Reference value :  1.01288e-01
 Reference value :  1.01295e-01
 Reference value :  1.01303e-01
 Reference value :  1.01310e-01
 Reference value :  1.01315e-01
 Reference value :  1.01323e-01
 Reference value :  1.01330e-01
 Reference value :  1.01340e-01
 Reference value :  1.01347e-01
 Reference value :  1.01352e-01
 Reference value :  1.01358e-01
 Reference value :  1.01364e-01
 Reference value :  1.01372e-01
 Reference value :  1.01379e-01
 Reference value :  1.01386e-01
 Reference value :  1.01394e-01
 Reference value :  1.01401e-01
 Reference value :  1.01408e-01
 Reference value :  1.01416e-01
 Reference value :  1.01423e-01
 Reference value :  1.01430e-01
 Reference value :  1.01438e-01
 Reference value :  1.01445e-01
 Reference value :  1.01452e-01
 Reference value :  1.01460e-01
 Reference value :  1.01467e-01
 Reference value :  1.01474e-01
 Reference value :  1.01479e-01
 Reference value :  1.01489e-01
 Reference value :  1.01494e-01
 Reference value :  1.01501e-01
 Reference value :  1.01509e-01
 Reference value :  1.01516e-01
 Reference value :  1.01523e-01
 Reference value :  1.01531e-01
 Reference value :  1.01536e-01
 Reference value :  1.01543e-01
 Reference value :  1.01550e-01
 Reference value :  1.01556e-01
 Reference value :  1.01563e-01
 Reference value :  1.01570e-01
 Reference value :  1.01577e-01
 Reference value :  1.01585e-01
 Reference value :  1.01592e-01
 Reference value :  1.01597e-01
 Reference value :  1.01606e-01
 Reference value :  1.01612e-01
 Reference value :  1.01621e-01
 Reference value :  1.01626e-01
 Reference value :  1.01634e-01
 Reference value :  1.01641e-01
 Reference value :  1.01646e-01
 Reference value :  1.01653e-01
 Reference value :  1.01658e-01
 Reference value :  1.01665e-01
 Reference value :  1.01674e-01
 Reference value :  1.01680e-01
 Reference value :  1.01687e-01
 Reference value :  1.01695e-01
 Reference value :  1.01702e-01
 Reference value :  1.01707e-01
 Reference value :  1.01714e-01
 Reference value :  1.01722e-01
 Reference value :  1.01729e-01
 Reference value :  1.01735e-01
 Reference value :  1.01741e-01
 Reference value :  1.01749e-01
 Reference value :  1.01756e-01
 Reference value :  1.01763e-01
 Reference value :  1.01771e-01
 Reference value :  1.01776e-01
 Reference value :  1.01783e-01
 Reference value :  1.01790e-01
 Reference value :  1.01798e-01
 Reference value :  1.01805e-01
 Reference value :  1.01812e-01
 Reference value :  1.01818e-01
 Reference value :  1.01827e-01
 Reference value :  1.01832e-01
 Reference value :  1.01839e-01
 Reference value :  1.01847e-01
 Reference value :  1.01854e-01
 Reference value :  1.01861e-01
 Reference value :  1.01869e-01
 Reference value :  1.01874e-01
 Reference value :  1.01881e-01
 Reference value :  1.01888e-01
 Reference value :  1.01896e-01
 Reference value :  1.01903e-01
 Reference value :  1.01908e-01
 Reference value :  1.01915e-01
 Reference value :  1.01923e-01
 Reference value :  1.01930e-01
 Reference value :  1.01937e-01
 Reference value :  1.01942e-01
 Reference value :  1.01950e-01
 Reference value :  1.01957e-01
 Reference value :  1.01964e-01
 Reference value :  1.01972e-01
 Reference value :  1.01979e-01
 Reference value :  1.01984e-01
 Reference value :  1.01994e-01
 Reference value :  1.01999e-01
 Reference value :  1.02006e-01
 Reference value :  1.02013e-01
 Reference value :  1.02020e-01
 Reference value :  1.02026e-01
 Reference value :  1.02033e-01
 Reference value :  1.02040e-01
 Reference value :  1.02047e-01
 Reference value :  1.02055e-01
 Reference value :  1.02062e-01
 Reference value :  1.02069e-01
 Reference value :  1.02074e-01
 Reference value :  1.02082e-01
 Reference value :  1.02089e-01
 Reference value :  1.02096e-01
 Reference value :  1.02104e-01
 Reference value :  1.02109e-01
 Reference value :  1.02116e-01
 Reference value :  1.02124e-01
 Reference value :  1.02131e-01
 Reference value :  1.02138e-01
 Reference value :  1.02145e-01
 Reference value :  1.02153e-01
 Reference value :  1.02158e-01
 Reference value :  1.02165e-01
 Reference value :  1.02172e-01
 Reference value :  1.02180e-01
 Reference value :  1.02187e-01
 Reference value :  1.02192e-01
 Reference value :  1.02199e-01
 Reference value :  1.02207e-01
 Reference value :  1.02214e-01
 Reference value :  1.02221e-01
 Reference value :  1.02226e-01
 Reference value :  1.02234e-01
 Reference value :  1.02241e-01
 Reference value :  1.02248e-01
 Reference value :  1.02256e-01
 Reference value :  1.02263e-01
 Reference value :  1.02268e-01
 Reference value :  1.02275e-01
 Reference value :  1.02283e-01
 Reference value :  1.02290e-01
 Reference value :  1.02297e-01
 Reference value :  1.02302e-01
 Reference value :  1.02310e-01
 Reference value :  1.02317e-01
 Reference value :  1.02324e-01
 Reference value :  1.02329e-01
 Reference value :  1.02336e-01
 Reference value :  1.02344e-01
 Reference value :  1.02349e-01
 Reference value :  1.02356e-01
 Reference value :  1.02363e-01
 Reference value :  1.02371e-01
 Reference value :  1.02376e-01
 Reference value :  1.02383e-01
 Reference value :  1.02390e-01
 Reference value :  1.02398e-01
 Reference value :  1.02403e-01
 Reference value :  1.02410e-01
 Reference value :  1.02417e-01
 Reference value :  1.02425e-01
 Reference value :  1.02432e-01
 Reference value :  1.02439e-01
 Reference value :  1.02444e-01
 Reference value :  1.02454e-01
 Reference value :  1.02461e-01
 Reference value :  1.02468e-01
 Reference value :  1.02474e-01
 Reference value :  1.02481e-01
 Reference value :  1.02491e-01
 Reference value :  1.02498e-01
 Reference value :  1.02503e-01
 Reference value :  1.02510e-01
 Reference value :  1.02518e-01
 Reference value :  1.02525e-01
 Reference value :  1.02532e-01
 Reference value :  1.02540e-01
 Reference value :  1.02547e-01
 Reference value :  1.02555e-01
 Reference value :  1.02562e-01
 Reference value :  1.02569e-01
 Reference value :  1.02576e-01
 Reference value :  1.02584e-01
 Reference value :  1.02591e-01
 Reference value :  1.02599e-01
 Reference value :  1.02606e-01
 Reference value :  1.02613e-01
 Reference value :  1.02621e-01
 Reference value :  1.02628e-01
 Reference value :  1.02633e-01
 Reference value :  1.02640e-01
 Reference value :  1.02647e-01
 Reference value :  1.02655e-01
 Reference value :  1.02662e-01
 Reference value :  1.02669e-01
 Reference value :  1.02677e-01
 Reference value :  1.02682e-01
 Reference value :  1.02689e-01
 Reference value :  1.02696e-01
 Reference value :  1.02704e-01
 Reference value :  1.02711e-01
 Reference value :  1.02716e-01
 Reference value :  1.02723e-01
 Reference value :  1.02731e-01
 Reference value :  1.02738e-01
 Reference value :  1.02745e-01
 Reference value :  1.02753e-01
 Reference value :  1.02758e-01
 Reference value :  1.02765e-01
 Reference value :  1.02772e-01
 Reference value :  1.02780e-01
 Reference value :  1.02787e-01
 Reference value :  1.02794e-01
 Reference value :  1.02802e-01
 Reference value :  1.02807e-01
 Reference value :  1.02814e-01
 Reference value :  1.02821e-01
 Reference value :  1.02829e-01
 Reference value :  1.02836e-01
 Reference value :  1.02841e-01
 Reference value :  1.02848e-01
 Reference value :  1.02856e-01
 Reference value :  1.02861e-01
 Reference value :  1.02868e-01
 Reference value :  1.02875e-01
 Reference value :  1.02883e-01
 Reference value :  1.02890e-01
 Reference value :  1.02895e-01
 Reference value :  1.02902e-01
 Reference value :  1.02910e-01
 Reference value :  1.02917e-01
 Reference value :  1.02924e-01
 Reference value :  1.02929e-01
 Reference value :  1.02936e-01
 Reference value :  1.02944e-01
 Reference value :  1.02951e-01
 Reference value :  1.02958e-01
 Reference value :  1.02966e-01
 Reference value :  1.02973e-01
 Reference value :  1.02978e-01
 Reference value :  1.02986e-01
 Reference value :  1.02993e-01
 Reference value :  1.03000e-01
 Reference value :  1.03007e-01
 Reference value :  1.03015e-01
 Reference value :  1.03020e-01
 Reference value :  1.03027e-01
 Reference value :  1.03034e-01
 Reference value :  1.03042e-01
 Reference value :  1.03049e-01
 Reference value :  1.03056e-01
 Reference value :  1.03064e-01
 Reference value :  1.03069e-01
 Reference value :  1.03076e-01
 Reference value :  1.03083e-01
 Reference value :  1.03091e-01
 Reference value :  1.03098e-01
 Reference value :  1.03103e-01
 Reference value :  1.03111e-01
 Reference value :  1.03118e-01
 Reference value :  1.03125e-01
 Reference value :  1.03132e-01
 Reference value :  1.03140e-01
 Reference value :  1.03147e-01
 Reference value :  1.03152e-01
 Reference value :  1.03159e-01
 Reference value :  1.03167e-01
 Reference value :  1.03174e-01
 Reference value :  1.03179e-01
 Reference value :  1.03186e-01
 Reference value :  1.03194e-01
 Reference value :  1.03199e-01
 Reference value :  1.03206e-01
 Reference value :  1.03213e-01
 Reference value :  1.03221e-01
 Reference value :  1.03228e-01
 Reference value :  1.03233e-01
 Reference value :  1.03240e-01
 Reference value :  1.03248e-01
 Reference value :  1.03255e-01
 Reference value :  1.03262e-01
 Reference value :  1.03267e-01
 Reference value :  1.03277e-01
 Reference value :  1.03282e-01
 Reference value :  1.03289e-01
 Reference value :  1.03296e-01
 Reference value :  1.03304e-01
 Reference value :  1.03311e-01
 Reference value :  1.03318e-01
 Reference value :  1.03323e-01
 Reference value :  1.03331e-01
 Reference value :  1.03338e-01
 Reference value :  1.03345e-01
 Reference value :  1.03350e-01
 Reference value :  1.03358e-01
 Reference value :  1.03365e-01
 Reference value :  1.03372e-01
 Reference value :  1.03377e-01
 Reference value :  1.03387e-01
 Reference value :  1.03392e-01
 Reference value :  1.03399e-01
 Reference value :  1.03407e-01
 Reference value :  1.03414e-01
 Reference value :  1.03421e-01
 Reference value :  1.03427e-01
 Reference value :  1.03434e-01
 Reference value :  1.03441e-01
 Reference value :  1.03448e-01
 Reference value :  1.03456e-01
 Reference value :  1.03461e-01
 Reference value :  1.03468e-01
 Reference value :  1.03475e-01
 Reference value :  1.03483e-01
 Reference value :  1.03490e-01
 Reference value :  1.03495e-01
 Reference value :  1.03502e-01
 Reference value :  1.03510e-01
 Reference value :  1.03519e-01
 Reference value :  1.03527e-01
 Reference value :  1.03532e-01
 Reference value :  1.03539e-01
 Reference value :  1.03546e-01
 Reference value :  1.03554e-01
 Reference value :  1.03561e-01
 Reference value :  1.03568e-01
 Reference value :  1.03576e-01
 Reference value :  1.03583e-01
 Reference value :  1.03588e-01
 Reference value :  1.03595e-01
 Reference value :  1.03603e-01
 Reference value :  1.03610e-01
 Reference value :  1.03617e-01
 Reference value :  1.03622e-01
 Reference value :  1.03630e-01
 Reference value :  1.03637e-01
 Reference value :  1.03644e-01
 Reference value :  1.03652e-01
 Reference value :  1.03659e-01
 Reference value :  1.03666e-01
 Reference value :  1.03672e-01
 Reference value :  1.03679e-01
 Reference value :  1.03686e-01
 Reference value :  1.03693e-01
 Reference value :  1.03701e-01
 Reference value :  1.03708e-01
 Reference value :  1.03713e-01
 Reference value :  1.03720e-01
 Reference value :  1.03728e-01
 Reference value :  1.03735e-01
 Reference value :  1.03742e-01
 Reference value :  1.03750e-01
 Reference value :  1.03757e-01
 Reference value :  1.03764e-01
 Reference value :  1.03769e-01
 Reference value :  1.03774e-01
 Reference value :  1.03779e-01
 Reference value :  1.03784e-01
 Reference value :  1.03786e-01
 Reference value :  1.03791e-01
 Reference value :  1.03794e-01
 Reference value :  1.03796e-01
 Reference value :  1.03801e-01
 Reference value :  1.03803e-01
 Reference value :  1.03806e-01
 Reference value :  1.03811e-01
 Reference value :  1.03813e-01
 Reference value :  1.03816e-01
 Reference value :  1.03818e-01
 Reference value :  1.03823e-01
 Reference value :  1.03826e-01
 Reference value :  1.03828e-01
 Reference value :  1.03833e-01
 Reference value :  1.03835e-01
 Reference value :  1.03838e-01
 Reference value :  1.03843e-01
 Reference value :  1.03845e-01
 Reference value :  1.03848e-01
 Reference value :  1.03852e-01
 Reference value :  1.03855e-01
 Reference value :  1.03857e-01
 Reference value :  1.03860e-01
 Reference value :  1.03866e-01
 Reference value :  1.03869e-01
 Reference value :  1.03872e-01
 Reference value :  1.03877e-01
 Reference value :  1.03879e-01
 Reference value :  1.03882e-01
 Reference value :  1.03884e-01
 Reference value :  1.03889e-01
 Reference value :  1.03892e-01
 Reference value :  1.03894e-01
 Reference value :  1.03899e-01
 Reference value :  1.03901e-01
 Reference value :  1.03904e-01
 Reference value :  1.03909e-01
 Reference value :  1.03911e-01
 Reference value :  1.03914e-01
 Reference value :  1.03918e-01
 Reference value :  1.03921e-01
 Reference value :  1.03923e-01
 Reference value :  1.03928e-01
 Reference value :  1.03931e-01
 Reference value :  1.03933e-01
 Reference value :  1.03938e-01
 Reference value :  1.03940e-01
 Reference value :  1.03943e-01
 Reference value :  1.03948e-01
 Reference value :  1.03950e-01
 Reference value :  1.03953e-01
 Reference value :  1.03957e-01
 Reference value :  1.03960e-01
 Reference value :  1.03962e-01
 Reference value :  1.03965e-01
 Reference value :  1.03970e-01
 Reference value :  1.03972e-01
 Reference value :  1.03975e-01
 Reference value :  1.03980e-01
 Reference value :  1.03982e-01
 Reference value :  1.03985e-01
 Reference value :  1.03987e-01
 Reference value :  1.03992e-01
 Reference value :  1.03994e-01
 Reference value :  1.03997e-01
 Reference value :  1.03999e-01
 Reference value :  1.04004e-01
 Reference value :  1.04006e-01
 Reference value :  1.04009e-01
 Reference value :  1.04014e-01
 Reference value :  1.04016e-01
 Reference value :  1.04021e-01
 Reference value :  1.04024e-01
 Reference value :  1.04026e-01
 Reference value :  1.04031e-01
 Reference value :  1.04033e-01
 Reference value :  1.04036e-01
 Reference value :  1.04038e-01
 Reference value :  1.04043e-01
 Reference value :  1.04045e-01
 Reference value :  1.04048e-01
 Reference value :  1.04053e-01
 Reference value :  1.04055e-01
 Reference value :  1.04058e-01
 Reference value :  1.04063e-01
 Reference value :  1.04065e-01
 Reference value :  1.04068e-01
 Reference value :  1.04072e-01
 Reference value :  1.04075e-01
 Reference value :  1.04077e-01
 Reference value :  1.04080e-01
 Reference value :  1.04085e-01
 Reference value :  1.04087e-01
 Reference value :  1.04090e-01
 Reference value :  1.04092e-01
 Reference value :  1.04097e-01
 Reference value :  1.04099e-01
 Reference value :  1.04102e-01
 Reference value :  1.04105e-01
 Reference value :  1.04109e-01
 Reference value :  1.04112e-01
 Reference value :  1.04114e-01
 Reference value :  1.04119e-01
 Reference value :  1.04122e-01
 Reference value :  1.04124e-01
 Reference value :  1.04129e-01
 Reference value :  1.04131e-01
 Reference value :  1.04134e-01
 Reference value :  1.04138e-01
 Reference value :  1.04141e-01
 Reference value :  1.04143e-01
 Reference value :  1.04146e-01
 Reference value :  1.04150e-01
 Reference value :  1.04153e-01
 Reference value :  1.04156e-01
 Reference value :  1.04160e-01
 Reference value :  1.04163e-01
 Reference value :  1.04165e-01
 Reference value :  1.04168e-01
 Reference value :  1.04173e-01
 Reference value :  1.04175e-01
 Reference value :  1.04178e-01
 Reference value :  1.04180e-01
 Reference value :  1.04185e-01
 Reference value :  1.04187e-01
 Reference value :  1.04190e-01
 Reference value :  1.04195e-01
 Reference value :  1.04197e-01
 Reference value :  1.04200e-01
 Reference value :  1.04202e-01
 Reference value :  1.04207e-01
 Reference value :  1.04209e-01
 Reference value :  1.04212e-01
 Reference value :  1.04214e-01
 Reference value :  1.04219e-01
 Reference value :  1.04222e-01
 Reference value :  1.04224e-01
 Reference value :  1.04229e-01
 Reference value :  1.04231e-01
 Reference value :  1.04234e-01
 Reference value :  1.04239e-01
 Reference value :  1.04241e-01
 Reference value :  1.04244e-01
 Reference value :  1.04246e-01
 Reference value :  1.04251e-01
 Reference value :  1.04253e-01
 Reference value :  1.04256e-01
 Reference value :  1.04258e-01
 Reference value :  1.04261e-01
 Reference value :  1.04266e-01
 Reference value :  1.04268e-01
 Reference value :  1.04271e-01
 Reference value :  1.04273e-01
 Reference value :  1.04276e-01
 Reference value :  1.04280e-01
 Reference value :  1.04283e-01
 Reference value :  1.04285e-01
 Reference value :  1.04290e-01
 Reference value :  1.04293e-01
 Reference value :  1.04295e-01
 Reference value :  1.04298e-01
 Reference value :  1.04302e-01
 Reference value :  1.04305e-01
 Reference value :  1.04307e-01
 Reference value :  1.04312e-01
 Reference value :  1.04315e-01
 Reference value :  1.04317e-01
 Reference value :  1.04322e-01
 Reference value :  1.04324e-01
 Reference value :  1.04327e-01
 Reference value :  1.04331e-01
 Reference value :  1.04334e-01
 Reference value :  1.04337e-01
 Reference value :  1.04339e-01
 Reference value :  1.04344e-01
 Reference value :  1.04346e-01
 Reference value :  1.04349e-01
 Reference value :  1.04351e-01
 Reference value :  1.04356e-01
 Reference value :  1.04359e-01
 Reference value :  1.04361e-01
 Reference value :  1.04366e-01
 Reference value :  1.04368e-01
 Reference value :  1.04373e-01
 Reference value :  1.04376e-01
 Reference value :  1.04378e-01
 Reference value :  1.04381e-01
 Reference value :  1.04385e-01
 Reference value :  1.04388e-01
 Reference value :  1.04390e-01
 Reference value :  1.04395e-01
 Reference value :  1.04398e-01
 Reference value :  1.04400e-01
 Reference value :  1.04403e-01
 Reference value :  1.04408e-01
 Reference value :  1.04410e-01
 Reference value :  1.04415e-01
 Reference value :  1.04417e-01
 Reference value :  1.04420e-01
 Reference value :  1.04422e-01
 Reference value :  1.04427e-01
 Reference value :  1.04429e-01
 Reference value :  1.04432e-01
 Reference value :  1.04434e-01
 Reference value :  1.04437e-01
 Reference value :  1.04439e-01
 Reference value :  1.04444e-01
 Reference value :  1.04447e-01
 Reference value :  1.04451e-01
 Reference value :  1.04454e-01
 Reference value :  1.04456e-01
 Reference value :  1.04459e-01
 Reference value :  1.04464e-01
 Reference value :  1.04466e-01
 Reference value :  1.04469e-01
 Reference value :  1.04473e-01
 Reference value :  1.04476e-01
 Reference value :  1.04478e-01
 Reference value :  1.04481e-01
 Reference value :  1.04484e-01
 Reference value :  1.04488e-01
 Reference value :  1.04491e-01
 Reference value :  1.04493e-01
 Reference value :  1.04496e-01
 Reference value :  1.04498e-01
 Reference value :  1.04503e-01
 Reference value :  1.04505e-01
 Reference value :  1.04508e-01
 Reference value :  1.04510e-01
 Reference value :  1.04515e-01
 Reference value :  1.04518e-01
 Reference value :  1.04520e-01
 Reference value :  1.04522e-01
 Reference value :  1.04527e-01
 Reference value :  1.04530e-01
 Reference value :  1.04532e-01
 Reference value :  1.04535e-01
 Reference value :  1.04539e-01
 Reference value :  1.04542e-01
 Reference value :  1.04545e-01
 Reference value :  1.04549e-01
 Reference value :  1.04552e-01
 Reference value :  1.04554e-01
 Reference value :  1.04559e-01
 Reference value :  1.04561e-01
 Reference value :  1.04564e-01
 Reference value :  1.04569e-01
 Reference value :  1.04571e-01
 Reference value :  1.04574e-01
 Reference value :  1.04578e-01
 Reference value :  1.04581e-01
 Reference value :  1.04583e-01
 Reference value :  1.04586e-01
 Reference value :  1.04588e-01
 Reference value :  1.04593e-01
 Reference value :  1.04596e-01
 Reference value :  1.04598e-01
 Reference value :  1.04603e-01
 Reference value :  1.04605e-01
 Reference value :  1.04608e-01
 Reference value :  1.04613e-01
 Reference value :  1.04615e-01
 Reference value :  1.04618e-01
 Reference value :  1.04621e-01
 Reference value :  1.04625e-01
 Reference value :  1.04628e-01
 Reference value :  1.04632e-01
 Reference value :  1.04635e-01
 Reference value :  1.04637e-01
 Reference value :  1.04642e-01
 Reference value :  1.04645e-01
 Reference value :  1.04647e-01
 Reference value :  1.04652e-01
 Reference value :  1.04654e-01
 Reference value :  1.04657e-01
 Reference value :  1.04662e-01
 Reference value :  1.04664e-01
 Reference value :  1.04669e-01
 Reference value :  1.04671e-01
 Reference value :  1.04674e-01
 Reference value :  1.04679e-01
 Reference value :  1.04681e-01
 Reference value :  1.04684e-01
 Reference value :  1.04688e-01
 Reference value :  1.04691e-01
 Reference value :  1.04694e-01
 Reference value :  1.04696e-01
 Reference value :  1.04701e-01
 Reference value :  1.04703e-01
 Reference value :  1.04706e-01
 Reference value :  1.04710e-01
 Reference value :  1.04713e-01
 Reference value :  1.04716e-01
 Reference value :  1.04718e-01
 Reference value :  1.04723e-01
 Reference value :  1.04725e-01
 Reference value :  1.04728e-01
 Reference value :  1.04733e-01
 Reference value :  1.04735e-01
 Reference value :  1.04738e-01
 Reference value :  1.04742e-01
 Reference value :  1.04745e-01
 Reference value :  1.04748e-01
 Reference value :  1.04752e-01
 Reference value :  1.04755e-01
 Reference value :  1.04757e-01
 Reference value :  1.04762e-01
 Reference value :  1.04765e-01
 Reference value :  1.04767e-01
 Reference value :  1.04772e-01
 Reference value :  1.04774e-01
 Reference value :  1.04777e-01
 Reference value :  1.04782e-01
 Reference value :  1.04784e-01
 Reference value :  1.04789e-01
 Reference value :  1.04792e-01
 Reference value :  1.04794e-01
 Reference value :  1.04799e-01
 Reference value :  1.04801e-01
 Reference value :  1.04804e-01
 Reference value :  1.04809e-01
 Reference value :  1.04811e-01
 Reference value :  1.04814e-01
 Reference value :  1.04818e-01
 Reference value :  1.04821e-01
 Reference value :  1.04823e-01
 Reference value :  1.04828e-01
 Reference value :  1.04831e-01
 Reference value :  1.04835e-01
 Reference value :  1.04838e-01
 Reference value :  1.04840e-01
 Reference value :  1.04845e-01
 Reference value :  1.04848e-01
 Reference value :  1.04853e-01
 Reference value :  1.04855e-01
 Reference value :  1.04858e-01
 Reference value :  1.04862e-01
 Reference value :  1.04865e-01
 Reference value :  1.04870e-01
 Reference value :  1.04872e-01
 Reference value :  1.04877e-01
 Reference value :  1.04880e-01
 Reference value :  1.04882e-01
 Reference value :  1.04887e-01
 Reference value :  1.04890e-01
 Reference value :  1.04892e-01
 Reference value :  1.04897e-01
 Reference value :  1.04899e-01
 Reference value :  1.04902e-01
 Reference value :  1.04907e-01
 Reference value :  1.04909e-01
 Reference value :  1.04912e-01
 Reference value :  1.04916e-01
 Reference value :  1.04919e-01
 Reference value :  1.04921e-01
 Reference value :  1.04926e-01
 Reference value :  1.04929e-01
 Reference value :  1.04931e-01
 Reference value :  1.04936e-01
 Reference value :  1.04939e-01
 Reference value :  1.04941e-01
 Reference value :  1.04944e-01
 Reference value :  1.04946e-01
 Reference value :  1.04951e-01
 Reference value :  1.04953e-01
 Reference value :  1.04956e-01
 Reference value :  1.04958e-01
 Reference value :  1.04963e-01
 Reference value :  1.04966e-01
 Reference value :  1.04968e-01
 Reference value :  1.04971e-01
 Reference value :  1.04975e-01
 Reference value :  1.04978e-01
 Reference value :  1.04980e-01
 Reference value :  1.04984e-01
 Reference value :  1.04985e-01
 Reference value :  1.04990e-01
 Reference value :  1.04993e-01
 Reference value :  1.04995e-01
 Reference value :  1.04998e-01
 Reference value :  1.05002e-01
 Reference value :  1.05005e-01
 Reference value :  1.05007e-01
 Reference value :  1.05012e-01
 Reference value :  1.05015e-01
 Reference value :  1.05017e-01
 Reference value :  1.05022e-01
 Reference value :  1.05024e-01
 Reference value :  1.05027e-01
 Reference value :  1.05029e-01
 Reference value :  1.05034e-01
 Reference value :  1.05037e-01
 Reference value :  1.05039e-01
 Reference value :  1.05044e-01
 Reference value :  1.05046e-01
 Reference value :  1.05049e-01
 Reference value :  1.05051e-01
 Reference value :  1.05054e-01
 Reference value :  1.05059e-01
 Reference value :  1.05061e-01
 Reference value :  1.05064e-01
 Reference value :  1.05068e-01
 Reference value :  1.05071e-01
 Reference value :  1.05074e-01
 Reference value :  1.05078e-01
 Reference value :  1.05081e-01
 Reference value :  1.05083e-01
 Reference value :  1.05086e-01
 Reference value :  1.05091e-01
 Reference value :  1.05093e-01
 Reference value :  1.05096e-01
 Reference value :  1.05100e-01
 Reference value :  1.05103e-01
 Reference value :  1.05106e-01
 Reference value :  1.05110e-01
 Reference value :  1.05113e-01
 Reference value :  1.05115e-01
 Reference value :  1.05120e-01
 Reference value :  1.05123e-01
 Reference value :  1.05125e-01
 Reference value :  1.05128e-01
 Reference value :  1.05130e-01
 Reference value :  1.05135e-01
 Reference value :  1.05137e-01
 Reference value :  1.05140e-01
 Reference value :  1.05142e-01
 Reference value :  1.05145e-01
 Reference value :  1.05150e-01
 Reference value :  1.05152e-01
 Reference value :  1.05155e-01
 Reference value :  1.05159e-01
 Reference value :  1.05162e-01
 Reference value :  1.05164e-01
 Reference value :  1.05169e-01
 Reference value :  1.05172e-01
 Reference value :  1.05174e-01
 Reference value :  1.05177e-01
 Reference value :  1.05179e-01
 Reference value :  1.05184e-01
 Reference value :  1.05187e-01
 Reference value :  1.05189e-01
 Reference value :  1.05191e-01
 Reference value :  1.05196e-01
 Reference value :  1.05199e-01
 Reference value :  1.05201e-01
 Reference value :  1.05204e-01
 Reference value :  1.05208e-01
 Reference value :  1.05211e-01
 Reference value :  1.05216e-01
 Reference value :  1.05218e-01
 Reference value :  1.05221e-01
 Reference value :  1.05223e-01
 Reference value :  1.05228e-01
 Reference value :  1.05231e-01
 Reference value :  1.05233e-01
 Reference value :  1.05238e-01
 Reference value :  1.05240e-01
 Reference value :  1.05243e-01
 Reference value :  1.05247e-01
 Reference value :  1.05250e-01
 Reference value :  1.05253e-01
 Reference value :  1.05257e-01
 Reference value :  1.05260e-01
 Reference value :  1.05262e-01
 Reference value :  1.05267e-01
 Reference value :  1.05270e-01
 Reference value :  1.05272e-01
 Reference value :  1.05275e-01
 Reference value :  1.05279e-01
 Reference value :  1.05282e-01
 Reference value :  1.05284e-01
 Reference value :  1.05289e-01
 Reference value :  1.05292e-01
 Reference value :  1.05294e-01
 Reference value :  1.05299e-01
 Reference value :  1.05301e-01
 Reference value :  1.05304e-01
 Reference value :  1.05309e-01
 Reference value :  1.05311e-01
 Reference value :  1.05314e-01
 Reference value :  1.05316e-01
 Reference value :  1.05321e-01
 Reference value :  1.05324e-01
 Reference value :  1.05326e-01
 Reference value :  1.05331e-01
 Reference value :  1.05333e-01
 Reference value :  1.05336e-01
 Reference value :  1.05339e-01
 Reference value :  1.05343e-01
 Reference value :  1.05346e-01
 Reference value :  1.05348e-01
 Reference value :  1.05353e-01
 Reference value :  1.05356e-01
 Reference value :  1.05358e-01
 Reference value :  1.05363e-01
 Reference value :  1.05365e-01
 Reference value :  1.05368e-01
 Reference value :  1.05373e-01
 Reference value :  1.05375e-01
 Reference value :  1.05378e-01
 Reference value :  1.05382e-01
 Reference value :  1.05385e-01
 Reference value :  1.05387e-01
 Reference value :  1.05392e-01
 Reference value :  1.05395e-01
 Reference value :  1.05397e-01
 Reference value :  1.05400e-01
 Reference value :  1.05404e-01
 Reference value :  1.05407e-01
 Reference value :  1.05409e-01
 Reference value :  1.05412e-01
 Reference value :  1.05417e-01
 Reference value :  1.05419e-01
 Reference value :  1.05422e-01
 Reference value :  1.05426e-01
 Reference value :  1.05429e-01
 Reference value :  1.05431e-01
 Reference value :  1.05436e-01
 Reference value :  1.05439e-01
 Reference value :  1.05441e-01
 Reference value :  1.05444e-01
 Reference value :  1.05448e-01
 Reference value :  1.05451e-01
 Reference value :  1.05453e-01
 Reference value :  1.05456e-01
 Reference value :  1.05461e-01
 Reference value :  1.05463e-01
 Reference value :  1.05466e-01
 Reference value :  1.05470e-01
 Reference value :  1.05473e-01
 Reference value :  1.05476e-01
 Reference value :  1.05478e-01
 Reference value :  1.05483e-01
 Reference value :  1.05485e-01
 Reference value :  1.05488e-01
 Reference value :  1.05490e-01
 Reference value :  1.05495e-01
 Reference value :  1.05497e-01
 Reference value :  1.05500e-01
 Reference value :  1.05503e-01
 Reference value :  1.05507e-01
 Reference value :  1.05510e-01
 Reference value :  1.05512e-01
 Reference value :  1.05515e-01
 Reference value :  1.05520e-01
 Reference value :  1.05522e-01
 Reference value :  1.05524e-01
 Reference value :  1.05527e-01
 Reference value :  1.05532e-01
 Reference value :  1.05534e-01
 Reference value :  1.05537e-01
 Reference value :  1.05539e-01
 Reference value :  1.05544e-01
 Reference value :  1.05546e-01
 Reference value :  1.05551e-01
 Reference value :  1.05554e-01
 Reference value :  1.05556e-01
 Reference value :  1.05559e-01
 Reference value :  1.05563e-01
 Reference value :  1.05566e-01
 Reference value :  1.05571e-01
 Reference value :  1.05573e-01
 Reference value :  1.05578e-01
 Reference value :  1.05581e-01
 Reference value :  1.05583e-01
 Reference value :  1.05586e-01
 Reference value :  1.05590e-01
 Reference value :  1.05593e-01
 Reference value :  1.05595e-01
 Reference value :  1.05600e-01
 Reference value :  1.05603e-01
 Reference value :  1.05605e-01
 Reference value :  1.05610e-01
 Reference value :  1.05612e-01
 Reference value :  1.05615e-01
 Reference value :  1.05620e-01
 Reference value :  1.05622e-01
 Reference value :  1.05625e-01
 Reference value :  1.05629e-01
 Reference value :  1.05632e-01
 Reference value :  1.05634e-01
 Reference value :  1.05639e-01
 Reference value :  1.05642e-01
 Reference value :  1.05646e-01
 Reference value :  1.05649e-01
 Reference value :  1.05652e-01
 Reference value :  1.05656e-01
 Reference value :  1.05659e-01
 Reference value :  1.05661e-01
 Reference value :  1.05664e-01
 Reference value :  1.05669e-01
 Reference value :  1.05671e-01
 Reference value :  1.05673e-01
 Reference value :  1.05678e-01
 Reference value :  1.05681e-01
 Reference value :  1.05683e-01
 Reference value :  1.05686e-01
 Reference value :  1.05690e-01
 Reference value :  1.05693e-01
 Reference value :  1.05695e-01
 Reference value :  1.05700e-01
 Reference value :  1.05703e-01
 Reference value :  1.05707e-01
 Reference value :  1.05710e-01
 Reference value :  1.05712e-01
 Reference value :  1.05717e-01
 Reference value :  1.05720e-01
 Reference value :  1.05722e-01
 Reference value :  1.05725e-01
 Reference value :  1.05729e-01
 Reference value :  1.05732e-01
 Reference value :  1.05734e-01
 Reference value :  1.05739e-01
 Reference value :  1.05742e-01
 Reference value :  1.05744e-01
 Reference value :  1.05749e-01
 Reference value :  1.05751e-01
 Reference value :  1.05754e-01
 Reference value :  1.05759e-01
 Reference value :  1.05761e-01
 Reference value :  1.05764e-01
 Reference value :  1.05769e-01
 Reference value :  1.05771e-01
 Reference value :  1.05774e-01
 Reference value :  1.05778e-01
 Reference value :  1.05781e-01
 Reference value :  1.05783e-01
 Reference value :  1.05788e-01
 Reference value :  1.05791e-01
 Reference value :  1.05793e-01
 Reference value :  1.05798e-01
 Reference value :  1.05801e-01
 Reference value :  1.05803e-01
 Reference value :  1.05808e-01
 Reference value :  1.05810e-01
 Reference value :  1.05813e-01
 Reference value :  1.05815e-01
 Reference value :  1.05820e-01
 Reference value :  1.05822e-01
 Reference value :  1.05825e-01
 Reference value :  1.05827e-01
 Reference value :  1.05830e-01
 Reference value :  1.05835e-01
 Reference value :  1.05837e-01
 Reference value :  1.05840e-01
 Reference value :  1.05844e-01
 Reference value :  1.05847e-01
 Reference value :  1.05849e-01
 Reference value :  1.05854e-01
 Reference value :  1.05857e-01
 Reference value :  1.05859e-01
 Reference value :  1.05864e-01
 Reference value :  1.05866e-01
 Reference value :  1.05869e-01
 Reference value :  1.05873e-01
 Reference value :  1.05876e-01
 Reference value :  1.05879e-01
 Reference value :  1.05881e-01
 Reference value :  1.05883e-01
 Reference value :  1.05888e-01
 Reference value :  1.05891e-01
 Reference value :  1.05893e-01
 Reference value :  1.05898e-01
 Reference value :  1.05901e-01
 Reference value :  1.05903e-01
 Reference value :  1.05905e-01
 Reference value :  1.05910e-01
 Reference value :  1.05913e-01
 Reference value :  1.05917e-01
 Reference value :  1.05920e-01
 Reference value :  1.05923e-01
 Reference value :  1.05927e-01
 Reference value :  1.05930e-01
 Reference value :  1.05932e-01
 Reference value :  1.05937e-01
 Reference value :  1.05940e-01
 Reference value :  1.05942e-01
 Reference value :  1.05947e-01
 Reference value :  1.05949e-01
 Reference value :  1.05954e-01
 Reference value :  1.05957e-01
 Reference value :  1.05959e-01
 Reference value :  1.05964e-01
 Reference value :  1.05966e-01
 Reference value :  1.05969e-01
 Reference value :  1.05974e-01
 Reference value :  1.05976e-01
 Reference value :  1.05979e-01
 Reference value :  1.05983e-01
 Reference value :  1.05986e-01
 Reference value :  1.05988e-01
 Reference value :  1.05991e-01
 Reference value :  1.05995e-01
 Reference value :  1.05998e-01
 Reference value :  1.06001e-01
 Reference value :  1.06005e-01
 Reference value :  1.06008e-01
 Reference value :  1.06010e-01
 Reference value :  1.06015e-01
 Reference value :  1.06018e-01
 Reference value :  1.06020e-01
 Reference value :  1.06025e-01
 Reference value :  1.06028e-01
 Reference value :  1.06032e-01
 Reference value :  1.06035e-01
 Reference value :  1.06037e-01
 Reference value :  1.06042e-01
 Reference value :  1.06045e-01
 Reference value :  1.06047e-01
 Reference value :  1.06050e-01
 Reference value :  1.06054e-01
 Reference value :  1.06057e-01
 Reference value :  1.06059e-01
 Reference value :  1.06062e-01
 Reference value :  1.06067e-01
 Reference value :  1.06069e-01
 Reference value :  1.06074e-01
 Reference value :  1.06076e-01
 Reference value :  1.06079e-01
 Reference value :  1.06084e-01
 Reference value :  1.06086e-01
 Reference value :  1.06091e-01
 Reference value :  1.06094e-01
 Reference value :  1.06098e-01
 Reference value :  1.06101e-01
 Reference value :  1.06103e-01
 Reference value :  1.06108e-01
 Reference value :  1.06111e-01
 Reference value :  1.06113e-01
 Reference value :  1.06118e-01
 Reference value :  1.06123e-01
 Reference value :  1.06125e-01
 Reference value :  1.06128e-01
 Reference value :  1.06133e-01
 Reference value :  1.06135e-01
 Reference value :  1.06138e-01
 Reference value :  1.06142e-01
 Reference value :  1.06145e-01
 Reference value :  1.06147e-01
 Reference value :  1.06152e-01
 Reference value :  1.06155e-01
 Reference value :  1.06160e-01
 Reference value :  1.06162e-01
 Reference value :  1.06167e-01
 Reference value :  1.06169e-01
 Reference value :  1.06172e-01
 Reference value :  1.06177e-01
 Reference value :  1.06179e-01
 Reference value :  1.06182e-01
 Reference value :  1.06186e-01
 Reference value :  1.06189e-01
 Reference value :  1.06191e-01
 Reference value :  1.06194e-01
 Reference value :  1.06199e-01
 Reference value :  1.06201e-01
 Reference value :  1.06206e-01
 Reference value :  1.06211e-01
 Reference value :  1.06213e-01
 Reference value :  1.06216e-01
 Reference value :  1.06221e-01
 Reference value :  1.06223e-01
 Reference value :  1.06228e-01
 Reference value :  1.06231e-01
 Reference value :  1.06235e-01
 Reference value :  1.06238e-01
 Reference value :  1.06240e-01
 Reference value :  1.06245e-01
 Reference value :  1.06248e-01
 Reference value :  1.06250e-01
 Reference value :  1.06255e-01
 Reference value :  1.06257e-01
 Reference value :  1.06260e-01
 Reference value :  1.06265e-01
 Reference value :  1.06267e-01
 Reference value :  1.06272e-01
 Reference value :  1.06275e-01
 Reference value :  1.06277e-01
 Reference value :  1.06282e-01
 Reference value :  1.06284e-01
 Reference value :  1.06288e-01
 Reference value :  1.06292e-01
 Reference value :  1.06294e-01
 Reference value :  1.06299e-01
 Reference value :  1.06304e-01
 Reference value :  1.06309e-01
 Reference value :  1.06311e-01
 Reference value :  1.06314e-01
 Reference value :  1.06319e-01
 Reference value :  1.06321e-01
 Reference value :  1.06326e-01
 Reference value :  1.06329e-01
 Reference value :  1.06332e-01
 Reference value :  1.06336e-01
 Reference value :  1.06339e-01
 Reference value :  1.06343e-01
 Reference value :  1.06346e-01
 Reference value :  1.06348e-01
 Reference value :  1.06353e-01
 Reference value :  1.06358e-01
 Reference value :  1.06360e-01
 Reference value :  1.06365e-01
 Reference value :  1.06368e-01
 Reference value :  1.06373e-01
 Reference value :  1.06375e-01
 Reference value :  1.06378e-01
 Reference value :  1.06382e-01
 Reference value :  1.06387e-01
 Reference value :  1.06390e-01
 Reference value :  1.06392e-01
 Reference value :  1.06397e-01
 Reference value :  1.06400e-01
 Reference value :  1.06402e-01
 Reference value :  1.06407e-01
 Reference value :  1.06412e-01
 Reference value :  1.06414e-01
 Reference value :  1.06419e-01
 Reference value :  1.06422e-01
 Reference value :  1.06426e-01
 Reference value :  1.06429e-01
 Reference value :  1.06434e-01
 Reference value :  1.06439e-01
 Reference value :  1.06441e-01
 Reference value :  1.06444e-01
 Reference value :  1.06449e-01
 Reference value :  1.06453e-01
 Reference value :  1.06456e-01
 Reference value :  1.06459e-01
 Reference value :  1.06463e-01
 Reference value :  1.06466e-01
 Reference value :  1.06471e-01
 Reference value :  1.06473e-01
 Reference value :  1.06475e-01
 Reference value :  1.06480e-01
 Reference value :  1.06483e-01
 Reference value :  1.06488e-01
 Reference value :  1.06493e-01
 Reference value :  1.06497e-01
 Reference value :  1.06500e-01
 Reference value :  1.06505e-01
 Reference value :  1.06507e-01
 Reference value :  1.06510e-01
 Reference value :  1.06515e-01
 Reference value :  1.06517e-01
 Reference value :  1.06522e-01
 Reference value :  1.06527e-01
 Reference value :  1.06529e-01
 Reference value :  1.06534e-01
 Reference value :  1.06537e-01
 Reference value :  1.06542e-01
 Reference value :  1.06544e-01
 Reference value :  1.06549e-01
 Reference value :  1.06551e-01
 Reference value :  1.06556e-01
 Reference value :  1.06559e-01
 Reference value :  1.06561e-01
 Reference value :  1.06566e-01
 Reference value :  1.06569e-01
 Reference value :  1.06573e-01
 Reference value :  1.06578e-01
 Reference value :  1.06581e-01
 Reference value :  1.06583e-01
 Reference value :  1.06588e-01
 Reference value :  1.06593e-01
 Reference value :  1.06596e-01
 Reference value :  1.06598e-01
 Reference value :  1.06603e-01
 Reference value :  1.06605e-01
 Reference value :  1.06610e-01
 Reference value :  1.06613e-01
 Reference value :  1.06618e-01
 Reference value :  1.06622e-01
 Reference value :  1.06627e-01
 Reference value :  1.06630e-01
 Reference value :  1.06632e-01
 Reference value :  1.06637e-01
 Reference value :  1.06642e-01
 Reference value :  1.06647e-01
 Reference value :  1.06649e-01
 Reference value :  1.06654e-01
 Reference value :  1.06657e-01
 Reference value :  1.06662e-01
 Reference value :  1.06666e-01
 Reference value :  1.06669e-01
 Reference value :  1.06674e-01
 Reference value :  1.06679e-01
 Reference value :  1.06681e-01
 Reference value :  1.06686e-01
 Reference value :  1.06691e-01
 Reference value :  1.06694e-01
 Reference value :  1.06698e-01
 Reference value :  1.06703e-01
 Reference value :  1.06708e-01
 Reference value :  1.06710e-01
 Reference value :  1.06713e-01
 Reference value :  1.06723e-01
 Reference value :  1.06725e-01
 Reference value :  1.06728e-01
 Reference value :  1.06733e-01
 Reference value :  1.06737e-01
 Reference value :  1.06740e-01
 Reference value :  1.06745e-01
 Reference value :  1.06747e-01
 Reference value :  1.06752e-01
 Reference value :  1.06757e-01
 Reference value :  1.06759e-01
 Reference value :  1.06764e-01
 Reference value :  1.06769e-01
 Reference value :  1.06774e-01
 Reference value :  1.06779e-01
 Reference value :  1.06782e-01
 Reference value :  1.06786e-01
 Reference value :  1.06791e-01
 Reference value :  1.06796e-01
 Reference value :  1.06799e-01
 Reference value :  1.06801e-01
 Reference value :  1.06808e-01
 Reference value :  1.06811e-01
 Reference value :  1.06818e-01
 Reference value :  1.06821e-01
 Reference value :  1.06826e-01
 Reference value :  1.06830e-01
 Reference value :  1.06835e-01
 Reference value :  1.06840e-01
 Reference value :  1.06845e-01
 Reference value :  1.06850e-01
 Reference value :  1.06853e-01
 Reference value :  1.06860e-01
 Reference value :  1.06862e-01
 Reference value :  1.06867e-01
 Reference value :  1.06872e-01
 Reference value :  1.06877e-01
 Reference value :  1.06884e-01
 Reference value :  1.06891e-01
 Reference value :  1.06899e-01
 Reference value :  1.06906e-01
 Reference value :  1.06916e-01
 Reference value :  1.06923e-01
 Reference value :  1.06933e-01
 Reference value :  1.06940e-01
 Reference value :  1.06948e-01
 Reference value :  1.06957e-01
 Reference value :  1.06964e-01
 Reference value :  1.06972e-01
 Reference value :  1.06982e-01
 Reference value :  1.06989e-01
 Reference value :  1.06999e-01
 Reference value :  1.07006e-01
 Reference value :  1.07016e-01
 Reference value :  1.07023e-01
 Reference value :  1.07031e-01
 Reference value :  1.07040e-01
 Reference value :  1.07048e-01
 Reference value :  1.07053e-01
 Reference value :  1.07061e-01
 Reference value :  1.07067e-01
 Reference value :  1.07076e-01
 Reference value :  1.07084e-01
 Reference value :  1.07092e-01
 Reference value :  1.07099e-01
 Reference value :  1.07107e-01
 Reference value :  1.07114e-01
 Reference value :  1.07121e-01
 Reference value :  1.07129e-01
 Reference value :  1.07136e-01
 Reference value :  1.07143e-01
 Reference value :  1.07151e-01
 Reference value :  1.07158e-01
 Reference value :  1.07165e-01
 Reference value :  1.07175e-01
 Reference value :  1.07182e-01
 Reference value :  1.07190e-01
 Reference value :  1.07197e-01
 Reference value :  1.07204e-01
 Reference value :  1.07214e-01
 Reference value :  1.07221e-01
 Reference value :  1.07229e-01
 Reference value :  1.07236e-01
 Reference value :  1.07243e-01
 Reference value :  1.07251e-01
 Reference value :  1.07258e-01
 Reference value :  1.07266e-01
 Reference value :  1.07273e-01
 Reference value :  1.07283e-01
 Reference value :  1.07290e-01
 Reference value :  1.07297e-01
 Reference value :  1.07305e-01
 Reference value :  1.07312e-01
 Reference value :  1.07319e-01
 Reference value :  1.07327e-01
 Reference value :  1.07334e-01
 Reference value :  1.07341e-01
 Reference value :  1.07349e-01
 Reference value :  1.07356e-01
 Reference value :  1.07363e-01
 Reference value :  1.07371e-01
 Reference value :  1.07376e-01
 Reference value :  1.07385e-01
 Reference value :  1.07393e-01
 Reference value :  1.07400e-01
 Reference value :  1.07408e-01
 Reference value :  1.07415e-01
 Reference value :  1.07422e-01
 Reference value :  1.07430e-01
 Reference value :  1.07439e-01
 Reference value :  1.07447e-01
 Reference value :  1.07454e-01
 Reference value :  1.07462e-01
 Reference value :  1.07469e-01
 Reference value :  1.07476e-01
 Reference value :  1.07484e-01
 Reference value :  1.07491e-01
 Reference value :  1.07501e-01
 Reference value :  1.07508e-01
 Reference value :  1.07515e-01
 Reference value :  1.07523e-01
 Reference value :  1.07530e-01
 Reference value :  1.07538e-01
 Reference value :  1.07547e-01
 Reference value :  1.07555e-01
 Reference value :  1.07562e-01
 Reference value :  1.07569e-01
 Reference value :  1.07577e-01
 Reference value :  1.07584e-01
 Reference value :  1.07594e-01
 Reference value :  1.07601e-01
 Reference value :  1.07608e-01
 Reference value :  1.07616e-01
 Reference value :  1.07623e-01
 Reference value :  1.07631e-01
 Reference value :  1.07638e-01
 Reference value :  1.07645e-01
 Reference value :  1.07653e-01
 Reference value :  1.07662e-01
 Reference value :  1.07670e-01
 Reference value :  1.07677e-01
 Reference value :  1.07684e-01
 Reference value :  1.07692e-01
 Reference value :  1.07699e-01
 Reference value :  1.07709e-01
 Reference value :  1.07716e-01
 Reference value :  1.07724e-01
 Reference value :  1.07731e-01
 Reference value :  1.07739e-01
 Reference value :  1.07748e-01
 Reference value :  1.07755e-01
 Reference value :  1.07763e-01
 Reference value :  1.07770e-01
 Reference value :  1.07778e-01
 Reference value :  1.07785e-01
 Reference value :  1.07792e-01
 Reference value :  1.07802e-01
 Reference value :  1.07809e-01
 Reference value :  1.07817e-01
 Reference value :  1.07824e-01
 Reference value :  1.07834e-01
 Reference value :  1.07841e-01
 Reference value :  1.07848e-01
 Reference value :  1.07856e-01
 Reference value :  1.07863e-01
 Reference value :  1.07873e-01
 Reference value :  1.07880e-01
 Reference value :  1.07888e-01
 Reference value :  1.07895e-01
 Reference value :  1.07902e-01
 Reference value :  1.07910e-01
 Reference value :  1.07915e-01
 Reference value :  1.07922e-01
 Reference value :  1.07932e-01
 Reference value :  1.07939e-01
 Reference value :  1.07946e-01
 Reference value :  1.07954e-01
 Reference value :  1.07961e-01
 Reference value :  1.07971e-01
 Reference value :  1.07978e-01
 Reference value :  1.07986e-01
 Reference value :  1.07993e-01
 Reference value :  1.08000e-01
 Reference value :  1.08008e-01
 Reference value :  1.08015e-01
 Reference value :  1.08022e-01
 Reference value :  1.08032e-01
 Reference value :  1.08039e-01
 Reference value :  1.08047e-01
 Reference value :  1.08054e-01
 Reference value :  1.08062e-01
 Reference value :  1.08069e-01
 Reference value :  1.08076e-01
 Reference value :  1.08084e-01
 Reference value :  1.08091e-01
 Reference value :  1.08098e-01
 Reference value :  1.08106e-01
 Reference value :  1.08115e-01
 Reference value :  1.08123e-01
 Reference value :  1.08130e-01
 Reference value :  1.08137e-01
 Reference value :  1.08145e-01
 Reference value :  1.08152e-01
 Reference value :  1.08159e-01
 Reference value :  1.08167e-01
 Reference value :  1.08174e-01
 Reference value :  1.08184e-01
 Reference value :  1.08189e-01
 Reference value :  1.08198e-01
 Reference value :  1.08206e-01
 Reference value :  1.08213e-01
 Reference value :  1.08221e-01
 Reference value :  1.08228e-01
 Reference value :  1.08235e-01
 Reference value :  1.08243e-01
 Reference value :  1.08250e-01
 Reference value :  1.08257e-01
 Reference value :  1.08265e-01
 Reference value :  1.08274e-01
 Reference value :  1.08282e-01
 Reference value :  1.08289e-01
 Reference value :  1.08296e-01
 Reference value :  1.08304e-01
 Reference value :  1.08311e-01
 Reference value :  1.08319e-01
 Reference value :  1.08326e-01
 Reference value :  1.08336e-01
 Reference value :  1.08343e-01
 Reference value :  1.08350e-01
 Reference value :  1.08358e-01
 Reference value :  1.08365e-01
 Reference value :  1.08372e-01
 Reference value :  1.08380e-01
 Reference value :  1.08387e-01
 Reference value :  1.08395e-01
 Reference value :  1.08402e-01
 Reference value :  1.08410e-01
 Reference value :  1.08417e-01
 Reference value :  1.08426e-01
 Reference value :  1.08431e-01
 Reference value :  1.08439e-01
 Reference value :  1.08448e-01
 Reference value :  1.08456e-01
 Reference value :  1.08463e-01
 Reference value :  1.08469e-01
 Reference value :  1.08478e-01
 Reference value :  1.08485e-01
 Reference value :  1.08493e-01
 Reference value :  1.08500e-01
 Reference value :  1.08507e-01
 Reference value :  1.08515e-01
 Reference value :  1.08522e-01
 Reference value :  1.08529e-01
 Reference value :  1.08539e-01
 Reference value :  1.08546e-01
 Reference value :  1.08554e-01
 Reference value :  1.08561e-01
 Reference value :  1.08568e-01
 Reference value :  1.08576e-01
 Reference value :  1.08583e-01
 Reference value :  1.08591e-01
 Reference value :  1.08600e-01
 Reference value :  1.08608e-01
 Reference value :  1.08615e-01
 Reference value :  1.08622e-01
 Reference value :  1.08630e-01
 Reference value :  1.08637e-01
 Reference value :  1.08644e-01
 Reference value :  1.08652e-01
 Reference value :  1.08659e-01
 Reference value :  1.08666e-01
 Reference value :  1.08674e-01
 Reference value :  1.08681e-01
 Reference value :  1.08691e-01
 Reference value :  1.08698e-01
 Reference value :  1.08706e-01
 Reference value :  1.08713e-01
 Reference value :  1.08720e-01
 Reference value :  1.08728e-01
 Reference value :  1.08735e-01
 Reference value :  1.08742e-01
 Reference value :  1.08750e-01
 Reference value :  1.08759e-01
 Reference value :  1.08767e-01
 Reference value :  1.08774e-01
 Reference value :  1.08781e-01
 Reference value :  1.08789e-01
 Reference value :  1.08796e-01
 Reference value :  1.08804e-01
 Reference value :  1.08811e-01
 Reference value :  1.08821e-01
 Reference value :  1.08828e-01
 Reference value :  1.08835e-01
 Reference value :  1.08843e-01
 Reference value :  1.08850e-01
 Reference value :  1.08857e-01
 Reference value :  1.08865e-01
 Reference value :  1.08872e-01
 Reference value :  1.08879e-01
 Reference value :  1.08887e-01
 Reference value :  1.08894e-01
 Reference value :  1.08904e-01
 Reference value :  1.08911e-01
 Reference value :  1.08919e-01
 Reference value :  1.08926e-01
 Reference value :  1.08933e-01
 Reference value :  1.08941e-01
 Reference value :  1.08948e-01
 Reference value :  1.08958e-01
 Reference value :  1.08965e-01
 Reference value :  1.08972e-01
 Reference value :  1.08980e-01
 Reference value :  1.08987e-01
 Reference value :  1.08995e-01
 Reference value :  1.09002e-01
 Reference value :  1.09012e-01
 Reference value :  1.09019e-01
 Reference value :  1.09026e-01
 Reference value :  1.09034e-01
 Reference value :  1.09041e-01
 Reference value :  1.09049e-01
 Reference value :  1.09056e-01
 Reference value :  1.09065e-01
 Reference value :  1.09073e-01
 Reference value :  1.09080e-01
 Reference value :  1.09088e-01
 Reference value :  1.09095e-01
 Reference value :  1.09102e-01
 Reference value :  1.09110e-01
 Reference value :  1.09117e-01
 Reference value :  1.09124e-01
 Reference value :  1.09134e-01
 Reference value :  1.09141e-01
 Reference value :  1.09149e-01
 Reference value :  1.09156e-01
 Reference value :  1.09164e-01
 Reference value :  1.09171e-01
 Reference value :  1.09179e-01
 Reference value :  1.09188e-01
 Reference value :  1.09195e-01
 Reference value :  1.09203e-01
 Reference value :  1.09210e-01
 Reference value :  1.09217e-01
 Reference value :  1.09225e-01
 Reference value :  1.09234e-01
 Reference value :  1.09242e-01
 Reference value :  1.09249e-01
 Reference value :  1.09257e-01
 Reference value :  1.09264e-01
 Reference value :  1.09271e-01
 Reference value :  1.09279e-01
 Reference value :  1.09288e-01
 Reference value :  1.09296e-01
 Reference value :  1.09303e-01
 Reference value :  1.09310e-01
 Reference value :  1.09318e-01
 Reference value :  1.09325e-01
 Reference value :  1.09333e-01
 Reference value :  1.09341e-01
 Reference value :  1.09347e-01
 Reference value :  1.09357e-01
 Reference value :  1.09364e-01
 Reference value :  1.09372e-01
 Reference value :  1.09379e-01
 Reference value :  1.09386e-01
 Reference value :  1.09394e-01
 Reference value :  1.09404e-01
 Reference value :  1.09411e-01
 Reference value :  1.09418e-01
 Reference value :  1.09426e-01
 Reference value :  1.09433e-01
 Reference value :  1.09440e-01
 Reference value :  1.09448e-01
 Reference value :  1.09455e-01
 Reference value :  1.09465e-01
 Reference value :  1.09472e-01
 Reference value :  1.09479e-01
 Reference value :  1.09487e-01
 Reference value :  1.09494e-01
 Reference value :  1.09502e-01
 Reference value :  1.09509e-01
 Reference value :  1.09519e-01
 Reference value :  1.09526e-01
 Reference value :  1.09533e-01
 Reference value :  1.09541e-01
 Reference value :  1.09548e-01
 Reference value :  1.09555e-01
 Reference value :  1.09565e-01
 Reference value :  1.09572e-01
 Reference value :  1.09580e-01
 Reference value :  1.09587e-01
 Reference value :  1.09595e-01
 Reference value :  1.09602e-01
 Reference value :  1.09609e-01
 Reference value :  1.09619e-01
 Reference value :  1.09626e-01
 Reference value :  1.09634e-01
 Reference value :  1.09641e-01
 Reference value :  1.09648e-01
 Reference value :  1.09656e-01
 Reference value :  1.09663e-01
 Reference value :  1.09673e-01
 Reference value :  1.09680e-01
 Reference value :  1.09688e-01
 Reference value :  1.09695e-01
 Reference value :  1.09702e-01
 Reference value :  1.09710e-01
 Reference value :  1.09717e-01
 Reference value :  1.09725e-01
 Reference value :  1.09734e-01
 Reference value :  1.09741e-01
 Reference value :  1.09749e-01
 Reference value :  1.09756e-01
 Reference value :  1.09764e-01
 Reference value :  1.09771e-01
 Reference value :  1.09778e-01
 Reference value :  1.09786e-01
 Reference value :  1.09793e-01
 Reference value :  1.09800e-01
 Reference value :  1.09808e-01
 Reference value :  1.09817e-01
 Reference value :  1.09825e-01
 Reference value :  1.09832e-01
 Reference value :  1.09839e-01
 Reference value :  1.09847e-01
 Reference value :  1.09854e-01
 Reference value :  1.09862e-01
 Reference value :  1.09869e-01
 Reference value :  1.09876e-01
 Reference value :  1.09886e-01
 Reference value :  1.09893e-01
 Reference value :  1.09901e-01
 Reference value :  1.09908e-01
 Reference value :  1.09915e-01
 Reference value :  1.09923e-01
 Reference value :  1.09930e-01
 Reference value :  1.09938e-01
 Reference value :  1.09945e-01
 Reference value :  1.09952e-01
 Reference value :  1.09962e-01
 Reference value :  1.09969e-01
 Reference value :  1.09977e-01
 Reference value :  1.09984e-01
 Reference value :  1.09991e-01
 Reference value :  1.09999e-01
 Reference value :  1.10006e-01
 Reference value :  1.10014e-01
 Reference value :  1.10021e-01
 Reference value :  1.10028e-01
 Reference value :  1.10038e-01
 Reference value :  1.10045e-01
 Reference value :  1.10052e-01
 Reference value :  1.10060e-01
 Reference value :  1.10067e-01
 Reference value :  1.10075e-01
 Reference value :  1.10082e-01
 Reference value :  1.10089e-01
 Reference value :  1.10097e-01
 Reference value :  1.10104e-01
 Reference value :  1.10112e-01
 Reference value :  1.10121e-01
 Reference value :  1.10128e-01
 Reference value :  1.10136e-01
 Reference value :  1.10143e-01
 Reference value :  1.10151e-01
 Reference value :  1.10158e-01
 Reference value :  1.10165e-01
 Reference value :  1.10175e-01
 Reference value :  1.10182e-01
 Reference value :  1.10190e-01
 Reference value :  1.10197e-01
 Reference value :  1.10204e-01
 Reference value :  1.10212e-01
 Reference value :  1.10219e-01
 Reference value :  1.10229e-01
 Reference value :  1.10236e-01
 Reference value :  1.10241e-01
 Reference value :  1.10251e-01
 Reference value :  1.10258e-01
 Reference value :  1.10266e-01
 Reference value :  1.10273e-01
 Reference value :  1.10280e-01
 Reference value :  1.10288e-01
 Reference value :  1.10295e-01
 Reference value :  1.10302e-01
 Reference value :  1.10310e-01
 Reference value :  1.10317e-01
 Reference value :  1.10327e-01
 Reference value :  1.10334e-01
 Reference value :  1.10342e-01
 Reference value :  1.10349e-01
 Reference value :  1.10356e-01
 Reference value :  1.10364e-01
 Reference value :  1.10371e-01
 Reference value :  1.10378e-01
 Reference value :  1.10386e-01
 Reference value :  1.10393e-01
 Reference value :  1.10401e-01
 Reference value :  1.10410e-01
 Reference value :  1.10418e-01
 Reference value :  1.10425e-01
 Reference value :  1.10435e-01
 Reference value :  1.10442e-01
 Reference value :  1.10450e-01
 Reference value :  1.10457e-01
 Reference value :  1.10467e-01
 Reference value :  1.10474e-01
 Reference value :  1.10481e-01
 Reference value :  1.10489e-01
 Reference value :  1.10499e-01
 Reference value :  1.10506e-01
 Reference value :  1.10513e-01
 Reference value :  1.10521e-01
 Reference value :  1.10528e-01
 Reference value :  1.10535e-01
 Reference value :  1.10543e-01
 Reference value :  1.10550e-01
 Reference value :  1.10560e-01
 Reference value :  1.10567e-01
 Reference value :  1.10575e-01
 Reference value :  1.10582e-01
 Reference value :  1.10589e-01
 Reference value :  1.10597e-01
 Reference value :  1.10604e-01
 Reference value :  1.10614e-01
 Reference value :  1.10619e-01
 Reference value :  1.10628e-01
 Reference value :  1.10636e-01
 Reference value :  1.10643e-01
 Reference value :  1.10650e-01
 Reference value :  1.10658e-01
 Reference value :  1.10665e-01
 Reference value :  1.10673e-01
 Reference value :  1.10680e-01
 Reference value :  1.10687e-01
 Reference value :  1.10695e-01
 Reference value :  1.10702e-01
 Reference value :  1.10709e-01
 Reference value :  1.10719e-01
 Reference value :  1.10725e-01
 Reference value :  1.10734e-01
 Reference value :  1.10741e-01
 Reference value :  1.10748e-01
 Reference value :  1.10756e-01
 Reference value :  1.10763e-01
 Reference value :  1.10770e-01
 Reference value :  1.10778e-01
 Reference value :  1.10785e-01
 Reference value :  1.10793e-01
 Reference value :  1.10800e-01
 Reference value :  1.10807e-01
 Reference value :  1.10815e-01
 Reference value :  1.10822e-01
 Reference value :  1.10829e-01
 Reference value :  1.10837e-01
 Reference value :  1.10846e-01
 Reference value :  1.10854e-01
 Reference value :  1.10859e-01
 Reference value :  1.10866e-01
 Reference value :  1.10876e-01
 Reference value :  1.10883e-01
 Reference value :  1.10891e-01
 Reference value :  1.10898e-01
 Reference value :  1.10905e-01
 Reference value :  1.10913e-01
 Reference value :  1.10920e-01
 Reference value :  1.10927e-01
 Reference value :  1.10935e-01
 Reference value :  1.10942e-01
 Reference value :  1.10949e-01
 Reference value :  1.10957e-01
 Reference value :  1.10964e-01
 Reference value :  1.10974e-01
 Reference value :  1.10981e-01
 Reference value :  1.10988e-01
 Reference value :  1.10996e-01
 Reference value :  1.11003e-01
 Reference value :  1.11011e-01
 Reference value :  1.11018e-01
 Reference value :  1.11025e-01
 Reference value :  1.11033e-01
 Reference value :  1.11040e-01
 Reference value :  1.11050e-01
 Reference value :  1.11057e-01
 Reference value :  1.11064e-01
 Reference value :  1.11072e-01
 Reference value :  1.11079e-01
 Reference value :  1.11086e-01
 Reference value :  1.11094e-01
 Reference value :  1.11104e-01
 Reference value :  1.11111e-01
 Reference value :  1.11118e-01
 Reference value :  1.11126e-01
 Reference value :  1.11133e-01
 Reference value :  1.11140e-01
 Reference value :  1.11148e-01
 Reference value :  1.11155e-01
 Reference value :  1.11162e-01
 Reference value :  1.11170e-01
 Reference value :  1.11177e-01
 Reference value :  1.11187e-01
 Reference value :  1.11194e-01
 Reference value :  1.11202e-01
 Reference value :  1.11209e-01
 Reference value :  1.11216e-01
 Reference value :  1.11224e-01
 Reference value :  1.11233e-01
 Reference value :  1.11241e-01
 Reference value :  1.11248e-01
 Reference value :  1.11255e-01
 Reference value :  1.11263e-01
 Reference value :  1.11270e-01
 Reference value :  1.11277e-01
 Reference value :  1.11285e-01
 Reference value :  1.11294e-01
 Reference value :  1.11300e-01
 Reference value :  1.11307e-01
 Reference value :  1.11317e-01
 Reference value :  1.11324e-01
 Reference value :  1.11331e-01
 Reference value :  1.11339e-01
 Reference value :  1.11346e-01
 Reference value :  1.11353e-01
 Reference value :  1.11361e-01
 Reference value :  1.11369e-01
 Reference value :  1.11378e-01
 Reference value :  1.11385e-01
 Reference value :  1.11393e-01
 Reference value :  1.11400e-01
 Reference value :  1.11407e-01
 Reference value :  1.11415e-01
 Reference value :  1.11422e-01
 Reference value :  1.11429e-01
 Reference value :  1.11439e-01
 Reference value :  1.11446e-01
 Reference value :  1.11454e-01
 Reference value :  1.11459e-01
 Reference value :  1.11467e-01
 Reference value :  1.11476e-01
 Reference value :  1.11483e-01
 Reference value :  1.11491e-01
 Reference value :  1.11498e-01
 Reference value :  1.11505e-01
 Reference value :  1.11513e-01
 Reference value :  1.11520e-01
 Reference value :  1.11527e-01
 Reference value :  1.11535e-01
 Reference value :  1.11542e-01
 Reference value :  1.11552e-01
 Reference value :  1.11559e-01
 Reference value :  1.11566e-01
 Reference value :  1.11574e-01
 Reference value :  1.11581e-01
 Reference value :  1.11589e-01
 Reference value :  1.11596e-01
 Reference value :  1.11604e-01
 Reference value :  1.11613e-01
 Reference value :  1.11620e-01
 Reference value :  1.11628e-01
 Reference value :  1.11635e-01
 Reference value :  1.11645e-01
 Reference value :  1.11652e-01
 Reference value :  1.11660e-01
 Reference value :  1.11667e-01
 Reference value :  1.11674e-01
 Reference value :  1.11682e-01
 Reference value :  1.11689e-01
 Reference value :  1.11696e-01
 Reference value :  1.11706e-01
 Reference value :  1.11713e-01
 Reference value :  1.11721e-01
 Reference value :  1.11728e-01
 Reference value :  1.11736e-01
 Reference value :  1.11743e-01
 Reference value :  1.11750e-01
 Reference value :  1.11758e-01
 Reference value :  1.11765e-01
 Reference value :  1.11767e-01
 Reference value :  1.11772e-01
 Reference value :  1.11777e-01
 Reference value :  1.11780e-01
 Reference value :  1.11784e-01
 Reference value :  1.11787e-01
 Reference value :  1.11792e-01
 Reference value :  1.11794e-01
 Reference value :  1.11799e-01
 Reference value :  1.11804e-01
 Reference value :  1.11806e-01
 Reference value :  1.11811e-01
 Reference value :  1.11814e-01
 Reference value :  1.11819e-01
 Reference value :  1.11821e-01
 Reference value :  1.11824e-01
 Reference value :  1.11828e-01
 Reference value :  1.11831e-01
 Reference value :  1.11836e-01
 Reference value :  1.11838e-01
 Reference value :  1.11843e-01
 Reference value :  1.11848e-01
 Reference value :  1.11850e-01
 Reference value :  1.11855e-01
 Reference value :  1.11858e-01
 Reference value :  1.11863e-01
 Reference value :  1.11865e-01
 Reference value :  1.11870e-01
 Reference value :  1.11872e-01
 Reference value :  1.11875e-01
 Reference value :  1.11880e-01
 Reference value :  1.11882e-01
 Reference value :  1.11887e-01
 Reference value :  1.11890e-01
 Reference value :  1.11892e-01
 Reference value :  1.11897e-01
 Reference value :  1.11902e-01
 Reference value :  1.11904e-01
 Reference value :  1.11909e-01
 Reference value :  1.11912e-01
 Reference value :  1.11917e-01
 Reference value :  1.11919e-01
 Reference value :  1.11924e-01
 Reference value :  1.11926e-01
 Reference value :  1.11931e-01
 Reference value :  1.11934e-01
 Reference value :  1.11938e-01
 Reference value :  1.11941e-01
 Reference value :  1.11943e-01
 Reference value :  1.11948e-01
 Reference value :  1.11951e-01
 Reference value :  1.11956e-01
 Reference value :  1.11958e-01
 Reference value :  1.11963e-01
 Reference value :  1.11965e-01
 Reference value :  1.11968e-01
 Reference value :  1.11973e-01
 Reference value :  1.11975e-01
 Reference value :  1.11980e-01
 Reference value :  1.11982e-01
 Reference value :  1.11985e-01
 Reference value :  1.11990e-01
 Reference value :  1.11992e-01
 Reference value :  1.11997e-01
 Reference value :  1.12000e-01
 Reference value :  1.12002e-01
 Reference value :  1.12007e-01
 Reference value :  1.12009e-01
 Reference value :  1.12014e-01
 Reference value :  1.12017e-01
 Reference value :  1.12019e-01
 Reference value :  1.12024e-01
 Reference value :  1.12026e-01
 Reference value :  1.12029e-01
 Reference value :  1.12034e-01
 Reference value :  1.12036e-01
 Reference value :  1.12040e-01
 Reference value :  1.12044e-01
 Reference value :  1.12046e-01
 Reference value :  1.12051e-01
 Reference value :  1.12053e-01
 Reference value :  1.12058e-01
 Reference value :  1.12061e-01
 Reference value :  1.12066e-01
 Reference value :  1.12068e-01
 Reference value :  1.12073e-01
 Reference value :  1.12075e-01
 Reference value :  1.12078e-01
 Reference value :  1.12083e-01
 Reference value :  1.12085e-01
 Reference value :  1.12088e-01
 Reference value :  1.12092e-01
 Reference value :  1.12095e-01
 Reference value :  1.12100e-01
 Reference value :  1.12102e-01
 Reference value :  1.12105e-01
 Reference value :  1.12110e-01
 Reference value :  1.12112e-01
 Reference value :  1.12117e-01
 Reference value :  1.12119e-01
 Reference value :  1.12122e-01
 Reference value :  1.12127e-01
 Reference value :  1.12129e-01
 Reference value :  1.12134e-01
 Reference value :  1.12137e-01
 Reference value :  1.12141e-01
 Reference value :  1.12144e-01
 Reference value :  1.12146e-01
 Reference value :  1.12151e-01
 Reference value :  1.12154e-01
 Reference value :  1.12156e-01
 Reference value :  1.12161e-01
 Reference value :  1.12164e-01
 Reference value :  1.12168e-01
 Reference value :  1.12171e-01
 Reference value :  1.12173e-01
 Reference value :  1.12178e-01
 Reference value :  1.12181e-01
 Reference value :  1.12185e-01
 Reference value :  1.12188e-01
 Reference value :  1.12193e-01
 Reference value :  1.12195e-01
 Reference value :  1.12198e-01
 Reference value :  1.12203e-01
 Reference value :  1.12205e-01
 Reference value :  1.12210e-01
 Reference value :  1.12212e-01
 Reference value :  1.12215e-01
 Reference value :  1.12219e-01
 Reference value :  1.12222e-01
 Reference value :  1.12225e-01
 Reference value :  1.12229e-01
 Reference value :  1.12232e-01
 Reference value :  1.12234e-01
 Reference value :  1.12239e-01
 Reference value :  1.12242e-01
 Reference value :  1.12244e-01
 Reference value :  1.12249e-01
 Reference value :  1.12252e-01
 Reference value :  1.12256e-01
 Reference value :  1.12259e-01
 Reference value :  1.12264e-01
 Reference value :  1.12266e-01
 Reference value :  1.12269e-01
 Reference value :  1.12273e-01
 Reference value :  1.12276e-01
 Reference value :  1.12281e-01
 Reference value :  1.12283e-01
 Reference value :  1.12286e-01
 Reference value :  1.12291e-01
 Reference value :  1.12293e-01
 Reference value :  1.12298e-01
 Reference value :  1.12300e-01
 Reference value :  1.12303e-01
 Reference value :  1.12308e-01
 Reference value :  1.12310e-01
 Reference value :  1.12315e-01
 Reference value :  1.12318e-01
 Reference value :  1.12320e-01
 Reference value :  1.12325e-01
 Reference value :  1.12327e-01
 Reference value :  1.12332e-01
 Reference value :  1.12335e-01
 Reference value :  1.12337e-01
 Reference value :  1.12342e-01
 Reference value :  1.12344e-01
 Reference value :  1.12347e-01
 Reference value :  1.12352e-01
 Reference value :  1.12354e-01
 Reference value :  1.12357e-01
 Reference value :  1.12362e-01
 Reference value :  1.12364e-01
 Reference value :  1.12369e-01
 Reference value :  1.12371e-01
 Reference value :  1.12374e-01
 Reference value :  1.12376e-01
 Reference value :  1.12381e-01
 Reference value :  1.12384e-01
 Reference value :  1.12389e-01
 Reference value :  1.12391e-01
 Reference value :  1.12396e-01
 Reference value :  1.12398e-01
 Reference value :  1.12401e-01
 Reference value :  1.12406e-01
 Reference value :  1.12408e-01
 Reference value :  1.12413e-01
 Reference value :  1.12416e-01
 Reference value :  1.12418e-01
 Reference value :  1.12423e-01
 Reference value :  1.12425e-01
 Reference value :  1.12430e-01
 Reference value :  1.12433e-01
 Reference value :  1.12435e-01
 Reference value :  1.12438e-01
 Reference value :  1.12442e-01
 Reference value :  1.12445e-01
 Reference value :  1.12447e-01
 Reference value :  1.12452e-01
 Reference value :  1.12455e-01
 Reference value :  1.12459e-01
 Reference value :  1.12462e-01
 Reference value :  1.12465e-01
 Reference value :  1.12469e-01
 Reference value :  1.12472e-01
 Reference value :  1.12477e-01
 Reference value :  1.12479e-01
 Reference value :  1.12482e-01
 Reference value :  1.12486e-01
 Reference value :  1.12489e-01
 Reference value :  1.12492e-01
 Reference value :  1.12496e-01
 Reference value :  1.12499e-01
 Reference value :  1.12501e-01
 Reference value :  1.12506e-01
 Reference value :  1.12509e-01
 Reference value :  1.12511e-01
 Reference value :  1.12516e-01
 Reference value :  1.12518e-01
 Reference value :  1.12523e-01
 Reference value :  1.12526e-01
 Reference value :  1.12530e-01
 Reference value :  1.12533e-01
 Reference value :  1.12536e-01
 Reference value :  1.12540e-01
 Reference value :  1.12543e-01
 Reference value :  1.12548e-01
 Reference value :  1.12550e-01
 Reference value :  1.12553e-01
 Reference value :  1.12557e-01
 Reference value :  1.12560e-01
 Reference value :  1.12562e-01
 Reference value :  1.12567e-01
 Reference value :  1.12570e-01
 Reference value :  1.12575e-01
 Reference value :  1.12577e-01
 Reference value :  1.12580e-01
 Reference value :  1.12584e-01
 Reference value :  1.12587e-01
 Reference value :  1.12589e-01
 Reference value :  1.12594e-01
 Reference value :  1.12597e-01
 Reference value :  1.12602e-01
 Reference value :  1.12604e-01
 Reference value :  1.12609e-01
 Reference value :  1.12611e-01
 Reference value :  1.12614e-01
 Reference value :  1.12619e-01
 Reference value :  1.12621e-01
 Reference value :  1.12624e-01
 Reference value :  1.12629e-01
 Reference value :  1.12631e-01
 Reference value :  1.12636e-01
 Reference value :  1.12639e-01
 Reference value :  1.12641e-01
 Reference value :  1.12646e-01
 Reference value :  1.12648e-01
 Reference value :  1.12651e-01
 Reference value :  1.12656e-01
 Reference value :  1.12658e-01
 Reference value :  1.12663e-01
 Reference value :  1.12666e-01
 Reference value :  1.12670e-01
 Reference value :  1.12673e-01
 Reference value :  1.12675e-01
 Reference value :  1.12680e-01
 Reference value :  1.12683e-01
 Reference value :  1.12685e-01
 Reference value :  1.12690e-01
 Reference value :  1.12692e-01
 Reference value :  1.12697e-01
 Reference value :  1.12700e-01
 Reference value :  1.12702e-01
 Reference value :  1.12707e-01
 Reference value :  1.12710e-01
 Reference value :  1.12714e-01
 Reference value :  1.12717e-01
 Reference value :  1.12722e-01
 Reference value :  1.12724e-01
 Reference value :  1.12729e-01
 Reference value :  1.12731e-01
 Reference value :  1.12734e-01
 Reference value :  1.12739e-01
 Reference value :  1.12741e-01
 Reference value :  1.12744e-01
 Reference value :  1.12749e-01
 Reference value :  1.12751e-01
 Reference value :  1.12756e-01
 Reference value :  1.12759e-01
 Reference value :  1.12761e-01
 Reference value :  1.12766e-01
 Reference value :  1.12769e-01
 Reference value :  1.12773e-01
 Reference value :  1.12776e-01
 Reference value :  1.12781e-01
 Reference value :  1.12783e-01
 Reference value :  1.12786e-01
 Reference value :  1.12791e-01
 Reference value :  1.12793e-01
 Reference value :  1.12798e-01
 Reference value :  1.12801e-01
 Reference value :  1.12805e-01
 Reference value :  1.12808e-01
 Reference value :  1.12813e-01
 Reference value :  1.12815e-01
 Reference value :  1.12818e-01
 Reference value :  1.12822e-01
 Reference value :  1.12825e-01
 Reference value :  1.12830e-01
 Reference value :  1.12832e-01
 Reference value :  1.12835e-01
 Reference value :  1.12840e-01
 Reference value :  1.12842e-01
 Reference value :  1.12845e-01
 Reference value :  1.12849e-01
 Reference value :  1.12852e-01
 Reference value :  1.12857e-01
 Reference value :  1.12859e-01
 Reference value :  1.12862e-01
 Reference value :  1.12866e-01
 Reference value :  1.12869e-01
 Reference value :  1.12874e-01
 Reference value :  1.12876e-01
 Reference value :  1.12881e-01
 Reference value :  1.12884e-01
 Reference value :  1.12886e-01
 Reference value :  1.12891e-01
 Reference value :  1.12894e-01
 Reference value :  1.12898e-01
 Reference value :  1.12901e-01
 Reference value :  1.12906e-01
 Reference value :  1.12908e-01
 Reference value :  1.12913e-01
 Reference value :  1.12916e-01
 Reference value :  1.12918e-01
 Reference value :  1.12923e-01
 Reference value :  1.12925e-01
 Reference value :  1.12930e-01
 Reference value :  1.12933e-01
 Reference value :  1.12937e-01
 Reference value :  1.12940e-01
 Reference value :  1.12943e-01
 Reference value :  1.12947e-01
 Reference value :  1.12952e-01
 Reference value :  1.12955e-01
 Reference value :  1.12959e-01
 Reference value :  1.12962e-01
 Reference value :  1.12965e-01
 Reference value :  1.12969e-01
 Reference value :  1.12972e-01
 Reference value :  1.12975e-01
 Reference value :  1.12979e-01
 Reference value :  1.12982e-01
 Reference value :  1.12986e-01
 Reference value :  1.12989e-01
 Reference value :  1.12994e-01
 Reference value :  1.12996e-01
 Reference value :  1.12999e-01
 Reference value :  1.13004e-01
 Reference value :  1.13006e-01
 Reference value :  1.13011e-01
 Reference value :  1.13013e-01
 Reference value :  1.13018e-01
 Reference value :  1.13021e-01
 Reference value :  1.13023e-01
 Reference value :  1.13028e-01
 Reference value :  1.13031e-01
 Reference value :  1.13035e-01
 Reference value :  1.13038e-01
 Reference value :  1.13043e-01
 Reference value :  1.13045e-01
 Reference value :  1.13050e-01
 Reference value :  1.13053e-01
 Reference value :  1.13055e-01
 Reference value :  1.13058e-01
 Reference value :  1.13062e-01
 Reference value :  1.13065e-01
 Reference value :  1.13070e-01
 Reference value :  1.13072e-01
 Reference value :  1.13077e-01
 Reference value :  1.13080e-01
 Reference value :  1.13082e-01
 Reference value :  1.13087e-01
 Reference value :  1.13089e-01
 Reference value :  1.13094e-01
 Reference value :  1.13097e-01
 Reference value :  1.13102e-01
 Reference value :  1.13104e-01
 Reference value :  1.13107e-01
 Reference value :  1.13111e-01
 Reference value :  1.13114e-01
 Reference value :  1.13119e-01
 Reference value :  1.13121e-01
 Reference value :  1.13124e-01
 Reference value :  1.13128e-01
 Reference value :  1.13131e-01
 Reference value :  1.13134e-01
 Reference value :  1.13138e-01
 Reference value :  1.13141e-01
 Reference value :  1.13146e-01
 Reference value :  1.13148e-01
 Reference value :  1.13153e-01
 Reference value :  1.13156e-01
 Reference value :  1.13158e-01
 Reference value :  1.13163e-01
 Reference value :  1.13166e-01
 Reference value :  1.13170e-01
 Reference value :  1.13173e-01
 Reference value :  1.13175e-01
 Reference value :  1.13180e-01
 Reference value :  1.13183e-01
 Reference value :  1.13187e-01
 Reference value :  1.13190e-01
 Reference value :  1.13195e-01
 Reference value :  1.13197e-01
 Reference value :  1.13202e-01
 Reference value :  1.13205e-01
 Reference value :  1.13209e-01
 Reference value :  1.13212e-01
 Reference value :  1.13215e-01
 Reference value :  1.13219e-01
 Reference value :  1.13222e-01
 Reference value :  1.13227e-01
 Reference value :  1.13229e-01
 Reference value :  1.13232e-01
 Reference value :  1.13237e-01
 Reference value :  1.13239e-01
 Reference value :  1.13244e-01
 Reference value :  1.13246e-01
 Reference value :  1.13251e-01
 Reference value :  1.13256e-01
 Reference value :  1.13259e-01
 Reference value :  1.13261e-01
 Reference value :  1.13266e-01
 Reference value :  1.13268e-01
 Reference value :  1.13273e-01
 Reference value :  1.13276e-01
 Reference value :  1.13280e-01
 Reference value :  1.13283e-01
 Reference value :  1.13286e-01
 Reference value :  1.13290e-01
 Reference value :  1.13293e-01
 Reference value :  1.13298e-01
 Reference value :  1.13300e-01
 Reference value :  1.13305e-01
 Reference value :  1.13307e-01
 Reference value :  1.13310e-01
 Reference value :  1.13315e-01
 Reference value :  1.13317e-01
 Reference value :  1.13322e-01
 Reference value :  1.13325e-01
 Reference value :  1.13329e-01
 Reference value :  1.13332e-01
 Reference value :  1.13337e-01
 Reference value :  1.13339e-01
 Reference value :  1.13342e-01
 Reference value :  1.13347e-01
 Reference value :  1.13349e-01
 Reference value :  1.13354e-01
 Reference value :  1.13357e-01
 Reference value :  1.13361e-01
 Reference value :  1.13364e-01
 Reference value :  1.13366e-01
 Reference value :  1.13371e-01
 Reference value :  1.13374e-01
 Reference value :  1.13378e-01
 Reference value :  1.13381e-01
 Reference value :  1.13386e-01
 Reference value :  1.13388e-01
 Reference value :  1.13391e-01
 Reference value :  1.13396e-01
 Reference value :  1.13398e-01
 Reference value :  1.13403e-01
 Reference value :  1.13405e-01
 Reference value :  1.13408e-01
 Reference value :  1.13413e-01
 Reference value :  1.13415e-01
 Reference value :  1.13420e-01
 Reference value :  1.13423e-01
 Reference value :  1.13427e-01
 Reference value :  1.13430e-01
 Reference value :  1.13432e-01
 Reference value :  1.13437e-01
 Reference value :  1.13440e-01
 Reference value :  1.13442e-01
 Reference value :  1.13445e-01
 Reference value :  1.13450e-01
 Reference value :  1.13452e-01
 Reference value :  1.13457e-01
 Reference value :  1.13460e-01
 Reference value :  1.13462e-01
 Reference value :  1.13467e-01
 Reference value :  1.13469e-01
 Reference value :  1.13474e-01
 Reference value :  1.13477e-01
 Reference value :  1.13481e-01
 Reference value :  1.13484e-01
 Reference value :  1.13489e-01
 Reference value :  1.13491e-01
 Reference value :  1.13494e-01
 Reference value :  1.13499e-01
 Reference value :  1.13501e-01
 Reference value :  1.13506e-01
 Reference value :  1.13509e-01
 Reference value :  1.13511e-01
 Reference value :  1.13516e-01
 Reference value :  1.13518e-01
 Reference value :  1.13523e-01
 Reference value :  1.13526e-01
 Reference value :  1.13528e-01
 Reference value :  1.13533e-01
 Reference value :  1.13536e-01
 Reference value :  1.13538e-01
 Reference value :  1.13543e-01
 Reference value :  1.13545e-01
 Reference value :  1.13549e-01
 Reference value :  1.13553e-01
 Reference value :  1.13555e-01
 Reference value :  1.13560e-01
 Reference value :  1.13563e-01
 Reference value :  1.13565e-01
 Reference value :  1.13570e-01
 Reference value :  1.13572e-01
 Reference value :  1.13575e-01
 Reference value :  1.13580e-01
 Reference value :  1.13582e-01
 Reference value :  1.13587e-01
 Reference value :  1.13590e-01
 Reference value :  1.13592e-01
 Reference value :  1.13597e-01
 Reference value :  1.13599e-01
 Reference value :  1.13604e-01
 Reference value :  1.13607e-01
 Reference value :  1.13609e-01
 Reference value :  1.13614e-01
 Reference value :  1.13616e-01
 Reference value :  1.13619e-01
 Reference value :  1.13624e-01
 Reference value :  1.13626e-01
 Reference value :  1.13631e-01
 Reference value :  1.13634e-01
 Reference value :  1.13636e-01
 Reference value :  1.13641e-01
 Reference value :  1.13643e-01
 Reference value :  1.13646e-01
 Reference value :  1.13651e-01
 Reference value :  1.13653e-01
 Reference value :  1.13658e-01
 Reference value :  1.13661e-01
 Reference value :  1.13665e-01
 Reference value :  1.13668e-01
 Reference value :  1.13670e-01
 Reference value :  1.13675e-01
 Reference value :  1.13678e-01
 Reference value :  1.13680e-01
 Reference value :  1.13685e-01
 Reference value :  1.13688e-01
 Reference value :  1.13692e-01
 Reference value :  1.13695e-01
 Reference value :  1.13700e-01
 Reference value :  1.13702e-01
 Reference value :  1.13707e-01
 Reference value :  1.13709e-01
 Reference value :  1.13712e-01
 Reference value :  1.13717e-01
 Reference value :  1.13719e-01
 Reference value :  1.13724e-01
 Reference value :  1.13727e-01
 Reference value :  1.13732e-01
 Reference value :  1.13734e-01
 Reference value :  1.13739e-01
 Reference value :  1.13741e-01
 Reference value :  1.13746e-01
 Reference value :  1.13749e-01
 Reference value :  1.13751e-01
 Reference value :  1.13756e-01
 Reference value :  1.13759e-01
 Reference value :  1.13763e-01
 Reference value :  1.13766e-01
 Reference value :  1.13768e-01
 Reference value :  1.13773e-01
 Reference value :  1.13776e-01
 Reference value :  1.13780e-01
 Reference value :  1.13783e-01
 Reference value :  1.13788e-01
 Reference value :  1.13790e-01
 Reference value :  1.13793e-01
 Reference value :  1.13798e-01
 Reference value :  1.13800e-01
 Reference value :  1.13805e-01
 Reference value :  1.13808e-01
 Reference value :  1.13810e-01
 Reference value :  1.13815e-01
 Reference value :  1.13817e-01
 Reference value :  1.13820e-01
 Reference value :  1.13825e-01
 Reference value :  1.13827e-01
 Reference value :  1.13832e-01
 Reference value :  1.13835e-01
 Reference value :  1.13837e-01
 Reference value :  1.13842e-01
 Reference value :  1.13844e-01
 Reference value :  1.13849e-01
 Reference value :  1.13852e-01
 Reference value :  1.13856e-01
 Reference value :  1.13859e-01
 Reference value :  1.13864e-01
 Reference value :  1.13866e-01
 Reference value :  1.13871e-01
 Reference value :  1.13873e-01
 Reference value :  1.13876e-01
 Reference value :  1.13881e-01
 Reference value :  1.13883e-01
 Reference value :  1.13886e-01
 Reference value :  1.13891e-01
 Reference value :  1.13893e-01
 Reference value :  1.13898e-01
 Reference value :  1.13901e-01
 Reference value :  1.13903e-01
 Reference value :  1.13908e-01
 Reference value :  1.13910e-01
 Reference value :  1.13915e-01
 Reference value :  1.13918e-01
 Reference value :  1.13920e-01
 Reference value :  1.13925e-01
 Reference value :  1.13928e-01
 Reference value :  1.13930e-01
 Reference value :  1.13935e-01
 Reference value :  1.13937e-01
 Reference value :  1.13942e-01
 Reference value :  1.13945e-01
 Reference value :  1.13947e-01
 Reference value :  1.13952e-01
 Reference value :  1.13955e-01
 Reference value :  1.13959e-01
 Reference value :  1.13962e-01
 Reference value :  1.13964e-01
 Reference value :  1.13969e-01
 Reference value :  1.13972e-01
 Reference value :  1.13976e-01
 Reference value :  1.13979e-01
 Reference value :  1.13981e-01
 Reference value :  1.13986e-01
 Reference value :  1.13989e-01
 Reference value :  1.13991e-01
 Reference value :  1.13996e-01
 Reference value :  1.13999e-01
 Reference value :  1.14001e-01
 Reference value :  1.14006e-01
 Reference value :  1.14008e-01
 Reference value :  1.14011e-01
 Reference value :  1.14016e-01
 Reference value :  1.14018e-01
 Reference value :  1.14023e-01
 Reference value :  1.14025e-01
 Reference value :  1.14030e-01
 Reference value :  1.14033e-01
 Reference value :  1.14035e-01
 Reference value :  1.14040e-01
 Reference value :  1.14043e-01
 Reference value :  1.14047e-01
 Reference value :  1.14050e-01
 Reference value :  1.14053e-01
 Reference value :  1.14057e-01
 Reference value :  1.14060e-01
 Reference value :  1.14065e-01
 Reference value :  1.14067e-01
 Reference value :  1.14070e-01
 Reference value :  1.14074e-01
 Reference value :  1.14077e-01
 Reference value :  1.14082e-01
 Reference value :  1.14084e-01
 Reference value :  1.14087e-01
 Reference value :  1.14092e-01
 Reference value :  1.14094e-01
 Reference value :  1.14097e-01
 Reference value :  1.14101e-01
 Reference value :  1.14104e-01
 Reference value :  1.14109e-01
 Reference value :  1.14111e-01
 Reference value :  1.14116e-01
 Reference value :  1.14119e-01
 Reference value :  1.14121e-01
 Reference value :  1.14126e-01
 Reference value :  1.14128e-01
 Reference value :  1.14133e-01
 Reference value :  1.14136e-01
 Reference value :  1.14140e-01
 Reference value :  1.14143e-01
 Reference value :  1.14148e-01
 Reference value :  1.14150e-01
 Reference value :  1.14153e-01
 Reference value :  1.14158e-01
 Reference value :  1.14160e-01
 Reference value :  1.14163e-01
 Reference value :  1.14167e-01
 Reference value :  1.14170e-01
 Reference value :  1.14175e-01
 Reference value :  1.14177e-01
 Reference value :  1.14182e-01
 Reference value :  1.14185e-01
 Reference value :  1.14187e-01
 Reference value :  1.14192e-01
 Reference value :  1.14194e-01
 Reference value :  1.14199e-01
 Reference value :  1.14202e-01
 Reference value :  1.14204e-01
 Reference value :  1.14209e-01
 Reference value :  1.14212e-01
 Reference value :  1.14216e-01
 Reference value :  1.14219e-01
 Reference value :  1.14221e-01
 Reference value :  1.14226e-01
 Reference value :  1.14229e-01
 Reference value :  1.14231e-01
 Reference value :  1.14236e-01
 Reference value :  1.14239e-01
 Reference value :  1.14243e-01
 Reference value :  1.14246e-01
 Reference value :  1.14251e-01
 Reference value :  1.14253e-01
 Reference value :  1.14258e-01
 Reference value :  1.14260e-01
 Reference value :  1.14263e-01
 Reference value :  1.14268e-01
 Reference value :  1.14270e-01
 Reference value :  1.14275e-01
 Reference value :  1.14278e-01
 Reference value :  1.14280e-01
 Reference value :  1.14285e-01
 Reference value :  1.14287e-01
 Reference value :  1.14292e-01
 Reference value :  1.14295e-01
 Reference value :  1.14297e-01
 Reference value :  1.14302e-01
 Reference value :  1.14304e-01
 Reference value :  1.14309e-01
 Reference value :  1.14312e-01
 Reference value :  1.14317e-01
 Reference value :  1.14319e-01
 Reference value :  1.14322e-01
 Reference value :  1.14326e-01
 Reference value :  1.14329e-01
 Reference value :  1.14334e-01
 Reference value :  1.14336e-01
 Reference value :  1.14339e-01
 Reference value :  1.14343e-01
 Reference value :  1.14346e-01
 Reference value :  1.14351e-01
 Reference value :  1.14353e-01
 Reference value :  1.14356e-01
 Reference value :  1.14361e-01
 Reference value :  1.14363e-01
 Reference value :  1.14368e-01
 Reference value :  1.14370e-01
 Reference value :  1.14374e-01
 Reference value :  1.14378e-01
 Reference value :  1.14380e-01
 Reference value :  1.14385e-01
 Reference value :  1.14387e-01
 Reference value :  1.14390e-01
 Reference value :  1.14395e-01
 Reference value :  1.14397e-01
 Reference value :  1.14402e-01
 Reference value :  1.14405e-01
 Reference value :  1.14407e-01
 Reference value :  1.14412e-01
 Reference value :  1.14414e-01
 Reference value :  1.14419e-01
 Reference value :  1.14422e-01
 Reference value :  1.14424e-01
 Reference value :  1.14429e-01
 Reference value :  1.14431e-01
 Reference value :  1.14434e-01
 Reference value :  1.14439e-01
 Reference value :  1.14441e-01
 Reference value :  1.14446e-01
 Reference value :  1.14449e-01
 Reference value :  1.14451e-01
 Reference value :  1.14456e-01
 Reference value :  1.14458e-01
 Reference value :  1.14463e-01
 Reference value :  1.14466e-01
 Reference value :  1.14470e-01
 Reference value :  1.14473e-01
 Reference value :  1.14476e-01
 Reference value :  1.14480e-01
 Reference value :  1.14483e-01
 Reference value :  1.14488e-01
 Reference value :  1.14490e-01
 Reference value :  1.14493e-01
 Reference value :  1.14497e-01
 Reference value :  1.14500e-01
 Reference value :  1.14502e-01
 Reference value :  1.14507e-01
 Reference value :  1.14510e-01
 Reference value :  1.14512e-01
 Reference value :  1.14517e-01
 Reference value :  1.14520e-01
 Reference value :  1.14524e-01
 Reference value :  1.14527e-01
 Reference value :  1.14529e-01
 Reference value :  1.14534e-01
 Reference value :  1.14537e-01
 Reference value :  1.14541e-01
 Reference value :  1.14544e-01
 Reference value :  1.14547e-01
 Reference value :  1.14551e-01
 Reference value :  1.14554e-01
 Reference value :  1.14559e-01
 Reference value :  1.14561e-01
 Reference value :  1.14566e-01
 Reference value :  1.14568e-01
 Reference value :  1.14571e-01
 Reference value :  1.14576e-01
 Reference value :  1.14578e-01
 Reference value :  1.14583e-01
 Reference value :  1.14586e-01
 Reference value :  1.14588e-01
 Reference value :  1.14593e-01
 Reference value :  1.14595e-01
 Reference value :  1.14600e-01
 Reference value :  1.14603e-01
 Reference value :  1.14605e-01
 Reference value :  1.14610e-01
 Reference value :  1.14613e-01
 Reference value :  1.14617e-01
 Reference value :  1.14620e-01
 Reference value :  1.14625e-01
 Reference value :  1.14627e-01
 Reference value :  1.14630e-01
 Reference value :  1.14635e-01
 Reference value :  1.14639e-01
 Reference value :  1.14642e-01
 Reference value :  1.14644e-01
 Reference value :  1.14649e-01
 Reference value :  1.14652e-01
 Reference value :  1.14656e-01
 Reference value :  1.14659e-01
 Reference value :  1.14662e-01
 Reference value :  1.14666e-01
 Reference value :  1.14669e-01
 Reference value :  1.14674e-01
 Reference value :  1.14676e-01
 Reference value :  1.14679e-01
 Reference value :  1.14683e-01
 Reference value :  1.14686e-01
 Reference value :  1.14691e-01
 Reference value :  1.14693e-01
 Reference value :  1.14696e-01
 Reference value :  1.14700e-01
 Reference value :  1.14703e-01
 Reference value :  1.14708e-01
 Reference value :  1.14710e-01
 Reference value :  1.14715e-01
 Reference value :  1.14718e-01
 Reference value :  1.14722e-01
 Reference value :  1.14725e-01
 Reference value :  1.14730e-01
 Reference value :  1.14732e-01
 Reference value :  1.14737e-01
 Reference value :  1.14740e-01
 Reference value :  1.14744e-01
 Reference value :  1.14747e-01
 Reference value :  1.14750e-01
 Reference value :  1.14754e-01
 Reference value :  1.14757e-01
 Reference value :  1.14762e-01
 Reference value :  1.14764e-01
 Reference value :  1.14769e-01
 Reference value :  1.14772e-01
 Reference value :  1.14776e-01
 Reference value :  1.14779e-01
 Reference value :  1.14784e-01
 Reference value :  1.14786e-01
 Reference value :  1.14791e-01
 Reference value :  1.14794e-01
 Reference value :  1.14796e-01
 Reference value :  1.14801e-01
 Reference value :  1.14803e-01
 Reference value :  1.14808e-01
 Reference value :  1.14811e-01
 Reference value :  1.14815e-01
 Reference value :  1.14818e-01
 Reference value :  1.14823e-01
 Reference value :  1.14825e-01
 Reference value :  1.14830e-01
 Reference value :  1.14833e-01
 Reference value :  1.14835e-01
 Reference value :  1.14840e-01
 Reference value :  1.14842e-01
 Reference value :  1.14845e-01
 Reference value :  1.14850e-01
 Reference value :  1.14852e-01
 Reference value :  1.14857e-01
 Reference value :  1.14860e-01
 Reference value :  1.14864e-01
 Reference value :  1.14867e-01
 Reference value :  1.14869e-01
 Reference value :  1.14874e-01
 Reference value :  1.14877e-01
 Reference value :  1.14881e-01
 Reference value :  1.14884e-01
 Reference value :  1.14886e-01
 Reference value :  1.14891e-01
 Reference value :  1.14894e-01
 Reference value :  1.14899e-01
 Reference value :  1.14901e-01
 Reference value :  1.14906e-01
 Reference value :  1.14909e-01
 Reference value :  1.14913e-01
 Reference value :  1.14916e-01
 Reference value :  1.14921e-01
 Reference value :  1.14923e-01
 Reference value :  1.14926e-01
 Reference value :  1.14930e-01
 Reference value :  1.14933e-01
 Reference value :  1.14938e-01
 Reference value :  1.14940e-01
 Reference value :  1.14945e-01
 Reference value :  1.14948e-01
 Reference value :  1.14953e-01
 Reference value :  1.14955e-01
 Reference value :  1.14960e-01
 Reference value :  1.14962e-01
 Reference value :  1.14965e-01
 Reference value :  1.14970e-01
 Reference value :  1.14972e-01
 Reference value :  1.14977e-01
 Reference value :  1.14982e-01
 Reference value :  1.14984e-01
 Reference value :  1.14987e-01
 Reference value :  1.14992e-01
 Reference value :  1.14994e-01
 Reference value :  1.14999e-01
 Reference value :  1.15001e-01
 Reference value :  1.15006e-01
 Reference value :  1.15009e-01
 Reference value :  1.15011e-01
 Reference value :  1.15016e-01
 Reference value :  1.15019e-01
 Reference value :  1.15023e-01
 Reference value :  1.15026e-01
 Reference value :  1.15031e-01
 Reference value :  1.15033e-01
 Reference value :  1.15036e-01
 Reference value :  1.15041e-01
 Reference value :  1.15043e-01
 Reference value :  1.15048e-01
 Reference value :  1.15050e-01
 Reference value :  1.15055e-01
 Reference value :  1.15058e-01
 Reference value :  1.15060e-01
 Reference value :  1.15065e-01
 Reference value :  1.15067e-01
 Reference value :  1.15072e-01
 Reference value :  1.15077e-01
 Reference value :  1.15080e-01
 Reference value :  1.15085e-01
 Reference value :  1.15087e-01
 Reference value :  1.15092e-01
 Reference value :  1.15094e-01
 Reference value :  1.15099e-01
 Reference value :  1.15102e-01
 Reference value :  1.15106e-01
 Reference value :  1.15109e-01
 Reference value :  1.15114e-01
 Reference value :  1.15116e-01
 Reference value :  1.15121e-01
 Reference value :  1.15124e-01
 Reference value :  1.15126e-01
 Reference value :  1.15131e-01
 Reference value :  1.15133e-01
 Reference value :  1.15138e-01
 Reference value :  1.15141e-01
 Reference value :  1.15143e-01
 Reference value :  1.15148e-01
 Reference value :  1.15151e-01
 Reference value :  1.15155e-01
 Reference value :  1.15158e-01
 Reference value :  1.15160e-01
 Reference value :  1.15165e-01
 Reference value :  1.15168e-01
 Reference value :  1.15172e-01
 Reference value :  1.15175e-01
 Reference value :  1.15177e-01
 Reference value :  1.15182e-01
 Reference value :  1.15185e-01
 Reference value :  1.15190e-01
 Reference value :  1.15192e-01
 Reference value :  1.15197e-01
 Reference value :  1.15199e-01
 Reference value :  1.15204e-01
 Reference value :  1.15207e-01
 Reference value :  1.15212e-01
 Reference value :  1.15214e-01
 Reference value :  1.15219e-01
 Reference value :  1.15221e-01
 Reference value :  1.15224e-01
 Reference value :  1.15229e-01
 Reference value :  1.15234e-01
 Reference value :  1.15236e-01
 Reference value :  1.15239e-01
 Reference value :  1.15243e-01
 Reference value :  1.15246e-01
 Reference value :  1.15251e-01
 Reference value :  1.15253e-01
 Reference value :  1.15258e-01
 Reference value :  1.15261e-01
 Reference value :  1.15266e-01
 Reference value :  1.15268e-01
 Reference value :  1.15273e-01
 Reference value :  1.15275e-01
 Reference value :  1.15280e-01
 Reference value :  1.15285e-01
 Reference value :  1.15288e-01
 Reference value :  1.15292e-01
 Reference value :  1.15295e-01
 Reference value :  1.15300e-01
 Reference value :  1.15302e-01
 Reference value :  1.15307e-01
 Reference value :  1.15310e-01
 Reference value :  1.15312e-01
 Reference value :  1.15317e-01
 Reference value :  1.15319e-01
 Reference value :  1.15324e-01
 Reference value :  1.15327e-01
 Reference value :  1.15332e-01
 Reference value :  1.15334e-01
 Reference value :  1.15339e-01
 Reference value :  1.15344e-01
 Reference value :  1.15346e-01
 Reference value :  1.15351e-01
 Reference value :  1.15354e-01
 Reference value :  1.15359e-01
 Reference value :  1.15363e-01
 Reference value :  1.15366e-01
 Reference value :  1.15371e-01
 Reference value :  1.15376e-01
 Reference value :  1.15378e-01
 Reference value :  1.15381e-01
 Reference value :  1.15385e-01
 Reference value :  1.15388e-01
 Reference value :  1.15393e-01
 Reference value :  1.15395e-01
 Reference value :  1.15398e-01
 Reference value :  1.15403e-01
 Reference value :  1.15407e-01
 Reference value :  1.15412e-01
 Reference value :  1.15417e-01
 Reference value :  1.15420e-01
 Reference value :  1.15422e-01
 Reference value :  1.15427e-01
 Reference value :  1.15429e-01
 Reference value :  1.15434e-01
 Reference value :  1.15439e-01
 Reference value :  1.15444e-01
 Reference value :  1.15449e-01
 Reference value :  1.15451e-01
 Reference value :  1.15456e-01
 Reference value :  1.15459e-01
 Reference value :  1.15464e-01
 Reference value :  1.15466e-01
 Reference value :  1.15471e-01
 Reference value :  1.15473e-01
 Reference value :  1.15478e-01
 Reference value :  1.15481e-01
 Reference value :  1.15486e-01
 Reference value :  1.15488e-01
 Reference value :  1.15493e-01
 Reference value :  1.15495e-01
 Reference value :  1.15500e-01
 Reference value :  1.15505e-01
 Reference value :  1.15508e-01
 Reference value :  1.15512e-01
 Reference value :  1.15515e-01
 Reference value :  1.15517e-01
 Reference value :  1.15522e-01
 Reference value :  1.15525e-01
 Reference value :  1.15530e-01
 Reference value :  1.15532e-01
 Reference value :  1.15537e-01
 Reference value :  1.15539e-01
 Reference value :  1.15542e-01
 Reference value :  1.15547e-01
 Reference value :  1.15552e-01
 Reference value :  1.15554e-01
 Reference value :  1.15559e-01
 Reference value :  1.15562e-01
 Reference value :  1.15566e-01
 Reference value :  1.15569e-01
 Reference value :  1.15574e-01
 Reference value :  1.15576e-01
 Reference value :  1.15581e-01
 Reference value :  1.15583e-01
 Reference value :  1.15588e-01
 Reference value :  1.15591e-01
 Reference value :  1.15596e-01
 Reference value :  1.15598e-01
 Reference value :  1.15603e-01
 Reference value :  1.15608e-01
 Reference value :  1.15610e-01
 Reference value :  1.15615e-01
 Reference value :  1.15620e-01
 Reference value :  1.15623e-01
 Reference value :  1.15625e-01
 Reference value :  1.15630e-01
 Reference value :  1.15635e-01
 Reference value :  1.15640e-01
 Reference value :  1.15642e-01
 Reference value :  1.15647e-01
 Reference value :  1.15652e-01
 Reference value :  1.15657e-01
 Reference value :  1.15662e-01
 Reference value :  1.15664e-01
 Reference value :  1.15667e-01
 Reference value :  1.15672e-01
 Reference value :  1.15674e-01
 Reference value :  1.15679e-01
 Reference value :  1.15681e-01
 Reference value :  1.15686e-01
 Reference value :  1.15691e-01
 Reference value :  1.15696e-01
 Reference value :  1.15701e-01
 Reference value :  1.15703e-01
 Reference value :  1.15708e-01
 Reference value :  1.15713e-01
 Reference value :  1.15716e-01
 Reference value :  1.15720e-01
 Reference value :  1.15723e-01
 Reference value :  1.15728e-01
 Reference value :  1.15730e-01
 Reference value :  1.15738e-01
 Reference value :  1.15740e-01
 Reference value :  1.15745e-01
 Reference value :  1.15747e-01
 Reference value :  1.15752e-01
 Reference value :  1.15757e-01
 Reference value :  1.15760e-01
 Reference value :  1.15767e-01
 Reference value :  1.15769e-01
 Reference value :  1.15774e-01
 Reference value :  1.15777e-01
 Reference value :  1.15782e-01
 Reference value :  1.15784e-01
 Reference value :  1.15787e-01
 Reference value :  1.15794e-01
 Reference value :  1.15799e-01
 Reference value :  1.15804e-01
 Reference value :  1.15806e-01
 Reference value :  1.15811e-01
 Reference value :  1.15816e-01
 Reference value :  1.15821e-01
 Reference value :  1.15826e-01
 Reference value :  1.15831e-01
 Reference value :  1.15833e-01
 Reference value :  1.15838e-01
 Reference value :  1.15843e-01
 Reference value :  1.15845e-01
 Reference value :  1.15850e-01
 Reference value :  1.15857e-01
 Reference value :  1.15862e-01
 Reference value :  1.15867e-01
 Reference value :  1.15870e-01
 Reference value :  1.15875e-01
 Reference value :  1.15882e-01
 Reference value :  1.15887e-01
 Reference value :  1.15892e-01
 Reference value :  1.15899e-01
 Reference value :  1.15901e-01
 Reference value :  1.15906e-01
 Reference value :  1.15914e-01
 Reference value :  1.15919e-01
 Reference value :  1.15926e-01
 Reference value :  1.15931e-01
 Reference value :  1.15938e-01
 Reference value :  1.15945e-01
 Reference value :  1.15953e-01
 Reference value :  1.15958e-01
 Reference value :  1.15967e-01
 Reference value :  1.15975e-01
 Reference value :  1.15982e-01
 Reference value :  1.15992e-01
 Reference value :  1.15999e-01
 Reference value :  1.16007e-01
 Reference value :  1.16016e-01
 Reference value :  1.16024e-01
 Reference value :  1.16031e-01
 Reference value :  1.16041e-01
 Reference value :  1.16048e-01
 Reference value :  1.16055e-01
 Reference value :  1.16063e-01
 Reference value :  1.16068e-01
 Reference value :  1.16075e-01
 Reference value :  1.16083e-01
 Reference value :  1.16092e-01
 Reference value :  1.16097e-01
 Reference value :  1.16107e-01
 Reference value :  1.16114e-01
 Reference value :  1.16120e-01
 Reference value :  1.16129e-01
 Reference value :  1.16136e-01
 Reference value :  1.16144e-01
 Reference value :  1.16151e-01
 Reference value :  1.16159e-01
 Reference value :  1.16166e-01
 Reference value :  1.16173e-01
 Reference value :  1.16181e-01
 Reference value :  1.16188e-01
 Reference value :  1.16198e-01
 Reference value :  1.16205e-01
 Reference value :  1.16212e-01
 Reference value :  1.16220e-01
 Reference value :  1.16227e-01
 Reference value :  1.16237e-01
 Reference value :  1.16244e-01
 Reference value :  1.16251e-01
 Reference value :  1.16259e-01
 Reference value :  1.16266e-01
 Reference value :  1.16273e-01
 Reference value :  1.16281e-01
 Reference value :  1.16288e-01
 Reference value :  1.16297e-01
 Reference value :  1.16305e-01
 Reference value :  1.16313e-01
 Reference value :  1.16320e-01
 Reference value :  1.16327e-01
 Reference value :  1.16335e-01
 Reference value :  1.16342e-01
 Reference value :  1.16349e-01
 Reference value :  1.16357e-01
 Reference value :  1.16367e-01
 Reference value :  1.16374e-01
 Reference value :  1.16381e-01
 Reference value :  1.16389e-01
 Reference value :  1.16396e-01
 Reference value :  1.16403e-01
 Reference value :  1.16411e-01
 Reference value :  1.16420e-01
 Reference value :  1.16428e-01
 Reference value :  1.16435e-01
 Reference value :  1.16442e-01
 Reference value :  1.16450e-01
 Reference value :  1.16457e-01
 Reference value :  1.16465e-01
 Reference value :  1.16472e-01
 Reference value :  1.16479e-01
 Reference value :  1.16489e-01
 Reference value :  1.16496e-01
 Reference value :  1.16504e-01
 Reference value :  1.16511e-01
 Reference value :  1.16518e-01
 Reference value :  1.16526e-01
 Reference value :  1.16535e-01
 Reference value :  1.16543e-01
 Reference value :  1.16550e-01
 Reference value :  1.16558e-01
 Reference value :  1.16565e-01
 Reference value :  1.16572e-01
 Reference value :  1.16582e-01
 Reference value :  1.16589e-01
 Reference value :  1.16597e-01
 Reference value :  1.16604e-01
 Reference value :  1.16612e-01
 Reference value :  1.16619e-01
 Reference value :  1.16626e-01
 Reference value :  1.16634e-01
 Reference value :  1.16641e-01
 Reference value :  1.16648e-01
 Reference value :  1.16656e-01
 Reference value :  1.16665e-01
 Reference value :  1.16673e-01
 Reference value :  1.16680e-01
 Reference value :  1.16690e-01
 Reference value :  1.16697e-01
 Reference value :  1.16705e-01
 Reference value :  1.16712e-01
 Reference value :  1.16719e-01
 Reference value :  1.16727e-01
 Reference value :  1.16734e-01
 Reference value :  1.16744e-01
 Reference value :  1.16751e-01
 Reference value :  1.16759e-01
 Reference value :  1.16766e-01
 Reference value :  1.16773e-01
 Reference value :  1.16783e-01
 Reference value :  1.16790e-01
 Reference value :  1.16798e-01
 Reference value :  1.16805e-01
 Reference value :  1.16812e-01
 Reference value :  1.16822e-01
 Reference value :  1.16829e-01
 Reference value :  1.16837e-01
 Reference value :  1.16844e-01
 Reference value :  1.16849e-01
 Reference value :  1.16857e-01
 Reference value :  1.16866e-01
 Reference value :  1.16874e-01
 Reference value :  1.16881e-01
 Reference value :  1.16888e-01
 Reference value :  1.16896e-01
 Reference value :  1.16905e-01
 Reference value :  1.16913e-01
 Reference value :  1.16920e-01
 Reference value :  1.16928e-01
 Reference value :  1.16935e-01
 Reference value :  1.16942e-01
 Reference value :  1.16950e-01
 Reference value :  1.16959e-01
 Reference value :  1.16967e-01
 Reference value :  1.16974e-01
 Reference value :  1.16981e-01
 Reference value :  1.16989e-01
 Reference value :  1.16996e-01
 Reference value :  1.17003e-01
 Reference value :  1.17011e-01
 Reference value :  1.17018e-01
 Reference value :  1.17026e-01
 Reference value :  1.17035e-01
 Reference value :  1.17043e-01
 Reference value :  1.17050e-01
 Reference value :  1.17057e-01
 Reference value :  1.17065e-01
 Reference value :  1.17072e-01
 Reference value :  1.17079e-01
 Reference value :  1.17087e-01
 Reference value :  1.17094e-01
 Reference value :  1.17101e-01
 Reference value :  1.17109e-01
 Reference value :  1.17117e-01
 Reference value :  1.17126e-01
 Reference value :  1.17133e-01
 Reference value :  1.17141e-01
 Reference value :  1.17148e-01
 Reference value :  1.17155e-01
 Reference value :  1.17163e-01
 Reference value :  1.17170e-01
 Reference value :  1.17177e-01
 Reference value :  1.17185e-01
 Reference value :  1.17194e-01
 Reference value :  1.17202e-01
 Reference value :  1.17209e-01
 Reference value :  1.17217e-01
 Reference value :  1.17224e-01
 Reference value :  1.17231e-01
 Reference value :  1.17239e-01
 Reference value :  1.17246e-01
 Reference value :  1.17254e-01
 Reference value :  1.17261e-01
 Reference value :  1.17270e-01
 Reference value :  1.17278e-01
 Reference value :  1.17285e-01
 Reference value :  1.17292e-01
 Reference value :  1.17300e-01
 Reference value :  1.17307e-01
 Reference value :  1.17315e-01
 Reference value :  1.17324e-01
 Reference value :  1.17332e-01
 Reference value :  1.17339e-01
 Reference value :  1.17345e-01
 Reference value :  1.17352e-01
 Reference value :  1.17361e-01
 Reference value :  1.17368e-01
 Reference value :  1.17376e-01
 Reference value :  1.17381e-01
 Reference value :  1.17390e-01
 Reference value :  1.17398e-01
 Reference value :  1.17405e-01
 Reference value :  1.17413e-01
 Reference value :  1.17420e-01
 Reference value :  1.17427e-01
 Reference value :  1.17435e-01
 Reference value :  1.17442e-01
 Reference value :  1.17450e-01
 Reference value :  1.17459e-01
 Reference value :  1.17466e-01
 Reference value :  1.17474e-01
 Reference value :  1.17481e-01
 Reference value :  1.17488e-01
 Reference value :  1.17496e-01
 Reference value :  1.17503e-01
 Reference value :  1.17511e-01
 Reference value :  1.17518e-01
 Reference value :  1.17528e-01
 Reference value :  1.17535e-01
 Reference value :  1.17542e-01
 Reference value :  1.17550e-01
 Reference value :  1.17557e-01
 Reference value :  1.17564e-01
 Reference value :  1.17572e-01
 Reference value :  1.17579e-01
 Reference value :  1.17587e-01
 Reference value :  1.17594e-01
 Reference value :  1.17604e-01
 Reference value :  1.17611e-01
 Reference value :  1.17618e-01
 Reference value :  1.17626e-01
 Reference value :  1.17633e-01
 Reference value :  1.17640e-01
 Reference value :  1.17648e-01
 Reference value :  1.17655e-01
 Reference value :  1.17662e-01
 Reference value :  1.17670e-01
 Reference value :  1.17678e-01
 Reference value :  1.17685e-01
 Reference value :  1.17694e-01
 Reference value :  1.17701e-01
 Reference value :  1.17709e-01
 Reference value :  1.17716e-01
 Reference value :  1.17724e-01
 Reference value :  1.17731e-01
 Reference value :  1.17738e-01
 Reference value :  1.17746e-01
 Reference value :  1.17753e-01
 Reference value :  1.17760e-01
 Reference value :  1.17768e-01
 Reference value :  1.17775e-01
 Reference value :  1.17785e-01
 Reference value :  1.17792e-01
 Reference value :  1.17799e-01
 Reference value :  1.17807e-01
 Reference value :  1.17814e-01
 Reference value :  1.17822e-01
 Reference value :  1.17829e-01
 Reference value :  1.17836e-01
 Reference value :  1.17844e-01
 Reference value :  1.17851e-01
 Reference value :  1.17861e-01
 Reference value :  1.17868e-01
 Reference value :  1.17875e-01
 Reference value :  1.17883e-01
 Reference value :  1.17890e-01
 Reference value :  1.17897e-01
 Reference value :  1.17905e-01
 Reference value :  1.17914e-01
 Reference value :  1.17921e-01
 Reference value :  1.17929e-01
 Reference value :  1.17937e-01
 Reference value :  1.17944e-01
 Reference value :  1.17951e-01
 Reference value :  1.17959e-01
 Reference value :  1.17966e-01
 Reference value :  1.17973e-01
 Reference value :  1.17981e-01
 Reference value :  1.17988e-01
 Reference value :  1.17995e-01
 Reference value :  1.18005e-01
 Reference value :  1.18013e-01
 Reference value :  1.18020e-01
 Reference value :  1.18027e-01
 Reference value :  1.18035e-01
 Reference value :  1.18042e-01
 Reference value :  1.18049e-01
 Reference value :  1.18057e-01
 Reference value :  1.18064e-01
 Reference value :  1.18071e-01
 Reference value :  1.18079e-01
 Reference value :  1.18086e-01
 Reference value :  1.18096e-01
 Reference value :  1.18103e-01
 Reference value :  1.18111e-01
 Reference value :  1.18118e-01
 Reference value :  1.18125e-01
 Reference value :  1.18133e-01
 Reference value :  1.18140e-01
 Reference value :  1.18147e-01
 Reference value :  1.18155e-01
 Reference value :  1.18162e-01
 Reference value :  1.18172e-01
 Reference value :  1.18179e-01
 Reference value :  1.18186e-01
 Reference value :  1.18194e-01
 Reference value :  1.18201e-01
 Reference value :  1.18208e-01
 Reference value :  1.18216e-01
 Reference value :  1.18226e-01
 Reference value :  1.18233e-01
 Reference value :  1.18240e-01
 Reference value :  1.18248e-01
 Reference value :  1.18255e-01
 Reference value :  1.18262e-01
 Reference value :  1.18270e-01
 Reference value :  1.18277e-01
 Reference value :  1.18284e-01
 Reference value :  1.18292e-01
 Reference value :  1.18301e-01
 Reference value :  1.18309e-01
 Reference value :  1.18316e-01
 Reference value :  1.18324e-01
 Reference value :  1.18331e-01
 Reference value :  1.18338e-01
 Reference value :  1.18346e-01
 Reference value :  1.18354e-01
 Reference value :  1.18360e-01
 Reference value :  1.18370e-01
 Reference value :  1.18377e-01
 Reference value :  1.18385e-01
 Reference value :  1.18392e-01
 Reference value :  1.18400e-01
 Reference value :  1.18407e-01
 Reference value :  1.18414e-01
 Reference value :  1.18422e-01
 Reference value :  1.18429e-01
 Reference value :  1.18436e-01
 Reference value :  1.18446e-01
 Reference value :  1.18453e-01
 Reference value :  1.18461e-01
 Reference value :  1.18468e-01
 Reference value :  1.18475e-01
 Reference value :  1.18483e-01
 Reference value :  1.18490e-01
 Reference value :  1.18498e-01
 Reference value :  1.18505e-01
 Reference value :  1.18512e-01
 Reference value :  1.18522e-01
 Reference value :  1.18529e-01
 Reference value :  1.18537e-01
 Reference value :  1.18544e-01
 Reference value :  1.18551e-01
 Reference value :  1.18559e-01
 Reference value :  1.18566e-01
 Reference value :  1.18574e-01
 Reference value :  1.18581e-01
 Reference value :  1.18590e-01
 Reference value :  1.18598e-01
 Reference value :  1.18605e-01
 Reference value :  1.18613e-01
 Reference value :  1.18620e-01
 Reference value :  1.18627e-01
 Reference value :  1.18635e-01
 Reference value :  1.18642e-01
 Reference value :  1.18649e-01
 Reference value :  1.18657e-01
 Reference value :  1.18666e-01
 Reference value :  1.18674e-01
 Reference value :  1.18681e-01
 Reference value :  1.18688e-01
 Reference value :  1.18696e-01
 Reference value :  1.18703e-01
 Reference value :  1.18711e-01
 Reference value :  1.18718e-01
 Reference value :  1.18725e-01
 Reference value :  1.18733e-01
 Reference value :  1.18742e-01
 Reference value :  1.18750e-01
 Reference value :  1.18757e-01
 Reference value :  1.18764e-01
 Reference value :  1.18772e-01
 Reference value :  1.18779e-01
 Reference value :  1.18786e-01
 Reference value :  1.18794e-01
 Reference value :  1.18802e-01
 Reference value :  1.18809e-01
 Reference value :  1.18816e-01
 Reference value :  1.18823e-01
 Reference value :  1.18833e-01
 Reference value :  1.18840e-01
 Reference value :  1.18848e-01
 Reference value :  1.18855e-01
 Reference value :  1.18862e-01
 Reference value :  1.18870e-01
 Reference value :  1.18877e-01
 Reference value :  1.18884e-01
 Reference value :  1.18892e-01
 Reference value :  1.18902e-01
 Reference value :  1.18909e-01
 Reference value :  1.18916e-01
 Reference value :  1.18924e-01
 Reference value :  1.18931e-01
 Reference value :  1.18938e-01
 Reference value :  1.18946e-01
 Reference value :  1.18953e-01
 Reference value :  1.18960e-01
 Reference value :  1.18968e-01
 Reference value :  1.18977e-01
 Reference value :  1.18985e-01
 Reference value :  1.18992e-01
 Reference value :  1.19000e-01
 Reference value :  1.19007e-01
 Reference value :  1.19014e-01
 Reference value :  1.19022e-01
 Reference value :  1.19029e-01
 Reference value :  1.19036e-01
 Reference value :  1.19044e-01
 Reference value :  1.19051e-01
 Reference value :  1.19058e-01
 Reference value :  1.19068e-01
 Reference value :  1.19074e-01
 Reference value :  1.19083e-01
 Reference value :  1.19090e-01
 Reference value :  1.19097e-01
 Reference value :  1.19105e-01
 Reference value :  1.19112e-01
 Reference value :  1.19120e-01
 Reference value :  1.19127e-01
 Reference value :  1.19134e-01
 Reference value :  1.19142e-01
 Reference value :  1.19149e-01
 Reference value :  1.19156e-01
 Reference value :  1.19166e-01
 Reference value :  1.19173e-01
 Reference value :  1.19181e-01
 Reference value :  1.19188e-01
 Reference value :  1.19195e-01
 Reference value :  1.19203e-01
 Reference value :  1.19210e-01
 Reference value :  1.19218e-01
 Reference value :  1.19225e-01
 Reference value :  1.19235e-01
 Reference value :  1.19242e-01
 Reference value :  1.19247e-01
 Reference value :  1.19255e-01
 Reference value :  1.19264e-01
 Reference value :  1.19271e-01
 Reference value :  1.19279e-01
 Reference value :  1.19286e-01
 Reference value :  1.19293e-01
 Reference value :  1.19301e-01
 Reference value :  1.19308e-01
 Reference value :  1.19316e-01
 Reference value :  1.19323e-01
 Reference value :  1.19330e-01
 Reference value :  1.19339e-01
 Reference value :  1.19347e-01
 Reference value :  1.19355e-01
 Reference value :  1.19362e-01
 Reference value :  1.19369e-01
 Reference value :  1.19377e-01
 Reference value :  1.19384e-01
 Reference value :  1.19391e-01
 Reference value :  1.19399e-01
 Reference value :  1.19406e-01
 Reference value :  1.19415e-01
 Reference value :  1.19423e-01
 Reference value :  1.19431e-01
 Reference value :  1.19438e-01
 Reference value :  1.19445e-01
 Reference value :  1.19453e-01
 Reference value :  1.19460e-01
 Reference value :  1.19467e-01
 Reference value :  1.19475e-01
 Reference value :  1.19482e-01
 Reference value :  1.19492e-01
 Reference value :  1.19499e-01
 Reference value :  1.19506e-01
 Reference value :  1.19514e-01
 Reference value :  1.19521e-01
 Reference value :  1.19529e-01
 Reference value :  1.19536e-01
 Reference value :  1.19543e-01
 Reference value :  1.19551e-01
 Reference value :  1.19558e-01
 Reference value :  1.19565e-01
 Reference value :  1.19573e-01
 Reference value :  1.19582e-01
 Reference value :  1.19590e-01
 Reference value :  1.19597e-01
 Reference value :  1.19604e-01
 Reference value :  1.19612e-01
 Reference value :  1.19619e-01
 Reference value :  1.19627e-01
 Reference value :  1.19636e-01
 Reference value :  1.19644e-01
 Reference value :  1.19649e-01
 Reference value :  1.19656e-01
 Reference value :  1.19666e-01
 Reference value :  1.19672e-01
 Reference value :  1.19680e-01
 Reference value :  1.19688e-01
 Reference value :  1.19695e-01
 Reference value :  1.19703e-01
 Reference value :  1.19710e-01
 Reference value :  1.19717e-01
 Reference value :  1.19722e-01
 Reference value :  1.19730e-01
 Reference value :  1.19739e-01
 Reference value :  1.19747e-01
 Reference value :  1.19754e-01
 Reference value :  1.19761e-01
 Reference value :  1.19769e-01
 Reference value :  1.19778e-01
 Reference value :  1.19784e-01
 Reference value :  1.19791e-01
 Reference value :  1.19800e-01
 Reference value :  1.19808e-01
 Reference value :  1.19815e-01
 Reference value :  1.19822e-01
 Reference value :  1.19830e-01
 Reference value :  1.19837e-01
 Reference value :  1.19845e-01
 Reference value :  1.19852e-01
 Reference value :  1.19859e-01
 Reference value :  1.19867e-01
 Reference value :  1.19876e-01
 Reference value :  1.19882e-01
 Reference value :  1.19891e-01
 Reference value :  1.19898e-01
 Reference value :  1.19906e-01
 Reference value :  1.19913e-01
 Reference value :  1.19921e-01
 Reference value :  1.19928e-01
 Reference value :  1.19935e-01
 Reference value :  1.19945e-01
 Reference value :  1.19952e-01
 Reference value :  1.19957e-01
 Reference value :  1.19962e-01
 Reference value :  1.19965e-01
 Reference value :  1.19969e-01
 Reference value :  1.19972e-01
 Reference value :  1.19974e-01
 Reference value :  1.19979e-01
 Reference value :  1.19984e-01
 Reference value :  1.19989e-01
 Reference value :  1.19992e-01
 Reference value :  1.19996e-01
 Reference value :  1.19999e-01
stdout No. of Data Rows : 8253609
stdout sim_end = 1.200000e-01
stdout output_peak         =  1.27850e+01 at=  9.63191e-02
stdout output_min          =  -4.18850e-12 at=  1.17420e-08
stdout inductor_peak       =  5.62087e+00 at=  8.66944e-02
stdout inductor_min        =  -6.84989e-02 at=  8.96732e-02
stdout body_reverse_peak   =  5.46326e+00 at=  3.79814e-02
stdout input_min           =  -2.59867e-06 at=  0.00000e+00
stdout before_loss         =  1.24231e+01 from=  2.00000e-02 to=  2.40000e-02
stdout recovery            =  1.18406e+01 from=  1.15000e-01 to=  1.20000e-01
