stdout Note: gnd in a subcircuit is not set to 0 automatically
stdout Note: Compatibility modes selected: ps
stdout Circuit: ti tps54360 transient model, 12v actual compensation, vin=20.69
stdout Reducing trtol to 1 for xspice 'A' devices
stdout Doing analysis at TEMP = 27.000000 and TNOM = 27.000000
stdout Using KLU as Direct Linear Solver
stdout Initial Transient Solution
stdout --------------------------
stdout Node                                   Voltage
stdout ----                                   -------
stdout vinf                              -2.59867e-06
stdout xu.set0                                      0
stdout xu.u6_n16588693                           0.86
stdout xu.x_u6_u134.yint                            1
stdout xu.x_u6_u134.e_abmgate_int1                  1
stdout xu.u6_n16564386                              0
stdout xu.sdwn                                      1
stdout xu.u6_n16543632                              1
stdout xu.u6_n16489275                    1.97411e-85
stdout xu.x_u6_u603.x1.yint1                        0
stdout xu.x_u6_u603.x1.e_abmgate1_int1               0
stdout xu.sysclk                                    0
stdout xu.x_u6_u603.x1.yint2                        0
stdout xu.x_u6_u603.x1.yint3                        1
stdout xu.x_u6_u603.x1.e_abmgate2_int1               1
stdout xu.x_u6_u603.clkdel                          1
stdout xu.x_u6_u603.x2.yint                         0
stdout xu.x_u6_u603.x2.e_abmgate_int1               0
stdout xu.x_u6_u603.clkint                          0
stdout xu.x_u6_u603.qint                           -0
stdout xu.x_u6_u603.gq_int1                        -1
stdout xu.u6_pwm                                    0
stdout xu.set1                                      1
stdout xu.x_u6_u603.my5                             1
stdout xu.x_u6_u603.qqq                             0
stdout xu.x_u6_u603.x3.yint1                        0
stdout xu.x_u6_u603.x3.e_abmgate1_int1               0
stdout xu.x_u6_u603.x3.yint2                        0
stdout xu.x_u6_u603.x3.yint3                        0
stdout xu.x_u6_u603.x3.e_abmgate2_int1               0
stdout xu.x_u6_u603.qqqd1                          -0
stdout xu.pwm_clk                                   0
stdout xu.x_u6_u603.qbr                             1
stdout xu.x_u6_u603.eqb_int1                        1
stdout xu.n16528816                                 1
stdout xu.u6_n16489469                    3.43757e-12
stdout xu.e_u6_abm148_int1                3.43757e-12
stdout xu.u6_vrampin                      3.43757e-06
stdout xu.u6_n16502082                      -1.22e-06
stdout xu.e_u6_abm163_int1                  -1.22e-06
stdout xu.u6_n16488977                    2.49722e-06
stdout xu.u6_vramp                        3.43757e-12
stdout xu.u6_iswf                                -0.1
stdout xu.e_u6_abm152_int1                       -0.1
stdout xu.isw                            -2.59855e-13
stdout xu.u6_n16489395                              0
stdout xu.u6_n165858563                         0.024
stdout xu.x_u6_u602.yint                            0
stdout xu.x_u6_u602.e_abmgate_int1                  0
stdout xu.u6_n16575036                              0
stdout xu.boot_uvlo                                 0
stdout xu.u6_ovtp                                   1
stdout xu.u6_n16531938                      -0.111508
stdout xu.e_u6_abm165_int1                  -0.111508
stdout xu.u6_ictrl                          -0.111508
stdout xu.e_u6_abm164_int1                2.49722e-06
stdout comp                                  0.594386
stdout xu.g_u6_abmi4_int1                -0.000343757
stdout xu.if2ia                           0.000343757
stdout xu.e_u6_abm151_int1                          0
stdout xu.pwm_final                                 0
stdout xu.x_u6_u599.yint1                           0
stdout xu.x_u6_u599.e_abmgate1_int1                 0
stdout xu.x_u6_u599.yint2                           0
stdout xu.x_u6_u599.yint3                           1
stdout xu.x_u6_u599.e_abmgate2_int1                 1
stdout xu.u6_n16489527                              1
stdout xu.x_u6_u600.yint                            0
stdout xu.x_u6_u600.e_abm_int1                      0
stdout xu.x_u6_u598.yint                            0
stdout xu.x_u6_u598.e_abmgate_int1                  0
stdout xu.x_u6_u604.inp1                        0.436
stdout xu.x_u6_u604.inm1                       -0.424
stdout xu.vsenseint                      -9.85548e-12
stdout xu.x_u6_u604.inm2                       -0.436
stdout xu.x_u6_u604.ehys_int1                  -0.012
stdout xu.x_u6_u604.1                               1
stdout xu.x_u6_u604.eout_int1                       1
stdout xu.u3_n16489962                              1
stdout xu.u3_n16638112                   -9.85548e-12
stdout rt                                    0.999996
stdout xu.u3_n16667294                   4.54076e-168
stdout xu.u3_n16667366                   1.33053e-153
stdout xu.u3_n166379101                           0.6
stdout xu.u3_n16638088                            0.6
stdout xu.u3_n16490102                              5
stdout xu.u3_ramp                         5.07254e-05
stdout xu.u3_n16650384                    5.07254e-05
stdout xu.i_rt                            4.16675e-06
stdout xu.u3_n16523619                              1
stdout xu.e_u3_abm164_int1               -9.85548e-12
stdout fb                                -9.85548e-12
stdout xu.x_u3_u6.yint                              1
stdout xu.x_u3_u6.e_abm_int1                        1
stdout xu.u3_n16637796                            0.4
stdout xu.u3_out2                                   1
stdout xu.fsw                             0.000405803
stdout xu.e_u3_abm1_int1                  0.000405803
stdout xu.u3_n16505459                              1
stdout xu.x_u3_u131.yint                            0
stdout xu.x_u3_u131.e_abm_int1                      0
stdout xu.u3_sysclk1                                0
stdout xu.x_u3_u7.yint                              1
stdout xu.x_u3_u7.e_abm_int1                        1
stdout xu.u3_out3                                   1
stdout xu.x_u3_u138.yint                            0
stdout xu.x_u3_u138.e_abmgate_int1                  0
stdout xu.x_u3_u135.yint1                           0
stdout xu.x_u3_u135.e_abmgate1_int1                 0
stdout xu.x_u3_u135.yint2                           0
stdout xu.x_u3_u135.yint3                           0
stdout xu.x_u3_u135.e_abmgate2_int1                 0
stdout xu.u3_n16517387                              0
stdout xu.u3_n16676060                    0.000343757
stdout xu.e_u3_abm166_int1                0.000343757
stdout xu.u3_out1                                   1
stdout xu.u3_n16668029                            0.2
stdout xu.x_u3_u134.yint                            1
stdout xu.x_u3_u134.e_abmgate_int1                  1
stdout xu.u3_n16517226                              1
stdout xu.e_u3_abm165_int1                5.07254e-05
stdout xu.u3_n166679551                           0.2
stdout xu.e_u3_abm7_int1                          0.2
stdout xu.u3_n166378601                           0.4
stdout xu.x_u3_u136.yint                            0
stdout xu.x_u3_u136.e_abmgate_int1                  0
stdout xu.u3_n16667326                              1
stdout xu.x_u3_u8.yint                              1
stdout xu.x_u3_u8.e_abm_int1                        1
stdout xu.e_u3_abm4_int1                          0.4
stdout xu.x_u3_u137.yint1                           0
stdout xu.x_u3_u137.e_abmgate1_int1                 0
stdout xu.x_u3_u137.yint2                           0
stdout xu.x_u3_u137.yint3                           1
stdout xu.x_u3_u137.e_abmgate2_int1                 1
stdout xu.e_u3_abm6_int1                          0.6
stdout xu.x_u8_u606.yint                            0
stdout xu.x_u8_u606.e_abmgate_int1                  0
stdout xu.u8_sdwn_n                                 0
stdout xu.x_u8_u613.yint                            0
stdout xu.x_u8_u613.e_abmgate_int1                  0
stdout xu.u8_n7365280                               0
stdout xu.u8_n73698801                              6
stdout xu.u8_n7345383                               6
stdout xu.u8_n7274256                               0
stdout xu.x_u8_u608.yint                            0
stdout xu.x_u8_u608.e_abmgate_int1                  0
stdout xu.u8_hdrvin                                 0
stdout xu.u8_n7342498                               0
stdout xu.u8_n7274022                               0
stdout xu.x_u8_u602.yint                            1
stdout xu.x_u8_u602.e_abmgate_int1                  1
stdout xu.u8_out                                    0
stdout xu.u8_boot_on                                1
stdout xu.x_u8_u607.yint                            0
stdout xu.x_u8_u607.e_abmgate_int1                  0
stdout xu.u8_ldrv                                   1
stdout xu.enab                                      0
stdout xu.u8_boot_sw_on                             0
stdout xu.x_u8_u612.yint1                           1
stdout xu.x_u8_u612.e_abmgate1_int1                 1
stdout xu.u8_n7274198                               1
stdout xu.x_u8_u612.yint2                           1
stdout xu.x_u8_u612.yint3                           1
stdout xu.x_u8_u612.e_abmgate2_int1                 1
stdout xu.u8_n7343256                               1
stdout xu.x_u8_u609.yint                            1
stdout xu.x_u8_u609.e_abmgate_int1                  1
stdout xu.u8_n7274032                               1
stdout xu.u8_n7273984                    -2.59867e-06
stdout xu.e_u8_abm2_int1                            6
stdout boot                              -2.49456e-09
stdout xu.x_u8_u610.yint                            1
stdout xu.x_u8_u610.e_abmgate_int1                  1
stdout xu.x_u8_u604.yint                            0
stdout xu.x_u8_u604.e_abmgate_int1                  0
stdout xu.u8_n7347010                    -2.34672e-09
stdout xu.e_u8_abm169_int1               -2.34672e-09
stdout sw                                -1.47839e-10
stdout xu.x_u8_u611.yint1                           0
stdout xu.x_u8_u611.e_abmgate1_int1                 0
stdout xu.x_u8_u611.yint2                           0
stdout xu.x_u8_u611.yint3                           0
stdout xu.x_u8_u611.e_abmgate2_int1                 0
stdout xu.hdrv                           -1.47841e-10
stdout xu.x_u8_u605.yint                            1
stdout xu.x_u8_u605.e_abmgate_int1                  1
stdout xu.e_u8_abm167_int1                          0
stdout xu.x_u8_u5.yint                             -0
stdout xu.x_u8_u5.e_abm_int1                       -0
stdout xu.u5_n16512904                          7e-05
stdout xu.ocb                                       0
stdout xu.g_u5_abm2i1_int1                -2.6488e-06
stdout xu.vref_gm                             -0.0344
stdout xu.u5_vgm                              7.7e-05
stdout xu.u5_n16513008                              2
stdout xu.u5_n16513064                        7.7e-05
stdout xu.e_u5_abm177_int1                    7.7e-05
stdout xu.x_u5_u603.yint                            0
stdout xu.x_u5_u603.e_abmgate_int1                  0
stdout xu.u5_n16513124                              0
stdout xu.u5_n16512948                          7e-05
stdout xu.u5_n16513186                              0
stdout xu.e_u5_abm8_int1                            0
stdout xu.u5_n16513014                            0.6
stdout xu.x_u5_u614.yint                            0
stdout xu.x_u5_u614.e_abmgate_int1                  0
stdout xu.u5_n16513160                              0
stdout xu.e_u5_abm171_int1                      7e-05
stdout xu.ss_tr                                     0
stdout xu.x_u11_u604.yint                           1
stdout xu.x_u11_u604.e_abmgate_int1                 1
stdout xu.u11_n16496294                             1
stdout xu.ss_disch                                  0
stdout xu.e_u11_abm173_int1                         0
stdout xu.u11_n6045136                              0
stdout xu.x_u11_u601.yint                           1
stdout xu.x_u11_u601.e_abmgate_int1                 1
stdout xu.u11_uvlo                                  1
stdout xu.x_u11_u603.yint                           0
stdout xu.x_u11_u603.e_abmgate_int1                 0
stdout xu.u11_n6045130                              0
stdout xu.u11_n6045018                            4.3
stdout xu.x_u11_u602.yint                           1
stdout xu.x_u11_u602.e_abm_int1                     1
stdout en                                   0.0207959
stdout xu.u1_n7335522                               0
stdout xu.e_u1_abm173_int1                          0
stdout xu.u1_n7335540                               0
stdout xu.e_u1_abm1_int1                            0
stdout xu.g_u1_abmii1_int1                    1.2e-06
stdout xu.u7_indelayed2                   3.49815e-79
stdout xu.u7_n16490100                              1
stdout xu.u7_n16489586                              1
stdout xu.x_u7_u6.yint                              0
stdout xu.x_u7_u6.e_abmgate_int1                    0
stdout xu.u7_or2out2                                0
stdout xu.u7_or2out1                                0
stdout xu.u7_n16489522                    7.31565e-99
stdout xu.u7_indelayed1                   6.88338e-79
stdout xu.x_u7_u826.yint1                           0
stdout xu.x_u7_u826.e_abmgate1_int1                 0
stdout xu.x_u7_u826.yint2                           0
stdout xu.x_u7_u826.yint3                           1
stdout xu.x_u7_u826.e_abmgate2_int1                 1
stdout xu.u7_n16509390                              1
stdout xu.x_u7_u825.yint                            0
stdout xu.x_u7_u825.e_abmgate_int1                  0
stdout xu.u7_n16509288                   -3.65776e-99
stdout xu.e_u7_abm13_int1                           1
stdout xu.x_u7_u823.yint                            0
stdout xu.x_u7_u823.e_abmgate_int1                  0
stdout xu.u7_n16497188                              1
stdout xu.x_u7_u827.yint                            0
stdout xu.x_u7_u827.e_abmgate_int1                  0
stdout xu.x_u7_u822.yint1                           0
stdout xu.x_u7_u822.e_abmgate1_int1                 0
stdout xu.x_u7_u822.yint2                           0
stdout xu.x_u7_u822.yint3                           1
stdout xu.x_u7_u822.e_abmgate2_int1                 1
stdout xu.x_u7_u824.yint                            0
stdout xu.x_u7_u824.e_abmgate_int1                  0
stdout xu.u4_n7398284                         -0.0344
stdout xu.e_u4_abm178_int1                    -0.0344
stdout xu.u4_n7404432                         -0.0344
stdout xu.u4_n7398466                               0
stdout xu.e_u4_abm180_int1                          0
stdout xu.u4_n7397990                             1.7
stdout xu.g_u4_abmii1_int1                          0
stdout xu.u4_n16518371                              0
stdout xu.u4_n7404426                         -0.0344
stdout xu.x_u4_u1.yint                              0
stdout xu.x_u4_u1.e_abmgate_int1                    0
stdout xu.u4_n7398492                               0
stdout xu.e_u4_abm179_int1                    -0.0344
stdout xu.u4_n7398290                         -0.0344
stdout xu.g_u4_abmi5_int1                           0
stdout xu.e_u4_abm174_int1                    -0.0344
stdout vout                              -1.47832e-10
stdout cc                                    0.594386
stdout linductor                         -1.47839e-10
stdout c1                                           0
stdout c2                                           0
stdout secp                              -1.29933e-06
stdout secn                              -1.29933e-06
stdout acp                               -1.29933e-06
stdout acn                               -1.29933e-06
stdout stored                            -2.59867e-06
stdout bsecondary#branch                   7.1661e-21
stdout b.xu.be_u4_abm174#branch                     0
stdout b.xu.bg_u4_abmi5#branch                      0
stdout b.xu.be_u4_abm179#branch                     0
stdout b.xu.x_u4_u1.be_abmgate#branch               0
stdout b.xu.bg_u4_abmii1#branch                     0
stdout b.xu.be_u4_abm180#branch                     0
stdout b.xu.be_u4_abm178#branch                     0
stdout b.xu.x_u7_u824.be_abmgate#branch               0
stdout b.xu.x_u7_u822.be_abmgate2#branch               0
stdout b.xu.x_u7_u822.be_abmgate1#branch               0
stdout b.xu.x_u7_u827.be_abmgate#branch               0
stdout b.xu.x_u7_u823.be_abmgate#branch               0
stdout b.xu.be_u7_abm13#branch                      0
stdout b.xu.x_u7_u825.be_abmgate#branch               0
stdout b.xu.x_u7_u826.be_abmgate2#branch               0
stdout b.xu.x_u7_u826.be_abmgate1#branch               0
stdout b.xu.x_u7_u6.be_abmgate#branch               0
stdout b.xu.bg_u1_abmii1#branch                     0
stdout b.xu.be_u1_abm1#branch                       0
stdout b.xu.be_u1_abm173#branch                     0
stdout b.xu.x_u11_u602.be_abm#branch                0
stdout b.xu.x_u11_u603.be_abmgate#branch               0
stdout b.xu.x_u11_u601.be_abmgate#branch               0
stdout b.xu.be_u11_abm173#branch                    0
stdout b.xu.x_u11_u604.be_abmgate#branch               0
stdout b.xu.be_u5_abm171#branch                     0
stdout b.xu.x_u5_u614.be_abmgate#branch               0
stdout b.xu.be_u5_abm8#branch                       0
stdout b.xu.x_u5_u603.be_abmgate#branch               0
stdout b.xu.be_u5_abm177#branch                     0
stdout b.xu.bg_u5_abm2i1#branch                     0
stdout b.xu.x_u8_u5.be_abm#branch                   0
stdout b.xu.be_u8_abm167#branch                     0
stdout b.xu.x_u8_u605.be_abmgate#branch               0
stdout b.xu.x_u8_u611.be_abmgate2#branch               0
stdout b.xu.x_u8_u611.be_abmgate1#branch               0
stdout b.xu.be_u8_abm169#branch                     0
stdout b.xu.x_u8_u604.be_abmgate#branch               0
stdout b.xu.x_u8_u610.be_abmgate#branch               0
stdout b.xu.be_u8_abm2#branch                       0
stdout b.xu.x_u8_u609.be_abmgate#branch               0
stdout b.xu.x_u8_u612.be_abmgate2#branch               0
stdout b.xu.x_u8_u612.be_abmgate1#branch               0
stdout b.xu.x_u8_u607.be_abmgate#branch               0
stdout b.xu.x_u8_u602.be_abmgate#branch               0
stdout b.xu.x_u8_u608.be_abmgate#branch               0
stdout b.xu.x_u8_u613.be_abmgate#branch               0
stdout b.xu.x_u8_u606.be_abmgate#branch               0
stdout b.xu.be_u3_abm6#branch                       0
stdout b.xu.x_u3_u137.be_abmgate2#branch               0
stdout b.xu.x_u3_u137.be_abmgate1#branch               0
stdout b.xu.be_u3_abm4#branch                       0
stdout b.xu.x_u3_u8.be_abm#branch                   0
stdout b.xu.x_u3_u136.be_abmgate#branch               0
stdout b.xu.be_u3_abm7#branch                       0
stdout b.xu.be_u3_abm165#branch                     0
stdout v.xu.v_u3_v44#branch              -4.16675e-06
stdout b.xu.x_u3_u134.be_abmgate#branch               0
stdout b.xu.be_u3_abm166#branch                     0
stdout b.xu.x_u3_u135.be_abmgate2#branch               0
stdout b.xu.x_u3_u135.be_abmgate1#branch               0
stdout b.xu.x_u3_u138.be_abmgate#branch               0
stdout b.xu.x_u3_u7.be_abm#branch                   0
stdout b.xu.x_u3_u131.be_abm#branch                 0
stdout b.xu.be_u3_abm1#branch                       0
stdout b.xu.x_u3_u6.be_abm#branch                   0
stdout b.xu.be_u3_abm164#branch                     0
stdout b.xu.x_u6_u604.beout#branch                  0
stdout b.xu.x_u6_u604.behys#branch                  0
stdout b.xu.x_u6_u598.be_abmgate#branch               0
stdout b.xu.x_u6_u600.be_abm#branch                 0
stdout b.xu.x_u6_u599.be_abmgate2#branch               0
stdout b.xu.x_u6_u599.be_abmgate1#branch               0
stdout b.xu.be_u6_abm151#branch                     0
stdout b.xu.bg_u6_abmi4#branch                      0
stdout b.xu.be_u6_abm164#branch                     0
stdout b.xu.be_u6_abm165#branch                     0
stdout b.xu.x_u6_u602.be_abmgate#branch               0
stdout b.xu.be_u6_abm152#branch                     0
stdout b.xu.be_u6_abm163#branch                     0
stdout b.xu.be_u6_abm148#branch                     0
stdout b.xu.x_u6_u603.beqb#branch                   0
stdout b.xu.x_u6_u603.x3.be_abmgate2#branch               0
stdout b.xu.x_u6_u603.x3.be_abmgate1#branch               0
stdout b.xu.x_u6_u603.bgq#branch                    0
stdout b.xu.x_u6_u603.x2.be_abmgate#branch               0
stdout b.xu.x_u6_u603.x1.be_abmgate2#branch               0
stdout b.xu.x_u6_u603.x1.be_abmgate1#branch               0
stdout b.xu.x_u6_u134.be_abmgate#branch               0
stdout h.xu.x_u8_h1.h_u8_h1#branch                  0
stdout v.xu.x_u8_h1.vh_u8_h1#branch      -2.59855e-13
stdout h.xu.x_u3_h1.h_u3_h1#branch        -8.3335e-06
stdout v.xu.x_u3_h1.vh_u3_h1#branch      -4.16675e-06
stdout l1#branch                         -2.51315e-13
stdout e.xu.e_u4_abm174#branch                      0
stdout e.xu.e_u4_abm179#branch                      0
stdout e.xu.x_u4_u1.e_abmgate#branch                0
stdout e.xu.e_u4_abm180#branch                      0
stdout e.xu.e_u4_abm178#branch                      0
stdout e.xu.x_u7_u824.e_abmgate#branch               0
stdout e.xu.x_u7_u822.e_abmgate2#branch               0
stdout e.xu.x_u7_u822.e_abmgate1#branch               0
stdout e.xu.x_u7_u827.e_abmgate#branch    -3.65776e-99
stdout e.xu.x_u7_u823.e_abmgate#branch     7.31565e-99
stdout e.xu.e_u7_abm13#branch                       0
stdout e.xu.x_u7_u825.e_abmgate#branch               0
stdout e.xu.x_u7_u826.e_abmgate2#branch               0
stdout e.xu.x_u7_u826.e_abmgate1#branch               0
stdout e.xu.x_u7_u6.e_abmgate#branch                0
stdout e.xu.e_u1_abm1#branch                        0
stdout e.xu.e_u1_abm173#branch            2.11057e-10
stdout e.xu.x_u11_u602.e_abm#branch                 0
stdout e.xu.x_u11_u603.e_abmgate#branch               0
stdout e.xu.x_u11_u601.e_abmgate#branch               0
stdout e.xu.e_u11_abm173#branch                     0
stdout e.xu.x_u11_u604.e_abmgate#branch               0
stdout e.xu.e_u5_abm171#branch                      0
stdout e.xu.x_u5_u614.e_abmgate#branch               0
stdout e.xu.e_u5_abm8#branch                        0
stdout e.xu.x_u5_u603.e_abmgate#branch               0
stdout e.xu.e_u5_abm177#branch                      0
stdout e.xu.x_u8_u5.e_abm#branch                    0
stdout e.xu.e_u8_abm167#branch                      0
stdout e.xu.x_u8_u605.e_abmgate#branch               0
stdout e.xu.x_u8_u611.e_abmgate2#branch               0
stdout e.xu.x_u8_u611.e_abmgate1#branch               0
stdout e.xu.e_u8_abm169#branch                      0
stdout e.xu.x_u8_u604.e_abmgate#branch               0
stdout e.xu.x_u8_u610.e_abmgate#branch               0
stdout e.xu.e_u8_abm2#branch                        0
stdout e.xu.x_u8_u609.e_abmgate#branch      -1.001e-09
stdout e.xu.x_u8_u612.e_abmgate2#branch               0
stdout e.xu.x_u8_u612.e_abmgate1#branch               0
stdout e.xu.x_u8_u607.e_abmgate#branch               0
stdout e.xu.x_u8_u602.e_abmgate#branch               0
stdout e.xu.x_u8_u608.e_abmgate#branch               0
stdout e.xu.x_u8_u613.e_abmgate#branch               0
stdout e.xu.x_u8_u606.e_abmgate#branch               0
stdout e.xu.e_u3_abm6#branch                        0
stdout e.xu.x_u3_u137.e_abmgate2#branch               0
stdout e.xu.x_u3_u137.e_abmgate1#branch               0
stdout e.xu.e_u3_abm4#branch                        0
stdout e.xu.x_u3_u8.e_abm#branch                    0
stdout e.xu.x_u3_u136.e_abmgate#branch    4.54076e-168
stdout e.xu.e_u3_abm7#branch                        0
stdout e.xu.e_u3_abm165#branch                      0
stdout e.xu.x_u3_u134.e_abmgate#branch      -1.001e-09
stdout e.xu.e_u3_abm166#branch                      0
stdout e.xu.x_u3_u135.e_abmgate2#branch               0
stdout e.xu.x_u3_u135.e_abmgate1#branch               0
stdout e.xu.x_u3_u138.e_abmgate#branch               0
stdout e.xu.x_u3_u7.e_abm#branch                    0
stdout e.xu.x_u3_u131.e_abm#branch                  0
stdout e.xu.e_u3_abm1#branch                        0
stdout e.xu.x_u3_u6.e_abm#branch                    0
stdout e.xu.e_u3_abm164#branch                      0
stdout e.xu.x_u6_u604.eout#branch                   0
stdout e.xu.x_u6_u604.ehys#branch            4.36e-05
stdout e.xu.x_u6_u604.ein#branch            -4.36e-05
stdout e.xu.x_u6_u598.e_abmgate#branch               0
stdout e.xu.x_u6_u600.e_abm#branch                  0
stdout e.xu.x_u6_u599.e_abmgate2#branch               0
stdout e.xu.x_u6_u599.e_abmgate1#branch               0
stdout e.xu.e_u6_abm151#branch           1.79267e-100
stdout e.xu.e_u6_abm164#branch                      0
stdout e.xu.e_u6_abm165#branch                      0
stdout e.xu.x_u6_u602.e_abmgate#branch               0
stdout e.xu.e_u6_abm152#branch                      0
stdout e.xu.e_u6_abm163#branch                      0
stdout e.xu.e_u6_abm148#branch                      0
stdout e.xu.x_u6_u603.eqb#branch                    0
stdout e.xu.x_u6_u603.x3.e_abmgate2#branch               0
stdout e.xu.x_u6_u603.x3.e_abmgate1#branch               0
stdout e.xu.x_u6_u603.eq#branch                     0
stdout e.xu.x_u6_u603.x2.e_abmgate#branch               0
stdout e.xu.x_u6_u603.x1.e_abmgate2#branch               0
stdout e.xu.x_u6_u603.x1.e_abmgate1#branch               0
stdout e.xu.x_u6_u134.e_abmgate#branch      -1.001e-09
stdout v.xu.v_u4_v70#branch                -1.701e-12
stdout v.xu.v_u11_v64#branch                        0
stdout v.xu.v_u5_v5#branch                -2.6696e-06
stdout v.xu.v_u5_v6#branch               -1.40661e-12
stdout v.xu.v_u3_v45#branch              -5.07254e-05
stdout v.xu.v_u3_v46#branch                         0
stdout v.xu.v_v46#branch                            0
stdout v.xu.v_u6_v2#branch                          0
stdout v.xu.x_u6_u603.v1#branch            -1.001e-12
stdout v.xu.v_u6_v1#branch                          0
stdout v.xu.v_v47#branch                            0
 Reference value :  2.23420e-04
 Reference value :  6.00420e-04
 Reference value :  9.72670e-04
 Reference value :  1.34892e-03
 Reference value :  1.72767e-03
 Reference value :  2.10366e-03
 Reference value :  2.48141e-03
 Reference value :  2.85916e-03
 Reference value :  3.23341e-03
 Reference value :  3.45267e-03
 Reference value :  3.51008e-03
 Reference value :  3.55151e-03
 Reference value :  3.58787e-03
 Reference value :  3.60692e-03
 Reference value :  3.62592e-03
 Reference value :  3.64526e-03
 Reference value :  3.66514e-03
 Reference value :  3.68450e-03
 Reference value :  3.70389e-03
 Reference value :  3.72311e-03
 Reference value :  3.74999e-03
 Reference value :  3.78002e-03
 Reference value :  3.79930e-03
 Reference value :  3.81871e-03
 Reference value :  3.83791e-03
 Reference value :  3.85717e-03
 Reference value :  3.87642e-03
 Reference value :  3.89583e-03
 Reference value :  3.91676e-03
 Reference value :  3.93596e-03
 Reference value :  3.95528e-03
 Reference value :  3.97460e-03
 Reference value :  3.99405e-03
 Reference value :  4.03060e-03
 Reference value :  4.04996e-03
 Reference value :  4.06925e-03
 Reference value :  4.08854e-03
 Reference value :  4.11041e-03
 Reference value :  4.12991e-03
 Reference value :  4.14931e-03
 Reference value :  4.17989e-03
 Reference value :  4.20434e-03
 Reference value :  4.22655e-03
 Reference value :  4.24587e-03
 Reference value :  4.28104e-03
 Reference value :  4.30068e-03
 Reference value :  4.32010e-03
 Reference value :  4.34297e-03
 Reference value :  4.37780e-03
 Reference value :  4.39703e-03
 Reference value :  4.41650e-03
 Reference value :  4.43995e-03
 Reference value :  4.45955e-03
 Reference value :  4.49387e-03
 Reference value :  4.51304e-03
 Reference value :  4.53232e-03
 Reference value :  4.55648e-03
 Reference value :  4.57576e-03
 Reference value :  4.60447e-03
 Reference value :  4.62875e-03
 Reference value :  4.64820e-03
 Reference value :  4.67293e-03
 Reference value :  4.69230e-03
 Reference value :  4.72526e-03
 Reference value :  4.74454e-03
 Reference value :  4.76397e-03
 Reference value :  4.77591e-03
 Reference value :  4.78855e-03
 Reference value :  4.79844e-03
 Reference value :  4.81452e-03
 Reference value :  4.82429e-03
 Reference value :  4.83394e-03
 Reference value :  4.84686e-03
 Reference value :  4.85658e-03
 Reference value :  4.87249e-03
 Reference value :  4.88221e-03
 Reference value :  4.89545e-03
 Reference value :  4.91124e-03
 Reference value :  4.92090e-03
 Reference value :  4.93415e-03
 Reference value :  4.94818e-03
 Reference value :  4.95939e-03
 Reference value :  4.96910e-03
 Reference value :  4.98261e-03
 Reference value :  4.99226e-03
 Reference value :  5.00773e-03
 Reference value :  5.01740e-03
 Reference value :  5.03100e-03
 Reference value :  5.04091e-03
 Reference value :  5.05484e-03
 Reference value :  5.06570e-03
 Reference value :  5.07549e-03
 Reference value :  5.08936e-03
 Reference value :  5.09913e-03
 Reference value :  5.11408e-03
 Reference value :  5.12380e-03
 Reference value :  5.13352e-03
 Reference value :  5.14746e-03
 Reference value :  5.15721e-03
 Reference value :  5.17211e-03
 Reference value :  5.18200e-03
 Reference value :  5.19597e-03
 Reference value :  5.21077e-03
 Reference value :  5.22043e-03
 Reference value :  5.23498e-03
 Reference value :  5.24460e-03
 Reference value :  5.25925e-03
 Reference value :  5.26898e-03
 Reference value :  5.27864e-03
 Reference value :  5.28854e-03
 Reference value :  5.30285e-03
 Reference value :  5.31723e-03
 Reference value :  5.32701e-03
 Reference value :  5.33669e-03
 Reference value :  5.34640e-03
 Reference value :  5.36129e-03
 Reference value :  5.37097e-03
 Reference value :  5.38085e-03
 Reference value :  5.39479e-03
 Reference value :  5.40459e-03
 Reference value :  5.41934e-03
 Reference value :  5.42947e-03
 Reference value :  5.43844e-03
 Reference value :  5.44489e-03
 Reference value :  5.45017e-03
 Reference value :  5.45737e-03
 Reference value :  5.46428e-03
 Reference value :  5.46915e-03
 Reference value :  5.47403e-03
 Reference value :  5.48167e-03
 Reference value :  5.48846e-03
 Reference value :  5.49333e-03
 Reference value :  5.49826e-03
 Reference value :  5.50598e-03
 Reference value :  5.51267e-03
 Reference value :  5.51765e-03
 Reference value :  5.52542e-03
 Reference value :  5.53210e-03
 Reference value :  5.53705e-03
 Reference value :  5.54193e-03
 Reference value :  5.54680e-03
 Reference value :  5.55194e-03
 Reference value :  5.55953e-03
 Reference value :  5.56445e-03
 Reference value :  5.57108e-03
 Reference value :  5.57600e-03
 Reference value :  5.58088e-03
 Reference value :  5.58882e-03
 Reference value :  5.59381e-03
 Reference value :  5.60029e-03
 Reference value :  5.60513e-03
 Reference value :  5.61307e-03
 Reference value :  5.61950e-03
 Reference value :  5.62439e-03
 Reference value :  5.63236e-03
 Reference value :  5.63741e-03
 Reference value :  5.64364e-03
 Reference value :  5.64857e-03
 Reference value :  5.65345e-03
 Reference value :  5.65838e-03
 Reference value :  5.66622e-03
 Reference value :  5.67127e-03
 Reference value :  5.67773e-03
 Reference value :  5.68260e-03
 Reference value :  5.68747e-03
 Reference value :  5.69558e-03
 Reference value :  5.70048e-03
 Reference value :  5.70689e-03
 Reference value :  5.71178e-03
 Reference value :  5.71988e-03
 Reference value :  5.72617e-03
 Reference value :  5.73106e-03
 Reference value :  5.73923e-03
 Reference value :  5.74546e-03
 Reference value :  5.75045e-03
 Reference value :  5.75862e-03
 Reference value :  5.76348e-03
 Reference value :  5.76977e-03
 Reference value :  5.77463e-03
 Reference value :  5.77953e-03
 Reference value :  5.78789e-03
 Reference value :  5.79268e-03
 Reference value :  5.79893e-03
 Reference value :  5.80610e-03
 Reference value :  5.81210e-03
 Reference value :  5.81825e-03
 Reference value :  5.82316e-03
 Reference value :  5.82812e-03
 Reference value :  5.83629e-03
 Reference value :  5.84140e-03
 Reference value :  5.84752e-03
 Reference value :  5.85235e-03
 Reference value :  5.86070e-03
 Reference value :  5.86573e-03
 Reference value :  5.87166e-03
 Reference value :  5.87652e-03
 Reference value :  5.88146e-03
 Reference value :  5.88979e-03
 Reference value :  5.89482e-03
 Reference value :  5.90081e-03
 Reference value :  5.90566e-03
 Reference value :  5.91086e-03
 Reference value :  5.91912e-03
 Reference value :  5.92507e-03
 Reference value :  5.92997e-03
 Reference value :  5.93840e-03
 Reference value :  5.94335e-03
 Reference value :  5.94929e-03
 Reference value :  5.95415e-03
 Reference value :  5.95903e-03
 Reference value :  5.96764e-03
 Reference value :  5.97344e-03
 Reference value :  5.97836e-03
 Reference value :  5.98711e-03
 Reference value :  5.99200e-03
 Reference value :  5.99699e-03
 Reference value :  6.00280e-03
 Reference value :  6.01162e-03
 Reference value :  6.01736e-03
 Reference value :  6.02235e-03
 Reference value :  6.02726e-03
 Reference value :  6.03598e-03
 Reference value :  6.04090e-03
 Reference value :  6.04662e-03
 Reference value :  6.05150e-03
 Reference value :  6.06031e-03
 Reference value :  6.06528e-03
 Reference value :  6.07090e-03
 Reference value :  6.07575e-03
 Reference value :  6.08460e-03
 Reference value :  6.09016e-03
 Reference value :  6.09502e-03
 Reference value :  6.09989e-03
 Reference value :  6.10501e-03
 Reference value :  6.11369e-03
 Reference value :  6.11912e-03
 Reference value :  6.12414e-03
 Reference value :  6.12900e-03
 Reference value :  6.13397e-03
 Reference value :  6.14284e-03
 Reference value :  6.14794e-03
 Reference value :  6.15237e-03
 Reference value :  6.15516e-03
 Reference value :  6.15767e-03
 Reference value :  6.16229e-03
 Reference value :  6.16504e-03
 Reference value :  6.16956e-03
 Reference value :  6.17238e-03
 Reference value :  6.17491e-03
 Reference value :  6.17946e-03
 Reference value :  6.18218e-03
 Reference value :  6.18469e-03
 Reference value :  6.18929e-03
 Reference value :  6.19197e-03
 Reference value :  6.19654e-03
 Reference value :  6.19929e-03
 Reference value :  6.20173e-03
 Reference value :  6.20639e-03
 Reference value :  6.20906e-03
 Reference value :  6.21371e-03
 Reference value :  6.21639e-03
 Reference value :  6.21883e-03
 Reference value :  6.22348e-03
 Reference value :  6.22616e-03
 Reference value :  6.22863e-03
 Reference value :  6.23326e-03
 Reference value :  6.23588e-03
 Reference value :  6.23853e-03
 Reference value :  6.24305e-03
 Reference value :  6.24568e-03
 Reference value :  6.25037e-03
 Reference value :  6.25298e-03
 Reference value :  6.25542e-03
 Reference value :  6.26010e-03
 Reference value :  6.26274e-03
 Reference value :  6.26522e-03
 Reference value :  6.26992e-03
 Reference value :  6.27252e-03
 Reference value :  6.27501e-03
 Reference value :  6.27973e-03
 Reference value :  6.28233e-03
 Reference value :  6.28481e-03
 Reference value :  6.28953e-03
 Reference value :  6.29211e-03
 Reference value :  6.29460e-03
 Reference value :  6.29936e-03
 Reference value :  6.30193e-03
 Reference value :  6.30442e-03
 Reference value :  6.30909e-03
 Reference value :  6.31167e-03
 Reference value :  6.31423e-03
 Reference value :  6.31670e-03
 Reference value :  6.32146e-03
 Reference value :  6.32398e-03
 Reference value :  6.32652e-03
 Reference value :  6.32898e-03
 Reference value :  6.33379e-03
 Reference value :  6.33632e-03
 Reference value :  6.33881e-03
 Reference value :  6.34360e-03
 Reference value :  6.34612e-03
 Reference value :  6.34867e-03
 Reference value :  6.35349e-03
 Reference value :  6.35596e-03
 Reference value :  6.35846e-03
 Reference value :  6.36328e-03
 Reference value :  6.36578e-03
 Reference value :  6.36825e-03
 Reference value :  6.37306e-03
 Reference value :  6.37553e-03
 Reference value :  6.37815e-03
 Reference value :  6.38291e-03
 Reference value :  6.38537e-03
 Reference value :  6.39021e-03
 Reference value :  6.39271e-03
 Reference value :  6.39520e-03
 Reference value :  6.40008e-03
 Reference value :  6.40494e-03
 Reference value :  6.40978e-03
 Reference value :  6.41466e-03
 Reference value :  6.41952e-03
 Reference value :  6.42692e-03
 Reference value :  6.43425e-03
 Reference value :  6.44162e-03
 Reference value :  6.44894e-03
 Reference value :  6.45631e-03
 Reference value :  6.46365e-03
 Reference value :  6.47102e-03
 Reference value :  6.47834e-03
 Reference value :  6.48570e-03
 Reference value :  6.49305e-03
 Reference value :  6.50038e-03
 Reference value :  6.50775e-03
 Reference value :  6.51510e-03
 Reference value :  6.52257e-03
 Reference value :  6.53223e-03
 Reference value :  6.53956e-03
 Reference value :  6.54695e-03
 Reference value :  6.55432e-03
 Reference value :  6.56163e-03
 Reference value :  6.56900e-03
 Reference value :  6.57630e-03
 Reference value :  6.58367e-03
 Reference value :  6.59103e-03
 Reference value :  6.59840e-03
 Reference value :  6.60576e-03
 Reference value :  6.61310e-03
 Reference value :  6.62057e-03
 Reference value :  6.63013e-03
 Reference value :  6.63573e-03
 Reference value :  6.64490e-03
 Reference value :  6.65226e-03
 Reference value :  6.65964e-03
 Reference value :  6.66691e-03
 Reference value :  6.67427e-03
 Reference value :  6.68167e-03
 Reference value :  6.68903e-03
 Reference value :  6.69638e-03
 Reference value :  6.70375e-03
 Reference value :  6.71098e-03
 Reference value :  6.71843e-03
 Reference value :  6.72579e-03
 Reference value :  6.73313e-03
 Reference value :  6.74049e-03
 Reference value :  6.74784e-03
 Reference value :  6.75520e-03
 Reference value :  6.76255e-03
 Reference value :  6.76989e-03
 Reference value :  6.77725e-03
 Reference value :  6.78465e-03
 Reference value :  6.79202e-03
 Reference value :  6.79991e-03
 Reference value :  6.80900e-03
 Reference value :  6.81640e-03
 Reference value :  6.82375e-03
 Reference value :  6.83110e-03
 Reference value :  6.83846e-03
 Reference value :  6.84580e-03
 Reference value :  6.85316e-03
 Reference value :  6.86051e-03
 Reference value :  6.86785e-03
 Reference value :  6.87520e-03
 Reference value :  6.88254e-03
 Reference value :  6.88989e-03
 Reference value :  6.89724e-03
 Reference value :  6.90458e-03
 Reference value :  6.91195e-03
 Reference value :  6.91929e-03
 Reference value :  6.92664e-03
 Reference value :  6.93401e-03
 Reference value :  6.94160e-03
 Reference value :  6.95114e-03
 Reference value :  6.95853e-03
 Reference value :  6.96592e-03
 Reference value :  6.97337e-03
 Reference value :  6.98305e-03
 Reference value :  6.99044e-03
 Reference value :  6.99783e-03
 Reference value :  7.00522e-03
 Reference value :  7.01265e-03
 Reference value :  7.02227e-03
 Reference value :  7.02974e-03
 Reference value :  7.03712e-03
 Reference value :  7.04451e-03
 Reference value :  7.05195e-03
 Reference value :  7.06161e-03
 Reference value :  7.06902e-03
 Reference value :  7.07640e-03
 Reference value :  7.08377e-03
 Reference value :  7.09113e-03
 Reference value :  7.09846e-03
 Reference value :  7.10584e-03
 Reference value :  7.11316e-03
 Reference value :  7.12052e-03
 Reference value :  7.12787e-03
 Reference value :  7.13523e-03
 Reference value :  7.14258e-03
 Reference value :  7.14989e-03
 Reference value :  7.15726e-03
 Reference value :  7.16460e-03
 Reference value :  7.17195e-03
 Reference value :  7.17931e-03
 Reference value :  7.18663e-03
 Reference value :  7.19399e-03
 Reference value :  7.20134e-03
 Reference value :  7.20868e-03
 Reference value :  7.21604e-03
 Reference value :  7.22329e-03
 Reference value :  7.23065e-03
 Reference value :  7.23613e-03
 Reference value :  7.24329e-03
 Reference value :  7.25261e-03
 Reference value :  7.26005e-03
 Reference value :  7.26741e-03
 Reference value :  7.27472e-03
 Reference value :  7.28205e-03
 Reference value :  7.28944e-03
 Reference value :  7.29679e-03
 Reference value :  7.30415e-03
 Reference value :  7.31150e-03
 Reference value :  7.31886e-03
 Reference value :  7.32621e-03
 Reference value :  7.33356e-03
 Reference value :  7.34092e-03
 Reference value :  7.34886e-03
 Reference value :  7.35568e-03
 Reference value :  7.36527e-03
 Reference value :  7.37194e-03
 Reference value :  7.38005e-03
 Reference value :  7.38739e-03
 Reference value :  7.39475e-03
 Reference value :  7.40209e-03
 Reference value :  7.40942e-03
 Reference value :  7.41678e-03
 Reference value :  7.42413e-03
 Reference value :  7.43149e-03
 Reference value :  7.43884e-03
 Reference value :  7.44618e-03
 Reference value :  7.45354e-03
 Reference value :  7.46094e-03
 Reference value :  7.46831e-03
 Reference value :  7.47560e-03
 Reference value :  7.48534e-03
 Reference value :  7.49270e-03
 Reference value :  7.50002e-03
 Reference value :  7.50739e-03
 Reference value :  7.51475e-03
 Reference value :  7.52208e-03
 Reference value :  7.52944e-03
 Reference value :  7.53679e-03
 Reference value :  7.54415e-03
 Reference value :  7.55151e-03
 Reference value :  7.55885e-03
 Reference value :  7.56622e-03
 Reference value :  7.57359e-03
 Reference value :  7.58091e-03
 Reference value :  7.58826e-03
 Reference value :  7.59558e-03
 Reference value :  7.60294e-03
 Reference value :  7.61026e-03
 Reference value :  7.61756e-03
 Reference value :  7.62495e-03
 Reference value :  7.63231e-03
 Reference value :  7.63964e-03
 Reference value :  7.64699e-03
 Reference value :  7.65434e-03
 Reference value :  7.66167e-03
 Reference value :  7.66904e-03
 Reference value :  7.67634e-03
 Reference value :  7.68367e-03
 Reference value :  7.69097e-03
 Reference value :  7.69841e-03
 Reference value :  7.70577e-03
 Reference value :  7.71078e-03
 Reference value :  7.71811e-03
 Reference value :  7.72545e-03
 Reference value :  7.73513e-03
 Reference value :  7.74248e-03
 Reference value :  7.74748e-03
 Reference value :  7.75479e-03
 Reference value :  7.76213e-03
 Reference value :  7.77176e-03
 Reference value :  7.77918e-03
 Reference value :  7.78653e-03
 Reference value :  7.79389e-03
 Reference value :  7.80123e-03
 Reference value :  7.80858e-03
 Reference value :  7.81592e-03
 Reference value :  7.82328e-03
 Reference value :  7.83062e-03
 Reference value :  7.83796e-03
 Reference value :  7.84533e-03
 Reference value :  7.85265e-03
 Reference value :  7.86002e-03
 Reference value :  7.86736e-03
 Reference value :  7.87471e-03
 Reference value :  7.88206e-03
 Reference value :  7.88870e-03
 Reference value :  7.89668e-03
 Reference value :  7.90403e-03
 Reference value :  7.91140e-03
 Reference value :  7.91872e-03
 Reference value :  7.92611e-03
 Reference value :  7.93341e-03
 Reference value :  7.94077e-03
 Reference value :  7.94814e-03
 Reference value :  7.95545e-03
 Reference value :  7.96285e-03
 Reference value :  7.97018e-03
 Reference value :  7.97753e-03
 Reference value :  7.98489e-03
 Reference value :  7.99219e-03
 Reference value :  7.99959e-03
 Reference value :  8.00692e-03
 Reference value :  8.01265e-03
 Reference value :  8.01990e-03
 Reference value :  8.02653e-03
 Reference value :  8.03389e-03
 Reference value :  8.04123e-03
 Reference value :  8.04865e-03
 Reference value :  8.05599e-03
 Reference value :  8.06326e-03
 Reference value :  8.07061e-03
 Reference value :  8.07795e-03
 Reference value :  8.08531e-03
 Reference value :  8.09266e-03
 Reference value :  8.09998e-03
 Reference value :  8.10734e-03
 Reference value :  8.11468e-03
 Reference value :  8.12202e-03
 Reference value :  8.12939e-03
 Reference value :  8.13671e-03
 Reference value :  8.14161e-03
 Reference value :  8.14897e-03
 Reference value :  8.15630e-03
 Reference value :  8.16365e-03
 Reference value :  8.17099e-03
 Reference value :  8.17833e-03
 Reference value :  8.18569e-03
 Reference value :  8.19301e-03
 Reference value :  8.20038e-03
 Reference value :  8.20771e-03
 Reference value :  8.21506e-03
 Reference value :  8.22242e-03
 Reference value :  8.22965e-03
 Reference value :  8.23486e-03
 Reference value :  8.24224e-03
 Reference value :  8.25179e-03
 Reference value :  8.25915e-03
 Reference value :  8.26450e-03
 Reference value :  8.27151e-03
 Reference value :  8.28110e-03
 Reference value :  8.28612e-03
 Reference value :  8.29348e-03
 Reference value :  8.30083e-03
 Reference value :  8.31053e-03
 Reference value :  8.31784e-03
 Reference value :  8.32286e-03
 Reference value :  8.33022e-03
 Reference value :  8.33756e-03
 Reference value :  8.34560e-03
 Reference value :  8.35224e-03
 Reference value :  8.35956e-03
 Reference value :  8.36692e-03
 Reference value :  8.37419e-03
 Reference value :  8.37930e-03
 Reference value :  8.38663e-03
 Reference value :  8.39403e-03
 Reference value :  8.40129e-03
 Reference value :  8.40863e-03
 Reference value :  8.41596e-03
 Reference value :  8.42332e-03
 Reference value :  8.43064e-03
 Reference value :  8.43799e-03
 Reference value :  8.44533e-03
 Reference value :  8.45268e-03
 Reference value :  8.46003e-03
 Reference value :  8.46736e-03
 Reference value :  8.47365e-03
 Reference value :  8.48195e-03
 Reference value :  8.48725e-03
 Reference value :  8.49454e-03
 Reference value :  8.50410e-03
 Reference value :  8.51143e-03
 Reference value :  8.51637e-03
 Reference value :  8.52373e-03
 Reference value :  8.53107e-03
 Reference value :  8.53847e-03
 Reference value :  8.54578e-03
 Reference value :  8.55309e-03
 Reference value :  8.56044e-03
 Reference value :  8.56779e-03
 Reference value :  8.57515e-03
 Reference value :  8.58251e-03
 Reference value :  8.58981e-03
 Reference value :  8.59717e-03
 Reference value :  8.60452e-03
 Reference value :  8.60952e-03
 Reference value :  8.61685e-03
 Reference value :  8.62416e-03
 Reference value :  8.63150e-03
 Reference value :  8.63883e-03
 Reference value :  8.64618e-03
 Reference value :  8.65351e-03
 Reference value :  8.66087e-03
 Reference value :  8.66821e-03
 Reference value :  8.67555e-03
 Reference value :  8.68290e-03
 Reference value :  8.69023e-03
 Reference value :  8.69759e-03
 Reference value :  8.70494e-03
 Reference value :  8.71227e-03
 Reference value :  8.71963e-03
 Reference value :  8.72696e-03
 Reference value :  8.73431e-03
 Reference value :  8.74167e-03
 Reference value :  8.74904e-03
 Reference value :  8.75640e-03
 Reference value :  8.76370e-03
 Reference value :  8.77107e-03
 Reference value :  8.77841e-03
 Reference value :  8.78576e-03
 Reference value :  8.79311e-03
 Reference value :  8.80043e-03
 Reference value :  8.80779e-03
 Reference value :  8.81292e-03
 Reference value :  8.82015e-03
 Reference value :  8.82747e-03
 Reference value :  8.83477e-03
 Reference value :  8.84210e-03
 Reference value :  8.84943e-03
 Reference value :  8.85677e-03
 Reference value :  8.86407e-03
 Reference value :  8.86924e-03
 Reference value :  8.87871e-03
 Reference value :  8.88384e-03
 Reference value :  8.89118e-03
 Reference value :  8.89850e-03
 Reference value :  8.90573e-03
 Reference value :  8.91309e-03
 Reference value :  8.92032e-03
 Reference value :  8.92544e-03
 Reference value :  8.93272e-03
 Reference value :  8.94138e-03
 Reference value :  8.94747e-03
 Reference value :  8.95472e-03
 Reference value :  8.96207e-03
 Reference value :  8.96942e-03
 Reference value :  8.97675e-03
 Reference value :  8.98411e-03
 Reference value :  8.99140e-03
 Reference value :  8.99877e-03
 Reference value :  9.00381e-03
 Reference value :  9.01110e-03
 Reference value :  9.01842e-03
 Reference value :  9.02574e-03
 Reference value :  9.03310e-03
 Reference value :  9.04044e-03
 Reference value :  9.04551e-03
 Reference value :  9.05281e-03
 Reference value :  9.06013e-03
 Reference value :  9.06743e-03
 Reference value :  9.07475e-03
 Reference value :  9.08210e-03
 Reference value :  9.08941e-03
 Reference value :  9.09677e-03
 Reference value :  9.10413e-03
 Reference value :  9.10910e-03
 Reference value :  9.11640e-03
 Reference value :  9.12374e-03
 Reference value :  9.13114e-03
 Reference value :  9.13845e-03
 Reference value :  9.14575e-03
 Reference value :  9.15311e-03
 Reference value :  9.16045e-03
 Reference value :  9.16546e-03
 Reference value :  9.17513e-03
 Reference value :  9.18049e-03
 Reference value :  9.18741e-03
 Reference value :  9.19476e-03
 Reference value :  9.20210e-03
 Reference value :  9.20944e-03
 Reference value :  9.21680e-03
 Reference value :  9.22412e-03
 Reference value :  9.23149e-03
 Reference value :  9.23883e-03
 Reference value :  9.24618e-03
 Reference value :  9.25354e-03
 Reference value :  9.26086e-03
 Reference value :  9.26822e-03
 Reference value :  9.27557e-03
 Reference value :  9.28292e-03
 Reference value :  9.29029e-03
 Reference value :  9.29760e-03
 Reference value :  9.30493e-03
 Reference value :  9.31230e-03
 Reference value :  9.31963e-03
 Reference value :  9.32700e-03
 Reference value :  9.33434e-03
 Reference value :  9.34169e-03
 Reference value :  9.34905e-03
 Reference value :  9.35638e-03
 Reference value :  9.36373e-03
 Reference value :  9.37109e-03
 Reference value :  9.37842e-03
 Reference value :  9.38579e-03
 Reference value :  9.39312e-03
 Reference value :  9.40048e-03
 Reference value :  9.40783e-03
 Reference value :  9.41517e-03
 Reference value :  9.42253e-03
 Reference value :  9.42986e-03
 Reference value :  9.43722e-03
 Reference value :  9.44457e-03
 Reference value :  9.45191e-03
 Reference value :  9.45925e-03
 Reference value :  9.46661e-03
 Reference value :  9.47394e-03
 Reference value :  9.48129e-03
 Reference value :  9.48865e-03
 Reference value :  9.49598e-03
 Reference value :  9.50335e-03
 Reference value :  9.51068e-03
 Reference value :  9.51804e-03
 Reference value :  9.52539e-03
 Reference value :  9.53273e-03
 Reference value :  9.54008e-03
 Reference value :  9.54742e-03
 Reference value :  9.55478e-03
 Reference value :  9.56212e-03
 Reference value :  9.56947e-03
 Reference value :  9.57682e-03
 Reference value :  9.58415e-03
 Reference value :  9.59151e-03
 Reference value :  9.59886e-03
 Reference value :  9.60620e-03
 Reference value :  9.61356e-03
 Reference value :  9.62089e-03
 Reference value :  9.62824e-03
 Reference value :  9.63558e-03
 Reference value :  9.64294e-03
 Reference value :  9.65027e-03
 Reference value :  9.65763e-03
 Reference value :  9.66498e-03
 Reference value :  9.67232e-03
 Reference value :  9.67968e-03
 Reference value :  9.68701e-03
 Reference value :  9.69437e-03
 Reference value :  9.70171e-03
 Reference value :  9.70905e-03
 Reference value :  9.71641e-03
 Reference value :  9.72374e-03
 Reference value :  9.73110e-03
 Reference value :  9.73845e-03
 Reference value :  9.74579e-03
 Reference value :  9.75313e-03
 Reference value :  9.76050e-03
 Reference value :  9.76784e-03
 Reference value :  9.77519e-03
 Reference value :  9.78255e-03
 Reference value :  9.78988e-03
 Reference value :  9.79724e-03
 Reference value :  9.80459e-03
 Reference value :  9.81193e-03
 Reference value :  9.81928e-03
 Reference value :  9.82662e-03
 Reference value :  9.83398e-03
 Reference value :  9.84133e-03
 Reference value :  9.84867e-03
 Reference value :  9.85603e-03
 Reference value :  9.86337e-03
 Reference value :  9.87071e-03
 Reference value :  9.87806e-03
 Reference value :  9.88539e-03
 Reference value :  9.89275e-03
 Reference value :  9.90009e-03
 Reference value :  9.90745e-03
 Reference value :  9.91480e-03
 Reference value :  9.92214e-03
 Reference value :  9.92949e-03
 Reference value :  9.93683e-03
 Reference value :  9.94418e-03
 Reference value :  9.95153e-03
 Reference value :  9.95887e-03
 Reference value :  9.96623e-03
 Reference value :  9.97356e-03
 Reference value :  9.98092e-03
 Reference value :  9.98827e-03
 Reference value :  9.99561e-03
 Reference value :  1.00030e-02
 Reference value :  1.00103e-02
 Reference value :  1.00177e-02
 Reference value :  1.00250e-02
 Reference value :  1.00324e-02
 Reference value :  1.00398e-02
 Reference value :  1.00471e-02
 Reference value :  1.00545e-02
 Reference value :  1.00619e-02
 Reference value :  1.00694e-02
 Reference value :  1.00789e-02
 Reference value :  1.00864e-02
 Reference value :  1.00938e-02
 Reference value :  1.01011e-02
 Reference value :  1.01085e-02
 Reference value :  1.01159e-02
 Reference value :  1.01233e-02
 Reference value :  1.01307e-02
 Reference value :  1.01381e-02
 Reference value :  1.01476e-02
 Reference value :  1.01531e-02
 Reference value :  1.01624e-02
 Reference value :  1.01675e-02
 Reference value :  1.01748e-02
 Reference value :  1.01822e-02
 Reference value :  1.01895e-02
 Reference value :  1.01969e-02
 Reference value :  1.02041e-02
 Reference value :  1.02115e-02
 Reference value :  1.02188e-02
 Reference value :  1.02262e-02
 Reference value :  1.02335e-02
 Reference value :  1.02409e-02
 Reference value :  1.02482e-02
 Reference value :  1.02555e-02
 Reference value :  1.02629e-02
 Reference value :  1.02702e-02
 Reference value :  1.02776e-02
 Reference value :  1.02849e-02
 Reference value :  1.02923e-02
 Reference value :  1.02996e-02
 Reference value :  1.03070e-02
 Reference value :  1.03143e-02
 Reference value :  1.03217e-02
 Reference value :  1.03290e-02
 Reference value :  1.03363e-02
 Reference value :  1.03437e-02
 Reference value :  1.03510e-02
 Reference value :  1.03584e-02
 Reference value :  1.03657e-02
 Reference value :  1.03731e-02
 Reference value :  1.03804e-02
 Reference value :  1.03878e-02
 Reference value :  1.03951e-02
 Reference value :  1.04025e-02
 Reference value :  1.04098e-02
 Reference value :  1.04172e-02
 Reference value :  1.04245e-02
 Reference value :  1.04319e-02
 Reference value :  1.04392e-02
 Reference value :  1.04465e-02
 Reference value :  1.04539e-02
 Reference value :  1.04613e-02
 Reference value :  1.04694e-02
 Reference value :  1.04784e-02
 Reference value :  1.04834e-02
 Reference value :  1.04907e-02
 Reference value :  1.04981e-02
 Reference value :  1.05078e-02
 Reference value :  1.05151e-02
 Reference value :  1.05202e-02
 Reference value :  1.05275e-02
 Reference value :  1.05348e-02
 Reference value :  1.05423e-02
 Reference value :  1.05494e-02
 Reference value :  1.05568e-02
 Reference value :  1.05641e-02
 Reference value :  1.05718e-02
 Reference value :  1.05791e-02
 Reference value :  1.05862e-02
 Reference value :  1.05935e-02
 Reference value :  1.06009e-02
 Reference value :  1.06086e-02
 Reference value :  1.06157e-02
 Reference value :  1.06229e-02
 Reference value :  1.06303e-02
 Reference value :  1.06376e-02
 Reference value :  1.06450e-02
 Reference value :  1.06523e-02
 Reference value :  1.06597e-02
 Reference value :  1.06672e-02
 Reference value :  1.06768e-02
 Reference value :  1.06842e-02
 Reference value :  1.06916e-02
 Reference value :  1.06990e-02
 Reference value :  1.07063e-02
 Reference value :  1.07137e-02
 Reference value :  1.07211e-02
 Reference value :  1.07308e-02
 Reference value :  1.07382e-02
 Reference value :  1.07456e-02
 Reference value :  1.07530e-02
 Reference value :  1.07604e-02
 Reference value :  1.07678e-02
 Reference value :  1.07754e-02
 Reference value :  1.07848e-02
 Reference value :  1.07919e-02
 Reference value :  1.07996e-02
 Reference value :  1.08069e-02
 Reference value :  1.08143e-02
 Reference value :  1.08216e-02
 Reference value :  1.08290e-02
 Reference value :  1.08363e-02
 Reference value :  1.08437e-02
 Reference value :  1.08510e-02
 Reference value :  1.08584e-02
 Reference value :  1.08657e-02
 Reference value :  1.08731e-02
 Reference value :  1.08804e-02
 Reference value :  1.08878e-02
 Reference value :  1.08951e-02
 Reference value :  1.09025e-02
 Reference value :  1.09098e-02
 Reference value :  1.09172e-02
 Reference value :  1.09245e-02
 Reference value :  1.09319e-02
 Reference value :  1.09392e-02
 Reference value :  1.09465e-02
 Reference value :  1.09516e-02
 Reference value :  1.09589e-02
 Reference value :  1.09662e-02
 Reference value :  1.09759e-02
 Reference value :  1.09833e-02
 Reference value :  1.09883e-02
 Reference value :  1.09956e-02
 Reference value :  1.10029e-02
 Reference value :  1.10103e-02
 Reference value :  1.10176e-02
 Reference value :  1.10249e-02
 Reference value :  1.10323e-02
 Reference value :  1.10396e-02
 Reference value :  1.10470e-02
 Reference value :  1.10544e-02
 Reference value :  1.10617e-02
 Reference value :  1.10690e-02
 Reference value :  1.10764e-02
 Reference value :  1.10839e-02
 Reference value :  1.10912e-02
 Reference value :  1.10984e-02
 Reference value :  1.11058e-02
 Reference value :  1.11131e-02
 Reference value :  1.11205e-02
 Reference value :  1.11278e-02
 Reference value :  1.11352e-02
 Reference value :  1.11425e-02
 Reference value :  1.11499e-02
 Reference value :  1.11572e-02
 Reference value :  1.11646e-02
 Reference value :  1.11719e-02
 Reference value :  1.11793e-02
 Reference value :  1.11866e-02
 Reference value :  1.11939e-02
 Reference value :  1.12013e-02
 Reference value :  1.12086e-02
 Reference value :  1.12160e-02
 Reference value :  1.12233e-02
 Reference value :  1.12307e-02
 Reference value :  1.12380e-02
 Reference value :  1.12454e-02
 Reference value :  1.12527e-02
 Reference value :  1.12601e-02
 Reference value :  1.12674e-02
 Reference value :  1.12747e-02
 Reference value :  1.12821e-02
 Reference value :  1.12894e-02
 Reference value :  1.12968e-02
 Reference value :  1.13041e-02
 Reference value :  1.13115e-02
 Reference value :  1.13188e-02
 Reference value :  1.13261e-02
 Reference value :  1.13335e-02
 Reference value :  1.13408e-02
 Reference value :  1.13482e-02
 Reference value :  1.13555e-02
 Reference value :  1.13629e-02
 Reference value :  1.13702e-02
 Reference value :  1.13776e-02
 Reference value :  1.13849e-02
 Reference value :  1.13923e-02
 Reference value :  1.13996e-02
 Reference value :  1.14070e-02
 Reference value :  1.14143e-02
 Reference value :  1.14217e-02
 Reference value :  1.14290e-02
 Reference value :  1.14363e-02
 Reference value :  1.14437e-02
 Reference value :  1.14510e-02
 Reference value :  1.14583e-02
 Reference value :  1.14638e-02
 Reference value :  1.14730e-02
 Reference value :  1.14804e-02
 Reference value :  1.14878e-02
 Reference value :  1.14950e-02
 Reference value :  1.15024e-02
 Reference value :  1.15098e-02
 Reference value :  1.15172e-02
 Reference value :  1.15245e-02
 Reference value :  1.15318e-02
 Reference value :  1.15392e-02
 Reference value :  1.15465e-02
 Reference value :  1.15539e-02
 Reference value :  1.15612e-02
 Reference value :  1.15686e-02
 Reference value :  1.15759e-02
 Reference value :  1.15833e-02
 Reference value :  1.15906e-02
 Reference value :  1.15980e-02
 Reference value :  1.16053e-02
 Reference value :  1.16126e-02
 Reference value :  1.16200e-02
 Reference value :  1.16274e-02
 Reference value :  1.16347e-02
 Reference value :  1.16421e-02
 Reference value :  1.16494e-02
 Reference value :  1.16568e-02
 Reference value :  1.16641e-02
 Reference value :  1.16714e-02
 Reference value :  1.16788e-02
 Reference value :  1.16861e-02
 Reference value :  1.16935e-02
 Reference value :  1.17008e-02
 Reference value :  1.17082e-02
 Reference value :  1.17155e-02
 Reference value :  1.17229e-02
 Reference value :  1.17302e-02
 Reference value :  1.17376e-02
 Reference value :  1.17449e-02
 Reference value :  1.17523e-02
 Reference value :  1.17596e-02
 Reference value :  1.17670e-02
 Reference value :  1.17743e-02
 Reference value :  1.17816e-02
 Reference value :  1.17890e-02
 Reference value :  1.17963e-02
 Reference value :  1.18037e-02
 Reference value :  1.18110e-02
 Reference value :  1.18184e-02
 Reference value :  1.18258e-02
 Reference value :  1.18331e-02
 Reference value :  1.18404e-02
 Reference value :  1.18478e-02
 Reference value :  1.18551e-02
 Reference value :  1.18625e-02
 Reference value :  1.18698e-02
 Reference value :  1.18772e-02
 Reference value :  1.18845e-02
 Reference value :  1.18919e-02
 Reference value :  1.18992e-02
 Reference value :  1.19065e-02
 Reference value :  1.19139e-02
 Reference value :  1.19212e-02
 Reference value :  1.19286e-02
 Reference value :  1.19360e-02
 Reference value :  1.19433e-02
 Reference value :  1.19506e-02
 Reference value :  1.19580e-02
 Reference value :  1.19653e-02
 Reference value :  1.19727e-02
 Reference value :  1.19800e-02
 Reference value :  1.19874e-02
 Reference value :  1.19947e-02
 Reference value :  1.20021e-02
 Reference value :  1.20094e-02
 Reference value :  1.20167e-02
 Reference value :  1.20241e-02
 Reference value :  1.20314e-02
 Reference value :  1.20388e-02
 Reference value :  1.20461e-02
 Reference value :  1.20535e-02
 Reference value :  1.20608e-02
 Reference value :  1.20658e-02
 Reference value :  1.20731e-02
 Reference value :  1.20805e-02
 Reference value :  1.20878e-02
 Reference value :  1.20952e-02
 Reference value :  1.21025e-02
 Reference value :  1.21098e-02
 Reference value :  1.21172e-02
 Reference value :  1.21245e-02
 Reference value :  1.21319e-02
 Reference value :  1.21392e-02
 Reference value :  1.21465e-02
 Reference value :  1.21539e-02
 Reference value :  1.21612e-02
 Reference value :  1.21686e-02
 Reference value :  1.21759e-02
 Reference value :  1.21833e-02
 Reference value :  1.21906e-02
 Reference value :  1.21980e-02
 Reference value :  1.22032e-02
 Reference value :  1.22104e-02
 Reference value :  1.22178e-02
 Reference value :  1.22251e-02
 Reference value :  1.22324e-02
 Reference value :  1.22400e-02
 Reference value :  1.22494e-02
 Reference value :  1.22568e-02
 Reference value :  1.22642e-02
 Reference value :  1.22715e-02
 Reference value :  1.22789e-02
 Reference value :  1.22862e-02
 Reference value :  1.22936e-02
 Reference value :  1.23009e-02
 Reference value :  1.23083e-02
 Reference value :  1.23156e-02
 Reference value :  1.23230e-02
 Reference value :  1.23303e-02
 Reference value :  1.23377e-02
 Reference value :  1.23451e-02
 Reference value :  1.23525e-02
 Reference value :  1.23622e-02
 Reference value :  1.23695e-02
 Reference value :  1.23769e-02
 Reference value :  1.23842e-02
 Reference value :  1.23915e-02
 Reference value :  1.23989e-02
 Reference value :  1.24063e-02
 Reference value :  1.24136e-02
 Reference value :  1.24209e-02
 Reference value :  1.24282e-02
 Reference value :  1.24306e-02
 Reference value :  1.24331e-02
 Reference value :  1.24380e-02
 Reference value :  1.24404e-02
 Reference value :  1.24430e-02
 Reference value :  1.24478e-02
 Reference value :  1.24503e-02
 Reference value :  1.24528e-02
 Reference value :  1.24576e-02
 Reference value :  1.24601e-02
 Reference value :  1.24650e-02
 Reference value :  1.24698e-02
 Reference value :  1.24723e-02
 Reference value :  1.24749e-02
 Reference value :  1.24796e-02
 Reference value :  1.24821e-02
 Reference value :  1.24869e-02
 Reference value :  1.24895e-02
 Reference value :  1.24920e-02
 Reference value :  1.24968e-02
 Reference value :  1.24994e-02
 Reference value :  1.25019e-02
 Reference value :  1.25067e-02
 Reference value :  1.25092e-02
 Reference value :  1.25120e-02
 Reference value :  1.25165e-02
 Reference value :  1.25190e-02
 Reference value :  1.25217e-02
 Reference value :  1.25263e-02
 Reference value :  1.25288e-02
 Reference value :  1.25313e-02
 Reference value :  1.25361e-02
 Reference value :  1.25386e-02
 Reference value :  1.25433e-02
 Reference value :  1.25459e-02
 Reference value :  1.25484e-02
 Reference value :  1.25532e-02
 Reference value :  1.25557e-02
 Reference value :  1.25582e-02
 Reference value :  1.25630e-02
 Reference value :  1.25655e-02
 Reference value :  1.25680e-02
 Reference value :  1.25728e-02
 Reference value :  1.25753e-02
 Reference value :  1.25800e-02
 Reference value :  1.25826e-02
 Reference value :  1.25850e-02
 Reference value :  1.25898e-02
 Reference value :  1.25924e-02
 Reference value :  1.25972e-02
 Reference value :  1.25996e-02
 Reference value :  1.26022e-02
 Reference value :  1.26047e-02
 Reference value :  1.26094e-02
 Reference value :  1.26119e-02
 Reference value :  1.26144e-02
 Reference value :  1.26169e-02
 Reference value :  1.26216e-02
 Reference value :  1.26242e-02
 Reference value :  1.26267e-02
 Reference value :  1.26314e-02
 Reference value :  1.26339e-02
 Reference value :  1.26364e-02
 Reference value :  1.26389e-02
 Reference value :  1.26414e-02
 Reference value :  1.26461e-02
 Reference value :  1.26486e-02
 Reference value :  1.26512e-02
 Reference value :  1.26536e-02
 Reference value :  1.26562e-02
 Reference value :  1.26608e-02
 Reference value :  1.26634e-02
 Reference value :  1.26659e-02
 Reference value :  1.26704e-02
 Reference value :  1.26731e-02
 Reference value :  1.26757e-02
 Reference value :  1.26781e-02
 Reference value :  1.26806e-02
 Reference value :  1.26853e-02
 Reference value :  1.26878e-02
 Reference value :  1.26903e-02
 Reference value :  1.26928e-02
 Reference value :  1.26953e-02
 Reference value :  1.27000e-02
 Reference value :  1.27025e-02
 Reference value :  1.27051e-02
 Reference value :  1.27076e-02
 Reference value :  1.27101e-02
 Reference value :  1.27147e-02
 Reference value :  1.27174e-02
 Reference value :  1.27221e-02
 Reference value :  1.27247e-02
 Reference value :  1.27272e-02
 Reference value :  1.27318e-02
 Reference value :  1.27344e-02
 Reference value :  1.27391e-02
 Reference value :  1.27415e-02
 Reference value :  1.27441e-02
 Reference value :  1.27468e-02
 Reference value :  1.27512e-02
 Reference value :  1.27539e-02
 Reference value :  1.27564e-02
 Reference value :  1.27610e-02
 Reference value :  1.27636e-02
 Reference value :  1.27662e-02
 Reference value :  1.27708e-02
 Reference value :  1.27734e-02
 Reference value :  1.27760e-02
 Reference value :  1.27785e-02
 Reference value :  1.27809e-02
 Reference value :  1.27855e-02
 Reference value :  1.27883e-02
 Reference value :  1.27908e-02
 Reference value :  1.27953e-02
 Reference value :  1.27978e-02
 Reference value :  1.28003e-02
 Reference value :  1.28030e-02
 Reference value :  1.28055e-02
 Reference value :  1.28101e-02
 Reference value :  1.28128e-02
 Reference value :  1.28174e-02
 Reference value :  1.28200e-02
 Reference value :  1.28226e-02
 Reference value :  1.28272e-02
 Reference value :  1.28300e-02
 Reference value :  1.28345e-02
 Reference value :  1.28373e-02
 Reference value :  1.28398e-02
 Reference value :  1.28442e-02
 Reference value :  1.28468e-02
 Reference value :  1.28496e-02
 Reference value :  1.28523e-02
 Reference value :  1.28567e-02
 Reference value :  1.28593e-02
 Reference value :  1.28639e-02
 Reference value :  1.28664e-02
 Reference value :  1.28691e-02
 Reference value :  1.28736e-02
 Reference value :  1.28764e-02
 Reference value :  1.28807e-02
 Reference value :  1.28834e-02
 Reference value :  1.28861e-02
 Reference value :  1.28886e-02
 Reference value :  1.28931e-02
 Reference value :  1.28956e-02
 Reference value :  1.28981e-02
 Reference value :  1.29009e-02
 Reference value :  1.29034e-02
 Reference value :  1.29078e-02
 Reference value :  1.29107e-02
 Reference value :  1.29132e-02
 Reference value :  1.29176e-02
 Reference value :  1.29201e-02
 Reference value :  1.29229e-02
 Reference value :  1.29254e-02
 Reference value :  1.29298e-02
 Reference value :  1.29327e-02
 Reference value :  1.29351e-02
 Reference value :  1.29396e-02
 Reference value :  1.29420e-02
 Reference value :  1.29448e-02
 Reference value :  1.29472e-02
 Reference value :  1.29505e-02
 Reference value :  1.29541e-02
 Reference value :  1.29566e-02
 Reference value :  1.29594e-02
 Reference value :  1.29619e-02
 Reference value :  1.29644e-02
 Reference value :  1.29688e-02
 Reference value :  1.29712e-02
 Reference value :  1.29742e-02
 Reference value :  1.29766e-02
 Reference value :  1.29791e-02
 Reference value :  1.29835e-02
 Reference value :  1.29863e-02
 Reference value :  1.29888e-02
 Reference value :  1.29932e-02
 Reference value :  1.29956e-02
 Reference value :  1.29982e-02
 Reference value :  1.30010e-02
 Reference value :  1.30036e-02
 Reference value :  1.30079e-02
 Reference value :  1.30108e-02
 Reference value :  1.30132e-02
 Reference value :  1.30157e-02
 Reference value :  1.30182e-02
 Reference value :  1.30225e-02
 Reference value :  1.30254e-02
 Reference value :  1.30279e-02
 Reference value :  1.30304e-02
 Reference value :  1.30348e-02
 Reference value :  1.30373e-02
 Reference value :  1.30402e-02
 Reference value :  1.30427e-02
 Reference value :  1.30469e-02
 Reference value :  1.30499e-02
 Reference value :  1.30523e-02
 Reference value :  1.30548e-02
 Reference value :  1.30591e-02
 Reference value :  1.30616e-02
 Reference value :  1.30646e-02
 Reference value :  1.30688e-02
 Reference value :  1.30714e-02
 Reference value :  1.30743e-02
 Reference value :  1.30786e-02
 Reference value :  1.30812e-02
 Reference value :  1.30841e-02
 Reference value :  1.30865e-02
 Reference value :  1.30890e-02
 Reference value :  1.30915e-02
 Reference value :  1.30940e-02
 Reference value :  1.30982e-02
 Reference value :  1.31007e-02
 Reference value :  1.31037e-02
 Reference value :  1.31062e-02
 Reference value :  1.31104e-02
 Reference value :  1.31129e-02
 Reference value :  1.31159e-02
 Reference value :  1.31183e-02
 Reference value :  1.31209e-02
 Reference value :  1.31250e-02
 Reference value :  1.31276e-02
 Reference value :  1.31306e-02
 Reference value :  1.31348e-02
 Reference value :  1.31379e-02
 Reference value :  1.31421e-02
 Reference value :  1.31446e-02
 Reference value :  1.31470e-02
 Reference value :  1.31501e-02
 Reference value :  1.31526e-02
 Reference value :  1.31552e-02
 Reference value :  1.31593e-02
 Reference value :  1.31624e-02
 Reference value :  1.31649e-02
 Reference value :  1.31674e-02
 Reference value :  1.31716e-02
 Reference value :  1.31746e-02
 Reference value :  1.31771e-02
 Reference value :  1.31797e-02
 Reference value :  1.31838e-02
 Reference value :  1.31863e-02
 Reference value :  1.31893e-02
 Reference value :  1.31919e-02
 Reference value :  1.31961e-02
 Reference value :  1.31992e-02
 Reference value :  1.32033e-02
 Reference value :  1.32058e-02
 Reference value :  1.32083e-02
 Reference value :  1.32114e-02
 Reference value :  1.32139e-02
 Reference value :  1.32181e-02
 Reference value :  1.32212e-02
 Reference value :  1.32237e-02
 Reference value :  1.32262e-02
 Reference value :  1.32286e-02
 Reference value :  1.32311e-02
 Reference value :  1.32352e-02
 Reference value :  1.32377e-02
 Reference value :  1.32408e-02
 Reference value :  1.32434e-02
 Reference value :  1.32472e-02
 Reference value :  1.32499e-02
 Reference value :  1.32524e-02
 Reference value :  1.32554e-02
 Reference value :  1.32580e-02
 Reference value :  1.32605e-02
 Reference value :  1.32645e-02
 Reference value :  1.32676e-02
 Reference value :  1.32702e-02
 Reference value :  1.32743e-02
 Reference value :  1.32769e-02
 Reference value :  1.32800e-02
 Reference value :  1.32825e-02
 Reference value :  1.32851e-02
 Reference value :  1.32891e-02
 Reference value :  1.32922e-02
 Reference value :  1.32947e-02
 Reference value :  1.32972e-02
 Reference value :  1.33013e-02
 Reference value :  1.33038e-02
 Reference value :  1.33069e-02
 Reference value :  1.33093e-02
 Reference value :  1.33118e-02
 Reference value :  1.33143e-02
 Reference value :  1.33184e-02
 Reference value :  1.33215e-02
 Reference value :  1.33240e-02
 Reference value :  1.33280e-02
 Reference value :  1.33305e-02
 Reference value :  1.33338e-02
 Reference value :  1.33362e-02
 Reference value :  1.33387e-02
 Reference value :  1.33411e-02
 Reference value :  1.33437e-02
 Reference value :  1.33476e-02
 Reference value :  1.33508e-02
 Reference value :  1.33534e-02
 Reference value :  1.33559e-02
 Reference value :  1.33599e-02
 Reference value :  1.33624e-02
 Reference value :  1.33656e-02
 Reference value :  1.33696e-02
 Reference value :  1.33722e-02
 Reference value :  1.33754e-02
 Reference value :  1.33779e-02
 Reference value :  1.33819e-02
 Reference value :  1.33843e-02
 Reference value :  1.33868e-02
 Reference value :  1.33901e-02
 Reference value :  1.33925e-02
 Reference value :  1.33950e-02
 Reference value :  1.33989e-02
 Reference value :  1.34015e-02
 Reference value :  1.34047e-02
 Reference value :  1.34072e-02
 Reference value :  1.34111e-02
 Reference value :  1.34136e-02
 Reference value :  1.34162e-02
 Reference value :  1.34195e-02
 Reference value :  1.34219e-02
 Reference value :  1.34244e-02
 Reference value :  1.34283e-02
 Reference value :  1.34308e-02
 Reference value :  1.34332e-02
 Reference value :  1.34357e-02
 Reference value :  1.34382e-02
 Reference value :  1.34415e-02
 Reference value :  1.34440e-02
 Reference value :  1.34478e-02
 Reference value :  1.34504e-02
 Reference value :  1.34528e-02
 Reference value :  1.34553e-02
 Reference value :  1.34578e-02
 Reference value :  1.34611e-02
 Reference value :  1.34636e-02
 Reference value :  1.34660e-02
 Reference value :  1.34685e-02
 Reference value :  1.34710e-02
 Reference value :  1.34748e-02
 Reference value :  1.34773e-02
 Reference value :  1.34797e-02
 Reference value :  1.34821e-02
 Reference value :  1.34846e-02
 Reference value :  1.34881e-02
 Reference value :  1.34905e-02
 Reference value :  1.34944e-02
 Reference value :  1.34968e-02
 Reference value :  1.35003e-02
 Reference value :  1.35027e-02
 Reference value :  1.35052e-02
 Reference value :  1.35076e-02
 Reference value :  1.35101e-02
 Reference value :  1.35125e-02
 Reference value :  1.35149e-02
 Reference value :  1.35182e-02
 Reference value :  1.35213e-02
 Reference value :  1.35247e-02
 Reference value :  1.35272e-02
 Reference value :  1.35311e-02
 Reference value :  1.35345e-02
 Reference value :  1.35371e-02
 Reference value :  1.35409e-02
 Reference value :  1.35443e-02
 Reference value :  1.35467e-02
 Reference value :  1.35505e-02
 Reference value :  1.35530e-02
 Reference value :  1.35564e-02
 Reference value :  1.35590e-02
 Reference value :  1.35627e-02
 Reference value :  1.35661e-02
 Reference value :  1.35687e-02
 Reference value :  1.35713e-02
 Reference value :  1.35750e-02
 Reference value :  1.35775e-02
 Reference value :  1.35810e-02
 Reference value :  1.35835e-02
 Reference value :  1.35872e-02
 Reference value :  1.35898e-02
 Reference value :  1.35933e-02
 Reference value :  1.35970e-02
 Reference value :  1.35996e-02
 Reference value :  1.36030e-02
 Reference value :  1.36056e-02
 Reference value :  1.36092e-02
 Reference value :  1.36128e-02
 Reference value :  1.36153e-02
 Reference value :  1.36190e-02
 Reference value :  1.36215e-02
 Reference value :  1.36240e-02
 Reference value :  1.36275e-02
 Reference value :  1.36300e-02
 Reference value :  1.36324e-02
 Reference value :  1.36350e-02
 Reference value :  1.36386e-02
 Reference value :  1.36422e-02
 Reference value :  1.36447e-02
 Reference value :  1.36471e-02
 Reference value :  1.36508e-02
 Reference value :  1.36534e-02
 Reference value :  1.36567e-02
 Reference value :  1.36593e-02
 Reference value :  1.36627e-02
 Reference value :  1.36654e-02
 Reference value :  1.36679e-02
 Reference value :  1.36704e-02
 Reference value :  1.36740e-02
 Reference value :  1.36771e-02
 Reference value :  1.36802e-02
 Reference value :  1.36838e-02
 Reference value :  1.36865e-02
 Reference value :  1.36900e-02
 Reference value :  1.36935e-02
 Reference value :  1.36961e-02
 Reference value :  1.36988e-02
 Reference value :  1.37022e-02
 Reference value :  1.37057e-02
 Reference value :  1.37082e-02
 Reference value :  1.37119e-02
 Reference value :  1.37144e-02
 Reference value :  1.37180e-02
 Reference value :  1.37204e-02
 Reference value :  1.37230e-02
 Reference value :  1.37265e-02
 Reference value :  1.37290e-02
 Reference value :  1.37327e-02
 Reference value :  1.37353e-02
 Reference value :  1.37388e-02
 Reference value :  1.37413e-02
 Reference value :  1.37449e-02
 Reference value :  1.37475e-02
 Reference value :  1.37511e-02
 Reference value :  1.37535e-02
 Reference value :  1.37573e-02
 Reference value :  1.37597e-02
 Reference value :  1.37633e-02
 Reference value :  1.37671e-02
 Reference value :  1.37695e-02
 Reference value :  1.37732e-02
 Reference value :  1.37768e-02
 Reference value :  1.37793e-02
 Reference value :  1.37829e-02
 Reference value :  1.37855e-02
 Reference value :  1.37891e-02
 Reference value :  1.37927e-02
 Reference value :  1.37954e-02
 Reference value :  1.37989e-02
 Reference value :  1.38014e-02
 Reference value :  1.38039e-02
 Reference value :  1.38075e-02
 Reference value :  1.38100e-02
 Reference value :  1.38136e-02
 Reference value :  1.38172e-02
 Reference value :  1.38197e-02
 Reference value :  1.38224e-02
 Reference value :  1.38259e-02
 Reference value :  1.38284e-02
 Reference value :  1.38319e-02
 Reference value :  1.38357e-02
 Reference value :  1.38392e-02
 Reference value :  1.38417e-02
 Reference value :  1.38454e-02
 Reference value :  1.38489e-02
 Reference value :  1.38514e-02
 Reference value :  1.38552e-02
 Reference value :  1.38577e-02
 Reference value :  1.38612e-02
 Reference value :  1.38637e-02
 Reference value :  1.38674e-02
 Reference value :  1.38710e-02
 Reference value :  1.38737e-02
 Reference value :  1.38773e-02
 Reference value :  1.38808e-02
 Reference value :  1.38833e-02
 Reference value :  1.38870e-02
 Reference value :  1.38896e-02
 Reference value :  1.38931e-02
 Reference value :  1.38968e-02
 Reference value :  1.38992e-02
 Reference value :  1.39017e-02
 Reference value :  1.39052e-02
 Reference value :  1.39090e-02
 Reference value :  1.39125e-02
 Reference value :  1.39150e-02
 Reference value :  1.39187e-02
 Reference value :  1.39212e-02
 Reference value :  1.39247e-02
 Reference value :  1.39286e-02
 Reference value :  1.39320e-02
 Reference value :  1.39357e-02
 Reference value :  1.39384e-02
 Reference value :  1.39418e-02
 Reference value :  1.39443e-02
 Reference value :  1.39476e-02
 Reference value :  1.39506e-02
 Reference value :  1.39531e-02
 Reference value :  1.39556e-02
 Reference value :  1.39590e-02
 Reference value :  1.39615e-02
 Reference value :  1.39652e-02
 Reference value :  1.39678e-02
 Reference value :  1.39713e-02
 Reference value :  1.39748e-02
 Reference value :  1.39776e-02
 Reference value :  1.39801e-02
 Reference value :  1.39835e-02
 Reference value :  1.39874e-02
 Reference value :  1.39900e-02
 Reference value :  1.39933e-02
 Reference value :  1.39965e-02
 Reference value :  1.39995e-02
 Reference value :  1.40020e-02
 Reference value :  1.40054e-02
 Reference value :  1.40080e-02
 Reference value :  1.40118e-02
 Reference value :  1.40152e-02
 Reference value :  1.40191e-02
 Reference value :  1.40217e-02
 Reference value :  1.40250e-02
 Reference value :  1.40289e-02
 Reference value :  1.40322e-02
 Reference value :  1.40348e-02
 Reference value :  1.40383e-02
 Reference value :  1.40412e-02
 Reference value :  1.40445e-02
 Reference value :  1.40483e-02
 Reference value :  1.40510e-02
 Reference value :  1.40544e-02
 Reference value :  1.40569e-02
 Reference value :  1.40608e-02
 Reference value :  1.40641e-02
 Reference value :  1.40666e-02
 Reference value :  1.40705e-02
 Reference value :  1.40739e-02
 Reference value :  1.40779e-02
 Reference value :  1.40804e-02
 Reference value :  1.40838e-02
 Reference value :  1.40877e-02
 Reference value :  1.40910e-02
 Reference value :  1.40936e-02
 Reference value :  1.40975e-02
 Reference value :  1.41000e-02
 Reference value :  1.41033e-02
 Reference value :  1.41072e-02
 Reference value :  1.41099e-02
 Reference value :  1.41132e-02
 Reference value :  1.41171e-02
 Reference value :  1.41204e-02
 Reference value :  1.41230e-02
 Reference value :  1.41269e-02
 Reference value :  1.41294e-02
 Reference value :  1.41327e-02
 Reference value :  1.41353e-02
 Reference value :  1.41392e-02
 Reference value :  1.41425e-02
 Reference value :  1.41459e-02
 Reference value :  1.41490e-02
 Reference value :  1.41523e-02
 Reference value :  1.41554e-02
 Reference value :  1.41588e-02
 Reference value :  1.41612e-02
 Reference value :  1.41646e-02
 Reference value :  1.41671e-02
 Reference value :  1.41710e-02
 Reference value :  1.41738e-02
 Reference value :  1.41768e-02
 Reference value :  1.41793e-02
 Reference value :  1.41830e-02
 Reference value :  1.41858e-02
 Reference value :  1.41890e-02
 Reference value :  1.41931e-02
 Reference value :  1.41956e-02
 Reference value :  1.41981e-02
 Reference value :  1.42013e-02
 Reference value :  1.42039e-02
 Reference value :  1.42078e-02
 Reference value :  1.42103e-02
 Reference value :  1.42128e-02
 Reference value :  1.42160e-02
 Reference value :  1.42193e-02
 Reference value :  1.42226e-02
 Reference value :  1.42250e-02
 Reference value :  1.42276e-02
 Reference value :  1.42313e-02
 Reference value :  1.42348e-02
 Reference value :  1.42373e-02
 Reference value :  1.42398e-02
 Reference value :  1.42430e-02
 Reference value :  1.42455e-02
 Reference value :  1.42496e-02
 Reference value :  1.42520e-02
 Reference value :  1.42553e-02
 Reference value :  1.42593e-02
 Reference value :  1.42618e-02
 Reference value :  1.42650e-02
 Reference value :  1.42675e-02
 Reference value :  1.42700e-02
 Reference value :  1.42740e-02
 Reference value :  1.42765e-02
 Reference value :  1.42797e-02
 Reference value :  1.42838e-02
 Reference value :  1.42870e-02
 Reference value :  1.42895e-02
 Reference value :  1.42935e-02
 Reference value :  1.42960e-02
 Reference value :  1.42985e-02
 Reference value :  1.43017e-02
 Reference value :  1.43041e-02
 Reference value :  1.43082e-02
 Reference value :  1.43107e-02
 Reference value :  1.43139e-02
 Reference value :  1.43180e-02
 Reference value :  1.43213e-02
 Reference value :  1.43253e-02
 Reference value :  1.43286e-02
 Reference value :  1.43336e-02
 Reference value :  1.43376e-02
 Reference value :  1.43409e-02
 Reference value :  1.43458e-02
 Reference value :  1.43523e-02
 Reference value :  1.43596e-02
 Reference value :  1.43669e-02
 Reference value :  1.43766e-02
 Reference value :  1.43840e-02
 Reference value :  1.43914e-02
 Reference value :  1.43987e-02
 Reference value :  1.44079e-02
 Reference value :  1.44158e-02
 Reference value :  1.44232e-02
 Reference value :  1.44306e-02
 Reference value :  1.44379e-02
 Reference value :  1.44451e-02
 Reference value :  1.44514e-02
 Reference value :  1.44599e-02
 Reference value :  1.44673e-02
 Reference value :  1.44735e-02
 Reference value :  1.44796e-02
 Reference value :  1.44870e-02
 Reference value :  1.44942e-02
 Reference value :  1.44996e-02
 Reference value :  1.45064e-02
 Reference value :  1.45136e-02
 Reference value :  1.45209e-02
 Reference value :  1.45284e-02
 Reference value :  1.45357e-02
 Reference value :  1.45431e-02
 Reference value :  1.45504e-02
 Reference value :  1.45577e-02
 Reference value :  1.45675e-02
 Reference value :  1.45770e-02
 Reference value :  1.45823e-02
 Reference value :  1.45895e-02
 Reference value :  1.45945e-02
 Reference value :  1.46018e-02
 Reference value :  1.46068e-02
 Reference value :  1.46140e-02
 Reference value :  1.46205e-02
 Reference value :  1.46262e-02
 Reference value :  1.46336e-02
 Reference value :  1.46409e-02
 Reference value :  1.46482e-02
 Reference value :  1.46556e-02
 Reference value :  1.46630e-02
 Reference value :  1.46704e-02
 Reference value :  1.46777e-02
 Reference value :  1.46850e-02
 Reference value :  1.46924e-02
 Reference value :  1.46997e-02
 Reference value :  1.47067e-02
 Reference value :  1.47119e-02
 Reference value :  1.47193e-02
 Reference value :  1.47266e-02
 Reference value :  1.47339e-02
 Reference value :  1.47410e-02
 Reference value :  1.47461e-02
 Reference value :  1.47535e-02
 Reference value :  1.47607e-02
 Reference value :  1.47680e-02
 Reference value :  1.47729e-02
 Reference value :  1.47801e-02
 Reference value :  1.47851e-02
 Reference value :  1.47900e-02
 Reference value :  1.47973e-02
 Reference value :  1.48045e-02
 Reference value :  1.48120e-02
 Reference value :  1.48193e-02
 Reference value :  1.48267e-02
 Reference value :  1.48340e-02
 Reference value :  1.48413e-02
 Reference value :  1.48486e-02
 Reference value :  1.48560e-02
 Reference value :  1.48609e-02
 Reference value :  1.48682e-02
 Reference value :  1.48755e-02
 Reference value :  1.48826e-02
 Reference value :  1.48878e-02
 Reference value :  1.48951e-02
 Reference value :  1.49000e-02
 Reference value :  1.49073e-02
 Reference value :  1.49147e-02
 Reference value :  1.49196e-02
 Reference value :  1.49269e-02
 Reference value :  1.49329e-02
 Reference value :  1.49416e-02
 Reference value :  1.49472e-02
 Reference value :  1.49562e-02
 Reference value :  1.49637e-02
 Reference value :  1.49711e-02
 Reference value :  1.49808e-02
 Reference value :  1.49906e-02
 Reference value :  1.50002e-02
 Reference value :  1.50078e-02
 Reference value :  1.50175e-02
 Reference value :  1.50249e-02
 Reference value :  1.50323e-02
 Reference value :  1.50396e-02
 Reference value :  1.50471e-02
 Reference value :  1.50567e-02
 Reference value :  1.50640e-02
 Reference value :  1.50713e-02
 Reference value :  1.50787e-02
 Reference value :  1.50861e-02
 Reference value :  1.50957e-02
 Reference value :  1.51031e-02
 Reference value :  1.51104e-02
 Reference value :  1.51164e-02
 Reference value :  1.51234e-02
 Reference value :  1.51303e-02
 Reference value :  1.51376e-02
 Reference value :  1.51449e-02
 Reference value :  1.51528e-02
 Reference value :  1.51619e-02
 Reference value :  1.51669e-02
 Reference value :  1.51766e-02
 Reference value :  1.51840e-02
 Reference value :  1.51913e-02
 Reference value :  1.51988e-02
 Reference value :  1.52062e-02
 Reference value :  1.52157e-02
 Reference value :  1.52232e-02
 Reference value :  1.52306e-02
 Reference value :  1.52379e-02
 Reference value :  1.52453e-02
 Reference value :  1.52526e-02
 Reference value :  1.52601e-02
 Reference value :  1.52698e-02
 Reference value :  1.52771e-02
 Reference value :  1.52845e-02
 Reference value :  1.52919e-02
 Reference value :  1.53016e-02
 Reference value :  1.53090e-02
 Reference value :  1.53164e-02
 Reference value :  1.53261e-02
 Reference value :  1.53334e-02
 Reference value :  1.53408e-02
 Reference value :  1.53505e-02
 Reference value :  1.53579e-02
 Reference value :  1.53653e-02
 Reference value :  1.53750e-02
 Reference value :  1.53824e-02
 Reference value :  1.53897e-02
 Reference value :  1.53971e-02
 Reference value :  1.54044e-02
 Reference value :  1.54119e-02
 Reference value :  1.54192e-02
 Reference value :  1.54288e-02
 Reference value :  1.54338e-02
 Reference value :  1.54435e-02
 Reference value :  1.54508e-02
 Reference value :  1.54582e-02
 Reference value :  1.54656e-02
 Reference value :  1.54729e-02
 Reference value :  1.54803e-02
 Reference value :  1.54876e-02
 Reference value :  1.54950e-02
 Reference value :  1.55023e-02
 Reference value :  1.55097e-02
 Reference value :  1.55147e-02
 Reference value :  1.55220e-02
 Reference value :  1.55318e-02
 Reference value :  1.55390e-02
 Reference value :  1.55464e-02
 Reference value :  1.55538e-02
 Reference value :  1.55611e-02
 Reference value :  1.55684e-02
 Reference value :  1.55758e-02
 Reference value :  1.55832e-02
 Reference value :  1.55905e-02
 Reference value :  1.55979e-02
 Reference value :  1.56075e-02
 Reference value :  1.56127e-02
 Reference value :  1.56222e-02
 Reference value :  1.56296e-02
 Reference value :  1.56369e-02
 Reference value :  1.56443e-02
 Reference value :  1.56516e-02
 Reference value :  1.56590e-02
 Reference value :  1.56663e-02
 Reference value :  1.56737e-02
 Reference value :  1.56810e-02
 Reference value :  1.56884e-02
 Reference value :  1.56957e-02
 Reference value :  1.57031e-02
 Reference value :  1.57105e-02
 Reference value :  1.57178e-02
 Reference value :  1.57252e-02
 Reference value :  1.57325e-02
 Reference value :  1.57399e-02
 Reference value :  1.57473e-02
 Reference value :  1.57546e-02
 Reference value :  1.57619e-02
 Reference value :  1.57693e-02
 Reference value :  1.57766e-02
 Reference value :  1.57840e-02
 Reference value :  1.57914e-02
 Reference value :  1.57987e-02
 Reference value :  1.58061e-02
 Reference value :  1.58136e-02
 Reference value :  1.58208e-02
 Reference value :  1.58282e-02
 Reference value :  1.58378e-02
 Reference value :  1.58452e-02
 Reference value :  1.58526e-02
 Reference value :  1.58599e-02
 Reference value :  1.58673e-02
 Reference value :  1.58746e-02
 Reference value :  1.58820e-02
 Reference value :  1.58893e-02
 Reference value :  1.58967e-02
 Reference value :  1.59040e-02
 Reference value :  1.59114e-02
 Reference value :  1.59188e-02
 Reference value :  1.59262e-02
 Reference value :  1.59334e-02
 Reference value :  1.59408e-02
 Reference value :  1.59505e-02
 Reference value :  1.59579e-02
 Reference value :  1.59652e-02
 Reference value :  1.59726e-02
 Reference value :  1.59800e-02
 Reference value :  1.59873e-02
 Reference value :  1.59947e-02
 Reference value :  1.60020e-02
 Reference value :  1.60097e-02
 Reference value :  1.60168e-02
 Reference value :  1.60265e-02
 Reference value :  1.60339e-02
 Reference value :  1.60412e-02
 Reference value :  1.60486e-02
 Reference value :  1.60559e-02
 Reference value :  1.60633e-02
 Reference value :  1.60706e-02
 Reference value :  1.60804e-02
 Reference value :  1.60878e-02
 Reference value :  1.60951e-02
 Reference value :  1.61025e-02
 Reference value :  1.61099e-02
 Reference value :  1.61196e-02
 Reference value :  1.61270e-02
 Reference value :  1.61343e-02
 Reference value :  1.61417e-02
 Reference value :  1.61490e-02
 Reference value :  1.61564e-02
 Reference value :  1.61637e-02
 Reference value :  1.61711e-02
 Reference value :  1.61786e-02
 Reference value :  1.61881e-02
 Reference value :  1.61955e-02
 Reference value :  1.62029e-02
 Reference value :  1.62102e-02
 Reference value :  1.62199e-02
 Reference value :  1.62272e-02
 Reference value :  1.62346e-02
 Reference value :  1.62419e-02
 Reference value :  1.62496e-02
 Reference value :  1.62567e-02
 Reference value :  1.62664e-02
 Reference value :  1.62736e-02
 Reference value :  1.62811e-02
 Reference value :  1.62885e-02
 Reference value :  1.62958e-02
 Reference value :  1.63009e-02
 Reference value :  1.63106e-02
 Reference value :  1.63180e-02
 Reference value :  1.63277e-02
 Reference value :  1.63351e-02
 Reference value :  1.63425e-02
 Reference value :  1.63498e-02
 Reference value :  1.63595e-02
 Reference value :  1.63670e-02
 Reference value :  1.63742e-02
 Reference value :  1.63817e-02
 Reference value :  1.63890e-02
 Reference value :  1.63964e-02
 Reference value :  1.64037e-02
 Reference value :  1.64111e-02
 Reference value :  1.64207e-02
 Reference value :  1.64282e-02
 Reference value :  1.64356e-02
 Reference value :  1.64429e-02
 Reference value :  1.64503e-02
 Reference value :  1.64576e-02
 Reference value :  1.64650e-02
 Reference value :  1.64724e-02
 Reference value :  1.64798e-02
 Reference value :  1.64894e-02
 Reference value :  1.64967e-02
 Reference value :  1.65042e-02
 Reference value :  1.65115e-02
 Reference value :  1.65189e-02
 Reference value :  1.65262e-02
 Reference value :  1.65336e-02
 Reference value :  1.65410e-02
 Reference value :  1.65483e-02
 Reference value :  1.65556e-02
 Reference value :  1.65653e-02
 Reference value :  1.65703e-02
 Reference value :  1.65799e-02
 Reference value :  1.65873e-02
 Reference value :  1.65946e-02
 Reference value :  1.66020e-02
 Reference value :  1.66093e-02
 Reference value :  1.66167e-02
 Reference value :  1.66241e-02
 Reference value :  1.66316e-02
 Reference value :  1.66390e-02
 Reference value :  1.66485e-02
 Reference value :  1.66559e-02
 Reference value :  1.66633e-02
 Reference value :  1.66707e-02
 Reference value :  1.66780e-02
 Reference value :  1.66854e-02
 Reference value :  1.66927e-02
 Reference value :  1.67001e-02
 Reference value :  1.67075e-02
 Reference value :  1.67171e-02
 Reference value :  1.67245e-02
 Reference value :  1.67319e-02
 Reference value :  1.67392e-02
 Reference value :  1.67466e-02
 Reference value :  1.67540e-02
 Reference value :  1.67613e-02
 Reference value :  1.67687e-02
 Reference value :  1.67760e-02
 Reference value :  1.67835e-02
 Reference value :  1.67931e-02
 Reference value :  1.68005e-02
 Reference value :  1.68079e-02
 Reference value :  1.68152e-02
 Reference value :  1.68226e-02
 Reference value :  1.68300e-02
 Reference value :  1.68373e-02
 Reference value :  1.68447e-02
 Reference value :  1.68520e-02
 Reference value :  1.68594e-02
 Reference value :  1.68669e-02
 Reference value :  1.68741e-02
 Reference value :  1.68815e-02
 Reference value :  1.68888e-02
 Reference value :  1.68962e-02
 Reference value :  1.69036e-02
 Reference value :  1.69108e-02
 Reference value :  1.69182e-02
 Reference value :  1.69256e-02
 Reference value :  1.69353e-02
 Reference value :  1.69427e-02
 Reference value :  1.69500e-02
 Reference value :  1.69574e-02
 Reference value :  1.69647e-02
 Reference value :  1.69721e-02
 Reference value :  1.69794e-02
 Reference value :  1.69869e-02
 Reference value :  1.69942e-02
 Reference value :  1.70038e-02
 Reference value :  1.70112e-02
 Reference value :  1.70186e-02
 Reference value :  1.70260e-02
 Reference value :  1.70333e-02
 Reference value :  1.70407e-02
 Reference value :  1.70481e-02
 Reference value :  1.70554e-02
 Reference value :  1.70651e-02
 Reference value :  1.70725e-02
 Reference value :  1.70798e-02
 Reference value :  1.70872e-02
 Reference value :  1.70945e-02
 Reference value :  1.71019e-02
 Reference value :  1.71092e-02
 Reference value :  1.71184e-02
 Reference value :  1.71262e-02
 Reference value :  1.71313e-02
 Reference value :  1.71388e-02
 Reference value :  1.71483e-02
 Reference value :  1.71557e-02
 Reference value :  1.71631e-02
 Reference value :  1.71704e-02
 Reference value :  1.71778e-02
 Reference value :  1.71851e-02
 Reference value :  1.71925e-02
 Reference value :  1.71999e-02
 Reference value :  1.72095e-02
 Reference value :  1.72169e-02
 Reference value :  1.72243e-02
 Reference value :  1.72317e-02
 Reference value :  1.72390e-02
 Reference value :  1.72464e-02
 Reference value :  1.72537e-02
 Reference value :  1.72612e-02
 Reference value :  1.72707e-02
 Reference value :  1.72782e-02
 Reference value :  1.72855e-02
 Reference value :  1.72929e-02
 Reference value :  1.73002e-02
 Reference value :  1.73076e-02
 Reference value :  1.73149e-02
 Reference value :  1.73223e-02
 Reference value :  1.73297e-02
 Reference value :  1.73394e-02
 Reference value :  1.73468e-02
 Reference value :  1.73541e-02
 Reference value :  1.73615e-02
 Reference value :  1.73688e-02
 Reference value :  1.73762e-02
 Reference value :  1.73835e-02
 Reference value :  1.73910e-02
 Reference value :  1.73983e-02
 Reference value :  1.74074e-02
 Reference value :  1.74153e-02
 Reference value :  1.74227e-02
 Reference value :  1.74300e-02
 Reference value :  1.74374e-02
 Reference value :  1.74447e-02
 Reference value :  1.74521e-02
 Reference value :  1.74595e-02
 Reference value :  1.74669e-02
 Reference value :  1.74742e-02
 Reference value :  1.74816e-02
 Reference value :  1.74912e-02
 Reference value :  1.74986e-02
 Reference value :  1.75059e-02
 Reference value :  1.75133e-02
 Reference value :  1.75207e-02
 Reference value :  1.75280e-02
 Reference value :  1.75353e-02
 Reference value :  1.75427e-02
 Reference value :  1.75501e-02
 Reference value :  1.75598e-02
 Reference value :  1.75672e-02
 Reference value :  1.75745e-02
 Reference value :  1.75819e-02
 Reference value :  1.75892e-02
 Reference value :  1.75966e-02
 Reference value :  1.76039e-02
 Reference value :  1.76115e-02
 Reference value :  1.76187e-02
 Reference value :  1.76283e-02
 Reference value :  1.76357e-02
 Reference value :  1.76431e-02
 Reference value :  1.76505e-02
 Reference value :  1.76578e-02
 Reference value :  1.76652e-02
 Reference value :  1.76727e-02
 Reference value :  1.76802e-02
 Reference value :  1.76896e-02
 Reference value :  1.76970e-02
 Reference value :  1.77043e-02
 Reference value :  1.77117e-02
 Reference value :  1.77190e-02
 Reference value :  1.77264e-02
 Reference value :  1.77337e-02
 Reference value :  1.77434e-02
 Reference value :  1.77508e-02
 Reference value :  1.77581e-02
 Reference value :  1.77655e-02
 Reference value :  1.77729e-02
 Reference value :  1.77802e-02
 Reference value :  1.77876e-02
 Reference value :  1.77950e-02
 Reference value :  1.78023e-02
 Reference value :  1.78099e-02
 Reference value :  1.78194e-02
 Reference value :  1.78268e-02
 Reference value :  1.78341e-02
 Reference value :  1.78415e-02
 Reference value :  1.78488e-02
 Reference value :  1.78562e-02
 Reference value :  1.78635e-02
 Reference value :  1.78709e-02
 Reference value :  1.78782e-02
 Reference value :  1.78855e-02
 Reference value :  1.78929e-02
 Reference value :  1.79002e-02
 Reference value :  1.79076e-02
 Reference value :  1.79149e-02
 Reference value :  1.79223e-02
 Reference value :  1.79296e-02
 Reference value :  1.79370e-02
 Reference value :  1.79443e-02
 Reference value :  1.79517e-02
 Reference value :  1.79590e-02
 Reference value :  1.79664e-02
 Reference value :  1.79737e-02
 Reference value :  1.79811e-02
 Reference value :  1.79884e-02
 Reference value :  1.79958e-02
 Reference value :  1.80031e-02
 Reference value :  1.80104e-02
 Reference value :  1.80177e-02
 Reference value :  1.80251e-02
 Reference value :  1.80324e-02
 Reference value :  1.80398e-02
 Reference value :  1.80452e-02
 Reference value :  1.80544e-02
 Reference value :  1.80618e-02
 Reference value :  1.80670e-02
 Reference value :  1.80764e-02
 Reference value :  1.80816e-02
 Reference value :  1.80889e-02
 Reference value :  1.80962e-02
 Reference value :  1.81036e-02
 Reference value :  1.81109e-02
 Reference value :  1.81182e-02
 Reference value :  1.81256e-02
 Reference value :  1.81329e-02
 Reference value :  1.81402e-02
 Reference value :  1.81476e-02
 Reference value :  1.81549e-02
 Reference value :  1.81623e-02
 Reference value :  1.81696e-02
 Reference value :  1.81770e-02
 Reference value :  1.81843e-02
 Reference value :  1.81917e-02
 Reference value :  1.81990e-02
 Reference value :  1.82063e-02
 Reference value :  1.82137e-02
 Reference value :  1.82210e-02
 Reference value :  1.82284e-02
 Reference value :  1.82357e-02
 Reference value :  1.82431e-02
 Reference value :  1.82504e-02
 Reference value :  1.82577e-02
 Reference value :  1.82651e-02
 Reference value :  1.82724e-02
 Reference value :  1.82798e-02
 Reference value :  1.82872e-02
 Reference value :  1.82944e-02
 Reference value :  1.83002e-02
 Reference value :  1.83091e-02
 Reference value :  1.83142e-02
 Reference value :  1.83238e-02
 Reference value :  1.83312e-02
 Reference value :  1.83386e-02
 Reference value :  1.83459e-02
 Reference value :  1.83533e-02
 Reference value :  1.83606e-02
 Reference value :  1.83680e-02
 Reference value :  1.83754e-02
 Reference value :  1.83827e-02
 Reference value :  1.83900e-02
 Reference value :  1.83974e-02
 Reference value :  1.84030e-02
 Reference value :  1.84120e-02
 Reference value :  1.84173e-02
 Reference value :  1.84246e-02
 Reference value :  1.84340e-02
 Reference value :  1.84400e-02
 Reference value :  1.84488e-02
 Reference value :  1.84551e-02
 Reference value :  1.84620e-02
 Reference value :  1.84708e-02
 Reference value :  1.84761e-02
 Reference value :  1.84855e-02
 Reference value :  1.84929e-02
 Reference value :  1.85002e-02
 Reference value :  1.85076e-02
 Reference value :  1.85149e-02
 Reference value :  1.85223e-02
 Reference value :  1.85296e-02
 Reference value :  1.85369e-02
 Reference value :  1.85444e-02
 Reference value :  1.85517e-02
 Reference value :  1.85591e-02
 Reference value :  1.85665e-02
 Reference value :  1.85739e-02
 Reference value :  1.85813e-02
 Reference value :  1.85887e-02
 Reference value :  1.85971e-02
 Reference value :  1.86058e-02
 Reference value :  1.86131e-02
 Reference value :  1.86205e-02
 Reference value :  1.86279e-02
 Reference value :  1.86353e-02
 Reference value :  1.86429e-02
 Reference value :  1.86523e-02
 Reference value :  1.86574e-02
 Reference value :  1.86649e-02
 Reference value :  1.86722e-02
 Reference value :  1.86817e-02
 Reference value :  1.86869e-02
 Reference value :  1.86943e-02
 Reference value :  1.87038e-02
 Reference value :  1.87091e-02
 Reference value :  1.87185e-02
 Reference value :  1.87236e-02
 Reference value :  1.87310e-02
 Reference value :  1.87388e-02
 Reference value :  1.87456e-02
 Reference value :  1.87552e-02
 Reference value :  1.87604e-02
 Reference value :  1.87685e-02
 Reference value :  1.87773e-02
 Reference value :  1.87847e-02
 Reference value :  1.87921e-02
 Reference value :  1.87994e-02
 Reference value :  1.88067e-02
 Reference value :  1.88141e-02
 Reference value :  1.88214e-02
 Reference value :  1.88288e-02
 Reference value :  1.88361e-02
 Reference value :  1.88435e-02
 Reference value :  1.88508e-02
 Reference value :  1.88582e-02
 Reference value :  1.88655e-02
 Reference value :  1.88729e-02
 Reference value :  1.88802e-02
 Reference value :  1.88875e-02
 Reference value :  1.88949e-02
 Reference value :  1.89022e-02
 Reference value :  1.89096e-02
 Reference value :  1.89170e-02
 Reference value :  1.89243e-02
 Reference value :  1.89316e-02
 Reference value :  1.89390e-02
 Reference value :  1.89463e-02
 Reference value :  1.89537e-02
 Reference value :  1.89610e-02
 Reference value :  1.89684e-02
 Reference value :  1.89757e-02
 Reference value :  1.89831e-02
 Reference value :  1.89904e-02
 Reference value :  1.89977e-02
 Reference value :  1.90051e-02
 Reference value :  1.90124e-02
 Reference value :  1.90198e-02
 Reference value :  1.90271e-02
 Reference value :  1.90345e-02
 Reference value :  1.90418e-02
 Reference value :  1.90492e-02
 Reference value :  1.90565e-02
 Reference value :  1.90639e-02
 Reference value :  1.90712e-02
 Reference value :  1.90786e-02
 Reference value :  1.90836e-02
 Reference value :  1.90910e-02
 Reference value :  1.90991e-02
 Reference value :  1.91056e-02
 Reference value :  1.91152e-02
 Reference value :  1.91204e-02
 Reference value :  1.91278e-02
 Reference value :  1.91372e-02
 Reference value :  1.91434e-02
 Reference value :  1.91520e-02
 Reference value :  1.91572e-02
 Reference value :  1.91646e-02
 Reference value :  1.91740e-02
 Reference value :  1.91795e-02
 Reference value :  1.91887e-02
 Reference value :  1.91961e-02
 Reference value :  1.92035e-02
 Reference value :  1.92108e-02
 Reference value :  1.92181e-02
 Reference value :  1.92255e-02
 Reference value :  1.92328e-02
 Reference value :  1.92402e-02
 Reference value :  1.92475e-02
 Reference value :  1.92548e-02
 Reference value :  1.92621e-02
 Reference value :  1.92673e-02
 Reference value :  1.92749e-02
 Reference value :  1.92842e-02
 Reference value :  1.92908e-02
 Reference value :  1.92990e-02
 Reference value :  1.93045e-02
 Reference value :  1.93116e-02
 Reference value :  1.93191e-02
 Reference value :  1.93260e-02
 Reference value :  1.93356e-02
 Reference value :  1.93408e-02
 Reference value :  1.93482e-02
 Reference value :  1.93577e-02
 Reference value :  1.93635e-02
 Reference value :  1.93724e-02
 Reference value :  1.93798e-02
 Reference value :  1.93871e-02
 Reference value :  1.93945e-02
 Reference value :  1.94018e-02
 Reference value :  1.94092e-02
 Reference value :  1.94165e-02
 Reference value :  1.94239e-02
 Reference value :  1.94312e-02
 Reference value :  1.94386e-02
 Reference value :  1.94459e-02
 Reference value :  1.94533e-02
 Reference value :  1.94606e-02
 Reference value :  1.94680e-02
 Reference value :  1.94753e-02
 Reference value :  1.94827e-02
 Reference value :  1.94900e-02
 Reference value :  1.94974e-02
 Reference value :  1.95047e-02
 Reference value :  1.95120e-02
 Reference value :  1.95194e-02
 Reference value :  1.95267e-02
 Reference value :  1.95341e-02
 Reference value :  1.95414e-02
 Reference value :  1.95488e-02
 Reference value :  1.95561e-02
 Reference value :  1.95635e-02
 Reference value :  1.95708e-02
 Reference value :  1.95782e-02
 Reference value :  1.95855e-02
 Reference value :  1.95929e-02
 Reference value :  1.96002e-02
 Reference value :  1.96076e-02
 Reference value :  1.96149e-02
 Reference value :  1.96222e-02
 Reference value :  1.96296e-02
 Reference value :  1.96369e-02
 Reference value :  1.96443e-02
 Reference value :  1.96517e-02
 Reference value :  1.96590e-02
 Reference value :  1.96663e-02
 Reference value :  1.96714e-02
 Reference value :  1.96787e-02
 Reference value :  1.96862e-02
 Reference value :  1.96934e-02
 Reference value :  1.97007e-02
 Reference value :  1.97080e-02
 Reference value :  1.97154e-02
 Reference value :  1.97227e-02
 Reference value :  1.97301e-02
 Reference value :  1.97374e-02
 Reference value :  1.97448e-02
 Reference value :  1.97521e-02
 Reference value :  1.97595e-02
 Reference value :  1.97691e-02
 Reference value :  1.97742e-02
 Reference value :  1.97815e-02
 Reference value :  1.97889e-02
 Reference value :  1.97962e-02
 Reference value :  1.98036e-02
 Reference value :  1.98132e-02
 Reference value :  1.98206e-02
 Reference value :  1.98260e-02
 Reference value :  1.98353e-02
 Reference value :  1.98426e-02
 Reference value :  1.98500e-02
 Reference value :  1.98573e-02
 Reference value :  1.98647e-02
 Reference value :  1.98721e-02
 Reference value :  1.98794e-02
 Reference value :  1.98868e-02
 Reference value :  1.98941e-02
 Reference value :  1.99015e-02
 Reference value :  1.99088e-02
 Reference value :  1.99162e-02
 Reference value :  1.99235e-02
 Reference value :  1.99309e-02
 Reference value :  1.99382e-02
 Reference value :  1.99456e-02
 Reference value :  1.99529e-02
 Reference value :  1.99603e-02
 Reference value :  1.99677e-02
 Reference value :  1.99751e-02
 Reference value :  1.99824e-02
 Reference value :  1.99920e-02
 Reference value :  1.99993e-02
 Reference value :  2.00067e-02
 Reference value :  2.00117e-02
 Reference value :  2.00165e-02
 Reference value :  2.00213e-02
 Reference value :  2.00238e-02
 Reference value :  2.00263e-02
 Reference value :  2.00311e-02
 Reference value :  2.00336e-02
 Reference value :  2.00384e-02
 Reference value :  2.00409e-02
 Reference value :  2.00435e-02
 Reference value :  2.00483e-02
 Reference value :  2.00507e-02
 Reference value :  2.00533e-02
 Reference value :  2.00580e-02
 Reference value :  2.00605e-02
 Reference value :  2.00654e-02
 Reference value :  2.00678e-02
 Reference value :  2.00703e-02
 Reference value :  2.00728e-02
 Reference value :  2.00752e-02
 Reference value :  2.00801e-02
 Reference value :  2.00826e-02
 Reference value :  2.00851e-02
 Reference value :  2.00899e-02
 Reference value :  2.00924e-02
 Reference value :  2.00950e-02
 Reference value :  2.00998e-02
 Reference value :  2.01022e-02
 Reference value :  2.01047e-02
 Reference value :  2.01095e-02
 Reference value :  2.01120e-02
 Reference value :  2.01167e-02
 Reference value :  2.01193e-02
 Reference value :  2.01218e-02
 Reference value :  2.01243e-02
 Reference value :  2.01291e-02
 Reference value :  2.01316e-02
 Reference value :  2.01341e-02
 Reference value :  2.01389e-02
 Reference value :  2.01414e-02
 Reference value :  2.01440e-02
 Reference value :  2.01487e-02
 Reference value :  2.01512e-02
 Reference value :  2.01560e-02
 Reference value :  2.01585e-02
 Reference value :  2.01610e-02
 Reference value :  2.01658e-02
 Reference value :  2.01706e-02
 Reference value :  2.01732e-02
 Reference value :  2.01756e-02
 Reference value :  2.01805e-02
 Reference value :  2.01830e-02
 Reference value :  2.01876e-02
 Reference value :  2.01903e-02
 Reference value :  2.01928e-02
 Reference value :  2.01976e-02
 Reference value :  2.02001e-02
 Reference value :  2.02026e-02
 Reference value :  2.02074e-02
 Reference value :  2.02099e-02
 Reference value :  2.02124e-02
 Reference value :  2.02149e-02
 Reference value :  2.02196e-02
 Reference value :  2.02221e-02
 Reference value :  2.02246e-02
 Reference value :  2.02271e-02
 Reference value :  2.02296e-02
 Reference value :  2.02321e-02
 Reference value :  2.02368e-02
 Reference value :  2.02394e-02
 Reference value :  2.02418e-02
 Reference value :  2.02443e-02
 Reference value :  2.02470e-02
 Reference value :  2.02515e-02
 Reference value :  2.02541e-02
 Reference value :  2.02566e-02
 Reference value :  2.02613e-02
 Reference value :  2.02639e-02
 Reference value :  2.02664e-02
 Reference value :  2.02689e-02
 Reference value :  2.02735e-02
 Reference value :  2.02760e-02
 Reference value :  2.02786e-02
 Reference value :  2.02811e-02
 Reference value :  2.02836e-02
 Reference value :  2.02883e-02
 Reference value :  2.02909e-02
 Reference value :  2.02934e-02
 Reference value :  2.02959e-02
 Reference value :  2.03005e-02
 Reference value :  2.03030e-02
 Reference value :  2.03056e-02
 Reference value :  2.03081e-02
 Reference value :  2.03128e-02
 Reference value :  2.03154e-02
 Reference value :  2.03179e-02
 Reference value :  2.03225e-02
 Reference value :  2.03250e-02
 Reference value :  2.03275e-02
 Reference value :  2.03301e-02
 Reference value :  2.03326e-02
 Reference value :  2.03373e-02
 Reference value :  2.03399e-02
 Reference value :  2.03424e-02
 Reference value :  2.03471e-02
 Reference value :  2.03495e-02
 Reference value :  2.03520e-02
 Reference value :  2.03547e-02
 Reference value :  2.03572e-02
 Reference value :  2.03618e-02
 Reference value :  2.03643e-02
 Reference value :  2.03667e-02
 Reference value :  2.03694e-02
 Reference value :  2.03741e-02
 Reference value :  2.03766e-02
 Reference value :  2.03792e-02
 Reference value :  2.03817e-02
 Reference value :  2.03863e-02
 Reference value :  2.03887e-02
 Reference value :  2.03912e-02
 Reference value :  2.03937e-02
 Reference value :  2.03964e-02
 Reference value :  2.03988e-02
 Reference value :  2.04013e-02
 Reference value :  2.04059e-02
 Reference value :  2.04084e-02
 Reference value :  2.04109e-02
 Reference value :  2.04134e-02
 Reference value :  2.04160e-02
 Reference value :  2.04185e-02
 Reference value :  2.04231e-02
 Reference value :  2.04258e-02
 Reference value :  2.04284e-02
 Reference value :  2.04314e-02
 Reference value :  2.04353e-02
 Reference value :  2.04378e-02
 Reference value :  2.04405e-02
 Reference value :  2.04431e-02
 Reference value :  2.04475e-02
 Reference value :  2.04503e-02
 Reference value :  2.04548e-02
 Reference value :  2.04573e-02
 Reference value :  2.04601e-02
 Reference value :  2.04625e-02
 Reference value :  2.04671e-02
 Reference value :  2.04699e-02
 Reference value :  2.04724e-02
 Reference value :  2.04769e-02
 Reference value :  2.04793e-02
 Reference value :  2.04819e-02
 Reference value :  2.04846e-02
 Reference value :  2.04870e-02
 Reference value :  2.04895e-02
 Reference value :  2.04940e-02
 Reference value :  2.04966e-02
 Reference value :  2.04993e-02
 Reference value :  2.05018e-02
 Reference value :  2.05062e-02
 Reference value :  2.05088e-02
 Reference value :  2.05115e-02
 Reference value :  2.05140e-02
 Reference value :  2.05165e-02
 Reference value :  2.05209e-02
 Reference value :  2.05237e-02
 Reference value :  2.05262e-02
 Reference value :  2.05306e-02
 Reference value :  2.05331e-02
 Reference value :  2.05356e-02
 Reference value :  2.05381e-02
 Reference value :  2.05409e-02
 Reference value :  2.05453e-02
 Reference value :  2.05478e-02
 Reference value :  2.05503e-02
 Reference value :  2.05531e-02
 Reference value :  2.05556e-02
 Reference value :  2.05599e-02
 Reference value :  2.05623e-02
 Reference value :  2.05650e-02
 Reference value :  2.05674e-02
 Reference value :  2.05702e-02
 Reference value :  2.05727e-02
 Reference value :  2.05751e-02
 Reference value :  2.05776e-02
 Reference value :  2.05820e-02
 Reference value :  2.05845e-02
 Reference value :  2.05869e-02
 Reference value :  2.05898e-02
 Reference value :  2.05923e-02
 Reference value :  2.05948e-02
 Reference value :  2.05991e-02
 Reference value :  2.06015e-02
 Reference value :  2.06040e-02
 Reference value :  2.06069e-02
 Reference value :  2.06094e-02
 Reference value :  2.06119e-02
 Reference value :  2.06144e-02
 Reference value :  2.06185e-02
 Reference value :  2.06211e-02
 Reference value :  2.06236e-02
 Reference value :  2.06261e-02
 Reference value :  2.06289e-02
 Reference value :  2.06314e-02
 Reference value :  2.06339e-02
 Reference value :  2.06363e-02
 Reference value :  2.06388e-02
 Reference value :  2.06412e-02
 Reference value :  2.06450e-02
 Reference value :  2.06480e-02
 Reference value :  2.06497e-02
 Reference value :  2.06529e-02
 Reference value :  2.06554e-02
 Reference value :  2.06580e-02
 Reference value :  2.06607e-02
 Reference value :  2.06627e-02
 Reference value :  2.06651e-02
 Reference value :  2.06676e-02
 Reference value :  2.06700e-02
 Reference value :  2.06710e-02
 Reference value :  2.06731e-02
 Reference value :  2.06756e-02
 Reference value :  2.06776e-02
 Reference value :  2.06798e-02
 Reference value :  2.06823e-02
 Reference value :  2.06851e-02
 Reference value :  2.06874e-02
 Reference value :  2.06897e-02
 Reference value :  2.06921e-02
 Reference value :  2.06946e-02
 Reference value :  2.06971e-02
 Reference value :  2.07001e-02
 Reference value :  2.07025e-02
 Reference value :  2.07050e-02
 Reference value :  2.07075e-02
 Reference value :  2.07099e-02
 Reference value :  2.07143e-02
 Reference value :  2.07166e-02
 Reference value :  2.07192e-02
 Reference value :  2.07221e-02
 Reference value :  2.07246e-02
 Reference value :  2.07270e-02
 Reference value :  2.07295e-02
 Reference value :  2.07320e-02
 Reference value :  2.07344e-02
 Reference value :  2.07369e-02
 Reference value :  2.07394e-02
 Reference value :  2.07435e-02
 Reference value :  2.07460e-02
 Reference value :  2.07484e-02
 Reference value :  2.07509e-02
 Reference value :  2.07535e-02
 Reference value :  2.07565e-02
 Reference value :  2.07589e-02
 Reference value :  2.07614e-02
 Reference value :  2.07655e-02
 Reference value :  2.07680e-02
 Reference value :  2.07710e-02
 Reference value :  2.07736e-02
 Reference value :  2.07761e-02
 Reference value :  2.07801e-02
 Reference value :  2.07826e-02
 Reference value :  2.07851e-02
 Reference value :  2.07876e-02
 Reference value :  2.07907e-02
 Reference value :  2.07932e-02
 Reference value :  2.07956e-02
 Reference value :  2.07997e-02
 Reference value :  2.08022e-02
 Reference value :  2.08054e-02
 Reference value :  2.08079e-02
 Reference value :  2.08119e-02
 Reference value :  2.08144e-02
 Reference value :  2.08176e-02
 Reference value :  2.08201e-02
 Reference value :  2.08225e-02
 Reference value :  2.08250e-02
 Reference value :  2.08291e-02
 Reference value :  2.08317e-02
 Reference value :  2.08348e-02
 Reference value :  2.08372e-02
 Reference value :  2.08413e-02
 Reference value :  2.08437e-02
 Reference value :  2.08462e-02
 Reference value :  2.08486e-02
 Reference value :  2.08516e-02
 Reference value :  2.08543e-02
 Reference value :  2.08567e-02
 Reference value :  2.08592e-02
 Reference value :  2.08617e-02
 Reference value :  2.08645e-02
 Reference value :  2.08681e-02
 Reference value :  2.08708e-02
 Reference value :  2.08739e-02
 Reference value :  2.08763e-02
 Reference value :  2.08791e-02
 Reference value :  2.08828e-02
 Reference value :  2.08853e-02
 Reference value :  2.08886e-02
 Reference value :  2.08910e-02
 Reference value :  2.08935e-02
 Reference value :  2.08975e-02
 Reference value :  2.08999e-02
 Reference value :  2.09031e-02
 Reference value :  2.09057e-02
 Reference value :  2.09096e-02
 Reference value :  2.09123e-02
 Reference value :  2.09154e-02
 Reference value :  2.09193e-02
 Reference value :  2.09218e-02
 Reference value :  2.09242e-02
 Reference value :  2.09267e-02
 Reference value :  2.09291e-02
 Reference value :  2.09325e-02
 Reference value :  2.09349e-02
 Reference value :  2.09374e-02
 Reference value :  2.09413e-02
 Reference value :  2.09438e-02
 Reference value :  2.09471e-02
 Reference value :  2.09496e-02
 Reference value :  2.09533e-02
 Reference value :  2.09560e-02
 Reference value :  2.09594e-02
 Reference value :  2.09618e-02
 Reference value :  2.09644e-02
 Reference value :  2.09682e-02
 Reference value :  2.09708e-02
 Reference value :  2.09740e-02
 Reference value :  2.09779e-02
 Reference value :  2.09805e-02
 Reference value :  2.09828e-02
 Reference value :  2.09862e-02
 Reference value :  2.09886e-02
 Reference value :  2.09911e-02
 Reference value :  2.09950e-02
 Reference value :  2.09975e-02
 Reference value :  2.10002e-02
 Reference value :  2.10031e-02
 Reference value :  2.10057e-02
 Reference value :  2.10082e-02
 Reference value :  2.10111e-02
 Reference value :  2.10145e-02
 Reference value :  2.10170e-02
 Reference value :  2.10203e-02
 Reference value :  2.10228e-02
 Reference value :  2.10253e-02
 Reference value :  2.10291e-02
 Reference value :  2.10326e-02
 Reference value :  2.10363e-02
 Reference value :  2.10375e-02
 Reference value :  2.10413e-02
 Reference value :  2.10440e-02
 Reference value :  2.10464e-02
 Reference value :  2.10497e-02
 Reference value :  2.10522e-02
 Reference value :  2.10546e-02
 Reference value :  2.10584e-02
 Reference value :  2.10609e-02
 Reference value :  2.10633e-02
 Reference value :  2.10658e-02
 Reference value :  2.10693e-02
 Reference value :  2.10717e-02
 Reference value :  2.10742e-02
 Reference value :  2.10767e-02
 Reference value :  2.10804e-02
 Reference value :  2.10828e-02
 Reference value :  2.10853e-02
 Reference value :  2.10877e-02
 Reference value :  2.10902e-02
 Reference value :  2.10914e-02
 Reference value :  2.10937e-02
 Reference value :  2.10962e-02
 Reference value :  2.10986e-02
 Reference value :  2.11011e-02
 Reference value :  2.11035e-02
 Reference value :  2.11060e-02
 Reference value :  2.11084e-02
 Reference value :  2.11121e-02
 Reference value :  2.11146e-02
 Reference value :  2.11173e-02
 Reference value :  2.11206e-02
 Reference value :  2.11231e-02
 Reference value :  2.11268e-02
 Reference value :  2.11294e-02
 Reference value :  2.11329e-02
 Reference value :  2.11357e-02
 Reference value :  2.11380e-02
 Reference value :  2.11404e-02
 Reference value :  2.11439e-02
 Reference value :  2.11464e-02
 Reference value :  2.11488e-02
 Reference value :  2.11513e-02
 Reference value :  2.11549e-02
 Reference value :  2.11573e-02
 Reference value :  2.11598e-02
 Reference value :  2.11628e-02
 Reference value :  2.11659e-02
 Reference value :  2.11683e-02
 Reference value :  2.11708e-02
 Reference value :  2.11734e-02
 Reference value :  2.11769e-02
 Reference value :  2.11793e-02
 Reference value :  2.11829e-02
 Reference value :  2.11856e-02
 Reference value :  2.11880e-02
 Reference value :  2.11905e-02
 Reference value :  2.11929e-02
 Reference value :  2.11964e-02
 Reference value :  2.11987e-02
 Reference value :  2.12013e-02
 Reference value :  2.12038e-02
 Reference value :  2.12062e-02
 Reference value :  2.12090e-02
 Reference value :  2.12112e-02
 Reference value :  2.12147e-02
 Reference value :  2.12173e-02
 Reference value :  2.12197e-02
 Reference value :  2.12226e-02
 Reference value :  2.12257e-02
 Reference value :  2.12283e-02
 Reference value :  2.12317e-02
 Reference value :  2.12342e-02
 Reference value :  2.12367e-02
 Reference value :  2.12398e-02
 Reference value :  2.12427e-02
 Reference value :  2.12453e-02
 Reference value :  2.12478e-02
 Reference value :  2.12502e-02
 Reference value :  2.12526e-02
 Reference value :  2.12551e-02
 Reference value :  2.12576e-02
 Reference value :  2.12600e-02
 Reference value :  2.12626e-02
 Reference value :  2.12660e-02
 Reference value :  2.12686e-02
 Reference value :  2.12711e-02
 Reference value :  2.12735e-02
 Reference value :  2.12772e-02
 Reference value :  2.12796e-02
 Reference value :  2.12821e-02
 Reference value :  2.12845e-02
 Reference value :  2.12870e-02
 Reference value :  2.12894e-02
 Reference value :  2.12918e-02
 Reference value :  2.12943e-02
 Reference value :  2.12968e-02
 Reference value :  2.12992e-02
 Reference value :  2.13017e-02
 Reference value :  2.13041e-02
 Reference value :  2.13066e-02
 Reference value :  2.13090e-02
 Reference value :  2.13115e-02
 Reference value :  2.13150e-02
 Reference value :  2.13175e-02
 Reference value :  2.13201e-02
 Reference value :  2.13237e-02
 Reference value :  2.13262e-02
 Reference value :  2.13287e-02
 Reference value :  2.13321e-02
 Reference value :  2.13347e-02
 Reference value :  2.13384e-02
 Reference value :  2.13409e-02
 Reference value :  2.13444e-02
 Reference value :  2.13468e-02
 Reference value :  2.13493e-02
 Reference value :  2.13517e-02
 Reference value :  2.13555e-02
 Reference value :  2.13580e-02
 Reference value :  2.13604e-02
 Reference value :  2.13629e-02
 Reference value :  2.13654e-02
 Reference value :  2.13680e-02
 Reference value :  2.13713e-02
 Reference value :  2.13743e-02
 Reference value :  2.13767e-02
 Reference value :  2.13799e-02
 Reference value :  2.13824e-02
 Reference value :  2.13849e-02
 Reference value :  2.13879e-02
 Reference value :  2.13908e-02
 Reference value :  2.13933e-02
 Reference value :  2.13965e-02
 Reference value :  2.13996e-02
 Reference value :  2.14020e-02
 Reference value :  2.14045e-02
 Reference value :  2.14070e-02
 Reference value :  2.14104e-02
 Reference value :  2.14129e-02
 Reference value :  2.14154e-02
 Reference value :  2.14178e-02
 Reference value :  2.14216e-02
 Reference value :  2.14240e-02
 Reference value :  2.14265e-02
 Reference value :  2.14299e-02
 Reference value :  2.14324e-02
 Reference value :  2.14362e-02
 Reference value :  2.14387e-02
 Reference value :  2.14411e-02
 Reference value :  2.14445e-02
 Reference value :  2.14470e-02
 Reference value :  2.14495e-02
 Reference value :  2.14518e-02
 Reference value :  2.14544e-02
 Reference value :  2.14582e-02
 Reference value :  2.14606e-02
 Reference value :  2.14630e-02
 Reference value :  2.14655e-02
 Reference value :  2.14680e-02
 Reference value :  2.14705e-02
 Reference value :  2.14729e-02
 Reference value :  2.14754e-02
 Reference value :  2.14779e-02
 Reference value :  2.14805e-02
 Reference value :  2.14836e-02
 Reference value :  2.14860e-02
 Reference value :  2.14886e-02
 Reference value :  2.14923e-02
 Reference value :  2.14949e-02
 Reference value :  2.14973e-02
 Reference value :  2.14998e-02
 Reference value :  2.15009e-02
 Reference value :  2.15031e-02
 Reference value :  2.15047e-02
 Reference value :  2.15069e-02
 Reference value :  2.15082e-02
 Reference value :  2.15097e-02
 Reference value :  2.15120e-02
 Reference value :  2.15131e-02
 Reference value :  2.15147e-02
 Reference value :  2.15169e-02
 Reference value :  2.15188e-02
 Reference value :  2.15202e-02
 Reference value :  2.15218e-02
 Reference value :  2.15242e-02
 Reference value :  2.15252e-02
 Reference value :  2.15276e-02
 Reference value :  2.15291e-02
 Reference value :  2.15300e-02
 Reference value :  2.15324e-02
 Reference value :  2.15340e-02
 Reference value :  2.15364e-02
 Reference value :  2.15373e-02
 Reference value :  2.15389e-02
 Reference value :  2.15413e-02
 Reference value :  2.15424e-02
 Reference value :  2.15447e-02
 Reference value :  2.15463e-02
 Reference value :  2.15487e-02
 Reference value :  2.15497e-02
 Reference value :  2.15512e-02
 Reference value :  2.15536e-02
 Reference value :  2.15545e-02
 Reference value :  2.15561e-02
 Reference value :  2.15576e-02
 Reference value :  2.15595e-02
 Reference value :  2.15618e-02
 Reference value :  2.15634e-02
 Reference value :  2.15658e-02
 Reference value :  2.15669e-02
 Reference value :  2.15692e-02
 Reference value :  2.15708e-02
 Reference value :  2.15733e-02
 Reference value :  2.15749e-02
 Reference value :  2.15765e-02
 Reference value :  2.15782e-02
 Reference value :  2.15792e-02
 Reference value :  2.15814e-02
 Reference value :  2.15831e-02
 Reference value :  2.15839e-02
 Reference value :  2.15855e-02
 Reference value :  2.15874e-02
 Reference value :  2.15888e-02
 Reference value :  2.15904e-02
 Reference value :  2.15923e-02
 Reference value :  2.15937e-02
 Reference value :  2.15953e-02
 Reference value :  2.15977e-02
 Reference value :  2.15986e-02
 Reference value :  2.16002e-02
 Reference value :  2.16017e-02
 Reference value :  2.16034e-02
 Reference value :  2.16051e-02
 Reference value :  2.16059e-02
 Reference value :  2.16083e-02
 Reference value :  2.16100e-02
 Reference value :  2.16109e-02
 Reference value :  2.16132e-02
 Reference value :  2.16149e-02
 Reference value :  2.16158e-02
 Reference value :  2.16181e-02
 Reference value :  2.16197e-02
 Reference value :  2.16207e-02
 Reference value :  2.16230e-02
 Reference value :  2.16247e-02
 Reference value :  2.16271e-02
 Reference value :  2.16281e-02
 Reference value :  2.16298e-02
 Reference value :  2.16321e-02
 Reference value :  2.16330e-02
 Reference value :  2.16346e-02
 Reference value :  2.16369e-02
 Reference value :  2.16379e-02
 Reference value :  2.16395e-02
 Reference value :  2.16418e-02
 Reference value :  2.16428e-02
 Reference value :  2.16467e-02
 Reference value :  2.16491e-02
 Reference value :  2.16516e-02
 Reference value :  2.16541e-02
 Reference value :  2.16565e-02
 Reference value :  2.16589e-02
 Reference value :  2.16614e-02
 Reference value :  2.16638e-02
 Reference value :  2.16670e-02
 Reference value :  2.16687e-02
 Reference value :  2.16712e-02
 Reference value :  2.16736e-02
 Reference value :  2.16761e-02
 Reference value :  2.16785e-02
 Reference value :  2.16810e-02
 Reference value :  2.16834e-02
 Reference value :  2.16859e-02
 Reference value :  2.16883e-02
 Reference value :  2.16908e-02
 Reference value :  2.16940e-02
 Reference value :  2.16964e-02
 Reference value :  2.16989e-02
 Reference value :  2.17014e-02
 Reference value :  2.17038e-02
 Reference value :  2.17064e-02
 Reference value :  2.17104e-02
 Reference value :  2.17129e-02
 Reference value :  2.17153e-02
 Reference value :  2.17178e-02
 Reference value :  2.17202e-02
 Reference value :  2.17233e-02
 Reference value :  2.17259e-02
 Reference value :  2.17284e-02
 Reference value :  2.17308e-02
 Reference value :  2.17325e-02
 Reference value :  2.17349e-02
 Reference value :  2.17357e-02
 Reference value :  2.17381e-02
 Reference value :  2.17399e-02
 Reference value :  2.17417e-02
 Reference value :  2.17430e-02
 Reference value :  2.17448e-02
 Reference value :  2.17464e-02
 Reference value :  2.17480e-02
 Reference value :  2.17503e-02
 Reference value :  2.17521e-02
 Reference value :  2.17529e-02
 Reference value :  2.17553e-02
 Reference value :  2.17570e-02
 Reference value :  2.17583e-02
 Reference value :  2.17602e-02
 Reference value :  2.17620e-02
 Reference value :  2.17644e-02
 Reference value :  2.17661e-02
 Reference value :  2.17675e-02
 Reference value :  2.17693e-02
 Reference value :  2.17717e-02
 Reference value :  2.17725e-02
 Reference value :  2.17748e-02
 Reference value :  2.17766e-02
 Reference value :  2.17790e-02
 Reference value :  2.17798e-02
 Reference value :  2.17815e-02
 Reference value :  2.17830e-02
 Reference value :  2.17847e-02
 Reference value :  2.17864e-02
 Reference value :  2.17874e-02
 Reference value :  2.17896e-02
 Reference value :  2.17920e-02
 Reference value :  2.17938e-02
 Reference value :  2.17962e-02
 Reference value :  2.17970e-02
 Reference value :  2.17993e-02
 Reference value :  2.18011e-02
 Reference value :  2.18032e-02
 Reference value :  2.18042e-02
 Reference value :  2.18061e-02
 Reference value :  2.18084e-02
 Reference value :  2.18092e-02
 Reference value :  2.18115e-02
 Reference value :  2.18133e-02
 Reference value :  2.18142e-02
 Reference value :  2.18164e-02
 Reference value :  2.18183e-02
 Reference value :  2.18190e-02
 Reference value :  2.18208e-02
 Reference value :  2.18232e-02
 Reference value :  2.18238e-02
 Reference value :  2.18257e-02
 Reference value :  2.18279e-02
 Reference value :  2.18288e-02
 Reference value :  2.18307e-02
 Reference value :  2.18330e-02
 Reference value :  2.18338e-02
 Reference value :  2.18356e-02
 Reference value :  2.18380e-02
 Reference value :  2.18397e-02
 Reference value :  2.18411e-02
 Reference value :  2.18429e-02
 Reference value :  2.18452e-02
 Reference value :  2.18460e-02
 Reference value :  2.18478e-02
 Reference value :  2.18502e-02
 Reference value :  2.18509e-02
 Reference value :  2.18527e-02
 Reference value :  2.18551e-02
 Reference value :  2.18560e-02
 Reference value :  2.18582e-02
 Reference value :  2.18601e-02
 Reference value :  2.18624e-02
 Reference value :  2.18632e-02
 Reference value :  2.18657e-02
 Reference value :  2.18699e-02
 Reference value :  2.18724e-02
 Reference value :  2.18754e-02
 Reference value :  2.18779e-02
 Reference value :  2.18811e-02
 Reference value :  2.18846e-02
 Reference value :  2.18871e-02
 Reference value :  2.18896e-02
 Reference value :  2.18926e-02
 Reference value :  2.18951e-02
 Reference value :  2.18976e-02
 Reference value :  2.19018e-02
 Reference value :  2.19043e-02
 Reference value :  2.19067e-02
 Reference value :  2.19094e-02
 Reference value :  2.19122e-02
 Reference value :  2.19165e-02
 Reference value :  2.19190e-02
 Reference value :  2.19220e-02
 Reference value :  2.19263e-02
 Reference value :  2.19288e-02
 Reference value :  2.19318e-02
 Reference value :  2.19342e-02
 Reference value :  2.19367e-02
 Reference value :  2.19391e-02
 Reference value :  2.19417e-02
 Reference value :  2.19459e-02
 Reference value :  2.19484e-02
 Reference value :  2.19514e-02
 Reference value :  2.19549e-02
 Reference value :  2.19582e-02
 Reference value :  2.19595e-02
 Reference value :  2.19613e-02
 Reference value :  2.19637e-02
 Reference value :  2.19656e-02
 Reference value :  2.19674e-02
 Reference value :  2.19687e-02
 Reference value :  2.19709e-02
 Reference value :  2.19729e-02
 Reference value :  2.19736e-02
 Reference value :  2.19759e-02
 Reference value :  2.19778e-02
 Reference value :  2.19802e-02
 Reference value :  2.19808e-02
 Reference value :  2.19827e-02
 Reference value :  2.19842e-02
 Reference value :  2.19857e-02
 Reference value :  2.19876e-02
 Reference value :  2.19898e-02
 Reference value :  2.19907e-02
 Reference value :  2.19926e-02
 Reference value :  2.19949e-02
 Reference value :  2.19956e-02
 Reference value :  2.19979e-02
 Reference value :  2.19999e-02
 Reference value :  2.20022e-02
 Reference value :  2.20028e-02
 Reference value :  2.20050e-02
 Reference value :  2.20072e-02
 Reference value :  2.20077e-02
 Reference value :  2.20097e-02
 Reference value :  2.20121e-02
 Reference value :  2.20126e-02
 Reference value :  2.20146e-02
 Reference value :  2.20168e-02
 Reference value :  2.20175e-02
 Reference value :  2.20195e-02
 Reference value :  2.20219e-02
 Reference value :  2.20224e-02
 Reference value :  2.20244e-02
 Reference value :  2.20259e-02
 Reference value :  2.20273e-02
 Reference value :  2.20293e-02
 Reference value :  2.20309e-02
 Reference value :  2.20322e-02
 Reference value :  2.20342e-02
 Reference value :  2.20366e-02
 Reference value :  2.20377e-02
 Reference value :  2.20396e-02
 Reference value :  2.20415e-02
 Reference value :  2.20429e-02
 Reference value :  2.20444e-02
 Reference value :  2.20464e-02
 Reference value :  2.20475e-02
 Reference value :  2.20494e-02
 Reference value :  2.20513e-02
 Reference value :  2.20537e-02
 Reference value :  2.20545e-02
 Reference value :  2.20565e-02
 Reference value :  2.20586e-02
 Reference value :  2.20592e-02
 Reference value :  2.20613e-02
 Reference value :  2.20635e-02
 Reference value :  2.20651e-02
 Reference value :  2.20665e-02
 Reference value :  2.20685e-02
 Reference value :  2.20709e-02
 Reference value :  2.20715e-02
 Reference value :  2.20734e-02
 Reference value :  2.20758e-02
 Reference value :  2.20774e-02
 Reference value :  2.20787e-02
 Reference value :  2.20807e-02
 Reference value :  2.20831e-02
 Reference value :  2.20855e-02
 Reference value :  2.20880e-02
 Reference value :  2.20905e-02
 Reference value :  2.20934e-02
 Reference value :  2.20971e-02
 Reference value :  2.21002e-02
 Reference value :  2.21031e-02
 Reference value :  2.21056e-02
 Reference value :  2.21100e-02
 Reference value :  2.21125e-02
 Reference value :  2.21154e-02
 Reference value :  2.21197e-02
 Reference value :  2.21222e-02
 Reference value :  2.21249e-02
 Reference value :  2.21277e-02
 Reference value :  2.21320e-02
 Reference value :  2.21346e-02
 Reference value :  2.21374e-02
 Reference value :  2.21416e-02
 Reference value :  2.21443e-02
 Reference value :  2.21468e-02
 Reference value :  2.21496e-02
 Reference value :  2.21526e-02
 Reference value :  2.21565e-02
 Reference value :  2.21593e-02
 Reference value :  2.21619e-02
 Reference value :  2.21663e-02
 Reference value :  2.21687e-02
 Reference value :  2.21713e-02
 Reference value :  2.21741e-02
 Reference value :  2.21775e-02
 Reference value :  2.21810e-02
 Reference value :  2.21838e-02
 Reference value :  2.21864e-02
 Reference value :  2.21907e-02
 Reference value :  2.21932e-02
 Reference value :  2.21960e-02
 Reference value :  2.21985e-02
 Reference value :  2.22010e-02
 Reference value :  2.22054e-02
 Reference value :  2.22079e-02
 Reference value :  2.22105e-02
 Reference value :  2.22132e-02
 Reference value :  2.22157e-02
 Reference value :  2.22194e-02
 Reference value :  2.22226e-02
 Reference value :  2.22251e-02
 Reference value :  2.22279e-02
 Reference value :  2.22304e-02
 Reference value :  2.22348e-02
 Reference value :  2.22373e-02
 Reference value :  2.22401e-02
 Reference value :  2.22427e-02
 Reference value :  2.22471e-02
 Reference value :  2.22496e-02
 Reference value :  2.22523e-02
 Reference value :  2.22549e-02
 Reference value :  2.22590e-02
 Reference value :  2.22618e-02
 Reference value :  2.22642e-02
 Reference value :  2.22667e-02
 Reference value :  2.22694e-02
 Reference value :  2.22731e-02
 Reference value :  2.22764e-02
 Reference value :  2.22789e-02
 Reference value :  2.22815e-02
 Reference value :  2.22848e-02
 Reference value :  2.22887e-02
 Reference value :  2.22913e-02
 Reference value :  2.22939e-02
 Reference value :  2.22985e-02
 Reference value :  2.23009e-02
 Reference value :  2.23037e-02
 Reference value :  2.23062e-02
 Reference value :  2.23107e-02
 Reference value :  2.23132e-02
 Reference value :  2.23157e-02
 Reference value :  2.23184e-02
 Reference value :  2.23209e-02
 Reference value :  2.23254e-02
 Reference value :  2.23279e-02
 Reference value :  2.23306e-02
 Reference value :  2.23331e-02
 Reference value :  2.23374e-02
 Reference value :  2.23401e-02
 Reference value :  2.23426e-02
 Reference value :  2.23453e-02
 Reference value :  2.23478e-02
 Reference value :  2.23517e-02
 Reference value :  2.23548e-02
 Reference value :  2.23575e-02
 Reference value :  2.23604e-02
 Reference value :  2.23646e-02
 Reference value :  2.23671e-02
 Reference value :  2.23698e-02
 Reference value :  2.23725e-02
 Reference value :  2.23769e-02
 Reference value :  2.23794e-02
 Reference value :  2.23821e-02
 Reference value :  2.23856e-02
 Reference value :  2.23891e-02
 Reference value :  2.23916e-02
 Reference value :  2.23943e-02
 Reference value :  2.23970e-02
 Reference value :  2.24014e-02
 Reference value :  2.24038e-02
 Reference value :  2.24065e-02
 Reference value :  2.24106e-02
 Reference value :  2.24136e-02
 Reference value :  2.24161e-02
 Reference value :  2.24188e-02
 Reference value :  2.24218e-02
 Reference value :  2.24259e-02
 Reference value :  2.24284e-02
 Reference value :  2.24311e-02
 Reference value :  2.24340e-02
 Reference value :  2.24382e-02
 Reference value :  2.24407e-02
 Reference value :  2.24433e-02
 Reference value :  2.24475e-02
 Reference value :  2.24504e-02
 Reference value :  2.24530e-02
 Reference value :  2.24556e-02
 Reference value :  2.24593e-02
 Reference value :  2.24627e-02
 Reference value :  2.24654e-02
 Reference value :  2.24685e-02
 Reference value :  2.24725e-02
 Reference value :  2.24752e-02
 Reference value :  2.24789e-02
 Reference value :  2.24823e-02
 Reference value :  2.24848e-02
 Reference value :  2.24873e-02
 Reference value :  2.24898e-02
 Reference value :  2.24924e-02
 Reference value :  2.24952e-02
 Reference value :  2.24993e-02
 Reference value :  2.25020e-02
 Reference value :  2.25046e-02
 Reference value :  2.25071e-02
 Reference value :  2.25105e-02
 Reference value :  2.25120e-02
 Reference value :  2.25145e-02
 Reference value :  2.25177e-02
 Reference value :  2.25216e-02
 Reference value :  2.25241e-02
 Reference value :  2.25266e-02
 Reference value :  2.25291e-02
 Reference value :  2.25315e-02
 Reference value :  2.25340e-02
 Reference value :  2.25383e-02
 Reference value :  2.25411e-02
 Reference value :  2.25436e-02
 Reference value :  2.25460e-02
 Reference value :  2.25485e-02
 Reference value :  2.25511e-02
 Reference value :  2.25536e-02
 Reference value :  2.25563e-02
 Reference value :  2.25607e-02
 Reference value :  2.25632e-02
 Reference value :  2.25657e-02
 Reference value :  2.25682e-02
 Reference value :  2.25725e-02
 Reference value :  2.25754e-02
 Reference value :  2.25778e-02
 Reference value :  2.25803e-02
 Reference value :  2.25828e-02
 Reference value :  2.25853e-02
 Reference value :  2.25888e-02
 Reference value :  2.25925e-02
 Reference value :  2.25949e-02
 Reference value :  2.25974e-02
 Reference value :  2.25999e-02
 Reference value :  2.26024e-02
 Reference value :  2.26054e-02
 Reference value :  2.26096e-02
 Reference value :  2.26120e-02
 Reference value :  2.26145e-02
 Reference value :  2.26170e-02
 Reference value :  2.26195e-02
 Reference value :  2.26220e-02
 Reference value :  2.26263e-02
 Reference value :  2.26292e-02
 Reference value :  2.26316e-02
 Reference value :  2.26342e-02
 Reference value :  2.26379e-02
 Reference value :  2.26414e-02
 Reference value :  2.26440e-02
 Reference value :  2.26477e-02
 Reference value :  2.26512e-02
 Reference value :  2.26537e-02
 Reference value :  2.26563e-02
 Reference value :  2.26610e-02
 Reference value :  2.26635e-02
 Reference value :  2.26660e-02
 Reference value :  2.26690e-02
 Reference value :  2.26733e-02
 Reference value :  2.26757e-02
 Reference value :  2.26782e-02
 Reference value :  2.26817e-02
 Reference value :  2.26855e-02
 Reference value :  2.26879e-02
 Reference value :  2.26904e-02
 Reference value :  2.26930e-02
 Reference value :  2.26977e-02
 Reference value :  2.27001e-02
 Reference value :  2.27026e-02
 Reference value :  2.27051e-02
 Reference value :  2.27076e-02
 Reference value :  2.27120e-02
 Reference value :  2.27148e-02
 Reference value :  2.27174e-02
 Reference value :  2.27209e-02
 Reference value :  2.27245e-02
 Reference value :  2.27270e-02
 Reference value :  2.27295e-02
 Reference value :  2.27320e-02
 Reference value :  2.27367e-02
 Reference value :  2.27392e-02
 Reference value :  2.27417e-02
 Reference value :  2.27449e-02
 Reference value :  2.27489e-02
 Reference value :  2.27514e-02
 Reference value :  2.27539e-02
 Reference value :  2.27564e-02
 Reference value :  2.27595e-02
 Reference value :  2.27636e-02
 Reference value :  2.27660e-02
 Reference value :  2.27686e-02
 Reference value :  2.27711e-02
 Reference value :  2.27758e-02
 Reference value :  2.27782e-02
 Reference value :  2.27807e-02
 Reference value :  2.27836e-02
 Reference value :  2.27878e-02
 Reference value :  2.27905e-02
 Reference value :  2.27930e-02
 Reference value :  2.27955e-02
 Reference value :  2.27994e-02
 Reference value :  2.28028e-02
 Reference value :  2.28052e-02
 Reference value :  2.28078e-02
 Reference value :  2.28125e-02
 Reference value :  2.28150e-02
 Reference value :  2.28175e-02
 Reference value :  2.28206e-02
 Reference value :  2.28248e-02
 Reference value :  2.28272e-02
 Reference value :  2.28298e-02
 Reference value :  2.28338e-02
 Reference value :  2.28370e-02
 Reference value :  2.28396e-02
 Reference value :  2.28443e-02
 Reference value :  2.28467e-02
 Reference value :  2.28516e-02
 Reference value :  2.28565e-02
 Reference value :  2.28638e-02
 Reference value :  2.28712e-02
 Reference value :  2.28809e-02
 Reference value :  2.28899e-02
 Reference value :  2.28982e-02
 Reference value :  2.29079e-02
 Reference value :  2.29177e-02
 Reference value :  2.29274e-02
 Reference value :  2.29372e-02
 Reference value :  2.29470e-02
 Reference value :  2.29567e-02
 Reference value :  2.29660e-02
 Reference value :  2.29740e-02
 Reference value :  2.29837e-02
 Reference value :  2.29935e-02
 Reference value :  2.30033e-02
 Reference value :  2.30131e-02
 Reference value :  2.30228e-02
 Reference value :  2.30325e-02
 Reference value :  2.30401e-02
 Reference value :  2.30498e-02
 Reference value :  2.30596e-02
 Reference value :  2.30693e-02
 Reference value :  2.30791e-02
 Reference value :  2.30889e-02
 Reference value :  2.30987e-02
 Reference value :  2.31085e-02
 Reference value :  2.31182e-02
 Reference value :  2.31279e-02
 Reference value :  2.31365e-02
 Reference value :  2.31453e-02
 Reference value :  2.31550e-02
 Reference value :  2.31648e-02
 Reference value :  2.31746e-02
 Reference value :  2.31843e-02
 Reference value :  2.31941e-02
 Reference value :  2.32039e-02
 Reference value :  2.32137e-02
 Reference value :  2.32234e-02
 Reference value :  2.32324e-02
 Reference value :  2.32407e-02
 Reference value :  2.32504e-02
 Reference value :  2.32602e-02
 Reference value :  2.32700e-02
 Reference value :  2.32797e-02
 Reference value :  2.32895e-02
 Reference value :  2.32993e-02
 Reference value :  2.33091e-02
 Reference value :  2.33188e-02
 Reference value :  2.33271e-02
 Reference value :  2.33360e-02
 Reference value :  2.33435e-02
 Reference value :  2.33532e-02
 Reference value :  2.33629e-02
 Reference value :  2.33726e-02
 Reference value :  2.33802e-02
 Reference value :  2.33899e-02
 Reference value :  2.33997e-02
 Reference value :  2.34094e-02
 Reference value :  2.34191e-02
 Reference value :  2.34266e-02
 Reference value :  2.34364e-02
 Reference value :  2.34461e-02
 Reference value :  2.34559e-02
 Reference value :  2.34633e-02
 Reference value :  2.34730e-02
 Reference value :  2.34828e-02
 Reference value :  2.34902e-02
 Reference value :  2.34999e-02
 Reference value :  2.35097e-02
 Reference value :  2.35172e-02
 Reference value :  2.35269e-02
 Reference value :  2.35366e-02
 Reference value :  2.35441e-02
 Reference value :  2.35538e-02
 Reference value :  2.35635e-02
 Reference value :  2.35710e-02
 Reference value :  2.35807e-02
 Reference value :  2.35880e-02
 Reference value :  2.35958e-02
 Reference value :  2.36051e-02
 Reference value :  2.36126e-02
 Reference value :  2.36223e-02
 Reference value :  2.36297e-02
 Reference value :  2.36394e-02
 Reference value :  2.36468e-02
 Reference value :  2.36565e-02
 Reference value :  2.36639e-02
 Reference value :  2.36736e-02
 Reference value :  2.36810e-02
 Reference value :  2.36899e-02
 Reference value :  2.36981e-02
 Reference value :  2.37056e-02
 Reference value :  2.37152e-02
 Reference value :  2.37227e-02
 Reference value :  2.37323e-02
 Reference value :  2.37397e-02
 Reference value :  2.37494e-02
 Reference value :  2.37568e-02
 Reference value :  2.37642e-02
 Reference value :  2.37739e-02
 Reference value :  2.37813e-02
 Reference value :  2.37888e-02
 Reference value :  2.37984e-02
 Reference value :  2.38058e-02
 Reference value :  2.38131e-02
 Reference value :  2.38205e-02
 Reference value :  2.38302e-02
 Reference value :  2.38376e-02
 Reference value :  2.38472e-02
 Reference value :  2.38547e-02
 Reference value :  2.38623e-02
 Reference value :  2.38718e-02
 Reference value :  2.38792e-02
 Reference value :  2.38889e-02
 Reference value :  2.38963e-02
 Reference value :  2.39060e-02
 Reference value :  2.39135e-02
 Reference value :  2.39231e-02
 Reference value :  2.39305e-02
 Reference value :  2.39403e-02
 Reference value :  2.39477e-02
 Reference value :  2.39573e-02
 Reference value :  2.39648e-02
 Reference value :  2.39729e-02
 Reference value :  2.39819e-02
 Reference value :  2.39899e-02
 Reference value :  2.39990e-02
 Reference value :  2.40064e-02
 Reference value :  2.40161e-02
 Reference value :  2.40236e-02
 Reference value :  2.40333e-02
 Reference value :  2.40407e-02
 Reference value :  2.40504e-02
 Reference value :  2.40578e-02
 Reference value :  2.40675e-02
 Reference value :  2.40749e-02
 Reference value :  2.40846e-02
 Reference value :  2.40920e-02
 Reference value :  2.41017e-02
 Reference value :  2.41091e-02
 Reference value :  2.41189e-02
 Reference value :  2.41262e-02
 Reference value :  2.41359e-02
 Reference value :  2.41434e-02
 Reference value :  2.41530e-02
 Reference value :  2.41605e-02
 Reference value :  2.41680e-02
 Reference value :  2.41776e-02
 Reference value :  2.41850e-02
 Reference value :  2.41946e-02
 Reference value :  2.42021e-02
 Reference value :  2.42105e-02
 Reference value :  2.42192e-02
 Reference value :  2.42266e-02
 Reference value :  2.42363e-02
 Reference value :  2.42437e-02
 Reference value :  2.42534e-02
 Reference value :  2.42609e-02
 Reference value :  2.42706e-02
 Reference value :  2.42780e-02
 Reference value :  2.42877e-02
 Reference value :  2.42951e-02
 Reference value :  2.43048e-02
 Reference value :  2.43122e-02
 Reference value :  2.43219e-02
 Reference value :  2.43294e-02
 Reference value :  2.43391e-02
 Reference value :  2.43466e-02
 Reference value :  2.43562e-02
 Reference value :  2.43636e-02
 Reference value :  2.43733e-02
 Reference value :  2.43807e-02
 Reference value :  2.43904e-02
 Reference value :  2.43979e-02
 Reference value :  2.44076e-02
 Reference value :  2.44173e-02
 Reference value :  2.44271e-02
 Reference value :  2.44348e-02
 Reference value :  2.44443e-02
 Reference value :  2.44540e-02
 Reference value :  2.44638e-02
 Reference value :  2.44715e-02
 Reference value :  2.44810e-02
 Reference value :  2.44908e-02
 Reference value :  2.45005e-02
 Reference value :  2.45102e-02
 Reference value :  2.45177e-02
 Reference value :  2.45274e-02
 Reference value :  2.45349e-02
 Reference value :  2.45446e-02
 Reference value :  2.45542e-02
 Reference value :  2.45617e-02
 Reference value :  2.45715e-02
 Reference value :  2.45789e-02
 Reference value :  2.45886e-02
 Reference value :  2.45963e-02
 Reference value :  2.46057e-02
 Reference value :  2.46154e-02
 Reference value :  2.46229e-02
 Reference value :  2.46326e-02
 Reference value :  2.46401e-02
 Reference value :  2.46498e-02
 Reference value :  2.46574e-02
 Reference value :  2.46669e-02
 Reference value :  2.46766e-02
 Reference value :  2.46840e-02
 Reference value :  2.46938e-02
 Reference value :  2.47012e-02
 Reference value :  2.47109e-02
 Reference value :  2.47206e-02
 Reference value :  2.47280e-02
 Reference value :  2.47378e-02
 Reference value :  2.47452e-02
 Reference value :  2.47549e-02
 Reference value :  2.47638e-02
 Reference value :  2.47721e-02
 Reference value :  2.47818e-02
 Reference value :  2.47893e-02
 Reference value :  2.47966e-02
 Reference value :  2.48039e-02
 Reference value :  2.48112e-02
 Reference value :  2.48185e-02
 Reference value :  2.48259e-02
 Reference value :  2.48333e-02
 Reference value :  2.48430e-02
 Reference value :  2.48504e-02
 Reference value :  2.48577e-02
 Reference value :  2.48674e-02
 Reference value :  2.48748e-02
 Reference value :  2.48822e-02
 Reference value :  2.48896e-02
 Reference value :  2.48993e-02
 Reference value :  2.49066e-02
 Reference value :  2.49140e-02
 Reference value :  2.49237e-02
 Reference value :  2.49311e-02
 Reference value :  2.49384e-02
 Reference value :  2.49459e-02
 Reference value :  2.49554e-02
 Reference value :  2.49607e-02
 Reference value :  2.49702e-02
 Reference value :  2.49776e-02
 Reference value :  2.49849e-02
 Reference value :  2.49923e-02
 Reference value :  2.49997e-02
 Reference value :  2.50093e-02
 Reference value :  2.50167e-02
 Reference value :  2.50241e-02
 Reference value :  2.50315e-02
 Reference value :  2.50411e-02
 Reference value :  2.50485e-02
 Reference value :  2.50559e-02
 Reference value :  2.50632e-02
 Reference value :  2.50716e-02
 Reference value :  2.50803e-02
 Reference value :  2.50877e-02
 Reference value :  2.50950e-02
 Reference value :  2.51024e-02
 Reference value :  2.51120e-02
 Reference value :  2.51195e-02
 Reference value :  2.51268e-02
 Reference value :  2.51341e-02
 Reference value :  2.51414e-02
 Reference value :  2.51466e-02
 Reference value :  2.51537e-02
 Reference value :  2.51610e-02
 Reference value :  2.51683e-02
 Reference value :  2.51735e-02
 Reference value :  2.51807e-02
 Reference value :  2.51880e-02
 Reference value :  2.51931e-02
 Reference value :  2.52002e-02
 Reference value :  2.52052e-02
 Reference value :  2.52126e-02
 Reference value :  2.52222e-02
 Reference value :  2.52279e-02
 Reference value :  2.52344e-02
 Reference value :  2.52393e-02
 Reference value :  2.52442e-02
 Reference value :  2.52516e-02
 Reference value :  2.52589e-02
 Reference value :  2.52662e-02
 Reference value :  2.52715e-02
 Reference value :  2.52785e-02
 Reference value :  2.52858e-02
 Reference value :  2.52908e-02
 Reference value :  2.52981e-02
 Reference value :  2.53053e-02
 Reference value :  2.53102e-02
 Reference value :  2.53176e-02
 Reference value :  2.53225e-02
 Reference value :  2.53298e-02
 Reference value :  2.53371e-02
 Reference value :  2.53445e-02
 Reference value :  2.53518e-02
 Reference value :  2.53590e-02
 Reference value :  2.53642e-02
 Reference value :  2.53714e-02
 Reference value :  2.53788e-02
 Reference value :  2.53860e-02
 Reference value :  2.53934e-02
 Reference value :  2.53984e-02
 Reference value :  2.54056e-02
 Reference value :  2.54130e-02
 Reference value :  2.54204e-02
 Reference value :  2.54283e-02
 Reference value :  2.54350e-02
 Reference value :  2.54422e-02
 Reference value :  2.54473e-02
 Reference value :  2.54529e-02
 Reference value :  2.54595e-02
 Reference value :  2.54644e-02
 Reference value :  2.54717e-02
 Reference value :  2.54789e-02
 Reference value :  2.54839e-02
 Reference value :  2.54888e-02
 Reference value :  2.54961e-02
 Reference value :  2.55011e-02
 Reference value :  2.55083e-02
 Reference value :  2.55140e-02
 Reference value :  2.55206e-02
 Reference value :  2.55279e-02
 Reference value :  2.55352e-02
 Reference value :  2.55401e-02
 Reference value :  2.55474e-02
 Reference value :  2.55548e-02
 Reference value :  2.55621e-02
 Reference value :  2.55670e-02
 Reference value :  2.55744e-02
 Reference value :  2.55817e-02
 Reference value :  2.55876e-02
 Reference value :  2.55949e-02
 Reference value :  2.56013e-02
 Reference value :  2.56087e-02
 Reference value :  2.56183e-02
 Reference value :  2.56257e-02
 Reference value :  2.56308e-02
 Reference value :  2.56381e-02
 Reference value :  2.56453e-02
 Reference value :  2.56527e-02
 Reference value :  2.56600e-02
 Reference value :  2.56674e-02
 Reference value :  2.56724e-02
 Reference value :  2.56820e-02
 Reference value :  2.56870e-02
 Reference value :  2.56943e-02
 Reference value :  2.57004e-02
 Reference value :  2.57083e-02
 Reference value :  2.57152e-02
 Reference value :  2.57212e-02
 Reference value :  2.57293e-02
 Reference value :  2.57347e-02
 Reference value :  2.57409e-02
 Reference value :  2.57471e-02
 Reference value :  2.57531e-02
 Reference value :  2.57592e-02
 Reference value :  2.57653e-02
 Reference value :  2.57703e-02
 Reference value :  2.57776e-02
 Reference value :  2.57872e-02
 Reference value :  2.57922e-02
 Reference value :  2.57996e-02
 Reference value :  2.58069e-02
 Reference value :  2.58119e-02
 Reference value :  2.58192e-02
 Reference value :  2.58265e-02
 Reference value :  2.58338e-02
 Reference value :  2.58411e-02
 Reference value :  2.58485e-02
 Reference value :  2.58558e-02
 Reference value :  2.58607e-02
 Reference value :  2.58656e-02
 Reference value :  2.58728e-02
 Reference value :  2.58802e-02
 Reference value :  2.58875e-02
 Reference value :  2.58949e-02
 Reference value :  2.59023e-02
 Reference value :  2.59096e-02
 Reference value :  2.59169e-02
 Reference value :  2.59242e-02
 Reference value :  2.59316e-02
 Reference value :  2.59390e-02
 Reference value :  2.59464e-02
 Reference value :  2.59537e-02
 Reference value :  2.59610e-02
 Reference value :  2.59683e-02
 Reference value :  2.59758e-02
 Reference value :  2.59854e-02
 Reference value :  2.59927e-02
 Reference value :  2.59986e-02
 Reference value :  2.60074e-02
 Reference value :  2.60124e-02
 Reference value :  2.60221e-02
 Reference value :  2.60294e-02
 Reference value :  2.60347e-02
 Reference value :  2.60417e-02
 Reference value :  2.60489e-02
 Reference value :  2.60562e-02
 Reference value :  2.60636e-02
 Reference value :  2.60711e-02
 Reference value :  2.60804e-02
 Reference value :  2.60873e-02
 Reference value :  2.60952e-02
 Reference value :  2.61028e-02
 Reference value :  2.61103e-02
 Reference value :  2.61199e-02
 Reference value :  2.61272e-02
 Reference value :  2.61346e-02
 Reference value :  2.61419e-02
 Reference value :  2.61492e-02
 Reference value :  2.61566e-02
 Reference value :  2.61639e-02
 Reference value :  2.61713e-02
 Reference value :  2.61786e-02
 Reference value :  2.61859e-02
 Reference value :  2.61933e-02
 Reference value :  2.62006e-02
 Reference value :  2.62056e-02
 Reference value :  2.62129e-02
 Reference value :  2.62202e-02
 Reference value :  2.62275e-02
 Reference value :  2.62349e-02
 Reference value :  2.62422e-02
 Reference value :  2.62498e-02
 Reference value :  2.62594e-02
 Reference value :  2.62668e-02
 Reference value :  2.62741e-02
 Reference value :  2.62815e-02
 Reference value :  2.62911e-02
 Reference value :  2.62969e-02
 Reference value :  2.63036e-02
 Reference value :  2.63132e-02
 Reference value :  2.63186e-02
 Reference value :  2.63279e-02
 Reference value :  2.63352e-02
 Reference value :  2.63425e-02
 Reference value :  2.63520e-02
 Reference value :  2.63616e-02
 Reference value :  2.63711e-02
 Reference value :  2.63785e-02
 Reference value :  2.63858e-02
 Reference value :  2.63932e-02
 Reference value :  2.64030e-02
 Reference value :  2.64105e-02
 Reference value :  2.64201e-02
 Reference value :  2.64299e-02
 Reference value :  2.64373e-02
 Reference value :  2.64470e-02
 Reference value :  2.64543e-02
 Reference value :  2.64617e-02
 Reference value :  2.64714e-02
 Reference value :  2.64792e-02
 Reference value :  2.64885e-02
 Reference value :  2.64983e-02
 Reference value :  2.65057e-02
 Reference value :  2.65154e-02
 Reference value :  2.65227e-02
 Reference value :  2.65300e-02
 Reference value :  2.65374e-02
 Reference value :  2.65470e-02
 Reference value :  2.65544e-02
 Reference value :  2.65617e-02
 Reference value :  2.65690e-02
 Reference value :  2.65763e-02
 Reference value :  2.65835e-02
 Reference value :  2.65908e-02
 Reference value :  2.65980e-02
 Reference value :  2.66040e-02
 Reference value :  2.66125e-02
 Reference value :  2.66176e-02
 Reference value :  2.66265e-02
 Reference value :  2.66322e-02
 Reference value :  2.66395e-02
 Reference value :  2.66467e-02
 Reference value :  2.66541e-02
 Reference value :  2.66613e-02
 Reference value :  2.66687e-02
 Reference value :  2.66759e-02
 Reference value :  2.66833e-02
 Reference value :  2.66906e-02
 Reference value :  2.67003e-02
 Reference value :  2.67076e-02
 Reference value :  2.67149e-02
 Reference value :  2.67207e-02
 Reference value :  2.67296e-02
 Reference value :  2.67369e-02
 Reference value :  2.67443e-02
 Reference value :  2.67515e-02
 Reference value :  2.67589e-02
 Reference value :  2.67685e-02
 Reference value :  2.67735e-02
 Reference value :  2.67832e-02
 Reference value :  2.67905e-02
 Reference value :  2.67978e-02
 Reference value :  2.68052e-02
 Reference value :  2.68124e-02
 Reference value :  2.68197e-02
 Reference value :  2.68271e-02
 Reference value :  2.68344e-02
 Reference value :  2.68417e-02
 Reference value :  2.68491e-02
 Reference value :  2.68563e-02
 Reference value :  2.68636e-02
 Reference value :  2.68711e-02
 Reference value :  2.68783e-02
 Reference value :  2.68856e-02
 Reference value :  2.68952e-02
 Reference value :  2.69025e-02
 Reference value :  2.69075e-02
 Reference value :  2.69172e-02
 Reference value :  2.69245e-02
 Reference value :  2.69295e-02
 Reference value :  2.69391e-02
 Reference value :  2.69464e-02
 Reference value :  2.69514e-02
 Reference value :  2.69611e-02
 Reference value :  2.69684e-02
 Reference value :  2.69734e-02
 Reference value :  2.69830e-02
 Reference value :  2.69903e-02
 Reference value :  2.69953e-02
 Reference value :  2.70050e-02
 Reference value :  2.70124e-02
 Reference value :  2.70221e-02
 Reference value :  2.70294e-02
 Reference value :  2.70368e-02
 Reference value :  2.70441e-02
 Reference value :  2.70514e-02
 Reference value :  2.70611e-02
 Reference value :  2.70684e-02
 Reference value :  2.70780e-02
 Reference value :  2.70854e-02
 Reference value :  2.70927e-02
 Reference value :  2.71023e-02
 Reference value :  2.71096e-02
 Reference value :  2.71170e-02
 Reference value :  2.71266e-02
 Reference value :  2.71339e-02
 Reference value :  2.71435e-02
 Reference value :  2.71509e-02
 Reference value :  2.71605e-02
 Reference value :  2.71679e-02
 Reference value :  2.71775e-02
 Reference value :  2.71848e-02
 Reference value :  2.71945e-02
 Reference value :  2.72018e-02
 Reference value :  2.72114e-02
 Reference value :  2.72188e-02
 Reference value :  2.72284e-02
 Reference value :  2.72358e-02
 Reference value :  2.72454e-02
 Reference value :  2.72528e-02
 Reference value :  2.72624e-02
 Reference value :  2.72720e-02
 Reference value :  2.72794e-02
 Reference value :  2.72867e-02
 Reference value :  2.72930e-02
 Reference value :  2.73013e-02
 Reference value :  2.73087e-02
 Reference value :  2.73161e-02
 Reference value :  2.73235e-02
 Reference value :  2.73332e-02
 Reference value :  2.73406e-02
 Reference value :  2.73503e-02
 Reference value :  2.73578e-02
 Reference value :  2.73675e-02
 Reference value :  2.73749e-02
 Reference value :  2.73846e-02
 Reference value :  2.73920e-02
 Reference value :  2.74017e-02
 Reference value :  2.74091e-02
 Reference value :  2.74187e-02
 Reference value :  2.74262e-02
 Reference value :  2.74353e-02
 Reference value :  2.74433e-02
 Reference value :  2.74507e-02
 Reference value :  2.74604e-02
 Reference value :  2.74678e-02
 Reference value :  2.74775e-02
 Reference value :  2.74849e-02
 Reference value :  2.74923e-02
 Reference value :  2.75020e-02
 Reference value :  2.75094e-02
 Reference value :  2.75190e-02
 Reference value :  2.75264e-02
 Reference value :  2.75338e-02
 Reference value :  2.75412e-02
 Reference value :  2.75509e-02
 Reference value :  2.75583e-02
 Reference value :  2.75680e-02
 Reference value :  2.75754e-02
 Reference value :  2.75851e-02
 Reference value :  2.75925e-02
 Reference value :  2.76022e-02
 Reference value :  2.76097e-02
 Reference value :  2.76171e-02
 Reference value :  2.76268e-02
 Reference value :  2.76341e-02
 Reference value :  2.76438e-02
 Reference value :  2.76513e-02
 Reference value :  2.76587e-02
 Reference value :  2.76683e-02
 Reference value :  2.76757e-02
 Reference value :  2.76854e-02
 Reference value :  2.76928e-02
 Reference value :  2.77003e-02
 Reference value :  2.77099e-02
 Reference value :  2.77173e-02
 Reference value :  2.77270e-02
 Reference value :  2.77344e-02
 Reference value :  2.77421e-02
 Reference value :  2.77515e-02
 Reference value :  2.77589e-02
 Reference value :  2.77686e-02
 Reference value :  2.77760e-02
 Reference value :  2.77834e-02
 Reference value :  2.77931e-02
 Reference value :  2.78005e-02
 Reference value :  2.78078e-02
 Reference value :  2.78175e-02
 Reference value :  2.78249e-02
 Reference value :  2.78346e-02
 Reference value :  2.78421e-02
 Reference value :  2.78518e-02
 Reference value :  2.78593e-02
 Reference value :  2.78690e-02
 Reference value :  2.78766e-02
 Reference value :  2.78861e-02
 Reference value :  2.78935e-02
 Reference value :  2.79032e-02
 Reference value :  2.79106e-02
 Reference value :  2.79202e-02
 Reference value :  2.79277e-02
 Reference value :  2.79352e-02
 Reference value :  2.79448e-02
 Reference value :  2.79522e-02
 Reference value :  2.79618e-02
 Reference value :  2.79693e-02
 Reference value :  2.79768e-02
 Reference value :  2.79864e-02
 Reference value :  2.79938e-02
 Reference value :  2.80034e-02
 Reference value :  2.80109e-02
 Reference value :  2.80182e-02
 Reference value :  2.80258e-02
 Reference value :  2.80353e-02
 Reference value :  2.80427e-02
 Reference value :  2.80503e-02
 Reference value :  2.80598e-02
 Reference value :  2.80672e-02
 Reference value :  2.80769e-02
 Reference value :  2.80843e-02
 Reference value :  2.80917e-02
 Reference value :  2.81014e-02
 Reference value :  2.81087e-02
 Reference value :  2.81184e-02
 Reference value :  2.81259e-02
 Reference value :  2.81334e-02
 Reference value :  2.81430e-02
 Reference value :  2.81503e-02
 Reference value :  2.81600e-02
 Reference value :  2.81674e-02
 Reference value :  2.81749e-02
 Reference value :  2.81846e-02
 Reference value :  2.81920e-02
 Reference value :  2.82017e-02
 Reference value :  2.82090e-02
 Reference value :  2.82187e-02
 Reference value :  2.82262e-02
 Reference value :  2.82336e-02
 Reference value :  2.82432e-02
 Reference value :  2.82506e-02
 Reference value :  2.82583e-02
 Reference value :  2.82677e-02
 Reference value :  2.82751e-02
 Reference value :  2.82848e-02
 Reference value :  2.82922e-02
 Reference value :  2.83019e-02
 Reference value :  2.83093e-02
 Reference value :  2.83168e-02
 Reference value :  2.83264e-02
 Reference value :  2.83338e-02
 Reference value :  2.83436e-02
 Reference value :  2.83509e-02
 Reference value :  2.83606e-02
 Reference value :  2.83680e-02
 Reference value :  2.83755e-02
 Reference value :  2.83852e-02
 Reference value :  2.83925e-02
 Reference value :  2.84022e-02
 Reference value :  2.84096e-02
 Reference value :  2.84194e-02
 Reference value :  2.84268e-02
 Reference value :  2.84365e-02
 Reference value :  2.84443e-02
 Reference value :  2.84537e-02
 Reference value :  2.84634e-02
 Reference value :  2.84709e-02
 Reference value :  2.84806e-02
 Reference value :  2.84882e-02
 Reference value :  2.84977e-02
 Reference value :  2.85075e-02
 Reference value :  2.85149e-02
 Reference value :  2.85246e-02
 Reference value :  2.85343e-02
 Reference value :  2.85418e-02
 Reference value :  2.85515e-02
 Reference value :  2.85590e-02
 Reference value :  2.85687e-02
 Reference value :  2.85783e-02
 Reference value :  2.85858e-02
 Reference value :  2.85955e-02
 Reference value :  2.86032e-02
 Reference value :  2.86127e-02
 Reference value :  2.86225e-02
 Reference value :  2.86299e-02
 Reference value :  2.86396e-02
 Reference value :  2.86493e-02
 Reference value :  2.86567e-02
 Reference value :  2.86665e-02
 Reference value :  2.86739e-02
 Reference value :  2.86836e-02
 Reference value :  2.86911e-02
 Reference value :  2.87008e-02
 Reference value :  2.87105e-02
 Reference value :  2.87180e-02
 Reference value :  2.87277e-02
 Reference value :  2.87374e-02
 Reference value :  2.87449e-02
 Reference value :  2.87546e-02
 Reference value :  2.87643e-02
 Reference value :  2.87718e-02
 Reference value :  2.87815e-02
 Reference value :  2.87913e-02
 Reference value :  2.88010e-02
 Reference value :  2.88086e-02
 Reference value :  2.88182e-02
 Reference value :  2.88280e-02
 Reference value :  2.88377e-02
 Reference value :  2.88454e-02
 Reference value :  2.88549e-02
 Reference value :  2.88647e-02
 Reference value :  2.88744e-02
 Reference value :  2.88819e-02
 Reference value :  2.88916e-02
 Reference value :  2.89013e-02
 Reference value :  2.89088e-02
 Reference value :  2.89185e-02
 Reference value :  2.89282e-02
 Reference value :  2.89357e-02
 Reference value :  2.89454e-02
 Reference value :  2.89551e-02
 Reference value :  2.89625e-02
 Reference value :  2.89723e-02
 Reference value :  2.89820e-02
 Reference value :  2.89894e-02
 Reference value :  2.89992e-02
 Reference value :  2.90071e-02
 Reference value :  2.90164e-02
 Reference value :  2.90261e-02
 Reference value :  2.90337e-02
 Reference value :  2.90415e-02
 Reference value :  2.90507e-02
 Reference value :  2.90604e-02
 Reference value :  2.90700e-02
 Reference value :  2.90775e-02
 Reference value :  2.90873e-02
 Reference value :  2.90947e-02
 Reference value :  2.91044e-02
 Reference value :  2.91142e-02
 Reference value :  2.91216e-02
 Reference value :  2.91313e-02
 Reference value :  2.91389e-02
 Reference value :  2.91484e-02
 Reference value :  2.91582e-02
 Reference value :  2.91656e-02
 Reference value :  2.91753e-02
 Reference value :  2.91850e-02
 Reference value :  2.91925e-02
 Reference value :  2.92023e-02
 Reference value :  2.92098e-02
 Reference value :  2.92194e-02
 Reference value :  2.92268e-02
 Reference value :  2.92365e-02
 Reference value :  2.92439e-02
 Reference value :  2.92535e-02
 Reference value :  2.92610e-02
 Reference value :  2.92660e-02
 Reference value :  2.92757e-02
 Reference value :  2.92831e-02
 Reference value :  2.92927e-02
 Reference value :  2.93002e-02
 Reference value :  2.93075e-02
 Reference value :  2.93149e-02
 Reference value :  2.93240e-02
 Reference value :  2.93320e-02
 Reference value :  2.93393e-02
 Reference value :  2.93467e-02
 Reference value :  2.93563e-02
 Reference value :  2.93638e-02
 Reference value :  2.93708e-02
 Reference value :  2.93785e-02
 Reference value :  2.93858e-02
 Reference value :  2.93950e-02
 Reference value :  2.94029e-02
 Reference value :  2.94103e-02
 Reference value :  2.94178e-02
 Reference value :  2.94274e-02
 Reference value :  2.94348e-02
 Reference value :  2.94422e-02
 Reference value :  2.94518e-02
 Reference value :  2.94592e-02
 Reference value :  2.94666e-02
 Reference value :  2.94763e-02
 Reference value :  2.94837e-02
 Reference value :  2.94910e-02
 Reference value :  2.94984e-02
 Reference value :  2.95058e-02
 Reference value :  2.95155e-02
 Reference value :  2.95228e-02
 Reference value :  2.95302e-02
 Reference value :  2.95399e-02
 Reference value :  2.95473e-02
 Reference value :  2.95547e-02
 Reference value :  2.95644e-02
 Reference value :  2.95718e-02
 Reference value :  2.95792e-02
 Reference value :  2.95889e-02
 Reference value :  2.95962e-02
 Reference value :  2.96037e-02
 Reference value :  2.96133e-02
 Reference value :  2.96207e-02
 Reference value :  2.96281e-02
 Reference value :  2.96378e-02
 Reference value :  2.96452e-02
 Reference value :  2.96526e-02
 Reference value :  2.96622e-02
 Reference value :  2.96696e-02
 Reference value :  2.96770e-02
 Reference value :  2.96850e-02
 Reference value :  2.96941e-02
 Reference value :  2.97014e-02
 Reference value :  2.97088e-02
 Reference value :  2.97162e-02
 Reference value :  2.97258e-02
 Reference value :  2.97332e-02
 Reference value :  2.97406e-02
 Reference value :  2.97500e-02
 Reference value :  2.97577e-02
 Reference value :  2.97650e-02
 Reference value :  2.97723e-02
 Reference value :  2.97796e-02
 Reference value :  2.97870e-02
 Reference value :  2.97944e-02
 Reference value :  2.98018e-02
 Reference value :  2.98114e-02
 Reference value :  2.98188e-02
 Reference value :  2.98262e-02
 Reference value :  2.98338e-02
 Reference value :  2.98433e-02
 Reference value :  2.98507e-02
 Reference value :  2.98604e-02
 Reference value :  2.98678e-02
 Reference value :  2.98775e-02
 Reference value :  2.98849e-02
 Reference value :  2.98924e-02
 Reference value :  2.98997e-02
 Reference value :  2.99072e-02
 Reference value :  2.99167e-02
 Reference value :  2.99241e-02
 Reference value :  2.99338e-02
 Reference value :  2.99412e-02
 Reference value :  2.99509e-02
 Reference value :  2.99583e-02
 Reference value :  2.99657e-02
 Reference value :  2.99754e-02
 Reference value :  2.99828e-02
 Reference value :  2.99904e-02
 Reference value :  2.99999e-02
 Reference value :  3.00072e-02
 Reference value :  3.00169e-02
 Reference value :  3.00244e-02
 Reference value :  3.00317e-02
 Reference value :  3.00392e-02
 Reference value :  3.00487e-02
 Reference value :  3.00562e-02
 Reference value :  3.00636e-02
 Reference value :  3.00733e-02
 Reference value :  3.00807e-02
 Reference value :  3.00903e-02
 Reference value :  3.00978e-02
 Reference value :  3.01074e-02
 Reference value :  3.01149e-02
 Reference value :  3.01246e-02
 Reference value :  3.01320e-02
 Reference value :  3.01394e-02
 Reference value :  3.01491e-02
 Reference value :  3.01565e-02
 Reference value :  3.01662e-02
 Reference value :  3.01736e-02
 Reference value :  3.01833e-02
 Reference value :  3.01907e-02
 Reference value :  3.01982e-02
 Reference value :  3.02078e-02
 Reference value :  3.02152e-02
 Reference value :  3.02249e-02
 Reference value :  3.02323e-02
 Reference value :  3.02396e-02
 Reference value :  3.02470e-02
 Reference value :  3.02567e-02
 Reference value :  3.02641e-02
 Reference value :  3.02738e-02
 Reference value :  3.02812e-02
 Reference value :  3.02909e-02
 Reference value :  3.02983e-02
 Reference value :  3.03057e-02
 Reference value :  3.03154e-02
 Reference value :  3.03228e-02
 Reference value :  3.03325e-02
 Reference value :  3.03399e-02
 Reference value :  3.03497e-02
 Reference value :  3.03570e-02
 Reference value :  3.03668e-02
 Reference value :  3.03742e-02
 Reference value :  3.03839e-02
 Reference value :  3.03914e-02
 Reference value :  3.04011e-02
 Reference value :  3.04108e-02
 Reference value :  3.04182e-02
 Reference value :  3.04279e-02
 Reference value :  3.04353e-02
 Reference value :  3.04427e-02
 Reference value :  3.04524e-02
 Reference value :  3.04621e-02
 Reference value :  3.04696e-02
 Reference value :  3.04793e-02
 Reference value :  3.04870e-02
 Reference value :  3.04965e-02
 Reference value :  3.05062e-02
 Reference value :  3.05136e-02
 Reference value :  3.05234e-02
 Reference value :  3.05307e-02
 Reference value :  3.05405e-02
 Reference value :  3.05479e-02
 Reference value :  3.05554e-02
 Reference value :  3.05626e-02
 Reference value :  3.05723e-02
 Reference value :  3.05797e-02
 Reference value :  3.05894e-02
 Reference value :  3.05968e-02
 Reference value :  3.06065e-02
 Reference value :  3.06139e-02
 Reference value :  3.06236e-02
 Reference value :  3.06311e-02
 Reference value :  3.06407e-02
 Reference value :  3.06482e-02
 Reference value :  3.06579e-02
 Reference value :  3.06653e-02
 Reference value :  3.06730e-02
 Reference value :  3.06824e-02
 Reference value :  3.06898e-02
 Reference value :  3.06995e-02
 Reference value :  3.07069e-02
 Reference value :  3.07166e-02
 Reference value :  3.07240e-02
 Reference value :  3.07314e-02
 Reference value :  3.07411e-02
 Reference value :  3.07485e-02
 Reference value :  3.07559e-02
 Reference value :  3.07655e-02
 Reference value :  3.07729e-02
 Reference value :  3.07803e-02
 Reference value :  3.07899e-02
 Reference value :  3.07974e-02
 Reference value :  3.08048e-02
 Reference value :  3.08144e-02
 Reference value :  3.08219e-02
 Reference value :  3.08294e-02
 Reference value :  3.08390e-02
 Reference value :  3.08463e-02
 Reference value :  3.08537e-02
 Reference value :  3.08611e-02
 Reference value :  3.08708e-02
 Reference value :  3.08806e-02
 Reference value :  3.08880e-02
 Reference value :  3.08977e-02
 Reference value :  3.09052e-02
 Reference value :  3.09124e-02
 Reference value :  3.09198e-02
 Reference value :  3.09295e-02
 Reference value :  3.09370e-02
 Reference value :  3.09466e-02
 Reference value :  3.09540e-02
 Reference value :  3.09614e-02
 Reference value :  3.09711e-02
 Reference value :  3.09785e-02
 Reference value :  3.09858e-02
 Reference value :  3.09932e-02
 Reference value :  3.10029e-02
 Reference value :  3.10121e-02
 Reference value :  3.10200e-02
 Reference value :  3.10278e-02
 Reference value :  3.10372e-02
 Reference value :  3.10469e-02
 Reference value :  3.10566e-02
 Reference value :  3.10642e-02
 Reference value :  3.10738e-02
 Reference value :  3.10812e-02
 Reference value :  3.10910e-02
 Reference value :  3.11007e-02
 Reference value :  3.11082e-02
 Reference value :  3.11179e-02
 Reference value :  3.11277e-02
 Reference value :  3.11373e-02
 Reference value :  3.11449e-02
 Reference value :  3.11546e-02
 Reference value :  3.11643e-02
 Reference value :  3.11718e-02
 Reference value :  3.11791e-02
 Reference value :  3.11888e-02
 Reference value :  3.11986e-02
 Reference value :  3.12083e-02
 Reference value :  3.12158e-02
 Reference value :  3.12255e-02
 Reference value :  3.12353e-02
 Reference value :  3.12428e-02
 Reference value :  3.12524e-02
 Reference value :  3.12622e-02
 Reference value :  3.12696e-02
 Reference value :  3.12793e-02
 Reference value :  3.12867e-02
 Reference value :  3.12963e-02
 Reference value :  3.13038e-02
 Reference value :  3.13136e-02
 Reference value :  3.13209e-02
 Reference value :  3.13307e-02
 Reference value :  3.13380e-02
 Reference value :  3.13469e-02
 Reference value :  3.13551e-02
 Reference value :  3.13626e-02
 Reference value :  3.13723e-02
 Reference value :  3.13797e-02
 Reference value :  3.13894e-02
 Reference value :  3.13968e-02
 Reference value :  3.14065e-02
 Reference value :  3.14163e-02
 Reference value :  3.14233e-02
 Reference value :  3.14310e-02
 Reference value :  3.14408e-02
 Reference value :  3.14482e-02
 Reference value :  3.14579e-02
 Reference value :  3.14676e-02
 Reference value :  3.14750e-02
 Reference value :  3.14848e-02
 Reference value :  3.14922e-02
 Reference value :  3.15019e-02
 Reference value :  3.15117e-02
 Reference value :  3.15191e-02
 Reference value :  3.15288e-02
 Reference value :  3.15385e-02
 Reference value :  3.15460e-02
 Reference value :  3.15557e-02
 Reference value :  3.15634e-02
 Reference value :  3.15729e-02
 Reference value :  3.15802e-02
 Reference value :  3.15899e-02
 Reference value :  3.15974e-02
 Reference value :  3.16071e-02
 Reference value :  3.16169e-02
 Reference value :  3.16248e-02
 Reference value :  3.16341e-02
 Reference value :  3.16438e-02
 Reference value :  3.16536e-02
 Reference value :  3.16634e-02
 Reference value :  3.16731e-02
 Reference value :  3.16806e-02
 Reference value :  3.16903e-02
 Reference value :  3.17001e-02
 Reference value :  3.17099e-02
 Reference value :  3.17179e-02
 Reference value :  3.17270e-02
 Reference value :  3.17346e-02
 Reference value :  3.17442e-02
 Reference value :  3.17539e-02
 Reference value :  3.17637e-02
 Reference value :  3.17735e-02
 Reference value :  3.17831e-02
 Reference value :  3.17907e-02
 Reference value :  3.18004e-02
 Reference value :  3.18102e-02
 Reference value :  3.18199e-02
 Reference value :  3.18296e-02
 Reference value :  3.18372e-02
 Reference value :  3.18469e-02
 Reference value :  3.18567e-02
 Reference value :  3.18664e-02
 Reference value :  3.18762e-02
 Reference value :  3.18836e-02
 Reference value :  3.18909e-02
 Reference value :  3.19007e-02
 Reference value :  3.19104e-02
 Reference value :  3.19179e-02
 Reference value :  3.19277e-02
 Reference value :  3.19374e-02
 Reference value :  3.19472e-02
 Reference value :  3.19570e-02
 Reference value :  3.19647e-02
 Reference value :  3.19741e-02
 Reference value :  3.19839e-02
 Reference value :  3.19937e-02
 Reference value :  3.20010e-02
 Reference value :  3.20087e-02
 Reference value :  3.20182e-02
 Reference value :  3.20279e-02
 Reference value :  3.20377e-02
 Reference value :  3.20475e-02
 Reference value :  3.20557e-02
 Reference value :  3.20647e-02
 Reference value :  3.20744e-02
 Reference value :  3.20842e-02
 Reference value :  3.20939e-02
 Reference value :  3.21037e-02
 Reference value :  3.21112e-02
 Reference value :  3.21209e-02
 Reference value :  3.21307e-02
 Reference value :  3.21404e-02
 Reference value :  3.21502e-02
 Reference value :  3.21576e-02
 Reference value :  3.21673e-02
 Reference value :  3.21747e-02
 Reference value :  3.21845e-02
 Reference value :  3.21942e-02
 Reference value :  3.22017e-02
 Reference value :  3.22114e-02
 Reference value :  3.22211e-02
 Reference value :  3.22289e-02
 Reference value :  3.22383e-02
 Reference value :  3.22481e-02
 Reference value :  3.22556e-02
 Reference value :  3.22652e-02
 Reference value :  3.22726e-02
 Reference value :  3.22823e-02
 Reference value :  3.22921e-02
 Reference value :  3.23018e-02
 Reference value :  3.23069e-02
 Reference value :  3.23166e-02
 Reference value :  3.23263e-02
 Reference value :  3.23337e-02
 Reference value :  3.23434e-02
 Reference value :  3.23508e-02
 Reference value :  3.23605e-02
 Reference value :  3.23680e-02
 Reference value :  3.23776e-02
 Reference value :  3.23851e-02
 Reference value :  3.23949e-02
 Reference value :  3.24022e-02
 Reference value :  3.24120e-02
 Reference value :  3.24194e-02
 Reference value :  3.24291e-02
 Reference value :  3.24366e-02
 Reference value :  3.24463e-02
 Reference value :  3.24537e-02
 Reference value :  3.24634e-02
 Reference value :  3.24731e-02
 Reference value :  3.24806e-02
 Reference value :  3.24903e-02
 Reference value :  3.24978e-02
 Reference value :  3.25074e-02
 Reference value :  3.25172e-02
 Reference value :  3.25245e-02
 Reference value :  3.25343e-02
 Reference value :  3.25417e-02
 Reference value :  3.25514e-02
 Reference value :  3.25589e-02
 Reference value :  3.25686e-02
 Reference value :  3.25762e-02
 Reference value :  3.25835e-02
 Reference value :  3.25929e-02
 Reference value :  3.26002e-02
 Reference value :  3.26075e-02
 Reference value :  3.26172e-02
 Reference value :  3.26245e-02
 Reference value :  3.26341e-02
 Reference value :  3.26438e-02
 Reference value :  3.26514e-02
 Reference value :  3.26609e-02
 Reference value :  3.26705e-02
 Reference value :  3.26802e-02
 Reference value :  3.26877e-02
 Reference value :  3.26949e-02
 Reference value :  3.27046e-02
 Reference value :  3.27143e-02
 Reference value :  3.27218e-02
 Reference value :  3.27315e-02
 Reference value :  3.27413e-02
 Reference value :  3.27488e-02
 Reference value :  3.27584e-02
 Reference value :  3.27682e-02
 Reference value :  3.27779e-02
 Reference value :  3.27854e-02
 Reference value :  3.27951e-02
 Reference value :  3.28049e-02
 Reference value :  3.28129e-02
 Reference value :  3.28220e-02
 Reference value :  3.28318e-02
 Reference value :  3.28415e-02
 Reference value :  3.28490e-02
 Reference value :  3.28587e-02
 Reference value :  3.28662e-02
 Reference value :  3.28758e-02
 Reference value :  3.28856e-02
 Reference value :  3.28954e-02
 Reference value :  3.29028e-02
 Reference value :  3.29125e-02
 Reference value :  3.29223e-02
 Reference value :  3.29297e-02
 Reference value :  3.29394e-02
 Reference value :  3.29469e-02
 Reference value :  3.29566e-02
 Reference value :  3.29640e-02
 Reference value :  3.29717e-02
 Reference value :  3.29810e-02
 Reference value :  3.29908e-02
 Reference value :  3.29982e-02
 Reference value :  3.30079e-02
 Reference value :  3.30155e-02
 Reference value :  3.30250e-02
 Reference value :  3.30348e-02
 Reference value :  3.30423e-02
 Reference value :  3.30519e-02
 Reference value :  3.30617e-02
 Reference value :  3.30691e-02
 Reference value :  3.30788e-02
 Reference value :  3.30885e-02
 Reference value :  3.30960e-02
 Reference value :  3.31057e-02
 Reference value :  3.31132e-02
 Reference value :  3.31228e-02
 Reference value :  3.31302e-02
 Reference value :  3.31399e-02
 Reference value :  3.31473e-02
 Reference value :  3.31571e-02
 Reference value :  3.31645e-02
 Reference value :  3.31742e-02
 Reference value :  3.31816e-02
 Reference value :  3.31913e-02
 Reference value :  3.31988e-02
 Reference value :  3.32085e-02
 Reference value :  3.32182e-02
 Reference value :  3.32257e-02
 Reference value :  3.32354e-02
 Reference value :  3.32451e-02
 Reference value :  3.32525e-02
 Reference value :  3.32622e-02
 Reference value :  3.32696e-02
 Reference value :  3.32794e-02
 Reference value :  3.32868e-02
 Reference value :  3.32965e-02
 Reference value :  3.33040e-02
 Reference value :  3.33137e-02
 Reference value :  3.33227e-02
 Reference value :  3.33308e-02
 Reference value :  3.33405e-02
 Reference value :  3.33479e-02
 Reference value :  3.33577e-02
 Reference value :  3.33674e-02
 Reference value :  3.33749e-02
 Reference value :  3.33846e-02
 Reference value :  3.33944e-02
 Reference value :  3.34041e-02
 Reference value :  3.34116e-02
 Reference value :  3.34213e-02
 Reference value :  3.34311e-02
 Reference value :  3.34386e-02
 Reference value :  3.34459e-02
 Reference value :  3.34556e-02
 Reference value :  3.34653e-02
 Reference value :  3.34751e-02
 Reference value :  3.34848e-02
 Reference value :  3.34923e-02
 Reference value :  3.35020e-02
 Reference value :  3.35118e-02
 Reference value :  3.35193e-02
 Reference value :  3.35289e-02
 Reference value :  3.35387e-02
 Reference value :  3.35484e-02
 Reference value :  3.35559e-02
 Reference value :  3.35656e-02
 Reference value :  3.35729e-02
 Reference value :  3.35804e-02
 Reference value :  3.35902e-02
 Reference value :  3.35999e-02
 Reference value :  3.36096e-02
 Reference value :  3.36171e-02
 Reference value :  3.36268e-02
 Reference value :  3.36366e-02
 Reference value :  3.36462e-02
 Reference value :  3.36538e-02
 Reference value :  3.36635e-02
 Reference value :  3.36732e-02
 Reference value :  3.36812e-02
 Reference value :  3.36904e-02
 Reference value :  3.36977e-02
 Reference value :  3.37051e-02
 Reference value :  3.37148e-02
 Reference value :  3.37246e-02
 Reference value :  3.37320e-02
 Reference value :  3.37417e-02
 Reference value :  3.37514e-02
 Reference value :  3.37589e-02
 Reference value :  3.37687e-02
 Reference value :  3.37784e-02
 Reference value :  3.37858e-02
 Reference value :  3.37956e-02
 Reference value :  3.38053e-02
 Reference value :  3.38128e-02
 Reference value :  3.38225e-02
 Reference value :  3.38322e-02
 Reference value :  3.38397e-02
 Reference value :  3.38494e-02
 Reference value :  3.38591e-02
 Reference value :  3.38665e-02
 Reference value :  3.38741e-02
 Reference value :  3.38836e-02
 Reference value :  3.38934e-02
 Reference value :  3.39008e-02
 Reference value :  3.39105e-02
 Reference value :  3.39180e-02
 Reference value :  3.39277e-02
 Reference value :  3.39374e-02
 Reference value :  3.39449e-02
 Reference value :  3.39546e-02
 Reference value :  3.39643e-02
 Reference value :  3.39740e-02
 Reference value :  3.39815e-02
 Reference value :  3.39912e-02
 Reference value :  3.39986e-02
 Reference value :  3.40060e-02
 Reference value :  3.40135e-02
 Reference value :  3.40232e-02
 Reference value :  3.40329e-02
 Reference value :  3.40426e-02
 Reference value :  3.40500e-02
 Reference value :  3.40598e-02
 Reference value :  3.40694e-02
 Reference value :  3.40770e-02
 Reference value :  3.40867e-02
 Reference value :  3.40964e-02
 Reference value :  3.41041e-02
 Reference value :  3.41136e-02
 Reference value :  3.41234e-02
 Reference value :  3.41331e-02
 Reference value :  3.41405e-02
 Reference value :  3.41503e-02
 Reference value :  3.41601e-02
 Reference value :  3.41697e-02
 Reference value :  3.41773e-02
 Reference value :  3.41870e-02
 Reference value :  3.41967e-02
 Reference value :  3.42043e-02
 Reference value :  3.42139e-02
 Reference value :  3.42237e-02
 Reference value :  3.42333e-02
 Reference value :  3.42408e-02
 Reference value :  3.42506e-02
 Reference value :  3.42586e-02
 Reference value :  3.42677e-02
 Reference value :  3.42775e-02
 Reference value :  3.42872e-02
 Reference value :  3.42947e-02
 Reference value :  3.43044e-02
 Reference value :  3.43142e-02
 Reference value :  3.43216e-02
 Reference value :  3.43313e-02
 Reference value :  3.43411e-02
 Reference value :  3.43505e-02
 Reference value :  3.43582e-02
 Reference value :  3.43680e-02
 Reference value :  3.43777e-02
 Reference value :  3.43852e-02
 Reference value :  3.43949e-02
 Reference value :  3.44026e-02
 Reference value :  3.44120e-02
 Reference value :  3.44217e-02
 Reference value :  3.44294e-02
 Reference value :  3.44389e-02
 Reference value :  3.44485e-02
 Reference value :  3.44560e-02
 Reference value :  3.44634e-02
 Reference value :  3.44731e-02
 Reference value :  3.44829e-02
 Reference value :  3.44903e-02
 Reference value :  3.45000e-02
 Reference value :  3.45098e-02
 Reference value :  3.45190e-02
 Reference value :  3.45269e-02
 Reference value :  3.45366e-02
 Reference value :  3.45440e-02
 Reference value :  3.45536e-02
 Reference value :  3.45633e-02
 Reference value :  3.45730e-02
 Reference value :  3.45826e-02
 Reference value :  3.45903e-02
 Reference value :  3.45996e-02
 Reference value :  3.46093e-02
 Reference value :  3.46190e-02
 Reference value :  3.46263e-02
 Reference value :  3.46361e-02
 Reference value :  3.46458e-02
 Reference value :  3.46533e-02
 Reference value :  3.46630e-02
 Reference value :  3.46728e-02
 Reference value :  3.46809e-02
 Reference value :  3.46899e-02
 Reference value :  3.46997e-02
 Reference value :  3.47094e-02
 Reference value :  3.47169e-02
 Reference value :  3.47266e-02
 Reference value :  3.47364e-02
 Reference value :  3.47438e-02
 Reference value :  3.47535e-02
 Reference value :  3.47612e-02
 Reference value :  3.47707e-02
 Reference value :  3.47804e-02
 Reference value :  3.47891e-02
 Reference value :  3.47976e-02
 Reference value :  3.48073e-02
 Reference value :  3.48170e-02
 Reference value :  3.48245e-02
 Reference value :  3.48342e-02
 Reference value :  3.48439e-02
 Reference value :  3.48514e-02
 Reference value :  3.48612e-02
 Reference value :  3.48686e-02
 Reference value :  3.48783e-02
 Reference value :  3.48880e-02
 Reference value :  3.48955e-02
 Reference value :  3.49051e-02
 Reference value :  3.49126e-02
 Reference value :  3.49223e-02
 Reference value :  3.49310e-02
 Reference value :  3.49395e-02
 Reference value :  3.49493e-02
 Reference value :  3.49590e-02
 Reference value :  3.49688e-02
 Reference value :  3.49785e-02
 Reference value :  3.49861e-02
 Reference value :  3.49958e-02
 Reference value :  3.50055e-02
 Reference value :  3.50129e-02
 Reference value :  3.50226e-02
 Reference value :  3.50324e-02
 Reference value :  3.50421e-02
 Reference value :  3.50497e-02
 Reference value :  3.50594e-02
 Reference value :  3.50691e-02
 Reference value :  3.50788e-02
 Reference value :  3.50863e-02
 Reference value :  3.50960e-02
 Reference value :  3.51058e-02
 Reference value :  3.51156e-02
 Reference value :  3.51254e-02
 Reference value :  3.51351e-02
 Reference value :  3.51426e-02
 Reference value :  3.51523e-02
 Reference value :  3.51621e-02
 Reference value :  3.51719e-02
 Reference value :  3.51800e-02
 Reference value :  3.51891e-02
 Reference value :  3.51988e-02
 Reference value :  3.52086e-02
 Reference value :  3.52160e-02
 Reference value :  3.52257e-02
 Reference value :  3.52355e-02
 Reference value :  3.52428e-02
 Reference value :  3.52526e-02
 Reference value :  3.52624e-02
 Reference value :  3.52721e-02
 Reference value :  3.52811e-02
 Reference value :  3.52893e-02
 Reference value :  3.52991e-02
 Reference value :  3.53068e-02
 Reference value :  3.53163e-02
 Reference value :  3.53260e-02
 Reference value :  3.53358e-02
 Reference value :  3.53434e-02
 Reference value :  3.53530e-02
 Reference value :  3.53627e-02
 Reference value :  3.53725e-02
 Reference value :  3.53799e-02
 Reference value :  3.53896e-02
 Reference value :  3.53994e-02
 Reference value :  3.54086e-02
 Reference value :  3.54165e-02
 Reference value :  3.54240e-02
 Reference value :  3.54345e-02
 Reference value :  3.54435e-02
 Reference value :  3.54532e-02
 Reference value :  3.54630e-02
 Reference value :  3.54727e-02
 Reference value :  3.54825e-02
 Reference value :  3.54900e-02
 Reference value :  3.54997e-02
 Reference value :  3.55070e-02
 Reference value :  3.55168e-02
 Reference value :  3.55242e-02
 Reference value :  3.55331e-02
 Reference value :  3.55412e-02
 Reference value :  3.55509e-02
 Reference value :  3.55605e-02
 Reference value :  3.55681e-02
 Reference value :  3.55777e-02
 Reference value :  3.55873e-02
 Reference value :  3.55970e-02
 Reference value :  3.56067e-02
 Reference value :  3.56163e-02
 Reference value :  3.56239e-02
 Reference value :  3.56335e-02
 Reference value :  3.56431e-02
 Reference value :  3.56528e-02
 Reference value :  3.56625e-02
 Reference value :  3.56697e-02
 Reference value :  3.56784e-02
 Reference value :  3.56870e-02
 Reference value :  3.56967e-02
 Reference value :  3.57065e-02
 Reference value :  3.57162e-02
 Reference value :  3.57260e-02
 Reference value :  3.57335e-02
 Reference value :  3.57432e-02
 Reference value :  3.57530e-02
 Reference value :  3.57627e-02
 Reference value :  3.57725e-02
 Reference value :  3.57822e-02
 Reference value :  3.57897e-02
 Reference value :  3.57994e-02
 Reference value :  3.58092e-02
 Reference value :  3.58190e-02
 Reference value :  3.58287e-02
 Reference value :  3.58364e-02
 Reference value :  3.58460e-02
 Reference value :  3.58557e-02
 Reference value :  3.58655e-02
 Reference value :  3.58752e-02
 Reference value :  3.58849e-02
 Reference value :  3.58925e-02
 Reference value :  3.59022e-02
 Reference value :  3.59119e-02
 Reference value :  3.59216e-02
 Reference value :  3.59292e-02
 Reference value :  3.59389e-02
 Reference value :  3.59487e-02
 Reference value :  3.59584e-02
 Reference value :  3.59682e-02
 Reference value :  3.59769e-02
 Reference value :  3.59854e-02
 Reference value :  3.59951e-02
 Reference value :  3.60049e-02
 Reference value :  3.60123e-02
 Reference value :  3.60221e-02
 Reference value :  3.60318e-02
 Reference value :  3.60416e-02
 Reference value :  3.60513e-02
 Reference value :  3.60591e-02
 Reference value :  3.60685e-02
 Reference value :  3.60783e-02
 Reference value :  3.60881e-02
 Reference value :  3.60978e-02
 Reference value :  3.61060e-02
 Reference value :  3.61151e-02
 Reference value :  3.61247e-02
 Reference value :  3.61322e-02
 Reference value :  3.61419e-02
 Reference value :  3.61517e-02
 Reference value :  3.61614e-02
 Reference value :  3.61712e-02
 Reference value :  3.61809e-02
 Reference value :  3.61884e-02
 Reference value :  3.61982e-02
 Reference value :  3.62079e-02
 Reference value :  3.62177e-02
 Reference value :  3.62275e-02
 Reference value :  3.62364e-02
 Reference value :  3.62447e-02
 Reference value :  3.62544e-02
 Reference value :  3.62642e-02
 Reference value :  3.62740e-02
 Reference value :  3.62837e-02
 Reference value :  3.62912e-02
 Reference value :  3.63009e-02
 Reference value :  3.63107e-02
 Reference value :  3.63205e-02
 Reference value :  3.63302e-02
 Reference value :  3.63377e-02
 Reference value :  3.63474e-02
 Reference value :  3.63572e-02
 Reference value :  3.63670e-02
 Reference value :  3.63767e-02
 Reference value :  3.63864e-02
 Reference value :  3.63939e-02
 Reference value :  3.64036e-02
 Reference value :  3.64134e-02
 Reference value :  3.64231e-02
 Reference value :  3.64307e-02
 Reference value :  3.64404e-02
 Reference value :  3.64502e-02
 Reference value :  3.64599e-02
 Reference value :  3.64696e-02
 Reference value :  3.64771e-02
 Reference value :  3.64869e-02
 Reference value :  3.64966e-02
 Reference value :  3.65064e-02
 Reference value :  3.65162e-02
 Reference value :  3.65259e-02
 Reference value :  3.65334e-02
 Reference value :  3.65431e-02
 Reference value :  3.65529e-02
 Reference value :  3.65627e-02
 Reference value :  3.65724e-02
 Reference value :  3.65799e-02
 Reference value :  3.65896e-02
 Reference value :  3.65994e-02
 Reference value :  3.66092e-02
 Reference value :  3.66189e-02
 Reference value :  3.66264e-02
 Reference value :  3.66361e-02
 Reference value :  3.66459e-02
 Reference value :  3.66557e-02
 Reference value :  3.66645e-02
 Reference value :  3.66728e-02
 Reference value :  3.66824e-02
 Reference value :  3.66912e-02
 Reference value :  3.66998e-02
 Reference value :  3.67095e-02
 Reference value :  3.67193e-02
 Reference value :  3.67290e-02
 Reference value :  3.67368e-02
 Reference value :  3.67462e-02
 Reference value :  3.67560e-02
 Reference value :  3.67657e-02
 Reference value :  3.67740e-02
 Reference value :  3.67828e-02
 Reference value :  3.67926e-02
 Reference value :  3.68023e-02
 Reference value :  3.68098e-02
 Reference value :  3.68195e-02
 Reference value :  3.68293e-02
 Reference value :  3.68367e-02
 Reference value :  3.68464e-02
 Reference value :  3.68561e-02
 Reference value :  3.68636e-02
 Reference value :  3.68733e-02
 Reference value :  3.68807e-02
 Reference value :  3.68905e-02
 Reference value :  3.68979e-02
 Reference value :  3.69076e-02
 Reference value :  3.69174e-02
 Reference value :  3.69248e-02
 Reference value :  3.69345e-02
 Reference value :  3.69443e-02
 Reference value :  3.69518e-02
 Reference value :  3.69614e-02
 Reference value :  3.69712e-02
 Reference value :  3.69788e-02
 Reference value :  3.69883e-02
 Reference value :  3.69981e-02
 Reference value :  3.70057e-02
 Reference value :  3.70152e-02
 Reference value :  3.70239e-02
 Reference value :  3.70324e-02
 Reference value :  3.70421e-02
 Reference value :  3.70496e-02
 Reference value :  3.70593e-02
 Reference value :  3.70691e-02
 Reference value :  3.70766e-02
 Reference value :  3.70862e-02
 Reference value :  3.70960e-02
 Reference value :  3.71036e-02
 Reference value :  3.71131e-02
 Reference value :  3.71229e-02
 Reference value :  3.71326e-02
 Reference value :  3.71401e-02
 Reference value :  3.71498e-02
 Reference value :  3.71595e-02
 Reference value :  3.71670e-02
 Reference value :  3.71767e-02
 Reference value :  3.71865e-02
 Reference value :  3.71951e-02
 Reference value :  3.72036e-02
 Reference value :  3.72134e-02
 Reference value :  3.72231e-02
 Reference value :  3.72306e-02
 Reference value :  3.72403e-02
 Reference value :  3.72500e-02
 Reference value :  3.72575e-02
 Reference value :  3.72672e-02
 Reference value :  3.72747e-02
 Reference value :  3.72844e-02
 Reference value :  3.72941e-02
 Reference value :  3.73016e-02
 Reference value :  3.73113e-02
 Reference value :  3.73210e-02
 Reference value :  3.73285e-02
 Reference value :  3.73382e-02
 Reference value :  3.73480e-02
 Reference value :  3.73560e-02
 Reference value :  3.73651e-02
 Reference value :  3.73749e-02
 Reference value :  3.73824e-02
 Reference value :  3.73920e-02
 Reference value :  3.74018e-02
 Reference value :  3.74091e-02
 Reference value :  3.74165e-02
 Reference value :  3.74263e-02
 Reference value :  3.74338e-02
 Reference value :  3.74435e-02
 Reference value :  3.74532e-02
 Reference value :  3.74630e-02
 Reference value :  3.74704e-02
 Reference value :  3.74801e-02
 Reference value :  3.74899e-02
 Reference value :  3.74974e-02
 Reference value :  3.75071e-02
 Reference value :  3.75168e-02
 Reference value :  3.75251e-02
 Reference value :  3.75340e-02
 Reference value :  3.75437e-02
 Reference value :  3.75511e-02
 Reference value :  3.75585e-02
 Reference value :  3.75683e-02
 Reference value :  3.75780e-02
 Reference value :  3.75855e-02
 Reference value :  3.75952e-02
 Reference value :  3.76050e-02
 Reference value :  3.76130e-02
 Reference value :  3.76221e-02
 Reference value :  3.76319e-02
 Reference value :  3.76400e-02
 Reference value :  3.76490e-02
 Reference value :  3.76588e-02
 Reference value :  3.76685e-02
 Reference value :  3.76759e-02
 Reference value :  3.76836e-02
 Reference value :  3.76931e-02
 Reference value :  3.77028e-02
 Reference value :  3.77125e-02
 Reference value :  3.77222e-02
 Reference value :  3.77297e-02
 Reference value :  3.77394e-02
 Reference value :  3.77492e-02
 Reference value :  3.77567e-02
 Reference value :  3.77664e-02
 Reference value :  3.77761e-02
 Reference value :  3.77843e-02
 Reference value :  3.77933e-02
 Reference value :  3.78030e-02
 Reference value :  3.78127e-02
 Reference value :  3.78202e-02
 Reference value :  3.78276e-02
 Reference value :  3.78374e-02
 Reference value :  3.78471e-02
 Reference value :  3.78568e-02
 Reference value :  3.78643e-02
 Reference value :  3.78740e-02
 Reference value :  3.78838e-02
 Reference value :  3.78934e-02
 Reference value :  3.79010e-02
 Reference value :  3.79107e-02
 Reference value :  3.79204e-02
 Reference value :  3.79291e-02
 Reference value :  3.79376e-02
 Reference value :  3.79474e-02
 Reference value :  3.79558e-02
 Reference value :  3.79645e-02
 Reference value :  3.79742e-02
 Reference value :  3.79817e-02
 Reference value :  3.79914e-02
 Reference value :  3.80012e-02
 Reference value :  3.80109e-02
 Reference value :  3.80184e-02
 Reference value :  3.80281e-02
 Reference value :  3.80379e-02
 Reference value :  3.80455e-02
 Reference value :  3.80551e-02
 Reference value :  3.80648e-02
 Reference value :  3.80723e-02
 Reference value :  3.80820e-02
 Reference value :  3.80917e-02
 Reference value :  3.81006e-02
 Reference value :  3.81089e-02
 Reference value :  3.81186e-02
 Reference value :  3.81283e-02
 Reference value :  3.81358e-02
 Reference value :  3.81456e-02
 Reference value :  3.81553e-02
 Reference value :  3.81628e-02
 Reference value :  3.81725e-02
 Reference value :  3.81822e-02
 Reference value :  3.81896e-02
 Reference value :  3.81969e-02
 Reference value :  3.82067e-02
 Reference value :  3.82164e-02
 Reference value :  3.82239e-02
 Reference value :  3.82336e-02
 Reference value :  3.82434e-02
 Reference value :  3.82531e-02
 Reference value :  3.82606e-02
 Reference value :  3.82703e-02
 Reference value :  3.82801e-02
 Reference value :  3.82877e-02
 Reference value :  3.82972e-02
 Reference value :  3.83046e-02
 Reference value :  3.83143e-02
 Reference value :  3.83241e-02
 Reference value :  3.83339e-02
 Reference value :  3.83436e-02
 Reference value :  3.83512e-02
 Reference value :  3.83609e-02
 Reference value :  3.83706e-02
 Reference value :  3.83804e-02
 Reference value :  3.83902e-02
 Reference value :  3.83999e-02
 Reference value :  3.84096e-02
 Reference value :  3.84173e-02
 Reference value :  3.84269e-02
 Reference value :  3.84367e-02
 Reference value :  3.84464e-02
 Reference value :  3.84538e-02
 Reference value :  3.84635e-02
 Reference value :  3.84710e-02
 Reference value :  3.84809e-02
 Reference value :  3.84905e-02
 Reference value :  3.85002e-02
 Reference value :  3.85100e-02
 Reference value :  3.85198e-02
 Reference value :  3.85272e-02
 Reference value :  3.85369e-02
 Reference value :  3.85467e-02
 Reference value :  3.85565e-02
 Reference value :  3.85662e-02
 Reference value :  3.85759e-02
 Reference value :  3.85836e-02
 Reference value :  3.85933e-02
 Reference value :  3.86030e-02
 Reference value :  3.86128e-02
 Reference value :  3.86225e-02
 Reference value :  3.86323e-02
 Reference value :  3.86397e-02
 Reference value :  3.86495e-02
 Reference value :  3.86592e-02
 Reference value :  3.86666e-02
 Reference value :  3.86764e-02
 Reference value :  3.86840e-02
 Reference value :  3.86935e-02
 Reference value :  3.87033e-02
 Reference value :  3.87130e-02
 Reference value :  3.87205e-02
 Reference value :  3.87302e-02
 Reference value :  3.87400e-02
 Reference value :  3.87497e-02
 Reference value :  3.87572e-02
 Reference value :  3.87669e-02
 Reference value :  3.87743e-02
 Reference value :  3.87841e-02
 Reference value :  3.87938e-02
 Reference value :  3.88035e-02
 Reference value :  3.88111e-02
 Reference value :  3.88208e-02
 Reference value :  3.88305e-02
 Reference value :  3.88402e-02
 Reference value :  3.88477e-02
 Reference value :  3.88575e-02
 Reference value :  3.88672e-02
 Reference value :  3.88769e-02
 Reference value :  3.88845e-02
 Reference value :  3.88942e-02
 Reference value :  3.89039e-02
 Reference value :  3.89129e-02
 Reference value :  3.89211e-02
 Reference value :  3.89308e-02
 Reference value :  3.89406e-02
 Reference value :  3.89481e-02
 Reference value :  3.89578e-02
 Reference value :  3.89675e-02
 Reference value :  3.89773e-02
 Reference value :  3.89848e-02
 Reference value :  3.89945e-02
 Reference value :  3.90018e-02
 Reference value :  3.90092e-02
 Reference value :  3.90189e-02
 Reference value :  3.90285e-02
 Reference value :  3.90382e-02
 Reference value :  3.90458e-02
 Reference value :  3.90552e-02
 Reference value :  3.90649e-02
 Reference value :  3.90746e-02
 Reference value :  3.90825e-02
 Reference value :  3.90917e-02
 Reference value :  3.91013e-02
 Reference value :  3.91110e-02
 Reference value :  3.91206e-02
 Reference value :  3.91280e-02
 Reference value :  3.91377e-02
 Reference value :  3.91452e-02
 Reference value :  3.91549e-02
 Reference value :  3.91647e-02
 Reference value :  3.91744e-02
 Reference value :  3.91819e-02
 Reference value :  3.91916e-02
 Reference value :  3.92013e-02
 Reference value :  3.92110e-02
 Reference value :  3.92186e-02
 Reference value :  3.92283e-02
 Reference value :  3.92380e-02
 Reference value :  3.92477e-02
 Reference value :  3.92553e-02
 Reference value :  3.92650e-02
 Reference value :  3.92723e-02
 Reference value :  3.92821e-02
 Reference value :  3.92918e-02
 Reference value :  3.92993e-02
 Reference value :  3.93090e-02
 Reference value :  3.93187e-02
 Reference value :  3.93284e-02
 Reference value :  3.93360e-02
 Reference value :  3.93457e-02
 Reference value :  3.93554e-02
 Reference value :  3.93631e-02
 Reference value :  3.93726e-02
 Reference value :  3.93824e-02
 Reference value :  3.93920e-02
 Reference value :  3.93995e-02
 Reference value :  3.94069e-02
 Reference value :  3.94165e-02
 Reference value :  3.94262e-02
 Reference value :  3.94358e-02
 Reference value :  3.94432e-02
 Reference value :  3.94528e-02
 Reference value :  3.94625e-02
 Reference value :  3.94701e-02
 Reference value :  3.94796e-02
 Reference value :  3.94892e-02
 Reference value :  3.94989e-02
 Reference value :  3.95085e-02
 Reference value :  3.95160e-02
 Reference value :  3.95256e-02
 Reference value :  3.95331e-02
 Reference value :  3.95427e-02
 Reference value :  3.95524e-02
 Reference value :  3.95621e-02
 Reference value :  3.95697e-02
 Reference value :  3.95794e-02
 Reference value :  3.95891e-02
 Reference value :  3.95985e-02
 Reference value :  3.96063e-02
 Reference value :  3.96161e-02
 Reference value :  3.96257e-02
 Reference value :  3.96333e-02
 Reference value :  3.96430e-02
 Reference value :  3.96527e-02
 Reference value :  3.96601e-02
 Reference value :  3.96698e-02
 Reference value :  3.96774e-02
 Reference value :  3.96871e-02
 Reference value :  3.96968e-02
 Reference value :  3.97066e-02
 Reference value :  3.97140e-02
 Reference value :  3.97237e-02
 Reference value :  3.97311e-02
 Reference value :  3.97409e-02
 Reference value :  3.97507e-02
 Reference value :  3.97604e-02
 Reference value :  3.97701e-02
 Reference value :  3.97778e-02
 Reference value :  3.97874e-02
 Reference value :  3.97972e-02
 Reference value :  3.98069e-02
 Reference value :  3.98167e-02
 Reference value :  3.98264e-02
 Reference value :  3.98340e-02
 Reference value :  3.98436e-02
 Reference value :  3.98534e-02
 Reference value :  3.98632e-02
 Reference value :  3.98729e-02
 Reference value :  3.98827e-02
 Reference value :  3.98924e-02
 Reference value :  3.99000e-02
 Reference value :  3.99097e-02
 Reference value :  3.99194e-02
 Reference value :  3.99292e-02
 Reference value :  3.99389e-02
 Reference value :  3.99464e-02
 Reference value :  3.99561e-02
 Reference value :  3.99640e-02
 Reference value :  3.99732e-02
 Reference value :  3.99829e-02
 Reference value :  3.99927e-02
 Reference value :  4.00016e-02
 Reference value :  4.00099e-02
 Reference value :  4.00196e-02
 Reference value :  4.00294e-02
 Reference value :  4.00369e-02
 Reference value :  4.00466e-02
 Reference value :  4.00563e-02
 Reference value :  4.00660e-02
 Reference value :  4.00735e-02
 Reference value :  4.00832e-02
 Reference value :  4.00930e-02
 Reference value :  4.01027e-02
 Reference value :  4.01104e-02
 Reference value :  4.01199e-02
 Reference value :  4.01297e-02
 Reference value :  4.01394e-02
 Reference value :  4.01471e-02
 Reference value :  4.01566e-02
 Reference value :  4.01664e-02
 Reference value :  4.01761e-02
 Reference value :  4.01858e-02
 Reference value :  4.01934e-02
 Reference value :  4.02009e-02
 Reference value :  4.02104e-02
 Reference value :  4.02201e-02
 Reference value :  4.02297e-02
 Reference value :  4.02394e-02
 Reference value :  4.02468e-02
 Reference value :  4.02565e-02
 Reference value :  4.02661e-02
 Reference value :  4.02758e-02
 Reference value :  4.02855e-02
 Reference value :  4.02935e-02
 Reference value :  4.03025e-02
 Reference value :  4.03122e-02
 Reference value :  4.03219e-02
 Reference value :  4.03294e-02
 Reference value :  4.03389e-02
 Reference value :  4.03463e-02
 Reference value :  4.03560e-02
 Reference value :  4.03654e-02
 Reference value :  4.03732e-02
 Reference value :  4.03830e-02
 Reference value :  4.03927e-02
 Reference value :  4.04024e-02
 Reference value :  4.04099e-02
 Reference value :  4.04197e-02
 Reference value :  4.04294e-02
 Reference value :  4.04391e-02
 Reference value :  4.04466e-02
 Reference value :  4.04564e-02
 Reference value :  4.04638e-02
 Reference value :  4.04734e-02
 Reference value :  4.04830e-02
 Reference value :  4.04927e-02
 Reference value :  4.05024e-02
 Reference value :  4.05102e-02
 Reference value :  4.05194e-02
 Reference value :  4.05291e-02
 Reference value :  4.05388e-02
 Reference value :  4.05484e-02
 Reference value :  4.05559e-02
 Reference value :  4.05655e-02
 Reference value :  4.05752e-02
 Reference value :  4.05848e-02
 Reference value :  4.05922e-02
 Reference value :  4.05996e-02
 Reference value :  4.06093e-02
 Reference value :  4.06191e-02
 Reference value :  4.06289e-02
 Reference value :  4.06386e-02
 Reference value :  4.06461e-02
 Reference value :  4.06558e-02
 Reference value :  4.06656e-02
 Reference value :  4.06753e-02
 Reference value :  4.06828e-02
 Reference value :  4.06925e-02
 Reference value :  4.07021e-02
 Reference value :  4.07120e-02
 Reference value :  4.07195e-02
 Reference value :  4.07292e-02
 Reference value :  4.07390e-02
 Reference value :  4.07487e-02
 Reference value :  4.07564e-02
 Reference value :  4.07659e-02
 Reference value :  4.07757e-02
 Reference value :  4.07854e-02
 Reference value :  4.07930e-02
 Reference value :  4.08026e-02
 Reference value :  4.08124e-02
 Reference value :  4.08211e-02
 Reference value :  4.08830e-02
 Reference value :  4.12637e-02
 Reference value :  4.16452e-02
 Reference value :  4.20262e-02
 Reference value :  4.24087e-02
 Reference value :  4.27890e-02
 Reference value :  4.31687e-02
 Reference value :  4.35500e-02
 Reference value :  4.39322e-02
 Reference value :  4.43106e-02
 Reference value :  4.46891e-02
 Reference value :  4.50666e-02
 Reference value :  4.54461e-02
 Reference value :  4.58269e-02
 Reference value :  4.62056e-02
 Reference value :  4.65851e-02
 Reference value :  4.69631e-02
 Reference value :  4.73429e-02
 Reference value :  4.77199e-02
 Reference value :  4.80999e-02
 Reference value :  4.84799e-02
 Reference value :  4.88584e-02
 Reference value :  4.92354e-02
 Reference value :  4.96139e-02
 Reference value :  4.99926e-02
 Reference value :  5.03739e-02
 Reference value :  5.07511e-02
 Reference value :  5.11299e-02
 Reference value :  5.15086e-02
 Reference value :  5.18864e-02
 Reference value :  5.22669e-02
 Reference value :  5.26446e-02
 Reference value :  5.30231e-02
 Reference value :  5.34009e-02
 Reference value :  5.37804e-02
 Reference value :  5.41544e-02
 Reference value :  5.45284e-02
 Reference value :  5.48959e-02
 Reference value :  5.52664e-02
 Reference value :  5.56404e-02
 Reference value :  5.60129e-02
 Reference value :  5.63841e-02
 Reference value :  5.67561e-02
 Reference value :  5.71261e-02
 Reference value :  5.74979e-02
 Reference value :  5.78694e-02
 Reference value :  5.82419e-02
 Reference value :  5.86126e-02
 Reference value :  5.89826e-02
 Reference value :  5.93544e-02
 Reference value :  5.97284e-02
 Reference value :  6.01019e-02
 Reference value :  6.04741e-02
 Reference value :  6.08511e-02
 Reference value :  6.12224e-02
 Reference value :  6.15928e-02
 Reference value :  6.19683e-02
 Reference value :  6.23420e-02
 Reference value :  6.27135e-02
 Reference value :  6.30873e-02
 Reference value :  6.34608e-02
 Reference value :  6.38380e-02
 Reference value :  6.42150e-02
 Reference value :  6.45858e-02
 Reference value :  6.49540e-02
 Reference value :  6.53223e-02
 Reference value :  6.56915e-02
 Reference value :  6.60645e-02
 Reference value :  6.64395e-02
 Reference value :  6.68125e-02
 Reference value :  6.71813e-02
 Reference value :  6.75518e-02
 Reference value :  6.79235e-02
 Reference value :  6.82985e-02
 Reference value :  6.86723e-02
 Reference value :  6.90485e-02
 Reference value :  6.94187e-02
 Reference value :  6.97975e-02
 Reference value :  7.01777e-02
 Reference value :  7.05577e-02
 Reference value :  7.09375e-02
 Reference value :  7.13165e-02
 Reference value :  7.16987e-02
 Reference value :  7.20797e-02
 Reference value :  7.24577e-02
 Reference value :  7.28372e-02
 Reference value :  7.32155e-02
 Reference value :  7.35955e-02
 Reference value :  7.39737e-02
 Reference value :  7.43520e-02
 Reference value :  7.47305e-02
 Reference value :  7.51090e-02
 Reference value :  7.54895e-02
 Reference value :  7.58672e-02
 Reference value :  7.62472e-02
 Reference value :  7.66270e-02
 Reference value :  7.70072e-02
 Reference value :  7.73872e-02
 Reference value :  7.77667e-02
 Reference value :  7.81462e-02
 Reference value :  7.85265e-02
 Reference value :  7.89032e-02
 Reference value :  7.92782e-02
 Reference value :  7.96385e-02
 Reference value :  8.00172e-02
 Reference value :  8.03960e-02
 Reference value :  8.07755e-02
 Reference value :  8.11530e-02
 Reference value :  8.15275e-02
 Reference value :  8.19070e-02
 Reference value :  8.22862e-02
 Reference value :  8.26675e-02
 Reference value :  8.30472e-02
 Reference value :  8.34300e-02
 Reference value :  8.38092e-02
 Reference value :  8.41887e-02
 Reference value :  8.45700e-02
 Reference value :  8.49510e-02
 Reference value :  8.51731e-02
 Reference value :  8.55493e-02
 Reference value :  8.59263e-02
 Reference value :  8.63063e-02
 Reference value :  8.66185e-02
 Reference value :  8.66329e-02
 Reference value :  8.66482e-02
 Reference value :  8.66541e-02
 Reference value :  8.66708e-02
 Reference value :  8.66804e-02
 Reference value :  8.66901e-02
 Reference value :  8.67045e-02
 Reference value :  8.67135e-02
 Reference value :  8.67285e-02
 Reference value :  8.67382e-02
 Reference value :  8.67524e-02
 Reference value :  8.67671e-02
 Reference value :  8.67768e-02
 Reference value :  8.67912e-02
 Reference value :  8.68010e-02
 Reference value :  8.68153e-02
 Reference value :  8.68250e-02
 Reference value :  8.68348e-02
 Reference value :  8.68494e-02
 Reference value :  8.68621e-02
 Reference value :  8.68735e-02
 Reference value :  8.68833e-02
 Reference value :  8.68979e-02
 Reference value :  8.69121e-02
 Reference value :  8.69217e-02
 Reference value :  8.69367e-02
 Reference value :  8.69507e-02
 Reference value :  8.69604e-02
 Reference value :  8.69701e-02
 Reference value :  8.69852e-02
 Reference value :  8.69990e-02
 Reference value :  8.70086e-02
 Reference value :  8.70239e-02
 Reference value :  8.70337e-02
 Reference value :  8.70472e-02
 Reference value :  8.70570e-02
 Reference value :  8.70667e-02
 Reference value :  8.70822e-02
 Reference value :  8.70958e-02
 Reference value :  8.71055e-02
 Reference value :  8.71208e-02
 Reference value :  8.71306e-02
 Reference value :  8.71439e-02
 Reference value :  8.71535e-02
 Reference value :  8.71638e-02
 Reference value :  8.71788e-02
 Reference value :  8.71885e-02
 Reference value :  8.71983e-02
 Reference value :  8.72115e-02
 Reference value :  8.72272e-02
 Reference value :  8.72362e-02
 Reference value :  8.72425e-02
 Reference value :  8.72473e-02
 Reference value :  8.72547e-02
 Reference value :  8.72601e-02
 Reference value :  8.72666e-02
 Reference value :  8.72716e-02
 Reference value :  8.72795e-02
 Reference value :  8.72859e-02
 Reference value :  8.72909e-02
 Reference value :  8.72959e-02
 Reference value :  8.73037e-02
 Reference value :  8.73102e-02
 Reference value :  8.73153e-02
 Reference value :  8.73201e-02
 Reference value :  8.73281e-02
 Reference value :  8.73346e-02
 Reference value :  8.73394e-02
 Reference value :  8.73447e-02
 Reference value :  8.73524e-02
 Reference value :  8.73587e-02
 Reference value :  8.73636e-02
 Reference value :  8.73716e-02
 Reference value :  8.73782e-02
 Reference value :  8.73830e-02
 Reference value :  8.73904e-02
 Reference value :  8.73959e-02
 Reference value :  8.74022e-02
 Reference value :  8.74071e-02
 Reference value :  8.74152e-02
 Reference value :  8.74201e-02
 Reference value :  8.74265e-02
 Reference value :  8.74314e-02
 Reference value :  8.74395e-02
 Reference value :  8.74443e-02
 Reference value :  8.74507e-02
 Reference value :  8.74555e-02
 Reference value :  8.74636e-02
 Reference value :  8.74685e-02
 Reference value :  8.74748e-02
 Reference value :  8.74797e-02
 Reference value :  8.74847e-02
 Reference value :  8.74928e-02
 Reference value :  8.74992e-02
 Reference value :  8.75040e-02
 Reference value :  8.75122e-02
 Reference value :  8.75185e-02
 Reference value :  8.75233e-02
 Reference value :  8.75282e-02
 Reference value :  8.75364e-02
 Reference value :  8.75426e-02
 Reference value :  8.75476e-02
 Reference value :  8.75525e-02
 Reference value :  8.75607e-02
 Reference value :  8.75656e-02
 Reference value :  8.75719e-02
 Reference value :  8.75767e-02
 Reference value :  8.75851e-02
 Reference value :  8.75899e-02
 Reference value :  8.75962e-02
 Reference value :  8.76012e-02
 Reference value :  8.76095e-02
 Reference value :  8.76157e-02
 Reference value :  8.76206e-02
 Reference value :  8.76290e-02
 Reference value :  8.76342e-02
 Reference value :  8.76400e-02
 Reference value :  8.76450e-02
 Reference value :  8.76532e-02
 Reference value :  8.76581e-02
 Reference value :  8.76643e-02
 Reference value :  8.76691e-02
 Reference value :  8.76774e-02
 Reference value :  8.76823e-02
 Reference value :  8.76884e-02
 Reference value :  8.76933e-02
 Reference value :  8.77018e-02
 Reference value :  8.77077e-02
 Reference value :  8.77126e-02
 Reference value :  8.77211e-02
 Reference value :  8.77260e-02
 Reference value :  8.77320e-02
 Reference value :  8.77369e-02
 Reference value :  8.77421e-02
 Reference value :  8.77501e-02
 Reference value :  8.77562e-02
 Reference value :  8.77611e-02
 Reference value :  8.77695e-02
 Reference value :  8.77745e-02
 Reference value :  8.77805e-02
 Reference value :  8.77854e-02
 Reference value :  8.77939e-02
 Reference value :  8.77987e-02
 Reference value :  8.78048e-02
 Reference value :  8.78097e-02
 Reference value :  8.78181e-02
 Reference value :  8.78241e-02
 Reference value :  8.78292e-02
 Reference value :  8.78375e-02
 Reference value :  8.78434e-02
 Reference value :  8.78484e-02
 Reference value :  8.78568e-02
 Reference value :  8.78618e-02
 Reference value :  8.78676e-02
 Reference value :  8.78728e-02
 Reference value :  8.78810e-02
 Reference value :  8.78869e-02
 Reference value :  8.78919e-02
 Reference value :  8.79005e-02
 Reference value :  8.79063e-02
 Reference value :  8.79112e-02
 Reference value :  8.79199e-02
 Reference value :  8.79256e-02
 Reference value :  8.79305e-02
 Reference value :  8.79354e-02
 Reference value :  8.79441e-02
 Reference value :  8.79497e-02
 Reference value :  8.79547e-02
 Reference value :  8.79596e-02
 Reference value :  8.79682e-02
 Reference value :  8.79731e-02
 Reference value :  8.79790e-02
 Reference value :  8.79838e-02
 Reference value :  8.79926e-02
 Reference value :  8.79975e-02
 Reference value :  8.80032e-02
 Reference value :  8.80080e-02
 Reference value :  8.80168e-02
 Reference value :  8.80226e-02
 Reference value :  8.80276e-02
 Reference value :  8.80363e-02
 Reference value :  8.80421e-02
 Reference value :  8.80469e-02
 Reference value :  8.80558e-02
 Reference value :  8.80614e-02
 Reference value :  8.80663e-02
 Reference value :  8.80752e-02
 Reference value :  8.80806e-02
 Reference value :  8.80857e-02
 Reference value :  8.80906e-02
 Reference value :  8.80955e-02
 Reference value :  8.81042e-02
 Reference value :  8.81099e-02
 Reference value :  8.81149e-02
 Reference value :  8.81211e-02
 Reference value :  8.81236e-02
 Reference value :  8.81265e-02
 Reference value :  8.81290e-02
 Reference value :  8.81334e-02
 Reference value :  8.81363e-02
 Reference value :  8.81387e-02
 Reference value :  8.81431e-02
 Reference value :  8.81456e-02
 Reference value :  8.81485e-02
 Reference value :  8.81510e-02
 Reference value :  8.81555e-02
 Reference value :  8.81583e-02
 Reference value :  8.81627e-02
 Reference value :  8.81656e-02
 Reference value :  8.81680e-02
 Reference value :  8.81725e-02
 Reference value :  8.81754e-02
 Reference value :  8.81779e-02
 Reference value :  8.81823e-02
 Reference value :  8.81851e-02
 Reference value :  8.81877e-02
 Reference value :  8.81921e-02
 Reference value :  8.81950e-02
 Reference value :  8.81974e-02
 Reference value :  8.82019e-02
 Reference value :  8.82047e-02
 Reference value :  8.82072e-02
 Reference value :  8.82117e-02
 Reference value :  8.82145e-02
 Reference value :  8.82190e-02
 Reference value :  8.82218e-02
 Reference value :  8.82243e-02
 Reference value :  8.82288e-02
 Reference value :  8.82316e-02
 Reference value :  8.82361e-02
 Reference value :  8.82389e-02
 Reference value :  8.82414e-02
 Reference value :  8.82459e-02
 Reference value :  8.82487e-02
 Reference value :  8.82512e-02
 Reference value :  8.82558e-02
 Reference value :  8.82585e-02
 Reference value :  8.82610e-02
 Reference value :  8.82655e-02
 Reference value :  8.82682e-02
 Reference value :  8.82728e-02
 Reference value :  8.82756e-02
 Reference value :  8.82801e-02
 Reference value :  8.82829e-02
 Reference value :  8.82872e-02
 Reference value :  8.82902e-02
 Reference value :  8.82945e-02
 Reference value :  8.82975e-02
 Reference value :  8.83000e-02
 Reference value :  8.83045e-02
 Reference value :  8.83073e-02
 Reference value :  8.83098e-02
 Reference value :  8.83143e-02
 Reference value :  8.83171e-02
 Reference value :  8.83195e-02
 Reference value :  8.83240e-02
 Reference value :  8.83266e-02
 Reference value :  8.83293e-02
 Reference value :  8.83339e-02
 Reference value :  8.83366e-02
 Reference value :  8.83412e-02
 Reference value :  8.83439e-02
 Reference value :  8.83482e-02
 Reference value :  8.83512e-02
 Reference value :  8.83537e-02
 Reference value :  8.83583e-02
 Reference value :  8.83611e-02
 Reference value :  8.83656e-02
 Reference value :  8.83684e-02
 Reference value :  8.83709e-02
 Reference value :  8.83755e-02
 Reference value :  8.83780e-02
 Reference value :  8.83807e-02
 Reference value :  8.83852e-02
 Reference value :  8.83880e-02
 Reference value :  8.83926e-02
 Reference value :  8.83951e-02
 Reference value :  8.83978e-02
 Reference value :  8.84025e-02
 Reference value :  8.84049e-02
 Reference value :  8.84076e-02
 Reference value :  8.84122e-02
 Reference value :  8.84149e-02
 Reference value :  8.84174e-02
 Reference value :  8.84220e-02
 Reference value :  8.84247e-02
 Reference value :  8.84294e-02
 Reference value :  8.84321e-02
 Reference value :  8.84345e-02
 Reference value :  8.84392e-02
 Reference value :  8.84419e-02
 Reference value :  8.84444e-02
 Reference value :  8.84488e-02
 Reference value :  8.84516e-02
 Reference value :  8.84542e-02
 Reference value :  8.84589e-02
 Reference value :  8.84615e-02
 Reference value :  8.84641e-02
 Reference value :  8.84688e-02
 Reference value :  8.84735e-02
 Reference value :  8.84762e-02
 Reference value :  8.84787e-02
 Reference value :  8.84834e-02
 Reference value :  8.84859e-02
 Reference value :  8.84884e-02
 Reference value :  8.84930e-02
 Reference value :  8.84956e-02
 Reference value :  8.84982e-02
 Reference value :  8.85008e-02
 Reference value :  8.85054e-02
 Reference value :  8.85080e-02
 Reference value :  8.85105e-02
 Reference value :  8.85152e-02
 Reference value :  8.85178e-02
 Reference value :  8.85203e-02
 Reference value :  8.85249e-02
 Reference value :  8.85275e-02
 Reference value :  8.85300e-02
 Reference value :  8.85347e-02
 Reference value :  8.85373e-02
 Reference value :  8.85398e-02
 Reference value :  8.85445e-02
 Reference value :  8.85471e-02
 Reference value :  8.85496e-02
 Reference value :  8.85544e-02
 Reference value :  8.85569e-02
 Reference value :  8.85594e-02
 Reference value :  8.85642e-02
 Reference value :  8.85667e-02
 Reference value :  8.85692e-02
 Reference value :  8.85718e-02
 Reference value :  8.85764e-02
 Reference value :  8.85790e-02
 Reference value :  8.85815e-02
 Reference value :  8.85862e-02
 Reference value :  8.85888e-02
 Reference value :  8.85913e-02
 Reference value :  8.85960e-02
 Reference value :  8.85986e-02
 Reference value :  8.86033e-02
 Reference value :  8.86059e-02
 Reference value :  8.86084e-02
 Reference value :  8.86131e-02
 Reference value :  8.86157e-02
 Reference value :  8.86181e-02
 Reference value :  8.86229e-02
 Reference value :  8.86255e-02
 Reference value :  8.86279e-02
 Reference value :  8.86325e-02
 Reference value :  8.86352e-02
 Reference value :  8.86376e-02
 Reference value :  8.86424e-02
 Reference value :  8.86450e-02
 Reference value :  8.86475e-02
 Reference value :  8.86522e-02
 Reference value :  8.86547e-02
 Reference value :  8.86575e-02
 Reference value :  8.86619e-02
 Reference value :  8.86644e-02
 Reference value :  8.86692e-02
 Reference value :  8.86717e-02
 Reference value :  8.86743e-02
 Reference value :  8.86791e-02
 Reference value :  8.86816e-02
 Reference value :  8.86846e-02
 Reference value :  8.86889e-02
 Reference value :  8.86913e-02
 Reference value :  8.86939e-02
 Reference value :  8.86987e-02
 Reference value :  8.87011e-02
 Reference value :  8.87059e-02
 Reference value :  8.87084e-02
 Reference value :  8.87109e-02
 Reference value :  8.87157e-02
 Reference value :  8.87206e-02
 Reference value :  8.87231e-02
 Reference value :  8.87279e-02
 Reference value :  8.87304e-02
 Reference value :  8.87330e-02
 Reference value :  8.87402e-02
 Reference value :  8.87450e-02
 Reference value :  8.87499e-02
 Reference value :  8.87548e-02
 Reference value :  8.87598e-02
 Reference value :  8.87671e-02
 Reference value :  8.87744e-02
 Reference value :  8.87818e-02
 Reference value :  8.87891e-02
 Reference value :  8.87965e-02
 Reference value :  8.88038e-02
 Reference value :  8.88112e-02
 Reference value :  8.88186e-02
 Reference value :  8.88259e-02
 Reference value :  8.88332e-02
 Reference value :  8.88406e-02
 Reference value :  8.88479e-02
 Reference value :  8.88554e-02
 Reference value :  8.88650e-02
 Reference value :  8.88723e-02
 Reference value :  8.88797e-02
 Reference value :  8.88871e-02
 Reference value :  8.88944e-02
 Reference value :  8.89018e-02
 Reference value :  8.89092e-02
 Reference value :  8.89165e-02
 Reference value :  8.89238e-02
 Reference value :  8.89312e-02
 Reference value :  8.89386e-02
 Reference value :  8.89459e-02
 Reference value :  8.89533e-02
 Reference value :  8.89606e-02
 Reference value :  8.89680e-02
 Reference value :  8.89753e-02
 Reference value :  8.89827e-02
 Reference value :  8.89924e-02
 Reference value :  8.89998e-02
 Reference value :  8.90071e-02
 Reference value :  8.90145e-02
 Reference value :  8.90218e-02
 Reference value :  8.90291e-02
 Reference value :  8.90365e-02
 Reference value :  8.90438e-02
 Reference value :  8.90512e-02
 Reference value :  8.90585e-02
 Reference value :  8.90659e-02
 Reference value :  8.90733e-02
 Reference value :  8.90806e-02
 Reference value :  8.90879e-02
 Reference value :  8.90953e-02
 Reference value :  8.91026e-02
 Reference value :  8.91100e-02
 Reference value :  8.91173e-02
 Reference value :  8.91247e-02
 Reference value :  8.91322e-02
 Reference value :  8.91417e-02
 Reference value :  8.91490e-02
 Reference value :  8.91565e-02
 Reference value :  8.91638e-02
 Reference value :  8.91711e-02
 Reference value :  8.91785e-02
 Reference value :  8.91858e-02
 Reference value :  8.91933e-02
 Reference value :  8.92005e-02
 Reference value :  8.92079e-02
 Reference value :  8.92161e-02
 Reference value :  8.92249e-02
 Reference value :  8.92323e-02
 Reference value :  8.92397e-02
 Reference value :  8.92471e-02
 Reference value :  8.92545e-02
 Reference value :  8.92618e-02
 Reference value :  8.92691e-02
 Reference value :  8.92765e-02
 Reference value :  8.92838e-02
 Reference value :  8.92912e-02
 Reference value :  8.92986e-02
 Reference value :  8.93059e-02
 Reference value :  8.93133e-02
 Reference value :  8.93206e-02
 Reference value :  8.93280e-02
 Reference value :  8.93353e-02
 Reference value :  8.93427e-02
 Reference value :  8.93500e-02
 Reference value :  8.93574e-02
 Reference value :  8.93647e-02
 Reference value :  8.93721e-02
 Reference value :  8.93794e-02
 Reference value :  8.93867e-02
 Reference value :  8.93941e-02
 Reference value :  8.94015e-02
 Reference value :  8.94112e-02
 Reference value :  8.94186e-02
 Reference value :  8.94259e-02
 Reference value :  8.94332e-02
 Reference value :  8.94406e-02
 Reference value :  8.94479e-02
 Reference value :  8.94553e-02
 Reference value :  8.94629e-02
 Reference value :  8.94700e-02
 Reference value :  8.94774e-02
 Reference value :  8.94848e-02
 Reference value :  8.94921e-02
 Reference value :  8.95017e-02
 Reference value :  8.95091e-02
 Reference value :  8.95165e-02
 Reference value :  8.95239e-02
 Reference value :  8.95313e-02
 Reference value :  8.95386e-02
 Reference value :  8.95459e-02
 Reference value :  8.95533e-02
 Reference value :  8.95606e-02
 Reference value :  8.95680e-02
 Reference value :  8.95754e-02
 Reference value :  8.95828e-02
 Reference value :  8.95902e-02
 Reference value :  8.95992e-02
 Reference value :  8.96071e-02
 Reference value :  8.96145e-02
 Reference value :  8.96218e-02
 Reference value :  8.96292e-02
 Reference value :  8.96366e-02
 Reference value :  8.96439e-02
 Reference value :  8.96513e-02
 Reference value :  8.96586e-02
 Reference value :  8.96675e-02
 Reference value :  8.96756e-02
 Reference value :  8.96807e-02
 Reference value :  8.96880e-02
 Reference value :  8.96953e-02
 Reference value :  8.97028e-02
 Reference value :  8.97101e-02
 Reference value :  8.97174e-02
 Reference value :  8.97247e-02
 Reference value :  8.97321e-02
 Reference value :  8.97394e-02
 Reference value :  8.97468e-02
 Reference value :  8.97541e-02
 Reference value :  8.97614e-02
 Reference value :  8.97688e-02
 Reference value :  8.97761e-02
 Reference value :  8.97835e-02
 Reference value :  8.97908e-02
 Reference value :  8.97982e-02
 Reference value :  8.98056e-02
 Reference value :  8.98153e-02
 Reference value :  8.98226e-02
 Reference value :  8.98281e-02
 Reference value :  8.98355e-02
 Reference value :  8.98447e-02
 Reference value :  8.98520e-02
 Reference value :  8.98594e-02
 Reference value :  8.98667e-02
 Reference value :  8.98742e-02
 Reference value :  8.98815e-02
 Reference value :  8.98888e-02
 Reference value :  8.98962e-02
 Reference value :  8.99035e-02
 Reference value :  8.99116e-02
 Reference value :  8.99206e-02
 Reference value :  8.99279e-02
 Reference value :  8.99352e-02
 Reference value :  8.99426e-02
 Reference value :  8.99500e-02
 Reference value :  8.99573e-02
 Reference value :  8.99647e-02
 Reference value :  8.99721e-02
 Reference value :  8.99794e-02
 Reference value :  8.99868e-02
 Reference value :  8.99964e-02
 Reference value :  9.00038e-02
 Reference value :  9.00112e-02
 Reference value :  9.00185e-02
 Reference value :  9.00259e-02
 Reference value :  9.00332e-02
 Reference value :  9.00406e-02
 Reference value :  9.00480e-02
 Reference value :  9.00553e-02
 Reference value :  9.00627e-02
 Reference value :  9.00702e-02
 Reference value :  9.00774e-02
 Reference value :  9.00848e-02
 Reference value :  9.00944e-02
 Reference value :  9.00997e-02
 Reference value :  9.01069e-02
 Reference value :  9.01164e-02
 Reference value :  9.01217e-02
 Reference value :  9.01311e-02
 Reference value :  9.01362e-02
 Reference value :  9.01436e-02
 Reference value :  9.01517e-02
 Reference value :  9.01583e-02
 Reference value :  9.01678e-02
 Reference value :  9.01729e-02
 Reference value :  9.01803e-02
 Reference value :  9.01875e-02
 Reference value :  9.01949e-02
 Reference value :  9.02023e-02
 Reference value :  9.02096e-02
 Reference value :  9.02169e-02
 Reference value :  9.02243e-02
 Reference value :  9.02322e-02
 Reference value :  9.02392e-02
 Reference value :  9.02463e-02
 Reference value :  9.02537e-02
 Reference value :  9.02610e-02
 Reference value :  9.02708e-02
 Reference value :  9.02781e-02
 Reference value :  9.02854e-02
 Reference value :  9.02928e-02
 Reference value :  9.03002e-02
 Reference value :  9.03075e-02
 Reference value :  9.03149e-02
 Reference value :  9.03221e-02
 Reference value :  9.03273e-02
 Reference value :  9.03346e-02
 Reference value :  9.03442e-02
 Reference value :  9.03493e-02
 Reference value :  9.03568e-02
 Reference value :  9.03655e-02
 Reference value :  9.03736e-02
 Reference value :  9.03810e-02
 Reference value :  9.03883e-02
 Reference value :  9.03957e-02
 Reference value :  9.04030e-02
 Reference value :  9.04104e-02
 Reference value :  9.04178e-02
 Reference value :  9.04251e-02
 Reference value :  9.04325e-02
 Reference value :  9.04398e-02
 Reference value :  9.04472e-02
 Reference value :  9.04545e-02
 Reference value :  9.04621e-02
 Reference value :  9.04716e-02
 Reference value :  9.04790e-02
 Reference value :  9.04864e-02
 Reference value :  9.04940e-02
 Reference value :  9.05035e-02
 Reference value :  9.05109e-02
 Reference value :  9.05183e-02
 Reference value :  9.05258e-02
 Reference value :  9.05354e-02
 Reference value :  9.05429e-02
 Reference value :  9.05503e-02
 Reference value :  9.05577e-02
 Reference value :  9.05673e-02
 Reference value :  9.05748e-02
 Reference value :  9.05822e-02
 Reference value :  9.05896e-02
 Reference value :  9.05992e-02
 Reference value :  9.06067e-02
 Reference value :  9.06140e-02
 Reference value :  9.06214e-02
 Reference value :  9.06287e-02
 Reference value :  9.06361e-02
 Reference value :  9.06434e-02
 Reference value :  9.06508e-02
 Reference value :  9.06582e-02
 Reference value :  9.06655e-02
 Reference value :  9.06729e-02
 Reference value :  9.06803e-02
 Reference value :  9.06899e-02
 Reference value :  9.06973e-02
 Reference value :  9.07047e-02
 Reference value :  9.07120e-02
 Reference value :  9.07194e-02
 Reference value :  9.07267e-02
 Reference value :  9.07341e-02
 Reference value :  9.07414e-02
 Reference value :  9.07488e-02
 Reference value :  9.07564e-02
 Reference value :  9.07635e-02
 Reference value :  9.07732e-02
 Reference value :  9.07805e-02
 Reference value :  9.07878e-02
 Reference value :  9.07952e-02
 Reference value :  9.08026e-02
 Reference value :  9.08101e-02
 Reference value :  9.08175e-02
 Reference value :  9.08246e-02
 Reference value :  9.08320e-02
 Reference value :  9.08394e-02
 Reference value :  9.08491e-02
 Reference value :  9.08564e-02
 Reference value :  9.08638e-02
 Reference value :  9.08711e-02
 Reference value :  9.08785e-02
 Reference value :  9.08858e-02
 Reference value :  9.08932e-02
 Reference value :  9.09005e-02
 Reference value :  9.09079e-02
 Reference value :  9.09152e-02
 Reference value :  9.09226e-02
 Reference value :  9.09299e-02
 Reference value :  9.09373e-02
 Reference value :  9.09446e-02
 Reference value :  9.09519e-02
 Reference value :  9.09593e-02
 Reference value :  9.09666e-02
 Reference value :  9.09717e-02
 Reference value :  9.09790e-02
 Reference value :  9.09863e-02
 Reference value :  9.09936e-02
 Reference value :  9.10010e-02
 Reference value :  9.10083e-02
 Reference value :  9.10157e-02
 Reference value :  9.10230e-02
 Reference value :  9.10303e-02
 Reference value :  9.10377e-02
 Reference value :  9.10450e-02
 Reference value :  9.10524e-02
 Reference value :  9.10597e-02
 Reference value :  9.10671e-02
 Reference value :  9.10744e-02
 Reference value :  9.10818e-02
 Reference value :  9.10891e-02
 Reference value :  9.10965e-02
 Reference value :  9.11038e-02
 Reference value :  9.11111e-02
 Reference value :  9.11168e-02
 Reference value :  9.11237e-02
 Reference value :  9.11332e-02
 Reference value :  9.11381e-02
 Reference value :  9.11454e-02
 Reference value :  9.11528e-02
 Reference value :  9.11601e-02
 Reference value :  9.11674e-02
 Reference value :  9.11748e-02
 Reference value :  9.11821e-02
 Reference value :  9.11895e-02
 Reference value :  9.11969e-02
 Reference value :  9.12042e-02
 Reference value :  9.12115e-02
 Reference value :  9.12188e-02
 Reference value :  9.12262e-02
 Reference value :  9.12336e-02
 Reference value :  9.12408e-02
 Reference value :  9.12461e-02
 Reference value :  9.12543e-02
 Reference value :  9.12630e-02
 Reference value :  9.12701e-02
 Reference value :  9.12776e-02
 Reference value :  9.12850e-02
 Reference value :  9.12923e-02
 Reference value :  9.12997e-02
 Reference value :  9.13070e-02
 Reference value :  9.13144e-02
 Reference value :  9.13217e-02
 Reference value :  9.13291e-02
 Reference value :  9.13364e-02
 Reference value :  9.13438e-02
 Reference value :  9.13511e-02
 Reference value :  9.13584e-02
 Reference value :  9.13658e-02
 Reference value :  9.13732e-02
 Reference value :  9.13805e-02
 Reference value :  9.13878e-02
 Reference value :  9.13951e-02
 Reference value :  9.14025e-02
 Reference value :  9.14098e-02
 Reference value :  9.14172e-02
 Reference value :  9.14246e-02
 Reference value :  9.14319e-02
 Reference value :  9.14393e-02
 Reference value :  9.14466e-02
 Reference value :  9.14539e-02
 Reference value :  9.14613e-02
 Reference value :  9.14686e-02
 Reference value :  9.14760e-02
 Reference value :  9.14833e-02
 Reference value :  9.14907e-02
 Reference value :  9.14980e-02
 Reference value :  9.15054e-02
 Reference value :  9.15127e-02
 Reference value :  9.15201e-02
 Reference value :  9.15274e-02
 Reference value :  9.15348e-02
 Reference value :  9.15421e-02
 Reference value :  9.15494e-02
 Reference value :  9.15568e-02
 Reference value :  9.15641e-02
 Reference value :  9.15715e-02
 Reference value :  9.15788e-02
 Reference value :  9.15862e-02
 Reference value :  9.15935e-02
 Reference value :  9.16009e-02
 Reference value :  9.16082e-02
 Reference value :  9.16156e-02
 Reference value :  9.16229e-02
 Reference value :  9.16303e-02
 Reference value :  9.16376e-02
 Reference value :  9.16449e-02
 Reference value :  9.16523e-02
 Reference value :  9.16596e-02
 Reference value :  9.16670e-02
 Reference value :  9.16743e-02
 Reference value :  9.16817e-02
 Reference value :  9.16890e-02
 Reference value :  9.16964e-02
 Reference value :  9.17014e-02
 Reference value :  9.17088e-02
 Reference value :  9.17184e-02
 Reference value :  9.17258e-02
 Reference value :  9.17331e-02
 Reference value :  9.17405e-02
 Reference value :  9.17478e-02
 Reference value :  9.17552e-02
 Reference value :  9.17625e-02
 Reference value :  9.17699e-02
 Reference value :  9.17772e-02
 Reference value :  9.17846e-02
 Reference value :  9.17920e-02
 Reference value :  9.18003e-02
 Reference value :  9.18090e-02
 Reference value :  9.18164e-02
 Reference value :  9.18237e-02
 Reference value :  9.18311e-02
 Reference value :  9.18385e-02
 Reference value :  9.18461e-02
 Reference value :  9.18533e-02
 Reference value :  9.18629e-02
 Reference value :  9.18703e-02
 Reference value :  9.18776e-02
 Reference value :  9.18850e-02
 Reference value :  9.18923e-02
 Reference value :  9.18985e-02
 Reference value :  9.19069e-02
 Reference value :  9.19143e-02
 Reference value :  9.19217e-02
 Reference value :  9.19290e-02
 Reference value :  9.19364e-02
 Reference value :  9.19437e-02
 Reference value :  9.19511e-02
 Reference value :  9.19584e-02
 Reference value :  9.19658e-02
 Reference value :  9.19731e-02
 Reference value :  9.19805e-02
 Reference value :  9.19878e-02
 Reference value :  9.19952e-02
 Reference value :  9.20025e-02
 Reference value :  9.20099e-02
 Reference value :  9.20172e-02
 Reference value :  9.20246e-02
 Reference value :  9.20319e-02
 Reference value :  9.20392e-02
 Reference value :  9.20451e-02
 Reference value :  9.20539e-02
 Reference value :  9.20589e-02
 Reference value :  9.20662e-02
 Reference value :  9.20735e-02
 Reference value :  9.20808e-02
 Reference value :  9.20882e-02
 Reference value :  9.20956e-02
 Reference value :  9.21029e-02
 Reference value :  9.21103e-02
 Reference value :  9.21176e-02
 Reference value :  9.21250e-02
 Reference value :  9.21323e-02
 Reference value :  9.21397e-02
 Reference value :  9.21471e-02
 Reference value :  9.21568e-02
 Reference value :  9.21642e-02
 Reference value :  9.21715e-02
 Reference value :  9.21789e-02
 Reference value :  9.21862e-02
 Reference value :  9.21936e-02
 Reference value :  9.22009e-02
 Reference value :  9.22084e-02
 Reference value :  9.22180e-02
 Reference value :  9.22254e-02
 Reference value :  9.22327e-02
 Reference value :  9.22401e-02
 Reference value :  9.22475e-02
 Reference value :  9.22548e-02
 Reference value :  9.22622e-02
 Reference value :  9.22696e-02
 Reference value :  9.22769e-02
 Reference value :  9.22866e-02
 Reference value :  9.22940e-02
 Reference value :  9.23013e-02
 Reference value :  9.23087e-02
 Reference value :  9.23160e-02
 Reference value :  9.23234e-02
 Reference value :  9.23320e-02
 Reference value :  9.23402e-02
 Reference value :  9.23479e-02
 Reference value :  9.23552e-02
 Reference value :  9.23626e-02
 Reference value :  9.23699e-02
 Reference value :  9.23772e-02
 Reference value :  9.23846e-02
 Reference value :  9.23920e-02
 Reference value :  9.23997e-02
 Reference value :  9.24080e-02
 Reference value :  9.24164e-02
 Reference value :  9.24238e-02
 Reference value :  9.24311e-02
 Reference value :  9.24385e-02
 Reference value :  9.24458e-02
 Reference value :  9.24532e-02
 Reference value :  9.24606e-02
 Reference value :  9.24694e-02
 Reference value :  9.24754e-02
 Reference value :  9.24849e-02
 Reference value :  9.24923e-02
 Reference value :  9.24997e-02
 Reference value :  9.25071e-02
 Reference value :  9.25144e-02
 Reference value :  9.25218e-02
 Reference value :  9.25292e-02
 Reference value :  9.25366e-02
 Reference value :  9.25462e-02
 Reference value :  9.25515e-02
 Reference value :  9.25585e-02
 Reference value :  9.25659e-02
 Reference value :  9.25755e-02
 Reference value :  9.25821e-02
 Reference value :  9.25903e-02
 Reference value :  9.25976e-02
 Reference value :  9.26050e-02
 Reference value :  9.26124e-02
 Reference value :  9.26197e-02
 Reference value :  9.26271e-02
 Reference value :  9.26345e-02
 Reference value :  9.26418e-02
 Reference value :  9.26514e-02
 Reference value :  9.26588e-02
 Reference value :  9.26662e-02
 Reference value :  9.26736e-02
 Reference value :  9.26809e-02
 Reference value :  9.26883e-02
 Reference value :  9.26956e-02
 Reference value :  9.27033e-02
 Reference value :  9.27103e-02
 Reference value :  9.27177e-02
 Reference value :  9.27251e-02
 Reference value :  9.27347e-02
 Reference value :  9.27421e-02
 Reference value :  9.27495e-02
 Reference value :  9.27568e-02
 Reference value :  9.27642e-02
 Reference value :  9.27716e-02
 Reference value :  9.27789e-02
 Reference value :  9.27863e-02
 Reference value :  9.27936e-02
 Reference value :  9.28034e-02
 Reference value :  9.28107e-02
 Reference value :  9.28181e-02
 Reference value :  9.28254e-02
 Reference value :  9.28328e-02
 Reference value :  9.28401e-02
 Reference value :  9.28475e-02
 Reference value :  9.28549e-02
 Reference value :  9.28622e-02
 Reference value :  9.28695e-02
 Reference value :  9.28769e-02
 Reference value :  9.28866e-02
 Reference value :  9.28940e-02
 Reference value :  9.29013e-02
 Reference value :  9.29087e-02
 Reference value :  9.29160e-02
 Reference value :  9.29234e-02
 Reference value :  9.29308e-02
 Reference value :  9.29381e-02
 Reference value :  9.29455e-02
 Reference value :  9.29529e-02
 Reference value :  9.29625e-02
 Reference value :  9.29698e-02
 Reference value :  9.29773e-02
 Reference value :  9.29846e-02
 Reference value :  9.29920e-02
 Reference value :  9.29993e-02
 Reference value :  9.30067e-02
 Reference value :  9.30141e-02
 Reference value :  9.30216e-02
 Reference value :  9.30311e-02
 Reference value :  9.30385e-02
 Reference value :  9.30458e-02
 Reference value :  9.30532e-02
 Reference value :  9.30605e-02
 Reference value :  9.30679e-02
 Reference value :  9.30752e-02
 Reference value :  9.30829e-02
 Reference value :  9.30923e-02
 Reference value :  9.30974e-02
 Reference value :  9.31047e-02
 Reference value :  9.31143e-02
 Reference value :  9.31194e-02
 Reference value :  9.31268e-02
 Reference value :  9.31363e-02
 Reference value :  9.31438e-02
 Reference value :  9.31512e-02
 Reference value :  9.31585e-02
 Reference value :  9.31659e-02
 Reference value :  9.31732e-02
 Reference value :  9.31806e-02
 Reference value :  9.31880e-02
 Reference value :  9.31976e-02
 Reference value :  9.32050e-02
 Reference value :  9.32124e-02
 Reference value :  9.32197e-02
 Reference value :  9.32270e-02
 Reference value :  9.32344e-02
 Reference value :  9.32418e-02
 Reference value :  9.32492e-02
 Reference value :  9.32570e-02
 Reference value :  9.32638e-02
 Reference value :  9.32712e-02
 Reference value :  9.32788e-02
 Reference value :  9.32883e-02
 Reference value :  9.32956e-02
 Reference value :  9.33030e-02
 Reference value :  9.33103e-02
 Reference value :  9.33177e-02
 Reference value :  9.33250e-02
 Reference value :  9.33324e-02
 Reference value :  9.33400e-02
 Reference value :  9.33472e-02
 Reference value :  9.33568e-02
 Reference value :  9.33640e-02
 Reference value :  9.33716e-02
 Reference value :  9.33789e-02
 Reference value :  9.33863e-02
 Reference value :  9.33937e-02
 Reference value :  9.34012e-02
 Reference value :  9.34108e-02
 Reference value :  9.34182e-02
 Reference value :  9.34256e-02
 Reference value :  9.34330e-02
 Reference value :  9.34427e-02
 Reference value :  9.34501e-02
 Reference value :  9.34575e-02
 Reference value :  9.34648e-02
 Reference value :  9.34722e-02
 Reference value :  9.34796e-02
 Reference value :  9.34869e-02
 Reference value :  9.34943e-02
 Reference value :  9.35017e-02
 Reference value :  9.35090e-02
 Reference value :  9.35186e-02
 Reference value :  9.35260e-02
 Reference value :  9.35334e-02
 Reference value :  9.35408e-02
 Reference value :  9.35481e-02
 Reference value :  9.35555e-02
 Reference value :  9.35628e-02
 Reference value :  9.35703e-02
 Reference value :  9.35791e-02
 Reference value :  9.35849e-02
 Reference value :  9.35923e-02
 Reference value :  9.35996e-02
 Reference value :  9.36070e-02
 Reference value :  9.36166e-02
 Reference value :  9.36240e-02
 Reference value :  9.36314e-02
 Reference value :  9.36387e-02
 Reference value :  9.36461e-02
 Reference value :  9.36534e-02
 Reference value :  9.36608e-02
 Reference value :  9.36682e-02
 Reference value :  9.36756e-02
 Reference value :  9.36828e-02
 Reference value :  9.36902e-02
 Reference value :  9.36976e-02
 Reference value :  9.37073e-02
 Reference value :  9.37147e-02
 Reference value :  9.37220e-02
 Reference value :  9.37294e-02
 Reference value :  9.37367e-02
 Reference value :  9.37441e-02
 Reference value :  9.37514e-02
 Reference value :  9.37588e-02
 Reference value :  9.37684e-02
 Reference value :  9.37758e-02
 Reference value :  9.37832e-02
 Reference value :  9.37906e-02
 Reference value :  9.37979e-02
 Reference value :  9.38053e-02
 Reference value :  9.38126e-02
 Reference value :  9.38201e-02
 Reference value :  9.38276e-02
 Reference value :  9.38347e-02
 Reference value :  9.38420e-02
 Reference value :  9.38494e-02
 Reference value :  9.38569e-02
 Reference value :  9.38665e-02
 Reference value :  9.38740e-02
 Reference value :  9.38814e-02
 Reference value :  9.38888e-02
 Reference value :  9.38984e-02
 Reference value :  9.39059e-02
 Reference value :  9.39133e-02
 Reference value :  9.39207e-02
 Reference value :  9.39303e-02
 Reference value :  9.39378e-02
 Reference value :  9.39452e-02
 Reference value :  9.39526e-02
 Reference value :  9.39623e-02
 Reference value :  9.39697e-02
 Reference value :  9.39771e-02
 Reference value :  9.39846e-02
 Reference value :  9.39943e-02
 Reference value :  9.40016e-02
 Reference value :  9.40090e-02
 Reference value :  9.40163e-02
 Reference value :  9.40237e-02
 Reference value :  9.40310e-02
 Reference value :  9.40384e-02
 Reference value :  9.40458e-02
 Reference value :  9.40531e-02
 Reference value :  9.40605e-02
 Reference value :  9.40679e-02
 Reference value :  9.40758e-02
 Reference value :  9.40848e-02
 Reference value :  9.40923e-02
 Reference value :  9.40996e-02
 Reference value :  9.41070e-02
 Reference value :  9.41143e-02
 Reference value :  9.41217e-02
 Reference value :  9.41292e-02
 Reference value :  9.41365e-02
 Reference value :  9.41439e-02
 Reference value :  9.41535e-02
 Reference value :  9.41608e-02
 Reference value :  9.41682e-02
 Reference value :  9.41755e-02
 Reference value :  9.41829e-02
 Reference value :  9.41902e-02
 Reference value :  9.41952e-02
 Reference value :  9.42029e-02
 Reference value :  9.42099e-02
 Reference value :  9.42173e-02
 Reference value :  9.42245e-02
 Reference value :  9.42319e-02
 Reference value :  9.42393e-02
 Reference value :  9.42466e-02
 Reference value :  9.42540e-02
 Reference value :  9.42613e-02
 Reference value :  9.42687e-02
 Reference value :  9.42762e-02
 Reference value :  9.42834e-02
 Reference value :  9.42908e-02
 Reference value :  9.42980e-02
 Reference value :  9.43054e-02
 Reference value :  9.43128e-02
 Reference value :  9.43224e-02
 Reference value :  9.43275e-02
 Reference value :  9.43349e-02
 Reference value :  9.43428e-02
 Reference value :  9.43495e-02
 Reference value :  9.43569e-02
 Reference value :  9.43641e-02
 Reference value :  9.43715e-02
 Reference value :  9.43788e-02
 Reference value :  9.43862e-02
 Reference value :  9.43935e-02
 Reference value :  9.44009e-02
 Reference value :  9.44082e-02
 Reference value :  9.44156e-02
 Reference value :  9.44229e-02
 Reference value :  9.44303e-02
 Reference value :  9.44376e-02
 Reference value :  9.44450e-02
 Reference value :  9.44523e-02
 Reference value :  9.44597e-02
 Reference value :  9.44670e-02
 Reference value :  9.44743e-02
 Reference value :  9.44817e-02
 Reference value :  9.44890e-02
 Reference value :  9.44964e-02
 Reference value :  9.45038e-02
 Reference value :  9.45111e-02
 Reference value :  9.45185e-02
 Reference value :  9.45258e-02
 Reference value :  9.45332e-02
 Reference value :  9.45406e-02
 Reference value :  9.45483e-02
 Reference value :  9.45577e-02
 Reference value :  9.45651e-02
 Reference value :  9.45724e-02
 Reference value :  9.45798e-02
 Reference value :  9.45873e-02
 Reference value :  9.45969e-02
 Reference value :  9.46043e-02
 Reference value :  9.46117e-02
 Reference value :  9.46191e-02
 Reference value :  9.46265e-02
 Reference value :  9.46339e-02
 Reference value :  9.46425e-02
 Reference value :  9.46510e-02
 Reference value :  9.46584e-02
 Reference value :  9.46658e-02
 Reference value :  9.46731e-02
 Reference value :  9.46806e-02
 Reference value :  9.46902e-02
 Reference value :  9.46977e-02
 Reference value :  9.47050e-02
 Reference value :  9.47124e-02
 Reference value :  9.47198e-02
 Reference value :  9.47271e-02
 Reference value :  9.47344e-02
 Reference value :  9.47418e-02
 Reference value :  9.47491e-02
 Reference value :  9.47565e-02
 Reference value :  9.47638e-02
 Reference value :  9.47712e-02
 Reference value :  9.47785e-02
 Reference value :  9.47859e-02
 Reference value :  9.47932e-02
 Reference value :  9.48006e-02
 Reference value :  9.48079e-02
 Reference value :  9.48153e-02
 Reference value :  9.48226e-02
 Reference value :  9.48300e-02
 Reference value :  9.48373e-02
 Reference value :  9.48447e-02
 Reference value :  9.48521e-02
 Reference value :  9.48594e-02
 Reference value :  9.48671e-02
 Reference value :  9.48741e-02
 Reference value :  9.48815e-02
 Reference value :  9.48890e-02
 Reference value :  9.48962e-02
 Reference value :  9.49058e-02
 Reference value :  9.49132e-02
 Reference value :  9.49205e-02
 Reference value :  9.49279e-02
 Reference value :  9.49352e-02
 Reference value :  9.49426e-02
 Reference value :  9.49499e-02
 Reference value :  9.49573e-02
 Reference value :  9.49647e-02
 Reference value :  9.49720e-02
 Reference value :  9.49793e-02
 Reference value :  9.49867e-02
 Reference value :  9.49940e-02
 Reference value :  9.50014e-02
 Reference value :  9.50087e-02
 Reference value :  9.50161e-02
 Reference value :  9.50234e-02
 Reference value :  9.50308e-02
 Reference value :  9.50382e-02
 Reference value :  9.50455e-02
 Reference value :  9.50528e-02
 Reference value :  9.50602e-02
 Reference value :  9.50675e-02
 Reference value :  9.50749e-02
 Reference value :  9.50822e-02
 Reference value :  9.50896e-02
 Reference value :  9.50969e-02
 Reference value :  9.51043e-02
 Reference value :  9.51116e-02
 Reference value :  9.51189e-02
 Reference value :  9.51263e-02
 Reference value :  9.51336e-02
 Reference value :  9.51410e-02
 Reference value :  9.51483e-02
 Reference value :  9.51556e-02
 Reference value :  9.51611e-02
 Reference value :  9.51704e-02
 Reference value :  9.51755e-02
 Reference value :  9.51826e-02
 Reference value :  9.51900e-02
 Reference value :  9.51973e-02
 Reference value :  9.52047e-02
 Reference value :  9.52120e-02
 Reference value :  9.52193e-02
 Reference value :  9.52267e-02
 Reference value :  9.52340e-02
 Reference value :  9.52414e-02
 Reference value :  9.52488e-02
 Reference value :  9.52561e-02
 Reference value :  9.52634e-02
 Reference value :  9.52708e-02
 Reference value :  9.52781e-02
 Reference value :  9.52855e-02
 Reference value :  9.52928e-02
 Reference value :  9.53002e-02
 Reference value :  9.53075e-02
 Reference value :  9.53149e-02
 Reference value :  9.53222e-02
 Reference value :  9.53295e-02
 Reference value :  9.53369e-02
 Reference value :  9.53443e-02
 Reference value :  9.53516e-02
 Reference value :  9.53590e-02
 Reference value :  9.53663e-02
 Reference value :  9.53737e-02
 Reference value :  9.53810e-02
 Reference value :  9.53883e-02
 Reference value :  9.53957e-02
 Reference value :  9.54030e-02
 Reference value :  9.54104e-02
 Reference value :  9.54177e-02
 Reference value :  9.54251e-02
 Reference value :  9.54325e-02
 Reference value :  9.54398e-02
 Reference value :  9.54471e-02
 Reference value :  9.54545e-02
 Reference value :  9.54618e-02
 Reference value :  9.54692e-02
 Reference value :  9.54765e-02
 Reference value :  9.54839e-02
 Reference value :  9.54912e-02
 Reference value :  9.54986e-02
 Reference value :  9.55061e-02
 Reference value :  9.55133e-02
 Reference value :  9.55206e-02
 Reference value :  9.55280e-02
 Reference value :  9.55353e-02
 Reference value :  9.55428e-02
 Reference value :  9.55500e-02
 Reference value :  9.55590e-02
 Reference value :  9.55670e-02
 Reference value :  9.55745e-02
 Reference value :  9.55795e-02
 Reference value :  9.55869e-02
 Reference value :  9.55965e-02
 Reference value :  9.56015e-02
 Reference value :  9.56088e-02
 Reference value :  9.56162e-02
 Reference value :  9.56258e-02
 Reference value :  9.56333e-02
 Reference value :  9.56406e-02
 Reference value :  9.56480e-02
 Reference value :  9.56554e-02
 Reference value :  9.56627e-02
 Reference value :  9.56701e-02
 Reference value :  9.56774e-02
 Reference value :  9.56847e-02
 Reference value :  9.56921e-02
 Reference value :  9.56994e-02
 Reference value :  9.57067e-02
 Reference value :  9.57141e-02
 Reference value :  9.57215e-02
 Reference value :  9.57288e-02
 Reference value :  9.57362e-02
 Reference value :  9.57435e-02
 Reference value :  9.57509e-02
 Reference value :  9.57582e-02
 Reference value :  9.57656e-02
 Reference value :  9.57730e-02
 Reference value :  9.57804e-02
 Reference value :  9.57876e-02
 Reference value :  9.57950e-02
 Reference value :  9.58023e-02
 Reference value :  9.58097e-02
 Reference value :  9.58171e-02
 Reference value :  9.58244e-02
 Reference value :  9.58318e-02
 Reference value :  9.58415e-02
 Reference value :  9.58467e-02
 Reference value :  9.58562e-02
 Reference value :  9.58636e-02
 Reference value :  9.58709e-02
 Reference value :  9.58783e-02
 Reference value :  9.58865e-02
 Reference value :  9.58932e-02
 Reference value :  9.59027e-02
 Reference value :  9.59100e-02
 Reference value :  9.59173e-02
 Reference value :  9.59247e-02
 Reference value :  9.59320e-02
 Reference value :  9.59345e-02
 Reference value :  9.59393e-02
 Reference value :  9.59418e-02
 Reference value :  9.59466e-02
 Reference value :  9.59491e-02
 Reference value :  9.59540e-02
 Reference value :  9.59589e-02
 Reference value :  9.59637e-02
 Reference value :  9.59686e-02
 Reference value :  9.59711e-02
 Reference value :  9.59759e-02
 Reference value :  9.59784e-02
 Reference value :  9.59833e-02
 Reference value :  9.59858e-02
 Reference value :  9.59906e-02
 Reference value :  9.59931e-02
 Reference value :  9.59979e-02
 Reference value :  9.60004e-02
 Reference value :  9.60053e-02
 Reference value :  9.60101e-02
 Reference value :  9.60126e-02
 Reference value :  9.60153e-02
 Reference value :  9.60200e-02
 Reference value :  9.60247e-02
 Reference value :  9.60272e-02
 Reference value :  9.60297e-02
 Reference value :  9.60346e-02
 Reference value :  9.60370e-02
 Reference value :  9.60419e-02
 Reference value :  9.60444e-02
 Reference value :  9.60492e-02
 Reference value :  9.60518e-02
 Reference value :  9.60565e-02
 Reference value :  9.60591e-02
 Reference value :  9.60616e-02
 Reference value :  9.60663e-02
 Reference value :  9.60689e-02
 Reference value :  9.60713e-02
 Reference value :  9.60761e-02
 Reference value :  9.60786e-02
 Reference value :  9.60811e-02
 Reference value :  9.60836e-02
 Reference value :  9.60883e-02
 Reference value :  9.60909e-02
 Reference value :  9.60934e-02
 Reference value :  9.60959e-02
 Reference value :  9.61006e-02
 Reference value :  9.61031e-02
 Reference value :  9.61057e-02
 Reference value :  9.61082e-02
 Reference value :  9.61129e-02
 Reference value :  9.61154e-02
 Reference value :  9.61180e-02
 Reference value :  9.61204e-02
 Reference value :  9.61251e-02
 Reference value :  9.61278e-02
 Reference value :  9.61302e-02
 Reference value :  9.61349e-02
 Reference value :  9.61376e-02
 Reference value :  9.61423e-02
 Reference value :  9.61449e-02
 Reference value :  9.61475e-02
 Reference value :  9.61521e-02
 Reference value :  9.61546e-02
 Reference value :  9.61572e-02
 Reference value :  9.61597e-02
 Reference value :  9.61643e-02
 Reference value :  9.61668e-02
 Reference value :  9.61695e-02
 Reference value :  9.61741e-02
 Reference value :  9.61767e-02
 Reference value :  9.61793e-02
 Reference value :  9.61839e-02
 Reference value :  9.61866e-02
 Reference value :  9.61912e-02
 Reference value :  9.61940e-02
 Reference value :  9.61986e-02
 Reference value :  9.62011e-02
 Reference value :  9.62038e-02
 Reference value :  9.62063e-02
 Reference value :  9.62108e-02
 Reference value :  9.62136e-02
 Reference value :  9.62161e-02
 Reference value :  9.62208e-02
 Reference value :  9.62235e-02
 Reference value :  9.62280e-02
 Reference value :  9.62306e-02
 Reference value :  9.62334e-02
 Reference value :  9.62378e-02
 Reference value :  9.62406e-02
 Reference value :  9.62452e-02
 Reference value :  9.62480e-02
 Reference value :  9.62504e-02
 Reference value :  9.62550e-02
 Reference value :  9.62578e-02
 Reference value :  9.62602e-02
 Reference value :  9.62648e-02
 Reference value :  9.62672e-02
 Reference value :  9.62701e-02
 Reference value :  9.62744e-02
 Reference value :  9.62771e-02
 Reference value :  9.62798e-02
 Reference value :  9.62823e-02
 Reference value :  9.62868e-02
 Reference value :  9.62896e-02
 Reference value :  9.62921e-02
 Reference value :  9.62946e-02
 Reference value :  9.62990e-02
 Reference value :  9.63015e-02
 Reference value :  9.63043e-02
 Reference value :  9.63088e-02
 Reference value :  9.63113e-02
 Reference value :  9.63141e-02
 Reference value :  9.63166e-02
 Reference value :  9.63192e-02
 Reference value :  9.63235e-02
 Reference value :  9.63260e-02
 Reference value :  9.63285e-02
 Reference value :  9.63314e-02
 Reference value :  9.63358e-02
 Reference value :  9.63387e-02
 Reference value :  9.63412e-02
 Reference value :  9.63442e-02
 Reference value :  9.63480e-02
 Reference value :  9.63506e-02
 Reference value :  9.63534e-02
 Reference value :  9.63563e-02
 Reference value :  9.63603e-02
 Reference value :  9.63628e-02
 Reference value :  9.63657e-02
 Reference value :  9.63699e-02
 Reference value :  9.63725e-02
 Reference value :  9.63749e-02
 Reference value :  9.63779e-02
 Reference value :  9.63804e-02
 Reference value :  9.63829e-02
 Reference value :  9.63873e-02
 Reference value :  9.63902e-02
 Reference value :  9.63926e-02
 Reference value :  9.63951e-02
 Reference value :  9.63994e-02
 Reference value :  9.64019e-02
 Reference value :  9.64043e-02
 Reference value :  9.64073e-02
 Reference value :  9.64098e-02
 Reference value :  9.64123e-02
 Reference value :  9.64148e-02
 Reference value :  9.64173e-02
 Reference value :  9.64215e-02
 Reference value :  9.64240e-02
 Reference value :  9.64265e-02
 Reference value :  9.64294e-02
 Reference value :  9.64320e-02
 Reference value :  9.64344e-02
 Reference value :  9.64387e-02
 Reference value :  9.64413e-02
 Reference value :  9.64442e-02
 Reference value :  9.64467e-02
 Reference value :  9.64509e-02
 Reference value :  9.64534e-02
 Reference value :  9.64565e-02
 Reference value :  9.64590e-02
 Reference value :  9.64614e-02
 Reference value :  9.64657e-02
 Reference value :  9.64688e-02
 Reference value :  9.64729e-02
 Reference value :  9.64756e-02
 Reference value :  9.64785e-02
 Reference value :  9.64810e-02
 Reference value :  9.64852e-02
 Reference value :  9.64877e-02
 Reference value :  9.64908e-02
 Reference value :  9.64932e-02
 Reference value :  9.64957e-02
 Reference value :  9.64999e-02
 Reference value :  9.65029e-02
 Reference value :  9.65054e-02
 Reference value :  9.65094e-02
 Reference value :  9.65120e-02
 Reference value :  9.65145e-02
 Reference value :  9.65176e-02
 Reference value :  9.65201e-02
 Reference value :  9.65226e-02
 Reference value :  9.65267e-02
 Reference value :  9.65292e-02
 Reference value :  9.65317e-02
 Reference value :  9.65346e-02
 Reference value :  9.65373e-02
 Reference value :  9.65412e-02
 Reference value :  9.65439e-02
 Reference value :  9.65470e-02
 Reference value :  9.65510e-02
 Reference value :  9.65536e-02
 Reference value :  9.65567e-02
 Reference value :  9.65598e-02
 Reference value :  9.65633e-02
 Reference value :  9.65664e-02
 Reference value :  9.65689e-02
 Reference value :  9.65728e-02
 Reference value :  9.65754e-02
 Reference value :  9.65778e-02
 Reference value :  9.65811e-02
 Reference value :  9.65851e-02
 Reference value :  9.65883e-02
 Reference value :  9.65909e-02
 Reference value :  9.65935e-02
 Reference value :  9.65973e-02
 Reference value :  9.66006e-02
 Reference value :  9.66031e-02
 Reference value :  9.66071e-02
 Reference value :  9.66095e-02
 Reference value :  9.66122e-02
 Reference value :  9.66153e-02
 Reference value :  9.66178e-02
 Reference value :  9.66203e-02
 Reference value :  9.66242e-02
 Reference value :  9.66268e-02
 Reference value :  9.66300e-02
 Reference value :  9.66324e-02
 Reference value :  9.66364e-02
 Reference value :  9.66389e-02
 Reference value :  9.66414e-02
 Reference value :  9.66447e-02
 Reference value :  9.66472e-02
 Reference value :  9.66511e-02
 Reference value :  9.66536e-02
 Reference value :  9.66561e-02
 Reference value :  9.66592e-02
 Reference value :  9.66618e-02
 Reference value :  9.66658e-02
 Reference value :  9.66691e-02
 Reference value :  9.66716e-02
 Reference value :  9.66741e-02
 Reference value :  9.66766e-02
 Reference value :  9.66804e-02
 Reference value :  9.66838e-02
 Reference value :  9.66863e-02
 Reference value :  9.66888e-02
 Reference value :  9.66913e-02
 Reference value :  9.66951e-02
 Reference value :  9.66985e-02
 Reference value :  9.67010e-02
 Reference value :  9.67049e-02
 Reference value :  9.67083e-02
 Reference value :  9.67122e-02
 Reference value :  9.67156e-02
 Reference value :  9.67181e-02
 Reference value :  9.67219e-02
 Reference value :  9.67254e-02
 Reference value :  9.67279e-02
 Reference value :  9.67317e-02
 Reference value :  9.67352e-02
 Reference value :  9.67376e-02
 Reference value :  9.67415e-02
 Reference value :  9.67449e-02
 Reference value :  9.67474e-02
 Reference value :  9.67498e-02
 Reference value :  9.67523e-02
 Reference value :  9.67548e-02
 Reference value :  9.67586e-02
 Reference value :  9.67610e-02
 Reference value :  9.67645e-02
 Reference value :  9.67672e-02
 Reference value :  9.67708e-02
 Reference value :  9.67743e-02
 Reference value :  9.67768e-02
 Reference value :  9.67793e-02
 Reference value :  9.67818e-02
 Reference value :  9.67856e-02
 Reference value :  9.67880e-02
 Reference value :  9.67915e-02
 Reference value :  9.67952e-02
 Reference value :  9.67977e-02
 Reference value :  9.68003e-02
 Reference value :  9.68037e-02
 Reference value :  9.68062e-02
 Reference value :  9.68100e-02
 Reference value :  9.68135e-02
 Reference value :  9.68160e-02
 Reference value :  9.68197e-02
 Reference value :  9.68233e-02
 Reference value :  9.68258e-02
 Reference value :  9.68294e-02
 Reference value :  9.68320e-02
 Reference value :  9.68356e-02
 Reference value :  9.68381e-02
 Reference value :  9.68418e-02
 Reference value :  9.68445e-02
 Reference value :  9.68478e-02
 Reference value :  9.68503e-02
 Reference value :  9.68539e-02
 Reference value :  9.68575e-02
 Reference value :  9.68600e-02
 Reference value :  9.68627e-02
 Reference value :  9.68661e-02
 Reference value :  9.68686e-02
 Reference value :  9.68710e-02
 Reference value :  9.68747e-02
 Reference value :  9.68772e-02
 Reference value :  9.68796e-02
 Reference value :  9.68831e-02
 Reference value :  9.68856e-02
 Reference value :  9.68883e-02
 Reference value :  9.68918e-02
 Reference value :  9.68943e-02
 Reference value :  9.68979e-02
 Reference value :  9.69004e-02
 Reference value :  9.69030e-02
 Reference value :  9.69066e-02
 Reference value :  9.69102e-02
 Reference value :  9.69127e-02
 Reference value :  9.69164e-02
 Reference value :  9.69188e-02
 Reference value :  9.69213e-02
 Reference value :  9.69248e-02
 Reference value :  9.69275e-02
 Reference value :  9.69311e-02
 Reference value :  9.69337e-02
 Reference value :  9.69371e-02
 Reference value :  9.69409e-02
 Reference value :  9.69434e-02
 Reference value :  9.69459e-02
 Reference value :  9.69494e-02
 Reference value :  9.69519e-02
 Reference value :  9.69556e-02
 Reference value :  9.69581e-02
 Reference value :  9.69617e-02
 Reference value :  9.69644e-02
 Reference value :  9.69679e-02
 Reference value :  9.69704e-02
 Reference value :  9.69739e-02
 Reference value :  9.69764e-02
 Reference value :  9.69802e-02
 Reference value :  9.69826e-02
 Reference value :  9.69861e-02
 Reference value :  9.69886e-02
 Reference value :  9.69925e-02
 Reference value :  9.69959e-02
 Reference value :  9.69996e-02
 Reference value :  9.70022e-02
 Reference value :  9.70047e-02
 Reference value :  9.70081e-02
 Reference value :  9.70120e-02
 Reference value :  9.70154e-02
 Reference value :  9.70192e-02
 Reference value :  9.70217e-02
 Reference value :  9.70242e-02
 Reference value :  9.70277e-02
 Reference value :  9.70315e-02
 Reference value :  9.70349e-02
 Reference value :  9.70374e-02
 Reference value :  9.70398e-02
 Reference value :  9.70437e-02
 Reference value :  9.70462e-02
 Reference value :  9.70495e-02
 Reference value :  9.70534e-02
 Reference value :  9.70559e-02
 Reference value :  9.70583e-02
 Reference value :  9.70609e-02
 Reference value :  9.70642e-02
 Reference value :  9.70680e-02
 Reference value :  9.70705e-02
 Reference value :  9.70739e-02
 Reference value :  9.70763e-02
 Reference value :  9.70790e-02
 Reference value :  9.70828e-02
 Reference value :  9.70861e-02
 Reference value :  9.70885e-02
 Reference value :  9.70918e-02
 Reference value :  9.70949e-02
 Reference value :  9.70974e-02
 Reference value :  9.71008e-02
 Reference value :  9.71041e-02
 Reference value :  9.71072e-02
 Reference value :  9.71096e-02
 Reference value :  9.71121e-02
 Reference value :  9.71155e-02
 Reference value :  9.71194e-02
 Reference value :  9.71219e-02
 Reference value :  9.71244e-02
 Reference value :  9.71277e-02
 Reference value :  9.71313e-02
 Reference value :  9.71341e-02
 Reference value :  9.71366e-02
 Reference value :  9.71399e-02
 Reference value :  9.71439e-02
 Reference value :  9.71463e-02
 Reference value :  9.71489e-02
 Reference value :  9.71522e-02
 Reference value :  9.71561e-02
 Reference value :  9.71586e-02
 Reference value :  9.71611e-02
 Reference value :  9.71643e-02
 Reference value :  9.71668e-02
 Reference value :  9.71709e-02
 Reference value :  9.71733e-02
 Reference value :  9.71766e-02
 Reference value :  9.71807e-02
 Reference value :  9.71839e-02
 Reference value :  9.71864e-02
 Reference value :  9.71904e-02
 Reference value :  9.71929e-02
 Reference value :  9.71960e-02
 Reference value :  9.71986e-02
 Reference value :  9.72027e-02
 Reference value :  9.72051e-02
 Reference value :  9.72079e-02
 Reference value :  9.72108e-02
 Reference value :  9.72132e-02
 Reference value :  9.72158e-02
 Reference value :  9.72198e-02
 Reference value :  9.72223e-02
 Reference value :  9.72247e-02
 Reference value :  9.72279e-02
 Reference value :  9.72313e-02
 Reference value :  9.72345e-02
 Reference value :  9.72377e-02
 Reference value :  9.72419e-02
 Reference value :  9.72443e-02
 Reference value :  9.72475e-02
 Reference value :  9.72508e-02
 Reference value :  9.72541e-02
 Reference value :  9.72566e-02
 Reference value :  9.72597e-02
 Reference value :  9.72623e-02
 Reference value :  9.72664e-02
 Reference value :  9.72689e-02
 Reference value :  9.72713e-02
 Reference value :  9.72738e-02
 Reference value :  9.72769e-02
 Reference value :  9.72811e-02
 Reference value :  9.72836e-02
 Reference value :  9.72861e-02
 Reference value :  9.72892e-02
 Reference value :  9.72934e-02
 Reference value :  9.72959e-02
 Reference value :  9.72983e-02
 Reference value :  9.73008e-02
 Reference value :  9.73039e-02
 Reference value :  9.73081e-02
 Reference value :  9.73106e-02
 Reference value :  9.73137e-02
 Reference value :  9.73162e-02
 Reference value :  9.73204e-02
 Reference value :  9.73229e-02
 Reference value :  9.73259e-02
 Reference value :  9.73285e-02
 Reference value :  9.73315e-02
 Reference value :  9.73351e-02
 Reference value :  9.73376e-02
 Reference value :  9.73407e-02
 Reference value :  9.73443e-02
 Reference value :  9.73474e-02
 Reference value :  9.73499e-02
 Reference value :  9.73529e-02
 Reference value :  9.73554e-02
 Reference value :  9.73594e-02
 Reference value :  9.73621e-02
 Reference value :  9.73646e-02
 Reference value :  9.73676e-02
 Reference value :  9.73701e-02
 Reference value :  9.73726e-02
 Reference value :  9.73762e-02
 Reference value :  9.73793e-02
 Reference value :  9.73818e-02
 Reference value :  9.73847e-02
 Reference value :  9.73872e-02
 Reference value :  9.73916e-02
 Reference value :  9.73941e-02
 Reference value :  9.73970e-02
 Reference value :  9.74003e-02
 Reference value :  9.74038e-02
 Reference value :  9.74068e-02
 Reference value :  9.74111e-02
 Reference value :  9.74140e-02
 Reference value :  9.74167e-02
 Reference value :  9.74209e-02
 Reference value :  9.74234e-02
 Reference value :  9.74263e-02
 Reference value :  9.74288e-02
 Reference value :  9.74332e-02
 Reference value :  9.74356e-02
 Reference value :  9.74381e-02
 Reference value :  9.74429e-02
 Reference value :  9.74455e-02
 Reference value :  9.74484e-02
 Reference value :  9.74528e-02
 Reference value :  9.74553e-02
 Reference value :  9.74582e-02
 Reference value :  9.74625e-02
 Reference value :  9.74650e-02
 Reference value :  9.74699e-02
 Reference value :  9.74724e-02
 Reference value :  9.74753e-02
 Reference value :  9.74797e-02
 Reference value :  9.74870e-02
 Reference value :  9.74943e-02
 Reference value :  9.75017e-02
 Reference value :  9.75071e-02
 Reference value :  9.75164e-02
 Reference value :  9.75213e-02
 Reference value :  9.75287e-02
 Reference value :  9.75384e-02
 Reference value :  9.75458e-02
 Reference value :  9.75531e-02
 Reference value :  9.75604e-02
 Reference value :  9.75677e-02
 Reference value :  9.75751e-02
 Reference value :  9.75824e-02
 Reference value :  9.75921e-02
 Reference value :  9.75972e-02
 Reference value :  9.76068e-02
 Reference value :  9.76143e-02
 Reference value :  9.76216e-02
 Reference value :  9.76290e-02
 Reference value :  9.76387e-02
 Reference value :  9.76461e-02
 Reference value :  9.76534e-02
 Reference value :  9.76608e-02
 Reference value :  9.76681e-02
 Reference value :  9.76755e-02
 Reference value :  9.76853e-02
 Reference value :  9.76926e-02
 Reference value :  9.77000e-02
 Reference value :  9.77074e-02
 Reference value :  9.77171e-02
 Reference value :  9.77244e-02
 Reference value :  9.77318e-02
 Reference value :  9.77415e-02
 Reference value :  9.77489e-02
 Reference value :  9.77563e-02
 Reference value :  9.77661e-02
 Reference value :  9.77734e-02
 Reference value :  9.77807e-02
 Reference value :  9.77903e-02
 Reference value :  9.77955e-02
 Reference value :  9.78029e-02
 Reference value :  9.78102e-02
 Reference value :  9.78199e-02
 Reference value :  9.78272e-02
 Reference value :  9.78347e-02
 Reference value :  9.78443e-02
 Reference value :  9.78540e-02
 Reference value :  9.78614e-02
 Reference value :  9.78706e-02
 Reference value :  9.78785e-02
 Reference value :  9.78859e-02
 Reference value :  9.78933e-02
 Reference value :  9.79008e-02
 Reference value :  9.79080e-02
 Reference value :  9.79154e-02
 Reference value :  9.79250e-02
 Reference value :  9.79324e-02
 Reference value :  9.79397e-02
 Reference value :  9.79471e-02
 Reference value :  9.79544e-02
 Reference value :  9.79618e-02
 Reference value :  9.79691e-02
 Reference value :  9.79765e-02
 Reference value :  9.79838e-02
 Reference value :  9.79912e-02
 Reference value :  9.79985e-02
 Reference value :  9.80059e-02
 Reference value :  9.80133e-02
 Reference value :  9.80206e-02
 Reference value :  9.80280e-02
 Reference value :  9.80354e-02
 Reference value :  9.80427e-02
 Reference value :  9.80501e-02
 Reference value :  9.80575e-02
 Reference value :  9.80648e-02
 Reference value :  9.80721e-02
 Reference value :  9.80793e-02
 Reference value :  9.80845e-02
 Reference value :  9.80916e-02
 Reference value :  9.81012e-02
 Reference value :  9.81086e-02
 Reference value :  9.81159e-02
 Reference value :  9.81233e-02
 Reference value :  9.81307e-02
 Reference value :  9.81381e-02
 Reference value :  9.81454e-02
 Reference value :  9.81551e-02
 Reference value :  9.81625e-02
 Reference value :  9.81722e-02
 Reference value :  9.81796e-02
 Reference value :  9.81871e-02
 Reference value :  9.81968e-02
 Reference value :  9.82042e-02
 Reference value :  9.82139e-02
 Reference value :  9.82213e-02
 Reference value :  9.82291e-02
 Reference value :  9.82384e-02
 Reference value :  9.82458e-02
 Reference value :  9.82555e-02
 Reference value :  9.82629e-02
 Reference value :  9.82726e-02
 Reference value :  9.82800e-02
 Reference value :  9.82875e-02
 Reference value :  9.82971e-02
 Reference value :  9.83046e-02
 Reference value :  9.83143e-02
 Reference value :  9.83217e-02
 Reference value :  9.83291e-02
 Reference value :  9.83387e-02
 Reference value :  9.83461e-02
 Reference value :  9.83535e-02
 Reference value :  9.83608e-02
 Reference value :  9.83682e-02
 Reference value :  9.83756e-02
 Reference value :  9.83853e-02
 Reference value :  9.83927e-02
 Reference value :  9.84000e-02
 Reference value :  9.84073e-02
 Reference value :  9.84147e-02
 Reference value :  9.84220e-02
 Reference value :  9.84296e-02
 Reference value :  9.84367e-02
 Reference value :  9.84464e-02
 Reference value :  9.84515e-02
 Reference value :  9.84612e-02
 Reference value :  9.84664e-02
 Reference value :  9.84759e-02
 Reference value :  9.84833e-02
 Reference value :  9.84907e-02
 Reference value :  9.84980e-02
 Reference value :  9.85072e-02
 Reference value :  9.85129e-02
 Reference value :  9.85224e-02
 Reference value :  9.85298e-02
 Reference value :  9.85371e-02
 Reference value :  9.85468e-02
 Reference value :  9.85541e-02
 Reference value :  9.85616e-02
 Reference value :  9.85689e-02
 Reference value :  9.85762e-02
 Reference value :  9.85836e-02
 Reference value :  9.85911e-02
 Reference value :  9.85984e-02
 Reference value :  9.86080e-02
 Reference value :  9.86154e-02
 Reference value :  9.86228e-02
 Reference value :  9.86302e-02
 Reference value :  9.86375e-02
 Reference value :  9.86472e-02
 Reference value :  9.86523e-02
 Reference value :  9.86619e-02
 Reference value :  9.86693e-02
 Reference value :  9.86767e-02
 Reference value :  9.86840e-02
 Reference value :  9.86915e-02
 Reference value :  9.87011e-02
 Reference value :  9.87085e-02
 Reference value :  9.87159e-02
 Reference value :  9.87233e-02
 Reference value :  9.87306e-02
 Reference value :  9.87380e-02
 Reference value :  9.87478e-02
 Reference value :  9.87551e-02
 Reference value :  9.87625e-02
 Reference value :  9.87698e-02
 Reference value :  9.87772e-02
 Reference value :  9.87847e-02
 Reference value :  9.87943e-02
 Reference value :  9.88017e-02
 Reference value :  9.88090e-02
 Reference value :  9.88165e-02
 Reference value :  9.88238e-02
 Reference value :  9.88335e-02
 Reference value :  9.88409e-02
 Reference value :  9.88482e-02
 Reference value :  9.88556e-02
 Reference value :  9.88630e-02
 Reference value :  9.88704e-02
 Reference value :  9.88801e-02
 Reference value :  9.88874e-02
 Reference value :  9.88948e-02
 Reference value :  9.89022e-02
 Reference value :  9.89096e-02
 Reference value :  9.89192e-02
 Reference value :  9.89266e-02
 Reference value :  9.89340e-02
 Reference value :  9.89414e-02
 Reference value :  9.89510e-02
 Reference value :  9.89584e-02
 Reference value :  9.89658e-02
 Reference value :  9.89732e-02
 Reference value :  9.89805e-02
 Reference value :  9.89879e-02
 Reference value :  9.89953e-02
 Reference value :  9.90049e-02
 Reference value :  9.90124e-02
 Reference value :  9.90197e-02
 Reference value :  9.90271e-02
 Reference value :  9.90368e-02
 Reference value :  9.90442e-02
 Reference value :  9.90516e-02
 Reference value :  9.90589e-02
 Reference value :  9.90663e-02
 Reference value :  9.90738e-02
 Reference value :  9.90833e-02
 Reference value :  9.90908e-02
 Reference value :  9.90983e-02
 Reference value :  9.91080e-02
 Reference value :  9.91154e-02
 Reference value :  9.91251e-02
 Reference value :  9.91325e-02
 Reference value :  9.91398e-02
 Reference value :  9.91473e-02
 Reference value :  9.91570e-02
 Reference value :  9.91643e-02
 Reference value :  9.91717e-02
 Reference value :  9.91791e-02
 Reference value :  9.91865e-02
 Reference value :  9.91961e-02
 Reference value :  9.92035e-02
 Reference value :  9.92109e-02
 Reference value :  9.92182e-02
 Reference value :  9.92256e-02
 Reference value :  9.92353e-02
 Reference value :  9.92427e-02
 Reference value :  9.92501e-02
 Reference value :  9.92575e-02
 Reference value :  9.92671e-02
 Reference value :  9.92745e-02
 Reference value :  9.92819e-02
 Reference value :  9.92916e-02
 Reference value :  9.92989e-02
 Reference value :  9.93063e-02
 Reference value :  9.93137e-02
 Reference value :  9.93233e-02
 Reference value :  9.93307e-02
 Reference value :  9.93380e-02
 Reference value :  9.93454e-02
 Reference value :  9.93528e-02
 Reference value :  9.93625e-02
 Reference value :  9.93674e-02
 Reference value :  9.93749e-02
 Reference value :  9.93845e-02
 Reference value :  9.93920e-02
 Reference value :  9.94017e-02
 Reference value :  9.94091e-02
 Reference value :  9.94166e-02
 Reference value :  9.94263e-02
 Reference value :  9.94338e-02
 Reference value :  9.94412e-02
 Reference value :  9.94485e-02
 Reference value :  9.94558e-02
 Reference value :  9.94632e-02
 Reference value :  9.94707e-02
 Reference value :  9.94803e-02
 Reference value :  9.94876e-02
 Reference value :  9.94950e-02
 Reference value :  9.95026e-02
 Reference value :  9.95121e-02
 Reference value :  9.95195e-02
 Reference value :  9.95268e-02
 Reference value :  9.95342e-02
 Reference value :  9.95391e-02
 Reference value :  9.95468e-02
 Reference value :  9.95539e-02
 Reference value :  9.95636e-02
 Reference value :  9.95709e-02
 Reference value :  9.95783e-02
 Reference value :  9.95857e-02
 Reference value :  9.95931e-02
 Reference value :  9.96028e-02
 Reference value :  9.96101e-02
 Reference value :  9.96175e-02
 Reference value :  9.96249e-02
 Reference value :  9.96322e-02
 Reference value :  9.96396e-02
 Reference value :  9.96493e-02
 Reference value :  9.96543e-02
 Reference value :  9.96640e-02
 Reference value :  9.96713e-02
 Reference value :  9.96786e-02
 Reference value :  9.96861e-02
 Reference value :  9.96957e-02
 Reference value :  9.97032e-02
 Reference value :  9.97105e-02
 Reference value :  9.97179e-02
 Reference value :  9.97253e-02
 Reference value :  9.97327e-02
 Reference value :  9.97401e-02
 Reference value :  9.97497e-02
 Reference value :  9.97570e-02
 Reference value :  9.97645e-02
 Reference value :  9.97719e-02
 Reference value :  9.97792e-02
 Reference value :  9.97866e-02
 Reference value :  9.97940e-02
 Reference value :  9.98036e-02
 Reference value :  9.98110e-02
 Reference value :  9.98184e-02
 Reference value :  9.98258e-02
 Reference value :  9.98355e-02
 Reference value :  9.98428e-02
 Reference value :  9.98502e-02
 Reference value :  9.98576e-02
 Reference value :  9.98650e-02
 Reference value :  9.98723e-02
 Reference value :  9.98820e-02
 Reference value :  9.98894e-02
 Reference value :  9.98968e-02
 Reference value :  9.99042e-02
 Reference value :  9.99115e-02
 Reference value :  9.99213e-02
 Reference value :  9.99287e-02
 Reference value :  9.99360e-02
 Reference value :  9.99433e-02
 Reference value :  9.99507e-02
 Reference value :  9.99581e-02
 Reference value :  9.99655e-02
 Reference value :  9.99751e-02
 Reference value :  9.99802e-02
 Reference value :  9.99876e-02
 Reference value :  9.99973e-02
 Reference value :  1.00005e-01
 Reference value :  1.00012e-01
 Reference value :  1.00019e-01
 Reference value :  1.00027e-01
 Reference value :  1.00034e-01
 Reference value :  1.00041e-01
 Reference value :  1.00049e-01
 Reference value :  1.00059e-01
 Reference value :  1.00066e-01
 Reference value :  1.00073e-01
 Reference value :  1.00081e-01
 Reference value :  1.00088e-01
 Reference value :  1.00098e-01
 Reference value :  1.00105e-01
 Reference value :  1.00112e-01
 Reference value :  1.00120e-01
 Reference value :  1.00127e-01
 Reference value :  1.00137e-01
 Reference value :  1.00144e-01
 Reference value :  1.00152e-01
 Reference value :  1.00159e-01
 Reference value :  1.00166e-01
 Reference value :  1.00174e-01
 Reference value :  1.00183e-01
 Reference value :  1.00191e-01
 Reference value :  1.00198e-01
 Reference value :  1.00206e-01
 Reference value :  1.00213e-01
 Reference value :  1.00221e-01
 Reference value :  1.00230e-01
 Reference value :  1.00237e-01
 Reference value :  1.00245e-01
 Reference value :  1.00252e-01
 Reference value :  1.00259e-01
 Reference value :  1.00267e-01
 Reference value :  1.00276e-01
 Reference value :  1.00284e-01
 Reference value :  1.00291e-01
 Reference value :  1.00299e-01
 Reference value :  1.00306e-01
 Reference value :  1.00313e-01
 Reference value :  1.00321e-01
 Reference value :  1.00330e-01
 Reference value :  1.00338e-01
 Reference value :  1.00345e-01
 Reference value :  1.00352e-01
 Reference value :  1.00360e-01
 Reference value :  1.00370e-01
 Reference value :  1.00377e-01
 Reference value :  1.00384e-01
 Reference value :  1.00392e-01
 Reference value :  1.00399e-01
 Reference value :  1.00406e-01
 Reference value :  1.00414e-01
 Reference value :  1.00423e-01
 Reference value :  1.00431e-01
 Reference value :  1.00438e-01
 Reference value :  1.00446e-01
 Reference value :  1.00453e-01
 Reference value :  1.00460e-01
 Reference value :  1.00470e-01
 Reference value :  1.00477e-01
 Reference value :  1.00485e-01
 Reference value :  1.00492e-01
 Reference value :  1.00499e-01
 Reference value :  1.00507e-01
 Reference value :  1.00517e-01
 Reference value :  1.00524e-01
 Reference value :  1.00531e-01
 Reference value :  1.00539e-01
 Reference value :  1.00546e-01
 Reference value :  1.00553e-01
 Reference value :  1.00561e-01
 Reference value :  1.00570e-01
 Reference value :  1.00578e-01
 Reference value :  1.00585e-01
 Reference value :  1.00592e-01
 Reference value :  1.00600e-01
 Reference value :  1.00610e-01
 Reference value :  1.00617e-01
 Reference value :  1.00624e-01
 Reference value :  1.00632e-01
 Reference value :  1.00639e-01
 Reference value :  1.00649e-01
 Reference value :  1.00656e-01
 Reference value :  1.00663e-01
 Reference value :  1.00671e-01
 Reference value :  1.00678e-01
 Reference value :  1.00688e-01
 Reference value :  1.00693e-01
 Reference value :  1.00703e-01
 Reference value :  1.00710e-01
 Reference value :  1.00717e-01
 Reference value :  1.00725e-01
 Reference value :  1.00734e-01
 Reference value :  1.00742e-01
 Reference value :  1.00749e-01
 Reference value :  1.00757e-01
 Reference value :  1.00764e-01
 Reference value :  1.00774e-01
 Reference value :  1.00781e-01
 Reference value :  1.00788e-01
 Reference value :  1.00796e-01
 Reference value :  1.00803e-01
 Reference value :  1.00810e-01
 Reference value :  1.00818e-01
 Reference value :  1.00828e-01
 Reference value :  1.00835e-01
 Reference value :  1.00842e-01
 Reference value :  1.00850e-01
 Reference value :  1.00857e-01
 Reference value :  1.00864e-01
 Reference value :  1.00873e-01
 Reference value :  1.00881e-01
 Reference value :  1.00889e-01
 Reference value :  1.00896e-01
 Reference value :  1.00904e-01
 Reference value :  1.00911e-01
 Reference value :  1.00921e-01
 Reference value :  1.00928e-01
 Reference value :  1.00935e-01
 Reference value :  1.00943e-01
 Reference value :  1.00950e-01
 Reference value :  1.00957e-01
 Reference value :  1.00967e-01
 Reference value :  1.00974e-01
 Reference value :  1.00982e-01
 Reference value :  1.00989e-01
 Reference value :  1.00997e-01
 Reference value :  1.01004e-01
 Reference value :  1.01014e-01
 Reference value :  1.01021e-01
 Reference value :  1.01028e-01
 Reference value :  1.01036e-01
 Reference value :  1.01043e-01
 Reference value :  1.01053e-01
 Reference value :  1.01060e-01
 Reference value :  1.01068e-01
 Reference value :  1.01075e-01
 Reference value :  1.01083e-01
 Reference value :  1.01092e-01
 Reference value :  1.01099e-01
 Reference value :  1.01107e-01
 Reference value :  1.01114e-01
 Reference value :  1.01121e-01
 Reference value :  1.01129e-01
 Reference value :  1.01138e-01
 Reference value :  1.01146e-01
 Reference value :  1.01153e-01
 Reference value :  1.01161e-01
 Reference value :  1.01168e-01
 Reference value :  1.01176e-01
 Reference value :  1.01183e-01
 Reference value :  1.01192e-01
 Reference value :  1.01200e-01
 Reference value :  1.01207e-01
 Reference value :  1.01215e-01
 Reference value :  1.01222e-01
 Reference value :  1.01232e-01
 Reference value :  1.01239e-01
 Reference value :  1.01246e-01
 Reference value :  1.01254e-01
 Reference value :  1.01261e-01
 Reference value :  1.01268e-01
 Reference value :  1.01276e-01
 Reference value :  1.01286e-01
 Reference value :  1.01293e-01
 Reference value :  1.01300e-01
 Reference value :  1.01308e-01
 Reference value :  1.01315e-01
 Reference value :  1.01325e-01
 Reference value :  1.01332e-01
 Reference value :  1.01339e-01
 Reference value :  1.01347e-01
 Reference value :  1.01354e-01
 Reference value :  1.01361e-01
 Reference value :  1.01369e-01
 Reference value :  1.01379e-01
 Reference value :  1.01386e-01
 Reference value :  1.01393e-01
 Reference value :  1.01401e-01
 Reference value :  1.01408e-01
 Reference value :  1.01418e-01
 Reference value :  1.01425e-01
 Reference value :  1.01432e-01
 Reference value :  1.01440e-01
 Reference value :  1.01447e-01
 Reference value :  1.01457e-01
 Reference value :  1.01464e-01
 Reference value :  1.01472e-01
 Reference value :  1.01479e-01
 Reference value :  1.01486e-01
 Reference value :  1.01494e-01
 Reference value :  1.01501e-01
 Reference value :  1.01509e-01
 Reference value :  1.01518e-01
 Reference value :  1.01525e-01
 Reference value :  1.01533e-01
 Reference value :  1.01540e-01
 Reference value :  1.01548e-01
 Reference value :  1.01555e-01
 Reference value :  1.01565e-01
 Reference value :  1.01572e-01
 Reference value :  1.01579e-01
 Reference value :  1.01587e-01
 Reference value :  1.01594e-01
 Reference value :  1.01602e-01
 Reference value :  1.01611e-01
 Reference value :  1.01618e-01
 Reference value :  1.01626e-01
 Reference value :  1.01633e-01
 Reference value :  1.01641e-01
 Reference value :  1.01648e-01
 Reference value :  1.01656e-01
 Reference value :  1.01663e-01
 Reference value :  1.01672e-01
 Reference value :  1.01680e-01
 Reference value :  1.01687e-01
 Reference value :  1.01694e-01
 Reference value :  1.01702e-01
 Reference value :  1.01709e-01
 Reference value :  1.01719e-01
 Reference value :  1.01726e-01
 Reference value :  1.01734e-01
 Reference value :  1.01741e-01
 Reference value :  1.01748e-01
 Reference value :  1.01758e-01
 Reference value :  1.01766e-01
 Reference value :  1.01773e-01
 Reference value :  1.01780e-01
 Reference value :  1.01788e-01
 Reference value :  1.01795e-01
 Reference value :  1.01802e-01
 Reference value :  1.01810e-01
 Reference value :  1.01817e-01
 Reference value :  1.01827e-01
 Reference value :  1.01834e-01
 Reference value :  1.01841e-01
 Reference value :  1.01849e-01
 Reference value :  1.01856e-01
 Reference value :  1.01863e-01
 Reference value :  1.01871e-01
 Reference value :  1.01878e-01
 Reference value :  1.01886e-01
 Reference value :  1.01893e-01
 Reference value :  1.01900e-01
 Reference value :  1.01908e-01
 Reference value :  1.01917e-01
 Reference value :  1.01925e-01
 Reference value :  1.01932e-01
 Reference value :  1.01939e-01
 Reference value :  1.01947e-01
 Reference value :  1.01954e-01
 Reference value :  1.01961e-01
 Reference value :  1.01969e-01
 Reference value :  1.01976e-01
 Reference value :  1.01983e-01
 Reference value :  1.01991e-01
 Reference value :  1.01998e-01
 Reference value :  1.02006e-01
 Reference value :  1.02013e-01
 Reference value :  1.02020e-01
 Reference value :  1.02028e-01
 Reference value :  1.02037e-01
 Reference value :  1.02045e-01
 Reference value :  1.02052e-01
 Reference value :  1.02059e-01
 Reference value :  1.02067e-01
 Reference value :  1.02074e-01
 Reference value :  1.02081e-01
 Reference value :  1.02089e-01
 Reference value :  1.02096e-01
 Reference value :  1.02104e-01
 Reference value :  1.02111e-01
 Reference value :  1.02118e-01
 Reference value :  1.02126e-01
 Reference value :  1.02133e-01
 Reference value :  1.02143e-01
 Reference value :  1.02150e-01
 Reference value :  1.02157e-01
 Reference value :  1.02165e-01
 Reference value :  1.02172e-01
 Reference value :  1.02179e-01
 Reference value :  1.02187e-01
 Reference value :  1.02194e-01
 Reference value :  1.02204e-01
 Reference value :  1.02211e-01
 Reference value :  1.02219e-01
 Reference value :  1.02226e-01
 Reference value :  1.02233e-01
 Reference value :  1.02241e-01
 Reference value :  1.02248e-01
 Reference value :  1.02255e-01
 Reference value :  1.02263e-01
 Reference value :  1.02270e-01
 Reference value :  1.02277e-01
 Reference value :  1.02285e-01
 Reference value :  1.02292e-01
 Reference value :  1.02299e-01
 Reference value :  1.02307e-01
 Reference value :  1.02314e-01
 Reference value :  1.02322e-01
 Reference value :  1.02329e-01
 Reference value :  1.02336e-01
 Reference value :  1.02346e-01
 Reference value :  1.02353e-01
 Reference value :  1.02361e-01
 Reference value :  1.02368e-01
 Reference value :  1.02375e-01
 Reference value :  1.02383e-01
 Reference value :  1.02390e-01
 Reference value :  1.02397e-01
 Reference value :  1.02405e-01
 Reference value :  1.02412e-01
 Reference value :  1.02422e-01
 Reference value :  1.02429e-01
 Reference value :  1.02437e-01
 Reference value :  1.02444e-01
 Reference value :  1.02451e-01
 Reference value :  1.02459e-01
 Reference value :  1.02466e-01
 Reference value :  1.02473e-01
 Reference value :  1.02481e-01
 Reference value :  1.02488e-01
 Reference value :  1.02495e-01
 Reference value :  1.02503e-01
 Reference value :  1.02512e-01
 Reference value :  1.02520e-01
 Reference value :  1.02527e-01
 Reference value :  1.02535e-01
 Reference value :  1.02542e-01
 Reference value :  1.02549e-01
 Reference value :  1.02557e-01
 Reference value :  1.02564e-01
 Reference value :  1.02571e-01
 Reference value :  1.02579e-01
 Reference value :  1.02588e-01
 Reference value :  1.02596e-01
 Reference value :  1.02603e-01
 Reference value :  1.02610e-01
 Reference value :  1.02618e-01
 Reference value :  1.02625e-01
 Reference value :  1.02633e-01
 Reference value :  1.02640e-01
 Reference value :  1.02647e-01
 Reference value :  1.02655e-01
 Reference value :  1.02664e-01
 Reference value :  1.02672e-01
 Reference value :  1.02679e-01
 Reference value :  1.02686e-01
 Reference value :  1.02694e-01
 Reference value :  1.02701e-01
 Reference value :  1.02708e-01
 Reference value :  1.02716e-01
 Reference value :  1.02723e-01
 Reference value :  1.02733e-01
 Reference value :  1.02740e-01
 Reference value :  1.02746e-01
 Reference value :  1.02753e-01
 Reference value :  1.02762e-01
 Reference value :  1.02770e-01
 Reference value :  1.02777e-01
 Reference value :  1.02784e-01
 Reference value :  1.02792e-01
 Reference value :  1.02799e-01
 Reference value :  1.02806e-01
 Reference value :  1.02814e-01
 Reference value :  1.02823e-01
 Reference value :  1.02831e-01
 Reference value :  1.02838e-01
 Reference value :  1.02846e-01
 Reference value :  1.02853e-01
 Reference value :  1.02860e-01
 Reference value :  1.02868e-01
 Reference value :  1.02875e-01
 Reference value :  1.02882e-01
 Reference value :  1.02890e-01
 Reference value :  1.02899e-01
 Reference value :  1.02905e-01
 Reference value :  1.02914e-01
 Reference value :  1.02921e-01
 Reference value :  1.02929e-01
 Reference value :  1.02936e-01
 Reference value :  1.02944e-01
 Reference value :  1.02951e-01
 Reference value :  1.02958e-01
 Reference value :  1.02966e-01
 Reference value :  1.02973e-01
 Reference value :  1.02980e-01
 Reference value :  1.02990e-01
 Reference value :  1.02997e-01
 Reference value :  1.03005e-01
 Reference value :  1.03012e-01
 Reference value :  1.03019e-01
 Reference value :  1.03027e-01
 Reference value :  1.03034e-01
 Reference value :  1.03042e-01
 Reference value :  1.03049e-01
 Reference value :  1.03056e-01
 Reference value :  1.03064e-01
 Reference value :  1.03072e-01
 Reference value :  1.03081e-01
 Reference value :  1.03088e-01
 Reference value :  1.03095e-01
 Reference value :  1.03103e-01
 Reference value :  1.03110e-01
 Reference value :  1.03117e-01
 Reference value :  1.03125e-01
 Reference value :  1.03132e-01
 Reference value :  1.03140e-01
 Reference value :  1.03147e-01
 Reference value :  1.03154e-01
 Reference value :  1.03164e-01
 Reference value :  1.03171e-01
 Reference value :  1.03179e-01
 Reference value :  1.03186e-01
 Reference value :  1.03193e-01
 Reference value :  1.03203e-01
 Reference value :  1.03210e-01
 Reference value :  1.03218e-01
 Reference value :  1.03225e-01
 Reference value :  1.03233e-01
 Reference value :  1.03240e-01
 Reference value :  1.03247e-01
 Reference value :  1.03257e-01
 Reference value :  1.03264e-01
 Reference value :  1.03272e-01
 Reference value :  1.03279e-01
 Reference value :  1.03286e-01
 Reference value :  1.03294e-01
 Reference value :  1.03301e-01
 Reference value :  1.03311e-01
 Reference value :  1.03318e-01
 Reference value :  1.03323e-01
 Reference value :  1.03333e-01
 Reference value :  1.03340e-01
 Reference value :  1.03348e-01
 Reference value :  1.03355e-01
 Reference value :  1.03363e-01
 Reference value :  1.03372e-01
 Reference value :  1.03379e-01
 Reference value :  1.03387e-01
 Reference value :  1.03391e-01
 Reference value :  1.03394e-01
 Reference value :  1.03399e-01
 Reference value :  1.03401e-01
 Reference value :  1.03404e-01
 Reference value :  1.03409e-01
 Reference value :  1.03413e-01
 Reference value :  1.03416e-01
 Reference value :  1.03421e-01
 Reference value :  1.03423e-01
 Reference value :  1.03426e-01
 Reference value :  1.03431e-01
 Reference value :  1.03433e-01
 Reference value :  1.03438e-01
 Reference value :  1.03443e-01
 Reference value :  1.03445e-01
 Reference value :  1.03450e-01
 Reference value :  1.03453e-01
 Reference value :  1.03455e-01
 Reference value :  1.03460e-01
 Reference value :  1.03465e-01
 Reference value :  1.03467e-01
 Reference value :  1.03470e-01
 Reference value :  1.03475e-01
 Reference value :  1.03477e-01
 Reference value :  1.03482e-01
 Reference value :  1.03484e-01
 Reference value :  1.03489e-01
 Reference value :  1.03492e-01
 Reference value :  1.03497e-01
 Reference value :  1.03499e-01
 Reference value :  1.03504e-01
 Reference value :  1.03509e-01
 Reference value :  1.03511e-01
 Reference value :  1.03516e-01
 Reference value :  1.03519e-01
 Reference value :  1.03524e-01
 Reference value :  1.03526e-01
 Reference value :  1.03531e-01
 Reference value :  1.03533e-01
 Reference value :  1.03536e-01
 Reference value :  1.03541e-01
 Reference value :  1.03543e-01
 Reference value :  1.03548e-01
 Reference value :  1.03550e-01
 Reference value :  1.03553e-01
 Reference value :  1.03558e-01
 Reference value :  1.03560e-01
 Reference value :  1.03563e-01
 Reference value :  1.03567e-01
 Reference value :  1.03570e-01
 Reference value :  1.03573e-01
 Reference value :  1.03577e-01
 Reference value :  1.03580e-01
 Reference value :  1.03582e-01
 Reference value :  1.03585e-01
 Reference value :  1.03589e-01
 Reference value :  1.03592e-01
 Reference value :  1.03595e-01
 Reference value :  1.03599e-01
 Reference value :  1.03602e-01
 Reference value :  1.03604e-01
 Reference value :  1.03607e-01
 Reference value :  1.03611e-01
 Reference value :  1.03614e-01
 Reference value :  1.03617e-01
 Reference value :  1.03619e-01
 Reference value :  1.03622e-01
 Reference value :  1.03624e-01
 Reference value :  1.03629e-01
 Reference value :  1.03631e-01
 Reference value :  1.03634e-01
 Reference value :  1.03636e-01
 Reference value :  1.03641e-01
 Reference value :  1.03644e-01
 Reference value :  1.03646e-01
 Reference value :  1.03651e-01
 Reference value :  1.03653e-01
 Reference value :  1.03656e-01
 Reference value :  1.03658e-01
 Reference value :  1.03661e-01
 Reference value :  1.03665e-01
 Reference value :  1.03668e-01
 Reference value :  1.03671e-01
 Reference value :  1.03673e-01
 Reference value :  1.03678e-01
 Reference value :  1.03680e-01
 Reference value :  1.03683e-01
 Reference value :  1.03685e-01
 Reference value :  1.03690e-01
 Reference value :  1.03693e-01
 Reference value :  1.03695e-01
 Reference value :  1.03698e-01
 Reference value :  1.03702e-01
 Reference value :  1.03705e-01
 Reference value :  1.03707e-01
 Reference value :  1.03710e-01
 Reference value :  1.03715e-01
 Reference value :  1.03717e-01
 Reference value :  1.03722e-01
 Reference value :  1.03724e-01
 Reference value :  1.03727e-01
 Reference value :  1.03731e-01
 Reference value :  1.03734e-01
 Reference value :  1.03737e-01
 Reference value :  1.03739e-01
 Reference value :  1.03742e-01
 Reference value :  1.03746e-01
 Reference value :  1.03749e-01
 Reference value :  1.03752e-01
 Reference value :  1.03756e-01
 Reference value :  1.03759e-01
 Reference value :  1.03761e-01
 Reference value :  1.03764e-01
 Reference value :  1.03769e-01
 Reference value :  1.03771e-01
 Reference value :  1.03776e-01
 Reference value :  1.03778e-01
 Reference value :  1.03783e-01
 Reference value :  1.03786e-01
 Reference value :  1.03790e-01
 Reference value :  1.03793e-01
 Reference value :  1.03796e-01
 Reference value :  1.03800e-01
 Reference value :  1.03803e-01
 Reference value :  1.03805e-01
 Reference value :  1.03810e-01
 Reference value :  1.03813e-01
 Reference value :  1.03815e-01
 Reference value :  1.03818e-01
 Reference value :  1.03822e-01
 Reference value :  1.03825e-01
 Reference value :  1.03827e-01
 Reference value :  1.03830e-01
 Reference value :  1.03832e-01
 Reference value :  1.03837e-01
 Reference value :  1.03840e-01
 Reference value :  1.03842e-01
 Reference value :  1.03845e-01
 Reference value :  1.03849e-01
 Reference value :  1.03852e-01
 Reference value :  1.03854e-01
 Reference value :  1.03857e-01
 Reference value :  1.03859e-01
 Reference value :  1.03864e-01
 Reference value :  1.03866e-01
 Reference value :  1.03869e-01
 Reference value :  1.03872e-01
 Reference value :  1.03874e-01
 Reference value :  1.03877e-01
 Reference value :  1.03881e-01
 Reference value :  1.03884e-01
 Reference value :  1.03886e-01
 Reference value :  1.03889e-01
 Reference value :  1.03891e-01
 Reference value :  1.03894e-01
 Reference value :  1.03898e-01
 Reference value :  1.03901e-01
 Reference value :  1.03904e-01
 Reference value :  1.03906e-01
 Reference value :  1.03909e-01
 Reference value :  1.03911e-01
 Reference value :  1.03915e-01
 Reference value :  1.03918e-01
 Reference value :  1.03921e-01
 Reference value :  1.03923e-01
 Reference value :  1.03927e-01
 Reference value :  1.03930e-01
 Reference value :  1.03932e-01
 Reference value :  1.03935e-01
 Reference value :  1.03937e-01
 Reference value :  1.03940e-01
 Reference value :  1.03943e-01
 Reference value :  1.03945e-01
 Reference value :  1.03948e-01
 Reference value :  1.03950e-01
 Reference value :  1.03953e-01
 Reference value :  1.03955e-01
 Reference value :  1.03959e-01
 Reference value :  1.03962e-01
 Reference value :  1.03965e-01
 Reference value :  1.03967e-01
 Reference value :  1.03970e-01
 Reference value :  1.03972e-01
 Reference value :  1.03975e-01
 Reference value :  1.03979e-01
 Reference value :  1.03980e-01
 Reference value :  1.03984e-01
 Reference value :  1.03986e-01
 Reference value :  1.03989e-01
 Reference value :  1.03992e-01
 Reference value :  1.03994e-01
 Reference value :  1.03997e-01
 Reference value :  1.03999e-01
 Reference value :  1.04002e-01
 Reference value :  1.04004e-01
 Reference value :  1.04006e-01
 Reference value :  1.04009e-01
 Reference value :  1.04011e-01
 Reference value :  1.04014e-01
 Reference value :  1.04016e-01
 Reference value :  1.04020e-01
 Reference value :  1.04023e-01
 Reference value :  1.04026e-01
 Reference value :  1.04029e-01
 Reference value :  1.04033e-01
 Reference value :  1.04035e-01
 Reference value :  1.04038e-01
 Reference value :  1.04041e-01
 Reference value :  1.04043e-01
 Reference value :  1.04046e-01
 Reference value :  1.04048e-01
 Reference value :  1.04052e-01
 Reference value :  1.04055e-01
 Reference value :  1.04056e-01
 Reference value :  1.04058e-01
 Reference value :  1.04060e-01
 Reference value :  1.04063e-01
 Reference value :  1.04067e-01
 Reference value :  1.04069e-01
 Reference value :  1.04072e-01
 Reference value :  1.04075e-01
 Reference value :  1.04077e-01
 Reference value :  1.04080e-01
 Reference value :  1.04082e-01
 Reference value :  1.04085e-01
 Reference value :  1.04087e-01
 Reference value :  1.04091e-01
 Reference value :  1.04094e-01
 Reference value :  1.04096e-01
 Reference value :  1.04099e-01
 Reference value :  1.04102e-01
 Reference value :  1.04104e-01
 Reference value :  1.04107e-01
 Reference value :  1.04109e-01
 Reference value :  1.04112e-01
 Reference value :  1.04116e-01
 Reference value :  1.04118e-01
 Reference value :  1.04121e-01
 Reference value :  1.04124e-01
 Reference value :  1.04126e-01
 Reference value :  1.04129e-01
 Reference value :  1.04131e-01
 Reference value :  1.04135e-01
 Reference value :  1.04138e-01
 Reference value :  1.04141e-01
 Reference value :  1.04144e-01
 Reference value :  1.04146e-01
 Reference value :  1.04150e-01
 Reference value :  1.04153e-01
 Reference value :  1.04156e-01
 Reference value :  1.04160e-01
 Reference value :  1.04163e-01
 Reference value :  1.04166e-01
 Reference value :  1.04168e-01
 Reference value :  1.04172e-01
 Reference value :  1.04175e-01
 Reference value :  1.04178e-01
 Reference value :  1.04180e-01
 Reference value :  1.04184e-01
 Reference value :  1.04187e-01
 Reference value :  1.04189e-01
 Reference value :  1.04192e-01
 Reference value :  1.04195e-01
 Reference value :  1.04197e-01
 Reference value :  1.04200e-01
 Reference value :  1.04204e-01
 Reference value :  1.04206e-01
 Reference value :  1.04209e-01
 Reference value :  1.04211e-01
 Reference value :  1.04214e-01
 Reference value :  1.04217e-01
 Reference value :  1.04219e-01
 Reference value :  1.04223e-01
 Reference value :  1.04226e-01
 Reference value :  1.04229e-01
 Reference value :  1.04232e-01
 Reference value :  1.04236e-01
 Reference value :  1.04238e-01
 Reference value :  1.04241e-01
 Reference value :  1.04244e-01
 Reference value :  1.04248e-01
 Reference value :  1.04250e-01
 Reference value :  1.04253e-01
 Reference value :  1.04255e-01
 Reference value :  1.04259e-01
 Reference value :  1.04261e-01
 Reference value :  1.04264e-01
 Reference value :  1.04266e-01
 Reference value :  1.04270e-01
 Reference value :  1.04272e-01
 Reference value :  1.04275e-01
 Reference value :  1.04277e-01
 Reference value :  1.04281e-01
 Reference value :  1.04283e-01
 Reference value :  1.04286e-01
 Reference value :  1.04290e-01
 Reference value :  1.04292e-01
 Reference value :  1.04295e-01
 Reference value :  1.04299e-01
 Reference value :  1.04302e-01
 Reference value :  1.04305e-01
 Reference value :  1.04308e-01
 Reference value :  1.04311e-01
 Reference value :  1.04314e-01
 Reference value :  1.04317e-01
 Reference value :  1.04320e-01
 Reference value :  1.04322e-01
 Reference value :  1.04325e-01
 Reference value :  1.04327e-01
 Reference value :  1.04331e-01
 Reference value :  1.04334e-01
 Reference value :  1.04336e-01
 Reference value :  1.04339e-01
 Reference value :  1.04342e-01
 Reference value :  1.04346e-01
 Reference value :  1.04348e-01
 Reference value :  1.04351e-01
 Reference value :  1.04354e-01
 Reference value :  1.04357e-01
 Reference value :  1.04360e-01
 Reference value :  1.04364e-01
 Reference value :  1.04367e-01
 Reference value :  1.04370e-01
 Reference value :  1.04373e-01
 Reference value :  1.04376e-01
 Reference value :  1.04379e-01
 Reference value :  1.04381e-01
 Reference value :  1.04383e-01
 Reference value :  1.04386e-01
 Reference value :  1.04390e-01
 Reference value :  1.04392e-01
 Reference value :  1.04395e-01
 Reference value :  1.04398e-01
 Reference value :  1.04401e-01
 Reference value :  1.04403e-01
 Reference value :  1.04406e-01
 Reference value :  1.04409e-01
 Reference value :  1.04412e-01
 Reference value :  1.04414e-01
 Reference value :  1.04418e-01
 Reference value :  1.04420e-01
 Reference value :  1.04423e-01
 Reference value :  1.04426e-01
 Reference value :  1.04429e-01
 Reference value :  1.04431e-01
 Reference value :  1.04434e-01
 Reference value :  1.04437e-01
 Reference value :  1.04441e-01
 Reference value :  1.04443e-01
 Reference value :  1.04446e-01
 Reference value :  1.04449e-01
 Reference value :  1.04452e-01
 Reference value :  1.04455e-01
 Reference value :  1.04458e-01
 Reference value :  1.04460e-01
 Reference value :  1.04463e-01
 Reference value :  1.04465e-01
 Reference value :  1.04469e-01
 Reference value :  1.04471e-01
 Reference value :  1.04474e-01
 Reference value :  1.04477e-01
 Reference value :  1.04480e-01
 Reference value :  1.04482e-01
 Reference value :  1.04486e-01
 Reference value :  1.04488e-01
 Reference value :  1.04491e-01
 Reference value :  1.04495e-01
 Reference value :  1.04497e-01
 Reference value :  1.04501e-01
 Reference value :  1.04504e-01
 Reference value :  1.04507e-01
 Reference value :  1.04509e-01
 Reference value :  1.04512e-01
 Reference value :  1.04514e-01
 Reference value :  1.04518e-01
 Reference value :  1.04520e-01
 Reference value :  1.04524e-01
 Reference value :  1.04528e-01
 Reference value :  1.04530e-01
 Reference value :  1.04532e-01
 Reference value :  1.04536e-01
 Reference value :  1.04539e-01
 Reference value :  1.04541e-01
 Reference value :  1.04544e-01
 Reference value :  1.04547e-01
 Reference value :  1.04548e-01
 Reference value :  1.04551e-01
 Reference value :  1.04553e-01
 Reference value :  1.04557e-01
 Reference value :  1.04559e-01
 Reference value :  1.04562e-01
 Reference value :  1.04565e-01
 Reference value :  1.04568e-01
 Reference value :  1.04570e-01
 Reference value :  1.04574e-01
 Reference value :  1.04577e-01
 Reference value :  1.04579e-01
 Reference value :  1.04582e-01
 Reference value :  1.04585e-01
 Reference value :  1.04587e-01
 Reference value :  1.04591e-01
 Reference value :  1.04594e-01
 Reference value :  1.04596e-01
 Reference value :  1.04600e-01
 Reference value :  1.04602e-01
 Reference value :  1.04604e-01
 Reference value :  1.04608e-01
 Reference value :  1.04611e-01
 Reference value :  1.04613e-01
 Reference value :  1.04617e-01
 Reference value :  1.04618e-01
 Reference value :  1.04622e-01
 Reference value :  1.04624e-01
 Reference value :  1.04626e-01
 Reference value :  1.04630e-01
 Reference value :  1.04633e-01
 Reference value :  1.04635e-01
 Reference value :  1.04638e-01
 Reference value :  1.04640e-01
 Reference value :  1.04644e-01
 Reference value :  1.04646e-01
 Reference value :  1.04649e-01
 Reference value :  1.04652e-01
 Reference value :  1.04655e-01
 Reference value :  1.04658e-01
 Reference value :  1.04661e-01
 Reference value :  1.04663e-01
 Reference value :  1.04667e-01
 Reference value :  1.04669e-01
 Reference value :  1.04672e-01
 Reference value :  1.04675e-01
 Reference value :  1.04678e-01
 Reference value :  1.04680e-01
 Reference value :  1.04684e-01
 Reference value :  1.04687e-01
 Reference value :  1.04690e-01
 Reference value :  1.04694e-01
 Reference value :  1.04696e-01
 Reference value :  1.04700e-01
 Reference value :  1.04702e-01
 Reference value :  1.04705e-01
 Reference value :  1.04709e-01
 Reference value :  1.04711e-01
 Reference value :  1.04714e-01
 Reference value :  1.04717e-01
 Reference value :  1.04720e-01
 Reference value :  1.04723e-01
 Reference value :  1.04726e-01
 Reference value :  1.04729e-01
 Reference value :  1.04732e-01
 Reference value :  1.04735e-01
 Reference value :  1.04738e-01
 Reference value :  1.04740e-01
 Reference value :  1.04744e-01
 Reference value :  1.04746e-01
 Reference value :  1.04749e-01
 Reference value :  1.04753e-01
 Reference value :  1.04755e-01
 Reference value :  1.04758e-01
 Reference value :  1.04760e-01
 Reference value :  1.04763e-01
 Reference value :  1.04766e-01
 Reference value :  1.04768e-01
 Reference value :  1.04771e-01
 Reference value :  1.04773e-01
 Reference value :  1.04777e-01
 Reference value :  1.04780e-01
 Reference value :  1.04782e-01
 Reference value :  1.04785e-01
 Reference value :  1.04787e-01
 Reference value :  1.04790e-01
 Reference value :  1.04793e-01
 Reference value :  1.04797e-01
 Reference value :  1.04800e-01
 Reference value :  1.04803e-01
 Reference value :  1.04807e-01
 Reference value :  1.04809e-01
 Reference value :  1.04812e-01
 Reference value :  1.04815e-01
 Reference value :  1.04817e-01
 Reference value :  1.04820e-01
 Reference value :  1.04824e-01
 Reference value :  1.04826e-01
 Reference value :  1.04829e-01
 Reference value :  1.04832e-01
 Reference value :  1.04834e-01
 Reference value :  1.04837e-01
 Reference value :  1.04839e-01
 Reference value :  1.04843e-01
 Reference value :  1.04846e-01
 Reference value :  1.04848e-01
 Reference value :  1.04851e-01
 Reference value :  1.04854e-01
 Reference value :  1.04856e-01
 Reference value :  1.04860e-01
 Reference value :  1.04863e-01
 Reference value :  1.04866e-01
 Reference value :  1.04869e-01
 Reference value :  1.04871e-01
 Reference value :  1.04874e-01
 Reference value :  1.04876e-01
 Reference value :  1.04878e-01
 Reference value :  1.04881e-01
 Reference value :  1.04884e-01
 Reference value :  1.04887e-01
 Reference value :  1.04889e-01
 Reference value :  1.04891e-01
 Reference value :  1.04895e-01
 Reference value :  1.04897e-01
 Reference value :  1.04900e-01
 Reference value :  1.04902e-01
 Reference value :  1.04905e-01
 Reference value :  1.04907e-01
 Reference value :  1.04910e-01
 Reference value :  1.04912e-01
 Reference value :  1.04915e-01
 Reference value :  1.04918e-01
 Reference value :  1.04922e-01
 Reference value :  1.04924e-01
 Reference value :  1.04927e-01
 Reference value :  1.04930e-01
 Reference value :  1.04932e-01
 Reference value :  1.04935e-01
 Reference value :  1.04937e-01
 Reference value :  1.04940e-01
 Reference value :  1.04942e-01
 Reference value :  1.04945e-01
 Reference value :  1.04947e-01
 Reference value :  1.04950e-01
 Reference value :  1.04953e-01
 Reference value :  1.04956e-01
 Reference value :  1.04959e-01
 Reference value :  1.04961e-01
 Reference value :  1.04964e-01
 Reference value :  1.04966e-01
 Reference value :  1.04968e-01
 Reference value :  1.04971e-01
 Reference value :  1.04973e-01
 Reference value :  1.04976e-01
 Reference value :  1.04979e-01
 Reference value :  1.04981e-01
 Reference value :  1.04984e-01
 Reference value :  1.04987e-01
 Reference value :  1.04991e-01
 Reference value :  1.04993e-01
 Reference value :  1.04995e-01
 Reference value :  1.04998e-01
 Reference value :  1.05000e-01
 Reference value :  1.05003e-01
 Reference value :  1.05006e-01
 Reference value :  1.05010e-01
 Reference value :  1.05013e-01
 Reference value :  1.05015e-01
 Reference value :  1.05018e-01
 Reference value :  1.05021e-01
 Reference value :  1.05023e-01
 Reference value :  1.05027e-01
 Reference value :  1.05030e-01
 Reference value :  1.05032e-01
 Reference value :  1.05034e-01
 Reference value :  1.05035e-01
 Reference value :  1.05038e-01
 Reference value :  1.05040e-01
 Reference value :  1.05043e-01
 Reference value :  1.05046e-01
 Reference value :  1.05049e-01
 Reference value :  1.05052e-01
 Reference value :  1.05054e-01
 Reference value :  1.05057e-01
 Reference value :  1.05059e-01
 Reference value :  1.05062e-01
 Reference value :  1.05064e-01
 Reference value :  1.05067e-01
 Reference value :  1.05070e-01
 Reference value :  1.05072e-01
 Reference value :  1.05075e-01
 Reference value :  1.05079e-01
 Reference value :  1.05081e-01
 Reference value :  1.05084e-01
 Reference value :  1.05086e-01
 Reference value :  1.05089e-01
 Reference value :  1.05091e-01
 Reference value :  1.05094e-01
 Reference value :  1.05097e-01
 Reference value :  1.05099e-01
 Reference value :  1.05101e-01
 Reference value :  1.05104e-01
 Reference value :  1.05108e-01
 Reference value :  1.05111e-01
 Reference value :  1.05113e-01
 Reference value :  1.05116e-01
 Reference value :  1.05119e-01
 Reference value :  1.05123e-01
 Reference value :  1.05125e-01
 Reference value :  1.05128e-01
 Reference value :  1.05131e-01
 Reference value :  1.05133e-01
 Reference value :  1.05136e-01
 Reference value :  1.05138e-01
 Reference value :  1.05142e-01
 Reference value :  1.05144e-01
 Reference value :  1.05147e-01
 Reference value :  1.05150e-01
 Reference value :  1.05152e-01
 Reference value :  1.05155e-01
 Reference value :  1.05158e-01
 Reference value :  1.05160e-01
 Reference value :  1.05164e-01
 Reference value :  1.05167e-01
 Reference value :  1.05169e-01
 Reference value :  1.05172e-01
 Reference value :  1.05174e-01
 Reference value :  1.05177e-01
 Reference value :  1.05180e-01
 Reference value :  1.05182e-01
 Reference value :  1.05187e-01
 Reference value :  1.05189e-01
 Reference value :  1.05192e-01
 Reference value :  1.05194e-01
 Reference value :  1.05197e-01
 Reference value :  1.05200e-01
 Reference value :  1.05204e-01
 Reference value :  1.05206e-01
 Reference value :  1.05209e-01
 Reference value :  1.05212e-01
 Reference value :  1.05214e-01
 Reference value :  1.05217e-01
 Reference value :  1.05221e-01
 Reference value :  1.05223e-01
 Reference value :  1.05226e-01
 Reference value :  1.05229e-01
 Reference value :  1.05231e-01
 Reference value :  1.05234e-01
 Reference value :  1.05238e-01
 Reference value :  1.05240e-01
 Reference value :  1.05243e-01
 Reference value :  1.05246e-01
 Reference value :  1.05248e-01
 Reference value :  1.05251e-01
 Reference value :  1.05255e-01
 Reference value :  1.05258e-01
 Reference value :  1.05260e-01
 Reference value :  1.05263e-01
 Reference value :  1.05267e-01
 Reference value :  1.05270e-01
 Reference value :  1.05272e-01
 Reference value :  1.05275e-01
 Reference value :  1.05278e-01
 Reference value :  1.05281e-01
 Reference value :  1.05284e-01
 Reference value :  1.05287e-01
 Reference value :  1.05290e-01
 Reference value :  1.05292e-01
 Reference value :  1.05296e-01
 Reference value :  1.05299e-01
 Reference value :  1.05302e-01
 Reference value :  1.05305e-01
 Reference value :  1.05309e-01
 Reference value :  1.05311e-01
 Reference value :  1.05314e-01
 Reference value :  1.05317e-01
 Reference value :  1.05320e-01
 Reference value :  1.05324e-01
 Reference value :  1.05326e-01
 Reference value :  1.05329e-01
 Reference value :  1.05332e-01
 Reference value :  1.05336e-01
 Reference value :  1.05338e-01
 Reference value :  1.05341e-01
 Reference value :  1.05346e-01
 Reference value :  1.05348e-01
 Reference value :  1.05351e-01
 Reference value :  1.05353e-01
 Reference value :  1.05356e-01
 Reference value :  1.05358e-01
 Reference value :  1.05363e-01
 Reference value :  1.05365e-01
 Reference value :  1.05368e-01
 Reference value :  1.05371e-01
 Reference value :  1.05375e-01
 Reference value :  1.05377e-01
 Reference value :  1.05380e-01
 Reference value :  1.05383e-01
 Reference value :  1.05387e-01
 Reference value :  1.05390e-01
 Reference value :  1.05392e-01
 Reference value :  1.05395e-01
 Reference value :  1.05399e-01
 Reference value :  1.05402e-01
 Reference value :  1.05405e-01
 Reference value :  1.05407e-01
 Reference value :  1.05412e-01
 Reference value :  1.05414e-01
 Reference value :  1.05417e-01
 Reference value :  1.05420e-01
 Reference value :  1.05424e-01
 Reference value :  1.05427e-01
 Reference value :  1.05429e-01
 Reference value :  1.05433e-01
 Reference value :  1.05436e-01
 Reference value :  1.05439e-01
 Reference value :  1.05442e-01
 Reference value :  1.05444e-01
 Reference value :  1.05447e-01
 Reference value :  1.05451e-01
 Reference value :  1.05454e-01
 Reference value :  1.05456e-01
 Reference value :  1.05459e-01
 Reference value :  1.05461e-01
 Reference value :  1.05466e-01
 Reference value :  1.05468e-01
 Reference value :  1.05471e-01
 Reference value :  1.05473e-01
 Reference value :  1.05476e-01
 Reference value :  1.05478e-01
 Reference value :  1.05482e-01
 Reference value :  1.05485e-01
 Reference value :  1.05488e-01
 Reference value :  1.05490e-01
 Reference value :  1.05493e-01
 Reference value :  1.05496e-01
 Reference value :  1.05500e-01
 Reference value :  1.05503e-01
 Reference value :  1.05505e-01
 Reference value :  1.05508e-01
 Reference value :  1.05512e-01
 Reference value :  1.05515e-01
 Reference value :  1.05517e-01
 Reference value :  1.05520e-01
 Reference value :  1.05522e-01
 Reference value :  1.05526e-01
 Reference value :  1.05529e-01
 Reference value :  1.05532e-01
 Reference value :  1.05535e-01
 Reference value :  1.05538e-01
 Reference value :  1.05542e-01
 Reference value :  1.05544e-01
 Reference value :  1.05547e-01
 Reference value :  1.05551e-01
 Reference value :  1.05554e-01
 Reference value :  1.05557e-01
 Reference value :  1.05559e-01
 Reference value :  1.05564e-01
 Reference value :  1.05566e-01
 Reference value :  1.05569e-01
 Reference value :  1.05572e-01
 Reference value :  1.05576e-01
 Reference value :  1.05579e-01
 Reference value :  1.05581e-01
 Reference value :  1.05585e-01
 Reference value :  1.05588e-01
 Reference value :  1.05591e-01
 Reference value :  1.05593e-01
 Reference value :  1.05598e-01
 Reference value :  1.05601e-01
 Reference value :  1.05603e-01
 Reference value :  1.05606e-01
 Reference value :  1.05608e-01
 Reference value :  1.05613e-01
 Reference value :  1.05615e-01
 Reference value :  1.05618e-01
 Reference value :  1.05620e-01
 Reference value :  1.05623e-01
 Reference value :  1.05628e-01
 Reference value :  1.05630e-01
 Reference value :  1.05633e-01
 Reference value :  1.05635e-01
 Reference value :  1.05639e-01
 Reference value :  1.05642e-01
 Reference value :  1.05645e-01
 Reference value :  1.05647e-01
 Reference value :  1.05651e-01
 Reference value :  1.05654e-01
 Reference value :  1.05657e-01
 Reference value :  1.05659e-01
 Reference value :  1.05662e-01
 Reference value :  1.05665e-01
 Reference value :  1.05669e-01
 Reference value :  1.05672e-01
 Reference value :  1.05674e-01
 Reference value :  1.05677e-01
 Reference value :  1.05680e-01
 Reference value :  1.05684e-01
 Reference value :  1.05686e-01
 Reference value :  1.05689e-01
 Reference value :  1.05691e-01
 Reference value :  1.05694e-01
 Reference value :  1.05696e-01
 Reference value :  1.05701e-01
 Reference value :  1.05703e-01
 Reference value :  1.05706e-01
 Reference value :  1.05708e-01
 Reference value :  1.05711e-01
 Reference value :  1.05715e-01
 Reference value :  1.05718e-01
 Reference value :  1.05721e-01
 Reference value :  1.05723e-01
 Reference value :  1.05726e-01
 Reference value :  1.05730e-01
 Reference value :  1.05733e-01
 Reference value :  1.05735e-01
 Reference value :  1.05738e-01
 Reference value :  1.05743e-01
 Reference value :  1.05745e-01
 Reference value :  1.05748e-01
 Reference value :  1.05750e-01
 Reference value :  1.05755e-01
 Reference value :  1.05757e-01
 Reference value :  1.05760e-01
 Reference value :  1.05763e-01
 Reference value :  1.05767e-01
 Reference value :  1.05770e-01
 Reference value :  1.05772e-01
 Reference value :  1.05777e-01
 Reference value :  1.05779e-01
 Reference value :  1.05782e-01
 Reference value :  1.05784e-01
 Reference value :  1.05789e-01
 Reference value :  1.05792e-01
 Reference value :  1.05794e-01
 Reference value :  1.05797e-01
 Reference value :  1.05801e-01
 Reference value :  1.05804e-01
 Reference value :  1.05806e-01
 Reference value :  1.05809e-01
 Reference value :  1.05814e-01
 Reference value :  1.05816e-01
 Reference value :  1.05819e-01
 Reference value :  1.05823e-01
 Reference value :  1.05826e-01
 Reference value :  1.05828e-01
 Reference value :  1.05831e-01
 Reference value :  1.05833e-01
 Reference value :  1.05838e-01
 Reference value :  1.05840e-01
 Reference value :  1.05843e-01
 Reference value :  1.05846e-01
 Reference value :  1.05850e-01
 Reference value :  1.05853e-01
 Reference value :  1.05855e-01
 Reference value :  1.05858e-01
 Reference value :  1.05861e-01
 Reference value :  1.05865e-01
 Reference value :  1.05867e-01
 Reference value :  1.05870e-01
 Reference value :  1.05873e-01
 Reference value :  1.05877e-01
 Reference value :  1.05880e-01
 Reference value :  1.05882e-01
 Reference value :  1.05885e-01
 Reference value :  1.05887e-01
 Reference value :  1.05892e-01
 Reference value :  1.05894e-01
 Reference value :  1.05897e-01
 Reference value :  1.05902e-01
 Reference value :  1.05907e-01
 Reference value :  1.05916e-01
 Reference value :  1.05924e-01
 Reference value :  1.05933e-01
 Reference value :  1.05943e-01
 Reference value :  1.05951e-01
 Reference value :  1.05960e-01
 Reference value :  1.05970e-01
 Reference value :  1.05980e-01
 Reference value :  1.05990e-01
 Reference value :  1.05999e-01
 Reference value :  1.06009e-01
 Reference value :  1.06017e-01
 Reference value :  1.06026e-01
 Reference value :  1.06036e-01
 Reference value :  1.06046e-01
 Reference value :  1.06056e-01
 Reference value :  1.06065e-01
 Reference value :  1.06075e-01
 Reference value :  1.06083e-01
 Reference value :  1.06093e-01
 Reference value :  1.06102e-01
 Reference value :  1.06112e-01
 Reference value :  1.06122e-01
 Reference value :  1.06132e-01
 Reference value :  1.06141e-01
 Reference value :  1.06151e-01
 Reference value :  1.06159e-01
 Reference value :  1.06168e-01
 Reference value :  1.06178e-01
 Reference value :  1.06188e-01
 Reference value :  1.06198e-01
 Reference value :  1.06207e-01
 Reference value :  1.06217e-01
 Reference value :  1.06225e-01
 Reference value :  1.06234e-01
 Reference value :  1.06244e-01
 Reference value :  1.06254e-01
 Reference value :  1.06264e-01
 Reference value :  1.06273e-01
 Reference value :  1.06283e-01
 Reference value :  1.06293e-01
 Reference value :  1.06301e-01
 Reference value :  1.06310e-01
 Reference value :  1.06320e-01
 Reference value :  1.06330e-01
 Reference value :  1.06340e-01
 Reference value :  1.06349e-01
 Reference value :  1.06359e-01
 Reference value :  1.06367e-01
 Reference value :  1.06376e-01
 Reference value :  1.06386e-01
 Reference value :  1.06396e-01
 Reference value :  1.06406e-01
 Reference value :  1.06413e-01
 Reference value :  1.06423e-01
 Reference value :  1.06432e-01
 Reference value :  1.06442e-01
 Reference value :  1.06450e-01
 Reference value :  1.06459e-01
 Reference value :  1.06469e-01
 Reference value :  1.06479e-01
 Reference value :  1.06489e-01
 Reference value :  1.06499e-01
 Reference value :  1.06508e-01
 Reference value :  1.06516e-01
 Reference value :  1.06525e-01
 Reference value :  1.06535e-01
 Reference value :  1.06545e-01
 Reference value :  1.06555e-01
 Reference value :  1.06564e-01
 Reference value :  1.06572e-01
 Reference value :  1.06582e-01
 Reference value :  1.06592e-01
 Reference value :  1.06601e-01
 Reference value :  1.06611e-01
 Reference value :  1.06621e-01
 Reference value :  1.06631e-01
 Reference value :  1.06638e-01
 Reference value :  1.06648e-01
 Reference value :  1.06658e-01
 Reference value :  1.06667e-01
 Reference value :  1.06677e-01
 Reference value :  1.06687e-01
 Reference value :  1.06697e-01
 Reference value :  1.06704e-01
 Reference value :  1.06714e-01
 Reference value :  1.06724e-01
 Reference value :  1.06733e-01
 Reference value :  1.06743e-01
 Reference value :  1.06753e-01
 Reference value :  1.06763e-01
 Reference value :  1.06770e-01
 Reference value :  1.06780e-01
 Reference value :  1.06790e-01
 Reference value :  1.06799e-01
 Reference value :  1.06809e-01
 Reference value :  1.06819e-01
 Reference value :  1.06829e-01
 Reference value :  1.06836e-01
 Reference value :  1.06846e-01
 Reference value :  1.06856e-01
 Reference value :  1.06863e-01
 Reference value :  1.06873e-01
 Reference value :  1.06880e-01
 Reference value :  1.06890e-01
 Reference value :  1.06902e-01
 Reference value :  1.06912e-01
 Reference value :  1.06922e-01
 Reference value :  1.06932e-01
 Reference value :  1.06941e-01
 Reference value :  1.06951e-01
 Reference value :  1.06961e-01
 Reference value :  1.06973e-01
 Reference value :  1.06983e-01
 Reference value :  1.06993e-01
 Reference value :  1.07002e-01
 Reference value :  1.07012e-01
 Reference value :  1.07022e-01
 Reference value :  1.07032e-01
 Reference value :  1.07042e-01
 Reference value :  1.07051e-01
 Reference value :  1.07063e-01
 Reference value :  1.07073e-01
 Reference value :  1.07083e-01
 Reference value :  1.07093e-01
 Reference value :  1.07103e-01
 Reference value :  1.07112e-01
 Reference value :  1.07124e-01
 Reference value :  1.07134e-01
 Reference value :  1.07144e-01
 Reference value :  1.07154e-01
 Reference value :  1.07164e-01
 Reference value :  1.07174e-01
 Reference value :  1.07183e-01
 Reference value :  1.07193e-01
 Reference value :  1.07205e-01
 Reference value :  1.07215e-01
 Reference value :  1.07225e-01
 Reference value :  1.07235e-01
 Reference value :  1.07244e-01
 Reference value :  1.07254e-01
 Reference value :  1.07264e-01
 Reference value :  1.07274e-01
 Reference value :  1.07284e-01
 Reference value :  1.07293e-01
 Reference value :  1.07303e-01
 Reference value :  1.07313e-01
 Reference value :  1.07323e-01
 Reference value :  1.07333e-01
 Reference value :  1.07342e-01
 Reference value :  1.07352e-01
 Reference value :  1.07362e-01
 Reference value :  1.07372e-01
 Reference value :  1.07381e-01
 Reference value :  1.07391e-01
 Reference value :  1.07401e-01
 Reference value :  1.07411e-01
 Reference value :  1.07421e-01
 Reference value :  1.07430e-01
 Reference value :  1.07440e-01
 Reference value :  1.07450e-01
 Reference value :  1.07460e-01
 Reference value :  1.07469e-01
 Reference value :  1.07479e-01
 Reference value :  1.07489e-01
 Reference value :  1.07499e-01
 Reference value :  1.07508e-01
 Reference value :  1.07518e-01
 Reference value :  1.07528e-01
 Reference value :  1.07538e-01
 Reference value :  1.07548e-01
 Reference value :  1.07557e-01
 Reference value :  1.07567e-01
 Reference value :  1.07577e-01
 Reference value :  1.07587e-01
 Reference value :  1.07597e-01
 Reference value :  1.07606e-01
 Reference value :  1.07616e-01
 Reference value :  1.07626e-01
 Reference value :  1.07636e-01
 Reference value :  1.07643e-01
 Reference value :  1.07653e-01
 Reference value :  1.07663e-01
 Reference value :  1.07672e-01
 Reference value :  1.07682e-01
 Reference value :  1.07692e-01
 Reference value :  1.07702e-01
 Reference value :  1.07709e-01
 Reference value :  1.07719e-01
 Reference value :  1.07729e-01
 Reference value :  1.07738e-01
 Reference value :  1.07748e-01
 Reference value :  1.07758e-01
 Reference value :  1.07768e-01
 Reference value :  1.07777e-01
 Reference value :  1.07785e-01
 Reference value :  1.07795e-01
 Reference value :  1.07804e-01
 Reference value :  1.07814e-01
 Reference value :  1.07824e-01
 Reference value :  1.07834e-01
 Reference value :  1.07843e-01
 Reference value :  1.07851e-01
 Reference value :  1.07861e-01
 Reference value :  1.07871e-01
 Reference value :  1.07880e-01
 Reference value :  1.07890e-01
 Reference value :  1.07900e-01
 Reference value :  1.07910e-01
 Reference value :  1.07919e-01
 Reference value :  1.07927e-01
 Reference value :  1.07937e-01
 Reference value :  1.07946e-01
 Reference value :  1.07956e-01
 Reference value :  1.07966e-01
 Reference value :  1.07976e-01
 Reference value :  1.07985e-01
 Reference value :  1.07995e-01
 Reference value :  1.08003e-01
 Reference value :  1.08012e-01
 Reference value :  1.08022e-01
 Reference value :  1.08032e-01
 Reference value :  1.08042e-01
 Reference value :  1.08052e-01
 Reference value :  1.08061e-01
 Reference value :  1.08071e-01
 Reference value :  1.08079e-01
 Reference value :  1.08088e-01
 Reference value :  1.08098e-01
 Reference value :  1.08108e-01
 Reference value :  1.08118e-01
 Reference value :  1.08127e-01
 Reference value :  1.08137e-01
 Reference value :  1.08147e-01
 Reference value :  1.08155e-01
 Reference value :  1.08164e-01
 Reference value :  1.08174e-01
 Reference value :  1.08184e-01
 Reference value :  1.08193e-01
 Reference value :  1.08203e-01
 Reference value :  1.08213e-01
 Reference value :  1.08223e-01
 Reference value :  1.08231e-01
 Reference value :  1.08240e-01
 Reference value :  1.08250e-01
 Reference value :  1.08259e-01
 Reference value :  1.08269e-01
 Reference value :  1.08279e-01
 Reference value :  1.08289e-01
 Reference value :  1.08299e-01
 Reference value :  1.08306e-01
 Reference value :  1.08316e-01
 Reference value :  1.08326e-01
 Reference value :  1.08335e-01
 Reference value :  1.08345e-01
 Reference value :  1.08355e-01
 Reference value :  1.08365e-01
 Reference value :  1.08374e-01
 Reference value :  1.08382e-01
 Reference value :  1.08392e-01
 Reference value :  1.08401e-01
 Reference value :  1.08411e-01
 Reference value :  1.08421e-01
 Reference value :  1.08431e-01
 Reference value :  1.08440e-01
 Reference value :  1.08448e-01
 Reference value :  1.08458e-01
 Reference value :  1.08465e-01
 Reference value :  1.08472e-01
 Reference value :  1.08480e-01
 Reference value :  1.08487e-01
 Reference value :  1.08497e-01
 Reference value :  1.08504e-01
 Reference value :  1.08514e-01
 Reference value :  1.08521e-01
 Reference value :  1.08529e-01
 Reference value :  1.08536e-01
 Reference value :  1.08543e-01
 Reference value :  1.08551e-01
 Reference value :  1.08560e-01
 Reference value :  1.08568e-01
 Reference value :  1.08575e-01
 Reference value :  1.08582e-01
 Reference value :  1.08592e-01
 Reference value :  1.08600e-01
 Reference value :  1.08607e-01
 Reference value :  1.08617e-01
 Reference value :  1.08624e-01
 Reference value :  1.08631e-01
 Reference value :  1.08639e-01
 Reference value :  1.08646e-01
 Reference value :  1.08653e-01
 Reference value :  1.08661e-01
 Reference value :  1.08668e-01
 Reference value :  1.08675e-01
 Reference value :  1.08683e-01
 Reference value :  1.08690e-01
 Reference value :  1.08697e-01
 Reference value :  1.08705e-01
 Reference value :  1.08714e-01
 Reference value :  1.08722e-01
 Reference value :  1.08729e-01
 Reference value :  1.08735e-01
 Reference value :  1.08744e-01
 Reference value :  1.08751e-01
 Reference value :  1.08761e-01
 Reference value :  1.08766e-01
 Reference value :  1.08776e-01
 Reference value :  1.08783e-01
 Reference value :  1.08790e-01
 Reference value :  1.08800e-01
 Reference value :  1.08807e-01
 Reference value :  1.08815e-01
 Reference value :  1.08822e-01
 Reference value :  1.08827e-01
 Reference value :  1.08837e-01
 Reference value :  1.08843e-01
 Reference value :  1.08851e-01
 Reference value :  1.08859e-01
 Reference value :  1.08866e-01
 Reference value :  1.08876e-01
 Reference value :  1.08883e-01
 Reference value :  1.08891e-01
 Reference value :  1.08900e-01
 Reference value :  1.08908e-01
 Reference value :  1.08915e-01
 Reference value :  1.08923e-01
 Reference value :  1.08932e-01
 Reference value :  1.08938e-01
 Reference value :  1.08944e-01
 Reference value :  1.08952e-01
 Reference value :  1.08961e-01
 Reference value :  1.08969e-01
 Reference value :  1.08976e-01
 Reference value :  1.08983e-01
 Reference value :  1.08991e-01
 Reference value :  1.09001e-01
 Reference value :  1.09010e-01
 Reference value :  1.09018e-01
 Reference value :  1.09025e-01
 Reference value :  1.09032e-01
 Reference value :  1.09041e-01
 Reference value :  1.09049e-01
 Reference value :  1.09057e-01
 Reference value :  1.09064e-01
 Reference value :  1.09073e-01
 Reference value :  1.09079e-01
 Reference value :  1.09087e-01
 Reference value :  1.09093e-01
 Reference value :  1.09101e-01
 Reference value :  1.09108e-01
 Reference value :  1.09115e-01
 Reference value :  1.09123e-01
 Reference value :  1.09130e-01
 Reference value :  1.09138e-01
 Reference value :  1.09147e-01
 Reference value :  1.09155e-01
 Reference value :  1.09162e-01
 Reference value :  1.09169e-01
 Reference value :  1.09177e-01
 Reference value :  1.09184e-01
 Reference value :  1.09191e-01
 Reference value :  1.09199e-01
 Reference value :  1.09208e-01
 Reference value :  1.09216e-01
 Reference value :  1.09223e-01
 Reference value :  1.09230e-01
 Reference value :  1.09238e-01
 Reference value :  1.09245e-01
 Reference value :  1.09253e-01
 Reference value :  1.09262e-01
 Reference value :  1.09270e-01
 Reference value :  1.09277e-01
 Reference value :  1.09285e-01
 Reference value :  1.09294e-01
 Reference value :  1.09301e-01
 Reference value :  1.09309e-01
 Reference value :  1.09319e-01
 Reference value :  1.09326e-01
 Reference value :  1.09333e-01
 Reference value :  1.09341e-01
 Reference value :  1.09350e-01
 Reference value :  1.09358e-01
 Reference value :  1.09367e-01
 Reference value :  1.09377e-01
 Reference value :  1.09385e-01
 Reference value :  1.09392e-01
 Reference value :  1.09401e-01
 Reference value :  1.09409e-01
 Reference value :  1.09419e-01
 Reference value :  1.09426e-01
 Reference value :  1.09433e-01
 Reference value :  1.09443e-01
 Reference value :  1.09453e-01
 Reference value :  1.09460e-01
 Reference value :  1.09468e-01
 Reference value :  1.09477e-01
 Reference value :  1.09483e-01
 Reference value :  1.09490e-01
 Reference value :  1.09500e-01
 Reference value :  1.09507e-01
 Reference value :  1.09514e-01
 Reference value :  1.09522e-01
 Reference value :  1.09529e-01
 Reference value :  1.09536e-01
 Reference value :  1.09544e-01
 Reference value :  1.09553e-01
 Reference value :  1.09561e-01
 Reference value :  1.09568e-01
 Reference value :  1.09575e-01
 Reference value :  1.09583e-01
 Reference value :  1.09592e-01
 Reference value :  1.09600e-01
 Reference value :  1.09607e-01
 Reference value :  1.09615e-01
 Reference value :  1.09622e-01
 Reference value :  1.09630e-01
 Reference value :  1.09639e-01
 Reference value :  1.09646e-01
 Reference value :  1.09654e-01
 Reference value :  1.09661e-01
 Reference value :  1.09668e-01
 Reference value :  1.09676e-01
 Reference value :  1.09683e-01
 Reference value :  1.09690e-01
 Reference value :  1.09698e-01
 Reference value :  1.09708e-01
 Reference value :  1.09715e-01
 Reference value :  1.09722e-01
 Reference value :  1.09732e-01
 Reference value :  1.09742e-01
 Reference value :  1.09749e-01
 Reference value :  1.09759e-01
 Reference value :  1.09769e-01
 Reference value :  1.09776e-01
 Reference value :  1.09786e-01
 Reference value :  1.09795e-01
 Reference value :  1.09803e-01
 Reference value :  1.09813e-01
 Reference value :  1.09822e-01
 Reference value :  1.09832e-01
 Reference value :  1.09840e-01
 Reference value :  1.09849e-01
 Reference value :  1.09857e-01
 Reference value :  1.09866e-01
 Reference value :  1.09874e-01
 Reference value :  1.09881e-01
 Reference value :  1.09891e-01
 Reference value :  1.09898e-01
 Reference value :  1.09905e-01
 Reference value :  1.09913e-01
 Reference value :  1.09920e-01
 Reference value :  1.09929e-01
 Reference value :  1.09937e-01
 Reference value :  1.09944e-01
 Reference value :  1.09951e-01
 Reference value :  1.09959e-01
 Reference value :  1.09966e-01
 Reference value :  1.09973e-01
 Reference value :  1.09983e-01
 Reference value :  1.09990e-01
 Reference value :  1.09998e-01
 Reference value :  1.10005e-01
 Reference value :  1.10012e-01
 Reference value :  1.10022e-01
 Reference value :  1.10029e-01
 Reference value :  1.10037e-01
 Reference value :  1.10046e-01
 Reference value :  1.10054e-01
 Reference value :  1.10061e-01
 Reference value :  1.10068e-01
 Reference value :  1.10078e-01
 Reference value :  1.10086e-01
 Reference value :  1.10095e-01
 Reference value :  1.10105e-01
 Reference value :  1.10112e-01
 Reference value :  1.10122e-01
 Reference value :  1.10129e-01
 Reference value :  1.10137e-01
 Reference value :  1.10146e-01
 Reference value :  1.10154e-01
 Reference value :  1.10163e-01
 Reference value :  1.10171e-01
 Reference value :  1.10178e-01
 Reference value :  1.10188e-01
 Reference value :  1.10195e-01
 Reference value :  1.10205e-01
 Reference value :  1.10215e-01
 Reference value :  1.10222e-01
 Reference value :  1.10232e-01
 Reference value :  1.10239e-01
 Reference value :  1.10246e-01
 Reference value :  1.10256e-01
 Reference value :  1.10263e-01
 Reference value :  1.10273e-01
 Reference value :  1.10280e-01
 Reference value :  1.10288e-01
 Reference value :  1.10297e-01
 Reference value :  1.10306e-01
 Reference value :  1.10315e-01
 Reference value :  1.10324e-01
 Reference value :  1.10332e-01
 Reference value :  1.10341e-01
 Reference value :  1.10349e-01
 Reference value :  1.10358e-01
 Reference value :  1.10366e-01
 Reference value :  1.10376e-01
 Reference value :  1.10385e-01
 Reference value :  1.10395e-01
 Reference value :  1.10405e-01
 Reference value :  1.10415e-01
 Reference value :  1.10424e-01
 Reference value :  1.10434e-01
 Reference value :  1.10442e-01
 Reference value :  1.10451e-01
 Reference value :  1.10461e-01
 Reference value :  1.10471e-01
 Reference value :  1.10481e-01
 Reference value :  1.10491e-01
 Reference value :  1.10500e-01
 Reference value :  1.10508e-01
 Reference value :  1.10517e-01
 Reference value :  1.10527e-01
 Reference value :  1.10537e-01
 Reference value :  1.10547e-01
 Reference value :  1.10556e-01
 Reference value :  1.10564e-01
 Reference value :  1.10574e-01
 Reference value :  1.10584e-01
 Reference value :  1.10593e-01
 Reference value :  1.10603e-01
 Reference value :  1.10613e-01
 Reference value :  1.10623e-01
 Reference value :  1.10630e-01
 Reference value :  1.10640e-01
 Reference value :  1.10650e-01
 Reference value :  1.10659e-01
 Reference value :  1.10669e-01
 Reference value :  1.10679e-01
 Reference value :  1.10686e-01
 Reference value :  1.10696e-01
 Reference value :  1.10706e-01
 Reference value :  1.10716e-01
 Reference value :  1.10725e-01
 Reference value :  1.10735e-01
 Reference value :  1.10743e-01
 Reference value :  1.10752e-01
 Reference value :  1.10760e-01
 Reference value :  1.10767e-01
 Reference value :  1.10777e-01
 Reference value :  1.10787e-01
 Reference value :  1.10796e-01
 Reference value :  1.10806e-01
 Reference value :  1.10814e-01
 Reference value :  1.10823e-01
 Reference value :  1.10833e-01
 Reference value :  1.10843e-01
 Reference value :  1.10853e-01
 Reference value :  1.10862e-01
 Reference value :  1.10870e-01
 Reference value :  1.10880e-01
 Reference value :  1.10889e-01
 Reference value :  1.10899e-01
 Reference value :  1.10909e-01
 Reference value :  1.10916e-01
 Reference value :  1.10926e-01
 Reference value :  1.10936e-01
 Reference value :  1.10943e-01
 Reference value :  1.10953e-01
 Reference value :  1.10963e-01
 Reference value :  1.10972e-01
 Reference value :  1.10982e-01
 Reference value :  1.10992e-01
 Reference value :  1.11000e-01
 Reference value :  1.11009e-01
 Reference value :  1.11019e-01
 Reference value :  1.11029e-01
 Reference value :  1.11038e-01
 Reference value :  1.11048e-01
 Reference value :  1.11058e-01
 Reference value :  1.11066e-01
 Reference value :  1.11075e-01
 Reference value :  1.11085e-01
 Reference value :  1.11095e-01
 Reference value :  1.11105e-01
 Reference value :  1.11114e-01
 Reference value :  1.11122e-01
 Reference value :  1.11132e-01
 Reference value :  1.11141e-01
 Reference value :  1.11151e-01
 Reference value :  1.11161e-01
 Reference value :  1.11171e-01
 Reference value :  1.11180e-01
 Reference value :  1.11188e-01
 Reference value :  1.11198e-01
 Reference value :  1.11207e-01
 Reference value :  1.11217e-01
 Reference value :  1.11227e-01
 Reference value :  1.11237e-01
 Reference value :  1.11246e-01
 Reference value :  1.11254e-01
 Reference value :  1.11264e-01
 Reference value :  1.11273e-01
 Reference value :  1.11283e-01
 Reference value :  1.11293e-01
 Reference value :  1.11303e-01
 Reference value :  1.11312e-01
 Reference value :  1.11320e-01
 Reference value :  1.11330e-01
 Reference value :  1.11339e-01
 Reference value :  1.11349e-01
 Reference value :  1.11359e-01
 Reference value :  1.11369e-01
 Reference value :  1.11376e-01
 Reference value :  1.11386e-01
 Reference value :  1.11396e-01
 Reference value :  1.11405e-01
 Reference value :  1.11415e-01
 Reference value :  1.11425e-01
 Reference value :  1.11435e-01
 Reference value :  1.11442e-01
 Reference value :  1.11452e-01
 Reference value :  1.11462e-01
 Reference value :  1.11472e-01
 Reference value :  1.11481e-01
 Reference value :  1.11491e-01
 Reference value :  1.11501e-01
 Reference value :  1.11508e-01
 Reference value :  1.11518e-01
 Reference value :  1.11528e-01
 Reference value :  1.11538e-01
 Reference value :  1.11547e-01
 Reference value :  1.11557e-01
 Reference value :  1.11567e-01
 Reference value :  1.11574e-01
 Reference value :  1.11584e-01
 Reference value :  1.11594e-01
 Reference value :  1.11604e-01
 Reference value :  1.11613e-01
 Reference value :  1.11623e-01
 Reference value :  1.11633e-01
 Reference value :  1.11640e-01
 Reference value :  1.11650e-01
 Reference value :  1.11660e-01
 Reference value :  1.11670e-01
 Reference value :  1.11679e-01
 Reference value :  1.11689e-01
 Reference value :  1.11699e-01
 Reference value :  1.11707e-01
 Reference value :  1.11716e-01
 Reference value :  1.11726e-01
 Reference value :  1.11736e-01
 Reference value :  1.11745e-01
 Reference value :  1.11755e-01
 Reference value :  1.11765e-01
 Reference value :  1.11773e-01
 Reference value :  1.11782e-01
 Reference value :  1.11792e-01
 Reference value :  1.11802e-01
 Reference value :  1.11812e-01
 Reference value :  1.11821e-01
 Reference value :  1.11831e-01
 Reference value :  1.11839e-01
 Reference value :  1.11848e-01
 Reference value :  1.11858e-01
 Reference value :  1.11868e-01
 Reference value :  1.11878e-01
 Reference value :  1.11887e-01
 Reference value :  1.11897e-01
 Reference value :  1.11905e-01
 Reference value :  1.11914e-01
 Reference value :  1.11924e-01
 Reference value :  1.11934e-01
 Reference value :  1.11944e-01
 Reference value :  1.11953e-01
 Reference value :  1.11963e-01
 Reference value :  1.11971e-01
 Reference value :  1.11980e-01
 Reference value :  1.11990e-01
 Reference value :  1.12000e-01
 Reference value :  1.12010e-01
 Reference value :  1.12019e-01
 Reference value :  1.12029e-01
 Reference value :  1.12037e-01
 Reference value :  1.12046e-01
 Reference value :  1.12056e-01
 Reference value :  1.12066e-01
 Reference value :  1.12076e-01
 Reference value :  1.12086e-01
 Reference value :  1.12095e-01
 Reference value :  1.12103e-01
 Reference value :  1.12112e-01
 Reference value :  1.12122e-01
 Reference value :  1.12132e-01
 Reference value :  1.12142e-01
 Reference value :  1.12151e-01
 Reference value :  1.12159e-01
 Reference value :  1.12169e-01
 Reference value :  1.12179e-01
 Reference value :  1.12188e-01
 Reference value :  1.12198e-01
 Reference value :  1.12208e-01
 Reference value :  1.12218e-01
 Reference value :  1.12225e-01
 Reference value :  1.12235e-01
 Reference value :  1.12245e-01
 Reference value :  1.12254e-01
 Reference value :  1.12264e-01
 Reference value :  1.12274e-01
 Reference value :  1.12281e-01
 Reference value :  1.12291e-01
 Reference value :  1.12301e-01
 Reference value :  1.12311e-01
 Reference value :  1.12320e-01
 Reference value :  1.12330e-01
 Reference value :  1.12338e-01
 Reference value :  1.12347e-01
 Reference value :  1.12357e-01
 Reference value :  1.12367e-01
 Reference value :  1.12377e-01
 Reference value :  1.12386e-01
 Reference value :  1.12394e-01
 Reference value :  1.12404e-01
 Reference value :  1.12413e-01
 Reference value :  1.12423e-01
 Reference value :  1.12433e-01
 Reference value :  1.12443e-01
 Reference value :  1.12452e-01
 Reference value :  1.12460e-01
 Reference value :  1.12470e-01
 Reference value :  1.12477e-01
 Reference value :  1.12487e-01
 Reference value :  1.12497e-01
 Reference value :  1.12506e-01
 Reference value :  1.12516e-01
 Reference value :  1.12526e-01
 Reference value :  1.12536e-01
 Reference value :  1.12543e-01
 Reference value :  1.12553e-01
 Reference value :  1.12563e-01
 Reference value :  1.12572e-01
 Reference value :  1.12582e-01
 Reference value :  1.12592e-01
 Reference value :  1.12602e-01
 Reference value :  1.12609e-01
 Reference value :  1.12619e-01
 Reference value :  1.12629e-01
 Reference value :  1.12638e-01
 Reference value :  1.12648e-01
 Reference value :  1.12658e-01
 Reference value :  1.12668e-01
 Reference value :  1.12677e-01
 Reference value :  1.12685e-01
 Reference value :  1.12695e-01
 Reference value :  1.12705e-01
 Reference value :  1.12714e-01
 Reference value :  1.12724e-01
 Reference value :  1.12734e-01
 Reference value :  1.12744e-01
 Reference value :  1.12753e-01
 Reference value :  1.12761e-01
 Reference value :  1.12771e-01
 Reference value :  1.12780e-01
 Reference value :  1.12790e-01
 Reference value :  1.12800e-01
 Reference value :  1.12810e-01
 Reference value :  1.12819e-01
 Reference value :  1.12829e-01
 Reference value :  1.12837e-01
 Reference value :  1.12846e-01
 Reference value :  1.12856e-01
 Reference value :  1.12866e-01
 Reference value :  1.12876e-01
 Reference value :  1.12885e-01
 Reference value :  1.12895e-01
 Reference value :  1.12903e-01
 Reference value :  1.12913e-01
 Reference value :  1.12922e-01
 Reference value :  1.12932e-01
 Reference value :  1.12942e-01
 Reference value :  1.12952e-01
 Reference value :  1.12961e-01
 Reference value :  1.12969e-01
 Reference value :  1.12979e-01
 Reference value :  1.12988e-01
 Reference value :  1.12998e-01
 Reference value :  1.13008e-01
 Reference value :  1.13018e-01
 Reference value :  1.13027e-01
 Reference value :  1.13037e-01
 Reference value :  1.13045e-01
 Reference value :  1.13054e-01
 Reference value :  1.13064e-01
 Reference value :  1.13074e-01
 Reference value :  1.13084e-01
 Reference value :  1.13093e-01
 Reference value :  1.13103e-01
 Reference value :  1.13111e-01
 Reference value :  1.13120e-01
 Reference value :  1.13130e-01
 Reference value :  1.13140e-01
 Reference value :  1.13150e-01
 Reference value :  1.13159e-01
 Reference value :  1.13169e-01
 Reference value :  1.13177e-01
 Reference value :  1.13187e-01
 Reference value :  1.13196e-01
 Reference value :  1.13206e-01
 Reference value :  1.13216e-01
 Reference value :  1.13226e-01
 Reference value :  1.13235e-01
 Reference value :  1.13243e-01
 Reference value :  1.13253e-01
 Reference value :  1.13262e-01
 Reference value :  1.13272e-01
 Reference value :  1.13282e-01
 Reference value :  1.13292e-01
 Reference value :  1.13301e-01
 Reference value :  1.13309e-01
 Reference value :  1.13319e-01
 Reference value :  1.13328e-01
 Reference value :  1.13338e-01
 Reference value :  1.13348e-01
 Reference value :  1.13358e-01
 Reference value :  1.13367e-01
 Reference value :  1.13375e-01
 Reference value :  1.13385e-01
 Reference value :  1.13394e-01
 Reference value :  1.13404e-01
 Reference value :  1.13414e-01
 Reference value :  1.13424e-01
 Reference value :  1.13433e-01
 Reference value :  1.13441e-01
 Reference value :  1.13451e-01
 Reference value :  1.13460e-01
 Reference value :  1.13470e-01
 Reference value :  1.13480e-01
 Reference value :  1.13490e-01
 Reference value :  1.13500e-01
 Reference value :  1.13509e-01
 Reference value :  1.13517e-01
 Reference value :  1.13527e-01
 Reference value :  1.13536e-01
 Reference value :  1.13546e-01
 Reference value :  1.13556e-01
 Reference value :  1.13566e-01
 Reference value :  1.13575e-01
 Reference value :  1.13583e-01
 Reference value :  1.13593e-01
 Reference value :  1.13602e-01
 Reference value :  1.13612e-01
 Reference value :  1.13622e-01
 Reference value :  1.13632e-01
 Reference value :  1.13641e-01
 Reference value :  1.13649e-01
 Reference value :  1.13659e-01
 Reference value :  1.13668e-01
 Reference value :  1.13678e-01
 Reference value :  1.13688e-01
 Reference value :  1.13698e-01
 Reference value :  1.13707e-01
 Reference value :  1.13715e-01
 Reference value :  1.13725e-01
 Reference value :  1.13734e-01
 Reference value :  1.13744e-01
 Reference value :  1.13754e-01
 Reference value :  1.13764e-01
 Reference value :  1.13773e-01
 Reference value :  1.13781e-01
 Reference value :  1.13791e-01
 Reference value :  1.13800e-01
 Reference value :  1.13810e-01
 Reference value :  1.13820e-01
 Reference value :  1.13830e-01
 Reference value :  1.13840e-01
 Reference value :  1.13847e-01
 Reference value :  1.13857e-01
 Reference value :  1.13867e-01
 Reference value :  1.13876e-01
 Reference value :  1.13886e-01
 Reference value :  1.13896e-01
 Reference value :  1.13906e-01
 Reference value :  1.13913e-01
 Reference value :  1.13923e-01
 Reference value :  1.13933e-01
 Reference value :  1.13942e-01
 Reference value :  1.13952e-01
 Reference value :  1.13962e-01
 Reference value :  1.13972e-01
 Reference value :  1.13979e-01
 Reference value :  1.13989e-01
 Reference value :  1.13999e-01
 Reference value :  1.14008e-01
 Reference value :  1.14018e-01
 Reference value :  1.14028e-01
 Reference value :  1.14038e-01
 Reference value :  1.14045e-01
 Reference value :  1.14055e-01
 Reference value :  1.14065e-01
 Reference value :  1.14074e-01
 Reference value :  1.14084e-01
 Reference value :  1.14094e-01
 Reference value :  1.14102e-01
 Reference value :  1.14111e-01
 Reference value :  1.14121e-01
 Reference value :  1.14131e-01
 Reference value :  1.14141e-01
 Reference value :  1.14150e-01
 Reference value :  1.14160e-01
 Reference value :  1.14168e-01
 Reference value :  1.14177e-01
 Reference value :  1.14187e-01
 Reference value :  1.14197e-01
 Reference value :  1.14207e-01
 Reference value :  1.14216e-01
 Reference value :  1.14226e-01
 Reference value :  1.14234e-01
 Reference value :  1.14243e-01
 Reference value :  1.14253e-01
 Reference value :  1.14263e-01
 Reference value :  1.14273e-01
 Reference value :  1.14282e-01
 Reference value :  1.14292e-01
 Reference value :  1.14300e-01
 Reference value :  1.14309e-01
 Reference value :  1.14319e-01
 Reference value :  1.14329e-01
 Reference value :  1.14339e-01
 Reference value :  1.14348e-01
 Reference value :  1.14356e-01
 Reference value :  1.14366e-01
 Reference value :  1.14375e-01
 Reference value :  1.14385e-01
 Reference value :  1.14395e-01
 Reference value :  1.14405e-01
 Reference value :  1.14413e-01
 Reference value :  1.14422e-01
 Reference value :  1.14432e-01
 Reference value :  1.14441e-01
 Reference value :  1.14451e-01
 Reference value :  1.14461e-01
 Reference value :  1.14471e-01
 Reference value :  1.14478e-01
 Reference value :  1.14488e-01
 Reference value :  1.14498e-01
 Reference value :  1.14507e-01
 Reference value :  1.14517e-01
 Reference value :  1.14527e-01
 Reference value :  1.14537e-01
 Reference value :  1.14544e-01
 Reference value :  1.14554e-01
 Reference value :  1.14564e-01
 Reference value :  1.14574e-01
 Reference value :  1.14583e-01
 Reference value :  1.14593e-01
 Reference value :  1.14601e-01
 Reference value :  1.14610e-01
 Reference value :  1.14620e-01
 Reference value :  1.14630e-01
 Reference value :  1.14640e-01
 Reference value :  1.14649e-01
 Reference value :  1.14659e-01
 Reference value :  1.14667e-01
 Reference value :  1.14676e-01
 Reference value :  1.14686e-01
 Reference value :  1.14696e-01
 Reference value :  1.14706e-01
 Reference value :  1.14715e-01
 Reference value :  1.14725e-01
 Reference value :  1.14733e-01
 Reference value :  1.14742e-01
 Reference value :  1.14752e-01
 Reference value :  1.14762e-01
 Reference value :  1.14772e-01
 Reference value :  1.14781e-01
 Reference value :  1.14791e-01
 Reference value :  1.14799e-01
 Reference value :  1.14808e-01
 Reference value :  1.14818e-01
 Reference value :  1.14828e-01
 Reference value :  1.14838e-01
 Reference value :  1.14847e-01
 Reference value :  1.14855e-01
 Reference value :  1.14865e-01
 Reference value :  1.14874e-01
 Reference value :  1.14884e-01
 Reference value :  1.14894e-01
 Reference value :  1.14904e-01
 Reference value :  1.14913e-01
 Reference value :  1.14921e-01
 Reference value :  1.14931e-01
 Reference value :  1.14941e-01
 Reference value :  1.14950e-01
 Reference value :  1.14960e-01
 Reference value :  1.14970e-01
 Reference value :  1.14980e-01
 Reference value :  1.14987e-01
 Reference value :  1.14997e-01
 Reference value :  1.15007e-01
 Reference value :  1.15016e-01
 Reference value :  1.15026e-01
 Reference value :  1.15036e-01
 Reference value :  1.15046e-01
 Reference value :  1.15053e-01
 Reference value :  1.15063e-01
 Reference value :  1.15073e-01
 Reference value :  1.15082e-01
 Reference value :  1.15092e-01
 Reference value :  1.15102e-01
 Reference value :  1.15112e-01
 Reference value :  1.15119e-01
 Reference value :  1.15129e-01
 Reference value :  1.15139e-01
 Reference value :  1.15148e-01
 Reference value :  1.15158e-01
 Reference value :  1.15168e-01
 Reference value :  1.15178e-01
 Reference value :  1.15185e-01
 Reference value :  1.15195e-01
 Reference value :  1.15205e-01
 Reference value :  1.15214e-01
 Reference value :  1.15224e-01
 Reference value :  1.15234e-01
 Reference value :  1.15242e-01
 Reference value :  1.15251e-01
 Reference value :  1.15261e-01
 Reference value :  1.15271e-01
 Reference value :  1.15281e-01
 Reference value :  1.15290e-01
 Reference value :  1.15300e-01
 Reference value :  1.15308e-01
 Reference value :  1.15317e-01
 Reference value :  1.15327e-01
 Reference value :  1.15337e-01
 Reference value :  1.15347e-01
 Reference value :  1.15356e-01
 Reference value :  1.15364e-01
 Reference value :  1.15374e-01
 Reference value :  1.15383e-01
 Reference value :  1.15393e-01
 Reference value :  1.15403e-01
 Reference value :  1.15413e-01
 Reference value :  1.15422e-01
 Reference value :  1.15430e-01
 Reference value :  1.15440e-01
 Reference value :  1.15449e-01
 Reference value :  1.15459e-01
 Reference value :  1.15469e-01
 Reference value :  1.15479e-01
 Reference value :  1.15488e-01
 Reference value :  1.15496e-01
 Reference value :  1.15506e-01
 Reference value :  1.15515e-01
 Reference value :  1.15525e-01
 Reference value :  1.15535e-01
 Reference value :  1.15545e-01
 Reference value :  1.15552e-01
 Reference value :  1.15562e-01
 Reference value :  1.15572e-01
 Reference value :  1.15579e-01
 Reference value :  1.15589e-01
 Reference value :  1.15599e-01
 Reference value :  1.15608e-01
 Reference value :  1.15616e-01
 Reference value :  1.15626e-01
 Reference value :  1.15635e-01
 Reference value :  1.15644e-01
 Reference value :  1.15652e-01
 Reference value :  1.15662e-01
 Reference value :  1.15670e-01
 Reference value :  1.15679e-01
 Reference value :  1.15688e-01
 Reference value :  1.15696e-01
 Reference value :  1.15706e-01
 Reference value :  1.15716e-01
 Reference value :  1.15723e-01
 Reference value :  1.15733e-01
 Reference value :  1.15743e-01
 Reference value :  1.15750e-01
 Reference value :  1.15760e-01
 Reference value :  1.15770e-01
 Reference value :  1.15777e-01
 Reference value :  1.15787e-01
 Reference value :  1.15797e-01
 Reference value :  1.15804e-01
 Reference value :  1.15814e-01
 Reference value :  1.15824e-01
 Reference value :  1.15831e-01
 Reference value :  1.15841e-01
 Reference value :  1.15851e-01
 Reference value :  1.15858e-01
 Reference value :  1.15868e-01
 Reference value :  1.15877e-01
 Reference value :  1.15887e-01
 Reference value :  1.15895e-01
 Reference value :  1.15904e-01
 Reference value :  1.15914e-01
 Reference value :  1.15922e-01
 Reference value :  1.15931e-01
 Reference value :  1.15941e-01
 Reference value :  1.15950e-01
 Reference value :  1.15958e-01
 Reference value :  1.15968e-01
 Reference value :  1.15978e-01
 Reference value :  1.15985e-01
 Reference value :  1.15995e-01
 Reference value :  1.16005e-01
 Reference value :  1.16012e-01
 Reference value :  1.16022e-01
 Reference value :  1.16032e-01
 Reference value :  1.16039e-01
 Reference value :  1.16049e-01
 Reference value :  1.16059e-01
 Reference value :  1.16068e-01
 Reference value :  1.16076e-01
 Reference value :  1.16085e-01
 Reference value :  1.16095e-01
 Reference value :  1.16103e-01
 Reference value :  1.16112e-01
 Reference value :  1.16120e-01
 Reference value :  1.16129e-01
 Reference value :  1.16139e-01
 Reference value :  1.16147e-01
 Reference value :  1.16156e-01
 Reference value :  1.16166e-01
 Reference value :  1.16174e-01
 Reference value :  1.16183e-01
 Reference value :  1.16193e-01
 Reference value :  1.16200e-01
 Reference value :  1.16210e-01
 Reference value :  1.16220e-01
 Reference value :  1.16227e-01
 Reference value :  1.16237e-01
 Reference value :  1.16246e-01
 Reference value :  1.16254e-01
 Reference value :  1.16264e-01
 Reference value :  1.16273e-01
 Reference value :  1.16281e-01
 Reference value :  1.16291e-01
 Reference value :  1.16299e-01
 Reference value :  1.16308e-01
 Reference value :  1.16318e-01
 Reference value :  1.16327e-01
 Reference value :  1.16335e-01
 Reference value :  1.16345e-01
 Reference value :  1.16354e-01
 Reference value :  1.16362e-01
 Reference value :  1.16372e-01
 Reference value :  1.16381e-01
 Reference value :  1.16391e-01
 Reference value :  1.16399e-01
 Reference value :  1.16408e-01
 Reference value :  1.16418e-01
 Reference value :  1.16426e-01
 Reference value :  1.16435e-01
 Reference value :  1.16443e-01
 Reference value :  1.16452e-01
 Reference value :  1.16462e-01
 Reference value :  1.16470e-01
 Reference value :  1.16479e-01
 Reference value :  1.16487e-01
 Reference value :  1.16496e-01
 Reference value :  1.16504e-01
 Reference value :  1.16514e-01
 Reference value :  1.16521e-01
 Reference value :  1.16531e-01
 Reference value :  1.16538e-01
 Reference value :  1.16548e-01
 Reference value :  1.16557e-01
 Reference value :  1.16565e-01
 Reference value :  1.16575e-01
 Reference value :  1.16582e-01
 Reference value :  1.16592e-01
 Reference value :  1.16599e-01
 Reference value :  1.16609e-01
 Reference value :  1.16616e-01
 Reference value :  1.16626e-01
 Reference value :  1.16636e-01
 Reference value :  1.16643e-01
 Reference value :  1.16653e-01
 Reference value :  1.16660e-01
 Reference value :  1.16670e-01
 Reference value :  1.16678e-01
 Reference value :  1.16687e-01
 Reference value :  1.16695e-01
 Reference value :  1.16704e-01
 Reference value :  1.16712e-01
 Reference value :  1.16721e-01
 Reference value :  1.16729e-01
 Reference value :  1.16739e-01
 Reference value :  1.16746e-01
 Reference value :  1.16756e-01
 Reference value :  1.16765e-01
 Reference value :  1.16773e-01
 Reference value :  1.16783e-01
 Reference value :  1.16790e-01
 Reference value :  1.16800e-01
 Reference value :  1.16807e-01
 Reference value :  1.16814e-01
 Reference value :  1.16822e-01
 Reference value :  1.16831e-01
 Reference value :  1.16839e-01
 Reference value :  1.16848e-01
 Reference value :  1.16858e-01
 Reference value :  1.16865e-01
 Reference value :  1.16875e-01
 Reference value :  1.16882e-01
 Reference value :  1.16892e-01
 Reference value :  1.16899e-01
 Reference value :  1.16909e-01
 Reference value :  1.16916e-01
 Reference value :  1.16924e-01
 Reference value :  1.16933e-01
 Reference value :  1.16941e-01
 Reference value :  1.16951e-01
 Reference value :  1.16960e-01
 Reference value :  1.16968e-01
 Reference value :  1.16977e-01
 Reference value :  1.16985e-01
 Reference value :  1.16995e-01
 Reference value :  1.17002e-01
 Reference value :  1.17012e-01
 Reference value :  1.17019e-01
 Reference value :  1.17029e-01
 Reference value :  1.17036e-01
 Reference value :  1.17046e-01
 Reference value :  1.17053e-01
 Reference value :  1.17063e-01
 Reference value :  1.17070e-01
 Reference value :  1.17080e-01
 Reference value :  1.17088e-01
 Reference value :  1.17097e-01
 Reference value :  1.17105e-01
 Reference value :  1.17114e-01
 Reference value :  1.17122e-01
 Reference value :  1.17132e-01
 Reference value :  1.17139e-01
 Reference value :  1.17149e-01
 Reference value :  1.17156e-01
 Reference value :  1.17164e-01
 Reference value :  1.17173e-01
 Reference value :  1.17183e-01
 Reference value :  1.17190e-01
 Reference value :  1.17200e-01
 Reference value :  1.17207e-01
 Reference value :  1.17217e-01
 Reference value :  1.17225e-01
 Reference value :  1.17234e-01
 Reference value :  1.17242e-01
 Reference value :  1.17250e-01
 Reference value :  1.17259e-01
 Reference value :  1.17268e-01
 Reference value :  1.17276e-01
 Reference value :  1.17283e-01
 Reference value :  1.17293e-01
 Reference value :  1.17303e-01
 Reference value :  1.17310e-01
 Reference value :  1.17320e-01
 Reference value :  1.17327e-01
 Reference value :  1.17337e-01
 Reference value :  1.17344e-01
 Reference value :  1.17352e-01
 Reference value :  1.17359e-01
 Reference value :  1.17369e-01
 Reference value :  1.17376e-01
 Reference value :  1.17386e-01
 Reference value :  1.17393e-01
 Reference value :  1.17403e-01
 Reference value :  1.17411e-01
 Reference value :  1.17420e-01
 Reference value :  1.17428e-01
 Reference value :  1.17437e-01
 Reference value :  1.17445e-01
 Reference value :  1.17452e-01
 Reference value :  1.17462e-01
 Reference value :  1.17471e-01
 Reference value :  1.17479e-01
 Reference value :  1.17489e-01
 Reference value :  1.17496e-01
 Reference value :  1.17506e-01
 Reference value :  1.17513e-01
 Reference value :  1.17522e-01
 Reference value :  1.17530e-01
 Reference value :  1.17539e-01
 Reference value :  1.17549e-01
 Reference value :  1.17556e-01
 Reference value :  1.17566e-01
 Reference value :  1.17574e-01
 Reference value :  1.17583e-01
 Reference value :  1.17590e-01
 Reference value :  1.17600e-01
 Reference value :  1.17608e-01
 Reference value :  1.17617e-01
 Reference value :  1.17625e-01
 Reference value :  1.17634e-01
 Reference value :  1.17642e-01
 Reference value :  1.17652e-01
 Reference value :  1.17659e-01
 Reference value :  1.17669e-01
 Reference value :  1.17677e-01
 Reference value :  1.17686e-01
 Reference value :  1.17696e-01
 Reference value :  1.17703e-01
 Reference value :  1.17713e-01
 Reference value :  1.17720e-01
 Reference value :  1.17730e-01
 Reference value :  1.17737e-01
 Reference value :  1.17747e-01
 Reference value :  1.17754e-01
 Reference value :  1.17762e-01
 Reference value :  1.17771e-01
 Reference value :  1.17779e-01
 Reference value :  1.17788e-01
 Reference value :  1.17798e-01
 Reference value :  1.17805e-01
 Reference value :  1.17815e-01
 Reference value :  1.17822e-01
 Reference value :  1.17832e-01
 Reference value :  1.17842e-01
 Reference value :  1.17849e-01
 Reference value :  1.17859e-01
 Reference value :  1.17866e-01
 Reference value :  1.17876e-01
 Reference value :  1.17885e-01
 Reference value :  1.17892e-01
 Reference value :  1.17902e-01
 Reference value :  1.17910e-01
 Reference value :  1.17917e-01
 Reference value :  1.17927e-01
 Reference value :  1.17936e-01
 Reference value :  1.17944e-01
 Reference value :  1.17954e-01
 Reference value :  1.17961e-01
 Reference value :  1.17971e-01
 Reference value :  1.17978e-01
 Reference value :  1.17988e-01
 Reference value :  1.17997e-01
 Reference value :  1.18005e-01
 Reference value :  1.18015e-01
 Reference value :  1.18022e-01
 Reference value :  1.18032e-01
 Reference value :  1.18039e-01
 Reference value :  1.18049e-01
 Reference value :  1.18056e-01
 Reference value :  1.18066e-01
 Reference value :  1.18074e-01
 Reference value :  1.18083e-01
 Reference value :  1.18091e-01
 Reference value :  1.18100e-01
 Reference value :  1.18108e-01
 Reference value :  1.18117e-01
 Reference value :  1.18127e-01
 Reference value :  1.18135e-01
 Reference value :  1.18144e-01
 Reference value :  1.18152e-01
 Reference value :  1.18161e-01
 Reference value :  1.18169e-01
 Reference value :  1.18176e-01
 Reference value :  1.18184e-01
 Reference value :  1.18193e-01
 Reference value :  1.18201e-01
 Reference value :  1.18210e-01
 Reference value :  1.18220e-01
 Reference value :  1.18228e-01
 Reference value :  1.18237e-01
 Reference value :  1.18245e-01
 Reference value :  1.18254e-01
 Reference value :  1.18262e-01
 Reference value :  1.18272e-01
 Reference value :  1.18279e-01
 Reference value :  1.18289e-01
 Reference value :  1.18296e-01
 Reference value :  1.18303e-01
 Reference value :  1.18311e-01
 Reference value :  1.18321e-01
 Reference value :  1.18328e-01
 Reference value :  1.18338e-01
 Reference value :  1.18345e-01
 Reference value :  1.18355e-01
 Reference value :  1.18364e-01
 Reference value :  1.18372e-01
 Reference value :  1.18382e-01
 Reference value :  1.18389e-01
 Reference value :  1.18399e-01
 Reference value :  1.18406e-01
 Reference value :  1.18416e-01
 Reference value :  1.18423e-01
 Reference value :  1.18433e-01
 Reference value :  1.18440e-01
 Reference value :  1.18450e-01
 Reference value :  1.18457e-01
 Reference value :  1.18465e-01
 Reference value :  1.18475e-01
 Reference value :  1.18482e-01
 Reference value :  1.18492e-01
 Reference value :  1.18499e-01
 Reference value :  1.18509e-01
 Reference value :  1.18519e-01
 Reference value :  1.18526e-01
 Reference value :  1.18536e-01
 Reference value :  1.18543e-01
 Reference value :  1.18553e-01
 Reference value :  1.18560e-01
 Reference value :  1.18570e-01
 Reference value :  1.18578e-01
 Reference value :  1.18587e-01
 Reference value :  1.18595e-01
 Reference value :  1.18604e-01
 Reference value :  1.18612e-01
 Reference value :  1.18619e-01
 Reference value :  1.18626e-01
 Reference value :  1.18636e-01
 Reference value :  1.18644e-01
 Reference value :  1.18653e-01
 Reference value :  1.18661e-01
 Reference value :  1.18670e-01
 Reference value :  1.18680e-01
 Reference value :  1.18688e-01
 Reference value :  1.18697e-01
 Reference value :  1.18705e-01
 Reference value :  1.18714e-01
 Reference value :  1.18722e-01
 Reference value :  1.18732e-01
 Reference value :  1.18739e-01
 Reference value :  1.18749e-01
 Reference value :  1.18758e-01
 Reference value :  1.18768e-01
 Reference value :  1.18776e-01
 Reference value :  1.18783e-01
 Reference value :  1.18790e-01
 Reference value :  1.18800e-01
 Reference value :  1.18810e-01
 Reference value :  1.18817e-01
 Reference value :  1.18827e-01
 Reference value :  1.18834e-01
 Reference value :  1.18844e-01
 Reference value :  1.18852e-01
 Reference value :  1.18861e-01
 Reference value :  1.18871e-01
 Reference value :  1.18878e-01
 Reference value :  1.18888e-01
 Reference value :  1.18895e-01
 Reference value :  1.18903e-01
 Reference value :  1.18910e-01
 Reference value :  1.18918e-01
 Reference value :  1.18927e-01
 Reference value :  1.18937e-01
 Reference value :  1.18944e-01
 Reference value :  1.18954e-01
 Reference value :  1.18962e-01
 Reference value :  1.18971e-01
 Reference value :  1.18981e-01
 Reference value :  1.18989e-01
 Reference value :  1.18997e-01
 Reference value :  1.19006e-01
 Reference value :  1.19013e-01
 Reference value :  1.19023e-01
 Reference value :  1.19030e-01
 Reference value :  1.19040e-01
 Reference value :  1.19047e-01
 Reference value :  1.19057e-01
 Reference value :  1.19064e-01
 Reference value :  1.19074e-01
 Reference value :  1.19084e-01
 Reference value :  1.19091e-01
 Reference value :  1.19101e-01
 Reference value :  1.19108e-01
 Reference value :  1.19116e-01
 Reference value :  1.19126e-01
 Reference value :  1.19135e-01
 Reference value :  1.19143e-01
 Reference value :  1.19152e-01
 Reference value :  1.19160e-01
 Reference value :  1.19170e-01
 Reference value :  1.19177e-01
 Reference value :  1.19187e-01
 Reference value :  1.19196e-01
 Reference value :  1.19206e-01
 Reference value :  1.19214e-01
 Reference value :  1.19221e-01
 Reference value :  1.19231e-01
 Reference value :  1.19239e-01
 Reference value :  1.19248e-01
 Reference value :  1.19258e-01
 Reference value :  1.19267e-01
 Reference value :  1.19275e-01
 Reference value :  1.19285e-01
 Reference value :  1.19294e-01
 Reference value :  1.19304e-01
 Reference value :  1.19312e-01
 Reference value :  1.19321e-01
 Reference value :  1.19329e-01
 Reference value :  1.19338e-01
 Reference value :  1.19348e-01
 Reference value :  1.19356e-01
 Reference value :  1.19365e-01
 Reference value :  1.19373e-01
 Reference value :  1.19380e-01
 Reference value :  1.19387e-01
 Reference value :  1.19397e-01
 Reference value :  1.19407e-01
 Reference value :  1.19414e-01
 Reference value :  1.19424e-01
 Reference value :  1.19431e-01
 Reference value :  1.19441e-01
 Reference value :  1.19449e-01
 Reference value :  1.19458e-01
 Reference value :  1.19466e-01
 Reference value :  1.19475e-01
 Reference value :  1.19484e-01
 Reference value :  1.19493e-01
 Reference value :  1.19502e-01
 Reference value :  1.19510e-01
 Reference value :  1.19519e-01
 Reference value :  1.19529e-01
 Reference value :  1.19537e-01
 Reference value :  1.19546e-01
 Reference value :  1.19556e-01
 Reference value :  1.19564e-01
 Reference value :  1.19573e-01
 Reference value :  1.19581e-01
 Reference value :  1.19590e-01
 Reference value :  1.19598e-01
 Reference value :  1.19607e-01
 Reference value :  1.19614e-01
 Reference value :  1.19624e-01
 Reference value :  1.19632e-01
 Reference value :  1.19641e-01
 Reference value :  1.19651e-01
 Reference value :  1.19658e-01
 Reference value :  1.19668e-01
 Reference value :  1.19675e-01
 Reference value :  1.19685e-01
 Reference value :  1.19694e-01
 Reference value :  1.19702e-01
 Reference value :  1.19711e-01
 Reference value :  1.19719e-01
 Reference value :  1.19728e-01
 Reference value :  1.19736e-01
 Reference value :  1.19745e-01
 Reference value :  1.19753e-01
 Reference value :  1.19762e-01
 Reference value :  1.19771e-01
 Reference value :  1.19779e-01
 Reference value :  1.19789e-01
 Reference value :  1.19796e-01
 Reference value :  1.19806e-01
 Reference value :  1.19816e-01
 Reference value :  1.19823e-01
 Reference value :  1.19833e-01
 Reference value :  1.19840e-01
 Reference value :  1.19849e-01
 Reference value :  1.19855e-01
 Reference value :  1.19864e-01
 Reference value :  1.19874e-01
 Reference value :  1.19881e-01
 Reference value :  1.19891e-01
 Reference value :  1.19899e-01
 Reference value :  1.19908e-01
 Reference value :  1.19916e-01
 Reference value :  1.19925e-01
 Reference value :  1.19933e-01
 Reference value :  1.19943e-01
 Reference value :  1.19952e-01
 Reference value :  1.19960e-01
 Reference value :  1.19967e-01
 Reference value :  1.19977e-01
 Reference value :  1.19987e-01
 Reference value :  1.19994e-01
stdout No. of Data Rows : 8050538
stdout sim_end = 1.200000e-01
stdout output_peak         =  1.28190e+01 at=  9.60248e-02
stdout output_min          =  -1.47832e-10 at=  1.73380e-08
stdout inductor_peak       =  5.61065e+00 at=  8.66330e-02
stdout inductor_min        =  -7.00308e-01 at=  8.96386e-02
stdout body_reverse_peak   =  3.59364e+01 at=  2.19858e-02
stdout input_min           =  -2.59867e-06 at=  0.00000e+00
stdout before_loss         =  1.24838e+01 from=  2.00000e-02 to=  2.40001e-02
stdout recovery            =  1.14960e+01 from=  1.15000e-01 to=  1.20000e-01
