stdout Note: gnd in a subcircuit is not set to 0 automatically
stdout Note: Compatibility modes selected: ps
stdout Circuit: ti tps54360 transient model, 5v actual compensation, vin=15.34
stdout Reducing trtol to 1 for xspice 'A' devices
stdout Doing analysis at TEMP = 27.000000 and TNOM = 27.000000
stdout Using KLU as Direct Linear Solver
stdout Initial Transient Solution
stdout --------------------------
stdout Node                                   Voltage
stdout ----                                   -------
stdout vinf                                -0.0044529
stdout xu.set0                                      0
stdout xu.u6_n16588693                           0.86
stdout xu.x_u6_u134.yint                            1
stdout xu.x_u6_u134.e_abmgate_int1                  1
stdout xu.u6_n16564386                              0
stdout xu.sdwn                                      1
stdout xu.u6_n16543632                              1
stdout xu.u6_n16489275                    1.09906e-93
stdout xu.x_u6_u603.x1.yint1                        0
stdout xu.x_u6_u603.x1.e_abmgate1_int1               0
stdout xu.sysclk                                    0
stdout xu.x_u6_u603.x1.yint2                        0
stdout xu.x_u6_u603.x1.yint3                        1
stdout xu.x_u6_u603.x1.e_abmgate2_int1               1
stdout xu.x_u6_u603.clkdel                          1
stdout xu.x_u6_u603.x2.yint                         0
stdout xu.x_u6_u603.x2.e_abmgate_int1               0
stdout xu.x_u6_u603.clkint                          0
stdout xu.x_u6_u603.qint                           -0
stdout xu.x_u6_u603.gq_int1                        -1
stdout xu.u6_pwm                                    0
stdout xu.set1                                      1
stdout xu.x_u6_u603.my5                             1
stdout xu.x_u6_u603.qqq                             0
stdout xu.x_u6_u603.x3.yint1                        0
stdout xu.x_u6_u603.x3.e_abmgate1_int1               0
stdout xu.x_u6_u603.x3.yint2                        0
stdout xu.x_u6_u603.x3.yint3                        0
stdout xu.x_u6_u603.x3.e_abmgate2_int1               0
stdout xu.x_u6_u603.qqqd1                          -0
stdout xu.pwm_clk                                   0
stdout xu.x_u6_u603.qbr                             1
stdout xu.x_u6_u603.eqb_int1                        1
stdout xu.n16528816                                 1
stdout xu.u6_n16489469                    3.43757e-12
stdout xu.e_u6_abm148_int1                3.43757e-12
stdout xu.u6_vrampin                      3.43757e-06
stdout xu.u6_n16502082                      -1.22e-06
stdout xu.e_u6_abm163_int1                  -1.22e-06
stdout xu.u6_n16488977                    2.49722e-06
stdout xu.u6_vramp                        3.43757e-12
stdout xu.u6_iswf                                -0.1
stdout xu.e_u6_abm152_int1                       -0.1
stdout xu.isw                            -4.45299e-10
stdout xu.u6_n16489395                              0
stdout xu.u6_n165858563                         0.024
stdout xu.x_u6_u602.yint                            0
stdout xu.x_u6_u602.e_abmgate_int1                  0
stdout xu.u6_n16575036                              0
stdout xu.boot_uvlo                                 0
stdout xu.u6_ovtp                                   1
stdout xu.u6_n16531938                      -0.111508
stdout xu.e_u6_abm165_int1                  -0.111508
stdout xu.u6_ictrl                          -0.111508
stdout xu.e_u6_abm164_int1                2.49722e-06
stdout comp                                  0.594386
stdout xu.g_u6_abmi4_int1                -0.000343757
stdout xu.if2ia                           0.000343757
stdout xu.e_u6_abm151_int1                          0
stdout xu.pwm_final                                 0
stdout xu.x_u6_u599.yint1                           0
stdout xu.x_u6_u599.e_abmgate1_int1                 0
stdout xu.x_u6_u599.yint2                           0
stdout xu.x_u6_u599.yint3                           1
stdout xu.x_u6_u599.e_abmgate2_int1                 1
stdout xu.u6_n16489527                              1
stdout xu.x_u6_u600.yint                            0
stdout xu.x_u6_u600.e_abm_int1                      0
stdout xu.x_u6_u598.yint                            0
stdout xu.x_u6_u598.e_abmgate_int1                  0
stdout xu.x_u6_u604.inp1                        0.436
stdout xu.x_u6_u604.inm1                       -0.424
stdout xu.vsenseint                        -1.198e-10
stdout xu.x_u6_u604.inm2                       -0.436
stdout xu.x_u6_u604.ehys_int1                  -0.012
stdout xu.x_u6_u604.1                               1
stdout xu.x_u6_u604.eout_int1                       1
stdout xu.u3_n16489962                              1
stdout xu.u3_n16638112                     -1.198e-10
stdout rt                                    0.999996
stdout xu.u3_n16667294                   3.70385e-180
stdout xu.u3_n16667366                   6.31211e-164
stdout xu.u3_n166379101                           0.6
stdout xu.u3_n16638088                            0.6
stdout xu.u3_n16490102                              5
stdout xu.u3_ramp                         5.07254e-05
stdout xu.u3_n16650384                    5.07254e-05
stdout xu.i_rt                            4.16675e-06
stdout xu.u3_n16523619                              1
stdout xu.e_u3_abm164_int1                 -1.198e-10
stdout fb                                  -1.198e-10
stdout xu.x_u3_u6.yint                              1
stdout xu.x_u3_u6.e_abm_int1                        1
stdout xu.u3_n16637796                            0.4
stdout xu.u3_out2                                   1
stdout xu.fsw                             0.000405803
stdout xu.e_u3_abm1_int1                  0.000405803
stdout xu.u3_n16505459                              1
stdout xu.x_u3_u131.yint                            0
stdout xu.x_u3_u131.e_abm_int1                      0
stdout xu.u3_sysclk1                                0
stdout xu.x_u3_u7.yint                              1
stdout xu.x_u3_u7.e_abm_int1                        1
stdout xu.u3_out3                                   1
stdout xu.x_u3_u138.yint                            0
stdout xu.x_u3_u138.e_abmgate_int1                  0
stdout xu.x_u3_u135.yint1                           0
stdout xu.x_u3_u135.e_abmgate1_int1                 0
stdout xu.x_u3_u135.yint2                           0
stdout xu.x_u3_u135.yint3                           0
stdout xu.x_u3_u135.e_abmgate2_int1                 0
stdout xu.u3_n16517387                              0
stdout xu.u3_n16676060                    0.000343757
stdout xu.e_u3_abm166_int1                0.000343757
stdout xu.u3_out1                                   1
stdout xu.u3_n16668029                            0.2
stdout xu.x_u3_u134.yint                            1
stdout xu.x_u3_u134.e_abmgate_int1                  1
stdout xu.u3_n16517226                              1
stdout xu.e_u3_abm165_int1                5.07254e-05
stdout xu.u3_n166679551                           0.2
stdout xu.e_u3_abm7_int1                          0.2
stdout xu.u3_n166378601                           0.4
stdout xu.x_u3_u136.yint                            0
stdout xu.x_u3_u136.e_abmgate_int1                  0
stdout xu.u3_n16667326                              1
stdout xu.x_u3_u8.yint                              1
stdout xu.x_u3_u8.e_abm_int1                        1
stdout xu.e_u3_abm4_int1                          0.4
stdout xu.x_u3_u137.yint1                           0
stdout xu.x_u3_u137.e_abmgate1_int1                 0
stdout xu.x_u3_u137.yint2                           0
stdout xu.x_u3_u137.yint3                           1
stdout xu.x_u3_u137.e_abmgate2_int1                 1
stdout xu.e_u3_abm6_int1                          0.6
stdout xu.x_u8_u606.yint                            0
stdout xu.x_u8_u606.e_abmgate_int1                  0
stdout xu.u8_sdwn_n                                 0
stdout xu.x_u8_u613.yint                            0
stdout xu.x_u8_u613.e_abmgate_int1                  0
stdout xu.u8_n7365280                               0
stdout xu.u8_n73698801                              6
stdout xu.u8_n7345383                               6
stdout xu.u8_n7274256                               0
stdout xu.x_u8_u608.yint                            0
stdout xu.x_u8_u608.e_abmgate_int1                  0
stdout xu.u8_hdrvin                                 0
stdout xu.u8_n7342498                               0
stdout xu.u8_n7274022                               0
stdout xu.x_u8_u602.yint                            1
stdout xu.x_u8_u602.e_abmgate_int1                  1
stdout xu.u8_out                                    0
stdout xu.u8_boot_on                                1
stdout xu.x_u8_u607.yint                            0
stdout xu.x_u8_u607.e_abmgate_int1                  0
stdout xu.u8_ldrv                                   1
stdout xu.enab                                      0
stdout xu.u8_boot_sw_on                             0
stdout xu.x_u8_u612.yint1                           1
stdout xu.x_u8_u612.e_abmgate1_int1                 1
stdout xu.u8_n7274198                               1
stdout xu.x_u8_u612.yint2                           1
stdout xu.x_u8_u612.yint3                           1
stdout xu.x_u8_u612.e_abmgate2_int1                 1
stdout xu.u8_n7343256                               1
stdout xu.x_u8_u609.yint                            1
stdout xu.x_u8_u609.e_abmgate_int1                  1
stdout xu.u8_n7274032                               1
stdout xu.u8_n7273984                      -0.0044529
stdout xu.e_u8_abm2_int1                            6
stdout boot                              -4.04512e-06
stdout xu.x_u8_u610.yint                            1
stdout xu.x_u8_u610.e_abmgate_int1                  1
stdout xu.x_u8_u604.yint                            0
stdout xu.x_u8_u604.e_abmgate_int1                  0
stdout xu.u8_n7347010                    -4.04434e-06
stdout xu.e_u8_abm169_int1               -4.04434e-06
stdout sw                                 -7.7567e-10
stdout xu.x_u8_u611.yint1                           0
stdout xu.x_u8_u611.e_abmgate1_int1                 0
stdout xu.x_u8_u611.yint2                           0
stdout xu.x_u8_u611.yint3                           0
stdout xu.x_u8_u611.e_abmgate2_int1                 0
stdout xu.hdrv                           -7.79714e-10
stdout xu.x_u8_u605.yint                            1
stdout xu.x_u8_u605.e_abmgate_int1                  1
stdout xu.e_u8_abm167_int1                          0
stdout xu.x_u8_u5.yint                             -0
stdout xu.x_u8_u5.e_abm_int1                       -0
stdout xu.u5_n16512904                          7e-05
stdout xu.ocb                                       0
stdout xu.g_u5_abm2i1_int1                -2.6488e-06
stdout xu.vref_gm                             -0.0344
stdout xu.u5_vgm                              7.7e-05
stdout xu.u5_n16513008                              2
stdout xu.u5_n16513064                        7.7e-05
stdout xu.e_u5_abm177_int1                    7.7e-05
stdout xu.x_u5_u603.yint                            0
stdout xu.x_u5_u603.e_abmgate_int1                  0
stdout xu.u5_n16513124                              0
stdout xu.u5_n16512948                          7e-05
stdout xu.u5_n16513186                              0
stdout xu.e_u5_abm8_int1                            0
stdout xu.u5_n16513014                            0.6
stdout xu.x_u5_u614.yint                            0
stdout xu.x_u5_u614.e_abmgate_int1                  0
stdout xu.u5_n16513160                              0
stdout xu.e_u5_abm171_int1                      7e-05
stdout xu.ss_tr                                     0
stdout xu.x_u11_u604.yint                           1
stdout xu.x_u11_u604.e_abmgate_int1                 1
stdout xu.u11_n16496294                             1
stdout xu.ss_disch                                  0
stdout xu.e_u11_abm173_int1                         0
stdout xu.u11_n6045136                              0
stdout xu.x_u11_u601.yint                           1
stdout xu.x_u11_u601.e_abmgate_int1                 1
stdout xu.u11_uvlo                                  1
stdout xu.x_u11_u603.yint                           0
stdout xu.x_u11_u603.e_abmgate_int1                 0
stdout xu.u11_n6045130                              0
stdout xu.u11_n6045018                            4.3
stdout xu.x_u11_u602.yint                           1
stdout xu.x_u11_u602.e_abm_int1                     1
stdout en                                   0.0273425
stdout xu.u1_n7335522                               0
stdout xu.e_u1_abm173_int1                          0
stdout xu.u1_n7335540                               0
stdout xu.e_u1_abm1_int1                            0
stdout xu.g_u1_abmii1_int1                    1.2e-06
stdout xu.u7_indelayed2                   2.43445e-86
stdout xu.u7_n16490100                              1
stdout xu.u7_n16489586                              1
stdout xu.x_u7_u6.yint                              0
stdout xu.x_u7_u6.e_abmgate_int1                    0
stdout xu.u7_or2out2                                0
stdout xu.u7_or2out1                                0
stdout xu.u7_n16489522                              0
stdout xu.u7_indelayed1                   3.64063e-86
stdout xu.x_u7_u826.yint1                           0
stdout xu.x_u7_u826.e_abmgate1_int1                 0
stdout xu.x_u7_u826.yint2                           0
stdout xu.x_u7_u826.yint3                           1
stdout xu.x_u7_u826.e_abmgate2_int1                 1
stdout xu.u7_n16509390                              1
stdout xu.x_u7_u825.yint                            0
stdout xu.x_u7_u825.e_abmgate_int1                  0
stdout xu.u7_n16509288                              0
stdout xu.e_u7_abm13_int1                           1
stdout xu.x_u7_u823.yint                            0
stdout xu.x_u7_u823.e_abmgate_int1                  0
stdout xu.u7_n16497188                              1
stdout xu.x_u7_u827.yint                            0
stdout xu.x_u7_u827.e_abmgate_int1                  0
stdout xu.x_u7_u822.yint1                           0
stdout xu.x_u7_u822.e_abmgate1_int1                 0
stdout xu.x_u7_u822.yint2                           0
stdout xu.x_u7_u822.yint3                           1
stdout xu.x_u7_u822.e_abmgate2_int1                 1
stdout xu.x_u7_u824.yint                            0
stdout xu.x_u7_u824.e_abmgate_int1                  0
stdout xu.u4_n7398284                         -0.0344
stdout xu.e_u4_abm178_int1                    -0.0344
stdout xu.u4_n7404432                         -0.0344
stdout xu.u4_n7398466                               0
stdout xu.e_u4_abm180_int1                          0
stdout xu.u4_n7397990                             1.7
stdout xu.g_u4_abmii1_int1                          0
stdout xu.u4_n16518371                              0
stdout xu.u4_n7404426                         -0.0344
stdout xu.x_u4_u1.yint                              0
stdout xu.x_u4_u1.e_abmgate_int1                    0
stdout xu.u4_n7398492                               0
stdout xu.e_u4_abm179_int1                    -0.0344
stdout xu.u4_n7398290                         -0.0344
stdout xu.g_u4_abmi5_int1                           0
stdout xu.e_u4_abm174_int1                    -0.0344
stdout vout                              -7.64438e-10
stdout cc                                    0.594386
stdout linductor                          -7.7567e-10
stdout c1                                           0
stdout c2                                           0
stdout secp                               -0.00222645
stdout secn                               -0.00222645
stdout acp                                -0.00222645
stdout acn                                -0.00222645
stdout stored                              -0.0044529
stdout bsecondary#branch                 -7.33809e-18
stdout b.xu.be_u4_abm174#branch                     0
stdout b.xu.bg_u4_abmi5#branch                      0
stdout b.xu.be_u4_abm179#branch                     0
stdout b.xu.x_u4_u1.be_abmgate#branch               0
stdout b.xu.bg_u4_abmii1#branch                     0
stdout b.xu.be_u4_abm180#branch                     0
stdout b.xu.be_u4_abm178#branch                     0
stdout b.xu.x_u7_u824.be_abmgate#branch               0
stdout b.xu.x_u7_u822.be_abmgate2#branch               0
stdout b.xu.x_u7_u822.be_abmgate1#branch               0
stdout b.xu.x_u7_u827.be_abmgate#branch               0
stdout b.xu.x_u7_u823.be_abmgate#branch               0
stdout b.xu.be_u7_abm13#branch                      0
stdout b.xu.x_u7_u825.be_abmgate#branch               0
stdout b.xu.x_u7_u826.be_abmgate2#branch               0
stdout b.xu.x_u7_u826.be_abmgate1#branch               0
stdout b.xu.x_u7_u6.be_abmgate#branch               0
stdout b.xu.bg_u1_abmii1#branch                     0
stdout b.xu.be_u1_abm1#branch                       0
stdout b.xu.be_u1_abm173#branch                     0
stdout b.xu.x_u11_u602.be_abm#branch                0
stdout b.xu.x_u11_u603.be_abmgate#branch               0
stdout b.xu.x_u11_u601.be_abmgate#branch               0
stdout b.xu.be_u11_abm173#branch                    0
stdout b.xu.x_u11_u604.be_abmgate#branch               0
stdout b.xu.be_u5_abm171#branch                     0
stdout b.xu.x_u5_u614.be_abmgate#branch               0
stdout b.xu.be_u5_abm8#branch                       0
stdout b.xu.x_u5_u603.be_abmgate#branch               0
stdout b.xu.be_u5_abm177#branch                     0
stdout b.xu.bg_u5_abm2i1#branch                     0
stdout b.xu.x_u8_u5.be_abm#branch                   0
stdout b.xu.be_u8_abm167#branch                     0
stdout b.xu.x_u8_u605.be_abmgate#branch               0
stdout b.xu.x_u8_u611.be_abmgate2#branch               0
stdout b.xu.x_u8_u611.be_abmgate1#branch               0
stdout b.xu.be_u8_abm169#branch                     0
stdout b.xu.x_u8_u604.be_abmgate#branch               0
stdout b.xu.x_u8_u610.be_abmgate#branch               0
stdout b.xu.be_u8_abm2#branch                       0
stdout b.xu.x_u8_u609.be_abmgate#branch               0
stdout b.xu.x_u8_u612.be_abmgate2#branch               0
stdout b.xu.x_u8_u612.be_abmgate1#branch               0
stdout b.xu.x_u8_u607.be_abmgate#branch               0
stdout b.xu.x_u8_u602.be_abmgate#branch               0
stdout b.xu.x_u8_u608.be_abmgate#branch               0
stdout b.xu.x_u8_u613.be_abmgate#branch               0
stdout b.xu.x_u8_u606.be_abmgate#branch               0
stdout b.xu.be_u3_abm6#branch                       0
stdout b.xu.x_u3_u137.be_abmgate2#branch               0
stdout b.xu.x_u3_u137.be_abmgate1#branch               0
stdout b.xu.be_u3_abm4#branch                       0
stdout b.xu.x_u3_u8.be_abm#branch                   0
stdout b.xu.x_u3_u136.be_abmgate#branch               0
stdout b.xu.be_u3_abm7#branch                       0
stdout b.xu.be_u3_abm165#branch                     0
stdout v.xu.v_u3_v44#branch              -4.16675e-06
stdout b.xu.x_u3_u134.be_abmgate#branch               0
stdout b.xu.be_u3_abm166#branch                     0
stdout b.xu.x_u3_u135.be_abmgate2#branch               0
stdout b.xu.x_u3_u135.be_abmgate1#branch               0
stdout b.xu.x_u3_u138.be_abmgate#branch               0
stdout b.xu.x_u3_u7.be_abm#branch                   0
stdout b.xu.x_u3_u131.be_abm#branch                 0
stdout b.xu.be_u3_abm1#branch                       0
stdout b.xu.x_u3_u6.be_abm#branch                   0
stdout b.xu.be_u3_abm164#branch                     0
stdout b.xu.x_u6_u604.beout#branch                  0
stdout b.xu.x_u6_u604.behys#branch                  0
stdout b.xu.x_u6_u598.be_abmgate#branch               0
stdout b.xu.x_u6_u600.be_abm#branch                 0
stdout b.xu.x_u6_u599.be_abmgate2#branch               0
stdout b.xu.x_u6_u599.be_abmgate1#branch               0
stdout b.xu.be_u6_abm151#branch                     0
stdout b.xu.bg_u6_abmi4#branch                      0
stdout b.xu.be_u6_abm164#branch                     0
stdout b.xu.be_u6_abm165#branch                     0
stdout b.xu.x_u6_u602.be_abmgate#branch               0
stdout b.xu.be_u6_abm152#branch                     0
stdout b.xu.be_u6_abm163#branch                     0
stdout b.xu.be_u6_abm148#branch                     0
stdout b.xu.x_u6_u603.beqb#branch                   0
stdout b.xu.x_u6_u603.x3.be_abmgate2#branch               0
stdout b.xu.x_u6_u603.x3.be_abmgate1#branch               0
stdout b.xu.x_u6_u603.bgq#branch                    0
stdout b.xu.x_u6_u603.x2.be_abmgate#branch               0
stdout b.xu.x_u6_u603.x1.be_abmgate2#branch               0
stdout b.xu.x_u6_u603.x1.be_abmgate1#branch               0
stdout b.xu.x_u6_u134.be_abmgate#branch               0
stdout h.xu.x_u8_h1.h_u8_h1#branch                  0
stdout v.xu.x_u8_h1.vh_u8_h1#branch      -4.45299e-10
stdout h.xu.x_u3_h1.h_u3_h1#branch        -8.3335e-06
stdout v.xu.x_u3_h1.vh_u3_h1#branch      -4.16675e-06
stdout l1#branch                         -4.49286e-10
stdout e.xu.e_u4_abm174#branch                      0
stdout e.xu.e_u4_abm179#branch                      0
stdout e.xu.x_u4_u1.e_abmgate#branch                0
stdout e.xu.e_u4_abm180#branch                      0
stdout e.xu.e_u4_abm178#branch                      0
stdout e.xu.x_u7_u824.e_abmgate#branch               0
stdout e.xu.x_u7_u822.e_abmgate2#branch               0
stdout e.xu.x_u7_u822.e_abmgate1#branch               0
stdout e.xu.x_u7_u827.e_abmgate#branch               0
stdout e.xu.x_u7_u823.e_abmgate#branch               0
stdout e.xu.e_u7_abm13#branch                       0
stdout e.xu.x_u7_u825.e_abmgate#branch               0
stdout e.xu.x_u7_u826.e_abmgate2#branch               0
stdout e.xu.x_u7_u826.e_abmgate1#branch               0
stdout e.xu.x_u7_u6.e_abmgate#branch                0
stdout e.xu.e_u1_abm1#branch                        0
stdout e.xu.e_u1_abm173#branch            3.12449e-10
stdout e.xu.x_u11_u602.e_abm#branch                 0
stdout e.xu.x_u11_u603.e_abmgate#branch               0
stdout e.xu.x_u11_u601.e_abmgate#branch               0
stdout e.xu.e_u11_abm173#branch                     0
stdout e.xu.x_u11_u604.e_abmgate#branch               0
stdout e.xu.e_u5_abm171#branch                      0
stdout e.xu.x_u5_u614.e_abmgate#branch               0
stdout e.xu.e_u5_abm8#branch                        0
stdout e.xu.x_u5_u603.e_abmgate#branch               0
stdout e.xu.e_u5_abm177#branch                      0
stdout e.xu.x_u8_u5.e_abm#branch                    0
stdout e.xu.e_u8_abm167#branch                      0
stdout e.xu.x_u8_u605.e_abmgate#branch               0
stdout e.xu.x_u8_u611.e_abmgate2#branch               0
stdout e.xu.x_u8_u611.e_abmgate1#branch               0
stdout e.xu.e_u8_abm169#branch                      0
stdout e.xu.x_u8_u604.e_abmgate#branch               0
stdout e.xu.x_u8_u610.e_abmgate#branch               0
stdout e.xu.e_u8_abm2#branch                        0
stdout e.xu.x_u8_u609.e_abmgate#branch      -1.001e-09
stdout e.xu.x_u8_u612.e_abmgate2#branch               0
stdout e.xu.x_u8_u612.e_abmgate1#branch               0
stdout e.xu.x_u8_u607.e_abmgate#branch               0
stdout e.xu.x_u8_u602.e_abmgate#branch               0
stdout e.xu.x_u8_u608.e_abmgate#branch               0
stdout e.xu.x_u8_u613.e_abmgate#branch               0
stdout e.xu.x_u8_u606.e_abmgate#branch               0
stdout e.xu.e_u3_abm6#branch                        0
stdout e.xu.x_u3_u137.e_abmgate2#branch               0
stdout e.xu.x_u3_u137.e_abmgate1#branch               0
stdout e.xu.e_u3_abm4#branch                        0
stdout e.xu.x_u3_u8.e_abm#branch                    0
stdout e.xu.x_u3_u136.e_abmgate#branch    3.70385e-180
stdout e.xu.e_u3_abm7#branch                        0
stdout e.xu.e_u3_abm165#branch                      0
stdout e.xu.x_u3_u134.e_abmgate#branch      -1.001e-09
stdout e.xu.e_u3_abm166#branch                      0
stdout e.xu.x_u3_u135.e_abmgate2#branch               0
stdout e.xu.x_u3_u135.e_abmgate1#branch               0
stdout e.xu.x_u3_u138.e_abmgate#branch               0
stdout e.xu.x_u3_u7.e_abm#branch                    0
stdout e.xu.x_u3_u131.e_abm#branch                  0
stdout e.xu.e_u3_abm1#branch                        0
stdout e.xu.x_u3_u6.e_abm#branch                    0
stdout e.xu.e_u3_abm164#branch                      0
stdout e.xu.x_u6_u604.eout#branch                   0
stdout e.xu.x_u6_u604.ehys#branch            4.36e-05
stdout e.xu.x_u6_u604.ein#branch            -4.36e-05
stdout e.xu.x_u6_u598.e_abmgate#branch               0
stdout e.xu.x_u6_u600.e_abm#branch                  0
stdout e.xu.x_u6_u599.e_abmgate2#branch               0
stdout e.xu.x_u6_u599.e_abmgate1#branch               0
stdout e.xu.e_u6_abm151#branch           9.98037e-109
stdout e.xu.e_u6_abm164#branch                      0
stdout e.xu.e_u6_abm165#branch                      0
stdout e.xu.x_u6_u602.e_abmgate#branch               0
stdout e.xu.e_u6_abm152#branch                      0
stdout e.xu.e_u6_abm163#branch                      0
stdout e.xu.e_u6_abm148#branch                      0
stdout e.xu.x_u6_u603.eqb#branch                    0
stdout e.xu.x_u6_u603.x3.e_abmgate2#branch               0
stdout e.xu.x_u6_u603.x3.e_abmgate1#branch               0
stdout e.xu.x_u6_u603.eq#branch                     0
stdout e.xu.x_u6_u603.x2.e_abmgate#branch               0
stdout e.xu.x_u6_u603.x1.e_abmgate2#branch               0
stdout e.xu.x_u6_u603.x1.e_abmgate1#branch               0
stdout e.xu.x_u6_u134.e_abmgate#branch      -1.001e-09
stdout v.xu.v_u4_v70#branch                -1.701e-12
stdout v.xu.v_u11_v64#branch                        0
stdout v.xu.v_u5_v5#branch                -2.6696e-06
stdout v.xu.v_u5_v6#branch               -1.40661e-12
stdout v.xu.v_u3_v45#branch              -5.07254e-05
stdout v.xu.v_u3_v46#branch                         0
stdout v.xu.v_v46#branch                            0
stdout v.xu.v_u6_v2#branch                          0
stdout v.xu.x_u6_u603.v1#branch            -1.001e-12
stdout v.xu.v_u6_v1#branch                          0
stdout v.xu.v_v47#branch                            0
 Reference value :  2.38170e-04
 Reference value :  6.34420e-04
 Reference value :  1.03492e-03
 Reference value :  1.43842e-03
 Reference value :  1.83517e-03
 Reference value :  2.23266e-03
 Reference value :  2.62966e-03
 Reference value :  2.74298e-03
 Reference value :  2.80072e-03
 Reference value :  2.85855e-03
 Reference value :  2.87768e-03
 Reference value :  2.89023e-03
 Reference value :  2.90665e-03
 Reference value :  2.92840e-03
 Reference value :  2.93949e-03
 Reference value :  2.97373e-03
 Reference value :  2.99305e-03
 Reference value :  3.01296e-03
 Reference value :  3.03311e-03
 Reference value :  3.05259e-03
 Reference value :  3.08957e-03
 Reference value :  3.10875e-03
 Reference value :  3.12936e-03
 Reference value :  3.14873e-03
 Reference value :  3.17727e-03
 Reference value :  3.19830e-03
 Reference value :  3.22417e-03
 Reference value :  3.24338e-03
 Reference value :  3.26260e-03
 Reference value :  3.28201e-03
 Reference value :  3.30290e-03
 Reference value :  3.32227e-03
 Reference value :  3.34160e-03
 Reference value :  3.37497e-03
 Reference value :  3.39695e-03
 Reference value :  3.41636e-03
 Reference value :  3.43688e-03
 Reference value :  3.45765e-03
 Reference value :  3.47717e-03
 Reference value :  3.51231e-03
 Reference value :  3.53177e-03
 Reference value :  3.55094e-03
 Reference value :  3.57321e-03
 Reference value :  3.59252e-03
 Reference value :  3.62821e-03
 Reference value :  3.64747e-03
 Reference value :  3.66660e-03
 Reference value :  3.68926e-03
 Reference value :  3.70859e-03
 Reference value :  3.72800e-03
 Reference value :  3.76309e-03
 Reference value :  3.78256e-03
 Reference value :  3.80558e-03
 Reference value :  3.82509e-03
 Reference value :  3.85169e-03
 Reference value :  3.86144e-03
 Reference value :  3.87304e-03
 Reference value :  3.89033e-03
 Reference value :  3.90186e-03
 Reference value :  3.91173e-03
 Reference value :  3.92160e-03
 Reference value :  3.93870e-03
 Reference value :  3.94843e-03
 Reference value :  3.96005e-03
 Reference value :  3.96999e-03
 Reference value :  3.98706e-03
 Reference value :  3.99680e-03
 Reference value :  4.00876e-03
 Reference value :  4.02565e-03
 Reference value :  4.03544e-03
 Reference value :  4.04751e-03
 Reference value :  4.06442e-03
 Reference value :  4.07427e-03
 Reference value :  4.08593e-03
 Reference value :  4.10266e-03
 Reference value :  4.11245e-03
 Reference value :  4.12453e-03
 Reference value :  4.14128e-03
 Reference value :  4.15098e-03
 Reference value :  4.16307e-03
 Reference value :  4.17306e-03
 Reference value :  4.18968e-03
 Reference value :  4.19928e-03
 Reference value :  4.20904e-03
 Reference value :  4.22148e-03
 Reference value :  4.23803e-03
 Reference value :  4.24769e-03
 Reference value :  4.25877e-03
 Reference value :  4.26983e-03
 Reference value :  4.27949e-03
 Reference value :  4.29599e-03
 Reference value :  4.30835e-03
 Reference value :  4.31837e-03
 Reference value :  4.33472e-03
 Reference value :  4.34735e-03
 Reference value :  4.36358e-03
 Reference value :  4.37339e-03
 Reference value :  4.38310e-03
 Reference value :  4.39568e-03
 Reference value :  4.41074e-03
 Reference value :  4.42168e-03
 Reference value :  4.43446e-03
 Reference value :  4.45059e-03
 Reference value :  4.46023e-03
 Reference value :  4.47292e-03
 Reference value :  4.48892e-03
 Reference value :  4.49868e-03
 Reference value :  4.51152e-03
 Reference value :  4.52756e-03
 Reference value :  4.53385e-03
 Reference value :  4.54036e-03
 Reference value :  4.54826e-03
 Reference value :  4.55322e-03
 Reference value :  4.55969e-03
 Reference value :  4.56777e-03
 Reference value :  4.57261e-03
 Reference value :  4.57906e-03
 Reference value :  4.58703e-03
 Reference value :  4.59193e-03
 Reference value :  4.59840e-03
 Reference value :  4.60347e-03
 Reference value :  4.61128e-03
 Reference value :  4.61621e-03
 Reference value :  4.62271e-03
 Reference value :  4.63064e-03
 Reference value :  4.63549e-03
 Reference value :  4.64199e-03
 Reference value :  4.65003e-03
 Reference value :  4.65490e-03
 Reference value :  4.66148e-03
 Reference value :  4.66943e-03
 Reference value :  4.67437e-03
 Reference value :  4.68095e-03
 Reference value :  4.68881e-03
 Reference value :  4.69374e-03
 Reference value :  4.70021e-03
 Reference value :  4.70525e-03
 Reference value :  4.71313e-03
 Reference value :  4.71802e-03
 Reference value :  4.72463e-03
 Reference value :  4.73249e-03
 Reference value :  4.73736e-03
 Reference value :  4.74402e-03
 Reference value :  4.75176e-03
 Reference value :  4.75663e-03
 Reference value :  4.76153e-03
 Reference value :  4.76823e-03
 Reference value :  4.77594e-03
 Reference value :  4.78100e-03
 Reference value :  4.78748e-03
 Reference value :  4.79535e-03
 Reference value :  4.80027e-03
 Reference value :  4.80695e-03
 Reference value :  4.81477e-03
 Reference value :  4.81970e-03
 Reference value :  4.82632e-03
 Reference value :  4.83403e-03
 Reference value :  4.84076e-03
 Reference value :  4.84602e-03
 Reference value :  4.85347e-03
 Reference value :  4.85869e-03
 Reference value :  4.86803e-03
 Reference value :  4.87291e-03
 Reference value :  4.87977e-03
 Reference value :  4.88741e-03
 Reference value :  4.89334e-03
 Reference value :  4.89912e-03
 Reference value :  4.90676e-03
 Reference value :  4.91367e-03
 Reference value :  4.91856e-03
 Reference value :  4.92629e-03
 Reference value :  4.93114e-03
 Reference value :  4.93798e-03
 Reference value :  4.94557e-03
 Reference value :  4.95047e-03
 Reference value :  4.95539e-03
 Reference value :  4.96032e-03
 Reference value :  4.96717e-03
 Reference value :  4.97479e-03
 Reference value :  4.97962e-03
 Reference value :  4.98643e-03
 Reference value :  4.99155e-03
 Reference value :  4.99890e-03
 Reference value :  5.00566e-03
 Reference value :  5.01071e-03
 Reference value :  5.01570e-03
 Reference value :  5.02315e-03
 Reference value :  5.03007e-03
 Reference value :  5.03756e-03
 Reference value :  5.04246e-03
 Reference value :  5.04932e-03
 Reference value :  5.05432e-03
 Reference value :  5.06179e-03
 Reference value :  5.06662e-03
 Reference value :  5.07360e-03
 Reference value :  5.08109e-03
 Reference value :  5.08592e-03
 Reference value :  5.09284e-03
 Reference value :  5.10045e-03
 Reference value :  5.10535e-03
 Reference value :  5.11239e-03
 Reference value :  5.11979e-03
 Reference value :  5.12467e-03
 Reference value :  5.13162e-03
 Reference value :  5.13915e-03
 Reference value :  5.14404e-03
 Reference value :  5.15114e-03
 Reference value :  5.15844e-03
 Reference value :  5.16092e-03
 Reference value :  5.16443e-03
 Reference value :  5.16695e-03
 Reference value :  5.17071e-03
 Reference value :  5.17318e-03
 Reference value :  5.17672e-03
 Reference value :  5.18047e-03
 Reference value :  5.18403e-03
 Reference value :  5.18659e-03
 Reference value :  5.19025e-03
 Reference value :  5.19280e-03
 Reference value :  5.19628e-03
 Reference value :  5.20002e-03
 Reference value :  5.20249e-03
 Reference value :  5.20608e-03
 Reference value :  5.20965e-03
 Reference value :  5.21234e-03
 Reference value :  5.21588e-03
 Reference value :  5.21963e-03
 Reference value :  5.22213e-03
 Reference value :  5.22573e-03
 Reference value :  5.22950e-03
 Reference value :  5.23212e-03
 Reference value :  5.23556e-03
 Reference value :  5.23932e-03
 Reference value :  5.24179e-03
 Reference value :  5.24538e-03
 Reference value :  5.24906e-03
 Reference value :  5.25151e-03
 Reference value :  5.25509e-03
 Reference value :  5.25779e-03
 Reference value :  5.26128e-03
 Reference value :  5.26372e-03
 Reference value :  5.26619e-03
 Reference value :  5.26980e-03
 Reference value :  5.27346e-03
 Reference value :  5.27596e-03
 Reference value :  5.27952e-03
 Reference value :  5.28321e-03
 Reference value :  5.28568e-03
 Reference value :  5.28814e-03
 Reference value :  5.29174e-03
 Reference value :  5.29541e-03
 Reference value :  5.29792e-03
 Reference value :  5.30154e-03
 Reference value :  5.30457e-03
 Reference value :  5.30772e-03
 Reference value :  5.31130e-03
 Reference value :  5.31383e-03
 Reference value :  5.31754e-03
 Reference value :  5.31998e-03
 Reference value :  5.32359e-03
 Reference value :  5.32723e-03
 Reference value :  5.32976e-03
 Reference value :  5.33336e-03
 Reference value :  5.33584e-03
 Reference value :  5.33957e-03
 Reference value :  5.34321e-03
 Reference value :  5.34689e-03
 Reference value :  5.34942e-03
 Reference value :  5.35300e-03
 Reference value :  5.35668e-03
 Reference value :  5.35922e-03
 Reference value :  5.36280e-03
 Reference value :  5.36647e-03
 Reference value :  5.36893e-03
 Reference value :  5.37254e-03
 Reference value :  5.37625e-03
 Reference value :  5.37870e-03
 Reference value :  5.38231e-03
 Reference value :  5.38596e-03
 Reference value :  5.38848e-03
 Reference value :  5.39217e-03
 Reference value :  5.39570e-03
 Reference value :  5.39825e-03
 Reference value :  5.40293e-03
 Reference value :  5.40546e-03
 Reference value :  5.40799e-03
 Reference value :  5.41159e-03
 Reference value :  5.41512e-03
 Reference value :  5.41773e-03
 Reference value :  5.42141e-03
 Reference value :  5.42505e-03
 Reference value :  5.42753e-03
 Reference value :  5.43119e-03
 Reference value :  5.43483e-03
 Reference value :  5.43732e-03
 Reference value :  5.44122e-03
 Reference value :  5.44463e-03
 Reference value :  5.44824e-03
 Reference value :  5.45190e-03
 Reference value :  5.45546e-03
 Reference value :  5.45913e-03
 Reference value :  5.46162e-03
 Reference value :  5.46527e-03
 Reference value :  5.46884e-03
 Reference value :  5.47139e-03
 Reference value :  5.47508e-03
 Reference value :  5.47756e-03
 Reference value :  5.48119e-03
 Reference value :  5.48369e-03
 Reference value :  5.48740e-03
 Reference value :  5.49098e-03
 Reference value :  5.49356e-03
 Reference value :  5.49718e-03
 Reference value :  5.50079e-03
 Reference value :  5.50445e-03
 Reference value :  5.50814e-03
 Reference value :  5.51063e-03
 Reference value :  5.51431e-03
 Reference value :  5.51790e-03
 Reference value :  5.52159e-03
 Reference value :  5.52520e-03
 Reference value :  5.52767e-03
 Reference value :  5.53141e-03
 Reference value :  5.53498e-03
 Reference value :  5.53746e-03
 Reference value :  5.54002e-03
 Reference value :  5.54370e-03
 Reference value :  5.54717e-03
 Reference value :  5.54975e-03
 Reference value :  5.55352e-03
 Reference value :  5.55709e-03
 Reference value :  5.55958e-03
 Reference value :  5.56327e-03
 Reference value :  5.56573e-03
 Reference value :  5.56933e-03
 Reference value :  5.57180e-03
 Reference value :  5.57556e-03
 Reference value :  5.57914e-03
 Reference value :  5.58285e-03
 Reference value :  5.58528e-03
 Reference value :  5.58879e-03
 Reference value :  5.59125e-03
 Reference value :  5.59494e-03
 Reference value :  5.59744e-03
 Reference value :  5.60097e-03
 Reference value :  5.60350e-03
 Reference value :  5.60595e-03
 Reference value :  5.60971e-03
 Reference value :  5.61324e-03
 Reference value :  5.61698e-03
 Reference value :  5.62048e-03
 Reference value :  5.62298e-03
 Reference value :  5.62673e-03
 Reference value :  5.63030e-03
 Reference value :  5.63277e-03
 Reference value :  5.63647e-03
 Reference value :  5.63986e-03
 Reference value :  5.64247e-03
 Reference value :  5.64499e-03
 Reference value :  5.64869e-03
 Reference value :  5.65224e-03
 Reference value :  5.65590e-03
 Reference value :  5.65956e-03
 Reference value :  5.66322e-03
 Reference value :  5.66581e-03
 Reference value :  5.66930e-03
 Reference value :  5.67285e-03
 Reference value :  5.67659e-03
 Reference value :  5.67915e-03
 Reference value :  5.68283e-03
 Reference value :  5.68635e-03
 Reference value :  5.68883e-03
 Reference value :  5.69134e-03
 Reference value :  5.69505e-03
 Reference value :  5.69860e-03
 Reference value :  5.70110e-03
 Reference value :  5.70590e-03
 Reference value :  5.70836e-03
 Reference value :  5.71211e-03
 Reference value :  5.71558e-03
 Reference value :  5.71809e-03
 Reference value :  5.72181e-03
 Reference value :  5.72432e-03
 Reference value :  5.72789e-03
 Reference value :  5.73167e-03
 Reference value :  5.73498e-03
 Reference value :  5.73763e-03
 Reference value :  5.74139e-03
 Reference value :  5.74385e-03
 Reference value :  5.74738e-03
 Reference value :  5.75121e-03
 Reference value :  5.75381e-03
 Reference value :  5.75713e-03
 Reference value :  5.75962e-03
 Reference value :  5.76344e-03
 Reference value :  5.76690e-03
 Reference value :  5.76970e-03
 Reference value :  5.77407e-03
 Reference value :  5.77674e-03
 Reference value :  5.78056e-03
 Reference value :  5.78406e-03
 Reference value :  5.78652e-03
 Reference value :  5.78900e-03
 Reference value :  5.79284e-03
 Reference value :  5.79630e-03
 Reference value :  5.79879e-03
 Reference value :  5.80264e-03
 Reference value :  5.80607e-03
 Reference value :  5.80989e-03
 Reference value :  5.81234e-03
 Reference value :  5.81583e-03
 Reference value :  5.81836e-03
 Reference value :  5.82219e-03
 Reference value :  5.82567e-03
 Reference value :  5.82812e-03
 Reference value :  5.83198e-03
 Reference value :  5.83538e-03
 Reference value :  5.83796e-03
 Reference value :  5.84076e-03
 Reference value :  5.84430e-03
 Reference value :  5.84675e-03
 Reference value :  5.85019e-03
 Reference value :  5.85400e-03
 Reference value :  5.85651e-03
 Reference value :  5.85997e-03
 Reference value :  5.86250e-03
 Reference value :  5.86627e-03
 Reference value :  5.86977e-03
 Reference value :  5.87225e-03
 Reference value :  5.87614e-03
 Reference value :  5.87954e-03
 Reference value :  5.88204e-03
 Reference value :  5.88589e-03
 Reference value :  5.88932e-03
 Reference value :  5.89180e-03
 Reference value :  5.89427e-03
 Reference value :  5.89817e-03
 Reference value :  5.90162e-03
 Reference value :  5.90417e-03
 Reference value :  5.90791e-03
 Reference value :  5.91137e-03
 Reference value :  5.91391e-03
 Reference value :  5.91769e-03
 Reference value :  5.92114e-03
 Reference value :  5.92494e-03
 Reference value :  5.92842e-03
 Reference value :  5.93091e-03
 Reference value :  5.93414e-03
 Reference value :  5.93737e-03
 Reference value :  5.94068e-03
 Reference value :  5.94365e-03
 Reference value :  5.94796e-03
 Reference value :  5.95054e-03
 Reference value :  5.95432e-03
 Reference value :  5.95776e-03
 Reference value :  5.96025e-03
 Reference value :  5.96412e-03
 Reference value :  5.96756e-03
 Reference value :  5.97005e-03
 Reference value :  5.97392e-03
 Reference value :  5.97731e-03
 Reference value :  5.97984e-03
 Reference value :  5.98364e-03
 Reference value :  5.98658e-03
 Reference value :  5.98958e-03
 Reference value :  5.99345e-03
 Reference value :  5.99670e-03
 Reference value :  5.99936e-03
 Reference value :  6.00320e-03
 Reference value :  6.00663e-03
 Reference value :  6.00914e-03
 Reference value :  6.01306e-03
 Reference value :  6.01651e-03
 Reference value :  6.01900e-03
 Reference value :  6.02290e-03
 Reference value :  6.02629e-03
 Reference value :  6.02879e-03
 Reference value :  6.03266e-03
 Reference value :  6.03604e-03
 Reference value :  6.03849e-03
 Reference value :  6.04238e-03
 Reference value :  6.04579e-03
 Reference value :  6.04846e-03
 Reference value :  6.05216e-03
 Reference value :  6.05552e-03
 Reference value :  6.05798e-03
 Reference value :  6.06189e-03
 Reference value :  6.06529e-03
 Reference value :  6.06915e-03
 Reference value :  6.07254e-03
 Reference value :  6.07505e-03
 Reference value :  6.07895e-03
 Reference value :  6.08236e-03
 Reference value :  6.08493e-03
 Reference value :  6.08875e-03
 Reference value :  6.09117e-03
 Reference value :  6.09461e-03
 Reference value :  6.09853e-03
 Reference value :  6.10193e-03
 Reference value :  6.10578e-03
 Reference value :  6.10920e-03
 Reference value :  6.11169e-03
 Reference value :  6.11558e-03
 Reference value :  6.11897e-03
 Reference value :  6.12285e-03
 Reference value :  6.12621e-03
 Reference value :  6.13007e-03
 Reference value :  6.13261e-03
 Reference value :  6.13518e-03
 Reference value :  6.13848e-03
 Reference value :  6.14229e-03
 Reference value :  6.14486e-03
 Reference value :  6.14822e-03
 Reference value :  6.15068e-03
 Reference value :  6.15316e-03
 Reference value :  6.15712e-03
 Reference value :  6.16004e-03
 Reference value :  6.16293e-03
 Reference value :  6.16683e-03
 Reference value :  6.16935e-03
 Reference value :  6.17270e-03
 Reference value :  6.17516e-03
 Reference value :  6.17909e-03
 Reference value :  6.18155e-03
 Reference value :  6.18490e-03
 Reference value :  6.18736e-03
 Reference value :  6.18988e-03
 Reference value :  6.19370e-03
 Reference value :  6.19711e-03
 Reference value :  6.19962e-03
 Reference value :  6.20347e-03
 Reference value :  6.20677e-03
 Reference value :  6.20934e-03
 Reference value :  6.21329e-03
 Reference value :  6.21577e-03
 Reference value :  6.21912e-03
 Reference value :  6.22160e-03
 Reference value :  6.22550e-03
 Reference value :  6.22883e-03
 Reference value :  6.23130e-03
 Reference value :  6.23375e-03
 Reference value :  6.23772e-03
 Reference value :  6.24103e-03
 Reference value :  6.24359e-03
 Reference value :  6.24745e-03
 Reference value :  6.25079e-03
 Reference value :  6.25327e-03
 Reference value :  6.25718e-03
 Reference value :  6.26055e-03
 Reference value :  6.26302e-03
 Reference value :  6.26694e-03
 Reference value :  6.26944e-03
 Reference value :  6.27192e-03
 Reference value :  6.27523e-03
 Reference value :  6.27917e-03
 Reference value :  6.28168e-03
 Reference value :  6.28498e-03
 Reference value :  6.28747e-03
 Reference value :  6.29136e-03
 Reference value :  6.29392e-03
 Reference value :  6.29726e-03
 Reference value :  6.29974e-03
 Reference value :  6.30371e-03
 Reference value :  6.30619e-03
 Reference value :  6.30947e-03
 Reference value :  6.31200e-03
 Reference value :  6.31590e-03
 Reference value :  6.31930e-03
 Reference value :  6.32179e-03
 Reference value :  6.32426e-03
 Reference value :  6.32823e-03
 Reference value :  6.33156e-03
 Reference value :  6.33536e-03
 Reference value :  6.33795e-03
 Reference value :  6.34132e-03
 Reference value :  6.34392e-03
 Reference value :  6.34774e-03
 Reference value :  6.35115e-03
 Reference value :  6.35360e-03
 Reference value :  6.35756e-03
 Reference value :  6.36093e-03
 Reference value :  6.36339e-03
 Reference value :  6.36737e-03
 Reference value :  6.36983e-03
 Reference value :  6.37316e-03
 Reference value :  6.37565e-03
 Reference value :  6.37960e-03
 Reference value :  6.38301e-03
 Reference value :  6.38552e-03
 Reference value :  6.38941e-03
 Reference value :  6.39184e-03
 Reference value :  6.39520e-03
 Reference value :  6.39916e-03
 Reference value :  6.40246e-03
 Reference value :  6.40496e-03
 Reference value :  6.40892e-03
 Reference value :  6.41225e-03
 Reference value :  6.41470e-03
 Reference value :  6.41869e-03
 Reference value :  6.42197e-03
 Reference value :  6.42454e-03
 Reference value :  6.42706e-03
 Reference value :  6.43093e-03
 Reference value :  6.43424e-03
 Reference value :  6.43673e-03
 Reference value :  6.44069e-03
 Reference value :  6.44314e-03
 Reference value :  6.44649e-03
 Reference value :  6.44898e-03
 Reference value :  6.45291e-03
 Reference value :  6.45590e-03
 Reference value :  6.45870e-03
 Reference value :  6.46115e-03
 Reference value :  6.46360e-03
 Reference value :  6.46755e-03
 Reference value :  6.47083e-03
 Reference value :  6.47336e-03
 Reference value :  6.47581e-03
 Reference value :  6.47978e-03
 Reference value :  6.48307e-03
 Reference value :  6.48562e-03
 Reference value :  6.48959e-03
 Reference value :  6.49290e-03
 Reference value :  6.49540e-03
 Reference value :  6.49930e-03
 Reference value :  6.50257e-03
 Reference value :  6.50504e-03
 Reference value :  6.50900e-03
 Reference value :  6.51234e-03
 Reference value :  6.51483e-03
 Reference value :  6.51873e-03
 Reference value :  6.52124e-03
 Reference value :  6.52459e-03
 Reference value :  6.52704e-03
 Reference value :  6.53099e-03
 Reference value :  6.53430e-03
 Reference value :  6.53714e-03
 Reference value :  6.54077e-03
 Reference value :  6.54410e-03
 Reference value :  6.54663e-03
 Reference value :  6.55051e-03
 Reference value :  6.55383e-03
 Reference value :  6.55633e-03
 Reference value :  6.56021e-03
 Reference value :  6.56269e-03
 Reference value :  6.56602e-03
 Reference value :  6.56853e-03
 Reference value :  6.57242e-03
 Reference value :  6.57576e-03
 Reference value :  6.57820e-03
 Reference value :  6.58071e-03
 Reference value :  6.58464e-03
 Reference value :  6.58794e-03
 Reference value :  6.59042e-03
 Reference value :  6.59350e-03
 Reference value :  6.59687e-03
 Reference value :  6.60018e-03
 Reference value :  6.60261e-03
 Reference value :  6.60656e-03
 Reference value :  6.60988e-03
 Reference value :  6.61236e-03
 Reference value :  6.61622e-03
 Reference value :  6.61875e-03
 Reference value :  6.62214e-03
 Reference value :  6.62610e-03
 Reference value :  6.62945e-03
 Reference value :  6.63213e-03
 Reference value :  6.63592e-03
 Reference value :  6.63921e-03
 Reference value :  6.64170e-03
 Reference value :  6.64566e-03
 Reference value :  6.64896e-03
 Reference value :  6.65285e-03
 Reference value :  6.65544e-03
 Reference value :  6.65873e-03
 Reference value :  6.66127e-03
 Reference value :  6.66523e-03
 Reference value :  6.66852e-03
 Reference value :  6.67106e-03
 Reference value :  6.67497e-03
 Reference value :  6.67830e-03
 Reference value :  6.68080e-03
 Reference value :  6.68476e-03
 Reference value :  6.68726e-03
 Reference value :  6.69052e-03
 Reference value :  6.69298e-03
 Reference value :  6.69697e-03
 Reference value :  6.69946e-03
 Reference value :  6.70283e-03
 Reference value :  6.70583e-03
 Reference value :  6.70929e-03
 Reference value :  6.71259e-03
 Reference value :  6.71656e-03
 Reference value :  6.71979e-03
 Reference value :  6.72237e-03
 Reference value :  6.72625e-03
 Reference value :  6.72875e-03
 Reference value :  6.73208e-03
 Reference value :  6.73453e-03
 Reference value :  6.73850e-03
 Reference value :  6.74178e-03
 Reference value :  6.74432e-03
 Reference value :  6.74680e-03
 Reference value :  6.75077e-03
 Reference value :  6.75327e-03
 Reference value :  6.75656e-03
 Reference value :  6.75902e-03
 Reference value :  6.76296e-03
 Reference value :  6.76629e-03
 Reference value :  6.76877e-03
 Reference value :  6.77145e-03
 Reference value :  6.77522e-03
 Reference value :  6.77855e-03
 Reference value :  6.78102e-03
 Reference value :  6.78369e-03
 Reference value :  6.78763e-03
 Reference value :  6.79079e-03
 Reference value :  6.79344e-03
 Reference value :  6.79724e-03
 Reference value :  6.80056e-03
 Reference value :  6.80309e-03
 Reference value :  6.80693e-03
 Reference value :  6.80945e-03
 Reference value :  6.81276e-03
 Reference value :  6.81527e-03
 Reference value :  6.81927e-03
 Reference value :  6.82257e-03
 Reference value :  6.82509e-03
 Reference value :  6.82894e-03
 Reference value :  6.83231e-03
 Reference value :  6.83482e-03
 Reference value :  6.83871e-03
 Reference value :  6.84205e-03
 Reference value :  6.84588e-03
 Reference value :  6.84849e-03
 Reference value :  6.85183e-03
 Reference value :  6.85431e-03
 Reference value :  6.85676e-03
 Reference value :  6.86077e-03
 Reference value :  6.86410e-03
 Reference value :  6.86684e-03
 Reference value :  6.87059e-03
 Reference value :  6.87386e-03
 Reference value :  6.87640e-03
 Reference value :  6.88032e-03
 Reference value :  6.88368e-03
 Reference value :  6.88621e-03
 Reference value :  6.89010e-03
 Reference value :  6.89264e-03
 Reference value :  6.89585e-03
 Reference value :  6.89980e-03
 Reference value :  6.90315e-03
 Reference value :  6.90698e-03
 Reference value :  6.90959e-03
 Reference value :  6.91291e-03
 Reference value :  6.91535e-03
 Reference value :  6.91933e-03
 Reference value :  6.92268e-03
 Reference value :  6.92514e-03
 Reference value :  6.92909e-03
 Reference value :  6.93176e-03
 Reference value :  6.93491e-03
 Reference value :  6.93887e-03
 Reference value :  6.94159e-03
 Reference value :  6.94462e-03
 Reference value :  6.94859e-03
 Reference value :  6.95194e-03
 Reference value :  6.95444e-03
 Reference value :  6.95842e-03
 Reference value :  6.96154e-03
 Reference value :  6.96422e-03
 Reference value :  6.96820e-03
 Reference value :  6.97070e-03
 Reference value :  6.97403e-03
 Reference value :  6.97655e-03
 Reference value :  6.98052e-03
 Reference value :  6.98381e-03
 Reference value :  6.98774e-03
 Reference value :  6.99026e-03
 Reference value :  6.99357e-03
 Reference value :  6.99600e-03
 Reference value :  6.99997e-03
 Reference value :  7.00263e-03
 Reference value :  7.00571e-03
 Reference value :  7.00853e-03
 Reference value :  7.01210e-03
 Reference value :  7.01544e-03
 Reference value :  7.01793e-03
 Reference value :  7.02197e-03
 Reference value :  7.02532e-03
 Reference value :  7.02774e-03
 Reference value :  7.03174e-03
 Reference value :  7.03487e-03
 Reference value :  7.03753e-03
 Reference value :  7.04173e-03
 Reference value :  7.04478e-03
 Reference value :  7.04880e-03
 Reference value :  7.05210e-03
 Reference value :  7.05456e-03
 Reference value :  7.05712e-03
 Reference value :  7.06104e-03
 Reference value :  7.06438e-03
 Reference value :  7.06837e-03
 Reference value :  7.07082e-03
 Reference value :  7.07416e-03
 Reference value :  7.07670e-03
 Reference value :  7.08062e-03
 Reference value :  7.08397e-03
 Reference value :  7.08644e-03
 Reference value :  7.09041e-03
 Reference value :  7.09348e-03
 Reference value :  7.09616e-03
 Reference value :  7.10016e-03
 Reference value :  7.10349e-03
 Reference value :  7.10595e-03
 Reference value :  7.10996e-03
 Reference value :  7.11242e-03
 Reference value :  7.11489e-03
 Reference value :  7.11819e-03
 Reference value :  7.12074e-03
 Reference value :  7.12466e-03
 Reference value :  7.12799e-03
 Reference value :  7.13049e-03
 Reference value :  7.13297e-03
 Reference value :  7.13698e-03
 Reference value :  7.14028e-03
 Reference value :  7.14283e-03
 Reference value :  7.14674e-03
 Reference value :  7.15005e-03
 Reference value :  7.15256e-03
 Reference value :  7.15527e-03
 Reference value :  7.15900e-03
 Reference value :  7.16230e-03
 Reference value :  7.16476e-03
 Reference value :  7.16879e-03
 Reference value :  7.17125e-03
 Reference value :  7.17459e-03
 Reference value :  7.17703e-03
 Reference value :  7.18097e-03
 Reference value :  7.18424e-03
 Reference value :  7.18667e-03
 Reference value :  7.19063e-03
 Reference value :  7.19309e-03
 Reference value :  7.19640e-03
 Reference value :  7.20029e-03
 Reference value :  7.20289e-03
 Reference value :  7.20617e-03
 Reference value :  7.20863e-03
 Reference value :  7.21261e-03
 Reference value :  7.21504e-03
 Reference value :  7.21834e-03
 Reference value :  7.22082e-03
 Reference value :  7.22325e-03
 Reference value :  7.22721e-03
 Reference value :  7.22986e-03
 Reference value :  7.23299e-03
 Reference value :  7.23693e-03
 Reference value :  7.23945e-03
 Reference value :  7.24275e-03
 Reference value :  7.24524e-03
 Reference value :  7.24770e-03
 Reference value :  7.25166e-03
 Reference value :  7.25418e-03
 Reference value :  7.25661e-03
 Reference value :  7.25990e-03
 Reference value :  7.26240e-03
 Reference value :  7.26630e-03
 Reference value :  7.26890e-03
 Reference value :  7.27217e-03
 Reference value :  7.27487e-03
 Reference value :  7.27868e-03
 Reference value :  7.28194e-03
 Reference value :  7.28442e-03
 Reference value :  7.28822e-03
 Reference value :  7.29092e-03
 Reference value :  7.29418e-03
 Reference value :  7.29668e-03
 Reference value :  7.30064e-03
 Reference value :  7.30313e-03
 Reference value :  7.30644e-03
 Reference value :  7.30889e-03
 Reference value :  7.31136e-03
 Reference value :  7.31384e-03
 Reference value :  7.31782e-03
 Reference value :  7.32026e-03
 Reference value :  7.32350e-03
 Reference value :  7.32599e-03
 Reference value :  7.32983e-03
 Reference value :  7.33242e-03
 Reference value :  7.33573e-03
 Reference value :  7.33820e-03
 Reference value :  7.34067e-03
 Reference value :  7.34466e-03
 Reference value :  7.34798e-03
 Reference value :  7.35047e-03
 Reference value :  7.35290e-03
 Reference value :  7.35540e-03
 Reference value :  7.35932e-03
 Reference value :  7.36182e-03
 Reference value :  7.36508e-03
 Reference value :  7.36762e-03
 Reference value :  7.37009e-03
 Reference value :  7.37403e-03
 Reference value :  7.37652e-03
 Reference value :  7.37899e-03
 Reference value :  7.38215e-03
 Reference value :  7.38467e-03
 Reference value :  7.38863e-03
 Reference value :  7.39109e-03
 Reference value :  7.39439e-03
 Reference value :  7.39691e-03
 Reference value :  7.40085e-03
 Reference value :  7.40337e-03
 Reference value :  7.40667e-03
 Reference value :  7.40913e-03
 Reference value :  7.41312e-03
 Reference value :  7.41641e-03
 Reference value :  7.41890e-03
 Reference value :  7.42281e-03
 Reference value :  7.42613e-03
 Reference value :  7.42863e-03
 Reference value :  7.43105e-03
 Reference value :  7.43502e-03
 Reference value :  7.43755e-03
 Reference value :  7.44077e-03
 Reference value :  7.44332e-03
 Reference value :  7.44585e-03
 Reference value :  7.44982e-03
 Reference value :  7.45304e-03
 Reference value :  7.45560e-03
 Reference value :  7.45810e-03
 Reference value :  7.46212e-03
 Reference value :  7.46542e-03
 Reference value :  7.46802e-03
 Reference value :  7.47189e-03
 Reference value :  7.47438e-03
 Reference value :  7.47766e-03
 Reference value :  7.48019e-03
 Reference value :  7.48412e-03
 Reference value :  7.48662e-03
 Reference value :  7.48987e-03
 Reference value :  7.49236e-03
 Reference value :  7.49625e-03
 Reference value :  7.49883e-03
 Reference value :  7.50208e-03
 Reference value :  7.50454e-03
 Reference value :  7.50857e-03
 Reference value :  7.51123e-03
 Reference value :  7.51434e-03
 Reference value :  7.51692e-03
 Reference value :  7.52079e-03
 Reference value :  7.52412e-03
 Reference value :  7.52660e-03
 Reference value :  7.53062e-03
 Reference value :  7.53389e-03
 Reference value :  7.53636e-03
 Reference value :  7.53885e-03
 Reference value :  7.54287e-03
 Reference value :  7.54617e-03
 Reference value :  7.54865e-03
 Reference value :  7.55248e-03
 Reference value :  7.55514e-03
 Reference value :  7.55845e-03
 Reference value :  7.56093e-03
 Reference value :  7.56345e-03
 Reference value :  7.56736e-03
 Reference value :  7.56984e-03
 Reference value :  7.57315e-03
 Reference value :  7.57713e-03
 Reference value :  7.58045e-03
 Reference value :  7.58289e-03
 Reference value :  7.58682e-03
 Reference value :  7.58934e-03
 Reference value :  7.59183e-03
 Reference value :  7.59510e-03
 Reference value :  7.59756e-03
 Reference value :  7.60157e-03
 Reference value :  7.60404e-03
 Reference value :  7.60732e-03
 Reference value :  7.60981e-03
 Reference value :  7.61386e-03
 Reference value :  7.61629e-03
 Reference value :  7.61944e-03
 Reference value :  7.62204e-03
 Reference value :  7.62606e-03
 Reference value :  7.62934e-03
 Reference value :  7.63179e-03
 Reference value :  7.63568e-03
 Reference value :  7.63829e-03
 Reference value :  7.64159e-03
 Reference value :  7.64403e-03
 Reference value :  7.64650e-03
 Reference value :  7.65050e-03
 Reference value :  7.65375e-03
 Reference value :  7.65629e-03
 Reference value :  7.66022e-03
 Reference value :  7.66271e-03
 Reference value :  7.66593e-03
 Reference value :  7.66839e-03
 Reference value :  7.67237e-03
 Reference value :  7.67487e-03
 Reference value :  7.67817e-03
 Reference value :  7.68066e-03
 Reference value :  7.68468e-03
 Reference value :  7.68735e-03
 Reference value :  7.69039e-03
 Reference value :  7.69429e-03
 Reference value :  7.69681e-03
 Reference value :  7.70012e-03
 Reference value :  7.70263e-03
 Reference value :  7.70660e-03
 Reference value :  7.70988e-03
 Reference value :  7.71231e-03
 Reference value :  7.71635e-03
 Reference value :  7.71957e-03
 Reference value :  7.72205e-03
 Reference value :  7.72456e-03
 Reference value :  7.72860e-03
 Reference value :  7.73189e-03
 Reference value :  7.73435e-03
 Reference value :  7.73685e-03
 Reference value :  7.74082e-03
 Reference value :  7.74327e-03
 Reference value :  7.74657e-03
 Reference value :  7.75058e-03
 Reference value :  7.75307e-03
 Reference value :  7.75637e-03
 Reference value :  7.76034e-03
 Reference value :  7.76280e-03
 Reference value :  7.76611e-03
 Reference value :  7.76861e-03
 Reference value :  7.77263e-03
 Reference value :  7.77591e-03
 Reference value :  7.77843e-03
 Reference value :  7.78235e-03
 Reference value :  7.78564e-03
 Reference value :  7.78810e-03
 Reference value :  7.79085e-03
 Reference value :  7.79522e-03
 Reference value :  7.79789e-03
 Reference value :  7.80044e-03
 Reference value :  7.80443e-03
 Reference value :  7.80768e-03
 Reference value :  7.81018e-03
 Reference value :  7.81412e-03
 Reference value :  7.81741e-03
 Reference value :  7.82013e-03
 Reference value :  7.82393e-03
 Reference value :  7.82722e-03
 Reference value :  7.83028e-03
 Reference value :  7.83372e-03
 Reference value :  7.83695e-03
 Reference value :  7.83942e-03
 Reference value :  7.84345e-03
 Reference value :  7.84611e-03
 Reference value :  7.84916e-03
 Reference value :  7.85171e-03
 Reference value :  7.85569e-03
 Reference value :  7.85894e-03
 Reference value :  7.86141e-03
 Reference value :  7.86545e-03
 Reference value :  7.86788e-03
 Reference value :  7.87114e-03
 Reference value :  7.87366e-03
 Reference value :  7.87760e-03
 Reference value :  7.88090e-03
 Reference value :  7.88337e-03
 Reference value :  7.88742e-03
 Reference value :  7.88994e-03
 Reference value :  7.89320e-03
 Reference value :  7.89702e-03
 Reference value :  7.90035e-03
 Reference value :  7.90295e-03
 Reference value :  7.90695e-03
 Reference value :  7.90939e-03
 Reference value :  7.91268e-03
 Reference value :  7.91522e-03
 Reference value :  7.91919e-03
 Reference value :  7.92249e-03
 Reference value :  7.92503e-03
 Reference value :  7.92899e-03
 Reference value :  7.93222e-03
 Reference value :  7.93469e-03
 Reference value :  7.93872e-03
 Reference value :  7.94123e-03
 Reference value :  7.94448e-03
 Reference value :  7.94697e-03
 Reference value :  7.95095e-03
 Reference value :  7.95343e-03
 Reference value :  7.95671e-03
 Reference value :  7.95928e-03
 Reference value :  7.96323e-03
 Reference value :  7.96650e-03
 Reference value :  7.96896e-03
 Reference value :  7.97291e-03
 Reference value :  7.97628e-03
 Reference value :  7.97874e-03
 Reference value :  7.98280e-03
 Reference value :  7.98611e-03
 Reference value :  7.98866e-03
 Reference value :  7.99264e-03
 Reference value :  7.99513e-03
 Reference value :  7.99840e-03
 Reference value :  8.00088e-03
 Reference value :  8.00488e-03
 Reference value :  8.00813e-03
 Reference value :  8.01066e-03
 Reference value :  8.01466e-03
 Reference value :  8.01731e-03
 Reference value :  8.02042e-03
 Reference value :  8.02441e-03
 Reference value :  8.02769e-03
 Reference value :  8.03017e-03
 Reference value :  8.03424e-03
 Reference value :  8.03750e-03
 Reference value :  8.04001e-03
 Reference value :  8.04402e-03
 Reference value :  8.04709e-03
 Reference value :  8.04976e-03
 Reference value :  8.05248e-03
 Reference value :  8.05628e-03
 Reference value :  8.05952e-03
 Reference value :  8.06314e-03
 Reference value :  8.06602e-03
 Reference value :  8.06930e-03
 Reference value :  8.07329e-03
 Reference value :  8.07590e-03
 Reference value :  8.07906e-03
 Reference value :  8.08152e-03
 Reference value :  8.08558e-03
 Reference value :  8.08880e-03
 Reference value :  8.09135e-03
 Reference value :  8.09533e-03
 Reference value :  8.09841e-03
 Reference value :  8.10107e-03
 Reference value :  8.10511e-03
 Reference value :  8.10819e-03
 Reference value :  8.11079e-03
 Reference value :  8.11481e-03
 Reference value :  8.11730e-03
 Reference value :  8.12061e-03
 Reference value :  8.12465e-03
 Reference value :  8.12711e-03
 Reference value :  8.13034e-03
 Reference value :  8.13434e-03
 Reference value :  8.13679e-03
 Reference value :  8.14007e-03
 Reference value :  8.14253e-03
 Reference value :  8.14660e-03
 Reference value :  8.14977e-03
 Reference value :  8.15234e-03
 Reference value :  8.15637e-03
 Reference value :  8.15883e-03
 Reference value :  8.16215e-03
 Reference value :  8.16617e-03
 Reference value :  8.16879e-03
 Reference value :  8.17195e-03
 Reference value :  8.17442e-03
 Reference value :  8.17838e-03
 Reference value :  8.18089e-03
 Reference value :  8.18412e-03
 Reference value :  8.18661e-03
 Reference value :  8.19070e-03
 Reference value :  8.19380e-03
 Reference value :  8.19642e-03
 Reference value :  8.19891e-03
 Reference value :  8.20140e-03
 Reference value :  8.20545e-03
 Reference value :  8.20868e-03
 Reference value :  8.21114e-03
 Reference value :  8.21516e-03
 Reference value :  8.21832e-03
 Reference value :  8.22088e-03
 Reference value :  8.22339e-03
 Reference value :  8.22733e-03
 Reference value :  8.23055e-03
 Reference value :  8.23305e-03
 Reference value :  8.23709e-03
 Reference value :  8.24030e-03
 Reference value :  8.24279e-03
 Reference value :  8.24676e-03
 Reference value :  8.24932e-03
 Reference value :  8.25192e-03
 Reference value :  8.25503e-03
 Reference value :  8.25759e-03
 Reference value :  8.26155e-03
 Reference value :  8.26478e-03
 Reference value :  8.26728e-03
 Reference value :  8.27110e-03
 Reference value :  8.27376e-03
 Reference value :  8.27701e-03
 Reference value :  8.27949e-03
 Reference value :  8.28355e-03
 Reference value :  8.28675e-03
 Reference value :  8.28922e-03
 Reference value :  8.29327e-03
 Reference value :  8.29652e-03
 Reference value :  8.29898e-03
 Reference value :  8.30292e-03
 Reference value :  8.30551e-03
 Reference value :  8.30881e-03
 Reference value :  8.31129e-03
 Reference value :  8.31535e-03
 Reference value :  8.31783e-03
 Reference value :  8.32102e-03
 Reference value :  8.32353e-03
 Reference value :  8.32744e-03
 Reference value :  8.33003e-03
 Reference value :  8.33326e-03
 Reference value :  8.33569e-03
 Reference value :  8.33976e-03
 Reference value :  8.34302e-03
 Reference value :  8.34548e-03
 Reference value :  8.34952e-03
 Reference value :  8.35220e-03
 Reference value :  8.35526e-03
 Reference value :  8.35932e-03
 Reference value :  8.36242e-03
 Reference value :  8.36508e-03
 Reference value :  8.36910e-03
 Reference value :  8.37170e-03
 Reference value :  8.37480e-03
 Reference value :  8.37886e-03
 Reference value :  8.38133e-03
 Reference value :  8.38460e-03
 Reference value :  8.38708e-03
 Reference value :  8.39113e-03
 Reference value :  8.39412e-03
 Reference value :  8.39679e-03
 Reference value :  8.39927e-03
 Reference value :  8.40328e-03
 Reference value :  8.40587e-03
 Reference value :  8.40910e-03
 Reference value :  8.41311e-03
 Reference value :  8.41638e-03
 Reference value :  8.41886e-03
 Reference value :  8.42292e-03
 Reference value :  8.42594e-03
 Reference value :  8.42862e-03
 Reference value :  8.43112e-03
 Reference value :  8.43518e-03
 Reference value :  8.43843e-03
 Reference value :  8.44088e-03
 Reference value :  8.44497e-03
 Reference value :  8.44820e-03
 Reference value :  8.45069e-03
 Reference value :  8.45475e-03
 Reference value :  8.45798e-03
 Reference value :  8.46055e-03
 Reference value :  8.46462e-03
 Reference value :  8.46785e-03
 Reference value :  8.47191e-03
 Reference value :  8.47517e-03
 Reference value :  8.47764e-03
 Reference value :  8.48009e-03
 Reference value :  8.48418e-03
 Reference value :  8.48739e-03
 Reference value :  8.48989e-03
 Reference value :  8.49243e-03
 Reference value :  8.49642e-03
 Reference value :  8.49972e-03
 Reference value :  8.50375e-03
 Reference value :  8.50619e-03
 Reference value :  8.50943e-03
 Reference value :  8.51340e-03
 Reference value :  8.51670e-03
 Reference value :  8.51926e-03
 Reference value :  8.52331e-03
 Reference value :  8.52649e-03
 Reference value :  8.52898e-03
 Reference value :  8.53176e-03
 Reference value :  8.53549e-03
 Reference value :  8.53871e-03
 Reference value :  8.54122e-03
 Reference value :  8.54529e-03
 Reference value :  8.54853e-03
 Reference value :  8.55100e-03
 Reference value :  8.55504e-03
 Reference value :  8.55753e-03
 Reference value :  8.56076e-03
 Reference value :  8.56325e-03
 Reference value :  8.56729e-03
 Reference value :  8.57033e-03
 Reference value :  8.57299e-03
 Reference value :  8.57705e-03
 Reference value :  8.58027e-03
 Reference value :  8.58282e-03
 Reference value :  8.58683e-03
 Reference value :  8.59009e-03
 Reference value :  8.59257e-03
 Reference value :  8.59662e-03
 Reference value :  8.59980e-03
 Reference value :  8.60233e-03
 Reference value :  8.60641e-03
 Reference value :  8.60891e-03
 Reference value :  8.61217e-03
 Reference value :  8.61467e-03
 Reference value :  8.61872e-03
 Reference value :  8.62193e-03
 Reference value :  8.62504e-03
 Reference value :  8.62847e-03
 Reference value :  8.63171e-03
 Reference value :  8.63424e-03
 Reference value :  8.63823e-03
 Reference value :  8.64150e-03
 Reference value :  8.64396e-03
 Reference value :  8.64645e-03
 Reference value :  8.65056e-03
 Reference value :  8.65375e-03
 Reference value :  8.65630e-03
 Reference value :  8.66040e-03
 Reference value :  8.66350e-03
 Reference value :  8.66597e-03
 Reference value :  8.67005e-03
 Reference value :  8.67329e-03
 Reference value :  8.67733e-03
 Reference value :  8.68061e-03
 Reference value :  8.68323e-03
 Reference value :  8.68711e-03
 Reference value :  8.69038e-03
 Reference value :  8.69423e-03
 Reference value :  8.69692e-03
 Reference value :  8.70015e-03
 Reference value :  8.70268e-03
 Reference value :  8.70672e-03
 Reference value :  8.70996e-03
 Reference value :  8.71393e-03
 Reference value :  8.71710e-03
 Reference value :  8.71981e-03
 Reference value :  8.72386e-03
 Reference value :  8.72706e-03
 Reference value :  8.72956e-03
 Reference value :  8.73355e-03
 Reference value :  8.73606e-03
 Reference value :  8.73930e-03
 Reference value :  8.74184e-03
 Reference value :  8.74590e-03
 Reference value :  8.74911e-03
 Reference value :  8.75154e-03
 Reference value :  8.75565e-03
 Reference value :  8.75890e-03
 Reference value :  8.76287e-03
 Reference value :  8.76548e-03
 Reference value :  8.76868e-03
 Reference value :  8.77118e-03
 Reference value :  8.77525e-03
 Reference value :  8.77840e-03
 Reference value :  8.78098e-03
 Reference value :  8.78498e-03
 Reference value :  8.78793e-03
 Reference value :  8.79069e-03
 Reference value :  8.79324e-03
 Reference value :  8.79738e-03
 Reference value :  8.80052e-03
 Reference value :  8.80298e-03
 Reference value :  8.80708e-03
 Reference value :  8.80954e-03
 Reference value :  8.81276e-03
 Reference value :  8.81547e-03
 Reference value :  8.81936e-03
 Reference value :  8.82260e-03
 Reference value :  8.82516e-03
 Reference value :  8.82915e-03
 Reference value :  8.83164e-03
 Reference value :  8.83490e-03
 Reference value :  8.83737e-03
 Reference value :  8.84149e-03
 Reference value :  8.84475e-03
 Reference value :  8.84721e-03
 Reference value :  8.85132e-03
 Reference value :  8.85452e-03
 Reference value :  8.85695e-03
 Reference value :  8.86105e-03
 Reference value :  8.86427e-03
 Reference value :  8.86683e-03
 Reference value :  8.87088e-03
 Reference value :  8.87406e-03
 Reference value :  8.87810e-03
 Reference value :  8.88058e-03
 Reference value :  8.88337e-03
 Reference value :  8.88630e-03
 Reference value :  8.88876e-03
 Reference value :  8.89284e-03
 Reference value :  8.89533e-03
 Reference value :  8.89850e-03
 Reference value :  8.90097e-03
 Reference value :  8.90501e-03
 Reference value :  8.90815e-03
 Reference value :  8.91071e-03
 Reference value :  8.91482e-03
 Reference value :  8.91804e-03
 Reference value :  8.92049e-03
 Reference value :  8.92451e-03
 Reference value :  8.92778e-03
 Reference value :  8.93028e-03
 Reference value :  8.93435e-03
 Reference value :  8.93757e-03
 Reference value :  8.94006e-03
 Reference value :  8.94289e-03
 Reference value :  8.94660e-03
 Reference value :  8.94964e-03
 Reference value :  8.95234e-03
 Reference value :  8.95642e-03
 Reference value :  8.95952e-03
 Reference value :  8.96212e-03
 Reference value :  8.96459e-03
 Reference value :  8.96867e-03
 Reference value :  8.97189e-03
 Reference value :  8.97599e-03
 Reference value :  8.97845e-03
 Reference value :  8.98165e-03
 Reference value :  8.98567e-03
 Reference value :  8.98811e-03
 Reference value :  8.99117e-03
 Reference value :  8.99379e-03
 Reference value :  8.99633e-03
 Reference value :  9.00034e-03
 Reference value :  9.00357e-03
 Reference value :  9.00604e-03
 Reference value :  9.01002e-03
 Reference value :  9.01260e-03
 Reference value :  9.01582e-03
 Reference value :  9.01831e-03
 Reference value :  9.02085e-03
 Reference value :  9.02492e-03
 Reference value :  9.02811e-03
 Reference value :  9.03063e-03
 Reference value :  9.03479e-03
 Reference value :  9.03783e-03
 Reference value :  9.04040e-03
 Reference value :  9.04433e-03
 Reference value :  9.04760e-03
 Reference value :  9.05008e-03
 Reference value :  9.05419e-03
 Reference value :  9.05666e-03
 Reference value :  9.05986e-03
 Reference value :  9.06233e-03
 Reference value :  9.06647e-03
 Reference value :  9.06916e-03
 Reference value :  9.07211e-03
 Reference value :  9.07615e-03
 Reference value :  9.07863e-03
 Reference value :  9.08181e-03
 Reference value :  9.08425e-03
 Reference value :  9.08674e-03
 Reference value :  9.09079e-03
 Reference value :  9.09403e-03
 Reference value :  9.09656e-03
 Reference value :  9.10062e-03
 Reference value :  9.10309e-03
 Reference value :  9.10633e-03
 Reference value :  9.10877e-03
 Reference value :  9.11285e-03
 Reference value :  9.11591e-03
 Reference value :  9.11859e-03
 Reference value :  9.12322e-03
 Reference value :  9.12586e-03
 Reference value :  9.12995e-03
 Reference value :  9.13318e-03
 Reference value :  9.13566e-03
 Reference value :  9.13817e-03
 Reference value :  9.14215e-03
 Reference value :  9.14463e-03
 Reference value :  9.14780e-03
 Reference value :  9.15028e-03
 Reference value :  9.15436e-03
 Reference value :  9.15758e-03
 Reference value :  9.16008e-03
 Reference value :  9.16265e-03
 Reference value :  9.16667e-03
 Reference value :  9.16986e-03
 Reference value :  9.17235e-03
 Reference value :  9.17643e-03
 Reference value :  9.17889e-03
 Reference value :  9.18209e-03
 Reference value :  9.18513e-03
 Reference value :  9.18863e-03
 Reference value :  9.19184e-03
 Reference value :  9.19585e-03
 Reference value :  9.19841e-03
 Reference value :  9.20167e-03
 Reference value :  9.20577e-03
 Reference value :  9.20823e-03
 Reference value :  9.21143e-03
 Reference value :  9.21391e-03
 Reference value :  9.21799e-03
 Reference value :  9.22050e-03
 Reference value :  9.22370e-03
 Reference value :  9.22618e-03
 Reference value :  9.23026e-03
 Reference value :  9.23270e-03
 Reference value :  9.23590e-03
 Reference value :  9.23842e-03
 Reference value :  9.24247e-03
 Reference value :  9.24553e-03
 Reference value :  9.24812e-03
 Reference value :  9.25212e-03
 Reference value :  9.25482e-03
 Reference value :  9.25796e-03
 Reference value :  9.26055e-03
 Reference value :  9.26451e-03
 Reference value :  9.26772e-03
 Reference value :  9.27019e-03
 Reference value :  9.27425e-03
 Reference value :  9.27748e-03
 Reference value :  9.27997e-03
 Reference value :  9.28241e-03
 Reference value :  9.28651e-03
 Reference value :  9.28974e-03
 Reference value :  9.29231e-03
 Reference value :  9.29630e-03
 Reference value :  9.29951e-03
 Reference value :  9.30359e-03
 Reference value :  9.30607e-03
 Reference value :  9.30926e-03
 Reference value :  9.31175e-03
 Reference value :  9.31583e-03
 Reference value :  9.31903e-03
 Reference value :  9.32150e-03
 Reference value :  9.32551e-03
 Reference value :  9.32807e-03
 Reference value :  9.33128e-03
 Reference value :  9.33376e-03
 Reference value :  9.33784e-03
 Reference value :  9.34029e-03
 Reference value :  9.34349e-03
 Reference value :  9.34619e-03
 Reference value :  9.35006e-03
 Reference value :  9.35322e-03
 Reference value :  9.35569e-03
 Reference value :  9.35982e-03
 Reference value :  9.36224e-03
 Reference value :  9.36547e-03
 Reference value :  9.36795e-03
 Reference value :  9.37067e-03
 Reference value :  9.37453e-03
 Reference value :  9.37775e-03
 Reference value :  9.38027e-03
 Reference value :  9.38430e-03
 Reference value :  9.38750e-03
 Reference value :  9.38997e-03
 Reference value :  9.39250e-03
 Reference value :  9.39654e-03
 Reference value :  9.39973e-03
 Reference value :  9.40222e-03
 Reference value :  9.40468e-03
 Reference value :  9.40723e-03
 Reference value :  9.41127e-03
 Reference value :  9.41446e-03
 Reference value :  9.41693e-03
 Reference value :  9.42103e-03
 Reference value :  9.42426e-03
 Reference value :  9.42673e-03
 Reference value :  9.43081e-03
 Reference value :  9.43402e-03
 Reference value :  9.43648e-03
 Reference value :  9.44059e-03
 Reference value :  9.44366e-03
 Reference value :  9.44627e-03
 Reference value :  9.45035e-03
 Reference value :  9.45352e-03
 Reference value :  9.45605e-03
 Reference value :  9.46019e-03
 Reference value :  9.46337e-03
 Reference value :  9.46583e-03
 Reference value :  9.46900e-03
 Reference value :  9.47244e-03
 Reference value :  9.47494e-03
 Reference value :  9.47813e-03
 Reference value :  9.48226e-03
 Reference value :  9.48477e-03
 Reference value :  9.48794e-03
 Reference value :  9.49048e-03
 Reference value :  9.49450e-03
 Reference value :  9.49767e-03
 Reference value :  9.50016e-03
 Reference value :  9.50414e-03
 Reference value :  9.50675e-03
 Reference value :  9.50993e-03
 Reference value :  9.51248e-03
 Reference value :  9.51653e-03
 Reference value :  9.51973e-03
 Reference value :  9.52221e-03
 Reference value :  9.52630e-03
 Reference value :  9.52879e-03
 Reference value :  9.53200e-03
 Reference value :  9.53447e-03
 Reference value :  9.53859e-03
 Reference value :  9.54105e-03
 Reference value :  9.54415e-03
 Reference value :  9.54672e-03
 Reference value :  9.55086e-03
 Reference value :  9.55334e-03
 Reference value :  9.55647e-03
 Reference value :  9.55898e-03
 Reference value :  9.56152e-03
 Reference value :  9.56557e-03
 Reference value :  9.56862e-03
 Reference value :  9.57126e-03
 Reference value :  9.57379e-03
 Reference value :  9.57785e-03
 Reference value :  9.58086e-03
 Reference value :  9.58347e-03
 Reference value :  9.58757e-03
 Reference value :  9.59003e-03
 Reference value :  9.59328e-03
 Reference value :  9.59572e-03
 Reference value :  9.59980e-03
 Reference value :  9.60223e-03
 Reference value :  9.60545e-03
 Reference value :  9.60793e-03
 Reference value :  9.61205e-03
 Reference value :  9.61458e-03
 Reference value :  9.61774e-03
 Reference value :  9.62020e-03
 Reference value :  9.62430e-03
 Reference value :  9.62733e-03
 Reference value :  9.62996e-03
 Reference value :  9.63243e-03
 Reference value :  9.63497e-03
 Reference value :  9.63901e-03
 Reference value :  9.64215e-03
 Reference value :  9.64465e-03
 Reference value :  9.64865e-03
 Reference value :  9.65122e-03
 Reference value :  9.65438e-03
 Reference value :  9.65683e-03
 Reference value :  9.66096e-03
 Reference value :  9.66401e-03
 Reference value :  9.66661e-03
 Reference value :  9.66916e-03
 Reference value :  9.67324e-03
 Reference value :  9.67572e-03
 Reference value :  9.67840e-03
 Reference value :  9.68138e-03
 Reference value :  9.68385e-03
 Reference value :  9.68636e-03
 Reference value :  9.69042e-03
 Reference value :  9.69357e-03
 Reference value :  9.69762e-03
 Reference value :  9.70069e-03
 Reference value :  9.70331e-03
 Reference value :  9.70575e-03
 Reference value :  9.70988e-03
 Reference value :  9.71233e-03
 Reference value :  9.71550e-03
 Reference value :  9.71796e-03
 Reference value :  9.72058e-03
 Reference value :  9.72457e-03
 Reference value :  9.72771e-03
 Reference value :  9.73015e-03
 Reference value :  9.73267e-03
 Reference value :  9.73674e-03
 Reference value :  9.73991e-03
 Reference value :  9.74239e-03
 Reference value :  9.74492e-03
 Reference value :  9.74899e-03
 Reference value :  9.75153e-03
 Reference value :  9.75462e-03
 Reference value :  9.75875e-03
 Reference value :  9.76193e-03
 Reference value :  9.76438e-03
 Reference value :  9.76702e-03
 Reference value :  9.77096e-03
 Reference value :  9.77416e-03
 Reference value :  9.77669e-03
 Reference value :  9.78073e-03
 Reference value :  9.78387e-03
 Reference value :  9.78633e-03
 Reference value :  9.79045e-03
 Reference value :  9.79303e-03
 Reference value :  9.79605e-03
 Reference value :  9.79855e-03
 Reference value :  9.80263e-03
 Reference value :  9.80580e-03
 Reference value :  9.80832e-03
 Reference value :  9.81241e-03
 Reference value :  9.81490e-03
 Reference value :  9.81807e-03
 Reference value :  9.82218e-03
 Reference value :  9.82538e-03
 Reference value :  9.82950e-03
 Reference value :  9.83202e-03
 Reference value :  9.83517e-03
 Reference value :  9.83765e-03
 Reference value :  9.84180e-03
 Reference value :  9.84427e-03
 Reference value :  9.84741e-03
 Reference value :  9.85155e-03
 Reference value :  9.85475e-03
 Reference value :  9.85724e-03
 Reference value :  9.86134e-03
 Reference value :  9.86455e-03
 Reference value :  9.86751e-03
 Reference value :  9.87176e-03
 Reference value :  9.87438e-03
 Reference value :  9.87852e-03
 Reference value :  9.88168e-03
 Reference value :  9.88563e-03
 Reference value :  9.88823e-03
 Reference value :  9.89143e-03
 Reference value :  9.89401e-03
 Reference value :  9.89801e-03
 Reference value :  9.90113e-03
 Reference value :  9.90367e-03
 Reference value :  9.90694e-03
 Reference value :  9.91029e-03
 Reference value :  9.91346e-03
 Reference value :  9.91595e-03
 Reference value :  9.91892e-03
 Reference value :  9.92323e-03
 Reference value :  9.92574e-03
 Reference value :  9.92820e-03
 Reference value :  9.93074e-03
 Reference value :  9.93479e-03
 Reference value :  9.93795e-03
 Reference value :  9.94041e-03
 Reference value :  9.94302e-03
 Reference value :  9.94705e-03
 Reference value :  9.95019e-03
 Reference value :  9.95270e-03
 Reference value :  9.95676e-03
 Reference value :  9.95992e-03
 Reference value :  9.96246e-03
 Reference value :  9.96490e-03
 Reference value :  9.96746e-03
 Reference value :  9.97148e-03
 Reference value :  9.97398e-03
 Reference value :  9.97718e-03
 Reference value :  9.97971e-03
 Reference value :  9.98375e-03
 Reference value :  9.98698e-03
 Reference value :  9.98942e-03
 Reference value :  9.99350e-03
 Reference value :  9.99669e-03
 Reference value :  9.99924e-03
 Reference value :  1.00033e-02
 Reference value :  1.00065e-02
 Reference value :  1.00089e-02
 Reference value :  1.00131e-02
 Reference value :  1.00156e-02
 Reference value :  1.00187e-02
 Reference value :  1.00229e-02
 Reference value :  1.00260e-02
 Reference value :  1.00285e-02
 Reference value :  1.00326e-02
 Reference value :  1.00351e-02
 Reference value :  1.00382e-02
 Reference value :  1.00407e-02
 Reference value :  1.00431e-02
 Reference value :  1.00473e-02
 Reference value :  1.00504e-02
 Reference value :  1.00529e-02
 Reference value :  1.00571e-02
 Reference value :  1.00602e-02
 Reference value :  1.00627e-02
 Reference value :  1.00668e-02
 Reference value :  1.00701e-02
 Reference value :  1.00742e-02
 Reference value :  1.00774e-02
 Reference value :  1.00798e-02
 Reference value :  1.00839e-02
 Reference value :  1.00864e-02
 Reference value :  1.00895e-02
 Reference value :  1.00921e-02
 Reference value :  1.00947e-02
 Reference value :  1.00987e-02
 Reference value :  1.01018e-02
 Reference value :  1.01043e-02
 Reference value :  1.01068e-02
 Reference value :  1.01110e-02
 Reference value :  1.01141e-02
 Reference value :  1.01166e-02
 Reference value :  1.01207e-02
 Reference value :  1.01239e-02
 Reference value :  1.01264e-02
 Reference value :  1.01305e-02
 Reference value :  1.01337e-02
 Reference value :  1.01362e-02
 Reference value :  1.01403e-02
 Reference value :  1.01434e-02
 Reference value :  1.01459e-02
 Reference value :  1.01487e-02
 Reference value :  1.01525e-02
 Reference value :  1.01557e-02
 Reference value :  1.01598e-02
 Reference value :  1.01623e-02
 Reference value :  1.01654e-02
 Reference value :  1.01695e-02
 Reference value :  1.01720e-02
 Reference value :  1.01751e-02
 Reference value :  1.01792e-02
 Reference value :  1.01818e-02
 Reference value :  1.01843e-02
 Reference value :  1.01874e-02
 Reference value :  1.01915e-02
 Reference value :  1.01946e-02
 Reference value :  1.01971e-02
 Reference value :  1.01997e-02
 Reference value :  1.02038e-02
 Reference value :  1.02069e-02
 Reference value :  1.02111e-02
 Reference value :  1.02135e-02
 Reference value :  1.02167e-02
 Reference value :  1.02196e-02
 Reference value :  1.02233e-02
 Reference value :  1.02265e-02
 Reference value :  1.02306e-02
 Reference value :  1.02338e-02
 Reference value :  1.02378e-02
 Reference value :  1.02405e-02
 Reference value :  1.02436e-02
 Reference value :  1.02477e-02
 Reference value :  1.02509e-02
 Reference value :  1.02534e-02
 Reference value :  1.02575e-02
 Reference value :  1.02606e-02
 Reference value :  1.02647e-02
 Reference value :  1.02678e-02
 Reference value :  1.02703e-02
 Reference value :  1.02745e-02
 Reference value :  1.02777e-02
 Reference value :  1.02802e-02
 Reference value :  1.02843e-02
 Reference value :  1.02874e-02
 Reference value :  1.02899e-02
 Reference value :  1.02940e-02
 Reference value :  1.02965e-02
 Reference value :  1.02997e-02
 Reference value :  1.03023e-02
 Reference value :  1.03063e-02
 Reference value :  1.03094e-02
 Reference value :  1.03119e-02
 Reference value :  1.03161e-02
 Reference value :  1.03192e-02
 Reference value :  1.03217e-02
 Reference value :  1.03259e-02
 Reference value :  1.03290e-02
 Reference value :  1.03316e-02
 Reference value :  1.03356e-02
 Reference value :  1.03387e-02
 Reference value :  1.03413e-02
 Reference value :  1.03453e-02
 Reference value :  1.03479e-02
 Reference value :  1.03511e-02
 Reference value :  1.03536e-02
 Reference value :  1.03577e-02
 Reference value :  1.03608e-02
 Reference value :  1.03633e-02
 Reference value :  1.03674e-02
 Reference value :  1.03706e-02
 Reference value :  1.03731e-02
 Reference value :  1.03772e-02
 Reference value :  1.03804e-02
 Reference value :  1.03829e-02
 Reference value :  1.03870e-02
 Reference value :  1.03902e-02
 Reference value :  1.03943e-02
 Reference value :  1.03975e-02
 Reference value :  1.04000e-02
 Reference value :  1.04042e-02
 Reference value :  1.04073e-02
 Reference value :  1.04099e-02
 Reference value :  1.04140e-02
 Reference value :  1.04170e-02
 Reference value :  1.04196e-02
 Reference value :  1.04237e-02
 Reference value :  1.04269e-02
 Reference value :  1.04294e-02
 Reference value :  1.04335e-02
 Reference value :  1.04367e-02
 Reference value :  1.04392e-02
 Reference value :  1.04432e-02
 Reference value :  1.04458e-02
 Reference value :  1.04489e-02
 Reference value :  1.04531e-02
 Reference value :  1.04561e-02
 Reference value :  1.04587e-02
 Reference value :  1.04611e-02
 Reference value :  1.04653e-02
 Reference value :  1.04678e-02
 Reference value :  1.04709e-02
 Reference value :  1.04749e-02
 Reference value :  1.04775e-02
 Reference value :  1.04806e-02
 Reference value :  1.04848e-02
 Reference value :  1.04872e-02
 Reference value :  1.04903e-02
 Reference value :  1.04928e-02
 Reference value :  1.04953e-02
 Reference value :  1.04994e-02
 Reference value :  1.05026e-02
 Reference value :  1.05051e-02
 Reference value :  1.05092e-02
 Reference value :  1.05123e-02
 Reference value :  1.05149e-02
 Reference value :  1.05190e-02
 Reference value :  1.05221e-02
 Reference value :  1.05249e-02
 Reference value :  1.05287e-02
 Reference value :  1.05319e-02
 Reference value :  1.05344e-02
 Reference value :  1.05386e-02
 Reference value :  1.05417e-02
 Reference value :  1.05442e-02
 Reference value :  1.05483e-02
 Reference value :  1.05515e-02
 Reference value :  1.05540e-02
 Reference value :  1.05565e-02
 Reference value :  1.05606e-02
 Reference value :  1.05633e-02
 Reference value :  1.05662e-02
 Reference value :  1.05704e-02
 Reference value :  1.05736e-02
 Reference value :  1.05763e-02
 Reference value :  1.05802e-02
 Reference value :  1.05834e-02
 Reference value :  1.05859e-02
 Reference value :  1.05900e-02
 Reference value :  1.05931e-02
 Reference value :  1.05973e-02
 Reference value :  1.06004e-02
 Reference value :  1.06029e-02
 Reference value :  1.06069e-02
 Reference value :  1.06095e-02
 Reference value :  1.06127e-02
 Reference value :  1.06168e-02
 Reference value :  1.06199e-02
 Reference value :  1.06224e-02
 Reference value :  1.06265e-02
 Reference value :  1.06297e-02
 Reference value :  1.06322e-02
 Reference value :  1.06364e-02
 Reference value :  1.06394e-02
 Reference value :  1.06419e-02
 Reference value :  1.06461e-02
 Reference value :  1.06492e-02
 Reference value :  1.06517e-02
 Reference value :  1.06558e-02
 Reference value :  1.06588e-02
 Reference value :  1.06614e-02
 Reference value :  1.06656e-02
 Reference value :  1.06688e-02
 Reference value :  1.06728e-02
 Reference value :  1.06754e-02
 Reference value :  1.06786e-02
 Reference value :  1.06811e-02
 Reference value :  1.06851e-02
 Reference value :  1.06884e-02
 Reference value :  1.06909e-02
 Reference value :  1.06950e-02
 Reference value :  1.06975e-02
 Reference value :  1.07007e-02
 Reference value :  1.07048e-02
 Reference value :  1.07080e-02
 Reference value :  1.07104e-02
 Reference value :  1.07145e-02
 Reference value :  1.07177e-02
 Reference value :  1.07218e-02
 Reference value :  1.07243e-02
 Reference value :  1.07275e-02
 Reference value :  1.07315e-02
 Reference value :  1.07341e-02
 Reference value :  1.07373e-02
 Reference value :  1.07397e-02
 Reference value :  1.07439e-02
 Reference value :  1.07470e-02
 Reference value :  1.07495e-02
 Reference value :  1.07537e-02
 Reference value :  1.07561e-02
 Reference value :  1.07593e-02
 Reference value :  1.07634e-02
 Reference value :  1.07660e-02
 Reference value :  1.07691e-02
 Reference value :  1.07732e-02
 Reference value :  1.07757e-02
 Reference value :  1.07789e-02
 Reference value :  1.07829e-02
 Reference value :  1.07854e-02
 Reference value :  1.07886e-02
 Reference value :  1.07911e-02
 Reference value :  1.07951e-02
 Reference value :  1.07983e-02
 Reference value :  1.08009e-02
 Reference value :  1.08050e-02
 Reference value :  1.08082e-02
 Reference value :  1.08107e-02
 Reference value :  1.08148e-02
 Reference value :  1.08174e-02
 Reference value :  1.08205e-02
 Reference value :  1.08230e-02
 Reference value :  1.08271e-02
 Reference value :  1.08303e-02
 Reference value :  1.08328e-02
 Reference value :  1.08369e-02
 Reference value :  1.08399e-02
 Reference value :  1.08425e-02
 Reference value :  1.08450e-02
 Reference value :  1.08489e-02
 Reference value :  1.08516e-02
 Reference value :  1.08540e-02
 Reference value :  1.08572e-02
 Reference value :  1.08614e-02
 Reference value :  1.08644e-02
 Reference value :  1.08670e-02
 Reference value :  1.08695e-02
 Reference value :  1.08736e-02
 Reference value :  1.08768e-02
 Reference value :  1.08809e-02
 Reference value :  1.08834e-02
 Reference value :  1.08865e-02
 Reference value :  1.08906e-02
 Reference value :  1.08932e-02
 Reference value :  1.08962e-02
 Reference value :  1.08987e-02
 Reference value :  1.09012e-02
 Reference value :  1.09053e-02
 Reference value :  1.09085e-02
 Reference value :  1.09110e-02
 Reference value :  1.09135e-02
 Reference value :  1.09176e-02
 Reference value :  1.09207e-02
 Reference value :  1.09233e-02
 Reference value :  1.09273e-02
 Reference value :  1.09298e-02
 Reference value :  1.09329e-02
 Reference value :  1.09355e-02
 Reference value :  1.09380e-02
 Reference value :  1.09421e-02
 Reference value :  1.09453e-02
 Reference value :  1.09478e-02
 Reference value :  1.09518e-02
 Reference value :  1.09550e-02
 Reference value :  1.09575e-02
 Reference value :  1.09599e-02
 Reference value :  1.09626e-02
 Reference value :  1.09665e-02
 Reference value :  1.09696e-02
 Reference value :  1.09721e-02
 Reference value :  1.09762e-02
 Reference value :  1.09787e-02
 Reference value :  1.09819e-02
 Reference value :  1.09860e-02
 Reference value :  1.09885e-02
 Reference value :  1.09916e-02
 Reference value :  1.09941e-02
 Reference value :  1.09981e-02
 Reference value :  1.10011e-02
 Reference value :  1.10038e-02
 Reference value :  1.10063e-02
 Reference value :  1.10104e-02
 Reference value :  1.10136e-02
 Reference value :  1.10161e-02
 Reference value :  1.10201e-02
 Reference value :  1.10226e-02
 Reference value :  1.10258e-02
 Reference value :  1.10282e-02
 Reference value :  1.10323e-02
 Reference value :  1.10351e-02
 Reference value :  1.10379e-02
 Reference value :  1.10420e-02
 Reference value :  1.10453e-02
 Reference value :  1.10478e-02
 Reference value :  1.10518e-02
 Reference value :  1.10550e-02
 Reference value :  1.10575e-02
 Reference value :  1.10615e-02
 Reference value :  1.10641e-02
 Reference value :  1.10673e-02
 Reference value :  1.10700e-02
 Reference value :  1.10739e-02
 Reference value :  1.10769e-02
 Reference value :  1.10796e-02
 Reference value :  1.10820e-02
 Reference value :  1.10846e-02
 Reference value :  1.10886e-02
 Reference value :  1.10918e-02
 Reference value :  1.10943e-02
 Reference value :  1.10984e-02
 Reference value :  1.11016e-02
 Reference value :  1.11040e-02
 Reference value :  1.11065e-02
 Reference value :  1.11106e-02
 Reference value :  1.11131e-02
 Reference value :  1.11163e-02
 Reference value :  1.11187e-02
 Reference value :  1.11229e-02
 Reference value :  1.11253e-02
 Reference value :  1.11285e-02
 Reference value :  1.11310e-02
 Reference value :  1.11351e-02
 Reference value :  1.11384e-02
 Reference value :  1.11424e-02
 Reference value :  1.11456e-02
 Reference value :  1.11481e-02
 Reference value :  1.11507e-02
 Reference value :  1.11547e-02
 Reference value :  1.11580e-02
 Reference value :  1.11604e-02
 Reference value :  1.11645e-02
 Reference value :  1.11677e-02
 Reference value :  1.11702e-02
 Reference value :  1.11742e-02
 Reference value :  1.11775e-02
 Reference value :  1.11800e-02
 Reference value :  1.11840e-02
 Reference value :  1.11872e-02
 Reference value :  1.11897e-02
 Reference value :  1.11922e-02
 Reference value :  1.11946e-02
 Reference value :  1.11987e-02
 Reference value :  1.12012e-02
 Reference value :  1.12044e-02
 Reference value :  1.12084e-02
 Reference value :  1.12110e-02
 Reference value :  1.12142e-02
 Reference value :  1.12166e-02
 Reference value :  1.12206e-02
 Reference value :  1.12232e-02
 Reference value :  1.12264e-02
 Reference value :  1.12289e-02
 Reference value :  1.12330e-02
 Reference value :  1.12362e-02
 Reference value :  1.12386e-02
 Reference value :  1.12427e-02
 Reference value :  1.12451e-02
 Reference value :  1.12484e-02
 Reference value :  1.12510e-02
 Reference value :  1.12549e-02
 Reference value :  1.12582e-02
 Reference value :  1.12620e-02
 Reference value :  1.12646e-02
 Reference value :  1.12671e-02
 Reference value :  1.12704e-02
 Reference value :  1.12744e-02
 Reference value :  1.12775e-02
 Reference value :  1.12802e-02
 Reference value :  1.12827e-02
 Reference value :  1.12867e-02
 Reference value :  1.12892e-02
 Reference value :  1.12925e-02
 Reference value :  1.12950e-02
 Reference value :  1.12990e-02
 Reference value :  1.13022e-02
 Reference value :  1.13047e-02
 Reference value :  1.13087e-02
 Reference value :  1.13120e-02
 Reference value :  1.13160e-02
 Reference value :  1.13188e-02
 Reference value :  1.13218e-02
 Reference value :  1.13258e-02
 Reference value :  1.13290e-02
 Reference value :  1.13315e-02
 Reference value :  1.13348e-02
 Reference value :  1.13380e-02
 Reference value :  1.13413e-02
 Reference value :  1.13438e-02
 Reference value :  1.13478e-02
 Reference value :  1.13503e-02
 Reference value :  1.13535e-02
 Reference value :  1.13560e-02
 Reference value :  1.13600e-02
 Reference value :  1.13633e-02
 Reference value :  1.13658e-02
 Reference value :  1.13698e-02
 Reference value :  1.13724e-02
 Reference value :  1.13755e-02
 Reference value :  1.13781e-02
 Reference value :  1.13820e-02
 Reference value :  1.13850e-02
 Reference value :  1.13877e-02
 Reference value :  1.13902e-02
 Reference value :  1.13941e-02
 Reference value :  1.13974e-02
 Reference value :  1.14014e-02
 Reference value :  1.14041e-02
 Reference value :  1.14072e-02
 Reference value :  1.14097e-02
 Reference value :  1.14137e-02
 Reference value :  1.14170e-02
 Reference value :  1.14195e-02
 Reference value :  1.14219e-02
 Reference value :  1.14258e-02
 Reference value :  1.14293e-02
 Reference value :  1.14318e-02
 Reference value :  1.14342e-02
 Reference value :  1.14383e-02
 Reference value :  1.14409e-02
 Reference value :  1.14440e-02
 Reference value :  1.14465e-02
 Reference value :  1.14505e-02
 Reference value :  1.14530e-02
 Reference value :  1.14561e-02
 Reference value :  1.14587e-02
 Reference value :  1.14612e-02
 Reference value :  1.14652e-02
 Reference value :  1.14677e-02
 Reference value :  1.14709e-02
 Reference value :  1.14734e-02
 Reference value :  1.14759e-02
 Reference value :  1.14799e-02
 Reference value :  1.14832e-02
 Reference value :  1.14856e-02
 Reference value :  1.14896e-02
 Reference value :  1.14929e-02
 Reference value :  1.14954e-02
 Reference value :  1.14994e-02
 Reference value :  1.15020e-02
 Reference value :  1.15052e-02
 Reference value :  1.15076e-02
 Reference value :  1.15116e-02
 Reference value :  1.15147e-02
 Reference value :  1.15173e-02
 Reference value :  1.15213e-02
 Reference value :  1.15237e-02
 Reference value :  1.15263e-02
 Reference value :  1.15295e-02
 Reference value :  1.15321e-02
 Reference value :  1.15360e-02
 Reference value :  1.15384e-02
 Reference value :  1.15417e-02
 Reference value :  1.15441e-02
 Reference value :  1.15468e-02
 Reference value :  1.15506e-02
 Reference value :  1.15539e-02
 Reference value :  1.15564e-02
 Reference value :  1.15601e-02
 Reference value :  1.15628e-02
 Reference value :  1.15653e-02
 Reference value :  1.15685e-02
 Reference value :  1.15711e-02
 Reference value :  1.15751e-02
 Reference value :  1.15782e-02
 Reference value :  1.15808e-02
 Reference value :  1.15834e-02
 Reference value :  1.15873e-02
 Reference value :  1.15906e-02
 Reference value :  1.15931e-02
 Reference value :  1.15969e-02
 Reference value :  1.15995e-02
 Reference value :  1.16028e-02
 Reference value :  1.16053e-02
 Reference value :  1.16077e-02
 Reference value :  1.16117e-02
 Reference value :  1.16143e-02
 Reference value :  1.16175e-02
 Reference value :  1.16213e-02
 Reference value :  1.16239e-02
 Reference value :  1.16272e-02
 Reference value :  1.16297e-02
 Reference value :  1.16337e-02
 Reference value :  1.16370e-02
 Reference value :  1.16395e-02
 Reference value :  1.16434e-02
 Reference value :  1.16466e-02
 Reference value :  1.16492e-02
 Reference value :  1.16531e-02
 Reference value :  1.16565e-02
 Reference value :  1.16589e-02
 Reference value :  1.16628e-02
 Reference value :  1.16654e-02
 Reference value :  1.16687e-02
 Reference value :  1.16713e-02
 Reference value :  1.16751e-02
 Reference value :  1.16784e-02
 Reference value :  1.16809e-02
 Reference value :  1.16834e-02
 Reference value :  1.16873e-02
 Reference value :  1.16906e-02
 Reference value :  1.16931e-02
 Reference value :  1.16971e-02
 Reference value :  1.17004e-02
 Reference value :  1.17029e-02
 Reference value :  1.17068e-02
 Reference value :  1.17093e-02
 Reference value :  1.17126e-02
 Reference value :  1.17151e-02
 Reference value :  1.17191e-02
 Reference value :  1.17224e-02
 Reference value :  1.17249e-02
 Reference value :  1.17273e-02
 Reference value :  1.17310e-02
 Reference value :  1.17337e-02
 Reference value :  1.17370e-02
 Reference value :  1.17395e-02
 Reference value :  1.17423e-02
 Reference value :  1.17459e-02
 Reference value :  1.17492e-02
 Reference value :  1.17517e-02
 Reference value :  1.17556e-02
 Reference value :  1.17590e-02
 Reference value :  1.17615e-02
 Reference value :  1.17641e-02
 Reference value :  1.17680e-02
 Reference value :  1.17713e-02
 Reference value :  1.17738e-02
 Reference value :  1.17763e-02
 Reference value :  1.17801e-02
 Reference value :  1.17826e-02
 Reference value :  1.17859e-02
 Reference value :  1.17885e-02
 Reference value :  1.17923e-02
 Reference value :  1.17949e-02
 Reference value :  1.17982e-02
 Reference value :  1.18007e-02
 Reference value :  1.18045e-02
 Reference value :  1.18078e-02
 Reference value :  1.18104e-02
 Reference value :  1.18142e-02
 Reference value :  1.18176e-02
 Reference value :  1.18200e-02
 Reference value :  1.18225e-02
 Reference value :  1.18265e-02
 Reference value :  1.18298e-02
 Reference value :  1.18323e-02
 Reference value :  1.18362e-02
 Reference value :  1.18395e-02
 Reference value :  1.18421e-02
 Reference value :  1.18460e-02
 Reference value :  1.18485e-02
 Reference value :  1.18518e-02
 Reference value :  1.18543e-02
 Reference value :  1.18583e-02
 Reference value :  1.18616e-02
 Reference value :  1.18641e-02
 Reference value :  1.18681e-02
 Reference value :  1.18714e-02
 Reference value :  1.18753e-02
 Reference value :  1.18778e-02
 Reference value :  1.18812e-02
 Reference value :  1.18851e-02
 Reference value :  1.18876e-02
 Reference value :  1.18909e-02
 Reference value :  1.18934e-02
 Reference value :  1.18974e-02
 Reference value :  1.18998e-02
 Reference value :  1.19032e-02
 Reference value :  1.19056e-02
 Reference value :  1.19096e-02
 Reference value :  1.19129e-02
 Reference value :  1.19154e-02
 Reference value :  1.19193e-02
 Reference value :  1.19227e-02
 Reference value :  1.19252e-02
 Reference value :  1.19291e-02
 Reference value :  1.19324e-02
 Reference value :  1.19350e-02
 Reference value :  1.19389e-02
 Reference value :  1.19422e-02
 Reference value :  1.19447e-02
 Reference value :  1.19486e-02
 Reference value :  1.19511e-02
 Reference value :  1.19545e-02
 Reference value :  1.19570e-02
 Reference value :  1.19609e-02
 Reference value :  1.19642e-02
 Reference value :  1.19667e-02
 Reference value :  1.19692e-02
 Reference value :  1.19731e-02
 Reference value :  1.19765e-02
 Reference value :  1.19790e-02
 Reference value :  1.19829e-02
 Reference value :  1.19861e-02
 Reference value :  1.19887e-02
 Reference value :  1.19913e-02
 Reference value :  1.19952e-02
 Reference value :  1.19985e-02
 Reference value :  1.20010e-02
 Reference value :  1.20035e-02
 Reference value :  1.20074e-02
 Reference value :  1.20107e-02
 Reference value :  1.20133e-02
 Reference value :  1.20158e-02
 Reference value :  1.20197e-02
 Reference value :  1.20222e-02
 Reference value :  1.20255e-02
 Reference value :  1.20295e-02
 Reference value :  1.20329e-02
 Reference value :  1.20354e-02
 Reference value :  1.20379e-02
 Reference value :  1.20417e-02
 Reference value :  1.20451e-02
 Reference value :  1.20475e-02
 Reference value :  1.20515e-02
 Reference value :  1.20549e-02
 Reference value :  1.20573e-02
 Reference value :  1.20599e-02
 Reference value :  1.20638e-02
 Reference value :  1.20671e-02
 Reference value :  1.20695e-02
 Reference value :  1.20735e-02
 Reference value :  1.20768e-02
 Reference value :  1.20792e-02
 Reference value :  1.20831e-02
 Reference value :  1.20857e-02
 Reference value :  1.20890e-02
 Reference value :  1.20930e-02
 Reference value :  1.20964e-02
 Reference value :  1.20990e-02
 Reference value :  1.21027e-02
 Reference value :  1.21061e-02
 Reference value :  1.21086e-02
 Reference value :  1.21125e-02
 Reference value :  1.21150e-02
 Reference value :  1.21184e-02
 Reference value :  1.21223e-02
 Reference value :  1.21247e-02
 Reference value :  1.21281e-02
 Reference value :  1.21306e-02
 Reference value :  1.21331e-02
 Reference value :  1.21370e-02
 Reference value :  1.21404e-02
 Reference value :  1.21428e-02
 Reference value :  1.21454e-02
 Reference value :  1.21492e-02
 Reference value :  1.21526e-02
 Reference value :  1.21554e-02
 Reference value :  1.21589e-02
 Reference value :  1.21623e-02
 Reference value :  1.21648e-02
 Reference value :  1.21687e-02
 Reference value :  1.21711e-02
 Reference value :  1.21745e-02
 Reference value :  1.21769e-02
 Reference value :  1.21799e-02
 Reference value :  1.21832e-02
 Reference value :  1.21857e-02
 Reference value :  1.21892e-02
 Reference value :  1.21916e-02
 Reference value :  1.21956e-02
 Reference value :  1.21989e-02
 Reference value :  1.22015e-02
 Reference value :  1.22053e-02
 Reference value :  1.22087e-02
 Reference value :  1.22112e-02
 Reference value :  1.22137e-02
 Reference value :  1.22176e-02
 Reference value :  1.22210e-02
 Reference value :  1.22235e-02
 Reference value :  1.22260e-02
 Reference value :  1.22299e-02
 Reference value :  1.22333e-02
 Reference value :  1.22371e-02
 Reference value :  1.22396e-02
 Reference value :  1.22421e-02
 Reference value :  1.22454e-02
 Reference value :  1.22480e-02
 Reference value :  1.22505e-02
 Reference value :  1.22544e-02
 Reference value :  1.22578e-02
 Reference value :  1.22602e-02
 Reference value :  1.22627e-02
 Reference value :  1.22666e-02
 Reference value :  1.22699e-02
 Reference value :  1.22725e-02
 Reference value :  1.22763e-02
 Reference value :  1.22788e-02
 Reference value :  1.22822e-02
 Reference value :  1.22846e-02
 Reference value :  1.22883e-02
 Reference value :  1.22911e-02
 Reference value :  1.22944e-02
 Reference value :  1.22982e-02
 Reference value :  1.23007e-02
 Reference value :  1.23041e-02
 Reference value :  1.23066e-02
 Reference value :  1.23096e-02
 Reference value :  1.23129e-02
 Reference value :  1.23163e-02
 Reference value :  1.23188e-02
 Reference value :  1.23226e-02
 Reference value :  1.23261e-02
 Reference value :  1.23285e-02
 Reference value :  1.23324e-02
 Reference value :  1.23351e-02
 Reference value :  1.23383e-02
 Reference value :  1.23408e-02
 Reference value :  1.23434e-02
 Reference value :  1.23472e-02
 Reference value :  1.23506e-02
 Reference value :  1.23531e-02
 Reference value :  1.23569e-02
 Reference value :  1.23594e-02
 Reference value :  1.23628e-02
 Reference value :  1.23653e-02
 Reference value :  1.23690e-02
 Reference value :  1.23716e-02
 Reference value :  1.23749e-02
 Reference value :  1.23775e-02
 Reference value :  1.23812e-02
 Reference value :  1.23838e-02
 Reference value :  1.23871e-02
 Reference value :  1.23897e-02
 Reference value :  1.23922e-02
 Reference value :  1.23960e-02
 Reference value :  1.23985e-02
 Reference value :  1.24019e-02
 Reference value :  1.24044e-02
 Reference value :  1.24082e-02
 Reference value :  1.24107e-02
 Reference value :  1.24141e-02
 Reference value :  1.24165e-02
 Reference value :  1.24190e-02
 Reference value :  1.24228e-02
 Reference value :  1.24263e-02
 Reference value :  1.24287e-02
 Reference value :  1.24315e-02
 Reference value :  1.24350e-02
 Reference value :  1.24385e-02
 Reference value :  1.24409e-02
 Reference value :  1.24448e-02
 Reference value :  1.24473e-02
 Reference value :  1.24507e-02
 Reference value :  1.24532e-02
 Reference value :  1.24569e-02
 Reference value :  1.24594e-02
 Reference value :  1.24628e-02
 Reference value :  1.24653e-02
 Reference value :  1.24690e-02
 Reference value :  1.24717e-02
 Reference value :  1.24751e-02
 Reference value :  1.24776e-02
 Reference value :  1.24815e-02
 Reference value :  1.24848e-02
 Reference value :  1.24873e-02
 Reference value :  1.24911e-02
 Reference value :  1.24936e-02
 Reference value :  1.24960e-02
 Reference value :  1.24994e-02
 Reference value :  1.25019e-02
 Reference value :  1.25045e-02
 Reference value :  1.25082e-02
 Reference value :  1.25109e-02
 Reference value :  1.25141e-02
 Reference value :  1.25166e-02
 Reference value :  1.25205e-02
 Reference value :  1.25239e-02
 Reference value :  1.25263e-02
 Reference value :  1.25302e-02
 Reference value :  1.25327e-02
 Reference value :  1.25361e-02
 Reference value :  1.25399e-02
 Reference value :  1.25424e-02
 Reference value :  1.25459e-02
 Reference value :  1.25483e-02
 Reference value :  1.25522e-02
 Reference value :  1.25547e-02
 Reference value :  1.25581e-02
 Reference value :  1.25606e-02
 Reference value :  1.25644e-02
 Reference value :  1.25678e-02
 Reference value :  1.25703e-02
 Reference value :  1.25732e-02
 Reference value :  1.25766e-02
 Reference value :  1.25800e-02
 Reference value :  1.25825e-02
 Reference value :  1.25863e-02
 Reference value :  1.25888e-02
 Reference value :  1.25923e-02
 Reference value :  1.25947e-02
 Reference value :  1.25986e-02
 Reference value :  1.26020e-02
 Reference value :  1.26045e-02
 Reference value :  1.26069e-02
 Reference value :  1.26107e-02
 Reference value :  1.26132e-02
 Reference value :  1.26167e-02
 Reference value :  1.26192e-02
 Reference value :  1.26230e-02
 Reference value :  1.26255e-02
 Reference value :  1.26289e-02
 Reference value :  1.26327e-02
 Reference value :  1.26352e-02
 Reference value :  1.26387e-02
 Reference value :  1.26411e-02
 Reference value :  1.26450e-02
 Reference value :  1.26484e-02
 Reference value :  1.26509e-02
 Reference value :  1.26533e-02
 Reference value :  1.26571e-02
 Reference value :  1.26606e-02
 Reference value :  1.26630e-02
 Reference value :  1.26655e-02
 Reference value :  1.26693e-02
 Reference value :  1.26728e-02
 Reference value :  1.26753e-02
 Reference value :  1.26779e-02
 Reference value :  1.26816e-02
 Reference value :  1.26850e-02
 Reference value :  1.26876e-02
 Reference value :  1.26913e-02
 Reference value :  1.26948e-02
 Reference value :  1.26973e-02
 Reference value :  1.27000e-02
 Reference value :  1.27036e-02
 Reference value :  1.27060e-02
 Reference value :  1.27095e-02
 Reference value :  1.27119e-02
 Reference value :  1.27157e-02
 Reference value :  1.27181e-02
 Reference value :  1.27216e-02
 Reference value :  1.27241e-02
 Reference value :  1.27279e-02
 Reference value :  1.27304e-02
 Reference value :  1.27338e-02
 Reference value :  1.27364e-02
 Reference value :  1.27401e-02
 Reference value :  1.27435e-02
 Reference value :  1.27460e-02
 Reference value :  1.27485e-02
 Reference value :  1.27523e-02
 Reference value :  1.27557e-02
 Reference value :  1.27582e-02
 Reference value :  1.27606e-02
 Reference value :  1.27645e-02
 Reference value :  1.27679e-02
 Reference value :  1.27704e-02
 Reference value :  1.27742e-02
 Reference value :  1.27776e-02
 Reference value :  1.27801e-02
 Reference value :  1.27826e-02
 Reference value :  1.27864e-02
 Reference value :  1.27889e-02
 Reference value :  1.27923e-02
 Reference value :  1.27949e-02
 Reference value :  1.27987e-02
 Reference value :  1.28021e-02
 Reference value :  1.28049e-02
 Reference value :  1.28085e-02
 Reference value :  1.28119e-02
 Reference value :  1.28144e-02
 Reference value :  1.28182e-02
 Reference value :  1.28209e-02
 Reference value :  1.28242e-02
 Reference value :  1.28266e-02
 Reference value :  1.28303e-02
 Reference value :  1.28329e-02
 Reference value :  1.28364e-02
 Reference value :  1.28402e-02
 Reference value :  1.28428e-02
 Reference value :  1.28462e-02
 Reference value :  1.28500e-02
 Reference value :  1.28534e-02
 Reference value :  1.28559e-02
 Reference value :  1.28585e-02
 Reference value :  1.28623e-02
 Reference value :  1.28657e-02
 Reference value :  1.28681e-02
 Reference value :  1.28720e-02
 Reference value :  1.28744e-02
 Reference value :  1.28769e-02
 Reference value :  1.28793e-02
 Reference value :  1.28828e-02
 Reference value :  1.28853e-02
 Reference value :  1.28890e-02
 Reference value :  1.28915e-02
 Reference value :  1.28950e-02
 Reference value :  1.28974e-02
 Reference value :  1.29011e-02
 Reference value :  1.29047e-02
 Reference value :  1.29072e-02
 Reference value :  1.29097e-02
 Reference value :  1.29125e-02
 Reference value :  1.29162e-02
 Reference value :  1.29195e-02
 Reference value :  1.29219e-02
 Reference value :  1.29257e-02
 Reference value :  1.29282e-02
 Reference value :  1.29317e-02
 Reference value :  1.29342e-02
 Reference value :  1.29380e-02
 Reference value :  1.29404e-02
 Reference value :  1.29438e-02
 Reference value :  1.29463e-02
 Reference value :  1.29487e-02
 Reference value :  1.29525e-02
 Reference value :  1.29550e-02
 Reference value :  1.29575e-02
 Reference value :  1.29610e-02
 Reference value :  1.29648e-02
 Reference value :  1.29682e-02
 Reference value :  1.29707e-02
 Reference value :  1.29735e-02
 Reference value :  1.29770e-02
 Reference value :  1.29795e-02
 Reference value :  1.29830e-02
 Reference value :  1.29869e-02
 Reference value :  1.29903e-02
 Reference value :  1.29928e-02
 Reference value :  1.29966e-02
 Reference value :  1.29990e-02
 Reference value :  1.30026e-02
 Reference value :  1.30064e-02
 Reference value :  1.30089e-02
 Reference value :  1.30124e-02
 Reference value :  1.30149e-02
 Reference value :  1.30186e-02
 Reference value :  1.30221e-02
 Reference value :  1.30246e-02
 Reference value :  1.30284e-02
 Reference value :  1.30308e-02
 Reference value :  1.30343e-02
 Reference value :  1.30368e-02
 Reference value :  1.30393e-02
 Reference value :  1.30431e-02
 Reference value :  1.30466e-02
 Reference value :  1.30491e-02
 Reference value :  1.30529e-02
 Reference value :  1.30554e-02
 Reference value :  1.30588e-02
 Reference value :  1.30613e-02
 Reference value :  1.30651e-02
 Reference value :  1.30686e-02
 Reference value :  1.30711e-02
 Reference value :  1.30749e-02
 Reference value :  1.30784e-02
 Reference value :  1.30808e-02
 Reference value :  1.30846e-02
 Reference value :  1.30872e-02
 Reference value :  1.30906e-02
 Reference value :  1.30931e-02
 Reference value :  1.30955e-02
 Reference value :  1.30993e-02
 Reference value :  1.31028e-02
 Reference value :  1.31053e-02
 Reference value :  1.31091e-02
 Reference value :  1.31126e-02
 Reference value :  1.31150e-02
 Reference value :  1.31189e-02
 Reference value :  1.31224e-02
 Reference value :  1.31248e-02
 Reference value :  1.31273e-02
 Reference value :  1.31312e-02
 Reference value :  1.31346e-02
 Reference value :  1.31371e-02
 Reference value :  1.31409e-02
 Reference value :  1.31444e-02
 Reference value :  1.31468e-02
 Reference value :  1.31506e-02
 Reference value :  1.31531e-02
 Reference value :  1.31566e-02
 Reference value :  1.31591e-02
 Reference value :  1.31628e-02
 Reference value :  1.31663e-02
 Reference value :  1.31688e-02
 Reference value :  1.31714e-02
 Reference value :  1.31752e-02
 Reference value :  1.31786e-02
 Reference value :  1.31811e-02
 Reference value :  1.31850e-02
 Reference value :  1.31884e-02
 Reference value :  1.31909e-02
 Reference value :  1.31948e-02
 Reference value :  1.31982e-02
 Reference value :  1.32006e-02
 Reference value :  1.32044e-02
 Reference value :  1.32069e-02
 Reference value :  1.32103e-02
 Reference value :  1.32141e-02
 Reference value :  1.32174e-02
 Reference value :  1.32201e-02
 Reference value :  1.32226e-02
 Reference value :  1.32266e-02
 Reference value :  1.32299e-02
 Reference value :  1.32336e-02
 Reference value :  1.32371e-02
 Reference value :  1.32397e-02
 Reference value :  1.32421e-02
 Reference value :  1.32460e-02
 Reference value :  1.32495e-02
 Reference value :  1.32520e-02
 Reference value :  1.32545e-02
 Reference value :  1.32582e-02
 Reference value :  1.32616e-02
 Reference value :  1.32642e-02
 Reference value :  1.32680e-02
 Reference value :  1.32705e-02
 Reference value :  1.32739e-02
 Reference value :  1.32764e-02
 Reference value :  1.32802e-02
 Reference value :  1.32836e-02
 Reference value :  1.32862e-02
 Reference value :  1.32887e-02
 Reference value :  1.32925e-02
 Reference value :  1.32959e-02
 Reference value :  1.32984e-02
 Reference value :  1.33009e-02
 Reference value :  1.33047e-02
 Reference value :  1.33082e-02
 Reference value :  1.33107e-02
 Reference value :  1.33132e-02
 Reference value :  1.33170e-02
 Reference value :  1.33205e-02
 Reference value :  1.33230e-02
 Reference value :  1.33255e-02
 Reference value :  1.33293e-02
 Reference value :  1.33328e-02
 Reference value :  1.33361e-02
 Reference value :  1.33391e-02
 Reference value :  1.33426e-02
 Reference value :  1.33451e-02
 Reference value :  1.33476e-02
 Reference value :  1.33514e-02
 Reference value :  1.33538e-02
 Reference value :  1.33573e-02
 Reference value :  1.33598e-02
 Reference value :  1.33636e-02
 Reference value :  1.33671e-02
 Reference value :  1.33696e-02
 Reference value :  1.33733e-02
 Reference value :  1.33759e-02
 Reference value :  1.33794e-02
 Reference value :  1.33818e-02
 Reference value :  1.33856e-02
 Reference value :  1.33884e-02
 Reference value :  1.33915e-02
 Reference value :  1.33940e-02
 Reference value :  1.33978e-02
 Reference value :  1.34003e-02
 Reference value :  1.34037e-02
 Reference value :  1.34062e-02
 Reference value :  1.34101e-02
 Reference value :  1.34135e-02
 Reference value :  1.34160e-02
 Reference value :  1.34198e-02
 Reference value :  1.34233e-02
 Reference value :  1.34258e-02
 Reference value :  1.34284e-02
 Reference value :  1.34324e-02
 Reference value :  1.34355e-02
 Reference value :  1.34394e-02
 Reference value :  1.34418e-02
 Reference value :  1.34453e-02
 Reference value :  1.34478e-02
 Reference value :  1.34516e-02
 Reference value :  1.34541e-02
 Reference value :  1.34566e-02
 Reference value :  1.34599e-02
 Reference value :  1.34624e-02
 Reference value :  1.34648e-02
 Reference value :  1.34685e-02
 Reference value :  1.34721e-02
 Reference value :  1.34746e-02
 Reference value :  1.34784e-02
 Reference value :  1.34809e-02
 Reference value :  1.34843e-02
 Reference value :  1.34882e-02
 Reference value :  1.34917e-02
 Reference value :  1.34942e-02
 Reference value :  1.34979e-02
 Reference value :  1.35013e-02
 Reference value :  1.35039e-02
 Reference value :  1.35063e-02
 Reference value :  1.35101e-02
 Reference value :  1.35137e-02
 Reference value :  1.35161e-02
 Reference value :  1.35199e-02
 Reference value :  1.35232e-02
 Reference value :  1.35259e-02
 Reference value :  1.35296e-02
 Reference value :  1.35321e-02
 Reference value :  1.35356e-02
 Reference value :  1.35381e-02
 Reference value :  1.35419e-02
 Reference value :  1.35444e-02
 Reference value :  1.35477e-02
 Reference value :  1.35504e-02
 Reference value :  1.35528e-02
 Reference value :  1.35567e-02
 Reference value :  1.35602e-02
 Reference value :  1.35626e-02
 Reference value :  1.35664e-02
 Reference value :  1.35689e-02
 Reference value :  1.35723e-02
 Reference value :  1.35749e-02
 Reference value :  1.35787e-02
 Reference value :  1.35821e-02
 Reference value :  1.35846e-02
 Reference value :  1.35894e-02
 Reference value :  1.35919e-02
 Reference value :  1.35958e-02
 Reference value :  1.35983e-02
 Reference value :  1.36016e-02
 Reference value :  1.36042e-02
 Reference value :  1.36079e-02
 Reference value :  1.36115e-02
 Reference value :  1.36140e-02
 Reference value :  1.36179e-02
 Reference value :  1.36213e-02
 Reference value :  1.36239e-02
 Reference value :  1.36277e-02
 Reference value :  1.36311e-02
 Reference value :  1.36336e-02
 Reference value :  1.36360e-02
 Reference value :  1.36397e-02
 Reference value :  1.36423e-02
 Reference value :  1.36448e-02
 Reference value :  1.36482e-02
 Reference value :  1.36520e-02
 Reference value :  1.36546e-02
 Reference value :  1.36580e-02
 Reference value :  1.36604e-02
 Reference value :  1.36643e-02
 Reference value :  1.36668e-02
 Reference value :  1.36702e-02
 Reference value :  1.36727e-02
 Reference value :  1.36766e-02
 Reference value :  1.36800e-02
 Reference value :  1.36825e-02
 Reference value :  1.36850e-02
 Reference value :  1.36888e-02
 Reference value :  1.36914e-02
 Reference value :  1.36948e-02
 Reference value :  1.36986e-02
 Reference value :  1.37019e-02
 Reference value :  1.37045e-02
 Reference value :  1.37071e-02
 Reference value :  1.37109e-02
 Reference value :  1.37142e-02
 Reference value :  1.37168e-02
 Reference value :  1.37207e-02
 Reference value :  1.37242e-02
 Reference value :  1.37267e-02
 Reference value :  1.37305e-02
 Reference value :  1.37340e-02
 Reference value :  1.37365e-02
 Reference value :  1.37391e-02
 Reference value :  1.37428e-02
 Reference value :  1.37463e-02
 Reference value :  1.37487e-02
 Reference value :  1.37526e-02
 Reference value :  1.37560e-02
 Reference value :  1.37584e-02
 Reference value :  1.37623e-02
 Reference value :  1.37657e-02
 Reference value :  1.37682e-02
 Reference value :  1.37721e-02
 Reference value :  1.37747e-02
 Reference value :  1.37780e-02
 Reference value :  1.37819e-02
 Reference value :  1.37853e-02
 Reference value :  1.37878e-02
 Reference value :  1.37903e-02
 Reference value :  1.37941e-02
 Reference value :  1.37976e-02
 Reference value :  1.38001e-02
 Reference value :  1.38025e-02
 Reference value :  1.38063e-02
 Reference value :  1.38088e-02
 Reference value :  1.38121e-02
 Reference value :  1.38147e-02
 Reference value :  1.38172e-02
 Reference value :  1.38210e-02
 Reference value :  1.38244e-02
 Reference value :  1.38269e-02
 Reference value :  1.38308e-02
 Reference value :  1.38342e-02
 Reference value :  1.38367e-02
 Reference value :  1.38405e-02
 Reference value :  1.38440e-02
 Reference value :  1.38464e-02
 Reference value :  1.38503e-02
 Reference value :  1.38527e-02
 Reference value :  1.38562e-02
 Reference value :  1.38587e-02
 Reference value :  1.38626e-02
 Reference value :  1.38650e-02
 Reference value :  1.38684e-02
 Reference value :  1.38709e-02
 Reference value :  1.38748e-02
 Reference value :  1.38782e-02
 Reference value :  1.38807e-02
 Reference value :  1.38845e-02
 Reference value :  1.38873e-02
 Reference value :  1.38904e-02
 Reference value :  1.38942e-02
 Reference value :  1.38967e-02
 Reference value :  1.39002e-02
 Reference value :  1.39040e-02
 Reference value :  1.39075e-02
 Reference value :  1.39100e-02
 Reference value :  1.39137e-02
 Reference value :  1.39163e-02
 Reference value :  1.39198e-02
 Reference value :  1.39222e-02
 Reference value :  1.39261e-02
 Reference value :  1.39286e-02
 Reference value :  1.39320e-02
 Reference value :  1.39344e-02
 Reference value :  1.39371e-02
 Reference value :  1.39407e-02
 Reference value :  1.39442e-02
 Reference value :  1.39466e-02
 Reference value :  1.39491e-02
 Reference value :  1.39529e-02
 Reference value :  1.39563e-02
 Reference value :  1.39592e-02
 Reference value :  1.39626e-02
 Reference value :  1.39661e-02
 Reference value :  1.39685e-02
 Reference value :  1.39724e-02
 Reference value :  1.39749e-02
 Reference value :  1.39782e-02
 Reference value :  1.39807e-02
 Reference value :  1.39832e-02
 Reference value :  1.39871e-02
 Reference value :  1.39905e-02
 Reference value :  1.39930e-02
 Reference value :  1.39968e-02
 Reference value :  1.39993e-02
 Reference value :  1.40027e-02
 Reference value :  1.40052e-02
 Reference value :  1.40090e-02
 Reference value :  1.40125e-02
 Reference value :  1.40150e-02
 Reference value :  1.40175e-02
 Reference value :  1.40213e-02
 Reference value :  1.40238e-02
 Reference value :  1.40262e-02
 Reference value :  1.40297e-02
 Reference value :  1.40335e-02
 Reference value :  1.40360e-02
 Reference value :  1.40394e-02
 Reference value :  1.40419e-02
 Reference value :  1.40457e-02
 Reference value :  1.40483e-02
 Reference value :  1.40516e-02
 Reference value :  1.40554e-02
 Reference value :  1.40587e-02
 Reference value :  1.40613e-02
 Reference value :  1.40638e-02
 Reference value :  1.40676e-02
 Reference value :  1.40710e-02
 Reference value :  1.40735e-02
 Reference value :  1.40773e-02
 Reference value :  1.40807e-02
 Reference value :  1.40832e-02
 Reference value :  1.40857e-02
 Reference value :  1.40896e-02
 Reference value :  1.40931e-02
 Reference value :  1.40959e-02
 Reference value :  1.40995e-02
 Reference value :  1.41020e-02
 Reference value :  1.41054e-02
 Reference value :  1.41093e-02
 Reference value :  1.41127e-02
 Reference value :  1.41152e-02
 Reference value :  1.41191e-02
 Reference value :  1.41217e-02
 Reference value :  1.41250e-02
 Reference value :  1.41274e-02
 Reference value :  1.41312e-02
 Reference value :  1.41337e-02
 Reference value :  1.41371e-02
 Reference value :  1.41396e-02
 Reference value :  1.41434e-02
 Reference value :  1.41459e-02
 Reference value :  1.41493e-02
 Reference value :  1.41518e-02
 Reference value :  1.41556e-02
 Reference value :  1.41591e-02
 Reference value :  1.41615e-02
 Reference value :  1.41640e-02
 Reference value :  1.41678e-02
 Reference value :  1.41703e-02
 Reference value :  1.41738e-02
 Reference value :  1.41762e-02
 Reference value :  1.41801e-02
 Reference value :  1.41835e-02
 Reference value :  1.41860e-02
 Reference value :  1.41899e-02
 Reference value :  1.41931e-02
 Reference value :  1.41958e-02
 Reference value :  1.41983e-02
 Reference value :  1.42021e-02
 Reference value :  1.42055e-02
 Reference value :  1.42080e-02
 Reference value :  1.42118e-02
 Reference value :  1.42144e-02
 Reference value :  1.42177e-02
 Reference value :  1.42202e-02
 Reference value :  1.42239e-02
 Reference value :  1.42266e-02
 Reference value :  1.42300e-02
 Reference value :  1.42325e-02
 Reference value :  1.42363e-02
 Reference value :  1.42397e-02
 Reference value :  1.42422e-02
 Reference value :  1.42460e-02
 Reference value :  1.42494e-02
 Reference value :  1.42519e-02
 Reference value :  1.42551e-02
 Reference value :  1.42582e-02
 Reference value :  1.42616e-02
 Reference value :  1.42641e-02
 Reference value :  1.42679e-02
 Reference value :  1.42714e-02
 Reference value :  1.42739e-02
 Reference value :  1.42778e-02
 Reference value :  1.42804e-02
 Reference value :  1.42837e-02
 Reference value :  1.42875e-02
 Reference value :  1.42900e-02
 Reference value :  1.42934e-02
 Reference value :  1.42972e-02
 Reference value :  1.42997e-02
 Reference value :  1.43032e-02
 Reference value :  1.43057e-02
 Reference value :  1.43085e-02
 Reference value :  1.43121e-02
 Reference value :  1.43146e-02
 Reference value :  1.43179e-02
 Reference value :  1.43204e-02
 Reference value :  1.43243e-02
 Reference value :  1.43268e-02
 Reference value :  1.43301e-02
 Reference value :  1.43340e-02
 Reference value :  1.43373e-02
 Reference value :  1.43399e-02
 Reference value :  1.43423e-02
 Reference value :  1.43462e-02
 Reference value :  1.43496e-02
 Reference value :  1.43521e-02
 Reference value :  1.43550e-02
 Reference value :  1.43585e-02
 Reference value :  1.43619e-02
 Reference value :  1.43644e-02
 Reference value :  1.43682e-02
 Reference value :  1.43707e-02
 Reference value :  1.43741e-02
 Reference value :  1.43766e-02
 Reference value :  1.43805e-02
 Reference value :  1.43829e-02
 Reference value :  1.43863e-02
 Reference value :  1.43891e-02
 Reference value :  1.43927e-02
 Reference value :  1.43959e-02
 Reference value :  1.43986e-02
 Reference value :  1.44010e-02
 Reference value :  1.44049e-02
 Reference value :  1.44074e-02
 Reference value :  1.44108e-02
 Reference value :  1.44133e-02
 Reference value :  1.44160e-02
 Reference value :  1.44197e-02
 Reference value :  1.44231e-02
 Reference value :  1.44258e-02
 Reference value :  1.44295e-02
 Reference value :  1.44329e-02
 Reference value :  1.44367e-02
 Reference value :  1.44392e-02
 Reference value :  1.44426e-02
 Reference value :  1.44453e-02
 Reference value :  1.44490e-02
 Reference value :  1.44524e-02
 Reference value :  1.44548e-02
 Reference value :  1.44573e-02
 Reference value :  1.44612e-02
 Reference value :  1.44636e-02
 Reference value :  1.44670e-02
 Reference value :  1.44709e-02
 Reference value :  1.44734e-02
 Reference value :  1.44768e-02
 Reference value :  1.44793e-02
 Reference value :  1.44832e-02
 Reference value :  1.44857e-02
 Reference value :  1.44890e-02
 Reference value :  1.44929e-02
 Reference value :  1.44961e-02
 Reference value :  1.44987e-02
 Reference value :  1.45026e-02
 Reference value :  1.45060e-02
 Reference value :  1.45085e-02
 Reference value :  1.45124e-02
 Reference value :  1.45158e-02
 Reference value :  1.45183e-02
 Reference value :  1.45221e-02
 Reference value :  1.45254e-02
 Reference value :  1.45281e-02
 Reference value :  1.45319e-02
 Reference value :  1.45354e-02
 Reference value :  1.45380e-02
 Reference value :  1.45417e-02
 Reference value :  1.45451e-02
 Reference value :  1.45476e-02
 Reference value :  1.45515e-02
 Reference value :  1.45549e-02
 Reference value :  1.45574e-02
 Reference value :  1.45613e-02
 Reference value :  1.45647e-02
 Reference value :  1.45672e-02
 Reference value :  1.45711e-02
 Reference value :  1.45745e-02
 Reference value :  1.45770e-02
 Reference value :  1.45794e-02
 Reference value :  1.45833e-02
 Reference value :  1.45858e-02
 Reference value :  1.45886e-02
 Reference value :  1.45917e-02
 Reference value :  1.45942e-02
 Reference value :  1.45981e-02
 Reference value :  1.46005e-02
 Reference value :  1.46039e-02
 Reference value :  1.46064e-02
 Reference value :  1.46103e-02
 Reference value :  1.46128e-02
 Reference value :  1.46162e-02
 Reference value :  1.46201e-02
 Reference value :  1.46235e-02
 Reference value :  1.46260e-02
 Reference value :  1.46298e-02
 Reference value :  1.46331e-02
 Reference value :  1.46357e-02
 Reference value :  1.46381e-02
 Reference value :  1.46420e-02
 Reference value :  1.46454e-02
 Reference value :  1.46492e-02
 Reference value :  1.46518e-02
 Reference value :  1.46552e-02
 Reference value :  1.46577e-02
 Reference value :  1.46616e-02
 Reference value :  1.46641e-02
 Reference value :  1.46675e-02
 Reference value :  1.46712e-02
 Reference value :  1.46739e-02
 Reference value :  1.46773e-02
 Reference value :  1.46811e-02
 Reference value :  1.46836e-02
 Reference value :  1.46869e-02
 Reference value :  1.46895e-02
 Reference value :  1.46933e-02
 Reference value :  1.46958e-02
 Reference value :  1.46992e-02
 Reference value :  1.47017e-02
 Reference value :  1.47056e-02
 Reference value :  1.47080e-02
 Reference value :  1.47115e-02
 Reference value :  1.47142e-02
 Reference value :  1.47179e-02
 Reference value :  1.47213e-02
 Reference value :  1.47251e-02
 Reference value :  1.47286e-02
 Reference value :  1.47311e-02
 Reference value :  1.47349e-02
 Reference value :  1.47374e-02
 Reference value :  1.47407e-02
 Reference value :  1.47433e-02
 Reference value :  1.47472e-02
 Reference value :  1.47505e-02
 Reference value :  1.47530e-02
 Reference value :  1.47569e-02
 Reference value :  1.47604e-02
 Reference value :  1.47629e-02
 Reference value :  1.47667e-02
 Reference value :  1.47701e-02
 Reference value :  1.47726e-02
 Reference value :  1.47765e-02
 Reference value :  1.47799e-02
 Reference value :  1.47824e-02
 Reference value :  1.47849e-02
 Reference value :  1.47887e-02
 Reference value :  1.47921e-02
 Reference value :  1.47960e-02
 Reference value :  1.47984e-02
 Reference value :  1.48018e-02
 Reference value :  1.48057e-02
 Reference value :  1.48091e-02
 Reference value :  1.48116e-02
 Reference value :  1.48155e-02
 Reference value :  1.48189e-02
 Reference value :  1.48229e-02
 Reference value :  1.48262e-02
 Reference value :  1.48287e-02
 Reference value :  1.48326e-02
 Reference value :  1.48360e-02
 Reference value :  1.48385e-02
 Reference value :  1.48410e-02
 Reference value :  1.48451e-02
 Reference value :  1.48483e-02
 Reference value :  1.48510e-02
 Reference value :  1.48546e-02
 Reference value :  1.48580e-02
 Reference value :  1.48606e-02
 Reference value :  1.48644e-02
 Reference value :  1.48678e-02
 Reference value :  1.48703e-02
 Reference value :  1.48742e-02
 Reference value :  1.48767e-02
 Reference value :  1.48800e-02
 Reference value :  1.48839e-02
 Reference value :  1.48872e-02
 Reference value :  1.48898e-02
 Reference value :  1.48937e-02
 Reference value :  1.48962e-02
 Reference value :  1.48996e-02
 Reference value :  1.49035e-02
 Reference value :  1.49069e-02
 Reference value :  1.49094e-02
 Reference value :  1.49134e-02
 Reference value :  1.49168e-02
 Reference value :  1.49192e-02
 Reference value :  1.49230e-02
 Reference value :  1.49257e-02
 Reference value :  1.49290e-02
 Reference value :  1.49328e-02
 Reference value :  1.49353e-02
 Reference value :  1.49387e-02
 Reference value :  1.49412e-02
 Reference value :  1.49437e-02
 Reference value :  1.49476e-02
 Reference value :  1.49510e-02
 Reference value :  1.49535e-02
 Reference value :  1.49574e-02
 Reference value :  1.49607e-02
 Reference value :  1.49632e-02
 Reference value :  1.49671e-02
 Reference value :  1.49705e-02
 Reference value :  1.49731e-02
 Reference value :  1.49769e-02
 Reference value :  1.49803e-02
 Reference value :  1.49828e-02
 Reference value :  1.49853e-02
 Reference value :  1.49892e-02
 Reference value :  1.49926e-02
 Reference value :  1.49951e-02
 Reference value :  1.49990e-02
 Reference value :  1.50024e-02
 Reference value :  1.50049e-02
 Reference value :  1.50088e-02
 Reference value :  1.50115e-02
 Reference value :  1.50147e-02
 Reference value :  1.50174e-02
 Reference value :  1.50210e-02
 Reference value :  1.50244e-02
 Reference value :  1.50269e-02
 Reference value :  1.50297e-02
 Reference value :  1.50333e-02
 Reference value :  1.50366e-02
 Reference value :  1.50391e-02
 Reference value :  1.50430e-02
 Reference value :  1.50463e-02
 Reference value :  1.50489e-02
 Reference value :  1.50525e-02
 Reference value :  1.50562e-02
 Reference value :  1.50587e-02
 Reference value :  1.50625e-02
 Reference value :  1.50650e-02
 Reference value :  1.50684e-02
 Reference value :  1.50710e-02
 Reference value :  1.50748e-02
 Reference value :  1.50782e-02
 Reference value :  1.50808e-02
 Reference value :  1.50846e-02
 Reference value :  1.50880e-02
 Reference value :  1.50919e-02
 Reference value :  1.50953e-02
 Reference value :  1.50978e-02
 Reference value :  1.51017e-02
 Reference value :  1.51051e-02
 Reference value :  1.51079e-02
 Reference value :  1.51116e-02
 Reference value :  1.51149e-02
 Reference value :  1.51187e-02
 Reference value :  1.51213e-02
 Reference value :  1.51246e-02
 Reference value :  1.51272e-02
 Reference value :  1.51310e-02
 Reference value :  1.51336e-02
 Reference value :  1.51369e-02
 Reference value :  1.51395e-02
 Reference value :  1.51433e-02
 Reference value :  1.51467e-02
 Reference value :  1.51505e-02
 Reference value :  1.51538e-02
 Reference value :  1.51564e-02
 Reference value :  1.51604e-02
 Reference value :  1.51628e-02
 Reference value :  1.51662e-02
 Reference value :  1.51701e-02
 Reference value :  1.51734e-02
 Reference value :  1.51759e-02
 Reference value :  1.51784e-02
 Reference value :  1.51823e-02
 Reference value :  1.51857e-02
 Reference value :  1.51882e-02
 Reference value :  1.51921e-02
 Reference value :  1.51955e-02
 Reference value :  1.51980e-02
 Reference value :  1.52019e-02
 Reference value :  1.52053e-02
 Reference value :  1.52077e-02
 Reference value :  1.52116e-02
 Reference value :  1.52150e-02
 Reference value :  1.52175e-02
 Reference value :  1.52214e-02
 Reference value :  1.52239e-02
 Reference value :  1.52273e-02
 Reference value :  1.52302e-02
 Reference value :  1.52337e-02
 Reference value :  1.52370e-02
 Reference value :  1.52395e-02
 Reference value :  1.52420e-02
 Reference value :  1.52459e-02
 Reference value :  1.52493e-02
 Reference value :  1.52518e-02
 Reference value :  1.52557e-02
 Reference value :  1.52590e-02
 Reference value :  1.52629e-02
 Reference value :  1.52654e-02
 Reference value :  1.52688e-02
 Reference value :  1.52727e-02
 Reference value :  1.52752e-02
 Reference value :  1.52786e-02
 Reference value :  1.52825e-02
 Reference value :  1.52850e-02
 Reference value :  1.52884e-02
 Reference value :  1.52919e-02
 Reference value :  1.52948e-02
 Reference value :  1.52982e-02
 Reference value :  1.53007e-02
 Reference value :  1.53046e-02
 Reference value :  1.53079e-02
 Reference value :  1.53104e-02
 Reference value :  1.53143e-02
 Reference value :  1.53177e-02
 Reference value :  1.53201e-02
 Reference value :  1.53241e-02
 Reference value :  1.53275e-02
 Reference value :  1.53300e-02
 Reference value :  1.53339e-02
 Reference value :  1.53364e-02
 Reference value :  1.53398e-02
 Reference value :  1.53422e-02
 Reference value :  1.53461e-02
 Reference value :  1.53493e-02
 Reference value :  1.53520e-02
 Reference value :  1.53558e-02
 Reference value :  1.53592e-02
 Reference value :  1.53618e-02
 Reference value :  1.53657e-02
 Reference value :  1.53690e-02
 Reference value :  1.53715e-02
 Reference value :  1.53755e-02
 Reference value :  1.53788e-02
 Reference value :  1.53813e-02
 Reference value :  1.53839e-02
 Reference value :  1.53877e-02
 Reference value :  1.53911e-02
 Reference value :  1.53950e-02
 Reference value :  1.53984e-02
 Reference value :  1.54009e-02
 Reference value :  1.54048e-02
 Reference value :  1.54081e-02
 Reference value :  1.54107e-02
 Reference value :  1.54146e-02
 Reference value :  1.54180e-02
 Reference value :  1.54219e-02
 Reference value :  1.54244e-02
 Reference value :  1.54278e-02
 Reference value :  1.54317e-02
 Reference value :  1.54350e-02
 Reference value :  1.54376e-02
 Reference value :  1.54401e-02
 Reference value :  1.54440e-02
 Reference value :  1.54474e-02
 Reference value :  1.54499e-02
 Reference value :  1.54539e-02
 Reference value :  1.54572e-02
 Reference value :  1.54597e-02
 Reference value :  1.54622e-02
 Reference value :  1.54660e-02
 Reference value :  1.54695e-02
 Reference value :  1.54734e-02
 Reference value :  1.54767e-02
 Reference value :  1.54792e-02
 Reference value :  1.54831e-02
 Reference value :  1.54863e-02
 Reference value :  1.54889e-02
 Reference value :  1.54926e-02
 Reference value :  1.54962e-02
 Reference value :  1.54987e-02
 Reference value :  1.55026e-02
 Reference value :  1.55060e-02
 Reference value :  1.55099e-02
 Reference value :  1.55133e-02
 Reference value :  1.55158e-02
 Reference value :  1.55197e-02
 Reference value :  1.55224e-02
 Reference value :  1.55256e-02
 Reference value :  1.55281e-02
 Reference value :  1.55323e-02
 Reference value :  1.55354e-02
 Reference value :  1.55393e-02
 Reference value :  1.55427e-02
 Reference value :  1.55452e-02
 Reference value :  1.55491e-02
 Reference value :  1.55525e-02
 Reference value :  1.55551e-02
 Reference value :  1.55597e-02
 Reference value :  1.55623e-02
 Reference value :  1.55662e-02
 Reference value :  1.55696e-02
 Reference value :  1.55721e-02
 Reference value :  1.55759e-02
 Reference value :  1.55785e-02
 Reference value :  1.55818e-02
 Reference value :  1.55858e-02
 Reference value :  1.55889e-02
 Reference value :  1.55916e-02
 Reference value :  1.55955e-02
 Reference value :  1.55989e-02
 Reference value :  1.56014e-02
 Reference value :  1.56041e-02
 Reference value :  1.56078e-02
 Reference value :  1.56111e-02
 Reference value :  1.56150e-02
 Reference value :  1.56184e-02
 Reference value :  1.56209e-02
 Reference value :  1.56248e-02
 Reference value :  1.56282e-02
 Reference value :  1.56306e-02
 Reference value :  1.56346e-02
 Reference value :  1.56380e-02
 Reference value :  1.56407e-02
 Reference value :  1.56453e-02
 Reference value :  1.56478e-02
 Reference value :  1.56517e-02
 Reference value :  1.56551e-02
 Reference value :  1.56576e-02
 Reference value :  1.56615e-02
 Reference value :  1.56649e-02
 Reference value :  1.56674e-02
 Reference value :  1.56712e-02
 Reference value :  1.56746e-02
 Reference value :  1.56771e-02
 Reference value :  1.56810e-02
 Reference value :  1.56835e-02
 Reference value :  1.56868e-02
 Reference value :  1.56908e-02
 Reference value :  1.56942e-02
 Reference value :  1.56967e-02
 Reference value :  1.57006e-02
 Reference value :  1.57040e-02
 Reference value :  1.57069e-02
 Reference value :  1.57104e-02
 Reference value :  1.57138e-02
 Reference value :  1.57177e-02
 Reference value :  1.57201e-02
 Reference value :  1.57235e-02
 Reference value :  1.57260e-02
 Reference value :  1.57285e-02
 Reference value :  1.57324e-02
 Reference value :  1.57358e-02
 Reference value :  1.57383e-02
 Reference value :  1.57422e-02
 Reference value :  1.57448e-02
 Reference value :  1.57481e-02
 Reference value :  1.57507e-02
 Reference value :  1.57545e-02
 Reference value :  1.57579e-02
 Reference value :  1.57604e-02
 Reference value :  1.57643e-02
 Reference value :  1.57677e-02
 Reference value :  1.57716e-02
 Reference value :  1.57750e-02
 Reference value :  1.57775e-02
 Reference value :  1.57801e-02
 Reference value :  1.57838e-02
 Reference value :  1.57872e-02
 Reference value :  1.57897e-02
 Reference value :  1.57936e-02
 Reference value :  1.57962e-02
 Reference value :  1.57994e-02
 Reference value :  1.58034e-02
 Reference value :  1.58065e-02
 Reference value :  1.58092e-02
 Reference value :  1.58117e-02
 Reference value :  1.58156e-02
 Reference value :  1.58189e-02
 Reference value :  1.58214e-02
 Reference value :  1.58253e-02
 Reference value :  1.58287e-02
 Reference value :  1.58311e-02
 Reference value :  1.58350e-02
 Reference value :  1.58385e-02
 Reference value :  1.58423e-02
 Reference value :  1.58449e-02
 Reference value :  1.58482e-02
 Reference value :  1.58522e-02
 Reference value :  1.58554e-02
 Reference value :  1.58581e-02
 Reference value :  1.58619e-02
 Reference value :  1.58653e-02
 Reference value :  1.58678e-02
 Reference value :  1.58704e-02
 Reference value :  1.58742e-02
 Reference value :  1.58776e-02
 Reference value :  1.58801e-02
 Reference value :  1.58840e-02
 Reference value :  1.58872e-02
 Reference value :  1.58898e-02
 Reference value :  1.58937e-02
 Reference value :  1.58971e-02
 Reference value :  1.59010e-02
 Reference value :  1.59044e-02
 Reference value :  1.59068e-02
 Reference value :  1.59108e-02
 Reference value :  1.59142e-02
 Reference value :  1.59181e-02
 Reference value :  1.59214e-02
 Reference value :  1.59240e-02
 Reference value :  1.59279e-02
 Reference value :  1.59313e-02
 Reference value :  1.59338e-02
 Reference value :  1.59376e-02
 Reference value :  1.59410e-02
 Reference value :  1.59435e-02
 Reference value :  1.59474e-02
 Reference value :  1.59508e-02
 Reference value :  1.59533e-02
 Reference value :  1.59572e-02
 Reference value :  1.59597e-02
 Reference value :  1.59630e-02
 Reference value :  1.59669e-02
 Reference value :  1.59695e-02
 Reference value :  1.59728e-02
 Reference value :  1.59754e-02
 Reference value :  1.59802e-02
 Reference value :  1.59827e-02
 Reference value :  1.59867e-02
 Reference value :  1.59900e-02
 Reference value :  1.59925e-02
 Reference value :  1.59964e-02
 Reference value :  1.59989e-02
 Reference value :  1.60022e-02
 Reference value :  1.60047e-02
 Reference value :  1.60086e-02
 Reference value :  1.60119e-02
 Reference value :  1.60144e-02
 Reference value :  1.60184e-02
 Reference value :  1.60217e-02
 Reference value :  1.60255e-02
 Reference value :  1.60290e-02
 Reference value :  1.60315e-02
 Reference value :  1.60349e-02
 Reference value :  1.60380e-02
 Reference value :  1.60413e-02
 Reference value :  1.60438e-02
 Reference value :  1.60477e-02
 Reference value :  1.60503e-02
 Reference value :  1.60535e-02
 Reference value :  1.60575e-02
 Reference value :  1.60609e-02
 Reference value :  1.60633e-02
 Reference value :  1.60673e-02
 Reference value :  1.60698e-02
 Reference value :  1.60731e-02
 Reference value :  1.60755e-02
 Reference value :  1.60794e-02
 Reference value :  1.60826e-02
 Reference value :  1.60853e-02
 Reference value :  1.60877e-02
 Reference value :  1.60917e-02
 Reference value :  1.60950e-02
 Reference value :  1.60975e-02
 Reference value :  1.61015e-02
 Reference value :  1.61040e-02
 Reference value :  1.61073e-02
 Reference value :  1.61113e-02
 Reference value :  1.61138e-02
 Reference value :  1.61171e-02
 Reference value :  1.61197e-02
 Reference value :  1.61236e-02
 Reference value :  1.61269e-02
 Reference value :  1.61307e-02
 Reference value :  1.61333e-02
 Reference value :  1.61367e-02
 Reference value :  1.61406e-02
 Reference value :  1.61440e-02
 Reference value :  1.61465e-02
 Reference value :  1.61489e-02
 Reference value :  1.61529e-02
 Reference value :  1.61562e-02
 Reference value :  1.61587e-02
 Reference value :  1.61612e-02
 Reference value :  1.61651e-02
 Reference value :  1.61685e-02
 Reference value :  1.61710e-02
 Reference value :  1.61749e-02
 Reference value :  1.61783e-02
 Reference value :  1.61808e-02
 Reference value :  1.61843e-02
 Reference value :  1.61872e-02
 Reference value :  1.61906e-02
 Reference value :  1.61944e-02
 Reference value :  1.61969e-02
 Reference value :  1.62003e-02
 Reference value :  1.62028e-02
 Reference value :  1.62067e-02
 Reference value :  1.62100e-02
 Reference value :  1.62125e-02
 Reference value :  1.62164e-02
 Reference value :  1.62190e-02
 Reference value :  1.62223e-02
 Reference value :  1.62262e-02
 Reference value :  1.62288e-02
 Reference value :  1.62321e-02
 Reference value :  1.62346e-02
 Reference value :  1.62385e-02
 Reference value :  1.62419e-02
 Reference value :  1.62443e-02
 Reference value :  1.62481e-02
 Reference value :  1.62508e-02
 Reference value :  1.62541e-02
 Reference value :  1.62581e-02
 Reference value :  1.62614e-02
 Reference value :  1.62639e-02
 Reference value :  1.62679e-02
 Reference value :  1.62711e-02
 Reference value :  1.62737e-02
 Reference value :  1.62762e-02
 Reference value :  1.62801e-02
 Reference value :  1.62835e-02
 Reference value :  1.62873e-02
 Reference value :  1.62899e-02
 Reference value :  1.62933e-02
 Reference value :  1.62967e-02
 Reference value :  1.62996e-02
 Reference value :  1.63029e-02
 Reference value :  1.63055e-02
 Reference value :  1.63094e-02
 Reference value :  1.63128e-02
 Reference value :  1.63153e-02
 Reference value :  1.63192e-02
 Reference value :  1.63225e-02
 Reference value :  1.63250e-02
 Reference value :  1.63289e-02
 Reference value :  1.63323e-02
 Reference value :  1.63348e-02
 Reference value :  1.63388e-02
 Reference value :  1.63421e-02
 Reference value :  1.63446e-02
 Reference value :  1.63485e-02
 Reference value :  1.63519e-02
 Reference value :  1.63544e-02
 Reference value :  1.63572e-02
 Reference value :  1.63609e-02
 Reference value :  1.63642e-02
 Reference value :  1.63667e-02
 Reference value :  1.63706e-02
 Reference value :  1.63740e-02
 Reference value :  1.63774e-02
 Reference value :  1.63804e-02
 Reference value :  1.63837e-02
 Reference value :  1.63862e-02
 Reference value :  1.63902e-02
 Reference value :  1.63935e-02
 Reference value :  1.63964e-02
 Reference value :  1.64008e-02
 Reference value :  1.64033e-02
 Reference value :  1.64073e-02
 Reference value :  1.64105e-02
 Reference value :  1.64131e-02
 Reference value :  1.64157e-02
 Reference value :  1.64195e-02
 Reference value :  1.64229e-02
 Reference value :  1.64267e-02
 Reference value :  1.64293e-02
 Reference value :  1.64326e-02
 Reference value :  1.64351e-02
 Reference value :  1.64391e-02
 Reference value :  1.64424e-02
 Reference value :  1.64450e-02
 Reference value :  1.64489e-02
 Reference value :  1.64523e-02
 Reference value :  1.64548e-02
 Reference value :  1.64587e-02
 Reference value :  1.64620e-02
 Reference value :  1.64645e-02
 Reference value :  1.64685e-02
 Reference value :  1.64715e-02
 Reference value :  1.64743e-02
 Reference value :  1.64783e-02
 Reference value :  1.64808e-02
 Reference value :  1.64841e-02
 Reference value :  1.64866e-02
 Reference value :  1.64906e-02
 Reference value :  1.64939e-02
 Reference value :  1.64966e-02
 Reference value :  1.65004e-02
 Reference value :  1.65037e-02
 Reference value :  1.65062e-02
 Reference value :  1.65101e-02
 Reference value :  1.65126e-02
 Reference value :  1.65160e-02
 Reference value :  1.65184e-02
 Reference value :  1.65224e-02
 Reference value :  1.65251e-02
 Reference value :  1.65282e-02
 Reference value :  1.65307e-02
 Reference value :  1.65346e-02
 Reference value :  1.65379e-02
 Reference value :  1.65404e-02
 Reference value :  1.65431e-02
 Reference value :  1.65468e-02
 Reference value :  1.65502e-02
 Reference value :  1.65526e-02
 Reference value :  1.65566e-02
 Reference value :  1.65590e-02
 Reference value :  1.65624e-02
 Reference value :  1.65649e-02
 Reference value :  1.65689e-02
 Reference value :  1.65722e-02
 Reference value :  1.65748e-02
 Reference value :  1.65787e-02
 Reference value :  1.65821e-02
 Reference value :  1.65860e-02
 Reference value :  1.65885e-02
 Reference value :  1.65919e-02
 Reference value :  1.65958e-02
 Reference value :  1.65989e-02
 Reference value :  1.66016e-02
 Reference value :  1.66056e-02
 Reference value :  1.66088e-02
 Reference value :  1.66114e-02
 Reference value :  1.66153e-02
 Reference value :  1.66186e-02
 Reference value :  1.66211e-02
 Reference value :  1.66236e-02
 Reference value :  1.66275e-02
 Reference value :  1.66308e-02
 Reference value :  1.66347e-02
 Reference value :  1.66381e-02
 Reference value :  1.66406e-02
 Reference value :  1.66445e-02
 Reference value :  1.66478e-02
 Reference value :  1.66503e-02
 Reference value :  1.66542e-02
 Reference value :  1.66575e-02
 Reference value :  1.66601e-02
 Reference value :  1.66640e-02
 Reference value :  1.66666e-02
 Reference value :  1.66698e-02
 Reference value :  1.66738e-02
 Reference value :  1.66771e-02
 Reference value :  1.66796e-02
 Reference value :  1.66835e-02
 Reference value :  1.66868e-02
 Reference value :  1.66894e-02
 Reference value :  1.66934e-02
 Reference value :  1.66967e-02
 Reference value :  1.66991e-02
 Reference value :  1.67031e-02
 Reference value :  1.67065e-02
 Reference value :  1.67090e-02
 Reference value :  1.67130e-02
 Reference value :  1.67163e-02
 Reference value :  1.67202e-02
 Reference value :  1.67236e-02
 Reference value :  1.67260e-02
 Reference value :  1.67300e-02
 Reference value :  1.67333e-02
 Reference value :  1.67358e-02
 Reference value :  1.67398e-02
 Reference value :  1.67423e-02
 Reference value :  1.67456e-02
 Reference value :  1.67481e-02
 Reference value :  1.67520e-02
 Reference value :  1.67554e-02
 Reference value :  1.67582e-02
 Reference value :  1.67619e-02
 Reference value :  1.67652e-02
 Reference value :  1.67691e-02
 Reference value :  1.67725e-02
 Reference value :  1.67750e-02
 Reference value :  1.67790e-02
 Reference value :  1.67823e-02
 Reference value :  1.67847e-02
 Reference value :  1.67887e-02
 Reference value :  1.67920e-02
 Reference value :  1.67945e-02
 Reference value :  1.67985e-02
 Reference value :  1.68012e-02
 Reference value :  1.68042e-02
 Reference value :  1.68082e-02
 Reference value :  1.68108e-02
 Reference value :  1.68140e-02
 Reference value :  1.68165e-02
 Reference value :  1.68204e-02
 Reference value :  1.68238e-02
 Reference value :  1.68277e-02
 Reference value :  1.68311e-02
 Reference value :  1.68336e-02
 Reference value :  1.68376e-02
 Reference value :  1.68409e-02
 Reference value :  1.68448e-02
 Reference value :  1.68473e-02
 Reference value :  1.68506e-02
 Reference value :  1.68545e-02
 Reference value :  1.68579e-02
 Reference value :  1.68604e-02
 Reference value :  1.68643e-02
 Reference value :  1.68676e-02
 Reference value :  1.68716e-02
 Reference value :  1.68747e-02
 Reference value :  1.68774e-02
 Reference value :  1.68813e-02
 Reference value :  1.68846e-02
 Reference value :  1.68871e-02
 Reference value :  1.68897e-02
 Reference value :  1.68944e-02
 Reference value :  1.68969e-02
 Reference value :  1.68993e-02
 Reference value :  1.69033e-02
 Reference value :  1.69066e-02
 Reference value :  1.69090e-02
 Reference value :  1.69130e-02
 Reference value :  1.69155e-02
 Reference value :  1.69189e-02
 Reference value :  1.69223e-02
 Reference value :  1.69261e-02
 Reference value :  1.69286e-02
 Reference value :  1.69311e-02
 Reference value :  1.69351e-02
 Reference value :  1.69384e-02
 Reference value :  1.69408e-02
 Reference value :  1.69448e-02
 Reference value :  1.69473e-02
 Reference value :  1.69506e-02
 Reference value :  1.69541e-02
 Reference value :  1.69570e-02
 Reference value :  1.69604e-02
 Reference value :  1.69629e-02
 Reference value :  1.69668e-02
 Reference value :  1.69701e-02
 Reference value :  1.69727e-02
 Reference value :  1.69766e-02
 Reference value :  1.69799e-02
 Reference value :  1.69838e-02
 Reference value :  1.69864e-02
 Reference value :  1.69897e-02
 Reference value :  1.69921e-02
 Reference value :  1.69961e-02
 Reference value :  1.69994e-02
 Reference value :  1.70019e-02
 Reference value :  1.70059e-02
 Reference value :  1.70092e-02
 Reference value :  1.70117e-02
 Reference value :  1.70157e-02
 Reference value :  1.70190e-02
 Reference value :  1.70215e-02
 Reference value :  1.70246e-02
 Reference value :  1.70280e-02
 Reference value :  1.70312e-02
 Reference value :  1.70337e-02
 Reference value :  1.70377e-02
 Reference value :  1.70402e-02
 Reference value :  1.70435e-02
 Reference value :  1.70460e-02
 Reference value :  1.70500e-02
 Reference value :  1.70533e-02
 Reference value :  1.70559e-02
 Reference value :  1.70598e-02
 Reference value :  1.70631e-02
 Reference value :  1.70656e-02
 Reference value :  1.70696e-02
 Reference value :  1.70729e-02
 Reference value :  1.70754e-02
 Reference value :  1.70794e-02
 Reference value :  1.70827e-02
 Reference value :  1.70852e-02
 Reference value :  1.70890e-02
 Reference value :  1.70917e-02
 Reference value :  1.70950e-02
 Reference value :  1.70988e-02
 Reference value :  1.71014e-02
 Reference value :  1.71047e-02
 Reference value :  1.71086e-02
 Reference value :  1.71111e-02
 Reference value :  1.71144e-02
 Reference value :  1.71171e-02
 Reference value :  1.71208e-02
 Reference value :  1.71242e-02
 Reference value :  1.71279e-02
 Reference value :  1.71306e-02
 Reference value :  1.71339e-02
 Reference value :  1.71364e-02
 Reference value :  1.71390e-02
 Reference value :  1.71428e-02
 Reference value :  1.71461e-02
 Reference value :  1.71487e-02
 Reference value :  1.71526e-02
 Reference value :  1.71559e-02
 Reference value :  1.71584e-02
 Reference value :  1.71623e-02
 Reference value :  1.71656e-02
 Reference value :  1.71681e-02
 Reference value :  1.71721e-02
 Reference value :  1.71754e-02
 Reference value :  1.71793e-02
 Reference value :  1.71825e-02
 Reference value :  1.71852e-02
 Reference value :  1.71877e-02
 Reference value :  1.71904e-02
 Reference value :  1.71942e-02
 Reference value :  1.71975e-02
 Reference value :  1.72014e-02
 Reference value :  1.72041e-02
 Reference value :  1.72072e-02
 Reference value :  1.72111e-02
 Reference value :  1.72139e-02
 Reference value :  1.72170e-02
 Reference value :  1.72195e-02
 Reference value :  1.72235e-02
 Reference value :  1.72268e-02
 Reference value :  1.72293e-02
 Reference value :  1.72318e-02
 Reference value :  1.72357e-02
 Reference value :  1.72390e-02
 Reference value :  1.72415e-02
 Reference value :  1.72439e-02
 Reference value :  1.72480e-02
 Reference value :  1.72513e-02
 Reference value :  1.72553e-02
 Reference value :  1.72586e-02
 Reference value :  1.72611e-02
 Reference value :  1.72651e-02
 Reference value :  1.72684e-02
 Reference value :  1.72724e-02
 Reference value :  1.72749e-02
 Reference value :  1.72782e-02
 Reference value :  1.72822e-02
 Reference value :  1.72855e-02
 Reference value :  1.72880e-02
 Reference value :  1.72918e-02
 Reference value :  1.72944e-02
 Reference value :  1.72976e-02
 Reference value :  1.73001e-02
 Reference value :  1.73040e-02
 Reference value :  1.73066e-02
 Reference value :  1.73099e-02
 Reference value :  1.73126e-02
 Reference value :  1.73170e-02
 Reference value :  1.73196e-02
 Reference value :  1.73236e-02
 Reference value :  1.73269e-02
 Reference value :  1.73294e-02
 Reference value :  1.73334e-02
 Reference value :  1.73365e-02
 Reference value :  1.73392e-02
 Reference value :  1.73432e-02
 Reference value :  1.73465e-02
 Reference value :  1.73490e-02
 Reference value :  1.73530e-02
 Reference value :  1.73554e-02
 Reference value :  1.73587e-02
 Reference value :  1.73626e-02
 Reference value :  1.73651e-02
 Reference value :  1.73684e-02
 Reference value :  1.73709e-02
 Reference value :  1.73749e-02
 Reference value :  1.73776e-02
 Reference value :  1.73806e-02
 Reference value :  1.73831e-02
 Reference value :  1.73871e-02
 Reference value :  1.73896e-02
 Reference value :  1.73930e-02
 Reference value :  1.73957e-02
 Reference value :  1.73995e-02
 Reference value :  1.74028e-02
 Reference value :  1.74053e-02
 Reference value :  1.74093e-02
 Reference value :  1.74124e-02
 Reference value :  1.74150e-02
 Reference value :  1.74175e-02
 Reference value :  1.74215e-02
 Reference value :  1.74248e-02
 Reference value :  1.74272e-02
 Reference value :  1.74312e-02
 Reference value :  1.74340e-02
 Reference value :  1.74370e-02
 Reference value :  1.74394e-02
 Reference value :  1.74434e-02
 Reference value :  1.74467e-02
 Reference value :  1.74492e-02
 Reference value :  1.74517e-02
 Reference value :  1.74557e-02
 Reference value :  1.74590e-02
 Reference value :  1.74614e-02
 Reference value :  1.74654e-02
 Reference value :  1.74679e-02
 Reference value :  1.74712e-02
 Reference value :  1.74752e-02
 Reference value :  1.74776e-02
 Reference value :  1.74800e-02
 Reference value :  1.74825e-02
 Reference value :  1.74858e-02
 Reference value :  1.74884e-02
 Reference value :  1.74923e-02
 Reference value :  1.74956e-02
 Reference value :  1.74995e-02
 Reference value :  1.75029e-02
 Reference value :  1.75054e-02
 Reference value :  1.75094e-02
 Reference value :  1.75119e-02
 Reference value :  1.75153e-02
 Reference value :  1.75193e-02
 Reference value :  1.75218e-02
 Reference value :  1.75250e-02
 Reference value :  1.75289e-02
 Reference value :  1.75315e-02
 Reference value :  1.75348e-02
 Reference value :  1.75373e-02
 Reference value :  1.75412e-02
 Reference value :  1.75437e-02
 Reference value :  1.75470e-02
 Reference value :  1.75495e-02
 Reference value :  1.75535e-02
 Reference value :  1.75568e-02
 Reference value :  1.75593e-02
 Reference value :  1.75618e-02
 Reference value :  1.75658e-02
 Reference value :  1.75690e-02
 Reference value :  1.75715e-02
 Reference value :  1.75756e-02
 Reference value :  1.75788e-02
 Reference value :  1.75813e-02
 Reference value :  1.75853e-02
 Reference value :  1.75886e-02
 Reference value :  1.75911e-02
 Reference value :  1.75936e-02
 Reference value :  1.75976e-02
 Reference value :  1.76009e-02
 Reference value :  1.76049e-02
 Reference value :  1.76073e-02
 Reference value :  1.76106e-02
 Reference value :  1.76131e-02
 Reference value :  1.76156e-02
 Reference value :  1.76196e-02
 Reference value :  1.76222e-02
 Reference value :  1.76254e-02
 Reference value :  1.76278e-02
 Reference value :  1.76318e-02
 Reference value :  1.76344e-02
 Reference value :  1.76376e-02
 Reference value :  1.76402e-02
 Reference value :  1.76441e-02
 Reference value :  1.76466e-02
 Reference value :  1.76500e-02
 Reference value :  1.76539e-02
 Reference value :  1.76572e-02
 Reference value :  1.76597e-02
 Reference value :  1.76637e-02
 Reference value :  1.76665e-02
 Reference value :  1.76695e-02
 Reference value :  1.76720e-02
 Reference value :  1.76760e-02
 Reference value :  1.76786e-02
 Reference value :  1.76817e-02
 Reference value :  1.76842e-02
 Reference value :  1.76882e-02
 Reference value :  1.76907e-02
 Reference value :  1.76940e-02
 Reference value :  1.76978e-02
 Reference value :  1.77011e-02
 Reference value :  1.77038e-02
 Reference value :  1.77062e-02
 Reference value :  1.77102e-02
 Reference value :  1.77136e-02
 Reference value :  1.77176e-02
 Reference value :  1.77209e-02
 Reference value :  1.77247e-02
 Reference value :  1.77275e-02
 Reference value :  1.77306e-02
 Reference value :  1.77331e-02
 Reference value :  1.77356e-02
 Reference value :  1.77396e-02
 Reference value :  1.77429e-02
 Reference value :  1.77467e-02
 Reference value :  1.77501e-02
 Reference value :  1.77526e-02
 Reference value :  1.77552e-02
 Reference value :  1.77592e-02
 Reference value :  1.77624e-02
 Reference value :  1.77649e-02
 Reference value :  1.77674e-02
 Reference value :  1.77714e-02
 Reference value :  1.77747e-02
 Reference value :  1.77772e-02
 Reference value :  1.77812e-02
 Reference value :  1.77846e-02
 Reference value :  1.77870e-02
 Reference value :  1.77910e-02
 Reference value :  1.77941e-02
 Reference value :  1.77968e-02
 Reference value :  1.77993e-02
 Reference value :  1.78033e-02
 Reference value :  1.78058e-02
 Reference value :  1.78091e-02
 Reference value :  1.78116e-02
 Reference value :  1.78156e-02
 Reference value :  1.78189e-02
 Reference value :  1.78214e-02
 Reference value :  1.78253e-02
 Reference value :  1.78278e-02
 Reference value :  1.78311e-02
 Reference value :  1.78335e-02
 Reference value :  1.78376e-02
 Reference value :  1.78408e-02
 Reference value :  1.78434e-02
 Reference value :  1.78474e-02
 Reference value :  1.78507e-02
 Reference value :  1.78532e-02
 Reference value :  1.78573e-02
 Reference value :  1.78606e-02
 Reference value :  1.78646e-02
 Reference value :  1.78671e-02
 Reference value :  1.78703e-02
 Reference value :  1.78744e-02
 Reference value :  1.78777e-02
 Reference value :  1.78803e-02
 Reference value :  1.78842e-02
 Reference value :  1.78875e-02
 Reference value :  1.78900e-02
 Reference value :  1.78926e-02
 Reference value :  1.78964e-02
 Reference value :  1.78997e-02
 Reference value :  1.79022e-02
 Reference value :  1.79062e-02
 Reference value :  1.79087e-02
 Reference value :  1.79120e-02
 Reference value :  1.79145e-02
 Reference value :  1.79185e-02
 Reference value :  1.79210e-02
 Reference value :  1.79243e-02
 Reference value :  1.79271e-02
 Reference value :  1.79307e-02
 Reference value :  1.79340e-02
 Reference value :  1.79365e-02
 Reference value :  1.79405e-02
 Reference value :  1.79438e-02
 Reference value :  1.79463e-02
 Reference value :  1.79503e-02
 Reference value :  1.79536e-02
 Reference value :  1.79562e-02
 Reference value :  1.79601e-02
 Reference value :  1.79627e-02
 Reference value :  1.79659e-02
 Reference value :  1.79699e-02
 Reference value :  1.79732e-02
 Reference value :  1.79758e-02
 Reference value :  1.79797e-02
 Reference value :  1.79825e-02
 Reference value :  1.79854e-02
 Reference value :  1.79894e-02
 Reference value :  1.79919e-02
 Reference value :  1.79952e-02
 Reference value :  1.79993e-02
 Reference value :  1.80026e-02
 Reference value :  1.80051e-02
 Reference value :  1.80091e-02
 Reference value :  1.80123e-02
 Reference value :  1.80148e-02
 Reference value :  1.80173e-02
 Reference value :  1.80213e-02
 Reference value :  1.80246e-02
 Reference value :  1.80271e-02
 Reference value :  1.80311e-02
 Reference value :  1.80336e-02
 Reference value :  1.80369e-02
 Reference value :  1.80393e-02
 Reference value :  1.80434e-02
 Reference value :  1.80467e-02
 Reference value :  1.80492e-02
 Reference value :  1.80517e-02
 Reference value :  1.80557e-02
 Reference value :  1.80581e-02
 Reference value :  1.80614e-02
 Reference value :  1.80639e-02
 Reference value :  1.80678e-02
 Reference value :  1.80712e-02
 Reference value :  1.80736e-02
 Reference value :  1.80776e-02
 Reference value :  1.80809e-02
 Reference value :  1.80833e-02
 Reference value :  1.80859e-02
 Reference value :  1.80898e-02
 Reference value :  1.80931e-02
 Reference value :  1.80956e-02
 Reference value :  1.80994e-02
 Reference value :  1.81020e-02
 Reference value :  1.81053e-02
 Reference value :  1.81077e-02
 Reference value :  1.81118e-02
 Reference value :  1.81143e-02
 Reference value :  1.81175e-02
 Reference value :  1.81216e-02
 Reference value :  1.81247e-02
 Reference value :  1.81273e-02
 Reference value :  1.81299e-02
 Reference value :  1.81339e-02
 Reference value :  1.81371e-02
 Reference value :  1.81396e-02
 Reference value :  1.81436e-02
 Reference value :  1.81462e-02
 Reference value :  1.81494e-02
 Reference value :  1.81534e-02
 Reference value :  1.81567e-02
 Reference value :  1.81607e-02
 Reference value :  1.81631e-02
 Reference value :  1.81664e-02
 Reference value :  1.81700e-02
 Reference value :  1.81728e-02
 Reference value :  1.81761e-02
 Reference value :  1.81786e-02
 Reference value :  1.81825e-02
 Reference value :  1.81850e-02
 Reference value :  1.81883e-02
 Reference value :  1.81908e-02
 Reference value :  1.81948e-02
 Reference value :  1.81974e-02
 Reference value :  1.82006e-02
 Reference value :  1.82046e-02
 Reference value :  1.82079e-02
 Reference value :  1.82103e-02
 Reference value :  1.82143e-02
 Reference value :  1.82176e-02
 Reference value :  1.82201e-02
 Reference value :  1.82242e-02
 Reference value :  1.82273e-02
 Reference value :  1.82299e-02
 Reference value :  1.82324e-02
 Reference value :  1.82365e-02
 Reference value :  1.82397e-02
 Reference value :  1.82422e-02
 Reference value :  1.82462e-02
 Reference value :  1.82493e-02
 Reference value :  1.82520e-02
 Reference value :  1.82560e-02
 Reference value :  1.82585e-02
 Reference value :  1.82617e-02
 Reference value :  1.82641e-02
 Reference value :  1.82682e-02
 Reference value :  1.82712e-02
 Reference value :  1.82739e-02
 Reference value :  1.82780e-02
 Reference value :  1.82812e-02
 Reference value :  1.82837e-02
 Reference value :  1.82878e-02
 Reference value :  1.82910e-02
 Reference value :  1.82935e-02
 Reference value :  1.82976e-02
 Reference value :  1.83008e-02
 Reference value :  1.83033e-02
 Reference value :  1.83073e-02
 Reference value :  1.83105e-02
 Reference value :  1.83134e-02
 Reference value :  1.83170e-02
 Reference value :  1.83203e-02
 Reference value :  1.83244e-02
 Reference value :  1.83269e-02
 Reference value :  1.83302e-02
 Reference value :  1.83327e-02
 Reference value :  1.83366e-02
 Reference value :  1.83398e-02
 Reference value :  1.83423e-02
 Reference value :  1.83464e-02
 Reference value :  1.83496e-02
 Reference value :  1.83521e-02
 Reference value :  1.83562e-02
 Reference value :  1.83587e-02
 Reference value :  1.83618e-02
 Reference value :  1.83644e-02
 Reference value :  1.83684e-02
 Reference value :  1.83709e-02
 Reference value :  1.83741e-02
 Reference value :  1.83766e-02
 Reference value :  1.83807e-02
 Reference value :  1.83839e-02
 Reference value :  1.83863e-02
 Reference value :  1.83904e-02
 Reference value :  1.83928e-02
 Reference value :  1.83961e-02
 Reference value :  1.83985e-02
 Reference value :  1.84014e-02
 Reference value :  1.84057e-02
 Reference value :  1.84083e-02
 Reference value :  1.84124e-02
 Reference value :  1.84148e-02
 Reference value :  1.84181e-02
 Reference value :  1.84207e-02
 Reference value :  1.84246e-02
 Reference value :  1.84279e-02
 Reference value :  1.84317e-02
 Reference value :  1.84344e-02
 Reference value :  1.84376e-02
 Reference value :  1.84402e-02
 Reference value :  1.84441e-02
 Reference value :  1.84474e-02
 Reference value :  1.84498e-02
 Reference value :  1.84539e-02
 Reference value :  1.84571e-02
 Reference value :  1.84596e-02
 Reference value :  1.84622e-02
 Reference value :  1.84662e-02
 Reference value :  1.84694e-02
 Reference value :  1.84719e-02
 Reference value :  1.84760e-02
 Reference value :  1.84784e-02
 Reference value :  1.84811e-02
 Reference value :  1.84841e-02
 Reference value :  1.84881e-02
 Reference value :  1.84906e-02
 Reference value :  1.84939e-02
 Reference value :  1.84979e-02
 Reference value :  1.85010e-02
 Reference value :  1.85037e-02
 Reference value :  1.85061e-02
 Reference value :  1.85101e-02
 Reference value :  1.85126e-02
 Reference value :  1.85157e-02
 Reference value :  1.85183e-02
 Reference value :  1.85223e-02
 Reference value :  1.85248e-02
 Reference value :  1.85281e-02
 Reference value :  1.85306e-02
 Reference value :  1.85346e-02
 Reference value :  1.85379e-02
 Reference value :  1.85404e-02
 Reference value :  1.85443e-02
 Reference value :  1.85469e-02
 Reference value :  1.85500e-02
 Reference value :  1.85525e-02
 Reference value :  1.85565e-02
 Reference value :  1.85597e-02
 Reference value :  1.85622e-02
 Reference value :  1.85663e-02
 Reference value :  1.85687e-02
 Reference value :  1.85720e-02
 Reference value :  1.85746e-02
 Reference value :  1.85785e-02
 Reference value :  1.85817e-02
 Reference value :  1.85857e-02
 Reference value :  1.85882e-02
 Reference value :  1.85907e-02
 Reference value :  1.85939e-02
 Reference value :  1.85964e-02
 Reference value :  1.86005e-02
 Reference value :  1.86037e-02
 Reference value :  1.86062e-02
 Reference value :  1.86102e-02
 Reference value :  1.86128e-02
 Reference value :  1.86160e-02
 Reference value :  1.86185e-02
 Reference value :  1.86226e-02
 Reference value :  1.86258e-02
 Reference value :  1.86283e-02
 Reference value :  1.86324e-02
 Reference value :  1.86356e-02
 Reference value :  1.86388e-02
 Reference value :  1.86423e-02
 Reference value :  1.86454e-02
 Reference value :  1.86494e-02
 Reference value :  1.86527e-02
 Reference value :  1.86552e-02
 Reference value :  1.86577e-02
 Reference value :  1.86617e-02
 Reference value :  1.86649e-02
 Reference value :  1.86674e-02
 Reference value :  1.86715e-02
 Reference value :  1.86747e-02
 Reference value :  1.86772e-02
 Reference value :  1.86796e-02
 Reference value :  1.86837e-02
 Reference value :  1.86869e-02
 Reference value :  1.86894e-02
 Reference value :  1.86934e-02
 Reference value :  1.86959e-02
 Reference value :  1.86992e-02
 Reference value :  1.87032e-02
 Reference value :  1.87057e-02
 Reference value :  1.87090e-02
 Reference value :  1.87130e-02
 Reference value :  1.87156e-02
 Reference value :  1.87187e-02
 Reference value :  1.87212e-02
 Reference value :  1.87253e-02
 Reference value :  1.87285e-02
 Reference value :  1.87310e-02
 Reference value :  1.87337e-02
 Reference value :  1.87375e-02
 Reference value :  1.87407e-02
 Reference value :  1.87432e-02
 Reference value :  1.87472e-02
 Reference value :  1.87505e-02
 Reference value :  1.87529e-02
 Reference value :  1.87554e-02
 Reference value :  1.87583e-02
 Reference value :  1.87620e-02
 Reference value :  1.87644e-02
 Reference value :  1.87677e-02
 Reference value :  1.87715e-02
 Reference value :  1.87741e-02
 Reference value :  1.87774e-02
 Reference value :  1.87799e-02
 Reference value :  1.87839e-02
 Reference value :  1.87871e-02
 Reference value :  1.87897e-02
 Reference value :  1.87937e-02
 Reference value :  1.87969e-02
 Reference value :  1.87993e-02
 Reference value :  1.88034e-02
 Reference value :  1.88065e-02
 Reference value :  1.88091e-02
 Reference value :  1.88116e-02
 Reference value :  1.88157e-02
 Reference value :  1.88188e-02
 Reference value :  1.88213e-02
 Reference value :  1.88252e-02
 Reference value :  1.88279e-02
 Reference value :  1.88311e-02
 Reference value :  1.88336e-02
 Reference value :  1.88375e-02
 Reference value :  1.88403e-02
 Reference value :  1.88433e-02
 Reference value :  1.88458e-02
 Reference value :  1.88498e-02
 Reference value :  1.88530e-02
 Reference value :  1.88555e-02
 Reference value :  1.88596e-02
 Reference value :  1.88620e-02
 Reference value :  1.88653e-02
 Reference value :  1.88678e-02
 Reference value :  1.88718e-02
 Reference value :  1.88751e-02
 Reference value :  1.88775e-02
 Reference value :  1.88816e-02
 Reference value :  1.88841e-02
 Reference value :  1.88873e-02
 Reference value :  1.88897e-02
 Reference value :  1.88938e-02
 Reference value :  1.88970e-02
 Reference value :  1.88995e-02
 Reference value :  1.89035e-02
 Reference value :  1.89060e-02
 Reference value :  1.89092e-02
 Reference value :  1.89117e-02
 Reference value :  1.89157e-02
 Reference value :  1.89182e-02
 Reference value :  1.89215e-02
 Reference value :  1.89239e-02
 Reference value :  1.89280e-02
 Reference value :  1.89305e-02
 Reference value :  1.89337e-02
 Reference value :  1.89362e-02
 Reference value :  1.89403e-02
 Reference value :  1.89434e-02
 Reference value :  1.89460e-02
 Reference value :  1.89500e-02
 Reference value :  1.89532e-02
 Reference value :  1.89557e-02
 Reference value :  1.89583e-02
 Reference value :  1.89623e-02
 Reference value :  1.89654e-02
 Reference value :  1.89679e-02
 Reference value :  1.89720e-02
 Reference value :  1.89753e-02
 Reference value :  1.89778e-02
 Reference value :  1.89818e-02
 Reference value :  1.89850e-02
 Reference value :  1.89874e-02
 Reference value :  1.89915e-02
 Reference value :  1.89947e-02
 Reference value :  1.89972e-02
 Reference value :  1.90013e-02
 Reference value :  1.90038e-02
 Reference value :  1.90070e-02
 Reference value :  1.90097e-02
 Reference value :  1.90136e-02
 Reference value :  1.90166e-02
 Reference value :  1.90193e-02
 Reference value :  1.90220e-02
 Reference value :  1.90258e-02
 Reference value :  1.90290e-02
 Reference value :  1.90315e-02
 Reference value :  1.90340e-02
 Reference value :  1.90381e-02
 Reference value :  1.90412e-02
 Reference value :  1.90438e-02
 Reference value :  1.90463e-02
 Reference value :  1.90503e-02
 Reference value :  1.90531e-02
 Reference value :  1.90560e-02
 Reference value :  1.90585e-02
 Reference value :  1.90609e-02
 Reference value :  1.90650e-02
 Reference value :  1.90675e-02
 Reference value :  1.90707e-02
 Reference value :  1.90732e-02
 Reference value :  1.90772e-02
 Reference value :  1.90805e-02
 Reference value :  1.90830e-02
 Reference value :  1.90869e-02
 Reference value :  1.90895e-02
 Reference value :  1.90927e-02
 Reference value :  1.90967e-02
 Reference value :  1.91000e-02
 Reference value :  1.91025e-02
 Reference value :  1.91050e-02
 Reference value :  1.91090e-02
 Reference value :  1.91123e-02
 Reference value :  1.91148e-02
 Reference value :  1.91189e-02
 Reference value :  1.91221e-02
 Reference value :  1.91261e-02
 Reference value :  1.91292e-02
 Reference value :  1.91318e-02
 Reference value :  1.91359e-02
 Reference value :  1.91386e-02
 Reference value :  1.91416e-02
 Reference value :  1.91441e-02
 Reference value :  1.91482e-02
 Reference value :  1.91507e-02
 Reference value :  1.91539e-02
 Reference value :  1.91564e-02
 Reference value :  1.91605e-02
 Reference value :  1.91637e-02
 Reference value :  1.91662e-02
 Reference value :  1.91702e-02
 Reference value :  1.91735e-02
 Reference value :  1.91775e-02
 Reference value :  1.91800e-02
 Reference value :  1.91833e-02
 Reference value :  1.91873e-02
 Reference value :  1.91898e-02
 Reference value :  1.91930e-02
 Reference value :  1.91955e-02
 Reference value :  1.91985e-02
 Reference value :  1.92027e-02
 Reference value :  1.92053e-02
 Reference value :  1.92093e-02
 Reference value :  1.92126e-02
 Reference value :  1.92151e-02
 Reference value :  1.92191e-02
 Reference value :  1.92215e-02
 Reference value :  1.92248e-02
 Reference value :  1.92273e-02
 Reference value :  1.92313e-02
 Reference value :  1.92346e-02
 Reference value :  1.92370e-02
 Reference value :  1.92396e-02
 Reference value :  1.92436e-02
 Reference value :  1.92468e-02
 Reference value :  1.92493e-02
 Reference value :  1.92519e-02
 Reference value :  1.92566e-02
 Reference value :  1.92592e-02
 Reference value :  1.92631e-02
 Reference value :  1.92662e-02
 Reference value :  1.92689e-02
 Reference value :  1.92729e-02
 Reference value :  1.92754e-02
 Reference value :  1.92786e-02
 Reference value :  1.92811e-02
 Reference value :  1.92852e-02
 Reference value :  1.92876e-02
 Reference value :  1.92908e-02
 Reference value :  1.92933e-02
 Reference value :  1.92973e-02
 Reference value :  1.93005e-02
 Reference value :  1.93031e-02
 Reference value :  1.93060e-02
 Reference value :  1.93097e-02
 Reference value :  1.93129e-02
 Reference value :  1.93154e-02
 Reference value :  1.93194e-02
 Reference value :  1.93221e-02
 Reference value :  1.93251e-02
 Reference value :  1.93291e-02
 Reference value :  1.93316e-02
 Reference value :  1.93348e-02
 Reference value :  1.93373e-02
 Reference value :  1.93419e-02
 Reference value :  1.93445e-02
 Reference value :  1.93470e-02
 Reference value :  1.93510e-02
 Reference value :  1.93536e-02
 Reference value :  1.93567e-02
 Reference value :  1.93592e-02
 Reference value :  1.93632e-02
 Reference value :  1.93657e-02
 Reference value :  1.93689e-02
 Reference value :  1.93714e-02
 Reference value :  1.93754e-02
 Reference value :  1.93779e-02
 Reference value :  1.93805e-02
 Reference value :  1.93836e-02
 Reference value :  1.93864e-02
 Reference value :  1.93901e-02
 Reference value :  1.93933e-02
 Reference value :  1.93961e-02
 Reference value :  1.93999e-02
 Reference value :  1.94031e-02
 Reference value :  1.94072e-02
 Reference value :  1.94097e-02
 Reference value :  1.94130e-02
 Reference value :  1.94155e-02
 Reference value :  1.94195e-02
 Reference value :  1.94221e-02
 Reference value :  1.94251e-02
 Reference value :  1.94290e-02
 Reference value :  1.94317e-02
 Reference value :  1.94350e-02
 Reference value :  1.94390e-02
 Reference value :  1.94422e-02
 Reference value :  1.94448e-02
 Reference value :  1.94488e-02
 Reference value :  1.94513e-02
 Reference value :  1.94546e-02
 Reference value :  1.94571e-02
 Reference value :  1.94611e-02
 Reference value :  1.94635e-02
 Reference value :  1.94668e-02
 Reference value :  1.94693e-02
 Reference value :  1.94733e-02
 Reference value :  1.94764e-02
 Reference value :  1.94791e-02
 Reference value :  1.94816e-02
 Reference value :  1.94856e-02
 Reference value :  1.94889e-02
 Reference value :  1.94913e-02
 Reference value :  1.94953e-02
 Reference value :  1.94986e-02
 Reference value :  1.95010e-02
 Reference value :  1.95050e-02
 Reference value :  1.95082e-02
 Reference value :  1.95108e-02
 Reference value :  1.95134e-02
 Reference value :  1.95173e-02
 Reference value :  1.95206e-02
 Reference value :  1.95231e-02
 Reference value :  1.95271e-02
 Reference value :  1.95295e-02
 Reference value :  1.95328e-02
 Reference value :  1.95366e-02
 Reference value :  1.95393e-02
 Reference value :  1.95426e-02
 Reference value :  1.95451e-02
 Reference value :  1.95490e-02
 Reference value :  1.95516e-02
 Reference value :  1.95548e-02
 Reference value :  1.95573e-02
 Reference value :  1.95598e-02
 Reference value :  1.95638e-02
 Reference value :  1.95670e-02
 Reference value :  1.95696e-02
 Reference value :  1.95735e-02
 Reference value :  1.95766e-02
 Reference value :  1.95792e-02
 Reference value :  1.95817e-02
 Reference value :  1.95857e-02
 Reference value :  1.95888e-02
 Reference value :  1.95915e-02
 Reference value :  1.95955e-02
 Reference value :  1.95988e-02
 Reference value :  1.96012e-02
 Reference value :  1.96039e-02
 Reference value :  1.96078e-02
 Reference value :  1.96111e-02
 Reference value :  1.96151e-02
 Reference value :  1.96185e-02
 Reference value :  1.96210e-02
 Reference value :  1.96234e-02
 Reference value :  1.96274e-02
 Reference value :  1.96299e-02
 Reference value :  1.96332e-02
 Reference value :  1.96357e-02
 Reference value :  1.96397e-02
 Reference value :  1.96421e-02
 Reference value :  1.96454e-02
 Reference value :  1.96479e-02
 Reference value :  1.96520e-02
 Reference value :  1.96553e-02
 Reference value :  1.96578e-02
 Reference value :  1.96617e-02
 Reference value :  1.96642e-02
 Reference value :  1.96674e-02
 Reference value :  1.96713e-02
 Reference value :  1.96739e-02
 Reference value :  1.96764e-02
 Reference value :  1.96797e-02
 Reference value :  1.96837e-02
 Reference value :  1.96870e-02
 Reference value :  1.96895e-02
 Reference value :  1.96923e-02
 Reference value :  1.96960e-02
 Reference value :  1.96993e-02
 Reference value :  1.97018e-02
 Reference value :  1.97058e-02
 Reference value :  1.97083e-02
 Reference value :  1.97116e-02
 Reference value :  1.97140e-02
 Reference value :  1.97180e-02
 Reference value :  1.97213e-02
 Reference value :  1.97238e-02
 Reference value :  1.97263e-02
 Reference value :  1.97302e-02
 Reference value :  1.97327e-02
 Reference value :  1.97360e-02
 Reference value :  1.97385e-02
 Reference value :  1.97425e-02
 Reference value :  1.97458e-02
 Reference value :  1.97483e-02
 Reference value :  1.97523e-02
 Reference value :  1.97556e-02
 Reference value :  1.97581e-02
 Reference value :  1.97606e-02
 Reference value :  1.97645e-02
 Reference value :  1.97679e-02
 Reference value :  1.97703e-02
 Reference value :  1.97731e-02
 Reference value :  1.97768e-02
 Reference value :  1.97801e-02
 Reference value :  1.97825e-02
 Reference value :  1.97865e-02
 Reference value :  1.97898e-02
 Reference value :  1.97923e-02
 Reference value :  1.97948e-02
 Reference value :  1.97986e-02
 Reference value :  1.98012e-02
 Reference value :  1.98045e-02
 Reference value :  1.98070e-02
 Reference value :  1.98095e-02
 Reference value :  1.98135e-02
 Reference value :  1.98168e-02
 Reference value :  1.98193e-02
 Reference value :  1.98233e-02
 Reference value :  1.98258e-02
 Reference value :  1.98291e-02
 Reference value :  1.98315e-02
 Reference value :  1.98355e-02
 Reference value :  1.98388e-02
 Reference value :  1.98413e-02
 Reference value :  1.98452e-02
 Reference value :  1.98486e-02
 Reference value :  1.98511e-02
 Reference value :  1.98549e-02
 Reference value :  1.98575e-02
 Reference value :  1.98608e-02
 Reference value :  1.98647e-02
 Reference value :  1.98672e-02
 Reference value :  1.98706e-02
 Reference value :  1.98731e-02
 Reference value :  1.98770e-02
 Reference value :  1.98794e-02
 Reference value :  1.98828e-02
 Reference value :  1.98853e-02
 Reference value :  1.98892e-02
 Reference value :  1.98925e-02
 Reference value :  1.98952e-02
 Reference value :  1.98989e-02
 Reference value :  1.99023e-02
 Reference value :  1.99048e-02
 Reference value :  1.99087e-02
 Reference value :  1.99121e-02
 Reference value :  1.99145e-02
 Reference value :  1.99185e-02
 Reference value :  1.99218e-02
 Reference value :  1.99243e-02
 Reference value :  1.99283e-02
 Reference value :  1.99315e-02
 Reference value :  1.99341e-02
 Reference value :  1.99380e-02
 Reference value :  1.99414e-02
 Reference value :  1.99441e-02
 Reference value :  1.99479e-02
 Reference value :  1.99512e-02
 Reference value :  1.99536e-02
 Reference value :  1.99562e-02
 Reference value :  1.99600e-02
 Reference value :  1.99634e-02
 Reference value :  1.99658e-02
 Reference value :  1.99698e-02
 Reference value :  1.99731e-02
 Reference value :  1.99756e-02
 Reference value :  1.99796e-02
 Reference value :  1.99829e-02
 Reference value :  1.99854e-02
 Reference value :  1.99881e-02
 Reference value :  1.99918e-02
 Reference value :  1.99951e-02
 Reference value :  1.99976e-02
 Reference value :  2.00016e-02
 Reference value :  2.00049e-02
 Reference value :  2.00075e-02
 Reference value :  2.00113e-02
 Reference value :  2.00147e-02
 Reference value :  2.00172e-02
 Reference value :  2.00211e-02
 Reference value :  2.00236e-02
 Reference value :  2.00269e-02
 Reference value :  2.00294e-02
 Reference value :  2.00318e-02
 Reference value :  2.00357e-02
 Reference value :  2.00391e-02
 Reference value :  2.00417e-02
 Reference value :  2.00455e-02
 Reference value :  2.00480e-02
 Reference value :  2.00514e-02
 Reference value :  2.00539e-02
 Reference value :  2.00578e-02
 Reference value :  2.00611e-02
 Reference value :  2.00650e-02
 Reference value :  2.00684e-02
 Reference value :  2.00709e-02
 Reference value :  2.00748e-02
 Reference value :  2.00781e-02
 Reference value :  2.00807e-02
 Reference value :  2.00846e-02
 Reference value :  2.00878e-02
 Reference value :  2.00904e-02
 Reference value :  2.00943e-02
 Reference value :  2.00968e-02
 Reference value :  2.01001e-02
 Reference value :  2.01026e-02
 Reference value :  2.01066e-02
 Reference value :  2.01099e-02
 Reference value :  2.01124e-02
 Reference value :  2.01163e-02
 Reference value :  2.01188e-02
 Reference value :  2.01222e-02
 Reference value :  2.01261e-02
 Reference value :  2.01294e-02
 Reference value :  2.01319e-02
 Reference value :  2.01358e-02
 Reference value :  2.01392e-02
 Reference value :  2.01416e-02
 Reference value :  2.01455e-02
 Reference value :  2.01489e-02
 Reference value :  2.01514e-02
 Reference value :  2.01553e-02
 Reference value :  2.01586e-02
 Reference value :  2.01611e-02
 Reference value :  2.01650e-02
 Reference value :  2.01684e-02
 Reference value :  2.01723e-02
 Reference value :  2.01757e-02
 Reference value :  2.01794e-02
 Reference value :  2.01820e-02
 Reference value :  2.01855e-02
 Reference value :  2.01893e-02
 Reference value :  2.01918e-02
 Reference value :  2.01952e-02
 Reference value :  2.01977e-02
 Reference value :  2.02016e-02
 Reference value :  2.02049e-02
 Reference value :  2.02073e-02
 Reference value :  2.02098e-02
 Reference value :  2.02138e-02
 Reference value :  2.02172e-02
 Reference value :  2.02197e-02
 Reference value :  2.02235e-02
 Reference value :  2.02268e-02
 Reference value :  2.02293e-02
 Reference value :  2.02333e-02
 Reference value :  2.02357e-02
 Reference value :  2.02391e-02
 Reference value :  2.02430e-02
 Reference value :  2.02462e-02
 Reference value :  2.02488e-02
 Reference value :  2.02527e-02
 Reference value :  2.02561e-02
 Reference value :  2.02586e-02
 Reference value :  2.02611e-02
 Reference value :  2.02650e-02
 Reference value :  2.02684e-02
 Reference value :  2.02709e-02
 Reference value :  2.02748e-02
 Reference value :  2.02775e-02
 Reference value :  2.02807e-02
 Reference value :  2.02832e-02
 Reference value :  2.02871e-02
 Reference value :  2.02896e-02
 Reference value :  2.02930e-02
 Reference value :  2.02955e-02
 Reference value :  2.02979e-02
 Reference value :  2.03018e-02
 Reference value :  2.03052e-02
 Reference value :  2.03077e-02
 Reference value :  2.03116e-02
 Reference value :  2.03151e-02
 Reference value :  2.03176e-02
 Reference value :  2.03215e-02
 Reference value :  2.03239e-02
 Reference value :  2.03273e-02
 Reference value :  2.03298e-02
 Reference value :  2.03337e-02
 Reference value :  2.03370e-02
 Reference value :  2.03396e-02
 Reference value :  2.03434e-02
 Reference value :  2.03468e-02
 Reference value :  2.03493e-02
 Reference value :  2.03532e-02
 Reference value :  2.03566e-02
 Reference value :  2.03590e-02
 Reference value :  2.03630e-02
 Reference value :  2.03664e-02
 Reference value :  2.03688e-02
 Reference value :  2.03714e-02
 Reference value :  2.03752e-02
 Reference value :  2.03786e-02
 Reference value :  2.03811e-02
 Reference value :  2.03849e-02
 Reference value :  2.03883e-02
 Reference value :  2.03908e-02
 Reference value :  2.03947e-02
 Reference value :  2.03981e-02
 Reference value :  2.04020e-02
 Reference value :  2.04045e-02
 Reference value :  2.04079e-02
 Reference value :  2.04104e-02
 Reference value :  2.04130e-02
 Reference value :  2.04167e-02
 Reference value :  2.04201e-02
 Reference value :  2.04226e-02
 Reference value :  2.04264e-02
 Reference value :  2.04298e-02
 Reference value :  2.04323e-02
 Reference value :  2.04361e-02
 Reference value :  2.04387e-02
 Reference value :  2.04419e-02
 Reference value :  2.04445e-02
 Reference value :  2.04471e-02
 Reference value :  2.04509e-02
 Reference value :  2.04543e-02
 Reference value :  2.04568e-02
 Reference value :  2.04607e-02
 Reference value :  2.04632e-02
 Reference value :  2.04666e-02
 Reference value :  2.04691e-02
 Reference value :  2.04729e-02
 Reference value :  2.04763e-02
 Reference value :  2.04788e-02
 Reference value :  2.04827e-02
 Reference value :  2.04852e-02
 Reference value :  2.04886e-02
 Reference value :  2.04911e-02
 Reference value :  2.04950e-02
 Reference value :  2.04984e-02
 Reference value :  2.05011e-02
 Reference value :  2.05048e-02
 Reference value :  2.05082e-02
 Reference value :  2.05106e-02
 Reference value :  2.05145e-02
 Reference value :  2.05171e-02
 Reference value :  2.05204e-02
 Reference value :  2.05242e-02
 Reference value :  2.05267e-02
 Reference value :  2.05301e-02
 Reference value :  2.05340e-02
 Reference value :  2.05373e-02
 Reference value :  2.05399e-02
 Reference value :  2.05437e-02
 Reference value :  2.05465e-02
 Reference value :  2.05496e-02
 Reference value :  2.05522e-02
 Reference value :  2.05559e-02
 Reference value :  2.05593e-02
 Reference value :  2.05617e-02
 Reference value :  2.05656e-02
 Reference value :  2.05690e-02
 Reference value :  2.05715e-02
 Reference value :  2.05754e-02
 Reference value :  2.05779e-02
 Reference value :  2.05813e-02
 Reference value :  2.05838e-02
 Reference value :  2.05876e-02
 Reference value :  2.05911e-02
 Reference value :  2.05935e-02
 Reference value :  2.05960e-02
 Reference value :  2.05998e-02
 Reference value :  2.06032e-02
 Reference value :  2.06057e-02
 Reference value :  2.06082e-02
 Reference value :  2.06120e-02
 Reference value :  2.06145e-02
 Reference value :  2.06179e-02
 Reference value :  2.06204e-02
 Reference value :  2.06242e-02
 Reference value :  2.06267e-02
 Reference value :  2.06301e-02
 Reference value :  2.06326e-02
 Reference value :  2.06352e-02
 Reference value :  2.06389e-02
 Reference value :  2.06423e-02
 Reference value :  2.06449e-02
 Reference value :  2.06486e-02
 Reference value :  2.06521e-02
 Reference value :  2.06545e-02
 Reference value :  2.06585e-02
 Reference value :  2.06610e-02
 Reference value :  2.06644e-02
 Reference value :  2.06669e-02
 Reference value :  2.06707e-02
 Reference value :  2.06739e-02
 Reference value :  2.06766e-02
 Reference value :  2.06790e-02
 Reference value :  2.06829e-02
 Reference value :  2.06863e-02
 Reference value :  2.06888e-02
 Reference value :  2.06926e-02
 Reference value :  2.06951e-02
 Reference value :  2.06985e-02
 Reference value :  2.07009e-02
 Reference value :  2.07048e-02
 Reference value :  2.07082e-02
 Reference value :  2.07106e-02
 Reference value :  2.07131e-02
 Reference value :  2.07157e-02
 Reference value :  2.07194e-02
 Reference value :  2.07229e-02
 Reference value :  2.07253e-02
 Reference value :  2.07291e-02
 Reference value :  2.07324e-02
 Reference value :  2.07351e-02
 Reference value :  2.07376e-02
 Reference value :  2.07400e-02
 Reference value :  2.07439e-02
 Reference value :  2.07463e-02
 Reference value :  2.07498e-02
 Reference value :  2.07536e-02
 Reference value :  2.07571e-02
 Reference value :  2.07595e-02
 Reference value :  2.07634e-02
 Reference value :  2.07668e-02
 Reference value :  2.07707e-02
 Reference value :  2.07742e-02
 Reference value :  2.07766e-02
 Reference value :  2.07803e-02
 Reference value :  2.07830e-02
 Reference value :  2.07864e-02
 Reference value :  2.07889e-02
 Reference value :  2.07921e-02
 Reference value :  2.07952e-02
 Reference value :  2.07985e-02
 Reference value :  2.08012e-02
 Reference value :  2.08037e-02
 Reference value :  2.08075e-02
 Reference value :  2.08099e-02
 Reference value :  2.08134e-02
 Reference value :  2.08161e-02
 Reference value :  2.08197e-02
 Reference value :  2.08221e-02
 Reference value :  2.08254e-02
 Reference value :  2.08280e-02
 Reference value :  2.08318e-02
 Reference value :  2.08353e-02
 Reference value :  2.08378e-02
 Reference value :  2.08402e-02
 Reference value :  2.08441e-02
 Reference value :  2.08473e-02
 Reference value :  2.08500e-02
 Reference value :  2.08538e-02
 Reference value :  2.08563e-02
 Reference value :  2.08597e-02
 Reference value :  2.08622e-02
 Reference value :  2.08661e-02
 Reference value :  2.08695e-02
 Reference value :  2.08733e-02
 Reference value :  2.08768e-02
 Reference value :  2.08793e-02
 Reference value :  2.08818e-02
 Reference value :  2.08857e-02
 Reference value :  2.08882e-02
 Reference value :  2.08916e-02
 Reference value :  2.08954e-02
 Reference value :  2.08989e-02
 Reference value :  2.09014e-02
 Reference value :  2.09053e-02
 Reference value :  2.09078e-02
 Reference value :  2.09112e-02
 Reference value :  2.09151e-02
 Reference value :  2.09183e-02
 Reference value :  2.09210e-02
 Reference value :  2.09234e-02
 Reference value :  2.09273e-02
 Reference value :  2.09298e-02
 Reference value :  2.09332e-02
 Reference value :  2.09357e-02
 Reference value :  2.09394e-02
 Reference value :  2.09428e-02
 Reference value :  2.09454e-02
 Reference value :  2.09490e-02
 Reference value :  2.09517e-02
 Reference value :  2.09542e-02
 Reference value :  2.09577e-02
 Reference value :  2.09601e-02
 Reference value :  2.09640e-02
 Reference value :  2.09675e-02
 Reference value :  2.09699e-02
 Reference value :  2.09724e-02
 Reference value :  2.09762e-02
 Reference value :  2.09787e-02
 Reference value :  2.09822e-02
 Reference value :  2.09846e-02
 Reference value :  2.09870e-02
 Reference value :  2.09897e-02
 Reference value :  2.09933e-02
 Reference value :  2.09958e-02
 Reference value :  2.09991e-02
 Reference value :  2.10017e-02
 Reference value :  2.10055e-02
 Reference value :  2.10090e-02
 Reference value :  2.10115e-02
 Reference value :  2.10139e-02
 Reference value :  2.10164e-02
 Reference value :  2.10201e-02
 Reference value :  2.10236e-02
 Reference value :  2.10261e-02
 Reference value :  2.10286e-02
 Reference value :  2.10324e-02
 Reference value :  2.10357e-02
 Reference value :  2.10383e-02
 Reference value :  2.10421e-02
 Reference value :  2.10446e-02
 Reference value :  2.10480e-02
 Reference value :  2.10506e-02
 Reference value :  2.10544e-02
 Reference value :  2.10578e-02
 Reference value :  2.10603e-02
 Reference value :  2.10628e-02
 Reference value :  2.10666e-02
 Reference value :  2.10701e-02
 Reference value :  2.10725e-02
 Reference value :  2.10750e-02
 Reference value :  2.10788e-02
 Reference value :  2.10823e-02
 Reference value :  2.10848e-02
 Reference value :  2.10885e-02
 Reference value :  2.10920e-02
 Reference value :  2.10945e-02
 Reference value :  2.10983e-02
 Reference value :  2.11009e-02
 Reference value :  2.11044e-02
 Reference value :  2.11082e-02
 Reference value :  2.11115e-02
 Reference value :  2.11142e-02
 Reference value :  2.11166e-02
 Reference value :  2.11194e-02
 Reference value :  2.11230e-02
 Reference value :  2.11264e-02
 Reference value :  2.11288e-02
 Reference value :  2.11326e-02
 Reference value :  2.11359e-02
 Reference value :  2.11386e-02
 Reference value :  2.11411e-02
 Reference value :  2.11459e-02
 Reference value :  2.11484e-02
 Reference value :  2.11522e-02
 Reference value :  2.11547e-02
 Reference value :  2.11581e-02
 Reference value :  2.11606e-02
 Reference value :  2.11631e-02
 Reference value :  2.11669e-02
 Reference value :  2.11694e-02
 Reference value :  2.11729e-02
 Reference value :  2.11767e-02
 Reference value :  2.11792e-02
 Reference value :  2.11827e-02
 Reference value :  2.11853e-02
 Reference value :  2.11891e-02
 Reference value :  2.11925e-02
 Reference value :  2.11950e-02
 Reference value :  2.11975e-02
 Reference value :  2.12013e-02
 Reference value :  2.12046e-02
 Reference value :  2.12073e-02
 Reference value :  2.12097e-02
 Reference value :  2.12135e-02
 Reference value :  2.12160e-02
 Reference value :  2.12194e-02
 Reference value :  2.12219e-02
 Reference value :  2.12257e-02
 Reference value :  2.12291e-02
 Reference value :  2.12317e-02
 Reference value :  2.12341e-02
 Reference value :  2.12379e-02
 Reference value :  2.12404e-02
 Reference value :  2.12429e-02
 Reference value :  2.12463e-02
 Reference value :  2.12487e-02
 Reference value :  2.12525e-02
 Reference value :  2.12560e-02
 Reference value :  2.12585e-02
 Reference value :  2.12622e-02
 Reference value :  2.12647e-02
 Reference value :  2.12682e-02
 Reference value :  2.12707e-02
 Reference value :  2.12746e-02
 Reference value :  2.12781e-02
 Reference value :  2.12806e-02
 Reference value :  2.12844e-02
 Reference value :  2.12879e-02
 Reference value :  2.12904e-02
 Reference value :  2.12942e-02
 Reference value :  2.12975e-02
 Reference value :  2.13001e-02
 Reference value :  2.13026e-02
 Reference value :  2.13064e-02
 Reference value :  2.13099e-02
 Reference value :  2.13124e-02
 Reference value :  2.13148e-02
 Reference value :  2.13186e-02
 Reference value :  2.13211e-02
 Reference value :  2.13245e-02
 Reference value :  2.13270e-02
 Reference value :  2.13295e-02
 Reference value :  2.13331e-02
 Reference value :  2.13357e-02
 Reference value :  2.13392e-02
 Reference value :  2.13417e-02
 Reference value :  2.13454e-02
 Reference value :  2.13479e-02
 Reference value :  2.13514e-02
 Reference value :  2.13538e-02
 Reference value :  2.13576e-02
 Reference value :  2.13609e-02
 Reference value :  2.13635e-02
 Reference value :  2.13660e-02
 Reference value :  2.13685e-02
 Reference value :  2.13722e-02
 Reference value :  2.13758e-02
 Reference value :  2.13783e-02
 Reference value :  2.13808e-02
 Reference value :  2.13847e-02
 Reference value :  2.13881e-02
 Reference value :  2.13919e-02
 Reference value :  2.13954e-02
 Reference value :  2.13979e-02
 Reference value :  2.14017e-02
 Reference value :  2.14052e-02
 Reference value :  2.14079e-02
 Reference value :  2.14115e-02
 Reference value :  2.14150e-02
 Reference value :  2.14174e-02
 Reference value :  2.14212e-02
 Reference value :  2.14237e-02
 Reference value :  2.14273e-02
 Reference value :  2.14299e-02
 Reference value :  2.14336e-02
 Reference value :  2.14371e-02
 Reference value :  2.14396e-02
 Reference value :  2.14433e-02
 Reference value :  2.14468e-02
 Reference value :  2.14482e-02
 Reference value :  2.14517e-02
 Reference value :  2.14542e-02
 Reference value :  2.14567e-02
 Reference value :  2.14604e-02
 Reference value :  2.14639e-02
 Reference value :  2.14664e-02
 Reference value :  2.14702e-02
 Reference value :  2.14727e-02
 Reference value :  2.14761e-02
 Reference value :  2.14786e-02
 Reference value :  2.14811e-02
 Reference value :  2.14849e-02
 Reference value :  2.14874e-02
 Reference value :  2.14909e-02
 Reference value :  2.14934e-02
 Reference value :  2.14972e-02
 Reference value :  2.14997e-02
 Reference value :  2.15022e-02
 Reference value :  2.15057e-02
 Reference value :  2.15082e-02
 Reference value :  2.15119e-02
 Reference value :  2.15144e-02
 Reference value :  2.15168e-02
 Reference value :  2.15193e-02
 Reference value :  2.15220e-02
 Reference value :  2.15252e-02
 Reference value :  2.15276e-02
 Reference value :  2.15302e-02
 Reference value :  2.15339e-02
 Reference value :  2.15374e-02
 Reference value :  2.15400e-02
 Reference value :  2.15436e-02
 Reference value :  2.15461e-02
 Reference value :  2.15494e-02
 Reference value :  2.15520e-02
 Reference value :  2.15545e-02
 Reference value :  2.15583e-02
 Reference value :  2.15617e-02
 Reference value :  2.15643e-02
 Reference value :  2.15668e-02
 Reference value :  2.15706e-02
 Reference value :  2.15735e-02
 Reference value :  2.15765e-02
 Reference value :  2.15789e-02
 Reference value :  2.15827e-02
 Reference value :  2.15852e-02
 Reference value :  2.15886e-02
 Reference value :  2.15911e-02
 Reference value :  2.15936e-02
 Reference value :  2.15974e-02
 Reference value :  2.15998e-02
 Reference value :  2.16022e-02
 Reference value :  2.16057e-02
 Reference value :  2.16082e-02
 Reference value :  2.16119e-02
 Reference value :  2.16144e-02
 Reference value :  2.16169e-02
 Reference value :  2.16203e-02
 Reference value :  2.16228e-02
 Reference value :  2.16252e-02
 Reference value :  2.16290e-02
 Reference value :  2.16325e-02
 Reference value :  2.16349e-02
 Reference value :  2.16388e-02
 Reference value :  2.16423e-02
 Reference value :  2.16448e-02
 Reference value :  2.16486e-02
 Reference value :  2.16521e-02
 Reference value :  2.16545e-02
 Reference value :  2.16582e-02
 Reference value :  2.16608e-02
 Reference value :  2.16643e-02
 Reference value :  2.16668e-02
 Reference value :  2.16692e-02
 Reference value :  2.16717e-02
 Reference value :  2.16756e-02
 Reference value :  2.16789e-02
 Reference value :  2.16815e-02
 Reference value :  2.16854e-02
 Reference value :  2.16888e-02
 Reference value :  2.16913e-02
 Reference value :  2.16938e-02
 Reference value :  2.16976e-02
 Reference value :  2.17001e-02
 Reference value :  2.17036e-02
 Reference value :  2.17075e-02
 Reference value :  2.17100e-02
 Reference value :  2.17132e-02
 Reference value :  2.17158e-02
 Reference value :  2.17183e-02
 Reference value :  2.17207e-02
 Reference value :  2.17246e-02
 Reference value :  2.17271e-02
 Reference value :  2.17305e-02
 Reference value :  2.17330e-02
 Reference value :  2.17369e-02
 Reference value :  2.17403e-02
 Reference value :  2.17429e-02
 Reference value :  2.17466e-02
 Reference value :  2.17501e-02
 Reference value :  2.17526e-02
 Reference value :  2.17564e-02
 Reference value :  2.17589e-02
 Reference value :  2.17624e-02
 Reference value :  2.17649e-02
 Reference value :  2.17687e-02
 Reference value :  2.17722e-02
 Reference value :  2.17746e-02
 Reference value :  2.17784e-02
 Reference value :  2.17811e-02
 Reference value :  2.17844e-02
 Reference value :  2.17882e-02
 Reference value :  2.17907e-02
 Reference value :  2.17931e-02
 Reference value :  2.17966e-02
 Reference value :  2.17991e-02
 Reference value :  2.18028e-02
 Reference value :  2.18054e-02
 Reference value :  2.18088e-02
 Reference value :  2.18115e-02
 Reference value :  2.18151e-02
 Reference value :  2.18176e-02
 Reference value :  2.18211e-02
 Reference value :  2.18236e-02
 Reference value :  2.18274e-02
 Reference value :  2.18299e-02
 Reference value :  2.18333e-02
 Reference value :  2.18358e-02
 Reference value :  2.18383e-02
 Reference value :  2.18421e-02
 Reference value :  2.18456e-02
 Reference value :  2.18480e-02
 Reference value :  2.18505e-02
 Reference value :  2.18543e-02
 Reference value :  2.18570e-02
 Reference value :  2.18603e-02
 Reference value :  2.18628e-02
 Reference value :  2.18663e-02
 Reference value :  2.18691e-02
 Reference value :  2.18715e-02
 Reference value :  2.18750e-02
 Reference value :  2.18775e-02
 Reference value :  2.18813e-02
 Reference value :  2.18846e-02
 Reference value :  2.18872e-02
 Reference value :  2.18897e-02
 Reference value :  2.18935e-02
 Reference value :  2.18959e-02
 Reference value :  2.18985e-02
 Reference value :  2.19019e-02
 Reference value :  2.19044e-02
 Reference value :  2.19082e-02
 Reference value :  2.19107e-02
 Reference value :  2.19141e-02
 Reference value :  2.19167e-02
 Reference value :  2.19191e-02
 Reference value :  2.19229e-02
 Reference value :  2.19254e-02
 Reference value :  2.19279e-02
 Reference value :  2.19313e-02
 Reference value :  2.19338e-02
 Reference value :  2.19377e-02
 Reference value :  2.19411e-02
 Reference value :  2.19437e-02
 Reference value :  2.19475e-02
 Reference value :  2.19500e-02
 Reference value :  2.19534e-02
 Reference value :  2.19559e-02
 Reference value :  2.19598e-02
 Reference value :  2.19632e-02
 Reference value :  2.19657e-02
 Reference value :  2.19696e-02
 Reference value :  2.19720e-02
 Reference value :  2.19755e-02
 Reference value :  2.19794e-02
 Reference value :  2.19828e-02
 Reference value :  2.19853e-02
 Reference value :  2.19892e-02
 Reference value :  2.19925e-02
 Reference value :  2.19952e-02
 Reference value :  2.19976e-02
 Reference value :  2.20014e-02
 Reference value :  2.20039e-02
 Reference value :  2.20073e-02
 Reference value :  2.20098e-02
 Reference value :  2.20123e-02
 Reference value :  2.20160e-02
 Reference value :  2.20186e-02
 Reference value :  2.20211e-02
 Reference value :  2.20235e-02
 Reference value :  2.20260e-02
 Reference value :  2.20295e-02
 Reference value :  2.20319e-02
 Reference value :  2.20344e-02
 Reference value :  2.20368e-02
 Reference value :  2.20391e-02
 Reference value :  2.20407e-02
 Reference value :  2.20418e-02
 Reference value :  2.20442e-02
 Reference value :  2.20467e-02
 Reference value :  2.20491e-02
 Reference value :  2.20516e-02
 Reference value :  2.20541e-02
 Reference value :  2.20579e-02
 Reference value :  2.20604e-02
 Reference value :  2.20638e-02
 Reference value :  2.20662e-02
 Reference value :  2.20687e-02
 Reference value :  2.20711e-02
 Reference value :  2.20736e-02
 Reference value :  2.20774e-02
 Reference value :  2.20798e-02
 Reference value :  2.20832e-02
 Reference value :  2.20857e-02
 Reference value :  2.20895e-02
 Reference value :  2.20920e-02
 Reference value :  2.20954e-02
 Reference value :  2.20977e-02
 Reference value :  2.21003e-02
 Reference value :  2.21028e-02
 Reference value :  2.21053e-02
 Reference value :  2.21090e-02
 Reference value :  2.21115e-02
 Reference value :  2.21140e-02
 Reference value :  2.21175e-02
 Reference value :  2.21213e-02
 Reference value :  2.21237e-02
 Reference value :  2.21270e-02
 Reference value :  2.21297e-02
 Reference value :  2.21321e-02
 Reference value :  2.21346e-02
 Reference value :  2.21370e-02
 Reference value :  2.21395e-02
 Reference value :  2.21434e-02
 Reference value :  2.21458e-02
 Reference value :  2.21490e-02
 Reference value :  2.21517e-02
 Reference value :  2.21541e-02
 Reference value :  2.21566e-02
 Reference value :  2.21604e-02
 Reference value :  2.21629e-02
 Reference value :  2.21662e-02
 Reference value :  2.21688e-02
 Reference value :  2.21713e-02
 Reference value :  2.21751e-02
 Reference value :  2.21778e-02
 Reference value :  2.21810e-02
 Reference value :  2.21835e-02
 Reference value :  2.21860e-02
 Reference value :  2.21896e-02
 Reference value :  2.21923e-02
 Reference value :  2.21957e-02
 Reference value :  2.21982e-02
 Reference value :  2.22007e-02
 Reference value :  2.22030e-02
 Reference value :  2.22053e-02
 Reference value :  2.22079e-02
 Reference value :  2.22104e-02
 Reference value :  2.22128e-02
 Reference value :  2.22153e-02
 Reference value :  2.22191e-02
 Reference value :  2.22216e-02
 Reference value :  2.22239e-02
 Reference value :  2.22264e-02
 Reference value :  2.22299e-02
 Reference value :  2.22337e-02
 Reference value :  2.22362e-02
 Reference value :  2.22387e-02
 Reference value :  2.22421e-02
 Reference value :  2.22446e-02
 Reference value :  2.22470e-02
 Reference value :  2.22494e-02
 Reference value :  2.22533e-02
 Reference value :  2.22558e-02
 Reference value :  2.22590e-02
 Reference value :  2.22616e-02
 Reference value :  2.22640e-02
 Reference value :  2.22665e-02
 Reference value :  2.22689e-02
 Reference value :  2.22714e-02
 Reference value :  2.22753e-02
 Reference value :  2.22777e-02
 Reference value :  2.22810e-02
 Reference value :  2.22837e-02
 Reference value :  2.22861e-02
 Reference value :  2.22899e-02
 Reference value :  2.22923e-02
 Reference value :  2.22958e-02
 Reference value :  2.22983e-02
 Reference value :  2.23021e-02
 Reference value :  2.23047e-02
 Reference value :  2.23071e-02
 Reference value :  2.23105e-02
 Reference value :  2.23130e-02
 Reference value :  2.23154e-02
 Reference value :  2.23192e-02
 Reference value :  2.23217e-02
 Reference value :  2.23250e-02
 Reference value :  2.23275e-02
 Reference value :  2.23300e-02
 Reference value :  2.23325e-02
 Reference value :  2.23363e-02
 Reference value :  2.23397e-02
 Reference value :  2.23422e-02
 Reference value :  2.23448e-02
 Reference value :  2.23485e-02
 Reference value :  2.23513e-02
 Reference value :  2.23534e-02
 Reference value :  2.23559e-02
 Reference value :  2.23593e-02
 Reference value :  2.23617e-02
 Reference value :  2.23642e-02
 Reference value :  2.23669e-02
 Reference value :  2.23705e-02
 Reference value :  2.23731e-02
 Reference value :  2.23764e-02
 Reference value :  2.23788e-02
 Reference value :  2.23813e-02
 Reference value :  2.23852e-02
 Reference value :  2.23877e-02
 Reference value :  2.23909e-02
 Reference value :  2.23935e-02
 Reference value :  2.23960e-02
 Reference value :  2.23985e-02
 Reference value :  2.24023e-02
 Reference value :  2.24048e-02
 Reference value :  2.24081e-02
 Reference value :  2.24107e-02
 Reference value :  2.24131e-02
 Reference value :  2.24156e-02
 Reference value :  2.24180e-02
 Reference value :  2.24219e-02
 Reference value :  2.24243e-02
 Reference value :  2.24267e-02
 Reference value :  2.24292e-02
 Reference value :  2.24326e-02
 Reference value :  2.24351e-02
 Reference value :  2.24375e-02
 Reference value :  2.24400e-02
 Reference value :  2.24425e-02
 Reference value :  2.24463e-02
 Reference value :  2.24490e-02
 Reference value :  2.24522e-02
 Reference value :  2.24546e-02
 Reference value :  2.24571e-02
 Reference value :  2.24595e-02
 Reference value :  2.24620e-02
 Reference value :  2.24645e-02
 Reference value :  2.24669e-02
 Reference value :  2.24694e-02
 Reference value :  2.24732e-02
 Reference value :  2.24757e-02
 Reference value :  2.24791e-02
 Reference value :  2.24815e-02
 Reference value :  2.24854e-02
 Reference value :  2.24879e-02
 Reference value :  2.24913e-02
 Reference value :  2.24938e-02
 Reference value :  2.24962e-02
 Reference value :  2.24987e-02
 Reference value :  2.25025e-02
 Reference value :  2.25051e-02
 Reference value :  2.25084e-02
 Reference value :  2.25110e-02
 Reference value :  2.25134e-02
 Reference value :  2.25159e-02
 Reference value :  2.25185e-02
 Reference value :  2.25222e-02
 Reference value :  2.25247e-02
 Reference value :  2.25281e-02
 Reference value :  2.25305e-02
 Reference value :  2.25330e-02
 Reference value :  2.25355e-02
 Reference value :  2.25393e-02
 Reference value :  2.25419e-02
 Reference value :  2.25452e-02
 Reference value :  2.25476e-02
 Reference value :  2.25501e-02
 Reference value :  2.25525e-02
 Reference value :  2.25563e-02
 Reference value :  2.25587e-02
 Reference value :  2.25622e-02
 Reference value :  2.25647e-02
 Reference value :  2.25672e-02
 Reference value :  2.25709e-02
 Reference value :  2.25734e-02
 Reference value :  2.25769e-02
 Reference value :  2.25793e-02
 Reference value :  2.25832e-02
 Reference value :  2.25865e-02
 Reference value :  2.25891e-02
 Reference value :  2.25916e-02
 Reference value :  2.25940e-02
 Reference value :  2.25965e-02
 Reference value :  2.26003e-02
 Reference value :  2.26028e-02
 Reference value :  2.26053e-02
 Reference value :  2.26086e-02
 Reference value :  2.26103e-02
 Reference value :  2.26136e-02
 Reference value :  2.26161e-02
 Reference value :  2.26185e-02
 Reference value :  2.26224e-02
 Reference value :  2.26258e-02
 Reference value :  2.26283e-02
 Reference value :  2.26311e-02
 Reference value :  2.26346e-02
 Reference value :  2.26371e-02
 Reference value :  2.26395e-02
 Reference value :  2.26420e-02
 Reference value :  2.26453e-02
 Reference value :  2.26479e-02
 Reference value :  2.26504e-02
 Reference value :  2.26541e-02
 Reference value :  2.26575e-02
 Reference value :  2.26601e-02
 Reference value :  2.26628e-02
 Reference value :  2.26664e-02
 Reference value :  2.26689e-02
 Reference value :  2.26713e-02
 Reference value :  2.26747e-02
 Reference value :  2.26772e-02
 Reference value :  2.26797e-02
 Reference value :  2.26836e-02
 Reference value :  2.26863e-02
 Reference value :  2.26894e-02
 Reference value :  2.26918e-02
 Reference value :  2.26943e-02
 Reference value :  2.26969e-02
 Reference value :  2.27006e-02
 Reference value :  2.27041e-02
 Reference value :  2.27066e-02
 Reference value :  2.27104e-02
 Reference value :  2.27129e-02
 Reference value :  2.27154e-02
 Reference value :  2.27188e-02
 Reference value :  2.27213e-02
 Reference value :  2.27237e-02
 Reference value :  2.27262e-02
 Reference value :  2.27300e-02
 Reference value :  2.27325e-02
 Reference value :  2.27359e-02
 Reference value :  2.27384e-02
 Reference value :  2.27422e-02
 Reference value :  2.27448e-02
 Reference value :  2.27483e-02
 Reference value :  2.27521e-02
 Reference value :  2.27545e-02
 Reference value :  2.27579e-02
 Reference value :  2.27604e-02
 Reference value :  2.27629e-02
 Reference value :  2.27667e-02
 Reference value :  2.27694e-02
 Reference value :  2.27726e-02
 Reference value :  2.27751e-02
 Reference value :  2.27790e-02
 Reference value :  2.27814e-02
 Reference value :  2.27839e-02
 Reference value :  2.27872e-02
 Reference value :  2.27897e-02
 Reference value :  2.27922e-02
 Reference value :  2.27947e-02
 Reference value :  2.27971e-02
 Reference value :  2.28010e-02
 Reference value :  2.28035e-02
 Reference value :  2.28068e-02
 Reference value :  2.28094e-02
 Reference value :  2.28118e-02
 Reference value :  2.28156e-02
 Reference value :  2.28180e-02
 Reference value :  2.28213e-02
 Reference value :  2.28240e-02
 Reference value :  2.28264e-02
 Reference value :  2.28289e-02
 Reference value :  2.28327e-02
 Reference value :  2.28352e-02
 Reference value :  2.28377e-02
 Reference value :  2.28411e-02
 Reference value :  2.28435e-02
 Reference value :  2.28473e-02
 Reference value :  2.28498e-02
 Reference value :  2.28523e-02
 Reference value :  2.28557e-02
 Reference value :  2.28582e-02
 Reference value :  2.28608e-02
 Reference value :  2.28644e-02
 Reference value :  2.28669e-02
 Reference value :  2.28696e-02
 Reference value :  2.28718e-02
 Reference value :  2.28743e-02
 Reference value :  2.28768e-02
 Reference value :  2.28792e-02
 Reference value :  2.28826e-02
 Reference value :  2.28851e-02
 Reference value :  2.28875e-02
 Reference value :  2.28912e-02
 Reference value :  2.28938e-02
 Reference value :  2.28949e-02
 Reference value :  2.28973e-02
 Reference value :  2.28997e-02
 Reference value :  2.29012e-02
 Reference value :  2.29037e-02
 Reference value :  2.29060e-02
 Reference value :  2.29072e-02
 Reference value :  2.29095e-02
 Reference value :  2.29110e-02
 Reference value :  2.29134e-02
 Reference value :  2.29144e-02
 Reference value :  2.29167e-02
 Reference value :  2.29183e-02
 Reference value :  2.29205e-02
 Reference value :  2.29217e-02
 Reference value :  2.29232e-02
 Reference value :  2.29242e-02
 Reference value :  2.29266e-02
 Reference value :  2.29289e-02
 Reference value :  2.29305e-02
 Reference value :  2.29329e-02
 Reference value :  2.29353e-02
 Reference value :  2.29365e-02
 Reference value :  2.29388e-02
 Reference value :  2.29403e-02
 Reference value :  2.29427e-02
 Reference value :  2.29437e-02
 Reference value :  2.29461e-02
 Reference value :  2.29485e-02
 Reference value :  2.29500e-02
 Reference value :  2.29510e-02
 Reference value :  2.29535e-02
 Reference value :  2.29549e-02
 Reference value :  2.29559e-02
 Reference value :  2.29583e-02
 Reference value :  2.29598e-02
 Reference value :  2.29622e-02
 Reference value :  2.29647e-02
 Reference value :  2.29657e-02
 Reference value :  2.29681e-02
 Reference value :  2.29703e-02
 Reference value :  2.29720e-02
 Reference value :  2.29730e-02
 Reference value :  2.29745e-02
 Reference value :  2.29755e-02
 Reference value :  2.29769e-02
 Reference value :  2.29780e-02
 Reference value :  2.29803e-02
 Reference value :  2.29818e-02
 Reference value :  2.29828e-02
 Reference value :  2.29851e-02
 Reference value :  2.29866e-02
 Reference value :  2.29877e-02
 Reference value :  2.29892e-02
 Reference value :  2.29904e-02
 Reference value :  2.29925e-02
 Reference value :  2.29940e-02
 Reference value :  2.29950e-02
 Reference value :  2.29965e-02
 Reference value :  2.29977e-02
 Reference value :  2.29999e-02
 Reference value :  2.30013e-02
 Reference value :  2.30023e-02
 Reference value :  2.30047e-02
 Reference value :  2.30062e-02
 Reference value :  2.30072e-02
 Reference value :  2.30086e-02
 Reference value :  2.30097e-02
 Reference value :  2.30121e-02
 Reference value :  2.30123e-02
 Reference value :  2.30146e-02
 Reference value :  2.30160e-02
 Reference value :  2.30170e-02
 Reference value :  2.30194e-02
 Reference value :  2.30209e-02
 Reference value :  2.30233e-02
 Reference value :  2.30244e-02
 Reference value :  2.30268e-02
 Reference value :  2.30292e-02
 Reference value :  2.30307e-02
 Reference value :  2.30318e-02
 Reference value :  2.30341e-02
 Reference value :  2.30356e-02
 Reference value :  2.30378e-02
 Reference value :  2.30390e-02
 Reference value :  2.30414e-02
 Reference value :  2.30429e-02
 Reference value :  2.30453e-02
 Reference value :  2.30477e-02
 Reference value :  2.30502e-02
 Reference value :  2.30527e-02
 Reference value :  2.30551e-02
 Reference value :  2.30575e-02
 Reference value :  2.30600e-02
 Reference value :  2.30624e-02
 Reference value :  2.30649e-02
 Reference value :  2.30681e-02
 Reference value :  2.30707e-02
 Reference value :  2.30732e-02
 Reference value :  2.30769e-02
 Reference value :  2.30784e-02
 Reference value :  2.30819e-02
 Reference value :  2.30844e-02
 Reference value :  2.30869e-02
 Reference value :  2.30903e-02
 Reference value :  2.30927e-02
 Reference value :  2.30951e-02
 Reference value :  2.30989e-02
 Reference value :  2.31015e-02
 Reference value :  2.31049e-02
 Reference value :  2.31074e-02
 Reference value :  2.31099e-02
 Reference value :  2.31137e-02
 Reference value :  2.31162e-02
 Reference value :  2.31196e-02
 Reference value :  2.31221e-02
 Reference value :  2.31245e-02
 Reference value :  2.31270e-02
 Reference value :  2.31308e-02
 Reference value :  2.31333e-02
 Reference value :  2.31358e-02
 Reference value :  2.31382e-02
 Reference value :  2.31392e-02
 Reference value :  2.31417e-02
 Reference value :  2.31432e-02
 Reference value :  2.31456e-02
 Reference value :  2.31466e-02
 Reference value :  2.31490e-02
 Reference value :  2.31504e-02
 Reference value :  2.31517e-02
 Reference value :  2.31539e-02
 Reference value :  2.31553e-02
 Reference value :  2.31578e-02
 Reference value :  2.31589e-02
 Reference value :  2.31612e-02
 Reference value :  2.31636e-02
 Reference value :  2.31651e-02
 Reference value :  2.31675e-02
 Reference value :  2.31686e-02
 Reference value :  2.31710e-02
 Reference value :  2.31725e-02
 Reference value :  2.31748e-02
 Reference value :  2.31759e-02
 Reference value :  2.31783e-02
 Reference value :  2.31798e-02
 Reference value :  2.31808e-02
 Reference value :  2.31832e-02
 Reference value :  2.31847e-02
 Reference value :  2.31860e-02
 Reference value :  2.31881e-02
 Reference value :  2.31896e-02
 Reference value :  2.31919e-02
 Reference value :  2.31929e-02
 Reference value :  2.31954e-02
 Reference value :  2.31978e-02
 Reference value :  2.31993e-02
 Reference value :  2.32017e-02
 Reference value :  2.32028e-02
 Reference value :  2.32052e-02
 Reference value :  2.32067e-02
 Reference value :  2.32091e-02
 Reference value :  2.32101e-02
 Reference value :  2.32125e-02
 Reference value :  2.32141e-02
 Reference value :  2.32164e-02
 Reference value :  2.32174e-02
 Reference value :  2.32199e-02
 Reference value :  2.32214e-02
 Reference value :  2.32238e-02
 Reference value :  2.32248e-02
 Reference value :  2.32272e-02
 Reference value :  2.32287e-02
 Reference value :  2.32310e-02
 Reference value :  2.32321e-02
 Reference value :  2.32336e-02
 Reference value :  2.32360e-02
 Reference value :  2.32371e-02
 Reference value :  2.32394e-02
 Reference value :  2.32409e-02
 Reference value :  2.32419e-02
 Reference value :  2.32443e-02
 Reference value :  2.32458e-02
 Reference value :  2.32470e-02
 Reference value :  2.32493e-02
 Reference value :  2.32516e-02
 Reference value :  2.32532e-02
 Reference value :  2.32556e-02
 Reference value :  2.32567e-02
 Reference value :  2.32591e-02
 Reference value :  2.32606e-02
 Reference value :  2.32629e-02
 Reference value :  2.32640e-02
 Reference value :  2.32664e-02
 Reference value :  2.32679e-02
 Reference value :  2.32689e-02
 Reference value :  2.32713e-02
 Reference value :  2.32729e-02
 Reference value :  2.32752e-02
 Reference value :  2.32776e-02
 Reference value :  2.32810e-02
 Reference value :  2.32835e-02
 Reference value :  2.32874e-02
 Reference value :  2.32898e-02
 Reference value :  2.32932e-02
 Reference value :  2.32958e-02
 Reference value :  2.32997e-02
 Reference value :  2.33030e-02
 Reference value :  2.33055e-02
 Reference value :  2.33093e-02
 Reference value :  2.33118e-02
 Reference value :  2.33152e-02
 Reference value :  2.33191e-02
 Reference value :  2.33216e-02
 Reference value :  2.33250e-02
 Reference value :  2.33275e-02
 Reference value :  2.33314e-02
 Reference value :  2.33346e-02
 Reference value :  2.33372e-02
 Reference value :  2.33398e-02
 Reference value :  2.33435e-02
 Reference value :  2.33469e-02
 Reference value :  2.33494e-02
 Reference value :  2.33533e-02
 Reference value :  2.33567e-02
 Reference value :  2.33592e-02
 Reference value :  2.33631e-02
 Reference value :  2.33656e-02
 Reference value :  2.33690e-02
 Reference value :  2.33715e-02
 Reference value :  2.33753e-02
 Reference value :  2.33778e-02
 Reference value :  2.33789e-02
 Reference value :  2.33812e-02
 Reference value :  2.33836e-02
 Reference value :  2.33851e-02
 Reference value :  2.33862e-02
 Reference value :  2.33886e-02
 Reference value :  2.33900e-02
 Reference value :  2.33911e-02
 Reference value :  2.33935e-02
 Reference value :  2.33958e-02
 Reference value :  2.33974e-02
 Reference value :  2.33984e-02
 Reference value :  2.34008e-02
 Reference value :  2.34032e-02
 Reference value :  2.34047e-02
 Reference value :  2.34070e-02
 Reference value :  2.34081e-02
 Reference value :  2.34105e-02
 Reference value :  2.34120e-02
 Reference value :  2.34137e-02
 Reference value :  2.34154e-02
 Reference value :  2.34179e-02
 Reference value :  2.34194e-02
 Reference value :  2.34218e-02
 Reference value :  2.34228e-02
 Reference value :  2.34252e-02
 Reference value :  2.34267e-02
 Reference value :  2.34277e-02
 Reference value :  2.34301e-02
 Reference value :  2.34316e-02
 Reference value :  2.34326e-02
 Reference value :  2.34350e-02
 Reference value :  2.34374e-02
 Reference value :  2.34389e-02
 Reference value :  2.34414e-02
 Reference value :  2.34423e-02
 Reference value :  2.34447e-02
 Reference value :  2.34462e-02
 Reference value :  2.34473e-02
 Reference value :  2.34496e-02
 Reference value :  2.34512e-02
 Reference value :  2.34535e-02
 Reference value :  2.34545e-02
 Reference value :  2.34569e-02
 Reference value :  2.34584e-02
 Reference value :  2.34594e-02
 Reference value :  2.34609e-02
 Reference value :  2.34633e-02
 Reference value :  2.34643e-02
 Reference value :  2.34668e-02
 Reference value :  2.34683e-02
 Reference value :  2.34706e-02
 Reference value :  2.34717e-02
 Reference value :  2.34731e-02
 Reference value :  2.34755e-02
 Reference value :  2.34765e-02
 Reference value :  2.34790e-02
 Reference value :  2.34814e-02
 Reference value :  2.34829e-02
 Reference value :  2.34853e-02
 Reference value :  2.34864e-02
 Reference value :  2.34888e-02
 Reference value :  2.34912e-02
 Reference value :  2.34927e-02
 Reference value :  2.34937e-02
 Reference value :  2.34961e-02
 Reference value :  2.34985e-02
 Reference value :  2.35000e-02
 Reference value :  2.35023e-02
 Reference value :  2.35035e-02
 Reference value :  2.35059e-02
 Reference value :  2.35083e-02
 Reference value :  2.35098e-02
 Reference value :  2.35123e-02
 Reference value :  2.35148e-02
 Reference value :  2.35181e-02
 Reference value :  2.35220e-02
 Reference value :  2.35244e-02
 Reference value :  2.35278e-02
 Reference value :  2.35303e-02
 Reference value :  2.35328e-02
 Reference value :  2.35367e-02
 Reference value :  2.35401e-02
 Reference value :  2.35438e-02
 Reference value :  2.35464e-02
 Reference value :  2.35499e-02
 Reference value :  2.35537e-02
 Reference value :  2.35571e-02
 Reference value :  2.35597e-02
 Reference value :  2.35636e-02
 Reference value :  2.35670e-02
 Reference value :  2.35709e-02
 Reference value :  2.35734e-02
 Reference value :  2.35768e-02
 Reference value :  2.35793e-02
 Reference value :  2.35831e-02
 Reference value :  2.35864e-02
 Reference value :  2.35890e-02
 Reference value :  2.35928e-02
 Reference value :  2.35954e-02
 Reference value :  2.35988e-02
 Reference value :  2.36013e-02
 Reference value :  2.36052e-02
 Reference value :  2.36077e-02
 Reference value :  2.36111e-02
 Reference value :  2.36150e-02
 Reference value :  2.36184e-02
 Reference value :  2.36209e-02
 Reference value :  2.36247e-02
 Reference value :  2.36282e-02
 Reference value :  2.36307e-02
 Reference value :  2.36346e-02
 Reference value :  2.36379e-02
 Reference value :  2.36404e-02
 Reference value :  2.36443e-02
 Reference value :  2.36477e-02
 Reference value :  2.36502e-02
 Reference value :  2.36541e-02
 Reference value :  2.36566e-02
 Reference value :  2.36600e-02
 Reference value :  2.36639e-02
 Reference value :  2.36673e-02
 Reference value :  2.36699e-02
 Reference value :  2.36737e-02
 Reference value :  2.36771e-02
 Reference value :  2.36796e-02
 Reference value :  2.36834e-02
 Reference value :  2.36868e-02
 Reference value :  2.36893e-02
 Reference value :  2.36931e-02
 Reference value :  2.36956e-02
 Reference value :  2.36990e-02
 Reference value :  2.37015e-02
 Reference value :  2.37053e-02
 Reference value :  2.37086e-02
 Reference value :  2.37112e-02
 Reference value :  2.37151e-02
 Reference value :  2.37185e-02
 Reference value :  2.37210e-02
 Reference value :  2.37237e-02
 Reference value :  2.37274e-02
 Reference value :  2.37307e-02
 Reference value :  2.37332e-02
 Reference value :  2.37371e-02
 Reference value :  2.37395e-02
 Reference value :  2.37429e-02
 Reference value :  2.37467e-02
 Reference value :  2.37493e-02
 Reference value :  2.37527e-02
 Reference value :  2.37551e-02
 Reference value :  2.37590e-02
 Reference value :  2.37624e-02
 Reference value :  2.37649e-02
 Reference value :  2.37686e-02
 Reference value :  2.37713e-02
 Reference value :  2.37746e-02
 Reference value :  2.37771e-02
 Reference value :  2.37810e-02
 Reference value :  2.37844e-02
 Reference value :  2.37869e-02
 Reference value :  2.37908e-02
 Reference value :  2.37933e-02
 Reference value :  2.37967e-02
 Reference value :  2.37992e-02
 Reference value :  2.38031e-02
 Reference value :  2.38063e-02
 Reference value :  2.38089e-02
 Reference value :  2.38128e-02
 Reference value :  2.38158e-02
 Reference value :  2.38187e-02
 Reference value :  2.38213e-02
 Reference value :  2.38251e-02
 Reference value :  2.38285e-02
 Reference value :  2.38324e-02
 Reference value :  2.38358e-02
 Reference value :  2.38383e-02
 Reference value :  2.38422e-02
 Reference value :  2.38447e-02
 Reference value :  2.38481e-02
 Reference value :  2.38506e-02
 Reference value :  2.38545e-02
 Reference value :  2.38579e-02
 Reference value :  2.38604e-02
 Reference value :  2.38642e-02
 Reference value :  2.38677e-02
 Reference value :  2.38715e-02
 Reference value :  2.38742e-02
 Reference value :  2.38775e-02
 Reference value :  2.38814e-02
 Reference value :  2.38848e-02
 Reference value :  2.38872e-02
 Reference value :  2.38911e-02
 Reference value :  2.38945e-02
 Reference value :  2.38970e-02
 Reference value :  2.39009e-02
 Reference value :  2.39043e-02
 Reference value :  2.39068e-02
 Reference value :  2.39107e-02
 Reference value :  2.39141e-02
 Reference value :  2.39166e-02
 Reference value :  2.39205e-02
 Reference value :  2.39238e-02
 Reference value :  2.39264e-02
 Reference value :  2.39288e-02
 Reference value :  2.39320e-02
 Reference value :  2.39352e-02
 Reference value :  2.39386e-02
 Reference value :  2.39411e-02
 Reference value :  2.39435e-02
 Reference value :  2.39474e-02
 Reference value :  2.39499e-02
 Reference value :  2.39524e-02
 Reference value :  2.39557e-02
 Reference value :  2.39582e-02
 Reference value :  2.39606e-02
 Reference value :  2.39631e-02
 Reference value :  2.39655e-02
 Reference value :  2.39695e-02
 Reference value :  2.39721e-02
 Reference value :  2.39753e-02
 Reference value :  2.39778e-02
 Reference value :  2.39816e-02
 Reference value :  2.39844e-02
 Reference value :  2.39876e-02
 Reference value :  2.39901e-02
 Reference value :  2.39940e-02
 Reference value :  2.39974e-02
 Reference value :  2.39999e-02
 Reference value :  2.40025e-02
 Reference value :  2.40063e-02
 Reference value :  2.40097e-02
 Reference value :  2.40121e-02
 Reference value :  2.40161e-02
 Reference value :  2.40194e-02
 Reference value :  2.40219e-02
 Reference value :  2.40258e-02
 Reference value :  2.40283e-02
 Reference value :  2.40317e-02
 Reference value :  2.40342e-02
 Reference value :  2.40380e-02
 Reference value :  2.40414e-02
 Reference value :  2.40439e-02
 Reference value :  2.40478e-02
 Reference value :  2.40512e-02
 Reference value :  2.40549e-02
 Reference value :  2.40576e-02
 Reference value :  2.40610e-02
 Reference value :  2.40642e-02
 Reference value :  2.40674e-02
 Reference value :  2.40708e-02
 Reference value :  2.40733e-02
 Reference value :  2.40772e-02
 Reference value :  2.40806e-02
 Reference value :  2.40833e-02
 Reference value :  2.40873e-02
 Reference value :  2.40904e-02
 Reference value :  2.40944e-02
 Reference value :  2.40978e-02
 Reference value :  2.41004e-02
 Reference value :  2.41042e-02
 Reference value :  2.41075e-02
 Reference value :  2.41101e-02
 Reference value :  2.41140e-02
 Reference value :  2.41173e-02
 Reference value :  2.41212e-02
 Reference value :  2.41246e-02
 Reference value :  2.41270e-02
 Reference value :  2.41309e-02
 Reference value :  2.41343e-02
 Reference value :  2.41382e-02
 Reference value :  2.41416e-02
 Reference value :  2.41441e-02
 Reference value :  2.41486e-02
 Reference value :  2.41514e-02
 Reference value :  2.41553e-02
 Reference value :  2.41587e-02
 Reference value :  2.41612e-02
 Reference value :  2.41652e-02
 Reference value :  2.41685e-02
 Reference value :  2.41724e-02
 Reference value :  2.41758e-02
 Reference value :  2.41796e-02
 Reference value :  2.41823e-02
 Reference value :  2.41856e-02
 Reference value :  2.41883e-02
 Reference value :  2.41927e-02
 Reference value :  2.41954e-02
 Reference value :  2.41993e-02
 Reference value :  2.42026e-02
 Reference value :  2.42052e-02
 Reference value :  2.42091e-02
 Reference value :  2.42125e-02
 Reference value :  2.42150e-02
 Reference value :  2.42189e-02
 Reference value :  2.42223e-02
 Reference value :  2.42247e-02
 Reference value :  2.42287e-02
 Reference value :  2.42312e-02
 Reference value :  2.42346e-02
 Reference value :  2.42371e-02
 Reference value :  2.42410e-02
 Reference value :  2.42444e-02
 Reference value :  2.42469e-02
 Reference value :  2.42508e-02
 Reference value :  2.42540e-02
 Reference value :  2.42566e-02
 Reference value :  2.42605e-02
 Reference value :  2.42629e-02
 Reference value :  2.42663e-02
 Reference value :  2.42687e-02
 Reference value :  2.42726e-02
 Reference value :  2.42751e-02
 Reference value :  2.42785e-02
 Reference value :  2.42810e-02
 Reference value :  2.42849e-02
 Reference value :  2.42881e-02
 Reference value :  2.42907e-02
 Reference value :  2.42931e-02
 Reference value :  2.42956e-02
 Reference value :  2.42995e-02
 Reference value :  2.43029e-02
 Reference value :  2.43053e-02
 Reference value :  2.43092e-02
 Reference value :  2.43117e-02
 Reference value :  2.43151e-02
 Reference value :  2.43189e-02
 Reference value :  2.43214e-02
 Reference value :  2.43247e-02
 Reference value :  2.43272e-02
 Reference value :  2.43311e-02
 Reference value :  2.43339e-02
 Reference value :  2.43369e-02
 Reference value :  2.43408e-02
 Reference value :  2.43434e-02
 Reference value :  2.43467e-02
 Reference value :  2.43493e-02
 Reference value :  2.43532e-02
 Reference value :  2.43565e-02
 Reference value :  2.43590e-02
 Reference value :  2.43629e-02
 Reference value :  2.43662e-02
 Reference value :  2.43687e-02
 Reference value :  2.43726e-02
 Reference value :  2.43750e-02
 Reference value :  2.43784e-02
 Reference value :  2.43809e-02
 Reference value :  2.43848e-02
 Reference value :  2.43881e-02
 Reference value :  2.43906e-02
 Reference value :  2.43931e-02
 Reference value :  2.43963e-02
 Reference value :  2.43995e-02
 Reference value :  2.44028e-02
 Reference value :  2.44068e-02
 Reference value :  2.44092e-02
 Reference value :  2.44126e-02
 Reference value :  2.44150e-02
 Reference value :  2.44189e-02
 Reference value :  2.44214e-02
 Reference value :  2.44248e-02
 Reference value :  2.44272e-02
 Reference value :  2.44312e-02
 Reference value :  2.44345e-02
 Reference value :  2.44369e-02
 Reference value :  2.44408e-02
 Reference value :  2.44433e-02
 Reference value :  2.44466e-02
 Reference value :  2.44491e-02
 Reference value :  2.44530e-02
 Reference value :  2.44564e-02
 Reference value :  2.44588e-02
 Reference value :  2.44627e-02
 Reference value :  2.44661e-02
 Reference value :  2.44686e-02
 Reference value :  2.44725e-02
 Reference value :  2.44749e-02
 Reference value :  2.44783e-02
 Reference value :  2.44808e-02
 Reference value :  2.44847e-02
 Reference value :  2.44872e-02
 Reference value :  2.44904e-02
 Reference value :  2.44930e-02
 Reference value :  2.44955e-02
 Reference value :  2.44993e-02
 Reference value :  2.45018e-02
 Reference value :  2.45043e-02
 Reference value :  2.45077e-02
 Reference value :  2.45101e-02
 Reference value :  2.45141e-02
 Reference value :  2.45165e-02
 Reference value :  2.45199e-02
 Reference value :  2.45224e-02
 Reference value :  2.45250e-02
 Reference value :  2.45288e-02
 Reference value :  2.45312e-02
 Reference value :  2.45337e-02
 Reference value :  2.45362e-02
 Reference value :  2.45395e-02
 Reference value :  2.45420e-02
 Reference value :  2.45444e-02
 Reference value :  2.45469e-02
 Reference value :  2.45508e-02
 Reference value :  2.45533e-02
 Reference value :  2.45566e-02
 Reference value :  2.45591e-02
 Reference value :  2.45629e-02
 Reference value :  2.45653e-02
 Reference value :  2.45687e-02
 Reference value :  2.45711e-02
 Reference value :  2.45736e-02
 Reference value :  2.45775e-02
 Reference value :  2.45799e-02
 Reference value :  2.45824e-02
 Reference value :  2.45857e-02
 Reference value :  2.45882e-02
 Reference value :  2.45907e-02
 Reference value :  2.45946e-02
 Reference value :  2.45970e-02
 Reference value :  2.46004e-02
 Reference value :  2.46029e-02
 Reference value :  2.46054e-02
 Reference value :  2.46093e-02
 Reference value :  2.46127e-02
 Reference value :  2.46151e-02
 Reference value :  2.46176e-02
 Reference value :  2.46201e-02
 Reference value :  2.46240e-02
 Reference value :  2.46274e-02
 Reference value :  2.46298e-02
 Reference value :  2.46337e-02
 Reference value :  2.46362e-02
 Reference value :  2.46395e-02
 Reference value :  2.46420e-02
 Reference value :  2.46445e-02
 Reference value :  2.46481e-02
 Reference value :  2.46508e-02
 Reference value :  2.46541e-02
 Reference value :  2.46566e-02
 Reference value :  2.46591e-02
 Reference value :  2.46630e-02
 Reference value :  2.46663e-02
 Reference value :  2.46689e-02
 Reference value :  2.46727e-02
 Reference value :  2.46753e-02
 Reference value :  2.46786e-02
 Reference value :  2.46825e-02
 Reference value :  2.46851e-02
 Reference value :  2.46884e-02
 Reference value :  2.46908e-02
 Reference value :  2.46948e-02
 Reference value :  2.46982e-02
 Reference value :  2.47008e-02
 Reference value :  2.47045e-02
 Reference value :  2.47078e-02
 Reference value :  2.47103e-02
 Reference value :  2.47142e-02
 Reference value :  2.47170e-02
 Reference value :  2.47202e-02
 Reference value :  2.47227e-02
 Reference value :  2.47265e-02
 Reference value :  2.47299e-02
 Reference value :  2.47338e-02
 Reference value :  2.47371e-02
 Reference value :  2.47396e-02
 Reference value :  2.47424e-02
 Reference value :  2.47461e-02
 Reference value :  2.47494e-02
 Reference value :  2.47523e-02
 Reference value :  2.47562e-02
 Reference value :  2.47591e-02
 Reference value :  2.47616e-02
 Reference value :  2.47655e-02
 Reference value :  2.47680e-02
 Reference value :  2.47713e-02
 Reference value :  2.47738e-02
 Reference value :  2.47777e-02
 Reference value :  2.47811e-02
 Reference value :  2.47835e-02
 Reference value :  2.47875e-02
 Reference value :  2.47909e-02
 Reference value :  2.47933e-02
 Reference value :  2.47972e-02
 Reference value :  2.48006e-02
 Reference value :  2.48044e-02
 Reference value :  2.48070e-02
 Reference value :  2.48104e-02
 Reference value :  2.48129e-02
 Reference value :  2.48168e-02
 Reference value :  2.48201e-02
 Reference value :  2.48226e-02
 Reference value :  2.48266e-02
 Reference value :  2.48290e-02
 Reference value :  2.48324e-02
 Reference value :  2.48349e-02
 Reference value :  2.48388e-02
 Reference value :  2.48422e-02
 Reference value :  2.48447e-02
 Reference value :  2.48472e-02
 Reference value :  2.48511e-02
 Reference value :  2.48544e-02
 Reference value :  2.48583e-02
 Reference value :  2.48617e-02
 Reference value :  2.48642e-02
 Reference value :  2.48681e-02
 Reference value :  2.48706e-02
 Reference value :  2.48739e-02
 Reference value :  2.48778e-02
 Reference value :  2.48810e-02
 Reference value :  2.48837e-02
 Reference value :  2.48865e-02
 Reference value :  2.48901e-02
 Reference value :  2.48926e-02
 Reference value :  2.48960e-02
 Reference value :  2.48985e-02
 Reference value :  2.49024e-02
 Reference value :  2.49057e-02
 Reference value :  2.49082e-02
 Reference value :  2.49121e-02
 Reference value :  2.49154e-02
 Reference value :  2.49179e-02
 Reference value :  2.49219e-02
 Reference value :  2.49252e-02
 Reference value :  2.49277e-02
 Reference value :  2.49316e-02
 Reference value :  2.49350e-02
 Reference value :  2.49375e-02
 Reference value :  2.49414e-02
 Reference value :  2.49448e-02
 Reference value :  2.49472e-02
 Reference value :  2.49512e-02
 Reference value :  2.49546e-02
 Reference value :  2.49570e-02
 Reference value :  2.49610e-02
 Reference value :  2.49634e-02
 Reference value :  2.49668e-02
 Reference value :  2.49693e-02
 Reference value :  2.49717e-02
 Reference value :  2.49757e-02
 Reference value :  2.49790e-02
 Reference value :  2.49815e-02
 Reference value :  2.49854e-02
 Reference value :  2.49888e-02
 Reference value :  2.49914e-02
 Reference value :  2.49952e-02
 Reference value :  2.49986e-02
 Reference value :  2.50010e-02
 Reference value :  2.50047e-02
 Reference value :  2.50075e-02
 Reference value :  2.50085e-02
 Reference value :  2.50123e-02
 Reference value :  2.50148e-02
 Reference value :  2.50167e-02
 Reference value :  2.50195e-02
 Reference value :  2.50221e-02
 Reference value :  2.50246e-02
 Reference value :  2.50271e-02
 Reference value :  2.50303e-02
 Reference value :  2.50328e-02
 Reference value :  2.50353e-02
 Reference value :  2.50377e-02
 Reference value :  2.50402e-02
 Reference value :  2.50426e-02
 Reference value :  2.50451e-02
 Reference value :  2.50475e-02
 Reference value :  2.50499e-02
 Reference value :  2.50524e-02
 Reference value :  2.50548e-02
 Reference value :  2.50573e-02
 Reference value :  2.50597e-02
 Reference value :  2.50622e-02
 Reference value :  2.50646e-02
 Reference value :  2.50671e-02
 Reference value :  2.50695e-02
 Reference value :  2.50719e-02
 Reference value :  2.50744e-02
 Reference value :  2.50769e-02
 Reference value :  2.50793e-02
 Reference value :  2.50818e-02
 Reference value :  2.50842e-02
 Reference value :  2.50866e-02
 Reference value :  2.50891e-02
 Reference value :  2.50915e-02
 Reference value :  2.50940e-02
 Reference value :  2.50964e-02
 Reference value :  2.50989e-02
 Reference value :  2.51013e-02
 Reference value :  2.51037e-02
 Reference value :  2.51062e-02
 Reference value :  2.51087e-02
 Reference value :  2.51111e-02
 Reference value :  2.51136e-02
 Reference value :  2.51164e-02
 Reference value :  2.51200e-02
 Reference value :  2.51211e-02
 Reference value :  2.51249e-02
 Reference value :  2.51273e-02
 Reference value :  2.51297e-02
 Reference value :  2.51331e-02
 Reference value :  2.51355e-02
 Reference value :  2.51380e-02
 Reference value :  2.51405e-02
 Reference value :  2.51429e-02
 Reference value :  2.51454e-02
 Reference value :  2.51478e-02
 Reference value :  2.51518e-02
 Reference value :  2.51542e-02
 Reference value :  2.51567e-02
 Reference value :  2.51593e-02
 Reference value :  2.51625e-02
 Reference value :  2.51649e-02
 Reference value :  2.51673e-02
 Reference value :  2.51698e-02
 Reference value :  2.51722e-02
 Reference value :  2.51747e-02
 Reference value :  2.51771e-02
 Reference value :  2.51809e-02
 Reference value :  2.51834e-02
 Reference value :  2.51860e-02
 Reference value :  2.51884e-02
 Reference value :  2.51908e-02
 Reference value :  2.51933e-02
 Reference value :  2.51957e-02
 Reference value :  2.51988e-02
 Reference value :  2.52015e-02
 Reference value :  2.52040e-02
 Reference value :  2.52064e-02
 Reference value :  2.52088e-02
 Reference value :  2.52113e-02
 Reference value :  2.52137e-02
 Reference value :  2.52162e-02
 Reference value :  2.52187e-02
 Reference value :  2.52226e-02
 Reference value :  2.52250e-02
 Reference value :  2.52275e-02
 Reference value :  2.52308e-02
 Reference value :  2.52333e-02
 Reference value :  2.52357e-02
 Reference value :  2.52382e-02
 Reference value :  2.52406e-02
 Reference value :  2.52431e-02
 Reference value :  2.52455e-02
 Reference value :  2.52480e-02
 Reference value :  2.52505e-02
 Reference value :  2.52543e-02
 Reference value :  2.52568e-02
 Reference value :  2.52593e-02
 Reference value :  2.52618e-02
 Reference value :  2.52651e-02
 Reference value :  2.52675e-02
 Reference value :  2.52700e-02
 Reference value :  2.52725e-02
 Reference value :  2.52763e-02
 Reference value :  2.52788e-02
 Reference value :  2.52813e-02
 Reference value :  2.52838e-02
 Reference value :  2.52863e-02
 Reference value :  2.52896e-02
 Reference value :  2.52920e-02
 Reference value :  2.52945e-02
 Reference value :  2.52983e-02
 Reference value :  2.53008e-02
 Reference value :  2.53033e-02
 Reference value :  2.53058e-02
 Reference value :  2.53090e-02
 Reference value :  2.53115e-02
 Reference value :  2.53141e-02
 Reference value :  2.53165e-02
 Reference value :  2.53190e-02
 Reference value :  2.53215e-02
 Reference value :  2.53239e-02
 Reference value :  2.53277e-02
 Reference value :  2.53303e-02
 Reference value :  2.53328e-02
 Reference value :  2.53353e-02
 Reference value :  2.53377e-02
 Reference value :  2.53402e-02
 Reference value :  2.53426e-02
 Reference value :  2.53459e-02
 Reference value :  2.53484e-02
 Reference value :  2.53508e-02
 Reference value :  2.53532e-02
 Reference value :  2.53557e-02
 Reference value :  2.53582e-02
 Reference value :  2.53607e-02
 Reference value :  2.53645e-02
 Reference value :  2.53670e-02
 Reference value :  2.53701e-02
 Reference value :  2.53727e-02
 Reference value :  2.53751e-02
 Reference value :  2.53776e-02
 Reference value :  2.53800e-02
 Reference value :  2.53826e-02
 Reference value :  2.53864e-02
 Reference value :  2.53890e-02
 Reference value :  2.53923e-02
 Reference value :  2.53947e-02
 Reference value :  2.53972e-02
 Reference value :  2.53996e-02
 Reference value :  2.54035e-02
 Reference value :  2.54060e-02
 Reference value :  2.54085e-02
 Reference value :  2.54110e-02
 Reference value :  2.54136e-02
 Reference value :  2.54167e-02
 Reference value :  2.54192e-02
 Reference value :  2.54216e-02
 Reference value :  2.54255e-02
 Reference value :  2.54281e-02
 Reference value :  2.54314e-02
 Reference value :  2.54339e-02
 Reference value :  2.54377e-02
 Reference value :  2.54402e-02
 Reference value :  2.54427e-02
 Reference value :  2.54461e-02
 Reference value :  2.54485e-02
 Reference value :  2.54524e-02
 Reference value :  2.54549e-02
 Reference value :  2.54574e-02
 Reference value :  2.54607e-02
 Reference value :  2.54631e-02
 Reference value :  2.54656e-02
 Reference value :  2.54682e-02
 Reference value :  2.54720e-02
 Reference value :  2.54745e-02
 Reference value :  2.54769e-02
 Reference value :  2.54802e-02
 Reference value :  2.54827e-02
 Reference value :  2.54852e-02
 Reference value :  2.54876e-02
 Reference value :  2.54901e-02
 Reference value :  2.54940e-02
 Reference value :  2.54965e-02
 Reference value :  2.54998e-02
 Reference value :  2.55023e-02
 Reference value :  2.55047e-02
 Reference value :  2.55072e-02
 Reference value :  2.55097e-02
 Reference value :  2.55136e-02
 Reference value :  2.55161e-02
 Reference value :  2.55186e-02
 Reference value :  2.55210e-02
 Reference value :  2.55243e-02
 Reference value :  2.55268e-02
 Reference value :  2.55292e-02
 Reference value :  2.55331e-02
 Reference value :  2.55357e-02
 Reference value :  2.55382e-02
 Reference value :  2.55411e-02
 Reference value :  2.55439e-02
 Reference value :  2.55464e-02
 Reference value :  2.55489e-02
 Reference value :  2.55513e-02
 Reference value :  2.55539e-02
 Reference value :  2.55577e-02
 Reference value :  2.55610e-02
 Reference value :  2.55635e-02
 Reference value :  2.55660e-02
 Reference value :  2.55699e-02
 Reference value :  2.55724e-02
 Reference value :  2.55757e-02
 Reference value :  2.55782e-02
 Reference value :  2.55821e-02
 Reference value :  2.55854e-02
 Reference value :  2.55879e-02
 Reference value :  2.55906e-02
 Reference value :  2.55943e-02
 Reference value :  2.55976e-02
 Reference value :  2.56001e-02
 Reference value :  2.56028e-02
 Reference value :  2.56066e-02
 Reference value :  2.56090e-02
 Reference value :  2.56115e-02
 Reference value :  2.56148e-02
 Reference value :  2.56172e-02
 Reference value :  2.56212e-02
 Reference value :  2.56245e-02
 Reference value :  2.56270e-02
 Reference value :  2.56310e-02
 Reference value :  2.56343e-02
 Reference value :  2.56368e-02
 Reference value :  2.56394e-02
 Reference value :  2.56433e-02
 Reference value :  2.56466e-02
 Reference value :  2.56491e-02
 Reference value :  2.56530e-02
 Reference value :  2.56557e-02
 Reference value :  2.56589e-02
 Reference value :  2.56627e-02
 Reference value :  2.56653e-02
 Reference value :  2.56686e-02
 Reference value :  2.56711e-02
 Reference value :  2.56736e-02
 Reference value :  2.56775e-02
 Reference value :  2.56809e-02
 Reference value :  2.56834e-02
 Reference value :  2.56873e-02
 Reference value :  2.56905e-02
 Reference value :  2.56930e-02
 Reference value :  2.56970e-02
 Reference value :  2.57003e-02
 Reference value :  2.57027e-02
 Reference value :  2.57067e-02
 Reference value :  2.57100e-02
 Reference value :  2.57126e-02
 Reference value :  2.57165e-02
 Reference value :  2.57191e-02
 Reference value :  2.57223e-02
 Reference value :  2.57248e-02
 Reference value :  2.57287e-02
 Reference value :  2.57320e-02
 Reference value :  2.57345e-02
 Reference value :  2.57385e-02
 Reference value :  2.57410e-02
 Reference value :  2.57442e-02
 Reference value :  2.57467e-02
 Reference value :  2.57492e-02
 Reference value :  2.57531e-02
 Reference value :  2.57564e-02
 Reference value :  2.57590e-02
 Reference value :  2.57628e-02
 Reference value :  2.57652e-02
 Reference value :  2.57685e-02
 Reference value :  2.57710e-02
 Reference value :  2.57749e-02
 Reference value :  2.57777e-02
 Reference value :  2.57807e-02
 Reference value :  2.57831e-02
 Reference value :  2.57857e-02
 Reference value :  2.57896e-02
 Reference value :  2.57922e-02
 Reference value :  2.57953e-02
 Reference value :  2.57978e-02
 Reference value :  2.58003e-02
 Reference value :  2.58028e-02
 Reference value :  2.58054e-02
 Reference value :  2.58092e-02
 Reference value :  2.58116e-02
 Reference value :  2.58149e-02
 Reference value :  2.58174e-02
 Reference value :  2.58198e-02
 Reference value :  2.58239e-02
 Reference value :  2.58271e-02
 Reference value :  2.58296e-02
 Reference value :  2.58336e-02
 Reference value :  2.58368e-02
 Reference value :  2.58393e-02
 Reference value :  2.58418e-02
 Reference value :  2.58443e-02
 Reference value :  2.58483e-02
 Reference value :  2.58507e-02
 Reference value :  2.58540e-02
 Reference value :  2.58565e-02
 Reference value :  2.58604e-02
 Reference value :  2.58630e-02
 Reference value :  2.58663e-02
 Reference value :  2.58688e-02
 Reference value :  2.58726e-02
 Reference value :  2.58751e-02
 Reference value :  2.58777e-02
 Reference value :  2.58810e-02
 Reference value :  2.58835e-02
 Reference value :  2.58875e-02
 Reference value :  2.58899e-02
 Reference value :  2.58932e-02
 Reference value :  2.58957e-02
 Reference value :  2.58996e-02
 Reference value :  2.59021e-02
 Reference value :  2.59055e-02
 Reference value :  2.59079e-02
 Reference value :  2.59104e-02
 Reference value :  2.59128e-02
 Reference value :  2.59167e-02
 Reference value :  2.59193e-02
 Reference value :  2.59221e-02
 Reference value :  2.59251e-02
 Reference value :  2.59276e-02
 Reference value :  2.59315e-02
 Reference value :  2.59340e-02
 Reference value :  2.59373e-02
 Reference value :  2.59397e-02
 Reference value :  2.59422e-02
 Reference value :  2.59461e-02
 Reference value :  2.59487e-02
 Reference value :  2.59520e-02
 Reference value :  2.59545e-02
 Reference value :  2.59573e-02
 Reference value :  2.59609e-02
 Reference value :  2.59642e-02
 Reference value :  2.59667e-02
 Reference value :  2.59707e-02
 Reference value :  2.59731e-02
 Reference value :  2.59764e-02
 Reference value :  2.59789e-02
 Reference value :  2.59829e-02
 Reference value :  2.59854e-02
 Reference value :  2.59887e-02
 Reference value :  2.59912e-02
 Reference value :  2.59937e-02
 Reference value :  2.59976e-02
 Reference value :  2.60002e-02
 Reference value :  2.60034e-02
 Reference value :  2.60059e-02
 Reference value :  2.60084e-02
 Reference value :  2.60124e-02
 Reference value :  2.60148e-02
 Reference value :  2.60181e-02
 Reference value :  2.60206e-02
 Reference value :  2.60246e-02
 Reference value :  2.60271e-02
 Reference value :  2.60304e-02
 Reference value :  2.60329e-02
 Reference value :  2.60369e-02
 Reference value :  2.60402e-02
 Reference value :  2.60426e-02
 Reference value :  2.60465e-02
 Reference value :  2.60491e-02
 Reference value :  2.60524e-02
 Reference value :  2.60549e-02
 Reference value :  2.60589e-02
 Reference value :  2.60616e-02
 Reference value :  2.60647e-02
 Reference value :  2.60671e-02
 Reference value :  2.60711e-02
 Reference value :  2.60736e-02
 Reference value :  2.60761e-02
 Reference value :  2.60793e-02
 Reference value :  2.60833e-02
 Reference value :  2.60864e-02
 Reference value :  2.60891e-02
 Reference value :  2.60916e-02
 Reference value :  2.60954e-02
 Reference value :  2.60980e-02
 Reference value :  2.61010e-02
 Reference value :  2.61037e-02
 Reference value :  2.61063e-02
 Reference value :  2.61101e-02
 Reference value :  2.61127e-02
 Reference value :  2.61160e-02
 Reference value :  2.61184e-02
 Reference value :  2.61209e-02
 Reference value :  2.61248e-02
 Reference value :  2.61273e-02
 Reference value :  2.61306e-02
 Reference value :  2.61331e-02
 Reference value :  2.61369e-02
 Reference value :  2.61396e-02
 Reference value :  2.61427e-02
 Reference value :  2.61452e-02
 Reference value :  2.61477e-02
 Reference value :  2.61502e-02
 Reference value :  2.61541e-02
 Reference value :  2.61565e-02
 Reference value :  2.61598e-02
 Reference value :  2.61623e-02
 Reference value :  2.61648e-02
 Reference value :  2.61687e-02
 Reference value :  2.61712e-02
 Reference value :  2.61737e-02
 Reference value :  2.61762e-02
 Reference value :  2.61795e-02
 Reference value :  2.61821e-02
 Reference value :  2.61858e-02
 Reference value :  2.61883e-02
 Reference value :  2.61908e-02
 Reference value :  2.61940e-02
 Reference value :  2.61965e-02
 Reference value :  2.62005e-02
 Reference value :  2.62031e-02
 Reference value :  2.62062e-02
 Reference value :  2.62087e-02
 Reference value :  2.62111e-02
 Reference value :  2.62151e-02
 Reference value :  2.62175e-02
 Reference value :  2.62208e-02
 Reference value :  2.62233e-02
 Reference value :  2.62259e-02
 Reference value :  2.62297e-02
 Reference value :  2.62321e-02
 Reference value :  2.62354e-02
 Reference value :  2.62379e-02
 Reference value :  2.62404e-02
 Reference value :  2.62443e-02
 Reference value :  2.62468e-02
 Reference value :  2.62501e-02
 Reference value :  2.62526e-02
 Reference value :  2.62565e-02
 Reference value :  2.62590e-02
 Reference value :  2.62623e-02
 Reference value :  2.62647e-02
 Reference value :  2.62679e-02
 Reference value :  2.62712e-02
 Reference value :  2.62745e-02
 Reference value :  2.62770e-02
 Reference value :  2.62795e-02
 Reference value :  2.62834e-02
 Reference value :  2.62859e-02
 Reference value :  2.62883e-02
 Reference value :  2.62916e-02
 Reference value :  2.62940e-02
 Reference value :  2.62965e-02
 Reference value :  2.63005e-02
 Reference value :  2.63036e-02
 Reference value :  2.63062e-02
 Reference value :  2.63098e-02
 Reference value :  2.63127e-02
 Reference value :  2.63160e-02
 Reference value :  2.63184e-02
 Reference value :  2.63209e-02
 Reference value :  2.63249e-02
 Reference value :  2.63274e-02
 Reference value :  2.63307e-02
 Reference value :  2.63331e-02
 Reference value :  2.63371e-02
 Reference value :  2.63396e-02
 Reference value :  2.63429e-02
 Reference value :  2.63454e-02
 Reference value :  2.63492e-02
 Reference value :  2.63517e-02
 Reference value :  2.63542e-02
 Reference value :  2.63575e-02
 Reference value :  2.63600e-02
 Reference value :  2.63625e-02
 Reference value :  2.63665e-02
 Reference value :  2.63689e-02
 Reference value :  2.63722e-02
 Reference value :  2.63746e-02
 Reference value :  2.63787e-02
 Reference value :  2.63811e-02
 Reference value :  2.63844e-02
 Reference value :  2.63869e-02
 Reference value :  2.63909e-02
 Reference value :  2.63935e-02
 Reference value :  2.63967e-02
 Reference value :  2.64007e-02
 Reference value :  2.64039e-02
 Reference value :  2.64064e-02
 Reference value :  2.64090e-02
 Reference value :  2.64129e-02
 Reference value :  2.64162e-02
 Reference value :  2.64200e-02
 Reference value :  2.64235e-02
 Reference value :  2.64260e-02
 Reference value :  2.64284e-02
 Reference value :  2.64325e-02
 Reference value :  2.64358e-02
 Reference value :  2.64397e-02
 Reference value :  2.64430e-02
 Reference value :  2.64455e-02
 Reference value :  2.64493e-02
 Reference value :  2.64520e-02
 Reference value :  2.64552e-02
 Reference value :  2.64577e-02
 Reference value :  2.64615e-02
 Reference value :  2.64642e-02
 Reference value :  2.64675e-02
 Reference value :  2.64700e-02
 Reference value :  2.64740e-02
 Reference value :  2.64772e-02
 Reference value :  2.64797e-02
 Reference value :  2.64837e-02
 Reference value :  2.64862e-02
 Reference value :  2.64895e-02
 Reference value :  2.64935e-02
 Reference value :  2.64962e-02
 Reference value :  2.64993e-02
 Reference value :  2.65018e-02
 Reference value :  2.65058e-02
 Reference value :  2.65085e-02
 Reference value :  2.65115e-02
 Reference value :  2.65140e-02
 Reference value :  2.65180e-02
 Reference value :  2.65213e-02
 Reference value :  2.65254e-02
 Reference value :  2.65278e-02
 Reference value :  2.65311e-02
 Reference value :  2.65349e-02
 Reference value :  2.65375e-02
 Reference value :  2.65408e-02
 Reference value :  2.65433e-02
 Reference value :  2.65473e-02
 Reference value :  2.65505e-02
 Reference value :  2.65530e-02
 Reference value :  2.65570e-02
 Reference value :  2.65603e-02
 Reference value :  2.65628e-02
 Reference value :  2.65669e-02
 Reference value :  2.65702e-02
 Reference value :  2.65742e-02
 Reference value :  2.65774e-02
 Reference value :  2.65807e-02
 Reference value :  2.65839e-02
 Reference value :  2.65872e-02
 Reference value :  2.65897e-02
 Reference value :  2.65922e-02
 Reference value :  2.65962e-02
 Reference value :  2.65994e-02
 Reference value :  2.66018e-02
 Reference value :  2.66043e-02
 Reference value :  2.66083e-02
 Reference value :  2.66116e-02
 Reference value :  2.66154e-02
 Reference value :  2.66180e-02
 Reference value :  2.66213e-02
 Reference value :  2.66238e-02
 Reference value :  2.66278e-02
 Reference value :  2.66303e-02
 Reference value :  2.66335e-02
 Reference value :  2.66361e-02
 Reference value :  2.66401e-02
 Reference value :  2.66433e-02
 Reference value :  2.66459e-02
 Reference value :  2.66498e-02
 Reference value :  2.66525e-02
 Reference value :  2.66555e-02
 Reference value :  2.66581e-02
 Reference value :  2.66620e-02
 Reference value :  2.66653e-02
 Reference value :  2.66677e-02
 Reference value :  2.66702e-02
 Reference value :  2.66742e-02
 Reference value :  2.66773e-02
 Reference value :  2.66800e-02
 Reference value :  2.66825e-02
 Reference value :  2.66865e-02
 Reference value :  2.66889e-02
 Reference value :  2.66922e-02
 Reference value :  2.66947e-02
 Reference value :  2.66985e-02
 Reference value :  2.67011e-02
 Reference value :  2.67044e-02
 Reference value :  2.67069e-02
 Reference value :  2.67109e-02
 Reference value :  2.67141e-02
 Reference value :  2.67166e-02
 Reference value :  2.67191e-02
 Reference value :  2.67216e-02
 Reference value :  2.67255e-02
 Reference value :  2.67280e-02
 Reference value :  2.67305e-02
 Reference value :  2.67337e-02
 Reference value :  2.67362e-02
 Reference value :  2.67387e-02
 Reference value :  2.67426e-02
 Reference value :  2.67451e-02
 Reference value :  2.67475e-02
 Reference value :  2.67507e-02
 Reference value :  2.67532e-02
 Reference value :  2.67555e-02
 Reference value :  2.67581e-02
 Reference value :  2.67622e-02
 Reference value :  2.67646e-02
 Reference value :  2.67678e-02
 Reference value :  2.67703e-02
 Reference value :  2.67728e-02
 Reference value :  2.67768e-02
 Reference value :  2.67793e-02
 Reference value :  2.67826e-02
 Reference value :  2.67850e-02
 Reference value :  2.67875e-02
 Reference value :  2.67899e-02
 Reference value :  2.67939e-02
 Reference value :  2.67964e-02
 Reference value :  2.67996e-02
 Reference value :  2.68021e-02
 Reference value :  2.68046e-02
 Reference value :  2.68070e-02
 Reference value :  2.68108e-02
 Reference value :  2.68135e-02
 Reference value :  2.68160e-02
 Reference value :  2.68184e-02
 Reference value :  2.68215e-02
 Reference value :  2.68241e-02
 Reference value :  2.68266e-02
 Reference value :  2.68291e-02
 Reference value :  2.68331e-02
 Reference value :  2.68356e-02
 Reference value :  2.68389e-02
 Reference value :  2.68414e-02
 Reference value :  2.68454e-02
 Reference value :  2.68478e-02
 Reference value :  2.68510e-02
 Reference value :  2.68535e-02
 Reference value :  2.68560e-02
 Reference value :  2.68585e-02
 Reference value :  2.68625e-02
 Reference value :  2.68649e-02
 Reference value :  2.68682e-02
 Reference value :  2.68707e-02
 Reference value :  2.68742e-02
 Reference value :  2.68770e-02
 Reference value :  2.68795e-02
 Reference value :  2.68822e-02
 Reference value :  2.68853e-02
 Reference value :  2.68892e-02
 Reference value :  2.68918e-02
 Reference value :  2.68943e-02
 Reference value :  2.68975e-02
 Reference value :  2.69000e-02
 Reference value :  2.69025e-02
 Reference value :  2.69049e-02
 Reference value :  2.69089e-02
 Reference value :  2.69113e-02
 Reference value :  2.69146e-02
 Reference value :  2.69171e-02
 Reference value :  2.69196e-02
 Reference value :  2.69235e-02
 Reference value :  2.69261e-02
 Reference value :  2.69285e-02
 Reference value :  2.69318e-02
 Reference value :  2.69343e-02
 Reference value :  2.69381e-02
 Reference value :  2.69407e-02
 Reference value :  2.69432e-02
 Reference value :  2.69459e-02
 Reference value :  2.69489e-02
 Reference value :  2.69516e-02
 Reference value :  2.69554e-02
 Reference value :  2.69587e-02
 Reference value :  2.69611e-02
 Reference value :  2.69637e-02
 Reference value :  2.69677e-02
 Reference value :  2.69709e-02
 Reference value :  2.69733e-02
 Reference value :  2.69774e-02
 Reference value :  2.69799e-02
 Reference value :  2.69831e-02
 Reference value :  2.69856e-02
 Reference value :  2.69881e-02
 Reference value :  2.69921e-02
 Reference value :  2.69945e-02
 Reference value :  2.69978e-02
 Reference value :  2.70002e-02
 Reference value :  2.70043e-02
 Reference value :  2.70068e-02
 Reference value :  2.70100e-02
 Reference value :  2.70139e-02
 Reference value :  2.70165e-02
 Reference value :  2.70198e-02
 Reference value :  2.70237e-02
 Reference value :  2.70262e-02
 Reference value :  2.70295e-02
 Reference value :  2.70320e-02
 Reference value :  2.70360e-02
 Reference value :  2.70392e-02
 Reference value :  2.70419e-02
 Reference value :  2.70458e-02
 Reference value :  2.70490e-02
 Reference value :  2.70515e-02
 Reference value :  2.70555e-02
 Reference value :  2.70588e-02
 Reference value :  2.70613e-02
 Reference value :  2.70654e-02
 Reference value :  2.70678e-02
 Reference value :  2.70711e-02
 Reference value :  2.70751e-02
 Reference value :  2.70783e-02
 Reference value :  2.70808e-02
 Reference value :  2.70835e-02
 Reference value :  2.70874e-02
 Reference value :  2.70906e-02
 Reference value :  2.70930e-02
 Reference value :  2.70970e-02
 Reference value :  2.70996e-02
 Reference value :  2.71029e-02
 Reference value :  2.71053e-02
 Reference value :  2.71078e-02
 Reference value :  2.71118e-02
 Reference value :  2.71143e-02
 Reference value :  2.71176e-02
 Reference value :  2.71200e-02
 Reference value :  2.71241e-02
 Reference value :  2.71265e-02
 Reference value :  2.71298e-02
 Reference value :  2.71323e-02
 Reference value :  2.71363e-02
 Reference value :  2.71390e-02
 Reference value :  2.71420e-02
 Reference value :  2.71445e-02
 Reference value :  2.71473e-02
 Reference value :  2.71511e-02
 Reference value :  2.71542e-02
 Reference value :  2.71568e-02
 Reference value :  2.71607e-02
 Reference value :  2.71640e-02
 Reference value :  2.71665e-02
 Reference value :  2.71705e-02
 Reference value :  2.71738e-02
 Reference value :  2.71778e-02
 Reference value :  2.71803e-02
 Reference value :  2.71836e-02
 Reference value :  2.71875e-02
 Reference value :  2.71906e-02
 Reference value :  2.71933e-02
 Reference value :  2.71958e-02
 Reference value :  2.71998e-02
 Reference value :  2.72028e-02
 Reference value :  2.72056e-02
 Reference value :  2.72081e-02
 Reference value :  2.72121e-02
 Reference value :  2.72153e-02
 Reference value :  2.72178e-02
 Reference value :  2.72204e-02
 Reference value :  2.72243e-02
 Reference value :  2.72268e-02
 Reference value :  2.72301e-02
 Reference value :  2.72325e-02
 Reference value :  2.72366e-02
 Reference value :  2.72391e-02
 Reference value :  2.72423e-02
 Reference value :  2.72448e-02
 Reference value :  2.72473e-02
 Reference value :  2.72514e-02
 Reference value :  2.72546e-02
 Reference value :  2.72571e-02
 Reference value :  2.72609e-02
 Reference value :  2.72636e-02
 Reference value :  2.72668e-02
 Reference value :  2.72694e-02
 Reference value :  2.72733e-02
 Reference value :  2.72758e-02
 Reference value :  2.72791e-02
 Reference value :  2.72816e-02
 Reference value :  2.72856e-02
 Reference value :  2.72888e-02
 Reference value :  2.72913e-02
 Reference value :  2.72954e-02
 Reference value :  2.72978e-02
 Reference value :  2.73011e-02
 Reference value :  2.73051e-02
 Reference value :  2.73076e-02
 Reference value :  2.73108e-02
 Reference value :  2.73141e-02
 Reference value :  2.73174e-02
 Reference value :  2.73206e-02
 Reference value :  2.73231e-02
 Reference value :  2.73255e-02
 Reference value :  2.73296e-02
 Reference value :  2.73320e-02
 Reference value :  2.73353e-02
 Reference value :  2.73379e-02
 Reference value :  2.73419e-02
 Reference value :  2.73444e-02
 Reference value :  2.73476e-02
 Reference value :  2.73516e-02
 Reference value :  2.73547e-02
 Reference value :  2.73574e-02
 Reference value :  2.73599e-02
 Reference value :  2.73639e-02
 Reference value :  2.73664e-02
 Reference value :  2.73696e-02
 Reference value :  2.73737e-02
 Reference value :  2.73761e-02
 Reference value :  2.73794e-02
 Reference value :  2.73819e-02
 Reference value :  2.73844e-02
 Reference value :  2.73884e-02
 Reference value :  2.73908e-02
 Reference value :  2.73939e-02
 Reference value :  2.73966e-02
 Reference value :  2.73990e-02
 Reference value :  2.74030e-02
 Reference value :  2.74055e-02
 Reference value :  2.74080e-02
 Reference value :  2.74110e-02
 Reference value :  2.74136e-02
 Reference value :  2.74177e-02
 Reference value :  2.74202e-02
 Reference value :  2.74234e-02
 Reference value :  2.74259e-02
 Reference value :  2.74284e-02
 Reference value :  2.74323e-02
 Reference value :  2.74348e-02
 Reference value :  2.74373e-02
 Reference value :  2.74398e-02
 Reference value :  2.74431e-02
 Reference value :  2.74455e-02
 Reference value :  2.74495e-02
 Reference value :  2.74520e-02
 Reference value :  2.74552e-02
 Reference value :  2.74577e-02
 Reference value :  2.74617e-02
 Reference value :  2.74642e-02
 Reference value :  2.74674e-02
 Reference value :  2.74699e-02
 Reference value :  2.74724e-02
 Reference value :  2.74764e-02
 Reference value :  2.74789e-02
 Reference value :  2.74813e-02
 Reference value :  2.74845e-02
 Reference value :  2.74870e-02
 Reference value :  2.74895e-02
 Reference value :  2.74920e-02
 Reference value :  2.74960e-02
 Reference value :  2.74985e-02
 Reference value :  2.75016e-02
 Reference value :  2.75042e-02
 Reference value :  2.75067e-02
 Reference value :  2.75106e-02
 Reference value :  2.75132e-02
 Reference value :  2.75164e-02
 Reference value :  2.75204e-02
 Reference value :  2.75237e-02
 Reference value :  2.75263e-02
 Reference value :  2.75303e-02
 Reference value :  2.75335e-02
 Reference value :  2.75360e-02
 Reference value :  2.75401e-02
 Reference value :  2.75433e-02
 Reference value :  2.75458e-02
 Reference value :  2.75498e-02
 Reference value :  2.75529e-02
 Reference value :  2.75555e-02
 Reference value :  2.75582e-02
 Reference value :  2.75620e-02
 Reference value :  2.75645e-02
 Reference value :  2.75677e-02
 Reference value :  2.75702e-02
 Reference value :  2.75743e-02
 Reference value :  2.75768e-02
 Reference value :  2.75800e-02
 Reference value :  2.75825e-02
 Reference value :  2.75865e-02
 Reference value :  2.75890e-02
 Reference value :  2.75922e-02
 Reference value :  2.75962e-02
 Reference value :  2.75987e-02
 Reference value :  2.76012e-02
 Reference value :  2.76044e-02
 Reference value :  2.76073e-02
 Reference value :  2.76109e-02
 Reference value :  2.76141e-02
 Reference value :  2.76166e-02
 Reference value :  2.76207e-02
 Reference value :  2.76232e-02
 Reference value :  2.76263e-02
 Reference value :  2.76289e-02
 Reference value :  2.76332e-02
 Reference value :  2.76361e-02
 Reference value :  2.76388e-02
 Reference value :  2.76427e-02
 Reference value :  2.76459e-02
 Reference value :  2.76488e-02
 Reference value :  2.76524e-02
 Reference value :  2.76556e-02
 Reference value :  2.76597e-02
 Reference value :  2.76628e-02
 Reference value :  2.76654e-02
 Reference value :  2.76679e-02
 Reference value :  2.76719e-02
 Reference value :  2.76751e-02
 Reference value :  2.76777e-02
 Reference value :  2.76817e-02
 Reference value :  2.76849e-02
 Reference value :  2.76874e-02
 Reference value :  2.76915e-02
 Reference value :  2.76947e-02
 Reference value :  2.76971e-02
 Reference value :  2.77012e-02
 Reference value :  2.77044e-02
 Reference value :  2.77069e-02
 Reference value :  2.77093e-02
 Reference value :  2.77135e-02
 Reference value :  2.77159e-02
 Reference value :  2.77192e-02
 Reference value :  2.77216e-02
 Reference value :  2.77258e-02
 Reference value :  2.77289e-02
 Reference value :  2.77314e-02
 Reference value :  2.77339e-02
 Reference value :  2.77380e-02
 Reference value :  2.77404e-02
 Reference value :  2.77437e-02
 Reference value :  2.77470e-02
 Reference value :  2.77504e-02
 Reference value :  2.77535e-02
 Reference value :  2.77559e-02
 Reference value :  2.77600e-02
 Reference value :  2.77625e-02
 Reference value :  2.77657e-02
 Reference value :  2.77682e-02
 Reference value :  2.77723e-02
 Reference value :  2.77756e-02
 Reference value :  2.77797e-02
 Reference value :  2.77821e-02
 Reference value :  2.77854e-02
 Reference value :  2.77878e-02
 Reference value :  2.77919e-02
 Reference value :  2.77952e-02
 Reference value :  2.77977e-02
 Reference value :  2.78006e-02
 Reference value :  2.78042e-02
 Reference value :  2.78074e-02
 Reference value :  2.78114e-02
 Reference value :  2.78142e-02
 Reference value :  2.78172e-02
 Reference value :  2.78213e-02
 Reference value :  2.78245e-02
 Reference value :  2.78286e-02
 Reference value :  2.78318e-02
 Reference value :  2.78342e-02
 Reference value :  2.78367e-02
 Reference value :  2.78408e-02
 Reference value :  2.78440e-02
 Reference value :  2.78465e-02
 Reference value :  2.78492e-02
 Reference value :  2.78531e-02
 Reference value :  2.78563e-02
 Reference value :  2.78587e-02
 Reference value :  2.78612e-02
 Reference value :  2.78636e-02
 Reference value :  2.78662e-02
 Reference value :  2.78701e-02
 Reference value :  2.78732e-02
 Reference value :  2.78758e-02
 Reference value :  2.78783e-02
 Reference value :  2.78824e-02
 Reference value :  2.78857e-02
 Reference value :  2.78881e-02
 Reference value :  2.78922e-02
 Reference value :  2.78947e-02
 Reference value :  2.78979e-02
 Reference value :  2.79003e-02
 Reference value :  2.79028e-02
 Reference value :  2.79053e-02
 Reference value :  2.79094e-02
 Reference value :  2.79118e-02
 Reference value :  2.79151e-02
 Reference value :  2.79176e-02
 Reference value :  2.79215e-02
 Reference value :  2.79247e-02
 Reference value :  2.79272e-02
 Reference value :  2.79312e-02
 Reference value :  2.79337e-02
 Reference value :  2.79370e-02
 Reference value :  2.79411e-02
 Reference value :  2.79443e-02
 Reference value :  2.79468e-02
 Reference value :  2.79507e-02
 Reference value :  2.79533e-02
 Reference value :  2.79565e-02
 Reference value :  2.79590e-02
 Reference value :  2.79631e-02
 Reference value :  2.79655e-02
 Reference value :  2.79687e-02
 Reference value :  2.79712e-02
 Reference value :  2.79753e-02
 Reference value :  2.79785e-02
 Reference value :  2.79810e-02
 Reference value :  2.79835e-02
 Reference value :  2.79875e-02
 Reference value :  2.79907e-02
 Reference value :  2.79932e-02
 Reference value :  2.79973e-02
 Reference value :  2.80005e-02
 Reference value :  2.80030e-02
 Reference value :  2.80071e-02
 Reference value :  2.80102e-02
 Reference value :  2.80128e-02
 Reference value :  2.80169e-02
 Reference value :  2.80201e-02
 Reference value :  2.80226e-02
 Reference value :  2.80266e-02
 Reference value :  2.80298e-02
 Reference value :  2.80322e-02
 Reference value :  2.80348e-02
 Reference value :  2.80390e-02
 Reference value :  2.80420e-02
 Reference value :  2.80446e-02
 Reference value :  2.80486e-02
 Reference value :  2.80518e-02
 Reference value :  2.80559e-02
 Reference value :  2.80583e-02
 Reference value :  2.80615e-02
 Reference value :  2.80640e-02
 Reference value :  2.80665e-02
 Reference value :  2.80706e-02
 Reference value :  2.80737e-02
 Reference value :  2.80763e-02
 Reference value :  2.80788e-02
 Reference value :  2.80828e-02
 Reference value :  2.80860e-02
 Reference value :  2.80885e-02
 Reference value :  2.80926e-02
 Reference value :  2.80952e-02
 Reference value :  2.80982e-02
 Reference value :  2.81024e-02
 Reference value :  2.81054e-02
 Reference value :  2.81080e-02
 Reference value :  2.81105e-02
 Reference value :  2.81146e-02
 Reference value :  2.81171e-02
 Reference value :  2.81203e-02
 Reference value :  2.81228e-02
 Reference value :  2.81269e-02
 Reference value :  2.81301e-02
 Reference value :  2.81327e-02
 Reference value :  2.81367e-02
 Reference value :  2.81399e-02
 Reference value :  2.81441e-02
 Reference value :  2.81466e-02
 Reference value :  2.81497e-02
 Reference value :  2.81538e-02
 Reference value :  2.81563e-02
 Reference value :  2.81594e-02
 Reference value :  2.81620e-02
 Reference value :  2.81661e-02
 Reference value :  2.81693e-02
 Reference value :  2.81718e-02
 Reference value :  2.81758e-02
 Reference value :  2.81791e-02
 Reference value :  2.81819e-02
 Reference value :  2.81863e-02
 Reference value :  2.81888e-02
 Reference value :  2.81930e-02
 Reference value :  2.81961e-02
 Reference value :  2.81986e-02
 Reference value :  2.82027e-02
 Reference value :  2.82059e-02
 Reference value :  2.82084e-02
 Reference value :  2.82125e-02
 Reference value :  2.82156e-02
 Reference value :  2.82181e-02
 Reference value :  2.82222e-02
 Reference value :  2.82252e-02
 Reference value :  2.82278e-02
 Reference value :  2.82303e-02
 Reference value :  2.82344e-02
 Reference value :  2.82376e-02
 Reference value :  2.82417e-02
 Reference value :  2.82448e-02
 Reference value :  2.82473e-02
 Reference value :  2.82498e-02
 Reference value :  2.82540e-02
 Reference value :  2.82571e-02
 Reference value :  2.82612e-02
 Reference value :  2.82637e-02
 Reference value :  2.82669e-02
 Reference value :  2.82710e-02
 Reference value :  2.82742e-02
 Reference value :  2.82766e-02
 Reference value :  2.82791e-02
 Reference value :  2.82832e-02
 Reference value :  2.82864e-02
 Reference value :  2.82905e-02
 Reference value :  2.82930e-02
 Reference value :  2.82962e-02
 Reference value :  2.82990e-02
 Reference value :  2.83028e-02
 Reference value :  2.83061e-02
 Reference value :  2.83102e-02
 Reference value :  2.83127e-02
 Reference value :  2.83159e-02
 Reference value :  2.83184e-02
 Reference value :  2.83224e-02
 Reference value :  2.83251e-02
 Reference value :  2.83281e-02
 Reference value :  2.83322e-02
 Reference value :  2.83354e-02
 Reference value :  2.83379e-02
 Reference value :  2.83420e-02
 Reference value :  2.83450e-02
 Reference value :  2.83478e-02
 Reference value :  2.83518e-02
 Reference value :  2.83550e-02
 Reference value :  2.83591e-02
 Reference value :  2.83616e-02
 Reference value :  2.83648e-02
 Reference value :  2.83673e-02
 Reference value :  2.83714e-02
 Reference value :  2.83746e-02
 Reference value :  2.83786e-02
 Reference value :  2.83819e-02
 Reference value :  2.83843e-02
 Reference value :  2.83884e-02
 Reference value :  2.83916e-02
 Reference value :  2.83956e-02
 Reference value :  2.83982e-02
 Reference value :  2.84014e-02
 Reference value :  2.84040e-02
 Reference value :  2.84080e-02
 Reference value :  2.84111e-02
 Reference value :  2.84136e-02
 Reference value :  2.84177e-02
 Reference value :  2.84209e-02
 Reference value :  2.84234e-02
 Reference value :  2.84275e-02
 Reference value :  2.84307e-02
 Reference value :  2.84333e-02
 Reference value :  2.84373e-02
 Reference value :  2.84405e-02
 Reference value :  2.84445e-02
 Reference value :  2.84471e-02
 Reference value :  2.84503e-02
 Reference value :  2.84528e-02
 Reference value :  2.84569e-02
 Reference value :  2.84594e-02
 Reference value :  2.84626e-02
 Reference value :  2.84666e-02
 Reference value :  2.84691e-02
 Reference value :  2.84723e-02
 Reference value :  2.84749e-02
 Reference value :  2.84789e-02
 Reference value :  2.84822e-02
 Reference value :  2.84846e-02
 Reference value :  2.84887e-02
 Reference value :  2.84919e-02
 Reference value :  2.84946e-02
 Reference value :  2.84991e-02
 Reference value :  2.85017e-02
 Reference value :  2.85058e-02
 Reference value :  2.85090e-02
 Reference value :  2.85115e-02
 Reference value :  2.85156e-02
 Reference value :  2.85180e-02
 Reference value :  2.85212e-02
 Reference value :  2.85237e-02
 Reference value :  2.85278e-02
 Reference value :  2.85302e-02
 Reference value :  2.85334e-02
 Reference value :  2.85359e-02
 Reference value :  2.85400e-02
 Reference value :  2.85427e-02
 Reference value :  2.85456e-02
 Reference value :  2.85481e-02
 Reference value :  2.85522e-02
 Reference value :  2.85554e-02
 Reference value :  2.85581e-02
 Reference value :  2.85620e-02
 Reference value :  2.85652e-02
 Reference value :  2.85693e-02
 Reference value :  2.85718e-02
 Reference value :  2.85750e-02
 Reference value :  2.85792e-02
 Reference value :  2.85816e-02
 Reference value :  2.85848e-02
 Reference value :  2.85873e-02
 Reference value :  2.85914e-02
 Reference value :  2.85946e-02
 Reference value :  2.85985e-02
 Reference value :  2.86012e-02
 Reference value :  2.86043e-02
 Reference value :  2.86068e-02
 Reference value :  2.86095e-02
 Reference value :  2.86133e-02
 Reference value :  2.86166e-02
 Reference value :  2.86206e-02
 Reference value :  2.86237e-02
 Reference value :  2.86263e-02
 Reference value :  2.86305e-02
 Reference value :  2.86336e-02
 Reference value :  2.86361e-02
 Reference value :  2.86402e-02
 Reference value :  2.86427e-02
 Reference value :  2.86459e-02
 Reference value :  2.86485e-02
 Reference value :  2.86526e-02
 Reference value :  2.86557e-02
 Reference value :  2.86598e-02
 Reference value :  2.86626e-02
 Reference value :  2.86655e-02
 Reference value :  2.86696e-02
 Reference value :  2.86721e-02
 Reference value :  2.86753e-02
 Reference value :  2.86794e-02
 Reference value :  2.86826e-02
 Reference value :  2.86851e-02
 Reference value :  2.86891e-02
 Reference value :  2.86923e-02
 Reference value :  2.86948e-02
 Reference value :  2.86988e-02
 Reference value :  2.87013e-02
 Reference value :  2.87045e-02
 Reference value :  2.87086e-02
 Reference value :  2.87114e-02
 Reference value :  2.87143e-02
 Reference value :  2.87185e-02
 Reference value :  2.87217e-02
 Reference value :  2.87242e-02
 Reference value :  2.87283e-02
 Reference value :  2.87315e-02
 Reference value :  2.87340e-02
 Reference value :  2.87381e-02
 Reference value :  2.87413e-02
 Reference value :  2.87439e-02
 Reference value :  2.87479e-02
 Reference value :  2.87511e-02
 Reference value :  2.87552e-02
 Reference value :  2.87584e-02
 Reference value :  2.87609e-02
 Reference value :  2.87650e-02
 Reference value :  2.87682e-02
 Reference value :  2.87707e-02
 Reference value :  2.87748e-02
 Reference value :  2.87780e-02
 Reference value :  2.87821e-02
 Reference value :  2.87852e-02
 Reference value :  2.87878e-02
 Reference value :  2.87920e-02
 Reference value :  2.87952e-02
 Reference value :  2.87977e-02
 Reference value :  2.88018e-02
 Reference value :  2.88049e-02
 Reference value :  2.88074e-02
 Reference value :  2.88116e-02
 Reference value :  2.88148e-02
 Reference value :  2.88188e-02
 Reference value :  2.88221e-02
 Reference value :  2.88246e-02
 Reference value :  2.88287e-02
 Reference value :  2.88319e-02
 Reference value :  2.88360e-02
 Reference value :  2.88392e-02
 Reference value :  2.88417e-02
 Reference value :  2.88458e-02
 Reference value :  2.88490e-02
 Reference value :  2.88515e-02
 Reference value :  2.88556e-02
 Reference value :  2.88588e-02
 Reference value :  2.88629e-02
 Reference value :  2.88661e-02
 Reference value :  2.88702e-02
 Reference value :  2.88727e-02
 Reference value :  2.88758e-02
 Reference value :  2.88784e-02
 Reference value :  2.88826e-02
 Reference value :  2.88857e-02
 Reference value :  2.88898e-02
 Reference value :  2.88930e-02
 Reference value :  2.88954e-02
 Reference value :  2.88996e-02
 Reference value :  2.89028e-02
 Reference value :  2.89069e-02
 Reference value :  2.89094e-02
 Reference value :  2.89118e-02
 Reference value :  2.89150e-02
 Reference value :  2.89191e-02
 Reference value :  2.89219e-02
 Reference value :  2.89248e-02
 Reference value :  2.89278e-02
 Reference value :  2.89316e-02
 Reference value :  2.89346e-02
 Reference value :  2.89388e-02
 Reference value :  2.89419e-02
 Reference value :  2.89459e-02
 Reference value :  2.89485e-02
 Reference value :  2.89517e-02
 Reference value :  2.89542e-02
 Reference value :  2.89583e-02
 Reference value :  2.89615e-02
 Reference value :  2.89657e-02
 Reference value :  2.89688e-02
 Reference value :  2.89713e-02
 Reference value :  2.89754e-02
 Reference value :  2.89786e-02
 Reference value :  2.89811e-02
 Reference value :  2.89852e-02
 Reference value :  2.89884e-02
 Reference value :  2.89909e-02
 Reference value :  2.89950e-02
 Reference value :  2.89982e-02
 Reference value :  2.90007e-02
 Reference value :  2.90049e-02
 Reference value :  2.90080e-02
 Reference value :  2.90105e-02
 Reference value :  2.90145e-02
 Reference value :  2.90171e-02
 Reference value :  2.90203e-02
 Reference value :  2.90244e-02
 Reference value :  2.90275e-02
 Reference value :  2.90300e-02
 Reference value :  2.90341e-02
 Reference value :  2.90373e-02
 Reference value :  2.90414e-02
 Reference value :  2.90445e-02
 Reference value :  2.90470e-02
 Reference value :  2.90512e-02
 Reference value :  2.90543e-02
 Reference value :  2.90568e-02
 Reference value :  2.90610e-02
 Reference value :  2.90641e-02
 Reference value :  2.90666e-02
 Reference value :  2.90707e-02
 Reference value :  2.90739e-02
 Reference value :  2.90780e-02
 Reference value :  2.90812e-02
 Reference value :  2.90854e-02
 Reference value :  2.90885e-02
 Reference value :  2.90910e-02
 Reference value :  2.90952e-02
 Reference value :  2.90984e-02
 Reference value :  2.91024e-02
 Reference value :  2.91050e-02
 Reference value :  2.91081e-02
 Reference value :  2.91107e-02
 Reference value :  2.91148e-02
 Reference value :  2.91179e-02
 Reference value :  2.91221e-02
 Reference value :  2.91252e-02
 Reference value :  2.91279e-02
 Reference value :  2.91324e-02
 Reference value :  2.91350e-02
 Reference value :  2.91379e-02
 Reference value :  2.91422e-02
 Reference value :  2.91448e-02
 Reference value :  2.91489e-02
 Reference value :  2.91521e-02
 Reference value :  2.91551e-02
 Reference value :  2.91588e-02
 Reference value :  2.91620e-02
 Reference value :  2.91661e-02
 Reference value :  2.91692e-02
 Reference value :  2.91717e-02
 Reference value :  2.91759e-02
 Reference value :  2.91790e-02
 Reference value :  2.91815e-02
 Reference value :  2.91857e-02
 Reference value :  2.91888e-02
 Reference value :  2.91913e-02
 Reference value :  2.91954e-02
 Reference value :  2.91985e-02
 Reference value :  2.92027e-02
 Reference value :  2.92052e-02
 Reference value :  2.92083e-02
 Reference value :  2.92125e-02
 Reference value :  2.92151e-02
 Reference value :  2.92181e-02
 Reference value :  2.92211e-02
 Reference value :  2.92249e-02
 Reference value :  2.92279e-02
 Reference value :  2.92321e-02
 Reference value :  2.92353e-02
 Reference value :  2.92392e-02
 Reference value :  2.92426e-02
 Reference value :  2.92451e-02
 Reference value :  2.92492e-02
 Reference value :  2.92524e-02
 Reference value :  2.92556e-02
 Reference value :  2.92596e-02
 Reference value :  2.92622e-02
 Reference value :  2.92663e-02
 Reference value :  2.92688e-02
 Reference value :  2.92720e-02
 Reference value :  2.92762e-02
 Reference value :  2.92793e-02
 Reference value :  2.92835e-02
 Reference value :  2.92862e-02
 Reference value :  2.92891e-02
 Reference value :  2.92932e-02
 Reference value :  2.92964e-02
 Reference value :  2.93006e-02
 Reference value :  2.93030e-02
 Reference value :  2.93062e-02
 Reference value :  2.93103e-02
 Reference value :  2.93134e-02
 Reference value :  2.93176e-02
 Reference value :  2.93207e-02
 Reference value :  2.93232e-02
 Reference value :  2.93274e-02
 Reference value :  2.93305e-02
 Reference value :  2.93331e-02
 Reference value :  2.93372e-02
 Reference value :  2.93403e-02
 Reference value :  2.93432e-02
 Reference value :  2.93469e-02
 Reference value :  2.93501e-02
 Reference value :  2.93543e-02
 Reference value :  2.93574e-02
 Reference value :  2.93599e-02
 Reference value :  2.93641e-02
 Reference value :  2.93672e-02
 Reference value :  2.93702e-02
 Reference value :  2.93739e-02
 Reference value :  2.93770e-02
 Reference value :  2.93812e-02
 Reference value :  2.93843e-02
 Reference value :  2.93869e-02
 Reference value :  2.93910e-02
 Reference value :  2.93942e-02
 Reference value :  2.93983e-02
 Reference value :  2.94008e-02
 Reference value :  2.94039e-02
 Reference value :  2.94064e-02
 Reference value :  2.94105e-02
 Reference value :  2.94137e-02
 Reference value :  2.94178e-02
 Reference value :  2.94209e-02
 Reference value :  2.94235e-02
 Reference value :  2.94276e-02
 Reference value :  2.94308e-02
 Reference value :  2.94349e-02
 Reference value :  2.94381e-02
 Reference value :  2.94405e-02
 Reference value :  2.94447e-02
 Reference value :  2.94479e-02
 Reference value :  2.94503e-02
 Reference value :  2.94545e-02
 Reference value :  2.94576e-02
 Reference value :  2.94601e-02
 Reference value :  2.94642e-02
 Reference value :  2.94674e-02
 Reference value :  2.94699e-02
 Reference value :  2.94741e-02
 Reference value :  2.94772e-02
 Reference value :  2.94797e-02
 Reference value :  2.94838e-02
 Reference value :  2.94870e-02
 Reference value :  2.94911e-02
 Reference value :  2.94943e-02
 Reference value :  2.94968e-02
 Reference value :  2.95010e-02
 Reference value :  2.95035e-02
 Reference value :  2.95066e-02
 Reference value :  2.95107e-02
 Reference value :  2.95139e-02
 Reference value :  2.95164e-02
 Reference value :  2.95206e-02
 Reference value :  2.95237e-02
 Reference value :  2.95278e-02
 Reference value :  2.95309e-02
 Reference value :  2.95335e-02
 Reference value :  2.95377e-02
 Reference value :  2.95408e-02
 Reference value :  2.95436e-02
 Reference value :  2.95477e-02
 Reference value :  2.95506e-02
 Reference value :  2.95548e-02
 Reference value :  2.95579e-02
 Reference value :  2.95603e-02
 Reference value :  2.95645e-02
 Reference value :  2.95676e-02
 Reference value :  2.95701e-02
 Reference value :  2.95742e-02
 Reference value :  2.95774e-02
 Reference value :  2.95816e-02
 Reference value :  2.95847e-02
 Reference value :  2.95872e-02
 Reference value :  2.95919e-02
 Reference value :  2.95944e-02
 Reference value :  2.95986e-02
 Reference value :  2.96017e-02
 Reference value :  2.96043e-02
 Reference value :  2.96084e-02
 Reference value :  2.96115e-02
 Reference value :  2.96139e-02
 Reference value :  2.96181e-02
 Reference value :  2.96213e-02
 Reference value :  2.96255e-02
 Reference value :  2.96286e-02
 Reference value :  2.96310e-02
 Reference value :  2.96336e-02
 Reference value :  2.96377e-02
 Reference value :  2.96408e-02
 Reference value :  2.96450e-02
 Reference value :  2.96475e-02
 Reference value :  2.96506e-02
 Reference value :  2.96547e-02
 Reference value :  2.96573e-02
 Reference value :  2.96604e-02
 Reference value :  2.96645e-02
 Reference value :  2.96677e-02
 Reference value :  2.96717e-02
 Reference value :  2.96743e-02
 Reference value :  2.96774e-02
 Reference value :  2.96815e-02
 Reference value :  2.96845e-02
 Reference value :  2.96871e-02
 Reference value :  2.96913e-02
 Reference value :  2.96943e-02
 Reference value :  2.96969e-02
 Reference value :  2.97010e-02
 Reference value :  2.97036e-02
 Reference value :  2.97067e-02
 Reference value :  2.97108e-02
 Reference value :  2.97139e-02
 Reference value :  2.97165e-02
 Reference value :  2.97206e-02
 Reference value :  2.97238e-02
 Reference value :  2.97263e-02
 Reference value :  2.97305e-02
 Reference value :  2.97329e-02
 Reference value :  2.97360e-02
 Reference value :  2.97385e-02
 Reference value :  2.97427e-02
 Reference value :  2.97458e-02
 Reference value :  2.97483e-02
 Reference value :  2.97524e-02
 Reference value :  2.97550e-02
 Reference value :  2.97580e-02
 Reference value :  2.97622e-02
 Reference value :  2.97653e-02
 Reference value :  2.97677e-02
 Reference value :  2.97704e-02
 Reference value :  2.97744e-02
 Reference value :  2.97774e-02
 Reference value :  2.97799e-02
 Reference value :  2.97841e-02
 Reference value :  2.97872e-02
 Reference value :  2.97914e-02
 Reference value :  2.97939e-02
 Reference value :  2.97970e-02
 Reference value :  2.97996e-02
 Reference value :  2.98037e-02
 Reference value :  2.98068e-02
 Reference value :  2.98093e-02
 Reference value :  2.98135e-02
 Reference value :  2.98166e-02
 Reference value :  2.98192e-02
 Reference value :  2.98234e-02
 Reference value :  2.98264e-02
 Reference value :  2.98289e-02
 Reference value :  2.98331e-02
 Reference value :  2.98362e-02
 Reference value :  2.98387e-02
 Reference value :  2.98427e-02
 Reference value :  2.98454e-02
 Reference value :  2.98485e-02
 Reference value :  2.98512e-02
 Reference value :  2.98551e-02
 Reference value :  2.98582e-02
 Reference value :  2.98624e-02
 Reference value :  2.98651e-02
 Reference value :  2.98680e-02
 Reference value :  2.98705e-02
 Reference value :  2.98746e-02
 Reference value :  2.98778e-02
 Reference value :  2.98803e-02
 Reference value :  2.98845e-02
 Reference value :  2.98876e-02
 Reference value :  2.98901e-02
 Reference value :  2.98926e-02
 Reference value :  2.98967e-02
 Reference value :  2.98998e-02
 Reference value :  2.99023e-02
 Reference value :  2.99064e-02
 Reference value :  2.99096e-02
 Reference value :  2.99120e-02
 Reference value :  2.99162e-02
 Reference value :  2.99193e-02
 Reference value :  2.99218e-02
 Reference value :  2.99260e-02
 Reference value :  2.99291e-02
 Reference value :  2.99316e-02
 Reference value :  2.99358e-02
 Reference value :  2.99382e-02
 Reference value :  2.99413e-02
 Reference value :  2.99438e-02
 Reference value :  2.99465e-02
 Reference value :  2.99504e-02
 Reference value :  2.99535e-02
 Reference value :  2.99561e-02
 Reference value :  2.99602e-02
 Reference value :  2.99633e-02
 Reference value :  2.99658e-02
 Reference value :  2.99700e-02
 Reference value :  2.99731e-02
 Reference value :  2.99755e-02
 Reference value :  2.99797e-02
 Reference value :  2.99821e-02
 Reference value :  2.99853e-02
 Reference value :  2.99879e-02
 Reference value :  2.99920e-02
 Reference value :  2.99945e-02
 Reference value :  2.99976e-02
 Reference value :  3.00018e-02
 Reference value :  3.00049e-02
 Reference value :  3.00092e-02
 Reference value :  3.00122e-02
 Reference value :  3.00147e-02
 Reference value :  3.00189e-02
 Reference value :  3.00220e-02
 Reference value :  3.00262e-02
 Reference value :  3.00292e-02
 Reference value :  3.00318e-02
 Reference value :  3.00360e-02
 Reference value :  3.00384e-02
 Reference value :  3.00415e-02
 Reference value :  3.00457e-02
 Reference value :  3.00488e-02
 Reference value :  3.00514e-02
 Reference value :  3.00556e-02
 Reference value :  3.00587e-02
 Reference value :  3.00612e-02
 Reference value :  3.00654e-02
 Reference value :  3.00685e-02
 Reference value :  3.00727e-02
 Reference value :  3.00758e-02
 Reference value :  3.00783e-02
 Reference value :  3.00825e-02
 Reference value :  3.00856e-02
 Reference value :  3.00898e-02
 Reference value :  3.00923e-02
 Reference value :  3.00955e-02
 Reference value :  3.00980e-02
 Reference value :  3.01022e-02
 Reference value :  3.01052e-02
 Reference value :  3.01076e-02
 Reference value :  3.01119e-02
 Reference value :  3.01150e-02
 Reference value :  3.01192e-02
 Reference value :  3.01223e-02
 Reference value :  3.01247e-02
 Reference value :  3.01289e-02
 Reference value :  3.01320e-02
 Reference value :  3.01346e-02
 Reference value :  3.01393e-02
 Reference value :  3.01418e-02
 Reference value :  3.01460e-02
 Reference value :  3.01491e-02
 Reference value :  3.01517e-02
 Reference value :  3.01558e-02
 Reference value :  3.01589e-02
 Reference value :  3.01630e-02
 Reference value :  3.01656e-02
 Reference value :  3.01687e-02
 Reference value :  3.01728e-02
 Reference value :  3.01758e-02
 Reference value :  3.01784e-02
 Reference value :  3.01826e-02
 Reference value :  3.01857e-02
 Reference value :  3.01899e-02
 Reference value :  3.01930e-02
 Reference value :  3.01955e-02
 Reference value :  3.01996e-02
 Reference value :  3.02023e-02
 Reference value :  3.02053e-02
 Reference value :  3.02095e-02
 Reference value :  3.02125e-02
 Reference value :  3.02151e-02
 Reference value :  3.02192e-02
 Reference value :  3.02223e-02
 Reference value :  3.02248e-02
 Reference value :  3.02290e-02
 Reference value :  3.02321e-02
 Reference value :  3.02346e-02
 Reference value :  3.02388e-02
 Reference value :  3.02418e-02
 Reference value :  3.02444e-02
 Reference value :  3.02486e-02
 Reference value :  3.02517e-02
 Reference value :  3.02559e-02
 Reference value :  3.02590e-02
 Reference value :  3.02614e-02
 Reference value :  3.02656e-02
 Reference value :  3.02687e-02
 Reference value :  3.02731e-02
 Reference value :  3.02760e-02
 Reference value :  3.02785e-02
 Reference value :  3.02828e-02
 Reference value :  3.02858e-02
 Reference value :  3.02900e-02
 Reference value :  3.02931e-02
 Reference value :  3.02957e-02
 Reference value :  3.02999e-02
 Reference value :  3.03029e-02
 Reference value :  3.03071e-02
 Reference value :  3.03102e-02
 Reference value :  3.03127e-02
 Reference value :  3.03169e-02
 Reference value :  3.03200e-02
 Reference value :  3.03225e-02
 Reference value :  3.03267e-02
 Reference value :  3.03292e-02
 Reference value :  3.03323e-02
 Reference value :  3.03366e-02
 Reference value :  3.03391e-02
 Reference value :  3.03421e-02
 Reference value :  3.03446e-02
 Reference value :  3.03488e-02
 Reference value :  3.03513e-02
 Reference value :  3.03543e-02
 Reference value :  3.03586e-02
 Reference value :  3.03616e-02
 Reference value :  3.03641e-02
 Reference value :  3.03682e-02
 Reference value :  3.03714e-02
 Reference value :  3.03741e-02
 Reference value :  3.03783e-02
 Reference value :  3.03813e-02
 Reference value :  3.03854e-02
 Reference value :  3.03885e-02
 Reference value :  3.03926e-02
 Reference value :  3.03952e-02
 Reference value :  3.03982e-02
 Reference value :  3.04025e-02
 Reference value :  3.04049e-02
 Reference value :  3.04080e-02
 Reference value :  3.04122e-02
 Reference value :  3.04154e-02
 Reference value :  3.04196e-02
 Reference value :  3.04227e-02
 Reference value :  3.04269e-02
 Reference value :  3.04300e-02
 Reference value :  3.04326e-02
 Reference value :  3.04369e-02
 Reference value :  3.04398e-02
 Reference value :  3.04423e-02
 Reference value :  3.04465e-02
 Reference value :  3.04496e-02
 Reference value :  3.04538e-02
 Reference value :  3.04569e-02
 Reference value :  3.04612e-02
 Reference value :  3.04636e-02
 Reference value :  3.04667e-02
 Reference value :  3.04710e-02
 Reference value :  3.04740e-02
 Reference value :  3.04767e-02
 Reference value :  3.04807e-02
 Reference value :  3.04838e-02
 Reference value :  3.04872e-02
 Reference value :  3.04905e-02
 Reference value :  3.04936e-02
 Reference value :  3.04961e-02
 Reference value :  3.05008e-02
 Reference value :  3.05034e-02
 Reference value :  3.05076e-02
 Reference value :  3.05102e-02
 Reference value :  3.05132e-02
 Reference value :  3.05174e-02
 Reference value :  3.05205e-02
 Reference value :  3.05230e-02
 Reference value :  3.05272e-02
 Reference value :  3.05303e-02
 Reference value :  3.05331e-02
 Reference value :  3.05372e-02
 Reference value :  3.05402e-02
 Reference value :  3.05444e-02
 Reference value :  3.05475e-02
 Reference value :  3.05500e-02
 Reference value :  3.05540e-02
 Reference value :  3.05573e-02
 Reference value :  3.05614e-02
 Reference value :  3.05646e-02
 Reference value :  3.05671e-02
 Reference value :  3.05713e-02
 Reference value :  3.05744e-02
 Reference value :  3.05786e-02
 Reference value :  3.05817e-02
 Reference value :  3.05859e-02
 Reference value :  3.05891e-02
 Reference value :  3.05921e-02
 Reference value :  3.05957e-02
 Reference value :  3.05988e-02
 Reference value :  3.06013e-02
 Reference value :  3.06055e-02
 Reference value :  3.06086e-02
 Reference value :  3.06128e-02
 Reference value :  3.06158e-02
 Reference value :  3.06183e-02
 Reference value :  3.06226e-02
 Reference value :  3.06257e-02
 Reference value :  3.06299e-02
 Reference value :  3.06330e-02
 Reference value :  3.06355e-02
 Reference value :  3.06397e-02
 Reference value :  3.06428e-02
 Reference value :  3.06470e-02
 Reference value :  3.06496e-02
 Reference value :  3.06526e-02
 Reference value :  3.06551e-02
 Reference value :  3.06595e-02
 Reference value :  3.06624e-02
 Reference value :  3.06666e-02
 Reference value :  3.06697e-02
 Reference value :  3.06723e-02
 Reference value :  3.06766e-02
 Reference value :  3.06795e-02
 Reference value :  3.06838e-02
 Reference value :  3.06869e-02
 Reference value :  3.06894e-02
 Reference value :  3.06936e-02
 Reference value :  3.06961e-02
 Reference value :  3.06991e-02
 Reference value :  3.07016e-02
 Reference value :  3.07059e-02
 Reference value :  3.07089e-02
 Reference value :  3.07131e-02
 Reference value :  3.07162e-02
 Reference value :  3.07187e-02
 Reference value :  3.07231e-02
 Reference value :  3.07260e-02
 Reference value :  3.07285e-02
 Reference value :  3.07328e-02
 Reference value :  3.07353e-02
 Reference value :  3.07383e-02
 Reference value :  3.07425e-02
 Reference value :  3.07456e-02
 Reference value :  3.07481e-02
 Reference value :  3.07524e-02
 Reference value :  3.07554e-02
 Reference value :  3.07579e-02
 Reference value :  3.07621e-02
 Reference value :  3.07652e-02
 Reference value :  3.07694e-02
 Reference value :  3.07725e-02
 Reference value :  3.07750e-02
 Reference value :  3.07792e-02
 Reference value :  3.07822e-02
 Reference value :  3.07865e-02
 Reference value :  3.07895e-02
 Reference value :  3.07921e-02
 Reference value :  3.07963e-02
 Reference value :  3.07993e-02
 Reference value :  3.08035e-02
 Reference value :  3.08060e-02
 Reference value :  3.08091e-02
 Reference value :  3.08115e-02
 Reference value :  3.08158e-02
 Reference value :  3.08188e-02
 Reference value :  3.08213e-02
 Reference value :  3.08256e-02
 Reference value :  3.08286e-02
 Reference value :  3.08327e-02
 Reference value :  3.08360e-02
 Reference value :  3.08384e-02
 Reference value :  3.08427e-02
 Reference value :  3.08457e-02
 Reference value :  3.08501e-02
 Reference value :  3.08530e-02
 Reference value :  3.08555e-02
 Reference value :  3.08597e-02
 Reference value :  3.08628e-02
 Reference value :  3.08653e-02
 Reference value :  3.08695e-02
 Reference value :  3.08726e-02
 Reference value :  3.08751e-02
 Reference value :  3.08799e-02
 Reference value :  3.08824e-02
 Reference value :  3.08866e-02
 Reference value :  3.08897e-02
 Reference value :  3.08940e-02
 Reference value :  3.08965e-02
 Reference value :  3.08995e-02
 Reference value :  3.09037e-02
 Reference value :  3.09063e-02
 Reference value :  3.09093e-02
 Reference value :  3.09122e-02
 Reference value :  3.09166e-02
 Reference value :  3.09192e-02
 Reference value :  3.09234e-02
 Reference value :  3.09264e-02
 Reference value :  3.09306e-02
 Reference value :  3.09337e-02
 Reference value :  3.09362e-02
 Reference value :  3.09405e-02
 Reference value :  3.09436e-02
 Reference value :  3.09478e-02
 Reference value :  3.09509e-02
 Reference value :  3.09533e-02
 Reference value :  3.09576e-02
 Reference value :  3.09606e-02
 Reference value :  3.09632e-02
 Reference value :  3.09673e-02
 Reference value :  3.09704e-02
 Reference value :  3.09746e-02
 Reference value :  3.09777e-02
 Reference value :  3.09818e-02
 Reference value :  3.09845e-02
 Reference value :  3.09875e-02
 Reference value :  3.09900e-02
 Reference value :  3.09943e-02
 Reference value :  3.09973e-02
 Reference value :  3.09998e-02
 Reference value :  3.10040e-02
 Reference value :  3.10065e-02
 Reference value :  3.10096e-02
 Reference value :  3.10138e-02
 Reference value :  3.10168e-02
 Reference value :  3.10210e-02
 Reference value :  3.10241e-02
 Reference value :  3.10266e-02
 Reference value :  3.10308e-02
 Reference value :  3.10339e-02
 Reference value :  3.10381e-02
 Reference value :  3.10412e-02
 Reference value :  3.10437e-02
 Reference value :  3.10479e-02
 Reference value :  3.10510e-02
 Reference value :  3.10553e-02
 Reference value :  3.10580e-02
 Reference value :  3.10608e-02
 Reference value :  3.10650e-02
 Reference value :  3.10675e-02
 Reference value :  3.10705e-02
 Reference value :  3.10730e-02
 Reference value :  3.10773e-02
 Reference value :  3.10804e-02
 Reference value :  3.10828e-02
 Reference value :  3.10871e-02
 Reference value :  3.10901e-02
 Reference value :  3.10926e-02
 Reference value :  3.10968e-02
 Reference value :  3.10993e-02
 Reference value :  3.11024e-02
 Reference value :  3.11049e-02
 Reference value :  3.11094e-02
 Reference value :  3.11122e-02
 Reference value :  3.11165e-02
 Reference value :  3.11196e-02
 Reference value :  3.11238e-02
 Reference value :  3.11264e-02
 Reference value :  3.11294e-02
 Reference value :  3.11336e-02
 Reference value :  3.11367e-02
 Reference value :  3.11409e-02
 Reference value :  3.11440e-02
 Reference value :  3.11464e-02
 Reference value :  3.11508e-02
 Reference value :  3.11538e-02
 Reference value :  3.11580e-02
 Reference value :  3.11605e-02
 Reference value :  3.11635e-02
 Reference value :  3.11665e-02
 Reference value :  3.11708e-02
 Reference value :  3.11734e-02
 Reference value :  3.11776e-02
 Reference value :  3.11806e-02
 Reference value :  3.11831e-02
 Reference value :  3.11874e-02
 Reference value :  3.11904e-02
 Reference value :  3.11947e-02
 Reference value :  3.11977e-02
 Reference value :  3.12003e-02
 Reference value :  3.12045e-02
 Reference value :  3.12075e-02
 Reference value :  3.12117e-02
 Reference value :  3.12148e-02
 Reference value :  3.12174e-02
 Reference value :  3.12216e-02
 Reference value :  3.12247e-02
 Reference value :  3.12288e-02
 Reference value :  3.12315e-02
 Reference value :  3.12345e-02
 Reference value :  3.12388e-02
 Reference value :  3.12419e-02
 Reference value :  3.12461e-02
 Reference value :  3.12492e-02
 Reference value :  3.12534e-02
 Reference value :  3.12561e-02
 Reference value :  3.12589e-02
 Reference value :  3.12633e-02
 Reference value :  3.12663e-02
 Reference value :  3.12688e-02
 Reference value :  3.12731e-02
 Reference value :  3.12761e-02
 Reference value :  3.12785e-02
 Reference value :  3.12829e-02
 Reference value :  3.12859e-02
 Reference value :  3.12901e-02
 Reference value :  3.12931e-02
 Reference value :  3.12956e-02
 Reference value :  3.13000e-02
 Reference value :  3.13030e-02
 Reference value :  3.13054e-02
 Reference value :  3.13098e-02
 Reference value :  3.13128e-02
 Reference value :  3.13171e-02
 Reference value :  3.13201e-02
 Reference value :  3.13225e-02
 Reference value :  3.13270e-02
 Reference value :  3.13299e-02
 Reference value :  3.13342e-02
 Reference value :  3.13371e-02
 Reference value :  3.13414e-02
 Reference value :  3.13445e-02
 Reference value :  3.13469e-02
 Reference value :  3.13512e-02
 Reference value :  3.13543e-02
 Reference value :  3.13586e-02
 Reference value :  3.13616e-02
 Reference value :  3.13641e-02
 Reference value :  3.13668e-02
 Reference value :  3.13714e-02
 Reference value :  3.13739e-02
 Reference value :  3.13764e-02
 Reference value :  3.13807e-02
 Reference value :  3.13837e-02
 Reference value :  3.13861e-02
 Reference value :  3.13904e-02
 Reference value :  3.13934e-02
 Reference value :  3.13977e-02
 Reference value :  3.14003e-02
 Reference value :  3.14033e-02
 Reference value :  3.14075e-02
 Reference value :  3.14100e-02
 Reference value :  3.14130e-02
 Reference value :  3.14173e-02
 Reference value :  3.14197e-02
 Reference value :  3.14228e-02
 Reference value :  3.14254e-02
 Reference value :  3.14301e-02
 Reference value :  3.14326e-02
 Reference value :  3.14370e-02
 Reference value :  3.14399e-02
 Reference value :  3.14443e-02
 Reference value :  3.14466e-02
 Reference value :  3.14497e-02
 Reference value :  3.14522e-02
 Reference value :  3.14565e-02
 Reference value :  3.14595e-02
 Reference value :  3.14622e-02
 Reference value :  3.14664e-02
 Reference value :  3.14694e-02
 Reference value :  3.14737e-02
 Reference value :  3.14764e-02
 Reference value :  3.14792e-02
 Reference value :  3.14835e-02
 Reference value :  3.14865e-02
 Reference value :  3.14890e-02
 Reference value :  3.14933e-02
 Reference value :  3.14963e-02
 Reference value :  3.14987e-02
 Reference value :  3.15012e-02
 Reference value :  3.15055e-02
 Reference value :  3.15085e-02
 Reference value :  3.15113e-02
 Reference value :  3.15154e-02
 Reference value :  3.15184e-02
 Reference value :  3.15227e-02
 Reference value :  3.15257e-02
 Reference value :  3.15282e-02
 Reference value :  3.15325e-02
 Reference value :  3.15355e-02
 Reference value :  3.15398e-02
 Reference value :  3.15428e-02
 Reference value :  3.15452e-02
 Reference value :  3.15496e-02
 Reference value :  3.15526e-02
 Reference value :  3.15568e-02
 Reference value :  3.15594e-02
 Reference value :  3.15624e-02
 Reference value :  3.15667e-02
 Reference value :  3.15697e-02
 Reference value :  3.15722e-02
 Reference value :  3.15765e-02
 Reference value :  3.15794e-02
 Reference value :  3.15819e-02
 Reference value :  3.15860e-02
 Reference value :  3.15886e-02
 Reference value :  3.15916e-02
 Reference value :  3.15953e-02
 Reference value :  3.15984e-02
 Reference value :  3.16014e-02
 Reference value :  3.16039e-02
 Reference value :  3.16081e-02
 Reference value :  3.16106e-02
 Reference value :  3.16136e-02
 Reference value :  3.16180e-02
 Reference value :  3.16209e-02
 Reference value :  3.16235e-02
 Reference value :  3.16278e-02
 Reference value :  3.16307e-02
 Reference value :  3.16350e-02
 Reference value :  3.16377e-02
 Reference value :  3.16405e-02
 Reference value :  3.16448e-02
 Reference value :  3.16478e-02
 Reference value :  3.16503e-02
 Reference value :  3.16546e-02
 Reference value :  3.16576e-02
 Reference value :  3.16601e-02
 Reference value :  3.16644e-02
 Reference value :  3.16674e-02
 Reference value :  3.16717e-02
 Reference value :  3.16747e-02
 Reference value :  3.16790e-02
 Reference value :  3.16820e-02
 Reference value :  3.16845e-02
 Reference value :  3.16888e-02
 Reference value :  3.16918e-02
 Reference value :  3.16961e-02
 Reference value :  3.16990e-02
 Reference value :  3.17016e-02
 Reference value :  3.17059e-02
 Reference value :  3.17089e-02
 Reference value :  3.17114e-02
 Reference value :  3.17157e-02
 Reference value :  3.17187e-02
 Reference value :  3.17212e-02
 Reference value :  3.17260e-02
 Reference value :  3.17286e-02
 Reference value :  3.17327e-02
 Reference value :  3.17353e-02
 Reference value :  3.17383e-02
 Reference value :  3.17408e-02
 Reference value :  3.17451e-02
 Reference value :  3.17481e-02
 Reference value :  3.17505e-02
 Reference value :  3.17548e-02
 Reference value :  3.17573e-02
 Reference value :  3.17603e-02
 Reference value :  3.17628e-02
 Reference value :  3.17671e-02
 Reference value :  3.17701e-02
 Reference value :  3.17744e-02
 Reference value :  3.17774e-02
 Reference value :  3.17799e-02
 Reference value :  3.17842e-02
 Reference value :  3.17871e-02
 Reference value :  3.17896e-02
 Reference value :  3.17939e-02
 Reference value :  3.17969e-02
 Reference value :  3.17993e-02
 Reference value :  3.18036e-02
 Reference value :  3.18062e-02
 Reference value :  3.18091e-02
 Reference value :  3.18134e-02
 Reference value :  3.18159e-02
 Reference value :  3.18189e-02
 Reference value :  3.18232e-02
 Reference value :  3.18262e-02
 Reference value :  3.18287e-02
 Reference value :  3.18311e-02
 Reference value :  3.18355e-02
 Reference value :  3.18380e-02
 Reference value :  3.18410e-02
 Reference value :  3.18453e-02
 Reference value :  3.18478e-02
 Reference value :  3.18507e-02
 Reference value :  3.18533e-02
 Reference value :  3.18576e-02
 Reference value :  3.18605e-02
 Reference value :  3.18649e-02
 Reference value :  3.18675e-02
 Reference value :  3.18703e-02
 Reference value :  3.18728e-02
 Reference value :  3.18771e-02
 Reference value :  3.18800e-02
 Reference value :  3.18844e-02
 Reference value :  3.18873e-02
 Reference value :  3.18898e-02
 Reference value :  3.18923e-02
 Reference value :  3.18967e-02
 Reference value :  3.18996e-02
 Reference value :  3.19038e-02
 Reference value :  3.19070e-02
 Reference value :  3.19094e-02
 Reference value :  3.19138e-02
 Reference value :  3.19165e-02
 Reference value :  3.19192e-02
 Reference value :  3.19236e-02
 Reference value :  3.19265e-02
 Reference value :  3.19309e-02
 Reference value :  3.19338e-02
 Reference value :  3.19364e-02
 Reference value :  3.19407e-02
 Reference value :  3.19432e-02
 Reference value :  3.19461e-02
 Reference value :  3.19504e-02
 Reference value :  3.19530e-02
 Reference value :  3.19559e-02
 Reference value :  3.19603e-02
 Reference value :  3.19632e-02
 Reference value :  3.19676e-02
 Reference value :  3.19701e-02
 Reference value :  3.19731e-02
 Reference value :  3.19756e-02
 Reference value :  3.19800e-02
 Reference value :  3.19829e-02
 Reference value :  3.19854e-02
 Reference value :  3.19897e-02
 Reference value :  3.19926e-02
 Reference value :  3.19970e-02
 Reference value :  3.19995e-02
 Reference value :  3.20025e-02
 Reference value :  3.20068e-02
 Reference value :  3.20097e-02
 Reference value :  3.20122e-02
 Reference value :  3.20166e-02
 Reference value :  3.20195e-02
 Reference value :  3.20238e-02
 Reference value :  3.20263e-02
 Reference value :  3.20293e-02
 Reference value :  3.20318e-02
 Reference value :  3.20361e-02
 Reference value :  3.20391e-02
 Reference value :  3.20415e-02
 Reference value :  3.20459e-02
 Reference value :  3.20489e-02
 Reference value :  3.20514e-02
 Reference value :  3.20557e-02
 Reference value :  3.20587e-02
 Reference value :  3.20614e-02
 Reference value :  3.20655e-02
 Reference value :  3.20684e-02
 Reference value :  3.20709e-02
 Reference value :  3.20753e-02
 Reference value :  3.20782e-02
 Reference value :  3.20825e-02
 Reference value :  3.20854e-02
 Reference value :  3.20880e-02
 Reference value :  3.20924e-02
 Reference value :  3.20953e-02
 Reference value :  3.20979e-02
 Reference value :  3.21023e-02
 Reference value :  3.21052e-02
 Reference value :  3.21095e-02
 Reference value :  3.21124e-02
 Reference value :  3.21168e-02
 Reference value :  3.21198e-02
 Reference value :  3.21242e-02
 Reference value :  3.21270e-02
 Reference value :  3.21295e-02
 Reference value :  3.21339e-02
 Reference value :  3.21368e-02
 Reference value :  3.21393e-02
 Reference value :  3.21436e-02
 Reference value :  3.21465e-02
 Reference value :  3.21490e-02
 Reference value :  3.21533e-02
 Reference value :  3.21563e-02
 Reference value :  3.21591e-02
 Reference value :  3.21636e-02
 Reference value :  3.21661e-02
 Reference value :  3.21705e-02
 Reference value :  3.21734e-02
 Reference value :  3.21778e-02
 Reference value :  3.21803e-02
 Reference value :  3.21832e-02
 Reference value :  3.21857e-02
 Reference value :  3.21901e-02
 Reference value :  3.21931e-02
 Reference value :  3.21975e-02
 Reference value :  3.22004e-02
 Reference value :  3.22029e-02
 Reference value :  3.22073e-02
 Reference value :  3.22102e-02
 Reference value :  3.22145e-02
 Reference value :  3.22174e-02
 Reference value :  3.22200e-02
 Reference value :  3.22246e-02
 Reference value :  3.22272e-02
 Reference value :  3.22316e-02
 Reference value :  3.22345e-02
 Reference value :  3.22389e-02
 Reference value :  3.22418e-02
 Reference value :  3.22443e-02
 Reference value :  3.22487e-02
 Reference value :  3.22516e-02
 Reference value :  3.22560e-02
 Reference value :  3.22589e-02
 Reference value :  3.22616e-02
 Reference value :  3.22662e-02
 Reference value :  3.22687e-02
 Reference value :  3.22730e-02
 Reference value :  3.22760e-02
 Reference value :  3.22804e-02
 Reference value :  3.22833e-02
 Reference value :  3.22858e-02
 Reference value :  3.22902e-02
 Reference value :  3.22931e-02
 Reference value :  3.22975e-02
 Reference value :  3.23000e-02
 Reference value :  3.23029e-02
 Reference value :  3.23073e-02
 Reference value :  3.23103e-02
 Reference value :  3.23127e-02
 Reference value :  3.23171e-02
 Reference value :  3.23201e-02
 Reference value :  3.23225e-02
 Reference value :  3.23270e-02
 Reference value :  3.23299e-02
 Reference value :  3.23341e-02
 Reference value :  3.23367e-02
 Reference value :  3.23396e-02
 Reference value :  3.23440e-02
 Reference value :  3.23469e-02
 Reference value :  3.23494e-02
 Reference value :  3.23538e-02
 Reference value :  3.23567e-02
 Reference value :  3.23610e-02
 Reference value :  3.23641e-02
 Reference value :  3.23683e-02
 Reference value :  3.23714e-02
 Reference value :  3.23739e-02
 Reference value :  3.23783e-02
 Reference value :  3.23813e-02
 Reference value :  3.23838e-02
 Reference value :  3.23881e-02
 Reference value :  3.23910e-02
 Reference value :  3.23954e-02
 Reference value :  3.23984e-02
 Reference value :  3.24026e-02
 Reference value :  3.24053e-02
 Reference value :  3.24082e-02
 Reference value :  3.24106e-02
 Reference value :  3.24150e-02
 Reference value :  3.24180e-02
 Reference value :  3.24205e-02
 Reference value :  3.24249e-02
 Reference value :  3.24278e-02
 Reference value :  3.24322e-02
 Reference value :  3.24352e-02
 Reference value :  3.24395e-02
 Reference value :  3.24424e-02
 Reference value :  3.24449e-02
 Reference value :  3.24483e-02
 Reference value :  3.24518e-02
 Reference value :  3.24548e-02
 Reference value :  3.24590e-02
 Reference value :  3.24620e-02
 Reference value :  3.24645e-02
 Reference value :  3.24692e-02
 Reference value :  3.24718e-02
 Reference value :  3.24762e-02
 Reference value :  3.24791e-02
 Reference value :  3.24817e-02
 Reference value :  3.24864e-02
 Reference value :  3.24889e-02
 Reference value :  3.24933e-02
 Reference value :  3.24957e-02
 Reference value :  3.24987e-02
 Reference value :  3.25030e-02
 Reference value :  3.25059e-02
 Reference value :  3.25084e-02
 Reference value :  3.25128e-02
 Reference value :  3.25153e-02
 Reference value :  3.25182e-02
 Reference value :  3.25226e-02
 Reference value :  3.25255e-02
 Reference value :  3.25280e-02
 Reference value :  3.25324e-02
 Reference value :  3.25353e-02
 Reference value :  3.25378e-02
 Reference value :  3.25422e-02
 Reference value :  3.25451e-02
 Reference value :  3.25476e-02
 Reference value :  3.25519e-02
 Reference value :  3.25548e-02
 Reference value :  3.25574e-02
 Reference value :  3.25621e-02
 Reference value :  3.25647e-02
 Reference value :  3.25691e-02
 Reference value :  3.25720e-02
 Reference value :  3.25764e-02
 Reference value :  3.25789e-02
 Reference value :  3.25818e-02
 Reference value :  3.25846e-02
 Reference value :  3.25891e-02
 Reference value :  3.25921e-02
 Reference value :  3.25960e-02
 Reference value :  3.25989e-02
 Reference value :  3.26032e-02
 Reference value :  3.26062e-02
 Reference value :  3.26087e-02
 Reference value :  3.26127e-02
 Reference value :  3.26160e-02
 Reference value :  3.26185e-02
 Reference value :  3.26229e-02
 Reference value :  3.26258e-02
 Reference value :  3.26283e-02
 Reference value :  3.26327e-02
 Reference value :  3.26355e-02
 Reference value :  3.26382e-02
 Reference value :  3.26424e-02
 Reference value :  3.26453e-02
 Reference value :  3.26478e-02
 Reference value :  3.26522e-02
 Reference value :  3.26551e-02
 Reference value :  3.26595e-02
 Reference value :  3.26624e-02
 Reference value :  3.26668e-02
 Reference value :  3.26697e-02
 Reference value :  3.26740e-02
 Reference value :  3.26765e-02
 Reference value :  3.26794e-02
 Reference value :  3.26819e-02
 Reference value :  3.26863e-02
 Reference value :  3.26892e-02
 Reference value :  3.26917e-02
 Reference value :  3.26961e-02
 Reference value :  3.26986e-02
 Reference value :  3.27015e-02
 Reference value :  3.27059e-02
 Reference value :  3.27088e-02
 Reference value :  3.27132e-02
 Reference value :  3.27159e-02
 Reference value :  3.27186e-02
 Reference value :  3.27213e-02
 Reference value :  3.27255e-02
 Reference value :  3.27284e-02
 Reference value :  3.27310e-02
 Reference value :  3.27353e-02
 Reference value :  3.27382e-02
 Reference value :  3.27409e-02
 Reference value :  3.27453e-02
 Reference value :  3.27481e-02
 Reference value :  3.27524e-02
 Reference value :  3.27552e-02
 Reference value :  3.27596e-02
 Reference value :  3.27625e-02
 Reference value :  3.27650e-02
 Reference value :  3.27694e-02
 Reference value :  3.27723e-02
 Reference value :  3.27749e-02
 Reference value :  3.27796e-02
 Reference value :  3.27821e-02
 Reference value :  3.27865e-02
 Reference value :  3.27891e-02
 Reference value :  3.27919e-02
 Reference value :  3.27964e-02
 Reference value :  3.27989e-02
 Reference value :  3.28017e-02
 Reference value :  3.28046e-02
 Reference value :  3.28089e-02
 Reference value :  3.28115e-02
 Reference value :  3.28140e-02
 Reference value :  3.28165e-02
 Reference value :  3.28209e-02
 Reference value :  3.28238e-02
 Reference value :  3.28283e-02
 Reference value :  3.28312e-02
 Reference value :  3.28337e-02
 Reference value :  3.28381e-02
 Reference value :  3.28410e-02
 Reference value :  3.28435e-02
 Reference value :  3.28478e-02
 Reference value :  3.28508e-02
 Reference value :  3.28533e-02
 Reference value :  3.28576e-02
 Reference value :  3.28605e-02
 Reference value :  3.28650e-02
 Reference value :  3.28679e-02
 Reference value :  3.28703e-02
 Reference value :  3.28748e-02
 Reference value :  3.28776e-02
 Reference value :  3.28801e-02
 Reference value :  3.28845e-02
 Reference value :  3.28874e-02
 Reference value :  3.28918e-02
 Reference value :  3.28947e-02
 Reference value :  3.28972e-02
 Reference value :  3.29016e-02
 Reference value :  3.29044e-02
 Reference value :  3.29070e-02
 Reference value :  3.29114e-02
 Reference value :  3.29143e-02
 Reference value :  3.29187e-02
 Reference value :  3.29216e-02
 Reference value :  3.29241e-02
 Reference value :  3.29285e-02
 Reference value :  3.29313e-02
 Reference value :  3.29358e-02
 Reference value :  3.29386e-02
 Reference value :  3.29411e-02
 Reference value :  3.29454e-02
 Reference value :  3.29484e-02
 Reference value :  3.29509e-02
 Reference value :  3.29553e-02
 Reference value :  3.29582e-02
 Reference value :  3.29607e-02
 Reference value :  3.29651e-02
 Reference value :  3.29679e-02
 Reference value :  3.29723e-02
 Reference value :  3.29748e-02
 Reference value :  3.29778e-02
 Reference value :  3.29803e-02
 Reference value :  3.29847e-02
 Reference value :  3.29876e-02
 Reference value :  3.29920e-02
 Reference value :  3.29945e-02
 Reference value :  3.29974e-02
 Reference value :  3.30018e-02
 Reference value :  3.30047e-02
 Reference value :  3.30072e-02
 Reference value :  3.30116e-02
 Reference value :  3.30141e-02
 Reference value :  3.30170e-02
 Reference value :  3.30214e-02
 Reference value :  3.30243e-02
 Reference value :  3.30268e-02
 Reference value :  3.30312e-02
 Reference value :  3.30341e-02
 Reference value :  3.30386e-02
 Reference value :  3.30414e-02
 Reference value :  3.30439e-02
 Reference value :  3.30488e-02
 Reference value :  3.30512e-02
 Reference value :  3.30556e-02
 Reference value :  3.30586e-02
 Reference value :  3.30611e-02
 Reference value :  3.30655e-02
 Reference value :  3.30683e-02
 Reference value :  3.30708e-02
 Reference value :  3.30752e-02
 Reference value :  3.30781e-02
 Reference value :  3.30825e-02
 Reference value :  3.30854e-02
 Reference value :  3.30879e-02
 Reference value :  3.30923e-02
 Reference value :  3.30952e-02
 Reference value :  3.30977e-02
 Reference value :  3.31021e-02
 Reference value :  3.31050e-02
 Reference value :  3.31095e-02
 Reference value :  3.31124e-02
 Reference value :  3.31149e-02
 Reference value :  3.31192e-02
 Reference value :  3.31221e-02
 Reference value :  3.31246e-02
 Reference value :  3.31290e-02
 Reference value :  3.31319e-02
 Reference value :  3.31343e-02
 Reference value :  3.31388e-02
 Reference value :  3.31416e-02
 Reference value :  3.31441e-02
 Reference value :  3.31486e-02
 Reference value :  3.31514e-02
 Reference value :  3.31558e-02
 Reference value :  3.31584e-02
 Reference value :  3.31612e-02
 Reference value :  3.31657e-02
 Reference value :  3.31685e-02
 Reference value :  3.31710e-02
 Reference value :  3.31748e-02
 Reference value :  3.31779e-02
 Reference value :  3.31808e-02
 Reference value :  3.31832e-02
 Reference value :  3.31877e-02
 Reference value :  3.31905e-02
 Reference value :  3.31950e-02
 Reference value :  3.31978e-02
 Reference value :  3.32003e-02
 Reference value :  3.32048e-02
 Reference value :  3.32077e-02
 Reference value :  3.32101e-02
 Reference value :  3.32146e-02
 Reference value :  3.32174e-02
 Reference value :  3.32218e-02
 Reference value :  3.32246e-02
 Reference value :  3.32291e-02
 Reference value :  3.32319e-02
 Reference value :  3.32343e-02
 Reference value :  3.32388e-02
 Reference value :  3.32416e-02
 Reference value :  3.32441e-02
 Reference value :  3.32486e-02
 Reference value :  3.32514e-02
 Reference value :  3.32558e-02
 Reference value :  3.32587e-02
 Reference value :  3.32612e-02
 Reference value :  3.32656e-02
 Reference value :  3.32685e-02
 Reference value :  3.32710e-02
 Reference value :  3.32754e-02
 Reference value :  3.32783e-02
 Reference value :  3.32808e-02
 Reference value :  3.32851e-02
 Reference value :  3.32881e-02
 Reference value :  3.32906e-02
 Reference value :  3.32951e-02
 Reference value :  3.32979e-02
 Reference value :  3.33005e-02
 Reference value :  3.33050e-02
 Reference value :  3.33077e-02
 Reference value :  3.33122e-02
 Reference value :  3.33150e-02
 Reference value :  3.33193e-02
 Reference value :  3.33219e-02
 Reference value :  3.33247e-02
 Reference value :  3.33292e-02
 Reference value :  3.33320e-02
 Reference value :  3.33345e-02
 Reference value :  3.33390e-02
 Reference value :  3.33419e-02
 Reference value :  3.33443e-02
 Reference value :  3.33488e-02
 Reference value :  3.33516e-02
 Reference value :  3.33544e-02
 Reference value :  3.33586e-02
 Reference value :  3.33614e-02
 Reference value :  3.33659e-02
 Reference value :  3.33687e-02
 Reference value :  3.33712e-02
 Reference value :  3.33757e-02
 Reference value :  3.33785e-02
 Reference value :  3.33810e-02
 Reference value :  3.33856e-02
 Reference value :  3.33884e-02
 Reference value :  3.33928e-02
 Reference value :  3.33957e-02
 Reference value :  3.33982e-02
 Reference value :  3.34028e-02
 Reference value :  3.34054e-02
 Reference value :  3.34099e-02
 Reference value :  3.34127e-02
 Reference value :  3.34172e-02
 Reference value :  3.34200e-02
 Reference value :  3.34245e-02
 Reference value :  3.34269e-02
 Reference value :  3.34298e-02
 Reference value :  3.34343e-02
 Reference value :  3.34371e-02
 Reference value :  3.34416e-02
 Reference value :  3.34441e-02
 Reference value :  3.34469e-02
 Reference value :  3.34513e-02
 Reference value :  3.34542e-02
 Reference value :  3.34586e-02
 Reference value :  3.34612e-02
 Reference value :  3.34640e-02
 Reference value :  3.34685e-02
 Reference value :  3.34713e-02
 Reference value :  3.34738e-02
 Reference value :  3.34783e-02
 Reference value :  3.34811e-02
 Reference value :  3.34855e-02
 Reference value :  3.34881e-02
 Reference value :  3.34909e-02
 Reference value :  3.34954e-02
 Reference value :  3.34983e-02
 Reference value :  3.35008e-02
 Reference value :  3.35053e-02
 Reference value :  3.35080e-02
 Reference value :  3.35125e-02
 Reference value :  3.35154e-02
 Reference value :  3.35179e-02
 Reference value :  3.35224e-02
 Reference value :  3.35252e-02
 Reference value :  3.35295e-02
 Reference value :  3.35321e-02
 Reference value :  3.35350e-02
 Reference value :  3.35395e-02
 Reference value :  3.35423e-02
 Reference value :  3.35450e-02
 Reference value :  3.35493e-02
 Reference value :  3.35521e-02
 Reference value :  3.35546e-02
 Reference value :  3.35591e-02
 Reference value :  3.35619e-02
 Reference value :  3.35663e-02
 Reference value :  3.35691e-02
 Reference value :  3.35716e-02
 Reference value :  3.35761e-02
 Reference value :  3.35789e-02
 Reference value :  3.35834e-02
 Reference value :  3.35862e-02
 Reference value :  3.35890e-02
 Reference value :  3.35932e-02
 Reference value :  3.35960e-02
 Reference value :  3.36005e-02
 Reference value :  3.36032e-02
 Reference value :  3.36076e-02
 Reference value :  3.36101e-02
 Reference value :  3.36129e-02
 Reference value :  3.36174e-02
 Reference value :  3.36202e-02
 Reference value :  3.36246e-02
 Reference value :  3.36272e-02
 Reference value :  3.36299e-02
 Reference value :  3.36344e-02
 Reference value :  3.36373e-02
 Reference value :  3.36398e-02
 Reference value :  3.36443e-02
 Reference value :  3.36471e-02
 Reference value :  3.36516e-02
 Reference value :  3.36543e-02
 Reference value :  3.36569e-02
 Reference value :  3.36613e-02
 Reference value :  3.36639e-02
 Reference value :  3.36666e-02
 Reference value :  3.36711e-02
 Reference value :  3.36739e-02
 Reference value :  3.36765e-02
 Reference value :  3.36810e-02
 Reference value :  3.36837e-02
 Reference value :  3.36882e-02
 Reference value :  3.36910e-02
 Reference value :  3.36955e-02
 Reference value :  3.36980e-02
 Reference value :  3.37008e-02
 Reference value :  3.37040e-02
 Reference value :  3.37077e-02
 Reference value :  3.37105e-02
 Reference value :  3.37149e-02
 Reference value :  3.37178e-02
 Reference value :  3.37203e-02
 Reference value :  3.37247e-02
 Reference value :  3.37276e-02
 Reference value :  3.37301e-02
 Reference value :  3.37345e-02
 Reference value :  3.37373e-02
 Reference value :  3.37398e-02
 Reference value :  3.37443e-02
 Reference value :  3.37471e-02
 Reference value :  3.37517e-02
 Reference value :  3.37545e-02
 Reference value :  3.37570e-02
 Reference value :  3.37614e-02
 Reference value :  3.37642e-02
 Reference value :  3.37686e-02
 Reference value :  3.37711e-02
 Reference value :  3.37740e-02
 Reference value :  3.37784e-02
 Reference value :  3.37813e-02
 Reference value :  3.37838e-02
 Reference value :  3.37883e-02
 Reference value :  3.37911e-02
 Reference value :  3.37937e-02
 Reference value :  3.37980e-02
 Reference value :  3.38008e-02
 Reference value :  3.38033e-02
 Reference value :  3.38078e-02
 Reference value :  3.38106e-02
 Reference value :  3.38151e-02
 Reference value :  3.38176e-02
 Reference value :  3.38204e-02
 Reference value :  3.38250e-02
 Reference value :  3.38278e-02
 Reference value :  3.38323e-02
 Reference value :  3.38351e-02
 Reference value :  3.38376e-02
 Reference value :  3.38421e-02
 Reference value :  3.38449e-02
 Reference value :  3.38474e-02
 Reference value :  3.38520e-02
 Reference value :  3.38547e-02
 Reference value :  3.38591e-02
 Reference value :  3.38620e-02
 Reference value :  3.38664e-02
 Reference value :  3.38693e-02
 Reference value :  3.38717e-02
 Reference value :  3.38762e-02
 Reference value :  3.38790e-02
 Reference value :  3.38836e-02
 Reference value :  3.38863e-02
 Reference value :  3.38889e-02
 Reference value :  3.38934e-02
 Reference value :  3.38961e-02
 Reference value :  3.39006e-02
 Reference value :  3.39031e-02
 Reference value :  3.39059e-02
 Reference value :  3.39104e-02
 Reference value :  3.39129e-02
 Reference value :  3.39156e-02
 Reference value :  3.39202e-02
 Reference value :  3.39230e-02
 Reference value :  3.39254e-02
 Reference value :  3.39300e-02
 Reference value :  3.39328e-02
 Reference value :  3.39373e-02
 Reference value :  3.39401e-02
 Reference value :  3.39425e-02
 Reference value :  3.39471e-02
 Reference value :  3.39498e-02
 Reference value :  3.39541e-02
 Reference value :  3.39568e-02
 Reference value :  3.39596e-02
 Reference value :  3.39641e-02
 Reference value :  3.39669e-02
 Reference value :  3.39694e-02
 Reference value :  3.39739e-02
 Reference value :  3.39766e-02
 Reference value :  3.39812e-02
 Reference value :  3.39839e-02
 Reference value :  3.39864e-02
 Reference value :  3.39909e-02
 Reference value :  3.39937e-02
 Reference value :  3.39982e-02
 Reference value :  3.40010e-02
 Reference value :  3.40035e-02
 Reference value :  3.40080e-02
 Reference value :  3.40107e-02
 Reference value :  3.40132e-02
 Reference value :  3.40178e-02
 Reference value :  3.40205e-02
 Reference value :  3.40251e-02
 Reference value :  3.40278e-02
 Reference value :  3.40306e-02
 Reference value :  3.40348e-02
 Reference value :  3.40375e-02
 Reference value :  3.40400e-02
 Reference value :  3.40446e-02
 Reference value :  3.40473e-02
 Reference value :  3.40517e-02
 Reference value :  3.40546e-02
 Reference value :  3.40570e-02
 Reference value :  3.40615e-02
 Reference value :  3.40640e-02
 Reference value :  3.40668e-02
 Reference value :  3.40714e-02
 Reference value :  3.40741e-02
 Reference value :  3.40766e-02
 Reference value :  3.40811e-02
 Reference value :  3.40839e-02
 Reference value :  3.40864e-02
 Reference value :  3.40911e-02
 Reference value :  3.40937e-02
 Reference value :  3.40983e-02
 Reference value :  3.41010e-02
 Reference value :  3.41056e-02
 Reference value :  3.41084e-02
 Reference value :  3.41109e-02
 Reference value :  3.41154e-02
 Reference value :  3.41183e-02
 Reference value :  3.41228e-02
 Reference value :  3.41255e-02
 Reference value :  3.41301e-02
 Reference value :  3.41329e-02
 Reference value :  3.41374e-02
 Reference value :  3.41402e-02
 Reference value :  3.41446e-02
 Reference value :  3.41475e-02
 Reference value :  3.41500e-02
 Reference value :  3.41545e-02
 Reference value :  3.41573e-02
 Reference value :  3.41618e-02
 Reference value :  3.41646e-02
 Reference value :  3.41692e-02
 Reference value :  3.41716e-02
 Reference value :  3.41744e-02
 Reference value :  3.41790e-02
 Reference value :  3.41817e-02
 Reference value :  3.41862e-02
 Reference value :  3.41890e-02
 Reference value :  3.41936e-02
 Reference value :  3.41963e-02
 Reference value :  3.42008e-02
 Reference value :  3.42033e-02
 Reference value :  3.42060e-02
 Reference value :  3.42106e-02
 Reference value :  3.42134e-02
 Reference value :  3.42179e-02
 Reference value :  3.42207e-02
 Reference value :  3.42253e-02
 Reference value :  3.42280e-02
 Reference value :  3.42326e-02
 Reference value :  3.42353e-02
 Reference value :  3.42385e-02
 Reference value :  3.42427e-02
 Reference value :  3.42452e-02
 Reference value :  3.42497e-02
 Reference value :  3.42524e-02
 Reference value :  3.42570e-02
 Reference value :  3.42598e-02
 Reference value :  3.42644e-02
 Reference value :  3.42671e-02
 Reference value :  3.42717e-02
 Reference value :  3.42744e-02
 Reference value :  3.42790e-02
 Reference value :  3.42818e-02
 Reference value :  3.42863e-02
 Reference value :  3.42890e-02
 Reference value :  3.42936e-02
 Reference value :  3.42963e-02
 Reference value :  3.43009e-02
 Reference value :  3.43037e-02
 Reference value :  3.43082e-02
 Reference value :  3.43110e-02
 Reference value :  3.43155e-02
 Reference value :  3.43183e-02
 Reference value :  3.43229e-02
 Reference value :  3.43256e-02
 Reference value :  3.43302e-02
 Reference value :  3.43330e-02
 Reference value :  3.43375e-02
 Reference value :  3.43403e-02
 Reference value :  3.43447e-02
 Reference value :  3.43476e-02
 Reference value :  3.43504e-02
 Reference value :  3.43549e-02
 Reference value :  3.43574e-02
 Reference value :  3.43620e-02
 Reference value :  3.43647e-02
 Reference value :  3.43693e-02
 Reference value :  3.43723e-02
 Reference value :  3.43768e-02
 Reference value :  3.43793e-02
 Reference value :  3.43838e-02
 Reference value :  3.43866e-02
 Reference value :  3.43912e-02
 Reference value :  3.43939e-02
 Reference value :  3.43985e-02
 Reference value :  3.44013e-02
 Reference value :  3.44038e-02
 Reference value :  3.44083e-02
 Reference value :  3.44110e-02
 Reference value :  3.44156e-02
 Reference value :  3.44183e-02
 Reference value :  3.44209e-02
 Reference value :  3.44256e-02
 Reference value :  3.44282e-02
 Reference value :  3.44327e-02
 Reference value :  3.44355e-02
 Reference value :  3.44400e-02
 Reference value :  3.44427e-02
 Reference value :  3.44473e-02
 Reference value :  3.44501e-02
 Reference value :  3.44549e-02
 Reference value :  3.44573e-02
 Reference value :  3.44620e-02
 Reference value :  3.44647e-02
 Reference value :  3.44693e-02
 Reference value :  3.44720e-02
 Reference value :  3.44766e-02
 Reference value :  3.44793e-02
 Reference value :  3.44839e-02
 Reference value :  3.44864e-02
 Reference value :  3.44891e-02
 Reference value :  3.44937e-02
 Reference value :  3.44965e-02
 Reference value :  3.45010e-02
 Reference value :  3.45037e-02
 Reference value :  3.45066e-02
 Reference value :  3.45107e-02
 Reference value :  3.45135e-02
 Reference value :  3.45181e-02
 Reference value :  3.45208e-02
 Reference value :  3.45254e-02
 Reference value :  3.45282e-02
 Reference value :  3.45327e-02
 Reference value :  3.45355e-02
 Reference value :  3.45399e-02
 Reference value :  3.45428e-02
 Reference value :  3.45453e-02
 Reference value :  3.45499e-02
 Reference value :  3.45526e-02
 Reference value :  3.45572e-02
 Reference value :  3.45599e-02
 Reference value :  3.45645e-02
 Reference value :  3.45671e-02
 Reference value :  3.45697e-02
 Reference value :  3.45744e-02
 Reference value :  3.45770e-02
 Reference value :  3.45799e-02
 Reference value :  3.45842e-02
 Reference value :  3.45869e-02
 Reference value :  3.45915e-02
 Reference value :  3.45942e-02
 Reference value :  3.45988e-02
 Reference value :  3.46015e-02
 Reference value :  3.46062e-02
 Reference value :  3.46089e-02
 Reference value :  3.46113e-02
 Reference value :  3.46159e-02
 Reference value :  3.46186e-02
 Reference value :  3.46232e-02
 Reference value :  3.46259e-02
 Reference value :  3.46284e-02
 Reference value :  3.46330e-02
 Reference value :  3.46357e-02
 Reference value :  3.46404e-02
 Reference value :  3.46430e-02
 Reference value :  3.46476e-02
 Reference value :  3.46503e-02
 Reference value :  3.46528e-02
 Reference value :  3.46574e-02
 Reference value :  3.46601e-02
 Reference value :  3.46647e-02
 Reference value :  3.46674e-02
 Reference value :  3.46718e-02
 Reference value :  3.46747e-02
 Reference value :  3.46772e-02
 Reference value :  3.46818e-02
 Reference value :  3.46845e-02
 Reference value :  3.46890e-02
 Reference value :  3.46917e-02
 Reference value :  3.46963e-02
 Reference value :  3.46989e-02
 Reference value :  3.47016e-02
 Reference value :  3.47061e-02
 Reference value :  3.47088e-02
 Reference value :  3.47135e-02
 Reference value :  3.47161e-02
 Reference value :  3.47186e-02
 Reference value :  3.47232e-02
 Reference value :  3.47259e-02
 Reference value :  3.47305e-02
 Reference value :  3.47330e-02
 Reference value :  3.47357e-02
 Reference value :  3.47403e-02
 Reference value :  3.47430e-02
 Reference value :  3.47476e-02
 Reference value :  3.47503e-02
 Reference value :  3.47530e-02
 Reference value :  3.47576e-02
 Reference value :  3.47604e-02
 Reference value :  3.47647e-02
 Reference value :  3.47674e-02
 Reference value :  3.47720e-02
 Reference value :  3.47748e-02
 Reference value :  3.47793e-02
 Reference value :  3.47821e-02
 Reference value :  3.47845e-02
 Reference value :  3.47889e-02
 Reference value :  3.47918e-02
 Reference value :  3.47943e-02
 Reference value :  3.47990e-02
 Reference value :  3.48017e-02
 Reference value :  3.48062e-02
 Reference value :  3.48090e-02
 Reference value :  3.48136e-02
 Reference value :  3.48163e-02
 Reference value :  3.48188e-02
 Reference value :  3.48233e-02
 Reference value :  3.48260e-02
 Reference value :  3.48290e-02
 Reference value :  3.48333e-02
 Reference value :  3.48360e-02
 Reference value :  3.48405e-02
 Reference value :  3.48431e-02
 Reference value :  3.48477e-02
 Reference value :  3.48504e-02
 Reference value :  3.48530e-02
 Reference value :  3.48575e-02
 Reference value :  3.48602e-02
 Reference value :  3.48649e-02
 Reference value :  3.48676e-02
 Reference value :  3.48701e-02
 Reference value :  3.48747e-02
 Reference value :  3.48774e-02
 Reference value :  3.48820e-02
 Reference value :  3.48847e-02
 Reference value :  3.48872e-02
 Reference value :  3.48918e-02
 Reference value :  3.48944e-02
 Reference value :  3.48981e-02
 Reference value :  3.49018e-02
 Reference value :  3.49045e-02
 Reference value :  3.49091e-02
 Reference value :  3.49120e-02
 Reference value :  3.49162e-02
 Reference value :  3.49188e-02
 Reference value :  3.49214e-02
 Reference value :  3.49259e-02
 Reference value :  3.49286e-02
 Reference value :  3.49312e-02
 Reference value :  3.49358e-02
 Reference value :  3.49384e-02
 Reference value :  3.49431e-02
 Reference value :  3.49457e-02
 Reference value :  3.49483e-02
 Reference value :  3.49531e-02
 Reference value :  3.49556e-02
 Reference value :  3.49602e-02
 Reference value :  3.49629e-02
 Reference value :  3.49675e-02
 Reference value :  3.49702e-02
 Reference value :  3.49749e-02
 Reference value :  3.49776e-02
 Reference value :  3.49822e-02
 Reference value :  3.49849e-02
 Reference value :  3.49895e-02
 Reference value :  3.49921e-02
 Reference value :  3.49947e-02
 Reference value :  3.49994e-02
 Reference value :  3.50020e-02
 Reference value :  3.50067e-02
 Reference value :  3.50093e-02
 Reference value :  3.50119e-02
 Reference value :  3.50164e-02
 Reference value :  3.50190e-02
 Reference value :  3.50237e-02
 Reference value :  3.50261e-02
 Reference value :  3.50288e-02
 Reference value :  3.50334e-02
 Reference value :  3.50361e-02
 Reference value :  3.50385e-02
 Reference value :  3.50432e-02
 Reference value :  3.50459e-02
 Reference value :  3.50484e-02
 Reference value :  3.50530e-02
 Reference value :  3.50555e-02
 Reference value :  3.50582e-02
 Reference value :  3.50609e-02
 Reference value :  3.50652e-02
 Reference value :  3.50679e-02
 Reference value :  3.50725e-02
 Reference value :  3.50751e-02
 Reference value :  3.50777e-02
 Reference value :  3.50805e-02
 Reference value :  3.50849e-02
 Reference value :  3.50875e-02
 Reference value :  3.50922e-02
 Reference value :  3.50948e-02
 Reference value :  3.50973e-02
 Reference value :  3.50998e-02
 Reference value :  3.51045e-02
 Reference value :  3.51071e-02
 Reference value :  3.51095e-02
 Reference value :  3.51140e-02
 Reference value :  3.51168e-02
 Reference value :  3.51193e-02
 Reference value :  3.51240e-02
 Reference value :  3.51266e-02
 Reference value :  3.51291e-02
 Reference value :  3.51338e-02
 Reference value :  3.51364e-02
 Reference value :  3.51411e-02
 Reference value :  3.51437e-02
 Reference value :  3.51462e-02
 Reference value :  3.51508e-02
 Reference value :  3.51535e-02
 Reference value :  3.51581e-02
 Reference value :  3.51607e-02
 Reference value :  3.51634e-02
 Reference value :  3.51680e-02
 Reference value :  3.51706e-02
 Reference value :  3.51752e-02
 Reference value :  3.51779e-02
 Reference value :  3.51825e-02
 Reference value :  3.51852e-02
 Reference value :  3.51899e-02
 Reference value :  3.51925e-02
 Reference value :  3.51951e-02
 Reference value :  3.51998e-02
 Reference value :  3.52023e-02
 Reference value :  3.52070e-02
 Reference value :  3.52096e-02
 Reference value :  3.52121e-02
 Reference value :  3.52167e-02
 Reference value :  3.52194e-02
 Reference value :  3.52219e-02
 Reference value :  3.52265e-02
 Reference value :  3.52292e-02
 Reference value :  3.52339e-02
 Reference value :  3.52365e-02
 Reference value :  3.52390e-02
 Reference value :  3.52437e-02
 Reference value :  3.52463e-02
 Reference value :  3.52488e-02
 Reference value :  3.52535e-02
 Reference value :  3.52561e-02
 Reference value :  3.52587e-02
 Reference value :  3.52634e-02
 Reference value :  3.52660e-02
 Reference value :  3.52684e-02
 Reference value :  3.52731e-02
 Reference value :  3.52757e-02
 Reference value :  3.52782e-02
 Reference value :  3.52829e-02
 Reference value :  3.52855e-02
 Reference value :  3.52902e-02
 Reference value :  3.52928e-02
 Reference value :  3.52954e-02
 Reference value :  3.53001e-02
 Reference value :  3.53027e-02
 Reference value :  3.53073e-02
 Reference value :  3.53099e-02
 Reference value :  3.53125e-02
 Reference value :  3.53171e-02
 Reference value :  3.53197e-02
 Reference value :  3.53243e-02
 Reference value :  3.53270e-02
 Reference value :  3.53295e-02
 Reference value :  3.53341e-02
 Reference value :  3.53368e-02
 Reference value :  3.53393e-02
 Reference value :  3.53439e-02
 Reference value :  3.53466e-02
 Reference value :  3.53513e-02
 Reference value :  3.53537e-02
 Reference value :  3.53563e-02
 Reference value :  3.53588e-02
 Reference value :  3.53635e-02
 Reference value :  3.53661e-02
 Reference value :  3.53686e-02
 Reference value :  3.53733e-02
 Reference value :  3.53759e-02
 Reference value :  3.53806e-02
 Reference value :  3.53832e-02
 Reference value :  3.53879e-02
 Reference value :  3.53905e-02
 Reference value :  3.53930e-02
 Reference value :  3.53977e-02
 Reference value :  3.54003e-02
 Reference value :  3.54028e-02
 Reference value :  3.54075e-02
 Reference value :  3.54102e-02
 Reference value :  3.54149e-02
 Reference value :  3.54175e-02
 Reference value :  3.54200e-02
 Reference value :  3.54247e-02
 Reference value :  3.54273e-02
 Reference value :  3.54298e-02
 Reference value :  3.54345e-02
 Reference value :  3.54371e-02
 Reference value :  3.54418e-02
 Reference value :  3.54444e-02
 Reference value :  3.54468e-02
 Reference value :  3.54516e-02
 Reference value :  3.54542e-02
 Reference value :  3.54567e-02
 Reference value :  3.54613e-02
 Reference value :  3.54639e-02
 Reference value :  3.54664e-02
 Reference value :  3.54711e-02
 Reference value :  3.54738e-02
 Reference value :  3.54762e-02
 Reference value :  3.54787e-02
 Reference value :  3.54834e-02
 Reference value :  3.54860e-02
 Reference value :  3.54885e-02
 Reference value :  3.54932e-02
 Reference value :  3.54958e-02
 Reference value :  3.55005e-02
 Reference value :  3.55030e-02
 Reference value :  3.55056e-02
 Reference value :  3.55080e-02
 Reference value :  3.55127e-02
 Reference value :  3.55153e-02
 Reference value :  3.55178e-02
 Reference value :  3.55202e-02
 Reference value :  3.55227e-02
 Reference value :  3.55274e-02
 Reference value :  3.55299e-02
 Reference value :  3.55323e-02
 Reference value :  3.55348e-02
 Reference value :  3.55377e-02
 Reference value :  3.55420e-02
 Reference value :  3.55445e-02
 Reference value :  3.55470e-02
 Reference value :  3.55495e-02
 Reference value :  3.55542e-02
 Reference value :  3.55568e-02
 Reference value :  3.55615e-02
 Reference value :  3.55642e-02
 Reference value :  3.55667e-02
 Reference value :  3.55714e-02
 Reference value :  3.55740e-02
 Reference value :  3.55787e-02
 Reference value :  3.55813e-02
 Reference value :  3.55860e-02
 Reference value :  3.55886e-02
 Reference value :  3.55912e-02
 Reference value :  3.55959e-02
 Reference value :  3.55985e-02
 Reference value :  3.56072e-02
 Reference value :  3.56146e-02
 Reference value :  3.56220e-02
 Reference value :  3.56335e-02
 Reference value :  3.56408e-02
 Reference value :  3.56505e-02
 Reference value :  3.56579e-02
 Reference value :  3.56682e-02
 Reference value :  3.56754e-02
 Reference value :  3.56829e-02
 Reference value :  3.56901e-02
 Reference value :  3.56981e-02
 Reference value :  3.57048e-02
 Reference value :  3.57122e-02
 Reference value :  3.57332e-02
 Reference value :  3.60471e-02
 Reference value :  3.64222e-02
 Reference value :  3.67939e-02
 Reference value :  3.71689e-02
 Reference value :  3.75367e-02
 Reference value :  3.79082e-02
 Reference value :  3.82862e-02
 Reference value :  3.86632e-02
 Reference value :  3.90370e-02
 Reference value :  3.94122e-02
 Reference value :  3.97792e-02
 Reference value :  4.01467e-02
 Reference value :  4.05110e-02
 Reference value :  4.08825e-02
 Reference value :  4.12595e-02
 Reference value :  4.16375e-02
 Reference value :  4.20147e-02
 Reference value :  4.23950e-02
 Reference value :  4.27715e-02
 Reference value :  4.31447e-02
 Reference value :  4.35185e-02
 Reference value :  4.38917e-02
 Reference value :  4.42585e-02
 Reference value :  4.46225e-02
 Reference value :  4.49950e-02
 Reference value :  4.53715e-02
 Reference value :  4.57495e-02
 Reference value :  4.61227e-02
 Reference value :  4.64995e-02
 Reference value :  4.68735e-02
 Reference value :  4.72490e-02
 Reference value :  4.76220e-02
 Reference value :  4.79987e-02
 Reference value :  4.83745e-02
 Reference value :  4.87487e-02
 Reference value :  4.91177e-02
 Reference value :  4.94875e-02
 Reference value :  4.98557e-02
 Reference value :  5.02250e-02
 Reference value :  5.05915e-02
 Reference value :  5.09597e-02
 Reference value :  5.13242e-02
 Reference value :  5.16895e-02
 Reference value :  5.20587e-02
 Reference value :  5.24240e-02
 Reference value :  5.27885e-02
 Reference value :  5.31570e-02
 Reference value :  5.35260e-02
 Reference value :  5.38940e-02
 Reference value :  5.42592e-02
 Reference value :  5.46257e-02
 Reference value :  5.49897e-02
 Reference value :  5.53552e-02
 Reference value :  5.57205e-02
 Reference value :  5.60895e-02
 Reference value :  5.64602e-02
 Reference value :  5.68297e-02
 Reference value :  5.71985e-02
 Reference value :  5.75680e-02
 Reference value :  5.79385e-02
 Reference value :  5.83082e-02
 Reference value :  5.86775e-02
 Reference value :  5.90442e-02
 Reference value :  5.94105e-02
 Reference value :  5.97770e-02
 Reference value :  6.01457e-02
 Reference value :  6.05135e-02
 Reference value :  6.08837e-02
 Reference value :  6.12502e-02
 Reference value :  6.16142e-02
 Reference value :  6.19830e-02
 Reference value :  6.23517e-02
 Reference value :  6.27190e-02
 Reference value :  6.30865e-02
 Reference value :  6.34560e-02
 Reference value :  6.38240e-02
 Reference value :  6.41947e-02
 Reference value :  6.45650e-02
 Reference value :  6.49327e-02
 Reference value :  6.53002e-02
 Reference value :  6.56665e-02
 Reference value :  6.60322e-02
 Reference value :  6.64010e-02
 Reference value :  6.67702e-02
 Reference value :  6.71377e-02
 Reference value :  6.75052e-02
 Reference value :  6.78717e-02
 Reference value :  6.82407e-02
 Reference value :  6.86075e-02
 Reference value :  6.89737e-02
 Reference value :  6.93427e-02
 Reference value :  6.97100e-02
 Reference value :  7.00782e-02
 Reference value :  7.04490e-02
 Reference value :  7.08177e-02
 Reference value :  7.11845e-02
 Reference value :  7.15530e-02
 Reference value :  7.19190e-02
 Reference value :  7.22860e-02
 Reference value :  7.26530e-02
 Reference value :  7.30190e-02
 Reference value :  7.33865e-02
 Reference value :  7.37535e-02
 Reference value :  7.41217e-02
 Reference value :  7.44885e-02
 Reference value :  7.48547e-02
 Reference value :  7.52220e-02
 Reference value :  7.55867e-02
 Reference value :  7.59532e-02
 Reference value :  7.63192e-02
 Reference value :  7.66860e-02
 Reference value :  7.70522e-02
 Reference value :  7.74192e-02
 Reference value :  7.77870e-02
 Reference value :  7.81532e-02
 Reference value :  7.85205e-02
 Reference value :  7.88902e-02
 Reference value :  7.92595e-02
 Reference value :  7.96290e-02
 Reference value :  7.99990e-02
 Reference value :  8.03667e-02
 Reference value :  8.07347e-02
 Reference value :  8.11027e-02
 Reference value :  8.14702e-02
 Reference value :  8.18397e-02
 Reference value :  8.22085e-02
 Reference value :  8.25780e-02
 Reference value :  8.29440e-02
 Reference value :  8.33120e-02
 Reference value :  8.36802e-02
 Reference value :  8.40465e-02
 Reference value :  8.44127e-02
 Reference value :  8.47760e-02
 Reference value :  8.51060e-02
 Reference value :  8.51170e-02
 Reference value :  8.51382e-02
 Reference value :  8.51736e-02
 Reference value :  8.51929e-02
 Reference value :  8.52122e-02
 Reference value :  8.52317e-02
 Reference value :  8.52509e-02
 Reference value :  8.52702e-02
 Reference value :  8.52925e-02
 Reference value :  8.53032e-02
 Reference value :  8.53200e-02
 Reference value :  8.53298e-02
 Reference value :  8.53428e-02
 Reference value :  8.53585e-02
 Reference value :  8.53684e-02
 Reference value :  8.53782e-02
 Reference value :  8.53917e-02
 Reference value :  8.54014e-02
 Reference value :  8.54166e-02
 Reference value :  8.54262e-02
 Reference value :  8.54399e-02
 Reference value :  8.54497e-02
 Reference value :  8.54646e-02
 Reference value :  8.54742e-02
 Reference value :  8.54841e-02
 Reference value :  8.54979e-02
 Reference value :  8.55077e-02
 Reference value :  8.55173e-02
 Reference value :  8.55323e-02
 Reference value :  8.55429e-02
 Reference value :  8.55559e-02
 Reference value :  8.55655e-02
 Reference value :  8.55728e-02
 Reference value :  8.55779e-02
 Reference value :  8.55848e-02
 Reference value :  8.55922e-02
 Reference value :  8.55971e-02
 Reference value :  8.56042e-02
 Reference value :  8.56115e-02
 Reference value :  8.56164e-02
 Reference value :  8.56213e-02
 Reference value :  8.56284e-02
 Reference value :  8.56334e-02
 Reference value :  8.56407e-02
 Reference value :  8.56456e-02
 Reference value :  8.56526e-02
 Reference value :  8.56576e-02
 Reference value :  8.56650e-02
 Reference value :  8.56720e-02
 Reference value :  8.56769e-02
 Reference value :  8.56844e-02
 Reference value :  8.56895e-02
 Reference value :  8.56963e-02
 Reference value :  8.57038e-02
 Reference value :  8.57086e-02
 Reference value :  8.57135e-02
 Reference value :  8.57207e-02
 Reference value :  8.57280e-02
 Reference value :  8.57329e-02
 Reference value :  8.57379e-02
 Reference value :  8.57448e-02
 Reference value :  8.57522e-02
 Reference value :  8.57571e-02
 Reference value :  8.57622e-02
 Reference value :  8.57690e-02
 Reference value :  8.57766e-02
 Reference value :  8.57815e-02
 Reference value :  8.57886e-02
 Reference value :  8.57960e-02
 Reference value :  8.58009e-02
 Reference value :  8.58079e-02
 Reference value :  8.58128e-02
 Reference value :  8.58203e-02
 Reference value :  8.58251e-02
 Reference value :  8.58300e-02
 Reference value :  8.58352e-02
 Reference value :  8.58419e-02
 Reference value :  8.58493e-02
 Reference value :  8.58543e-02
 Reference value :  8.58591e-02
 Reference value :  8.58641e-02
 Reference value :  8.58711e-02
 Reference value :  8.58785e-02
 Reference value :  8.58834e-02
 Reference value :  8.58905e-02
 Reference value :  8.58953e-02
 Reference value :  8.59002e-02
 Reference value :  8.59077e-02
 Reference value :  8.59126e-02
 Reference value :  8.59174e-02
 Reference value :  8.59245e-02
 Reference value :  8.59320e-02
 Reference value :  8.59369e-02
 Reference value :  8.59418e-02
 Reference value :  8.59488e-02
 Reference value :  8.59558e-02
 Reference value :  8.59611e-02
 Reference value :  8.59660e-02
 Reference value :  8.59709e-02
 Reference value :  8.59779e-02
 Reference value :  8.59827e-02
 Reference value :  8.59902e-02
 Reference value :  8.59951e-02
 Reference value :  8.60000e-02
 Reference value :  8.60070e-02
 Reference value :  8.60145e-02
 Reference value :  8.60215e-02
 Reference value :  8.60264e-02
 Reference value :  8.60339e-02
 Reference value :  8.60391e-02
 Reference value :  8.60458e-02
 Reference value :  8.60507e-02
 Reference value :  8.60582e-02
 Reference value :  8.60632e-02
 Reference value :  8.60681e-02
 Reference value :  8.60751e-02
 Reference value :  8.60826e-02
 Reference value :  8.60874e-02
 Reference value :  8.60944e-02
 Reference value :  8.60993e-02
 Reference value :  8.61068e-02
 Reference value :  8.61117e-02
 Reference value :  8.61166e-02
 Reference value :  8.61236e-02
 Reference value :  8.61284e-02
 Reference value :  8.61359e-02
 Reference value :  8.61408e-02
 Reference value :  8.61457e-02
 Reference value :  8.61527e-02
 Reference value :  8.61600e-02
 Reference value :  8.61650e-02
 Reference value :  8.61699e-02
 Reference value :  8.61769e-02
 Reference value :  8.61843e-02
 Reference value :  8.61892e-02
 Reference value :  8.61943e-02
 Reference value :  8.62012e-02
 Reference value :  8.62087e-02
 Reference value :  8.62135e-02
 Reference value :  8.62205e-02
 Reference value :  8.62280e-02
 Reference value :  8.62329e-02
 Reference value :  8.62399e-02
 Reference value :  8.62447e-02
 Reference value :  8.62523e-02
 Reference value :  8.62571e-02
 Reference value :  8.62641e-02
 Reference value :  8.62708e-02
 Reference value :  8.62766e-02
 Reference value :  8.62815e-02
 Reference value :  8.62884e-02
 Reference value :  8.62933e-02
 Reference value :  8.63008e-02
 Reference value :  8.63057e-02
 Reference value :  8.63126e-02
 Reference value :  8.63201e-02
 Reference value :  8.63250e-02
 Reference value :  8.63299e-02
 Reference value :  8.63369e-02
 Reference value :  8.63443e-02
 Reference value :  8.63493e-02
 Reference value :  8.63541e-02
 Reference value :  8.63611e-02
 Reference value :  8.63661e-02
 Reference value :  8.63736e-02
 Reference value :  8.63805e-02
 Reference value :  8.63880e-02
 Reference value :  8.63929e-02
 Reference value :  8.63979e-02
 Reference value :  8.64048e-02
 Reference value :  8.64097e-02
 Reference value :  8.64172e-02
 Reference value :  8.64241e-02
 Reference value :  8.64293e-02
 Reference value :  8.64365e-02
 Reference value :  8.64414e-02
 Reference value :  8.64464e-02
 Reference value :  8.64533e-02
 Reference value :  8.64608e-02
 Reference value :  8.64657e-02
 Reference value :  8.64727e-02
 Reference value :  8.64802e-02
 Reference value :  8.64851e-02
 Reference value :  8.64900e-02
 Reference value :  8.64968e-02
 Reference value :  8.65044e-02
 Reference value :  8.65093e-02
 Reference value :  8.65162e-02
 Reference value :  8.65211e-02
 Reference value :  8.65286e-02
 Reference value :  8.65335e-02
 Reference value :  8.65385e-02
 Reference value :  8.65454e-02
 Reference value :  8.65529e-02
 Reference value :  8.65578e-02
 Reference value :  8.65647e-02
 Reference value :  8.65722e-02
 Reference value :  8.65771e-02
 Reference value :  8.65841e-02
 Reference value :  8.65915e-02
 Reference value :  8.65964e-02
 Reference value :  8.66015e-02
 Reference value :  8.66083e-02
 Reference value :  8.66159e-02
 Reference value :  8.66208e-02
 Reference value :  8.66277e-02
 Reference value :  8.66352e-02
 Reference value :  8.66401e-02
 Reference value :  8.66450e-02
 Reference value :  8.66519e-02
 Reference value :  8.66568e-02
 Reference value :  8.66644e-02
 Reference value :  8.66693e-02
 Reference value :  8.66763e-02
 Reference value :  8.66811e-02
 Reference value :  8.66886e-02
 Reference value :  8.66955e-02
 Reference value :  8.67005e-02
 Reference value :  8.67080e-02
 Reference value :  8.67138e-02
 Reference value :  8.67199e-02
 Reference value :  8.67274e-02
 Reference value :  8.67343e-02
 Reference value :  8.67393e-02
 Reference value :  8.67467e-02
 Reference value :  8.67517e-02
 Reference value :  8.67587e-02
 Reference value :  8.67637e-02
 Reference value :  8.67711e-02
 Reference value :  8.67760e-02
 Reference value :  8.67812e-02
 Reference value :  8.67879e-02
 Reference value :  8.67953e-02
 Reference value :  8.68003e-02
 Reference value :  8.68072e-02
 Reference value :  8.68147e-02
 Reference value :  8.68197e-02
 Reference value :  8.68246e-02
 Reference value :  8.68315e-02
 Reference value :  8.68365e-02
 Reference value :  8.68439e-02
 Reference value :  8.68508e-02
 Reference value :  8.68558e-02
 Reference value :  8.68632e-02
 Reference value :  8.68681e-02
 Reference value :  8.68752e-02
 Reference value :  8.68801e-02
 Reference value :  8.68876e-02
 Reference value :  8.68924e-02
 Reference value :  8.68995e-02
 Reference value :  8.69069e-02
 Reference value :  8.69118e-02
 Reference value :  8.69168e-02
 Reference value :  8.69237e-02
 Reference value :  8.69286e-02
 Reference value :  8.69335e-02
 Reference value :  8.69385e-02
 Reference value :  8.69457e-02
 Reference value :  8.69507e-02
 Reference value :  8.69578e-02
 Reference value :  8.69628e-02
 Reference value :  8.69702e-02
 Reference value :  8.69750e-02
 Reference value :  8.69799e-02
 Reference value :  8.69870e-02
 Reference value :  8.69919e-02
 Reference value :  8.69992e-02
 Reference value :  8.70040e-02
 Reference value :  8.70111e-02
 Reference value :  8.70185e-02
 Reference value :  8.70234e-02
 Reference value :  8.70303e-02
 Reference value :  8.70378e-02
 Reference value :  8.70426e-02
 Reference value :  8.70497e-02
 Reference value :  8.70546e-02
 Reference value :  8.70620e-02
 Reference value :  8.70668e-02
 Reference value :  8.70717e-02
 Reference value :  8.70766e-02
 Reference value :  8.70837e-02
 Reference value :  8.70885e-02
 Reference value :  8.70959e-02
 Reference value :  8.71008e-02
 Reference value :  8.71078e-02
 Reference value :  8.71127e-02
 Reference value :  8.71201e-02
 Reference value :  8.71250e-02
 Reference value :  8.71299e-02
 Reference value :  8.71369e-02
 Reference value :  8.71417e-02
 Reference value :  8.71491e-02
 Reference value :  8.71539e-02
 Reference value :  8.71611e-02
 Reference value :  8.71661e-02
 Reference value :  8.71732e-02
 Reference value :  8.71781e-02
 Reference value :  8.71830e-02
 Reference value :  8.71902e-02
 Reference value :  8.71952e-02
 Reference value :  8.72023e-02
 Reference value :  8.72072e-02
 Reference value :  8.72120e-02
 Reference value :  8.72191e-02
 Reference value :  8.72239e-02
 Reference value :  8.72276e-02
 Reference value :  8.72300e-02
 Reference value :  8.72326e-02
 Reference value :  8.72361e-02
 Reference value :  8.72398e-02
 Reference value :  8.72423e-02
 Reference value :  8.72459e-02
 Reference value :  8.72484e-02
 Reference value :  8.72520e-02
 Reference value :  8.72556e-02
 Reference value :  8.72580e-02
 Reference value :  8.72605e-02
 Reference value :  8.72640e-02
 Reference value :  8.72666e-02
 Reference value :  8.72691e-02
 Reference value :  8.72720e-02
 Reference value :  8.72752e-02
 Reference value :  8.72776e-02
 Reference value :  8.72813e-02
 Reference value :  8.72838e-02
 Reference value :  8.72874e-02
 Reference value :  8.72910e-02
 Reference value :  8.72936e-02
 Reference value :  8.72965e-02
 Reference value :  8.72996e-02
 Reference value :  8.73033e-02
 Reference value :  8.73057e-02
 Reference value :  8.73082e-02
 Reference value :  8.73117e-02
 Reference value :  8.73154e-02
 Reference value :  8.73179e-02
 Reference value :  8.73215e-02
 Reference value :  8.73240e-02
 Reference value :  8.73277e-02
 Reference value :  8.73301e-02
 Reference value :  8.73338e-02
 Reference value :  8.73373e-02
 Reference value :  8.73399e-02
 Reference value :  8.73424e-02
 Reference value :  8.73460e-02
 Reference value :  8.73497e-02
 Reference value :  8.73523e-02
 Reference value :  8.73558e-02
 Reference value :  8.73595e-02
 Reference value :  8.73619e-02
 Reference value :  8.73656e-02
 Reference value :  8.73692e-02
 Reference value :  8.73717e-02
 Reference value :  8.73754e-02
 Reference value :  8.73789e-02
 Reference value :  8.73815e-02
 Reference value :  8.73851e-02
 Reference value :  8.73888e-02
 Reference value :  8.73913e-02
 Reference value :  8.73949e-02
 Reference value :  8.73986e-02
 Reference value :  8.74011e-02
 Reference value :  8.74047e-02
 Reference value :  8.74083e-02
 Reference value :  8.74108e-02
 Reference value :  8.74145e-02
 Reference value :  8.74181e-02
 Reference value :  8.74217e-02
 Reference value :  8.74243e-02
 Reference value :  8.74278e-02
 Reference value :  8.74315e-02
 Reference value :  8.74339e-02
 Reference value :  8.74376e-02
 Reference value :  8.74412e-02
 Reference value :  8.74449e-02
 Reference value :  8.74485e-02
 Reference value :  8.74522e-02
 Reference value :  8.74547e-02
 Reference value :  8.74583e-02
 Reference value :  8.74620e-02
 Reference value :  8.74644e-02
 Reference value :  8.74681e-02
 Reference value :  8.74716e-02
 Reference value :  8.74742e-02
 Reference value :  8.74778e-02
 Reference value :  8.74815e-02
 Reference value :  8.74840e-02
 Reference value :  8.74876e-02
 Reference value :  8.74901e-02
 Reference value :  8.74938e-02
 Reference value :  8.74974e-02
 Reference value :  8.75011e-02
 Reference value :  8.75047e-02
 Reference value :  8.75084e-02
 Reference value :  8.75109e-02
 Reference value :  8.75145e-02
 Reference value :  8.75182e-02
 Reference value :  8.75218e-02
 Reference value :  8.75254e-02
 Reference value :  8.75280e-02
 Reference value :  8.75316e-02
 Reference value :  8.75352e-02
 Reference value :  8.75377e-02
 Reference value :  8.75414e-02
 Reference value :  8.75441e-02
 Reference value :  8.75475e-02
 Reference value :  8.75511e-02
 Reference value :  8.75547e-02
 Reference value :  8.75572e-02
 Reference value :  8.75609e-02
 Reference value :  8.75645e-02
 Reference value :  8.75670e-02
 Reference value :  8.75706e-02
 Reference value :  8.75731e-02
 Reference value :  8.75768e-02
 Reference value :  8.75804e-02
 Reference value :  8.75841e-02
 Reference value :  8.75876e-02
 Reference value :  8.75914e-02
 Reference value :  8.75938e-02
 Reference value :  8.75975e-02
 Reference value :  8.76012e-02
 Reference value :  8.76048e-02
 Reference value :  8.76085e-02
 Reference value :  8.76120e-02
 Reference value :  8.76146e-02
 Reference value :  8.76182e-02
 Reference value :  8.76207e-02
 Reference value :  8.76243e-02
 Reference value :  8.76280e-02
 Reference value :  8.76305e-02
 Reference value :  8.76341e-02
 Reference value :  8.76377e-02
 Reference value :  8.76403e-02
 Reference value :  8.76439e-02
 Reference value :  8.76475e-02
 Reference value :  8.76501e-02
 Reference value :  8.76537e-02
 Reference value :  8.76573e-02
 Reference value :  8.76598e-02
 Reference value :  8.76633e-02
 Reference value :  8.76660e-02
 Reference value :  8.76696e-02
 Reference value :  8.76731e-02
 Reference value :  8.76768e-02
 Reference value :  8.76793e-02
 Reference value :  8.76830e-02
 Reference value :  8.76866e-02
 Reference value :  8.76891e-02
 Reference value :  8.76927e-02
 Reference value :  8.76961e-02
 Reference value :  8.76989e-02
 Reference value :  8.77025e-02
 Reference value :  8.77061e-02
 Reference value :  8.77086e-02
 Reference value :  8.77122e-02
 Reference value :  8.77158e-02
 Reference value :  8.77183e-02
 Reference value :  8.77219e-02
 Reference value :  8.77254e-02
 Reference value :  8.77280e-02
 Reference value :  8.77306e-02
 Reference value :  8.77342e-02
 Reference value :  8.77378e-02
 Reference value :  8.77403e-02
 Reference value :  8.77428e-02
 Reference value :  8.77465e-02
 Reference value :  8.77501e-02
 Reference value :  8.77525e-02
 Reference value :  8.77550e-02
 Reference value :  8.77587e-02
 Reference value :  8.77623e-02
 Reference value :  8.77650e-02
 Reference value :  8.77686e-02
 Reference value :  8.77721e-02
 Reference value :  8.77745e-02
 Reference value :  8.77782e-02
 Reference value :  8.77818e-02
 Reference value :  8.77843e-02
 Reference value :  8.77878e-02
 Reference value :  8.77906e-02
 Reference value :  8.77940e-02
 Reference value :  8.77977e-02
 Reference value :  8.78013e-02
 Reference value :  8.78038e-02
 Reference value :  8.78076e-02
 Reference value :  8.78111e-02
 Reference value :  8.78136e-02
 Reference value :  8.78173e-02
 Reference value :  8.78209e-02
 Reference value :  8.78246e-02
 Reference value :  8.78271e-02
 Reference value :  8.78307e-02
 Reference value :  8.78332e-02
 Reference value :  8.78369e-02
 Reference value :  8.78405e-02
 Reference value :  8.78442e-02
 Reference value :  8.78478e-02
 Reference value :  8.78514e-02
 Reference value :  8.78540e-02
 Reference value :  8.78576e-02
 Reference value :  8.78612e-02
 Reference value :  8.78648e-02
 Reference value :  8.78673e-02
 Reference value :  8.78698e-02
 Reference value :  8.78735e-02
 Reference value :  8.78771e-02
 Reference value :  8.78796e-02
 Reference value :  8.78833e-02
 Reference value :  8.78869e-02
 Reference value :  8.78894e-02
 Reference value :  8.78932e-02
 Reference value :  8.78967e-02
 Reference value :  8.79004e-02
 Reference value :  8.79040e-02
 Reference value :  8.79066e-02
 Reference value :  8.79102e-02
 Reference value :  8.79138e-02
 Reference value :  8.79162e-02
 Reference value :  8.79199e-02
 Reference value :  8.79235e-02
 Reference value :  8.79260e-02
 Reference value :  8.79297e-02
 Reference value :  8.79333e-02
 Reference value :  8.79369e-02
 Reference value :  8.79395e-02
 Reference value :  8.79431e-02
 Reference value :  8.79455e-02
 Reference value :  8.79492e-02
 Reference value :  8.79528e-02
 Reference value :  8.79553e-02
 Reference value :  8.79590e-02
 Reference value :  8.79626e-02
 Reference value :  8.79650e-02
 Reference value :  8.79688e-02
 Reference value :  8.79723e-02
 Reference value :  8.79748e-02
 Reference value :  8.79785e-02
 Reference value :  8.79820e-02
 Reference value :  8.79845e-02
 Reference value :  8.79870e-02
 Reference value :  8.79907e-02
 Reference value :  8.79942e-02
 Reference value :  8.79967e-02
 Reference value :  8.80004e-02
 Reference value :  8.80040e-02
 Reference value :  8.80077e-02
 Reference value :  8.80113e-02
 Reference value :  8.80139e-02
 Reference value :  8.80176e-02
 Reference value :  8.80211e-02
 Reference value :  8.80236e-02
 Reference value :  8.80273e-02
 Reference value :  8.80309e-02
 Reference value :  8.80334e-02
 Reference value :  8.80371e-02
 Reference value :  8.80407e-02
 Reference value :  8.80444e-02
 Reference value :  8.80469e-02
 Reference value :  8.80504e-02
 Reference value :  8.80529e-02
 Reference value :  8.80566e-02
 Reference value :  8.80602e-02
 Reference value :  8.80627e-02
 Reference value :  8.80662e-02
 Reference value :  8.80699e-02
 Reference value :  8.80724e-02
 Reference value :  8.80762e-02
 Reference value :  8.80798e-02
 Reference value :  8.80823e-02
 Reference value :  8.80859e-02
 Reference value :  8.80886e-02
 Reference value :  8.80919e-02
 Reference value :  8.80957e-02
 Reference value :  8.80982e-02
 Reference value :  8.81017e-02
 Reference value :  8.81054e-02
 Reference value :  8.81079e-02
 Reference value :  8.81115e-02
 Reference value :  8.81153e-02
 Reference value :  8.81177e-02
 Reference value :  8.81212e-02
 Reference value :  8.81249e-02
 Reference value :  8.81279e-02
 Reference value :  8.81310e-02
 Reference value :  8.81335e-02
 Reference value :  8.81373e-02
 Reference value :  8.81408e-02
 Reference value :  8.81433e-02
 Reference value :  8.81470e-02
 Reference value :  8.81506e-02
 Reference value :  8.81531e-02
 Reference value :  8.81568e-02
 Reference value :  8.81604e-02
 Reference value :  8.81628e-02
 Reference value :  8.81653e-02
 Reference value :  8.81691e-02
 Reference value :  8.81716e-02
 Reference value :  8.81751e-02
 Reference value :  8.81788e-02
 Reference value :  8.81823e-02
 Reference value :  8.81848e-02
 Reference value :  8.81884e-02
 Reference value :  8.81910e-02
 Reference value :  8.81945e-02
 Reference value :  8.81970e-02
 Reference value :  8.82008e-02
 Reference value :  8.82043e-02
 Reference value :  8.82080e-02
 Reference value :  8.82105e-02
 Reference value :  8.82141e-02
 Reference value :  8.82166e-02
 Reference value :  8.82203e-02
 Reference value :  8.82238e-02
 Reference value :  8.82266e-02
 Reference value :  8.82310e-02
 Reference value :  8.82336e-02
 Reference value :  8.82374e-02
 Reference value :  8.82409e-02
 Reference value :  8.82434e-02
 Reference value :  8.82472e-02
 Reference value :  8.82507e-02
 Reference value :  8.82545e-02
 Reference value :  8.82580e-02
 Reference value :  8.82604e-02
 Reference value :  8.82643e-02
 Reference value :  8.82677e-02
 Reference value :  8.82702e-02
 Reference value :  8.82739e-02
 Reference value :  8.82764e-02
 Reference value :  8.82799e-02
 Reference value :  8.82837e-02
 Reference value :  8.82862e-02
 Reference value :  8.82897e-02
 Reference value :  8.82935e-02
 Reference value :  8.82970e-02
 Reference value :  8.82995e-02
 Reference value :  8.83021e-02
 Reference value :  8.83068e-02
 Reference value :  8.83093e-02
 Reference value :  8.83131e-02
 Reference value :  8.83166e-02
 Reference value :  8.83193e-02
 Reference value :  8.83228e-02
 Reference value :  8.83263e-02
 Reference value :  8.83300e-02
 Reference value :  8.83336e-02
 Reference value :  8.83360e-02
 Reference value :  8.83398e-02
 Reference value :  8.83433e-02
 Reference value :  8.83458e-02
 Reference value :  8.83495e-02
 Reference value :  8.83531e-02
 Reference value :  8.83568e-02
 Reference value :  8.83604e-02
 Reference value :  8.83629e-02
 Reference value :  8.83667e-02
 Reference value :  8.83692e-02
 Reference value :  8.83727e-02
 Reference value :  8.83752e-02
 Reference value :  8.83790e-02
 Reference value :  8.83825e-02
 Reference value :  8.83850e-02
 Reference value :  8.83887e-02
 Reference value :  8.83922e-02
 Reference value :  8.83947e-02
 Reference value :  8.83971e-02
 Reference value :  8.84009e-02
 Reference value :  8.84035e-02
 Reference value :  8.84069e-02
 Reference value :  8.84107e-02
 Reference value :  8.84132e-02
 Reference value :  8.84166e-02
 Reference value :  8.84191e-02
 Reference value :  8.84229e-02
 Reference value :  8.84262e-02
 Reference value :  8.84288e-02
 Reference value :  8.84326e-02
 Reference value :  8.84361e-02
 Reference value :  8.84386e-02
 Reference value :  8.84424e-02
 Reference value :  8.84459e-02
 Reference value :  8.84484e-02
 Reference value :  8.84522e-02
 Reference value :  8.84556e-02
 Reference value :  8.84589e-02
 Reference value :  8.84620e-02
 Reference value :  8.84655e-02
 Reference value :  8.84679e-02
 Reference value :  8.84717e-02
 Reference value :  8.84751e-02
 Reference value :  8.84777e-02
 Reference value :  8.84801e-02
 Reference value :  8.84840e-02
 Reference value :  8.84874e-02
 Reference value :  8.84899e-02
 Reference value :  8.84924e-02
 Reference value :  8.84962e-02
 Reference value :  8.84997e-02
 Reference value :  8.85035e-02
 Reference value :  8.85068e-02
 Reference value :  8.85094e-02
 Reference value :  8.85120e-02
 Reference value :  8.85157e-02
 Reference value :  8.85191e-02
 Reference value :  8.85217e-02
 Reference value :  8.85255e-02
 Reference value :  8.85281e-02
 Reference value :  8.85315e-02
 Reference value :  8.85339e-02
 Reference value :  8.85378e-02
 Reference value :  8.85412e-02
 Reference value :  8.85437e-02
 Reference value :  8.85476e-02
 Reference value :  8.85510e-02
 Reference value :  8.85534e-02
 Reference value :  8.85573e-02
 Reference value :  8.85598e-02
 Reference value :  8.85632e-02
 Reference value :  8.85670e-02
 Reference value :  8.85695e-02
 Reference value :  8.85729e-02
 Reference value :  8.85754e-02
 Reference value :  8.85793e-02
 Reference value :  8.85828e-02
 Reference value :  8.85853e-02
 Reference value :  8.85891e-02
 Reference value :  8.85925e-02
 Reference value :  8.85964e-02
 Reference value :  8.85998e-02
 Reference value :  8.86023e-02
 Reference value :  8.86061e-02
 Reference value :  8.86096e-02
 Reference value :  8.86121e-02
 Reference value :  8.86158e-02
 Reference value :  8.86193e-02
 Reference value :  8.86219e-02
 Reference value :  8.86257e-02
 Reference value :  8.86292e-02
 Reference value :  8.86317e-02
 Reference value :  8.86356e-02
 Reference value :  8.86390e-02
 Reference value :  8.86414e-02
 Reference value :  8.86453e-02
 Reference value :  8.86478e-02
 Reference value :  8.86512e-02
 Reference value :  8.86540e-02
 Reference value :  8.86575e-02
 Reference value :  8.86610e-02
 Reference value :  8.86648e-02
 Reference value :  8.86681e-02
 Reference value :  8.86707e-02
 Reference value :  8.86745e-02
 Reference value :  8.86779e-02
 Reference value :  8.86804e-02
 Reference value :  8.86843e-02
 Reference value :  8.86876e-02
 Reference value :  8.86902e-02
 Reference value :  8.86940e-02
 Reference value :  8.86974e-02
 Reference value :  8.86999e-02
 Reference value :  8.87038e-02
 Reference value :  8.87072e-02
 Reference value :  8.87097e-02
 Reference value :  8.87136e-02
 Reference value :  8.87170e-02
 Reference value :  8.87194e-02
 Reference value :  8.87233e-02
 Reference value :  8.87267e-02
 Reference value :  8.87292e-02
 Reference value :  8.87330e-02
 Reference value :  8.87364e-02
 Reference value :  8.87389e-02
 Reference value :  8.87428e-02
 Reference value :  8.87462e-02
 Reference value :  8.87487e-02
 Reference value :  8.87526e-02
 Reference value :  8.87560e-02
 Reference value :  8.87585e-02
 Reference value :  8.87610e-02
 Reference value :  8.87648e-02
 Reference value :  8.87683e-02
 Reference value :  8.87707e-02
 Reference value :  8.87746e-02
 Reference value :  8.87781e-02
 Reference value :  8.87807e-02
 Reference value :  8.87845e-02
 Reference value :  8.87879e-02
 Reference value :  8.87904e-02
 Reference value :  8.87942e-02
 Reference value :  8.87977e-02
 Reference value :  8.88015e-02
 Reference value :  8.88040e-02
 Reference value :  8.88073e-02
 Reference value :  8.88098e-02
 Reference value :  8.88123e-02
 Reference value :  8.88161e-02
 Reference value :  8.88195e-02
 Reference value :  8.88220e-02
 Reference value :  8.88259e-02
 Reference value :  8.88284e-02
 Reference value :  8.88318e-02
 Reference value :  8.88357e-02
 Reference value :  8.88391e-02
 Reference value :  8.88429e-02
 Reference value :  8.88464e-02
 Reference value :  8.88502e-02
 Reference value :  8.88536e-02
 Reference value :  8.88561e-02
 Reference value :  8.88600e-02
 Reference value :  8.88635e-02
 Reference value :  8.88660e-02
 Reference value :  8.88707e-02
 Reference value :  8.88732e-02
 Reference value :  8.88771e-02
 Reference value :  8.88796e-02
 Reference value :  8.88830e-02
 Reference value :  8.88868e-02
 Reference value :  8.88896e-02
 Reference value :  8.88928e-02
 Reference value :  8.88967e-02
 Reference value :  8.89002e-02
 Reference value :  8.89040e-02
 Reference value :  8.89075e-02
 Reference value :  8.89099e-02
 Reference value :  8.89137e-02
 Reference value :  8.89172e-02
 Reference value :  8.89198e-02
 Reference value :  8.89236e-02
 Reference value :  8.89270e-02
 Reference value :  8.89309e-02
 Reference value :  8.89342e-02
 Reference value :  8.89368e-02
 Reference value :  8.89406e-02
 Reference value :  8.89441e-02
 Reference value :  8.89466e-02
 Reference value :  8.89503e-02
 Reference value :  8.89530e-02
 Reference value :  8.89564e-02
 Reference value :  8.89603e-02
 Reference value :  8.89637e-02
 Reference value :  8.89676e-02
 Reference value :  8.89709e-02
 Reference value :  8.89735e-02
 Reference value :  8.89773e-02
 Reference value :  8.89808e-02
 Reference value :  8.89832e-02
 Reference value :  8.89872e-02
 Reference value :  8.89906e-02
 Reference value :  8.89943e-02
 Reference value :  8.89978e-02
 Reference value :  8.90004e-02
 Reference value :  8.90043e-02
 Reference value :  8.90077e-02
 Reference value :  8.90105e-02
 Reference value :  8.90141e-02
 Reference value :  8.90175e-02
 Reference value :  8.90200e-02
 Reference value :  8.90238e-02
 Reference value :  8.90264e-02
 Reference value :  8.90297e-02
 Reference value :  8.90336e-02
 Reference value :  8.90370e-02
 Reference value :  8.90408e-02
 Reference value :  8.90433e-02
 Reference value :  8.90467e-02
 Reference value :  8.90492e-02
 Reference value :  8.90531e-02
 Reference value :  8.90564e-02
 Reference value :  8.90589e-02
 Reference value :  8.90626e-02
 Reference value :  8.90653e-02
 Reference value :  8.90677e-02
 Reference value :  8.90711e-02
 Reference value :  8.90735e-02
 Reference value :  8.90774e-02
 Reference value :  8.90808e-02
 Reference value :  8.90834e-02
 Reference value :  8.90872e-02
 Reference value :  8.90906e-02
 Reference value :  8.90933e-02
 Reference value :  8.90969e-02
 Reference value :  8.91003e-02
 Reference value :  8.91040e-02
 Reference value :  8.91067e-02
 Reference value :  8.91101e-02
 Reference value :  8.91125e-02
 Reference value :  8.91165e-02
 Reference value :  8.91199e-02
 Reference value :  8.91225e-02
 Reference value :  8.91262e-02
 Reference value :  8.91296e-02
 Reference value :  8.91335e-02
 Reference value :  8.91369e-02
 Reference value :  8.91394e-02
 Reference value :  8.91433e-02
 Reference value :  8.91467e-02
 Reference value :  8.91492e-02
 Reference value :  8.91531e-02
 Reference value :  8.91565e-02
 Reference value :  8.91590e-02
 Reference value :  8.91628e-02
 Reference value :  8.91662e-02
 Reference value :  8.91688e-02
 Reference value :  8.91726e-02
 Reference value :  8.91760e-02
 Reference value :  8.91799e-02
 Reference value :  8.91833e-02
 Reference value :  8.91858e-02
 Reference value :  8.91896e-02
 Reference value :  8.91930e-02
 Reference value :  8.91955e-02
 Reference value :  8.91995e-02
 Reference value :  8.92028e-02
 Reference value :  8.92067e-02
 Reference value :  8.92101e-02
 Reference value :  8.92126e-02
 Reference value :  8.92165e-02
 Reference value :  8.92199e-02
 Reference value :  8.92224e-02
 Reference value :  8.92254e-02
 Reference value :  8.92288e-02
 Reference value :  8.92322e-02
 Reference value :  8.92347e-02
 Reference value :  8.92386e-02
 Reference value :  8.92413e-02
 Reference value :  8.92444e-02
 Reference value :  8.92469e-02
 Reference value :  8.92508e-02
 Reference value :  8.92541e-02
 Reference value :  8.92567e-02
 Reference value :  8.92606e-02
 Reference value :  8.92640e-02
 Reference value :  8.92666e-02
 Reference value :  8.92713e-02
 Reference value :  8.92738e-02
 Reference value :  8.92777e-02
 Reference value :  8.92805e-02
 Reference value :  8.92836e-02
 Reference value :  8.92875e-02
 Reference value :  8.92900e-02
 Reference value :  8.92934e-02
 Reference value :  8.92958e-02
 Reference value :  8.92997e-02
 Reference value :  8.93031e-02
 Reference value :  8.93055e-02
 Reference value :  8.93080e-02
 Reference value :  8.93119e-02
 Reference value :  8.93153e-02
 Reference value :  8.93178e-02
 Reference value :  8.93216e-02
 Reference value :  8.93251e-02
 Reference value :  8.93279e-02
 Reference value :  8.93315e-02
 Reference value :  8.93349e-02
 Reference value :  8.93375e-02
 Reference value :  8.93413e-02
 Reference value :  8.93447e-02
 Reference value :  8.93472e-02
 Reference value :  8.93511e-02
 Reference value :  8.93543e-02
 Reference value :  8.93570e-02
 Reference value :  8.93609e-02
 Reference value :  8.93642e-02
 Reference value :  8.93681e-02
 Reference value :  8.93709e-02
 Reference value :  8.93740e-02
 Reference value :  8.93780e-02
 Reference value :  8.93813e-02
 Reference value :  8.93838e-02
 Reference value :  8.93877e-02
 Reference value :  8.93902e-02
 Reference value :  8.93936e-02
 Reference value :  8.93960e-02
 Reference value :  8.93999e-02
 Reference value :  8.94033e-02
 Reference value :  8.94058e-02
 Reference value :  8.94097e-02
 Reference value :  8.94131e-02
 Reference value :  8.94171e-02
 Reference value :  8.94205e-02
 Reference value :  8.94230e-02
 Reference value :  8.94268e-02
 Reference value :  8.94303e-02
 Reference value :  8.94328e-02
 Reference value :  8.94367e-02
 Reference value :  8.94401e-02
 Reference value :  8.94426e-02
 Reference value :  8.94464e-02
 Reference value :  8.94498e-02
 Reference value :  8.94524e-02
 Reference value :  8.94563e-02
 Reference value :  8.94596e-02
 Reference value :  8.94636e-02
 Reference value :  8.94669e-02
 Reference value :  8.94694e-02
 Reference value :  8.94734e-02
 Reference value :  8.94767e-02
 Reference value :  8.94792e-02
 Reference value :  8.94831e-02
 Reference value :  8.94856e-02
 Reference value :  8.94890e-02
 Reference value :  8.94927e-02
 Reference value :  8.94953e-02
 Reference value :  8.94987e-02
 Reference value :  8.95012e-02
 Reference value :  8.95051e-02
 Reference value :  8.95085e-02
 Reference value :  8.95111e-02
 Reference value :  8.95149e-02
 Reference value :  8.95183e-02
 Reference value :  8.95222e-02
 Reference value :  8.95256e-02
 Reference value :  8.95283e-02
 Reference value :  8.95319e-02
 Reference value :  8.95354e-02
 Reference value :  8.95392e-02
 Reference value :  8.95417e-02
 Reference value :  8.95451e-02
 Reference value :  8.95476e-02
 Reference value :  8.95501e-02
 Reference value :  8.95539e-02
 Reference value :  8.95573e-02
 Reference value :  8.95612e-02
 Reference value :  8.95637e-02
 Reference value :  8.95671e-02
 Reference value :  8.95710e-02
 Reference value :  8.95743e-02
 Reference value :  8.95769e-02
 Reference value :  8.95808e-02
 Reference value :  8.95842e-02
 Reference value :  8.95867e-02
 Reference value :  8.95906e-02
 Reference value :  8.95939e-02
 Reference value :  8.95965e-02
 Reference value :  8.96004e-02
 Reference value :  8.96038e-02
 Reference value :  8.96062e-02
 Reference value :  8.96102e-02
 Reference value :  8.96136e-02
 Reference value :  8.96160e-02
 Reference value :  8.96200e-02
 Reference value :  8.96234e-02
 Reference value :  8.96259e-02
 Reference value :  8.96297e-02
 Reference value :  8.96322e-02
 Reference value :  8.96356e-02
 Reference value :  8.96395e-02
 Reference value :  8.96420e-02
 Reference value :  8.96454e-02
 Reference value :  8.96479e-02
 Reference value :  8.96517e-02
 Reference value :  8.96551e-02
 Reference value :  8.96590e-02
 Reference value :  8.96620e-02
 Reference value :  8.96649e-02
 Reference value :  8.96688e-02
 Reference value :  8.96713e-02
 Reference value :  8.96746e-02
 Reference value :  8.96785e-02
 Reference value :  8.96811e-02
 Reference value :  8.96844e-02
 Reference value :  8.96883e-02
 Reference value :  8.96916e-02
 Reference value :  8.96942e-02
 Reference value :  8.96981e-02
 Reference value :  8.97015e-02
 Reference value :  8.97040e-02
 Reference value :  8.97079e-02
 Reference value :  8.97112e-02
 Reference value :  8.97138e-02
 Reference value :  8.97176e-02
 Reference value :  8.97210e-02
 Reference value :  8.97250e-02
 Reference value :  8.97282e-02
 Reference value :  8.97308e-02
 Reference value :  8.97345e-02
 Reference value :  8.97372e-02
 Reference value :  8.97406e-02
 Reference value :  8.97430e-02
 Reference value :  8.97470e-02
 Reference value :  8.97504e-02
 Reference value :  8.97543e-02
 Reference value :  8.97577e-02
 Reference value :  8.97616e-02
 Reference value :  8.97650e-02
 Reference value :  8.97674e-02
 Reference value :  8.97714e-02
 Reference value :  8.97747e-02
 Reference value :  8.97772e-02
 Reference value :  8.97811e-02
 Reference value :  8.97836e-02
 Reference value :  8.97869e-02
 Reference value :  8.97894e-02
 Reference value :  8.97920e-02
 Reference value :  8.97958e-02
 Reference value :  8.97992e-02
 Reference value :  8.98017e-02
 Reference value :  8.98055e-02
 Reference value :  8.98088e-02
 Reference value :  8.98114e-02
 Reference value :  8.98153e-02
 Reference value :  8.98187e-02
 Reference value :  8.98212e-02
 Reference value :  8.98252e-02
 Reference value :  8.98284e-02
 Reference value :  8.98310e-02
 Reference value :  8.98336e-02
 Reference value :  8.98375e-02
 Reference value :  8.98409e-02
 Reference value :  8.98433e-02
 Reference value :  8.98472e-02
 Reference value :  8.98497e-02
 Reference value :  8.98531e-02
 Reference value :  8.98568e-02
 Reference value :  8.98603e-02
 Reference value :  8.98629e-02
 Reference value :  8.98668e-02
 Reference value :  8.98702e-02
 Reference value :  8.98727e-02
 Reference value :  8.98765e-02
 Reference value :  8.98799e-02
 Reference value :  8.98838e-02
 Reference value :  8.98863e-02
 Reference value :  8.98897e-02
 Reference value :  8.98936e-02
 Reference value :  8.98962e-02
 Reference value :  8.98994e-02
 Reference value :  8.99033e-02
 Reference value :  8.99065e-02
 Reference value :  8.99091e-02
 Reference value :  8.99130e-02
 Reference value :  8.99154e-02
 Reference value :  8.99188e-02
 Reference value :  8.99213e-02
 Reference value :  8.99253e-02
 Reference value :  8.99287e-02
 Reference value :  8.99311e-02
 Reference value :  8.99351e-02
 Reference value :  8.99384e-02
 Reference value :  8.99409e-02
 Reference value :  8.99448e-02
 Reference value :  8.99482e-02
 Reference value :  8.99507e-02
 Reference value :  8.99546e-02
 Reference value :  8.99580e-02
 Reference value :  8.99604e-02
 Reference value :  8.99643e-02
 Reference value :  8.99677e-02
 Reference value :  8.99702e-02
 Reference value :  8.99742e-02
 Reference value :  8.99766e-02
 Reference value :  8.99800e-02
 Reference value :  8.99837e-02
 Reference value :  8.99864e-02
 Reference value :  8.99897e-02
 Reference value :  8.99934e-02
 Reference value :  8.99962e-02
 Reference value :  8.99995e-02
 Reference value :  9.00020e-02
 Reference value :  9.00045e-02
 Reference value :  9.00084e-02
 Reference value :  9.00118e-02
 Reference value :  9.00155e-02
 Reference value :  9.00191e-02
 Reference value :  9.00216e-02
 Reference value :  9.00255e-02
 Reference value :  9.00280e-02
 Reference value :  9.00314e-02
 Reference value :  9.00339e-02
 Reference value :  9.00377e-02
 Reference value :  9.00411e-02
 Reference value :  9.00435e-02
 Reference value :  9.00474e-02
 Reference value :  9.00508e-02
 Reference value :  9.00533e-02
 Reference value :  9.00571e-02
 Reference value :  9.00606e-02
 Reference value :  9.00631e-02
 Reference value :  9.00670e-02
 Reference value :  9.00704e-02
 Reference value :  9.00729e-02
 Reference value :  9.00769e-02
 Reference value :  9.00802e-02
 Reference value :  9.00828e-02
 Reference value :  9.00867e-02
 Reference value :  9.00900e-02
 Reference value :  9.00925e-02
 Reference value :  9.00965e-02
 Reference value :  9.00998e-02
 Reference value :  9.01037e-02
 Reference value :  9.01071e-02
 Reference value :  9.01096e-02
 Reference value :  9.01135e-02
 Reference value :  9.01169e-02
 Reference value :  9.01207e-02
 Reference value :  9.01233e-02
 Reference value :  9.01267e-02
 Reference value :  9.01292e-02
 Reference value :  9.01331e-02
 Reference value :  9.01358e-02
 Reference value :  9.01390e-02
 Reference value :  9.01429e-02
 Reference value :  9.01455e-02
 Reference value :  9.01488e-02
 Reference value :  9.01528e-02
 Reference value :  9.01561e-02
 Reference value :  9.01586e-02
 Reference value :  9.01625e-02
 Reference value :  9.01659e-02
 Reference value :  9.01684e-02
 Reference value :  9.01724e-02
 Reference value :  9.01748e-02
 Reference value :  9.01782e-02
 Reference value :  9.01822e-02
 Reference value :  9.01855e-02
 Reference value :  9.01880e-02
 Reference value :  9.01920e-02
 Reference value :  9.01944e-02
 Reference value :  9.01978e-02
 Reference value :  9.02002e-02
 Reference value :  9.02042e-02
 Reference value :  9.02076e-02
 Reference value :  9.02100e-02
 Reference value :  9.02140e-02
 Reference value :  9.02173e-02
 Reference value :  9.02213e-02
 Reference value :  9.02246e-02
 Reference value :  9.02271e-02
 Reference value :  9.02310e-02
 Reference value :  9.02335e-02
 Reference value :  9.02369e-02
 Reference value :  9.02396e-02
 Reference value :  9.02433e-02
 Reference value :  9.02466e-02
 Reference value :  9.02492e-02
 Reference value :  9.02531e-02
 Reference value :  9.02564e-02
 Reference value :  9.02604e-02
 Reference value :  9.02637e-02
 Reference value :  9.02663e-02
 Reference value :  9.02701e-02
 Reference value :  9.02735e-02
 Reference value :  9.02761e-02
 Reference value :  9.02800e-02
 Reference value :  9.02833e-02
 Reference value :  9.02858e-02
 Reference value :  9.02897e-02
 Reference value :  9.02931e-02
 Reference value :  9.02955e-02
 Reference value :  9.02995e-02
 Reference value :  9.03028e-02
 Reference value :  9.03068e-02
 Reference value :  9.03102e-02
 Reference value :  9.03126e-02
 Reference value :  9.03166e-02
 Reference value :  9.03190e-02
 Reference value :  9.03224e-02
 Reference value :  9.03248e-02
 Reference value :  9.03288e-02
 Reference value :  9.03322e-02
 Reference value :  9.03346e-02
 Reference value :  9.03384e-02
 Reference value :  9.03410e-02
 Reference value :  9.03444e-02
 Reference value :  9.03469e-02
 Reference value :  9.03508e-02
 Reference value :  9.03542e-02
 Reference value :  9.03567e-02
 Reference value :  9.03607e-02
 Reference value :  9.03640e-02
 Reference value :  9.03678e-02
 Reference value :  9.03706e-02
 Reference value :  9.03737e-02
 Reference value :  9.03777e-02
 Reference value :  9.03802e-02
 Reference value :  9.03836e-02
 Reference value :  9.03861e-02
 Reference value :  9.03900e-02
 Reference value :  9.03934e-02
 Reference value :  9.03958e-02
 Reference value :  9.03997e-02
 Reference value :  9.04023e-02
 Reference value :  9.04055e-02
 Reference value :  9.04080e-02
 Reference value :  9.04105e-02
 Reference value :  9.04144e-02
 Reference value :  9.04176e-02
 Reference value :  9.04202e-02
 Reference value :  9.04241e-02
 Reference value :  9.04275e-02
 Reference value :  9.04299e-02
 Reference value :  9.04338e-02
 Reference value :  9.04372e-02
 Reference value :  9.04398e-02
 Reference value :  9.04437e-02
 Reference value :  9.04470e-02
 Reference value :  9.04495e-02
 Reference value :  9.04520e-02
 Reference value :  9.04559e-02
 Reference value :  9.04593e-02
 Reference value :  9.04622e-02
 Reference value :  9.04666e-02
 Reference value :  9.04690e-02
 Reference value :  9.04728e-02
 Reference value :  9.04755e-02
 Reference value :  9.04788e-02
 Reference value :  9.04813e-02
 Reference value :  9.04852e-02
 Reference value :  9.04877e-02
 Reference value :  9.04910e-02
 Reference value :  9.04937e-02
 Reference value :  9.04975e-02
 Reference value :  9.05008e-02
 Reference value :  9.05033e-02
 Reference value :  9.05071e-02
 Reference value :  9.05097e-02
 Reference value :  9.05131e-02
 Reference value :  9.05170e-02
 Reference value :  9.05204e-02
 Reference value :  9.05229e-02
 Reference value :  9.05269e-02
 Reference value :  9.05302e-02
 Reference value :  9.05327e-02
 Reference value :  9.05366e-02
 Reference value :  9.05400e-02
 Reference value :  9.05425e-02
 Reference value :  9.05465e-02
 Reference value :  9.05498e-02
 Reference value :  9.05523e-02
 Reference value :  9.05563e-02
 Reference value :  9.05596e-02
 Reference value :  9.05636e-02
 Reference value :  9.05660e-02
 Reference value :  9.05694e-02
 Reference value :  9.05734e-02
 Reference value :  9.05767e-02
 Reference value :  9.05792e-02
 Reference value :  9.05831e-02
 Reference value :  9.05865e-02
 Reference value :  9.05889e-02
 Reference value :  9.05928e-02
 Reference value :  9.05953e-02
 Reference value :  9.05981e-02
 Reference value :  9.06011e-02
 Reference value :  9.06041e-02
 Reference value :  9.06075e-02
 Reference value :  9.06108e-02
 Reference value :  9.06133e-02
 Reference value :  9.06173e-02
 Reference value :  9.06206e-02
 Reference value :  9.06231e-02
 Reference value :  9.06271e-02
 Reference value :  9.06295e-02
 Reference value :  9.06329e-02
 Reference value :  9.06354e-02
 Reference value :  9.06393e-02
 Reference value :  9.06426e-02
 Reference value :  9.06451e-02
 Reference value :  9.06491e-02
 Reference value :  9.06516e-02
 Reference value :  9.06540e-02
 Reference value :  9.06574e-02
 Reference value :  9.06598e-02
 Reference value :  9.06624e-02
 Reference value :  9.06663e-02
 Reference value :  9.06687e-02
 Reference value :  9.06721e-02
 Reference value :  9.06745e-02
 Reference value :  9.06770e-02
 Reference value :  9.06807e-02
 Reference value :  9.06833e-02
 Reference value :  9.06867e-02
 Reference value :  9.06906e-02
 Reference value :  9.06931e-02
 Reference value :  9.06964e-02
 Reference value :  9.06989e-02
 Reference value :  9.07029e-02
 Reference value :  9.07061e-02
 Reference value :  9.07087e-02
 Reference value :  9.07124e-02
 Reference value :  9.07150e-02
 Reference value :  9.07175e-02
 Reference value :  9.07208e-02
 Reference value :  9.07233e-02
 Reference value :  9.07258e-02
 Reference value :  9.07283e-02
 Reference value :  9.07322e-02
 Reference value :  9.07347e-02
 Reference value :  9.07371e-02
 Reference value :  9.07396e-02
 Reference value :  9.07429e-02
 Reference value :  9.07454e-02
 Reference value :  9.07478e-02
 Reference value :  9.07503e-02
 Reference value :  9.07542e-02
 Reference value :  9.07575e-02
 Reference value :  9.07601e-02
 Reference value :  9.07641e-02
 Reference value :  9.07665e-02
 Reference value :  9.07699e-02
 Reference value :  9.07723e-02
 Reference value :  9.07763e-02
 Reference value :  9.07789e-02
 Reference value :  9.07820e-02
 Reference value :  9.07845e-02
 Reference value :  9.07884e-02
 Reference value :  9.07909e-02
 Reference value :  9.07942e-02
 Reference value :  9.07967e-02
 Reference value :  9.08006e-02
 Reference value :  9.08030e-02
 Reference value :  9.08064e-02
 Reference value :  9.08089e-02
 Reference value :  9.08128e-02
 Reference value :  9.08153e-02
 Reference value :  9.08186e-02
 Reference value :  9.08211e-02
 Reference value :  9.08235e-02
 Reference value :  9.08275e-02
 Reference value :  9.08309e-02
 Reference value :  9.08334e-02
 Reference value :  9.08373e-02
 Reference value :  9.08406e-02
 Reference value :  9.08431e-02
 Reference value :  9.08471e-02
 Reference value :  9.08504e-02
 Reference value :  9.08530e-02
 Reference value :  9.08569e-02
 Reference value :  9.08602e-02
 Reference value :  9.08628e-02
 Reference value :  9.08666e-02
 Reference value :  9.08699e-02
 Reference value :  9.08724e-02
 Reference value :  9.08763e-02
 Reference value :  9.08788e-02
 Reference value :  9.08822e-02
 Reference value :  9.08846e-02
 Reference value :  9.08872e-02
 Reference value :  9.08911e-02
 Reference value :  9.08944e-02
 Reference value :  9.08983e-02
 Reference value :  9.09017e-02
 Reference value :  9.09042e-02
 Reference value :  9.09081e-02
 Reference value :  9.09114e-02
 Reference value :  9.09139e-02
 Reference value :  9.09178e-02
 Reference value :  9.09204e-02
 Reference value :  9.09237e-02
 Reference value :  9.09262e-02
 Reference value :  9.09302e-02
 Reference value :  9.09335e-02
 Reference value :  9.09360e-02
 Reference value :  9.09400e-02
 Reference value :  9.09424e-02
 Reference value :  9.09449e-02
 Reference value :  9.09482e-02
 Reference value :  9.09507e-02
 Reference value :  9.09546e-02
 Reference value :  9.09579e-02
 Reference value :  9.09604e-02
 Reference value :  9.09629e-02
 Reference value :  9.09653e-02
 Reference value :  9.09693e-02
 Reference value :  9.09725e-02
 Reference value :  9.09751e-02
 Reference value :  9.09776e-02
 Reference value :  9.09816e-02
 Reference value :  9.09847e-02
 Reference value :  9.09866e-02
 Reference value :  9.09897e-02
 Reference value :  9.09922e-02
 Reference value :  9.09947e-02
 Reference value :  9.09987e-02
 Reference value :  9.10012e-02
 Reference value :  9.10044e-02
 Reference value :  9.10069e-02
 Reference value :  9.10108e-02
 Reference value :  9.10133e-02
 Reference value :  9.10159e-02
 Reference value :  9.10191e-02
 Reference value :  9.10215e-02
 Reference value :  9.10240e-02
 Reference value :  9.10280e-02
 Reference value :  9.10312e-02
 Reference value :  9.10337e-02
 Reference value :  9.10362e-02
 Reference value :  9.10401e-02
 Reference value :  9.10427e-02
 Reference value :  9.10459e-02
 Reference value :  9.10483e-02
 Reference value :  9.10508e-02
 Reference value :  9.10548e-02
 Reference value :  9.10572e-02
 Reference value :  9.10605e-02
 Reference value :  9.10630e-02
 Reference value :  9.10655e-02
 Reference value :  9.10694e-02
 Reference value :  9.10719e-02
 Reference value :  9.10752e-02
 Reference value :  9.10777e-02
 Reference value :  9.10816e-02
 Reference value :  9.10841e-02
 Reference value :  9.10874e-02
 Reference value :  9.10899e-02
 Reference value :  9.10924e-02
 Reference value :  9.10963e-02
 Reference value :  9.10989e-02
 Reference value :  9.11021e-02
 Reference value :  9.11046e-02
 Reference value :  9.11071e-02
 Reference value :  9.11110e-02
 Reference value :  9.11135e-02
 Reference value :  9.11167e-02
 Reference value :  9.11192e-02
 Reference value :  9.11230e-02
 Reference value :  9.11256e-02
 Reference value :  9.11289e-02
 Reference value :  9.11315e-02
 Reference value :  9.11339e-02
 Reference value :  9.11364e-02
 Reference value :  9.11404e-02
 Reference value :  9.11437e-02
 Reference value :  9.11461e-02
 Reference value :  9.11486e-02
 Reference value :  9.11525e-02
 Reference value :  9.11558e-02
 Reference value :  9.11583e-02
 Reference value :  9.11608e-02
 Reference value :  9.11633e-02
 Reference value :  9.11672e-02
 Reference value :  9.11697e-02
 Reference value :  9.11721e-02
 Reference value :  9.11754e-02
 Reference value :  9.11779e-02
 Reference value :  9.11804e-02
 Reference value :  9.11829e-02
 Reference value :  9.11868e-02
 Reference value :  9.11893e-02
 Reference value :  9.11919e-02
 Reference value :  9.11951e-02
 Reference value :  9.11976e-02
 Reference value :  9.12015e-02
 Reference value :  9.12048e-02
 Reference value :  9.12073e-02
 Reference value :  9.12113e-02
 Reference value :  9.12138e-02
 Reference value :  9.12171e-02
 Reference value :  9.12195e-02
 Reference value :  9.12222e-02
 Reference value :  9.12259e-02
 Reference value :  9.12292e-02
 Reference value :  9.12317e-02
 Reference value :  9.12341e-02
 Reference value :  9.12366e-02
 Reference value :  9.12404e-02
 Reference value :  9.12430e-02
 Reference value :  9.12454e-02
 Reference value :  9.12479e-02
 Reference value :  9.12512e-02
 Reference value :  9.12538e-02
 Reference value :  9.12577e-02
 Reference value :  9.12610e-02
 Reference value :  9.12634e-02
 Reference value :  9.12674e-02
 Reference value :  9.12698e-02
 Reference value :  9.12731e-02
 Reference value :  9.12756e-02
 Reference value :  9.12780e-02
 Reference value :  9.12820e-02
 Reference value :  9.12845e-02
 Reference value :  9.12878e-02
 Reference value :  9.12903e-02
 Reference value :  9.12929e-02
 Reference value :  9.12967e-02
 Reference value :  9.13000e-02
 Reference value :  9.13025e-02
 Reference value :  9.13065e-02
 Reference value :  9.13089e-02
 Reference value :  9.13114e-02
 Reference value :  9.13138e-02
 Reference value :  9.13172e-02
 Reference value :  9.13196e-02
 Reference value :  9.13221e-02
 Reference value :  9.13248e-02
 Reference value :  9.13284e-02
 Reference value :  9.13318e-02
 Reference value :  9.13343e-02
 Reference value :  9.13367e-02
 Reference value :  9.13407e-02
 Reference value :  9.13431e-02
 Reference value :  9.13465e-02
 Reference value :  9.13490e-02
 Reference value :  9.13529e-02
 Reference value :  9.13563e-02
 Reference value :  9.13588e-02
 Reference value :  9.13627e-02
 Reference value :  9.13652e-02
 Reference value :  9.13685e-02
 Reference value :  9.13710e-02
 Reference value :  9.13735e-02
 Reference value :  9.13775e-02
 Reference value :  9.13803e-02
 Reference value :  9.13832e-02
 Reference value :  9.13858e-02
 Reference value :  9.13897e-02
 Reference value :  9.13921e-02
 Reference value :  9.13954e-02
 Reference value :  9.13979e-02
 Reference value :  9.14019e-02
 Reference value :  9.14044e-02
 Reference value :  9.14076e-02
 Reference value :  9.14114e-02
 Reference value :  9.14142e-02
 Reference value :  9.14174e-02
 Reference value :  9.14214e-02
 Reference value :  9.14240e-02
 Reference value :  9.14271e-02
 Reference value :  9.14296e-02
 Reference value :  9.14336e-02
 Reference value :  9.14360e-02
 Reference value :  9.14394e-02
 Reference value :  9.14418e-02
 Reference value :  9.14443e-02
 Reference value :  9.14467e-02
 Reference value :  9.14492e-02
 Reference value :  9.14516e-02
 Reference value :  9.14555e-02
 Reference value :  9.14589e-02
 Reference value :  9.14614e-02
 Reference value :  9.14639e-02
 Reference value :  9.14678e-02
 Reference value :  9.14704e-02
 Reference value :  9.14736e-02
 Reference value :  9.14762e-02
 Reference value :  9.14801e-02
 Reference value :  9.14825e-02
 Reference value :  9.14859e-02
 Reference value :  9.14898e-02
 Reference value :  9.14931e-02
 Reference value :  9.14956e-02
 Reference value :  9.14996e-02
 Reference value :  9.15021e-02
 Reference value :  9.15054e-02
 Reference value :  9.15078e-02
 Reference value :  9.15103e-02
 Reference value :  9.15128e-02
 Reference value :  9.15166e-02
 Reference value :  9.15192e-02
 Reference value :  9.15225e-02
 Reference value :  9.15250e-02
 Reference value :  9.15274e-02
 Reference value :  9.15314e-02
 Reference value :  9.15346e-02
 Reference value :  9.15373e-02
 Reference value :  9.15397e-02
 Reference value :  9.15422e-02
 Reference value :  9.15461e-02
 Reference value :  9.15486e-02
 Reference value :  9.15513e-02
 Reference value :  9.15544e-02
 Reference value :  9.15584e-02
 Reference value :  9.15617e-02
 Reference value :  9.15642e-02
 Reference value :  9.15680e-02
 Reference value :  9.15707e-02
 Reference value :  9.15732e-02
 Reference value :  9.15764e-02
 Reference value :  9.15789e-02
 Reference value :  9.15813e-02
 Reference value :  9.15853e-02
 Reference value :  9.15878e-02
 Reference value :  9.15903e-02
 Reference value :  9.15935e-02
 Reference value :  9.15959e-02
 Reference value :  9.15991e-02
 Reference value :  9.16024e-02
 Reference value :  9.16049e-02
 Reference value :  9.16082e-02
 Reference value :  9.16106e-02
 Reference value :  9.16131e-02
 Reference value :  9.16158e-02
 Reference value :  9.16195e-02
 Reference value :  9.16220e-02
 Reference value :  9.16253e-02
 Reference value :  9.16279e-02
 Reference value :  9.16318e-02
 Reference value :  9.16343e-02
 Reference value :  9.16375e-02
 Reference value :  9.16400e-02
 Reference value :  9.16425e-02
 Reference value :  9.16465e-02
 Reference value :  9.16489e-02
 Reference value :  9.16522e-02
 Reference value :  9.16547e-02
 Reference value :  9.16571e-02
 Reference value :  9.16611e-02
 Reference value :  9.16636e-02
 Reference value :  9.16669e-02
 Reference value :  9.16694e-02
 Reference value :  9.16718e-02
 Reference value :  9.16758e-02
 Reference value :  9.16783e-02
 Reference value :  9.16807e-02
 Reference value :  9.16840e-02
 Reference value :  9.16865e-02
 Reference value :  9.16904e-02
 Reference value :  9.16929e-02
 Reference value :  9.16954e-02
 Reference value :  9.16986e-02
 Reference value :  9.17010e-02
 Reference value :  9.17037e-02
 Reference value :  9.17076e-02
 Reference value :  9.17108e-02
 Reference value :  9.17133e-02
 Reference value :  9.17172e-02
 Reference value :  9.17197e-02
 Reference value :  9.17231e-02
 Reference value :  9.17255e-02
 Reference value :  9.17295e-02
 Reference value :  9.17320e-02
 Reference value :  9.17353e-02
 Reference value :  9.17378e-02
 Reference value :  9.17417e-02
 Reference value :  9.17442e-02
 Reference value :  9.17475e-02
 Reference value :  9.17499e-02
 Reference value :  9.17539e-02
 Reference value :  9.17564e-02
 Reference value :  9.17589e-02
 Reference value :  9.17619e-02
 Reference value :  9.17646e-02
 Reference value :  9.17671e-02
 Reference value :  9.17696e-02
 Reference value :  9.17736e-02
 Reference value :  9.17761e-02
 Reference value :  9.17793e-02
 Reference value :  9.17817e-02
 Reference value :  9.17842e-02
 Reference value :  9.17881e-02
 Reference value :  9.17906e-02
 Reference value :  9.17933e-02
 Reference value :  9.17964e-02
 Reference value :  9.17988e-02
 Reference value :  9.18013e-02
 Reference value :  9.18038e-02
 Reference value :  9.18077e-02
 Reference value :  9.18102e-02
 Reference value :  9.18134e-02
 Reference value :  9.18159e-02
 Reference value :  9.18184e-02
 Reference value :  9.18208e-02
 Reference value :  9.18247e-02
 Reference value :  9.18272e-02
 Reference value :  9.18303e-02
 Reference value :  9.18330e-02
 Reference value :  9.18355e-02
 Reference value :  9.18379e-02
 Reference value :  9.18403e-02
 Reference value :  9.18444e-02
 Reference value :  9.18468e-02
 Reference value :  9.18501e-02
 Reference value :  9.18526e-02
 Reference value :  9.18550e-02
 Reference value :  9.18579e-02
 Reference value :  9.18614e-02
 Reference value :  9.18644e-02
 Reference value :  9.18672e-02
 Reference value :  9.18697e-02
 Reference value :  9.18737e-02
 Reference value :  9.18762e-02
 Reference value :  9.18795e-02
 Reference value :  9.18820e-02
 Reference value :  9.18844e-02
 Reference value :  9.18884e-02
 Reference value :  9.18916e-02
 Reference value :  9.18942e-02
 Reference value :  9.18982e-02
 Reference value :  9.19014e-02
 Reference value :  9.19040e-02
 Reference value :  9.19064e-02
 Reference value :  9.19090e-02
 Reference value :  9.19129e-02
 Reference value :  9.19154e-02
 Reference value :  9.19179e-02
 Reference value :  9.19211e-02
 Reference value :  9.19236e-02
 Reference value :  9.19276e-02
 Reference value :  9.19300e-02
 Reference value :  9.19333e-02
 Reference value :  9.19359e-02
 Reference value :  9.19397e-02
 Reference value :  9.19423e-02
 Reference value :  9.19456e-02
 Reference value :  9.19496e-02
 Reference value :  9.19521e-02
 Reference value :  9.19554e-02
 Reference value :  9.19579e-02
 Reference value :  9.19618e-02
 Reference value :  9.19651e-02
 Reference value :  9.19676e-02
 Reference value :  9.19701e-02
 Reference value :  9.19741e-02
 Reference value :  9.19765e-02
 Reference value :  9.19798e-02
 Reference value :  9.19822e-02
 Reference value :  9.19862e-02
 Reference value :  9.19895e-02
 Reference value :  9.19920e-02
 Reference value :  9.19960e-02
 Reference value :  9.19991e-02
 Reference value :  9.20017e-02
 Reference value :  9.20043e-02
 Reference value :  9.20082e-02
 Reference value :  9.20115e-02
 Reference value :  9.20139e-02
 Reference value :  9.20169e-02
 Reference value :  9.20204e-02
 Reference value :  9.20235e-02
 Reference value :  9.20261e-02
 Reference value :  9.20286e-02
 Reference value :  9.20310e-02
 Reference value :  9.20350e-02
 Reference value :  9.20375e-02
 Reference value :  9.20408e-02
 Reference value :  9.20432e-02
 Reference value :  9.20471e-02
 Reference value :  9.20497e-02
 Reference value :  9.20529e-02
 Reference value :  9.20554e-02
 Reference value :  9.20594e-02
 Reference value :  9.20626e-02
 Reference value :  9.20651e-02
 Reference value :  9.20677e-02
 Reference value :  9.20701e-02
 Reference value :  9.20741e-02
 Reference value :  9.20766e-02
 Reference value :  9.20798e-02
 Reference value :  9.20823e-02
 Reference value :  9.20862e-02
 Reference value :  9.20894e-02
 Reference value :  9.20920e-02
 Reference value :  9.20945e-02
 Reference value :  9.20985e-02
 Reference value :  9.21010e-02
 Reference value :  9.21042e-02
 Reference value :  9.21067e-02
 Reference value :  9.21091e-02
 Reference value :  9.21118e-02
 Reference value :  9.21156e-02
 Reference value :  9.21190e-02
 Reference value :  9.21216e-02
 Reference value :  9.21255e-02
 Reference value :  9.21288e-02
 Reference value :  9.21328e-02
 Reference value :  9.21361e-02
 Reference value :  9.21386e-02
 Reference value :  9.21410e-02
 Reference value :  9.21451e-02
 Reference value :  9.21484e-02
 Reference value :  9.21509e-02
 Reference value :  9.21548e-02
 Reference value :  9.21574e-02
 Reference value :  9.21606e-02
 Reference value :  9.21631e-02
 Reference value :  9.21656e-02
 Reference value :  9.21696e-02
 Reference value :  9.21721e-02
 Reference value :  9.21746e-02
 Reference value :  9.21778e-02
 Reference value :  9.21803e-02
 Reference value :  9.21829e-02
 Reference value :  9.21867e-02
 Reference value :  9.21892e-02
 Reference value :  9.21925e-02
 Reference value :  9.21950e-02
 Reference value :  9.21990e-02
 Reference value :  9.22022e-02
 Reference value :  9.22048e-02
 Reference value :  9.22073e-02
 Reference value :  9.22113e-02
 Reference value :  9.22146e-02
 Reference value :  9.22171e-02
 Reference value :  9.22211e-02
 Reference value :  9.22235e-02
 Reference value :  9.22268e-02
 Reference value :  9.22293e-02
 Reference value :  9.22333e-02
 Reference value :  9.22366e-02
 Reference value :  9.22391e-02
 Reference value :  9.22431e-02
 Reference value :  9.22456e-02
 Reference value :  9.22488e-02
 Reference value :  9.22529e-02
 Reference value :  9.22554e-02
 Reference value :  9.22586e-02
 Reference value :  9.22614e-02
 Reference value :  9.22651e-02
 Reference value :  9.22676e-02
 Reference value :  9.22708e-02
 Reference value :  9.22749e-02
 Reference value :  9.22776e-02
 Reference value :  9.22807e-02
 Reference value :  9.22847e-02
 Reference value :  9.22872e-02
 Reference value :  9.22902e-02
 Reference value :  9.22929e-02
 Reference value :  9.22969e-02
 Reference value :  9.22994e-02
 Reference value :  9.23027e-02
 Reference value :  9.23051e-02
 Reference value :  9.23076e-02
 Reference value :  9.23117e-02
 Reference value :  9.23148e-02
 Reference value :  9.23174e-02
 Reference value :  9.23199e-02
 Reference value :  9.23239e-02
 Reference value :  9.23264e-02
 Reference value :  9.23297e-02
 Reference value :  9.23338e-02
 Reference value :  9.23370e-02
 Reference value :  9.23395e-02
 Reference value :  9.23421e-02
 Reference value :  9.23460e-02
 Reference value :  9.23493e-02
 Reference value :  9.23517e-02
 Reference value :  9.23542e-02
 Reference value :  9.23582e-02
 Reference value :  9.23615e-02
 Reference value :  9.23640e-02
 Reference value :  9.23680e-02
 Reference value :  9.23712e-02
 Reference value :  9.23738e-02
 Reference value :  9.23777e-02
 Reference value :  9.23810e-02
 Reference value :  9.23835e-02
 Reference value :  9.23861e-02
 Reference value :  9.23900e-02
 Reference value :  9.23932e-02
 Reference value :  9.23957e-02
 Reference value :  9.23997e-02
 Reference value :  9.24029e-02
 Reference value :  9.24055e-02
 Reference value :  9.24095e-02
 Reference value :  9.24128e-02
 Reference value :  9.24152e-02
 Reference value :  9.24193e-02
 Reference value :  9.24226e-02
 Reference value :  9.24251e-02
 Reference value :  9.24290e-02
 Reference value :  9.24323e-02
 Reference value :  9.24348e-02
 Reference value :  9.24373e-02
 Reference value :  9.24413e-02
 Reference value :  9.24446e-02
 Reference value :  9.24486e-02
 Reference value :  9.24511e-02
 Reference value :  9.24543e-02
 Reference value :  9.24568e-02
 Reference value :  9.24607e-02
 Reference value :  9.24638e-02
 Reference value :  9.24666e-02
 Reference value :  9.24705e-02
 Reference value :  9.24731e-02
 Reference value :  9.24764e-02
 Reference value :  9.24789e-02
 Reference value :  9.24830e-02
 Reference value :  9.24862e-02
 Reference value :  9.24887e-02
 Reference value :  9.24926e-02
 Reference value :  9.24959e-02
 Reference value :  9.24983e-02
 Reference value :  9.25024e-02
 Reference value :  9.25049e-02
 Reference value :  9.25081e-02
 Reference value :  9.25108e-02
 Reference value :  9.25146e-02
 Reference value :  9.25171e-02
 Reference value :  9.25203e-02
 Reference value :  9.25228e-02
 Reference value :  9.25268e-02
 Reference value :  9.25299e-02
 Reference value :  9.25325e-02
 Reference value :  9.25352e-02
 Reference value :  9.25390e-02
 Reference value :  9.25422e-02
 Reference value :  9.25463e-02
 Reference value :  9.25488e-02
 Reference value :  9.25520e-02
 Reference value :  9.25545e-02
 Reference value :  9.25586e-02
 Reference value :  9.25616e-02
 Reference value :  9.25643e-02
 Reference value :  9.25667e-02
 Reference value :  9.25708e-02
 Reference value :  9.25740e-02
 Reference value :  9.25765e-02
 Reference value :  9.25790e-02
 Reference value :  9.25830e-02
 Reference value :  9.25855e-02
 Reference value :  9.25887e-02
 Reference value :  9.25913e-02
 Reference value :  9.25953e-02
 Reference value :  9.25985e-02
 Reference value :  9.26010e-02
 Reference value :  9.26050e-02
 Reference value :  9.26075e-02
 Reference value :  9.26107e-02
 Reference value :  9.26132e-02
 Reference value :  9.26157e-02
 Reference value :  9.26197e-02
 Reference value :  9.26230e-02
 Reference value :  9.26254e-02
 Reference value :  9.26294e-02
 Reference value :  9.26319e-02
 Reference value :  9.26352e-02
 Reference value :  9.26382e-02
 Reference value :  9.26416e-02
 Reference value :  9.26449e-02
 Reference value :  9.26474e-02
 Reference value :  9.26515e-02
 Reference value :  9.26546e-02
 Reference value :  9.26571e-02
 Reference value :  9.26597e-02
 Reference value :  9.26637e-02
 Reference value :  9.26669e-02
 Reference value :  9.26694e-02
 Reference value :  9.26735e-02
 Reference value :  9.26759e-02
 Reference value :  9.26792e-02
 Reference value :  9.26817e-02
 Reference value :  9.26857e-02
 Reference value :  9.26890e-02
 Reference value :  9.26915e-02
 Reference value :  9.26955e-02
 Reference value :  9.26987e-02
 Reference value :  9.27012e-02
 Reference value :  9.27052e-02
 Reference value :  9.27076e-02
 Reference value :  9.27109e-02
 Reference value :  9.27134e-02
 Reference value :  9.27174e-02
 Reference value :  9.27205e-02
 Reference value :  9.27231e-02
 Reference value :  9.27272e-02
 Reference value :  9.27304e-02
 Reference value :  9.27328e-02
 Reference value :  9.27367e-02
 Reference value :  9.27399e-02
 Reference value :  9.27426e-02
 Reference value :  9.27451e-02
 Reference value :  9.27490e-02
 Reference value :  9.27523e-02
 Reference value :  9.27547e-02
 Reference value :  9.27587e-02
 Reference value :  9.27621e-02
 Reference value :  9.27645e-02
 Reference value :  9.27686e-02
 Reference value :  9.27718e-02
 Reference value :  9.27758e-02
 Reference value :  9.27791e-02
 Reference value :  9.27816e-02
 Reference value :  9.27856e-02
 Reference value :  9.27888e-02
 Reference value :  9.27913e-02
 Reference value :  9.27953e-02
 Reference value :  9.27978e-02
 Reference value :  9.28010e-02
 Reference value :  9.28035e-02
 Reference value :  9.28060e-02
 Reference value :  9.28101e-02
 Reference value :  9.28131e-02
 Reference value :  9.28157e-02
 Reference value :  9.28182e-02
 Reference value :  9.28223e-02
 Reference value :  9.28247e-02
 Reference value :  9.28280e-02
 Reference value :  9.28304e-02
 Reference value :  9.28344e-02
 Reference value :  9.28376e-02
 Reference value :  9.28402e-02
 Reference value :  9.28427e-02
 Reference value :  9.28468e-02
 Reference value :  9.28498e-02
 Reference value :  9.28525e-02
 Reference value :  9.28549e-02
 Reference value :  9.28590e-02
 Reference value :  9.28622e-02
 Reference value :  9.28647e-02
 Reference value :  9.28688e-02
 Reference value :  9.28712e-02
 Reference value :  9.28744e-02
 Reference value :  9.28770e-02
 Reference value :  9.28810e-02
 Reference value :  9.28842e-02
 Reference value :  9.28867e-02
 Reference value :  9.28908e-02
 Reference value :  9.28940e-02
 Reference value :  9.28965e-02
 Reference value :  9.29006e-02
 Reference value :  9.29030e-02
 Reference value :  9.29062e-02
 Reference value :  9.29088e-02
 Reference value :  9.29128e-02
 Reference value :  9.29160e-02
 Reference value :  9.29185e-02
 Reference value :  9.29225e-02
 Reference value :  9.29250e-02
 Reference value :  9.29283e-02
 Reference value :  9.29309e-02
 Reference value :  9.29347e-02
 Reference value :  9.29380e-02
 Reference value :  9.29405e-02
 Reference value :  9.29446e-02
 Reference value :  9.29471e-02
 Reference value :  9.29502e-02
 Reference value :  9.29528e-02
 Reference value :  9.29552e-02
 Reference value :  9.29577e-02
 Reference value :  9.29618e-02
 Reference value :  9.29642e-02
 Reference value :  9.29675e-02
 Reference value :  9.29716e-02
 Reference value :  9.29741e-02
 Reference value :  9.29773e-02
 Reference value :  9.29797e-02
 Reference value :  9.29838e-02
 Reference value :  9.29870e-02
 Reference value :  9.29894e-02
 Reference value :  9.29935e-02
 Reference value :  9.29967e-02
 Reference value :  9.29992e-02
 Reference value :  9.30032e-02
 Reference value :  9.30058e-02
 Reference value :  9.30090e-02
 Reference value :  9.30131e-02
 Reference value :  9.30163e-02
 Reference value :  9.30188e-02
 Reference value :  9.30228e-02
 Reference value :  9.30252e-02
 Reference value :  9.30285e-02
 Reference value :  9.30310e-02
 Reference value :  9.30351e-02
 Reference value :  9.30376e-02
 Reference value :  9.30408e-02
 Reference value :  9.30442e-02
 Reference value :  9.30481e-02
 Reference value :  9.30506e-02
 Reference value :  9.30546e-02
 Reference value :  9.30579e-02
 Reference value :  9.30618e-02
 Reference value :  9.30644e-02
 Reference value :  9.30669e-02
 Reference value :  9.30701e-02
 Reference value :  9.30731e-02
 Reference value :  9.30766e-02
 Reference value :  9.30799e-02
 Reference value :  9.30823e-02
 Reference value :  9.30864e-02
 Reference value :  9.30896e-02
 Reference value :  9.30937e-02
 Reference value :  9.30962e-02
 Reference value :  9.30995e-02
 Reference value :  9.31020e-02
 Reference value :  9.31060e-02
 Reference value :  9.31092e-02
 Reference value :  9.31117e-02
 Reference value :  9.31142e-02
 Reference value :  9.31183e-02
 Reference value :  9.31215e-02
 Reference value :  9.31239e-02
 Reference value :  9.31279e-02
 Reference value :  9.31311e-02
 Reference value :  9.31337e-02
 Reference value :  9.31362e-02
 Reference value :  9.31402e-02
 Reference value :  9.31435e-02
 Reference value :  9.31460e-02
 Reference value :  9.31501e-02
 Reference value :  9.31533e-02
 Reference value :  9.31558e-02
 Reference value :  9.31582e-02
 Reference value :  9.31622e-02
 Reference value :  9.31647e-02
 Reference value :  9.31673e-02
 Reference value :  9.31704e-02
 Reference value :  9.31728e-02
 Reference value :  9.31769e-02
 Reference value :  9.31801e-02
 Reference value :  9.31826e-02
 Reference value :  9.31867e-02
 Reference value :  9.31893e-02
 Reference value :  9.31924e-02
 Reference value :  9.31949e-02
 Reference value :  9.31989e-02
 Reference value :  9.32021e-02
 Reference value :  9.32047e-02
 Reference value :  9.32086e-02
 Reference value :  9.32111e-02
 Reference value :  9.32144e-02
 Reference value :  9.32168e-02
 Reference value :  9.32209e-02
 Reference value :  9.32234e-02
 Reference value :  9.32266e-02
 Reference value :  9.32290e-02
 Reference value :  9.32331e-02
 Reference value :  9.32363e-02
 Reference value :  9.32388e-02
 Reference value :  9.32429e-02
 Reference value :  9.32461e-02
 Reference value :  9.32486e-02
 Reference value :  9.32511e-02
 Reference value :  9.32551e-02
 Reference value :  9.32583e-02
 Reference value :  9.32608e-02
 Reference value :  9.32649e-02
 Reference value :  9.32675e-02
 Reference value :  9.32706e-02
 Reference value :  9.32731e-02
 Reference value :  9.32772e-02
 Reference value :  9.32803e-02
 Reference value :  9.32829e-02
 Reference value :  9.32854e-02
 Reference value :  9.32895e-02
 Reference value :  9.32927e-02
 Reference value :  9.32968e-02
 Reference value :  9.32992e-02
 Reference value :  9.33025e-02
 Reference value :  9.33049e-02
 Reference value :  9.33090e-02
 Reference value :  9.33122e-02
 Reference value :  9.33147e-02
 Reference value :  9.33187e-02
 Reference value :  9.33213e-02
 Reference value :  9.33245e-02
 Reference value :  9.33270e-02
 Reference value :  9.33310e-02
 Reference value :  9.33342e-02
 Reference value :  9.33367e-02
 Reference value :  9.33393e-02
 Reference value :  9.33433e-02
 Reference value :  9.33465e-02
 Reference value :  9.33490e-02
 Reference value :  9.33530e-02
 Reference value :  9.33563e-02
 Reference value :  9.33588e-02
 Reference value :  9.33627e-02
 Reference value :  9.33653e-02
 Reference value :  9.33685e-02
 Reference value :  9.33717e-02
 Reference value :  9.33751e-02
 Reference value :  9.33783e-02
 Reference value :  9.33807e-02
 Reference value :  9.33832e-02
 Reference value :  9.33857e-02
 Reference value :  9.33898e-02
 Reference value :  9.33922e-02
 Reference value :  9.33954e-02
 Reference value :  9.33978e-02
 Reference value :  9.34003e-02
 Reference value :  9.34044e-02
 Reference value :  9.34076e-02
 Reference value :  9.34101e-02
 Reference value :  9.34141e-02
 Reference value :  9.34166e-02
 Reference value :  9.34198e-02
 Reference value :  9.34239e-02
 Reference value :  9.34264e-02
 Reference value :  9.34296e-02
 Reference value :  9.34321e-02
 Reference value :  9.34360e-02
 Reference value :  9.34386e-02
 Reference value :  9.34419e-02
 Reference value :  9.34448e-02
 Reference value :  9.34484e-02
 Reference value :  9.34510e-02
 Reference value :  9.34541e-02
 Reference value :  9.34566e-02
 Reference value :  9.34606e-02
 Reference value :  9.34631e-02
 Reference value :  9.34664e-02
 Reference value :  9.34688e-02
 Reference value :  9.34715e-02
 Reference value :  9.34754e-02
 Reference value :  9.34786e-02
 Reference value :  9.34811e-02
 Reference value :  9.34851e-02
 Reference value :  9.34875e-02
 Reference value :  9.34908e-02
 Reference value :  9.34934e-02
 Reference value :  9.34974e-02
 Reference value :  9.35006e-02
 Reference value :  9.35032e-02
 Reference value :  9.35072e-02
 Reference value :  9.35103e-02
 Reference value :  9.35128e-02
 Reference value :  9.35169e-02
 Reference value :  9.35194e-02
 Reference value :  9.35226e-02
 Reference value :  9.35251e-02
 Reference value :  9.35292e-02
 Reference value :  9.35323e-02
 Reference value :  9.35349e-02
 Reference value :  9.35390e-02
 Reference value :  9.35422e-02
 Reference value :  9.35446e-02
 Reference value :  9.35487e-02
 Reference value :  9.35519e-02
 Reference value :  9.35544e-02
 Reference value :  9.35585e-02
 Reference value :  9.35618e-02
 Reference value :  9.35642e-02
 Reference value :  9.35683e-02
 Reference value :  9.35708e-02
 Reference value :  9.35740e-02
 Reference value :  9.35767e-02
 Reference value :  9.35812e-02
 Reference value :  9.35838e-02
 Reference value :  9.35879e-02
 Reference value :  9.35903e-02
 Reference value :  9.35934e-02
 Reference value :  9.35960e-02
 Reference value :  9.36000e-02
 Reference value :  9.36032e-02
 Reference value :  9.36057e-02
 Reference value :  9.36098e-02
 Reference value :  9.36123e-02
 Reference value :  9.36155e-02
 Reference value :  9.36196e-02
 Reference value :  9.36221e-02
 Reference value :  9.36253e-02
 Reference value :  9.36278e-02
 Reference value :  9.36319e-02
 Reference value :  9.36351e-02
 Reference value :  9.36377e-02
 Reference value :  9.36417e-02
 Reference value :  9.36449e-02
 Reference value :  9.36474e-02
 Reference value :  9.36515e-02
 Reference value :  9.36547e-02
 Reference value :  9.36572e-02
 Reference value :  9.36613e-02
 Reference value :  9.36637e-02
 Reference value :  9.36669e-02
 Reference value :  9.36710e-02
 Reference value :  9.36736e-02
 Reference value :  9.36767e-02
 Reference value :  9.36792e-02
 Reference value :  9.36832e-02
 Reference value :  9.36864e-02
 Reference value :  9.36889e-02
 Reference value :  9.36914e-02
 Reference value :  9.36955e-02
 Reference value :  9.36987e-02
 Reference value :  9.37011e-02
 Reference value :  9.37052e-02
 Reference value :  9.37079e-02
 Reference value :  9.37109e-02
 Reference value :  9.37134e-02
 Reference value :  9.37175e-02
 Reference value :  9.37207e-02
 Reference value :  9.37232e-02
 Reference value :  9.37273e-02
 Reference value :  9.37305e-02
 Reference value :  9.37330e-02
 Reference value :  9.37370e-02
 Reference value :  9.37400e-02
 Reference value :  9.37427e-02
 Reference value :  9.37452e-02
 Reference value :  9.37493e-02
 Reference value :  9.37525e-02
 Reference value :  9.37550e-02
 Reference value :  9.37590e-02
 Reference value :  9.37622e-02
 Reference value :  9.37648e-02
 Reference value :  9.37689e-02
 Reference value :  9.37721e-02
 Reference value :  9.37746e-02
 Reference value :  9.37786e-02
 Reference value :  9.37819e-02
 Reference value :  9.37843e-02
 Reference value :  9.37884e-02
 Reference value :  9.37910e-02
 Reference value :  9.37941e-02
 Reference value :  9.37966e-02
 Reference value :  9.38008e-02
 Reference value :  9.38032e-02
 Reference value :  9.38064e-02
 Reference value :  9.38089e-02
 Reference value :  9.38130e-02
 Reference value :  9.38160e-02
 Reference value :  9.38186e-02
 Reference value :  9.38228e-02
 Reference value :  9.38258e-02
 Reference value :  9.38284e-02
 Reference value :  9.38325e-02
 Reference value :  9.38357e-02
 Reference value :  9.38382e-02
 Reference value :  9.38423e-02
 Reference value :  9.38455e-02
 Reference value :  9.38496e-02
 Reference value :  9.38527e-02
 Reference value :  9.38553e-02
 Reference value :  9.38578e-02
 Reference value :  9.38619e-02
 Reference value :  9.38650e-02
 Reference value :  9.38691e-02
 Reference value :  9.38716e-02
 Reference value :  9.38748e-02
 Reference value :  9.38789e-02
 Reference value :  9.38814e-02
 Reference value :  9.38846e-02
 Reference value :  9.38870e-02
 Reference value :  9.38911e-02
 Reference value :  9.38943e-02
 Reference value :  9.38968e-02
 Reference value :  9.39008e-02
 Reference value :  9.39037e-02
 Reference value :  9.39065e-02
 Reference value :  9.39106e-02
 Reference value :  9.39138e-02
 Reference value :  9.39164e-02
 Reference value :  9.39188e-02
 Reference value :  9.39229e-02
 Reference value :  9.39254e-02
 Reference value :  9.39286e-02
 Reference value :  9.39311e-02
 Reference value :  9.39352e-02
 Reference value :  9.39383e-02
 Reference value :  9.39408e-02
 Reference value :  9.39449e-02
 Reference value :  9.39474e-02
 Reference value :  9.39502e-02
 Reference value :  9.39531e-02
 Reference value :  9.39555e-02
 Reference value :  9.39597e-02
 Reference value :  9.39628e-02
 Reference value :  9.39653e-02
 Reference value :  9.39682e-02
 Reference value :  9.39719e-02
 Reference value :  9.39745e-02
 Reference value :  9.39775e-02
 Reference value :  9.39800e-02
 Reference value :  9.39825e-02
 Reference value :  9.39866e-02
 Reference value :  9.39897e-02
 Reference value :  9.39922e-02
 Reference value :  9.39963e-02
 Reference value :  9.39988e-02
 Reference value :  9.40020e-02
 Reference value :  9.40044e-02
 Reference value :  9.40086e-02
 Reference value :  9.40118e-02
 Reference value :  9.40142e-02
 Reference value :  9.40183e-02
 Reference value :  9.40215e-02
 Reference value :  9.40240e-02
 Reference value :  9.40281e-02
 Reference value :  9.40307e-02
 Reference value :  9.40338e-02
 Reference value :  9.40379e-02
 Reference value :  9.40411e-02
 Reference value :  9.40436e-02
 Reference value :  9.40460e-02
 Reference value :  9.40500e-02
 Reference value :  9.40526e-02
 Reference value :  9.40558e-02
 Reference value :  9.40583e-02
 Reference value :  9.40624e-02
 Reference value :  9.40655e-02
 Reference value :  9.40680e-02
 Reference value :  9.40705e-02
 Reference value :  9.40746e-02
 Reference value :  9.40777e-02
 Reference value :  9.40803e-02
 Reference value :  9.40844e-02
 Reference value :  9.40876e-02
 Reference value :  9.40901e-02
 Reference value :  9.40941e-02
 Reference value :  9.40968e-02
 Reference value :  9.40999e-02
 Reference value :  9.41024e-02
 Reference value :  9.41065e-02
 Reference value :  9.41096e-02
 Reference value :  9.41121e-02
 Reference value :  9.41155e-02
 Reference value :  9.41186e-02
 Reference value :  9.41217e-02
 Reference value :  9.41243e-02
 Reference value :  9.41283e-02
 Reference value :  9.41308e-02
 Reference value :  9.41340e-02
 Reference value :  9.41365e-02
 Reference value :  9.41406e-02
 Reference value :  9.41430e-02
 Reference value :  9.41462e-02
 Reference value :  9.41502e-02
 Reference value :  9.41528e-02
 Reference value :  9.41560e-02
 Reference value :  9.41585e-02
 Reference value :  9.41610e-02
 Reference value :  9.41651e-02
 Reference value :  9.41683e-02
 Reference value :  9.41708e-02
 Reference value :  9.41747e-02
 Reference value :  9.41773e-02
 Reference value :  9.41805e-02
 Reference value :  9.41830e-02
 Reference value :  9.41871e-02
 Reference value :  9.41903e-02
 Reference value :  9.41928e-02
 Reference value :  9.41967e-02
 Reference value :  9.41993e-02
 Reference value :  9.42026e-02
 Reference value :  9.42052e-02
 Reference value :  9.42091e-02
 Reference value :  9.42123e-02
 Reference value :  9.42149e-02
 Reference value :  9.42189e-02
 Reference value :  9.42221e-02
 Reference value :  9.42245e-02
 Reference value :  9.42273e-02
 Reference value :  9.42311e-02
 Reference value :  9.42343e-02
 Reference value :  9.42369e-02
 Reference value :  9.42408e-02
 Reference value :  9.42441e-02
 Reference value :  9.42465e-02
 Reference value :  9.42506e-02
 Reference value :  9.42531e-02
 Reference value :  9.42563e-02
 Reference value :  9.42603e-02
 Reference value :  9.42628e-02
 Reference value :  9.42660e-02
 Reference value :  9.42686e-02
 Reference value :  9.42726e-02
 Reference value :  9.42758e-02
 Reference value :  9.42798e-02
 Reference value :  9.42824e-02
 Reference value :  9.42856e-02
 Reference value :  9.42881e-02
 Reference value :  9.42906e-02
 Reference value :  9.42947e-02
 Reference value :  9.42979e-02
 Reference value :  9.43004e-02
 Reference value :  9.43029e-02
 Reference value :  9.43070e-02
 Reference value :  9.43101e-02
 Reference value :  9.43127e-02
 Reference value :  9.43154e-02
 Reference value :  9.43192e-02
 Reference value :  9.43224e-02
 Reference value :  9.43250e-02
 Reference value :  9.43289e-02
 Reference value :  9.43321e-02
 Reference value :  9.43346e-02
 Reference value :  9.43371e-02
 Reference value :  9.43411e-02
 Reference value :  9.43443e-02
 Reference value :  9.43468e-02
 Reference value :  9.43493e-02
 Reference value :  9.43534e-02
 Reference value :  9.43566e-02
 Reference value :  9.43591e-02
 Reference value :  9.43624e-02
 Reference value :  9.43656e-02
 Reference value :  9.43687e-02
 Reference value :  9.43713e-02
 Reference value :  9.43739e-02
 Reference value :  9.43778e-02
 Reference value :  9.43809e-02
 Reference value :  9.43834e-02
 Reference value :  9.43859e-02
 Reference value :  9.43900e-02
 Reference value :  9.43925e-02
 Reference value :  9.43957e-02
 Reference value :  9.43982e-02
 Reference value :  9.44007e-02
 Reference value :  9.44047e-02
 Reference value :  9.44079e-02
 Reference value :  9.44104e-02
 Reference value :  9.44144e-02
 Reference value :  9.44170e-02
 Reference value :  9.44202e-02
 Reference value :  9.44226e-02
 Reference value :  9.44267e-02
 Reference value :  9.44292e-02
 Reference value :  9.44323e-02
 Reference value :  9.44348e-02
 Reference value :  9.44389e-02
 Reference value :  9.44413e-02
 Reference value :  9.44445e-02
 Reference value :  9.44470e-02
 Reference value :  9.44511e-02
 Reference value :  9.44543e-02
 Reference value :  9.44568e-02
 Reference value :  9.44609e-02
 Reference value :  9.44634e-02
 Reference value :  9.44666e-02
 Reference value :  9.44691e-02
 Reference value :  9.44731e-02
 Reference value :  9.44762e-02
 Reference value :  9.44788e-02
 Reference value :  9.44829e-02
 Reference value :  9.44853e-02
 Reference value :  9.44885e-02
 Reference value :  9.44910e-02
 Reference value :  9.44950e-02
 Reference value :  9.44982e-02
 Reference value :  9.45007e-02
 Reference value :  9.45032e-02
 Reference value :  9.45072e-02
 Reference value :  9.45097e-02
 Reference value :  9.45129e-02
 Reference value :  9.45154e-02
 Reference value :  9.45195e-02
 Reference value :  9.45227e-02
 Reference value :  9.45251e-02
 Reference value :  9.45292e-02
 Reference value :  9.45319e-02
 Reference value :  9.45349e-02
 Reference value :  9.45387e-02
 Reference value :  9.45414e-02
 Reference value :  9.45439e-02
 Reference value :  9.45471e-02
 Reference value :  9.45497e-02
 Reference value :  9.45536e-02
 Reference value :  9.45569e-02
 Reference value :  9.45603e-02
 Reference value :  9.45634e-02
 Reference value :  9.45666e-02
 Reference value :  9.45706e-02
 Reference value :  9.45731e-02
 Reference value :  9.45764e-02
 Reference value :  9.45790e-02
 Reference value :  9.45829e-02
 Reference value :  9.45862e-02
 Reference value :  9.45886e-02
 Reference value :  9.45926e-02
 Reference value :  9.45953e-02
 Reference value :  9.45984e-02
 Reference value :  9.46009e-02
 Reference value :  9.46049e-02
 Reference value :  9.46082e-02
 Reference value :  9.46107e-02
 Reference value :  9.46147e-02
 Reference value :  9.46179e-02
 Reference value :  9.46205e-02
 Reference value :  9.46231e-02
 Reference value :  9.46270e-02
 Reference value :  9.46303e-02
 Reference value :  9.46329e-02
 Reference value :  9.46370e-02
 Reference value :  9.46401e-02
 Reference value :  9.46441e-02
 Reference value :  9.46474e-02
 Reference value :  9.46499e-02
 Reference value :  9.46539e-02
 Reference value :  9.46572e-02
 Reference value :  9.46604e-02
 Reference value :  9.46637e-02
 Reference value :  9.46664e-02
 Reference value :  9.46695e-02
 Reference value :  9.46719e-02
 Reference value :  9.46759e-02
 Reference value :  9.46792e-02
 Reference value :  9.46817e-02
 Reference value :  9.46857e-02
 Reference value :  9.46882e-02
 Reference value :  9.46915e-02
 Reference value :  9.46939e-02
 Reference value :  9.46980e-02
 Reference value :  9.47011e-02
 Reference value :  9.47037e-02
 Reference value :  9.47061e-02
 Reference value :  9.47101e-02
 Reference value :  9.47126e-02
 Reference value :  9.47159e-02
 Reference value :  9.47183e-02
 Reference value :  9.47208e-02
 Reference value :  9.47249e-02
 Reference value :  9.47282e-02
 Reference value :  9.47306e-02
 Reference value :  9.47346e-02
 Reference value :  9.47379e-02
 Reference value :  9.47405e-02
 Reference value :  9.47444e-02
 Reference value :  9.47476e-02
 Reference value :  9.47501e-02
 Reference value :  9.47541e-02
 Reference value :  9.47568e-02
 Reference value :  9.47598e-02
 Reference value :  9.47623e-02
 Reference value :  9.47663e-02
 Reference value :  9.47696e-02
 Reference value :  9.47721e-02
 Reference value :  9.47761e-02
 Reference value :  9.47794e-02
 Reference value :  9.47821e-02
 Reference value :  9.47859e-02
 Reference value :  9.47892e-02
 Reference value :  9.47917e-02
 Reference value :  9.47945e-02
 Reference value :  9.47981e-02
 Reference value :  9.48006e-02
 Reference value :  9.48039e-02
 Reference value :  9.48066e-02
 Reference value :  9.48104e-02
 Reference value :  9.48137e-02
 Reference value :  9.48161e-02
 Reference value :  9.48201e-02
 Reference value :  9.48226e-02
 Reference value :  9.48259e-02
 Reference value :  9.48283e-02
 Reference value :  9.48323e-02
 Reference value :  9.48356e-02
 Reference value :  9.48381e-02
 Reference value :  9.48406e-02
 Reference value :  9.48446e-02
 Reference value :  9.48470e-02
 Reference value :  9.48503e-02
 Reference value :  9.48528e-02
 Reference value :  9.48568e-02
 Reference value :  9.48601e-02
 Reference value :  9.48625e-02
 Reference value :  9.48665e-02
 Reference value :  9.48689e-02
 Reference value :  9.48723e-02
 Reference value :  9.48762e-02
 Reference value :  9.48787e-02
 Reference value :  9.48820e-02
 Reference value :  9.48845e-02
 Reference value :  9.48870e-02
 Reference value :  9.48910e-02
 Reference value :  9.48943e-02
 Reference value :  9.48980e-02
 Reference value :  9.49007e-02
 Reference value :  9.49040e-02
 Reference value :  9.49065e-02
 Reference value :  9.49089e-02
 Reference value :  9.49114e-02
 Reference value :  9.49153e-02
 Reference value :  9.49186e-02
 Reference value :  9.49210e-02
 Reference value :  9.49236e-02
 Reference value :  9.49275e-02
 Reference value :  9.49299e-02
 Reference value :  9.49324e-02
 Reference value :  9.49358e-02
 Reference value :  9.49382e-02
 Reference value :  9.49421e-02
 Reference value :  9.49446e-02
 Reference value :  9.49479e-02
 Reference value :  9.49507e-02
 Reference value :  9.49544e-02
 Reference value :  9.49577e-02
 Reference value :  9.49602e-02
 Reference value :  9.49626e-02
 Reference value :  9.49666e-02
 Reference value :  9.49700e-02
 Reference value :  9.49725e-02
 Reference value :  9.49764e-02
 Reference value :  9.49789e-02
 Reference value :  9.49822e-02
 Reference value :  9.49861e-02
 Reference value :  9.49894e-02
 Reference value :  9.49919e-02
 Reference value :  9.49957e-02
 Reference value :  9.49983e-02
 Reference value :  9.50017e-02
 Reference value :  9.50042e-02
 Reference value :  9.50081e-02
 Reference value :  9.50115e-02
 Reference value :  9.50139e-02
 Reference value :  9.50179e-02
 Reference value :  9.50212e-02
 Reference value :  9.50252e-02
 Reference value :  9.50277e-02
 Reference value :  9.50310e-02
 Reference value :  9.50335e-02
 Reference value :  9.50374e-02
 Reference value :  9.50399e-02
 Reference value :  9.50433e-02
 Reference value :  9.50458e-02
 Reference value :  9.50497e-02
 Reference value :  9.50530e-02
 Reference value :  9.50555e-02
 Reference value :  9.50594e-02
 Reference value :  9.50627e-02
 Reference value :  9.50653e-02
 Reference value :  9.50677e-02
 Reference value :  9.50716e-02
 Reference value :  9.50749e-02
 Reference value :  9.50775e-02
 Reference value :  9.50800e-02
 Reference value :  9.50839e-02
 Reference value :  9.50872e-02
 Reference value :  9.50897e-02
 Reference value :  9.50936e-02
 Reference value :  9.50962e-02
 Reference value :  9.50994e-02
 Reference value :  9.51018e-02
 Reference value :  9.51058e-02
 Reference value :  9.51091e-02
 Reference value :  9.51116e-02
 Reference value :  9.51156e-02
 Reference value :  9.51189e-02
 Reference value :  9.51214e-02
 Reference value :  9.51243e-02
 Reference value :  9.51278e-02
 Reference value :  9.51311e-02
 Reference value :  9.51336e-02
 Reference value :  9.51375e-02
 Reference value :  9.51409e-02
 Reference value :  9.51434e-02
 Reference value :  9.51459e-02
 Reference value :  9.51496e-02
 Reference value :  9.51523e-02
 Reference value :  9.51557e-02
 Reference value :  9.51582e-02
 Reference value :  9.51621e-02
 Reference value :  9.51654e-02
 Reference value :  9.51693e-02
 Reference value :  9.51726e-02
 Reference value :  9.51752e-02
 Reference value :  9.51789e-02
 Reference value :  9.51816e-02
 Reference value :  9.51849e-02
 Reference value :  9.51874e-02
 Reference value :  9.51914e-02
 Reference value :  9.51948e-02
 Reference value :  9.51973e-02
 Reference value :  9.52012e-02
 Reference value :  9.52045e-02
 Reference value :  9.52069e-02
 Reference value :  9.52094e-02
 Reference value :  9.52133e-02
 Reference value :  9.52167e-02
 Reference value :  9.52192e-02
 Reference value :  9.52231e-02
 Reference value :  9.52256e-02
 Reference value :  9.52282e-02
 Reference value :  9.52314e-02
 Reference value :  9.52339e-02
 Reference value :  9.52377e-02
 Reference value :  9.52402e-02
 Reference value :  9.52436e-02
 Reference value :  9.52461e-02
 Reference value :  9.52486e-02
 Reference value :  9.52525e-02
 Reference value :  9.52557e-02
 Reference value :  9.52584e-02
 Reference value :  9.52623e-02
 Reference value :  9.52648e-02
 Reference value :  9.52681e-02
 Reference value :  9.52706e-02
 Reference value :  9.52745e-02
 Reference value :  9.52770e-02
 Reference value :  9.52803e-02
 Reference value :  9.52828e-02
 Reference value :  9.52852e-02
 Reference value :  9.52892e-02
 Reference value :  9.52925e-02
 Reference value :  9.52950e-02
 Reference value :  9.52975e-02
 Reference value :  9.53012e-02
 Reference value :  9.53038e-02
 Reference value :  9.53071e-02
 Reference value :  9.53096e-02
 Reference value :  9.53135e-02
 Reference value :  9.53159e-02
 Reference value :  9.53193e-02
 Reference value :  9.53218e-02
 Reference value :  9.53253e-02
 Reference value :  9.53282e-02
 Reference value :  9.53308e-02
 Reference value :  9.53340e-02
 Reference value :  9.53365e-02
 Reference value :  9.53403e-02
 Reference value :  9.53428e-02
 Reference value :  9.53453e-02
 Reference value :  9.53487e-02
 Reference value :  9.53511e-02
 Reference value :  9.53537e-02
 Reference value :  9.53575e-02
 Reference value :  9.53609e-02
 Reference value :  9.53634e-02
 Reference value :  9.53671e-02
 Reference value :  9.53697e-02
 Reference value :  9.53723e-02
 Reference value :  9.53756e-02
 Reference value :  9.53780e-02
 Reference value :  9.53806e-02
 Reference value :  9.53844e-02
 Reference value :  9.53869e-02
 Reference value :  9.53902e-02
 Reference value :  9.53927e-02
 Reference value :  9.53966e-02
 Reference value :  9.53991e-02
 Reference value :  9.54025e-02
 Reference value :  9.54051e-02
 Reference value :  9.54089e-02
 Reference value :  9.54123e-02
 Reference value :  9.54147e-02
 Reference value :  9.54186e-02
 Reference value :  9.54219e-02
 Reference value :  9.54245e-02
 Reference value :  9.54283e-02
 Reference value :  9.54308e-02
 Reference value :  9.54342e-02
 Reference value :  9.54381e-02
 Reference value :  9.54415e-02
 Reference value :  9.54439e-02
 Reference value :  9.54478e-02
 Reference value :  9.54503e-02
 Reference value :  9.54537e-02
 Reference value :  9.54576e-02
 Reference value :  9.54609e-02
 Reference value :  9.54636e-02
 Reference value :  9.54674e-02
 Reference value :  9.54706e-02
 Reference value :  9.54733e-02
 Reference value :  9.54772e-02
 Reference value :  9.54796e-02
 Reference value :  9.54830e-02
 Reference value :  9.54869e-02
 Reference value :  9.54894e-02
 Reference value :  9.54928e-02
 Reference value :  9.54966e-02
 Reference value :  9.54991e-02
 Reference value :  9.55026e-02
 Reference value :  9.55050e-02
 Reference value :  9.55089e-02
 Reference value :  9.55114e-02
 Reference value :  9.55147e-02
 Reference value :  9.55172e-02
 Reference value :  9.55197e-02
 Reference value :  9.55235e-02
 Reference value :  9.55260e-02
 Reference value :  9.55295e-02
 Reference value :  9.55320e-02
 Reference value :  9.55357e-02
 Reference value :  9.55383e-02
 Reference value :  9.55417e-02
 Reference value :  9.55455e-02
 Reference value :  9.55480e-02
 Reference value :  9.55514e-02
 Reference value :  9.55539e-02
 Reference value :  9.55564e-02
 Reference value :  9.55588e-02
 Reference value :  9.55613e-02
 Reference value :  9.55651e-02
 Reference value :  9.55684e-02
 Reference value :  9.55710e-02
 Reference value :  9.55735e-02
 Reference value :  9.55773e-02
 Reference value :  9.55803e-02
 Reference value :  9.55833e-02
 Reference value :  9.55858e-02
 Reference value :  9.55897e-02
 Reference value :  9.55930e-02
 Reference value :  9.55955e-02
 Reference value :  9.55991e-02
 Reference value :  9.56027e-02
 Reference value :  9.56052e-02
 Reference value :  9.56077e-02
 Reference value :  9.56116e-02
 Reference value :  9.56150e-02
 Reference value :  9.56174e-02
 Reference value :  9.56213e-02
 Reference value :  9.56246e-02
 Reference value :  9.56272e-02
 Reference value :  9.56311e-02
 Reference value :  9.56344e-02
 Reference value :  9.56369e-02
 Reference value :  9.56401e-02
 Reference value :  9.56433e-02
 Reference value :  9.56467e-02
 Reference value :  9.56492e-02
 Reference value :  9.56530e-02
 Reference value :  9.56564e-02
 Reference value :  9.56602e-02
 Reference value :  9.56627e-02
 Reference value :  9.56661e-02
 Reference value :  9.56686e-02
 Reference value :  9.56724e-02
 Reference value :  9.56758e-02
 Reference value :  9.56783e-02
 Reference value :  9.56822e-02
 Reference value :  9.56857e-02
 Reference value :  9.56881e-02
 Reference value :  9.56908e-02
 Reference value :  9.56944e-02
 Reference value :  9.56979e-02
 Reference value :  9.57004e-02
 Reference value :  9.57043e-02
 Reference value :  9.57068e-02
 Reference value :  9.57102e-02
 Reference value :  9.57127e-02
 Reference value :  9.57165e-02
 Reference value :  9.57189e-02
 Reference value :  9.57224e-02
 Reference value :  9.57249e-02
 Reference value :  9.57286e-02
 Reference value :  9.57321e-02
 Reference value :  9.57346e-02
 Reference value :  9.57384e-02
 Reference value :  9.57409e-02
 Reference value :  9.57444e-02
 Reference value :  9.57468e-02
 Reference value :  9.57494e-02
 Reference value :  9.57532e-02
 Reference value :  9.57566e-02
 Reference value :  9.57590e-02
 Reference value :  9.57629e-02
 Reference value :  9.57663e-02
 Reference value :  9.57688e-02
 Reference value :  9.57714e-02
 Reference value :  9.57751e-02
 Reference value :  9.57785e-02
 Reference value :  9.57810e-02
 Reference value :  9.57848e-02
 Reference value :  9.57873e-02
 Reference value :  9.57907e-02
 Reference value :  9.57932e-02
 Reference value :  9.57970e-02
 Reference value :  9.58004e-02
 Reference value :  9.58029e-02
 Reference value :  9.58068e-02
 Reference value :  9.58093e-02
 Reference value :  9.58127e-02
 Reference value :  9.58152e-02
 Reference value :  9.58177e-02
 Reference value :  9.58215e-02
 Reference value :  9.58241e-02
 Reference value :  9.58273e-02
 Reference value :  9.58299e-02
 Reference value :  9.58337e-02
 Reference value :  9.58361e-02
 Reference value :  9.58396e-02
 Reference value :  9.58420e-02
 Reference value :  9.58458e-02
 Reference value :  9.58483e-02
 Reference value :  9.58517e-02
 Reference value :  9.58542e-02
 Reference value :  9.58581e-02
 Reference value :  9.58605e-02
 Reference value :  9.58639e-02
 Reference value :  9.58664e-02
 Reference value :  9.58689e-02
 Reference value :  9.58727e-02
 Reference value :  9.58752e-02
 Reference value :  9.58786e-02
 Reference value :  9.58811e-02
 Reference value :  9.58837e-02
 Reference value :  9.58875e-02
 Reference value :  9.58900e-02
 Reference value :  9.58934e-02
 Reference value :  9.58959e-02
 Reference value :  9.58997e-02
 Reference value :  9.59022e-02
 Reference value :  9.59056e-02
 Reference value :  9.59081e-02
 Reference value :  9.59107e-02
 Reference value :  9.59144e-02
 Reference value :  9.59179e-02
 Reference value :  9.59203e-02
 Reference value :  9.59228e-02
 Reference value :  9.59265e-02
 Reference value :  9.59291e-02
 Reference value :  9.59325e-02
 Reference value :  9.59351e-02
 Reference value :  9.59389e-02
 Reference value :  9.59424e-02
 Reference value :  9.59448e-02
 Reference value :  9.59487e-02
 Reference value :  9.59519e-02
 Reference value :  9.59546e-02
 Reference value :  9.59571e-02
 Reference value :  9.59609e-02
 Reference value :  9.59643e-02
 Reference value :  9.59667e-02
 Reference value :  9.59692e-02
 Reference value :  9.59726e-02
 Reference value :  9.59755e-02
 Reference value :  9.59790e-02
 Reference value :  9.59829e-02
 Reference value :  9.59853e-02
 Reference value :  9.59888e-02
 Reference value :  9.59913e-02
 Reference value :  9.59938e-02
 Reference value :  9.59975e-02
 Reference value :  9.60010e-02
 Reference value :  9.60035e-02
 Reference value :  9.60059e-02
 Reference value :  9.60098e-02
 Reference value :  9.60133e-02
 Reference value :  9.60157e-02
 Reference value :  9.60195e-02
 Reference value :  9.60228e-02
 Reference value :  9.60255e-02
 Reference value :  9.60293e-02
 Reference value :  9.60328e-02
 Reference value :  9.60353e-02
 Reference value :  9.60381e-02
 Reference value :  9.60416e-02
 Reference value :  9.60450e-02
 Reference value :  9.60475e-02
 Reference value :  9.60500e-02
 Reference value :  9.60538e-02
 Reference value :  9.60573e-02
 Reference value :  9.60597e-02
 Reference value :  9.60622e-02
 Reference value :  9.60660e-02
 Reference value :  9.60693e-02
 Reference value :  9.60719e-02
 Reference value :  9.60744e-02
 Reference value :  9.60781e-02
 Reference value :  9.60808e-02
 Reference value :  9.60842e-02
 Reference value :  9.60881e-02
 Reference value :  9.60915e-02
 Reference value :  9.60942e-02
 Reference value :  9.60979e-02
 Reference value :  9.61013e-02
 Reference value :  9.61038e-02
 Reference value :  9.61075e-02
 Reference value :  9.61111e-02
 Reference value :  9.61136e-02
 Reference value :  9.61182e-02
 Reference value :  9.61209e-02
 Reference value :  9.61233e-02
 Reference value :  9.61271e-02
 Reference value :  9.61297e-02
 Reference value :  9.61331e-02
 Reference value :  9.61359e-02
 Reference value :  9.61395e-02
 Reference value :  9.61429e-02
 Reference value :  9.61455e-02
 Reference value :  9.61491e-02
 Reference value :  9.61516e-02
 Reference value :  9.61551e-02
 Reference value :  9.61576e-02
 Reference value :  9.61614e-02
 Reference value :  9.61649e-02
 Reference value :  9.61674e-02
 Reference value :  9.61699e-02
 Reference value :  9.61737e-02
 Reference value :  9.61772e-02
 Reference value :  9.61810e-02
 Reference value :  9.61844e-02
 Reference value :  9.61869e-02
 Reference value :  9.61908e-02
 Reference value :  9.61942e-02
 Reference value :  9.61967e-02
 Reference value :  9.61993e-02
 Reference value :  9.62030e-02
 Reference value :  9.62064e-02
 Reference value :  9.62089e-02
 Reference value :  9.62126e-02
 Reference value :  9.62162e-02
 Reference value :  9.62186e-02
 Reference value :  9.62214e-02
 Reference value :  9.62250e-02
 Reference value :  9.62284e-02
 Reference value :  9.62309e-02
 Reference value :  9.62347e-02
 Reference value :  9.62382e-02
 Reference value :  9.62407e-02
 Reference value :  9.62434e-02
 Reference value :  9.62470e-02
 Reference value :  9.62505e-02
 Reference value :  9.62530e-02
 Reference value :  9.62568e-02
 Reference value :  9.62593e-02
 Reference value :  9.62628e-02
 Reference value :  9.62653e-02
 Reference value :  9.62691e-02
 Reference value :  9.62724e-02
 Reference value :  9.62750e-02
 Reference value :  9.62788e-02
 Reference value :  9.62823e-02
 Reference value :  9.62848e-02
 Reference value :  9.62886e-02
 Reference value :  9.62913e-02
 Reference value :  9.62947e-02
 Reference value :  9.62985e-02
 Reference value :  9.63019e-02
 Reference value :  9.63044e-02
 Reference value :  9.63082e-02
 Reference value :  9.63107e-02
 Reference value :  9.63142e-02
 Reference value :  9.63167e-02
 Reference value :  9.63204e-02
 Reference value :  9.63229e-02
 Reference value :  9.63264e-02
 Reference value :  9.63289e-02
 Reference value :  9.63328e-02
 Reference value :  9.63362e-02
 Reference value :  9.63387e-02
 Reference value :  9.63425e-02
 Reference value :  9.63459e-02
 Reference value :  9.63484e-02
 Reference value :  9.63523e-02
 Reference value :  9.63557e-02
 Reference value :  9.63582e-02
 Reference value :  9.63609e-02
 Reference value :  9.63644e-02
 Reference value :  9.63679e-02
 Reference value :  9.63718e-02
 Reference value :  9.63743e-02
 Reference value :  9.63778e-02
 Reference value :  9.63802e-02
 Reference value :  9.63840e-02
 Reference value :  9.63874e-02
 Reference value :  9.63899e-02
 Reference value :  9.63924e-02
 Reference value :  9.63962e-02
 Reference value :  9.63987e-02
 Reference value :  9.64021e-02
 Reference value :  9.64046e-02
 Reference value :  9.64070e-02
 Reference value :  9.64109e-02
 Reference value :  9.64144e-02
 Reference value :  9.64182e-02
 Reference value :  9.64207e-02
 Reference value :  9.64240e-02
 Reference value :  9.64266e-02
 Reference value :  9.64290e-02
 Reference value :  9.64316e-02
 Reference value :  9.64354e-02
 Reference value :  9.64379e-02
 Reference value :  9.64413e-02
 Reference value :  9.64438e-02
 Reference value :  9.64476e-02
 Reference value :  9.64511e-02
 Reference value :  9.64536e-02
 Reference value :  9.64561e-02
 Reference value :  9.64598e-02
 Reference value :  9.64633e-02
 Reference value :  9.64658e-02
 Reference value :  9.64697e-02
 Reference value :  9.64731e-02
 Reference value :  9.64756e-02
 Reference value :  9.64781e-02
 Reference value :  9.64819e-02
 Reference value :  9.64854e-02
 Reference value :  9.64892e-02
 Reference value :  9.64918e-02
 Reference value :  9.64952e-02
 Reference value :  9.64991e-02
 Reference value :  9.65026e-02
 Reference value :  9.65052e-02
 Reference value :  9.65089e-02
 Reference value :  9.65123e-02
 Reference value :  9.65148e-02
 Reference value :  9.65186e-02
 Reference value :  9.65222e-02
 Reference value :  9.65247e-02
 Reference value :  9.65285e-02
 Reference value :  9.65320e-02
 Reference value :  9.65345e-02
 Reference value :  9.65384e-02
 Reference value :  9.65418e-02
 Reference value :  9.65443e-02
 Reference value :  9.65482e-02
 Reference value :  9.65516e-02
 Reference value :  9.65541e-02
 Reference value :  9.65579e-02
 Reference value :  9.65604e-02
 Reference value :  9.65639e-02
 Reference value :  9.65664e-02
 Reference value :  9.65702e-02
 Reference value :  9.65737e-02
 Reference value :  9.65762e-02
 Reference value :  9.65787e-02
 Reference value :  9.65825e-02
 Reference value :  9.65860e-02
 Reference value :  9.65884e-02
 Reference value :  9.65910e-02
 Reference value :  9.65947e-02
 Reference value :  9.65982e-02
 Reference value :  9.66006e-02
 Reference value :  9.66045e-02
 Reference value :  9.66080e-02
 Reference value :  9.66105e-02
 Reference value :  9.66143e-02
 Reference value :  9.66177e-02
 Reference value :  9.66203e-02
 Reference value :  9.66241e-02
 Reference value :  9.66276e-02
 Reference value :  9.66301e-02
 Reference value :  9.66325e-02
 Reference value :  9.66350e-02
 Reference value :  9.66388e-02
 Reference value :  9.66423e-02
 Reference value :  9.66448e-02
 Reference value :  9.66486e-02
 Reference value :  9.66511e-02
 Reference value :  9.66546e-02
 Reference value :  9.66570e-02
 Reference value :  9.66595e-02
 Reference value :  9.66634e-02
 Reference value :  9.66668e-02
 Reference value :  9.66705e-02
 Reference value :  9.66732e-02
 Reference value :  9.66766e-02
 Reference value :  9.66805e-02
 Reference value :  9.66831e-02
 Reference value :  9.66865e-02
 Reference value :  9.66889e-02
 Reference value :  9.66914e-02
 Reference value :  9.66952e-02
 Reference value :  9.66977e-02
 Reference value :  9.67011e-02
 Reference value :  9.67036e-02
 Reference value :  9.67074e-02
 Reference value :  9.67109e-02
 Reference value :  9.67134e-02
 Reference value :  9.67172e-02
 Reference value :  9.67197e-02
 Reference value :  9.67232e-02
 Reference value :  9.67257e-02
 Reference value :  9.67295e-02
 Reference value :  9.67329e-02
 Reference value :  9.67354e-02
 Reference value :  9.67392e-02
 Reference value :  9.67427e-02
 Reference value :  9.67452e-02
 Reference value :  9.67477e-02
 Reference value :  9.67515e-02
 Reference value :  9.67550e-02
 Reference value :  9.67575e-02
 Reference value :  9.67613e-02
 Reference value :  9.67648e-02
 Reference value :  9.67673e-02
 Reference value :  9.67711e-02
 Reference value :  9.67746e-02
 Reference value :  9.67771e-02
 Reference value :  9.67809e-02
 Reference value :  9.67844e-02
 Reference value :  9.67868e-02
 Reference value :  9.67907e-02
 Reference value :  9.67942e-02
 Reference value :  9.67980e-02
 Reference value :  9.68005e-02
 Reference value :  9.68040e-02
 Reference value :  9.68064e-02
 Reference value :  9.68102e-02
 Reference value :  9.68138e-02
 Reference value :  9.68162e-02
 Reference value :  9.68187e-02
 Reference value :  9.68225e-02
 Reference value :  9.68253e-02
 Reference value :  9.68284e-02
 Reference value :  9.68309e-02
 Reference value :  9.68336e-02
 Reference value :  9.68371e-02
 Reference value :  9.68406e-02
 Reference value :  9.68431e-02
 Reference value :  9.68469e-02
 Reference value :  9.68495e-02
 Reference value :  9.68529e-02
 Reference value :  9.68554e-02
 Reference value :  9.68592e-02
 Reference value :  9.68626e-02
 Reference value :  9.68652e-02
 Reference value :  9.68690e-02
 Reference value :  9.68724e-02
 Reference value :  9.68749e-02
 Reference value :  9.68788e-02
 Reference value :  9.68813e-02
 Reference value :  9.68847e-02
 Reference value :  9.68885e-02
 Reference value :  9.68910e-02
 Reference value :  9.68942e-02
 Reference value :  9.68969e-02
 Reference value :  9.69007e-02
 Reference value :  9.69033e-02
 Reference value :  9.69066e-02
 Reference value :  9.69105e-02
 Reference value :  9.69140e-02
 Reference value :  9.69164e-02
 Reference value :  9.69203e-02
 Reference value :  9.69238e-02
 Reference value :  9.69263e-02
 Reference value :  9.69287e-02
 Reference value :  9.69325e-02
 Reference value :  9.69360e-02
 Reference value :  9.69385e-02
 Reference value :  9.69423e-02
 Reference value :  9.69458e-02
 Reference value :  9.69496e-02
 Reference value :  9.69521e-02
 Reference value :  9.69555e-02
 Reference value :  9.69592e-02
 Reference value :  9.69618e-02
 Reference value :  9.69652e-02
 Reference value :  9.69678e-02
 Reference value :  9.69716e-02
 Reference value :  9.69740e-02
 Reference value :  9.69775e-02
 Reference value :  9.69800e-02
 Reference value :  9.69837e-02
 Reference value :  9.69863e-02
 Reference value :  9.69897e-02
 Reference value :  9.69922e-02
 Reference value :  9.69946e-02
 Reference value :  9.69984e-02
 Reference value :  9.70010e-02
 Reference value :  9.70044e-02
 Reference value :  9.70069e-02
 Reference value :  9.70107e-02
 Reference value :  9.70132e-02
 Reference value :  9.70166e-02
 Reference value :  9.70191e-02
 Reference value :  9.70215e-02
 Reference value :  9.70254e-02
 Reference value :  9.70288e-02
 Reference value :  9.70313e-02
 Reference value :  9.70351e-02
 Reference value :  9.70385e-02
 Reference value :  9.70410e-02
 Reference value :  9.70435e-02
 Reference value :  9.70460e-02
 Reference value :  9.70499e-02
 Reference value :  9.70533e-02
 Reference value :  9.70558e-02
 Reference value :  9.70597e-02
 Reference value :  9.70631e-02
 Reference value :  9.70670e-02
 Reference value :  9.70696e-02
 Reference value :  9.70729e-02
 Reference value :  9.70754e-02
 Reference value :  9.70792e-02
 Reference value :  9.70827e-02
 Reference value :  9.70851e-02
 Reference value :  9.70890e-02
 Reference value :  9.70915e-02
 Reference value :  9.70949e-02
 Reference value :  9.70987e-02
 Reference value :  9.71022e-02
 Reference value :  9.71047e-02
 Reference value :  9.71086e-02
 Reference value :  9.71120e-02
 Reference value :  9.71145e-02
 Reference value :  9.71169e-02
 Reference value :  9.71207e-02
 Reference value :  9.71242e-02
 Reference value :  9.71267e-02
 Reference value :  9.71305e-02
 Reference value :  9.71329e-02
 Reference value :  9.71363e-02
 Reference value :  9.71389e-02
 Reference value :  9.71426e-02
 Reference value :  9.71461e-02
 Reference value :  9.71488e-02
 Reference value :  9.71525e-02
 Reference value :  9.71559e-02
 Reference value :  9.71584e-02
 Reference value :  9.71623e-02
 Reference value :  9.71657e-02
 Reference value :  9.71681e-02
 Reference value :  9.71706e-02
 Reference value :  9.71744e-02
 Reference value :  9.71769e-02
 Reference value :  9.71803e-02
 Reference value :  9.71828e-02
 Reference value :  9.71866e-02
 Reference value :  9.71894e-02
 Reference value :  9.71925e-02
 Reference value :  9.71964e-02
 Reference value :  9.71989e-02
 Reference value :  9.72023e-02
 Reference value :  9.72047e-02
 Reference value :  9.72086e-02
 Reference value :  9.72111e-02
 Reference value :  9.72146e-02
 Reference value :  9.72184e-02
 Reference value :  9.72209e-02
 Reference value :  9.72243e-02
 Reference value :  9.72282e-02
 Reference value :  9.72307e-02
 Reference value :  9.72341e-02
 Reference value :  9.72367e-02
 Reference value :  9.72404e-02
 Reference value :  9.72439e-02
 Reference value :  9.72463e-02
 Reference value :  9.72502e-02
 Reference value :  9.72536e-02
 Reference value :  9.72565e-02
 Reference value :  9.72599e-02
 Reference value :  9.72634e-02
 Reference value :  9.72665e-02
 Reference value :  9.72705e-02
 Reference value :  9.72732e-02
 Reference value :  9.72770e-02
 Reference value :  9.72805e-02
 Reference value :  9.72830e-02
 Reference value :  9.72867e-02
 Reference value :  9.72902e-02
 Reference value :  9.72927e-02
 Reference value :  9.72953e-02
 Reference value :  9.72990e-02
 Reference value :  9.73025e-02
 Reference value :  9.73050e-02
 Reference value :  9.73088e-02
 Reference value :  9.73122e-02
 Reference value :  9.73147e-02
 Reference value :  9.73185e-02
 Reference value :  9.73211e-02
 Reference value :  9.73245e-02
 Reference value :  9.73270e-02
 Reference value :  9.73295e-02
 Reference value :  9.73333e-02
 Reference value :  9.73358e-02
 Reference value :  9.73392e-02
 Reference value :  9.73418e-02
 Reference value :  9.73456e-02
 Reference value :  9.73481e-02
 Reference value :  9.73515e-02
 Reference value :  9.73554e-02
 Reference value :  9.73588e-02
 Reference value :  9.73613e-02
 Reference value :  9.73652e-02
 Reference value :  9.73686e-02
 Reference value :  9.73711e-02
 Reference value :  9.73749e-02
 Reference value :  9.73783e-02
 Reference value :  9.73808e-02
 Reference value :  9.73846e-02
 Reference value :  9.73878e-02
 Reference value :  9.73905e-02
 Reference value :  9.73929e-02
 Reference value :  9.73968e-02
 Reference value :  9.73993e-02
 Reference value :  9.74027e-02
 Reference value :  9.74052e-02
 Reference value :  9.74090e-02
 Reference value :  9.74115e-02
 Reference value :  9.74150e-02
 Reference value :  9.74175e-02
 Reference value :  9.74213e-02
 Reference value :  9.74238e-02
 Reference value :  9.74272e-02
 Reference value :  9.74297e-02
 Reference value :  9.74336e-02
 Reference value :  9.74368e-02
 Reference value :  9.74394e-02
 Reference value :  9.74419e-02
 Reference value :  9.74456e-02
 Reference value :  9.74490e-02
 Reference value :  9.74517e-02
 Reference value :  9.74554e-02
 Reference value :  9.74580e-02
 Reference value :  9.74614e-02
 Reference value :  9.74639e-02
 Reference value :  9.74664e-02
 Reference value :  9.74702e-02
 Reference value :  9.74736e-02
 Reference value :  9.74761e-02
 Reference value :  9.74785e-02
 Reference value :  9.74824e-02
 Reference value :  9.74858e-02
 Reference value :  9.74883e-02
 Reference value :  9.74922e-02
 Reference value :  9.74947e-02
 Reference value :  9.74981e-02
 Reference value :  9.75006e-02
 Reference value :  9.75045e-02
 Reference value :  9.75079e-02
 Reference value :  9.75104e-02
 Reference value :  9.75142e-02
 Reference value :  9.75174e-02
 Reference value :  9.75200e-02
 Reference value :  9.75225e-02
 Reference value :  9.75263e-02
 Reference value :  9.75297e-02
 Reference value :  9.75322e-02
 Reference value :  9.75360e-02
 Reference value :  9.75387e-02
 Reference value :  9.75420e-02
 Reference value :  9.75458e-02
 Reference value :  9.75483e-02
 Reference value :  9.75517e-02
 Reference value :  9.75542e-02
 Reference value :  9.75580e-02
 Reference value :  9.75614e-02
 Reference value :  9.75640e-02
 Reference value :  9.75665e-02
 Reference value :  9.75703e-02
 Reference value :  9.75728e-02
 Reference value :  9.75763e-02
 Reference value :  9.75788e-02
 Reference value :  9.75826e-02
 Reference value :  9.75861e-02
 Reference value :  9.75886e-02
 Reference value :  9.75925e-02
 Reference value :  9.75959e-02
 Reference value :  9.75984e-02
 Reference value :  9.76022e-02
 Reference value :  9.76057e-02
 Reference value :  9.76084e-02
 Reference value :  9.76120e-02
 Reference value :  9.76145e-02
 Reference value :  9.76180e-02
 Reference value :  9.76207e-02
 Reference value :  9.76243e-02
 Reference value :  9.76277e-02
 Reference value :  9.76302e-02
 Reference value :  9.76340e-02
 Reference value :  9.76373e-02
 Reference value :  9.76399e-02
 Reference value :  9.76438e-02
 Reference value :  9.76462e-02
 Reference value :  9.76497e-02
 Reference value :  9.76522e-02
 Reference value :  9.76560e-02
 Reference value :  9.76595e-02
 Reference value :  9.76620e-02
 Reference value :  9.76658e-02
 Reference value :  9.76692e-02
 Reference value :  9.76717e-02
 Reference value :  9.76742e-02
 Reference value :  9.76780e-02
 Reference value :  9.76815e-02
 Reference value :  9.76840e-02
 Reference value :  9.76879e-02
 Reference value :  9.76913e-02
 Reference value :  9.76938e-02
 Reference value :  9.76975e-02
 Reference value :  9.77001e-02
 Reference value :  9.77036e-02
 Reference value :  9.77060e-02
 Reference value :  9.77099e-02
 Reference value :  9.77134e-02
 Reference value :  9.77158e-02
 Reference value :  9.77197e-02
 Reference value :  9.77232e-02
 Reference value :  9.77256e-02
 Reference value :  9.77295e-02
 Reference value :  9.77320e-02
 Reference value :  9.77354e-02
 Reference value :  9.77379e-02
 Reference value :  9.77407e-02
 Reference value :  9.77442e-02
 Reference value :  9.77467e-02
 Reference value :  9.77501e-02
 Reference value :  9.77526e-02
 Reference value :  9.77564e-02
 Reference value :  9.77597e-02
 Reference value :  9.77623e-02
 Reference value :  9.77648e-02
 Reference value :  9.77681e-02
 Reference value :  9.77711e-02
 Reference value :  9.77745e-02
 Reference value :  9.77770e-02
 Reference value :  9.77809e-02
 Reference value :  9.77834e-02
 Reference value :  9.77868e-02
 Reference value :  9.77892e-02
 Reference value :  9.77931e-02
 Reference value :  9.77964e-02
 Reference value :  9.77990e-02
 Reference value :  9.78029e-02
 Reference value :  9.78062e-02
 Reference value :  9.78088e-02
 Reference value :  9.78113e-02
 Reference value :  9.78152e-02
 Reference value :  9.78186e-02
 Reference value :  9.78211e-02
 Reference value :  9.78249e-02
 Reference value :  9.78283e-02
 Reference value :  9.78309e-02
 Reference value :  9.78346e-02
 Reference value :  9.78381e-02
 Reference value :  9.78406e-02
 Reference value :  9.78444e-02
 Reference value :  9.78471e-02
 Reference value :  9.78503e-02
 Reference value :  9.78540e-02
 Reference value :  9.78566e-02
 Reference value :  9.78591e-02
 Reference value :  9.78624e-02
 Reference value :  9.78649e-02
 Reference value :  9.78674e-02
 Reference value :  9.78713e-02
 Reference value :  9.78737e-02
 Reference value :  9.78771e-02
 Reference value :  9.78805e-02
 Reference value :  9.78834e-02
 Reference value :  9.78868e-02
 Reference value :  9.78893e-02
 Reference value :  9.78920e-02
 Reference value :  9.78956e-02
 Reference value :  9.78991e-02
 Reference value :  9.79015e-02
 Reference value :  9.79054e-02
 Reference value :  9.79081e-02
 Reference value :  9.79112e-02
 Reference value :  9.79137e-02
 Reference value :  9.79176e-02
 Reference value :  9.79210e-02
 Reference value :  9.79234e-02
 Reference value :  9.79260e-02
 Reference value :  9.79298e-02
 Reference value :  9.79332e-02
 Reference value :  9.79358e-02
 Reference value :  9.79395e-02
 Reference value :  9.79429e-02
 Reference value :  9.79468e-02
 Reference value :  9.79500e-02
 Reference value :  9.79527e-02
 Reference value :  9.79552e-02
 Reference value :  9.79590e-02
 Reference value :  9.79624e-02
 Reference value :  9.79650e-02
 Reference value :  9.79688e-02
 Reference value :  9.79721e-02
 Reference value :  9.79747e-02
 Reference value :  9.79785e-02
 Reference value :  9.79813e-02
 Reference value :  9.79845e-02
 Reference value :  9.79882e-02
 Reference value :  9.79908e-02
 Reference value :  9.79933e-02
 Reference value :  9.79967e-02
 Reference value :  9.79991e-02
 Reference value :  9.80030e-02
 Reference value :  9.80055e-02
 Reference value :  9.80088e-02
 Reference value :  9.80127e-02
 Reference value :  9.80152e-02
 Reference value :  9.80186e-02
 Reference value :  9.80211e-02
 Reference value :  9.80242e-02
 Reference value :  9.80275e-02
 Reference value :  9.80309e-02
 Reference value :  9.80335e-02
 Reference value :  9.80372e-02
 Reference value :  9.80405e-02
 Reference value :  9.80431e-02
 Reference value :  9.80459e-02
 Reference value :  9.80495e-02
 Reference value :  9.80529e-02
 Reference value :  9.80554e-02
 Reference value :  9.80578e-02
 Reference value :  9.80618e-02
 Reference value :  9.80652e-02
 Reference value :  9.80677e-02
 Reference value :  9.80715e-02
 Reference value :  9.80749e-02
 Reference value :  9.80774e-02
 Reference value :  9.80813e-02
 Reference value :  9.80847e-02
 Reference value :  9.80872e-02
 Reference value :  9.80897e-02
 Reference value :  9.80936e-02
 Reference value :  9.80970e-02
 Reference value :  9.80995e-02
 Reference value :  9.81033e-02
 Reference value :  9.81059e-02
 Reference value :  9.81093e-02
 Reference value :  9.81132e-02
 Reference value :  9.81166e-02
 Reference value :  9.81191e-02
 Reference value :  9.81230e-02
 Reference value :  9.81263e-02
 Reference value :  9.81289e-02
 Reference value :  9.81328e-02
 Reference value :  9.81361e-02
 Reference value :  9.81386e-02
 Reference value :  9.81425e-02
 Reference value :  9.81450e-02
 Reference value :  9.81484e-02
 Reference value :  9.81522e-02
 Reference value :  9.81548e-02
 Reference value :  9.81582e-02
 Reference value :  9.81606e-02
 Reference value :  9.81645e-02
 Reference value :  9.81671e-02
 Reference value :  9.81704e-02
 Reference value :  9.81731e-02
 Reference value :  9.81768e-02
 Reference value :  9.81802e-02
 Reference value :  9.81827e-02
 Reference value :  9.81866e-02
 Reference value :  9.81900e-02
 Reference value :  9.81924e-02
 Reference value :  9.81949e-02
 Reference value :  9.81988e-02
 Reference value :  9.82021e-02
 Reference value :  9.82046e-02
 Reference value :  9.82071e-02
 Reference value :  9.82110e-02
 Reference value :  9.82135e-02
 Reference value :  9.82169e-02
 Reference value :  9.82194e-02
 Reference value :  9.82233e-02
 Reference value :  9.82266e-02
 Reference value :  9.82291e-02
 Reference value :  9.82316e-02
 Reference value :  9.82355e-02
 Reference value :  9.82389e-02
 Reference value :  9.82414e-02
 Reference value :  9.82443e-02
 Reference value :  9.82477e-02
 Reference value :  9.82511e-02
 Reference value :  9.82536e-02
 Reference value :  9.82576e-02
 Reference value :  9.82609e-02
 Reference value :  9.82634e-02
 Reference value :  9.82674e-02
 Reference value :  9.82707e-02
 Reference value :  9.82732e-02
 Reference value :  9.82771e-02
 Reference value :  9.82796e-02
 Reference value :  9.82829e-02
 Reference value :  9.82854e-02
 Reference value :  9.82893e-02
 Reference value :  9.82927e-02
 Reference value :  9.82951e-02
 Reference value :  9.82976e-02
 Reference value :  9.83002e-02
 Reference value :  9.83040e-02
 Reference value :  9.83074e-02
 Reference value :  9.83098e-02
 Reference value :  9.83138e-02
 Reference value :  9.83172e-02
 Reference value :  9.83196e-02
 Reference value :  9.83221e-02
 Reference value :  9.83260e-02
 Reference value :  9.83286e-02
 Reference value :  9.83319e-02
 Reference value :  9.83356e-02
 Reference value :  9.83382e-02
 Reference value :  9.83416e-02
 Reference value :  9.83441e-02
 Reference value :  9.83480e-02
 Reference value :  9.83514e-02
 Reference value :  9.83553e-02
 Reference value :  9.83587e-02
 Reference value :  9.83612e-02
 Reference value :  9.83651e-02
 Reference value :  9.83685e-02
 Reference value :  9.83710e-02
 Reference value :  9.83749e-02
 Reference value :  9.83773e-02
 Reference value :  9.83806e-02
 Reference value :  9.83831e-02
 Reference value :  9.83870e-02
 Reference value :  9.83904e-02
 Reference value :  9.83929e-02
 Reference value :  9.83954e-02
 Reference value :  9.83992e-02
 Reference value :  9.84026e-02
 Reference value :  9.84065e-02
 Reference value :  9.84099e-02
 Reference value :  9.84124e-02
 Reference value :  9.84163e-02
 Reference value :  9.84187e-02
 Reference value :  9.84222e-02
 Reference value :  9.84259e-02
 Reference value :  9.84286e-02
 Reference value :  9.84320e-02
 Reference value :  9.84346e-02
 Reference value :  9.84383e-02
 Reference value :  9.84417e-02
 Reference value :  9.84455e-02
 Reference value :  9.84482e-02
 Reference value :  9.84515e-02
 Reference value :  9.84554e-02
 Reference value :  9.84581e-02
 Reference value :  9.84613e-02
 Reference value :  9.84638e-02
 Reference value :  9.84677e-02
 Reference value :  9.84709e-02
 Reference value :  9.84735e-02
 Reference value :  9.84764e-02
 Reference value :  9.84799e-02
 Reference value :  9.84833e-02
 Reference value :  9.84858e-02
 Reference value :  9.84896e-02
 Reference value :  9.84930e-02
 Reference value :  9.84955e-02
 Reference value :  9.84994e-02
 Reference value :  9.85028e-02
 Reference value :  9.85053e-02
 Reference value :  9.85077e-02
 Reference value :  9.85116e-02
 Reference value :  9.85150e-02
 Reference value :  9.85175e-02
 Reference value :  9.85214e-02
 Reference value :  9.85247e-02
 Reference value :  9.85272e-02
 Reference value :  9.85297e-02
 Reference value :  9.85336e-02
 Reference value :  9.85370e-02
 Reference value :  9.85395e-02
 Reference value :  9.85420e-02
 Reference value :  9.85459e-02
 Reference value :  9.85492e-02
 Reference value :  9.85517e-02
 Reference value :  9.85542e-02
 Reference value :  9.85581e-02
 Reference value :  9.85615e-02
 Reference value :  9.85640e-02
 Reference value :  9.85665e-02
 Reference value :  9.85703e-02
 Reference value :  9.85737e-02
 Reference value :  9.85762e-02
 Reference value :  9.85801e-02
 Reference value :  9.85835e-02
 Reference value :  9.85860e-02
 Reference value :  9.85899e-02
 Reference value :  9.85933e-02
 Reference value :  9.85958e-02
 Reference value :  9.85997e-02
 Reference value :  9.86022e-02
 Reference value :  9.86055e-02
 Reference value :  9.86080e-02
 Reference value :  9.86120e-02
 Reference value :  9.86153e-02
 Reference value :  9.86178e-02
 Reference value :  9.86207e-02
 Reference value :  9.86242e-02
 Reference value :  9.86276e-02
 Reference value :  9.86302e-02
 Reference value :  9.86340e-02
 Reference value :  9.86374e-02
 Reference value :  9.86398e-02
 Reference value :  9.86437e-02
 Reference value :  9.86462e-02
 Reference value :  9.86496e-02
 Reference value :  9.86521e-02
 Reference value :  9.86550e-02
 Reference value :  9.86584e-02
 Reference value :  9.86616e-02
 Reference value :  9.86642e-02
 Reference value :  9.86681e-02
 Reference value :  9.86715e-02
 Reference value :  9.86740e-02
 Reference value :  9.86779e-02
 Reference value :  9.86813e-02
 Reference value :  9.86839e-02
 Reference value :  9.86877e-02
 Reference value :  9.86910e-02
 Reference value :  9.86935e-02
 Reference value :  9.86974e-02
 Reference value :  9.87008e-02
 Reference value :  9.87032e-02
 Reference value :  9.87071e-02
 Reference value :  9.87096e-02
 Reference value :  9.87130e-02
 Reference value :  9.87155e-02
 Reference value :  9.87193e-02
 Reference value :  9.87219e-02
 Reference value :  9.87252e-02
 Reference value :  9.87277e-02
 Reference value :  9.87316e-02
 Reference value :  9.87341e-02
 Reference value :  9.87375e-02
 Reference value :  9.87413e-02
 Reference value :  9.87447e-02
 Reference value :  9.87472e-02
 Reference value :  9.87511e-02
 Reference value :  9.87536e-02
 Reference value :  9.87570e-02
 Reference value :  9.87595e-02
 Reference value :  9.87634e-02
 Reference value :  9.87667e-02
 Reference value :  9.87692e-02
 Reference value :  9.87730e-02
 Reference value :  9.87765e-02
 Reference value :  9.87790e-02
 Reference value :  9.87829e-02
 Reference value :  9.87862e-02
 Reference value :  9.87887e-02
 Reference value :  9.87926e-02
 Reference value :  9.87951e-02
 Reference value :  9.87984e-02
 Reference value :  9.88010e-02
 Reference value :  9.88049e-02
 Reference value :  9.88083e-02
 Reference value :  9.88107e-02
 Reference value :  9.88147e-02
 Reference value :  9.88171e-02
 Reference value :  9.88205e-02
 Reference value :  9.88230e-02
 Reference value :  9.88269e-02
 Reference value :  9.88302e-02
 Reference value :  9.88327e-02
 Reference value :  9.88367e-02
 Reference value :  9.88400e-02
 Reference value :  9.88425e-02
 Reference value :  9.88464e-02
 Reference value :  9.88488e-02
 Reference value :  9.88522e-02
 Reference value :  9.88547e-02
 Reference value :  9.88586e-02
 Reference value :  9.88620e-02
 Reference value :  9.88645e-02
 Reference value :  9.88670e-02
 Reference value :  9.88709e-02
 Reference value :  9.88743e-02
 Reference value :  9.88780e-02
 Reference value :  9.88806e-02
 Reference value :  9.88840e-02
 Reference value :  9.88865e-02
 Reference value :  9.88904e-02
 Reference value :  9.88938e-02
 Reference value :  9.88962e-02
 Reference value :  9.88988e-02
 Reference value :  9.89025e-02
 Reference value :  9.89059e-02
 Reference value :  9.89085e-02
 Reference value :  9.89124e-02
 Reference value :  9.89157e-02
 Reference value :  9.89182e-02
 Reference value :  9.89221e-02
 Reference value :  9.89255e-02
 Reference value :  9.89279e-02
 Reference value :  9.89319e-02
 Reference value :  9.89352e-02
 Reference value :  9.89378e-02
 Reference value :  9.89416e-02
 Reference value :  9.89450e-02
 Reference value :  9.89476e-02
 Reference value :  9.89513e-02
 Reference value :  9.89547e-02
 Reference value :  9.89573e-02
 Reference value :  9.89611e-02
 Reference value :  9.89645e-02
 Reference value :  9.89682e-02
 Reference value :  9.89710e-02
 Reference value :  9.89743e-02
 Reference value :  9.89768e-02
 Reference value :  9.89807e-02
 Reference value :  9.89841e-02
 Reference value :  9.89878e-02
 Reference value :  9.89904e-02
 Reference value :  9.89930e-02
 Reference value :  9.89963e-02
 Reference value :  9.89991e-02
 Reference value :  9.90027e-02
 Reference value :  9.90060e-02
 Reference value :  9.90085e-02
 Reference value :  9.90125e-02
 Reference value :  9.90149e-02
 Reference value :  9.90183e-02
 Reference value :  9.90207e-02
 Reference value :  9.90246e-02
 Reference value :  9.90280e-02
 Reference value :  9.90312e-02
 Reference value :  9.90344e-02
 Reference value :  9.90378e-02
 Reference value :  9.90402e-02
 Reference value :  9.90441e-02
 Reference value :  9.90466e-02
 Reference value :  9.90500e-02
 Reference value :  9.90539e-02
 Reference value :  9.90564e-02
 Reference value :  9.90598e-02
 Reference value :  9.90622e-02
 Reference value :  9.90661e-02
 Reference value :  9.90686e-02
 Reference value :  9.90720e-02
 Reference value :  9.90759e-02
 Reference value :  9.90784e-02
 Reference value :  9.90818e-02
 Reference value :  9.90844e-02
 Reference value :  9.90882e-02
 Reference value :  9.90916e-02
 Reference value :  9.90941e-02
 Reference value :  9.90980e-02
 Reference value :  9.91014e-02
 Reference value :  9.91038e-02
 Reference value :  9.91077e-02
 Reference value :  9.91109e-02
 Reference value :  9.91135e-02
 Reference value :  9.91160e-02
 Reference value :  9.91199e-02
 Reference value :  9.91233e-02
 Reference value :  9.91271e-02
 Reference value :  9.91297e-02
 Reference value :  9.91331e-02
 Reference value :  9.91356e-02
 Reference value :  9.91395e-02
 Reference value :  9.91429e-02
 Reference value :  9.91454e-02
 Reference value :  9.91493e-02
 Reference value :  9.91525e-02
 Reference value :  9.91552e-02
 Reference value :  9.91590e-02
 Reference value :  9.91615e-02
 Reference value :  9.91649e-02
 Reference value :  9.91674e-02
 Reference value :  9.91713e-02
 Reference value :  9.91747e-02
 Reference value :  9.91772e-02
 Reference value :  9.91811e-02
 Reference value :  9.91844e-02
 Reference value :  9.91884e-02
 Reference value :  9.91918e-02
 Reference value :  9.91942e-02
 Reference value :  9.91980e-02
 Reference value :  9.92014e-02
 Reference value :  9.92040e-02
 Reference value :  9.92079e-02
 Reference value :  9.92104e-02
 Reference value :  9.92137e-02
 Reference value :  9.92162e-02
 Reference value :  9.92201e-02
 Reference value :  9.92235e-02
 Reference value :  9.92274e-02
 Reference value :  9.92299e-02
 Reference value :  9.92333e-02
 Reference value :  9.92358e-02
 Reference value :  9.92397e-02
 Reference value :  9.92430e-02
 Reference value :  9.92455e-02
 Reference value :  9.92495e-02
 Reference value :  9.92528e-02
 Reference value :  9.92553e-02
 Reference value :  9.92592e-02
 Reference value :  9.92626e-02
 Reference value :  9.92650e-02
 Reference value :  9.92675e-02
 Reference value :  9.92701e-02
 Reference value :  9.92740e-02
 Reference value :  9.92773e-02
 Reference value :  9.92798e-02
 Reference value :  9.92837e-02
 Reference value :  9.92871e-02
 Reference value :  9.92910e-02
 Reference value :  9.92944e-02
 Reference value :  9.92969e-02
 Reference value :  9.93008e-02
 Reference value :  9.93041e-02
 Reference value :  9.93066e-02
 Reference value :  9.93105e-02
 Reference value :  9.93130e-02
 Reference value :  9.93164e-02
 Reference value :  9.93188e-02
 Reference value :  9.93227e-02
 Reference value :  9.93252e-02
 Reference value :  9.93286e-02
 Reference value :  9.93311e-02
 Reference value :  9.93350e-02
 Reference value :  9.93375e-02
 Reference value :  9.93408e-02
 Reference value :  9.93446e-02
 Reference value :  9.93472e-02
 Reference value :  9.93506e-02
 Reference value :  9.93531e-02
 Reference value :  9.93569e-02
 Reference value :  9.93596e-02
 Reference value :  9.93629e-02
 Reference value :  9.93654e-02
 Reference value :  9.93693e-02
 Reference value :  9.93727e-02
 Reference value :  9.93753e-02
 Reference value :  9.93791e-02
 Reference value :  9.93824e-02
 Reference value :  9.93864e-02
 Reference value :  9.93897e-02
 Reference value :  9.93922e-02
 Reference value :  9.93961e-02
 Reference value :  9.93986e-02
 Reference value :  9.94020e-02
 Reference value :  9.94057e-02
 Reference value :  9.94084e-02
 Reference value :  9.94117e-02
 Reference value :  9.94142e-02
 Reference value :  9.94181e-02
 Reference value :  9.94214e-02
 Reference value :  9.94239e-02
 Reference value :  9.94278e-02
 Reference value :  9.94311e-02
 Reference value :  9.94337e-02
 Reference value :  9.94364e-02
 Reference value :  9.94408e-02
 Reference value :  9.94435e-02
 Reference value :  9.94459e-02
 Reference value :  9.94498e-02
 Reference value :  9.94532e-02
 Reference value :  9.94557e-02
 Reference value :  9.94596e-02
 Reference value :  9.94621e-02
 Reference value :  9.94656e-02
 Reference value :  9.94694e-02
 Reference value :  9.94719e-02
 Reference value :  9.94753e-02
 Reference value :  9.94778e-02
 Reference value :  9.94817e-02
 Reference value :  9.94850e-02
 Reference value :  9.94875e-02
 Reference value :  9.94914e-02
 Reference value :  9.94940e-02
 Reference value :  9.94973e-02
 Reference value :  9.94998e-02
 Reference value :  9.95037e-02
 Reference value :  9.95070e-02
 Reference value :  9.95095e-02
 Reference value :  9.95135e-02
 Reference value :  9.95169e-02
 Reference value :  9.95194e-02
 Reference value :  9.95233e-02
 Reference value :  9.95261e-02
 Reference value :  9.95291e-02
 Reference value :  9.95329e-02
 Reference value :  9.95364e-02
 Reference value :  9.95389e-02
 Reference value :  9.95413e-02
 Reference value :  9.95453e-02
 Reference value :  9.95487e-02
 Reference value :  9.95512e-02
 Reference value :  9.95550e-02
 Reference value :  9.95584e-02
 Reference value :  9.95609e-02
 Reference value :  9.95653e-02
 Reference value :  9.95682e-02
 Reference value :  9.95721e-02
 Reference value :  9.95753e-02
 Reference value :  9.95779e-02
 Reference value :  9.95818e-02
 Reference value :  9.95843e-02
 Reference value :  9.95877e-02
 Reference value :  9.95916e-02
 Reference value :  9.95941e-02
 Reference value :  9.95975e-02
 Reference value :  9.96002e-02
 Reference value :  9.96039e-02
 Reference value :  9.96073e-02
 Reference value :  9.96097e-02
 Reference value :  9.96124e-02
 Reference value :  9.96162e-02
 Reference value :  9.96195e-02
 Reference value :  9.96220e-02
 Reference value :  9.96259e-02
 Reference value :  9.96286e-02
 Reference value :  9.96318e-02
 Reference value :  9.96343e-02
 Reference value :  9.96382e-02
 Reference value :  9.96416e-02
 Reference value :  9.96440e-02
 Reference value :  9.96479e-02
 Reference value :  9.96512e-02
 Reference value :  9.96538e-02
 Reference value :  9.96577e-02
 Reference value :  9.96610e-02
 Reference value :  9.96636e-02
 Reference value :  9.96660e-02
 Reference value :  9.96700e-02
 Reference value :  9.96734e-02
 Reference value :  9.96772e-02
 Reference value :  9.96797e-02
 Reference value :  9.96831e-02
 Reference value :  9.96856e-02
 Reference value :  9.96883e-02
 Reference value :  9.96920e-02
 Reference value :  9.96945e-02
 Reference value :  9.96978e-02
 Reference value :  9.97003e-02
 Reference value :  9.97043e-02
 Reference value :  9.97076e-02
 Reference value :  9.97100e-02
 Reference value :  9.97140e-02
 Reference value :  9.97165e-02
 Reference value :  9.97198e-02
 Reference value :  9.97224e-02
 Reference value :  9.97262e-02
 Reference value :  9.97295e-02
 Reference value :  9.97320e-02
 Reference value :  9.97346e-02
 Reference value :  9.97385e-02
 Reference value :  9.97418e-02
 Reference value :  9.97443e-02
 Reference value :  9.97482e-02
 Reference value :  9.97507e-02
 Reference value :  9.97541e-02
 Reference value :  9.97580e-02
 Reference value :  9.97613e-02
 Reference value :  9.97638e-02
 Reference value :  9.97663e-02
 Reference value :  9.97703e-02
 Reference value :  9.97736e-02
 Reference value :  9.97774e-02
 Reference value :  9.97802e-02
 Reference value :  9.97834e-02
 Reference value :  9.97873e-02
 Reference value :  9.97898e-02
 Reference value :  9.97931e-02
 Reference value :  9.97956e-02
 Reference value :  9.97995e-02
 Reference value :  9.98029e-02
 Reference value :  9.98054e-02
 Reference value :  9.98093e-02
 Reference value :  9.98127e-02
 Reference value :  9.98151e-02
 Reference value :  9.98176e-02
 Reference value :  9.98215e-02
 Reference value :  9.98240e-02
 Reference value :  9.98274e-02
 Reference value :  9.98299e-02
 Reference value :  9.98339e-02
 Reference value :  9.98372e-02
 Reference value :  9.98397e-02
 Reference value :  9.98436e-02
 Reference value :  9.98469e-02
 Reference value :  9.98494e-02
 Reference value :  9.98534e-02
 Reference value :  9.98558e-02
 Reference value :  9.98591e-02
 Reference value :  9.98616e-02
 Reference value :  9.98654e-02
 Reference value :  9.98682e-02
 Reference value :  9.98714e-02
 Reference value :  9.98753e-02
 Reference value :  9.98786e-02
 Reference value :  9.98811e-02
 Reference value :  9.98851e-02
 Reference value :  9.98884e-02
 Reference value :  9.98909e-02
 Reference value :  9.98933e-02
 Reference value :  9.98972e-02
 Reference value :  9.98997e-02
 Reference value :  9.99031e-02
 Reference value :  9.99063e-02
 Reference value :  9.99096e-02
 Reference value :  9.99128e-02
 Reference value :  9.99156e-02
 Reference value :  9.99193e-02
 Reference value :  9.99226e-02
 Reference value :  9.99251e-02
 Reference value :  9.99276e-02
 Reference value :  9.99315e-02
 Reference value :  9.99341e-02
 Reference value :  9.99373e-02
 Reference value :  9.99413e-02
 Reference value :  9.99447e-02
 Reference value :  9.99471e-02
 Reference value :  9.99511e-02
 Reference value :  9.99536e-02
 Reference value :  9.99569e-02
 Reference value :  9.99596e-02
 Reference value :  9.99634e-02
 Reference value :  9.99667e-02
 Reference value :  9.99692e-02
 Reference value :  9.99731e-02
 Reference value :  9.99765e-02
 Reference value :  9.99790e-02
 Reference value :  9.99829e-02
 Reference value :  9.99854e-02
 Reference value :  9.99887e-02
 Reference value :  9.99918e-02
 Reference value :  9.99951e-02
 Reference value :  9.99985e-02
 Reference value :  1.00001e-01
 Reference value :  1.00005e-01
 Reference value :  1.00008e-01
 Reference value :  1.00011e-01
 Reference value :  1.00013e-01
 Reference value :  1.00017e-01
 Reference value :  1.00020e-01
 Reference value :  1.00023e-01
 Reference value :  1.00027e-01
 Reference value :  1.00030e-01
 Reference value :  1.00034e-01
 Reference value :  1.00038e-01
 Reference value :  1.00040e-01
 Reference value :  1.00044e-01
 Reference value :  1.00047e-01
 Reference value :  1.00050e-01
 Reference value :  1.00054e-01
 Reference value :  1.00056e-01
 Reference value :  1.00060e-01
 Reference value :  1.00062e-01
 Reference value :  1.00066e-01
 Reference value :  1.00069e-01
 Reference value :  1.00072e-01
 Reference value :  1.00076e-01
 Reference value :  1.00079e-01
 Reference value :  1.00082e-01
 Reference value :  1.00086e-01
 Reference value :  1.00089e-01
 Reference value :  1.00091e-01
 Reference value :  1.00095e-01
 Reference value :  1.00098e-01
 Reference value :  1.00101e-01
 Reference value :  1.00104e-01
 Reference value :  1.00107e-01
 Reference value :  1.00110e-01
 Reference value :  1.00113e-01
 Reference value :  1.00116e-01
 Reference value :  1.00120e-01
 Reference value :  1.00123e-01
 Reference value :  1.00126e-01
 Reference value :  1.00129e-01
 Reference value :  1.00132e-01
 Reference value :  1.00135e-01
 Reference value :  1.00138e-01
 Reference value :  1.00142e-01
 Reference value :  1.00145e-01
 Reference value :  1.00148e-01
 Reference value :  1.00152e-01
 Reference value :  1.00155e-01
 Reference value :  1.00157e-01
 Reference value :  1.00160e-01
 Reference value :  1.00164e-01
 Reference value :  1.00166e-01
 Reference value :  1.00169e-01
 Reference value :  1.00172e-01
 Reference value :  1.00176e-01
 Reference value :  1.00178e-01
 Reference value :  1.00182e-01
 Reference value :  1.00186e-01
 Reference value :  1.00188e-01
 Reference value :  1.00191e-01
 Reference value :  1.00194e-01
 Reference value :  1.00198e-01
 Reference value :  1.00201e-01
 Reference value :  1.00204e-01
 Reference value :  1.00208e-01
 Reference value :  1.00210e-01
 Reference value :  1.00213e-01
 Reference value :  1.00217e-01
 Reference value :  1.00221e-01
 Reference value :  1.00224e-01
 Reference value :  1.00227e-01
 Reference value :  1.00230e-01
 Reference value :  1.00233e-01
 Reference value :  1.00236e-01
 Reference value :  1.00239e-01
 Reference value :  1.00242e-01
 Reference value :  1.00245e-01
 Reference value :  1.00248e-01
 Reference value :  1.00252e-01
 Reference value :  1.00255e-01
 Reference value :  1.00258e-01
 Reference value :  1.00261e-01
 Reference value :  1.00265e-01
 Reference value :  1.00267e-01
 Reference value :  1.00271e-01
 Reference value :  1.00275e-01
 Reference value :  1.00277e-01
 Reference value :  1.00280e-01
 Reference value :  1.00284e-01
 Reference value :  1.00286e-01
 Reference value :  1.00289e-01
 Reference value :  1.00292e-01
 Reference value :  1.00296e-01
 Reference value :  1.00298e-01
 Reference value :  1.00302e-01
 Reference value :  1.00305e-01
 Reference value :  1.00309e-01
 Reference value :  1.00311e-01
 Reference value :  1.00314e-01
 Reference value :  1.00318e-01
 Reference value :  1.00321e-01
 Reference value :  1.00325e-01
 Reference value :  1.00328e-01
 Reference value :  1.00331e-01
 Reference value :  1.00335e-01
 Reference value :  1.00338e-01
 Reference value :  1.00341e-01
 Reference value :  1.00343e-01
 Reference value :  1.00347e-01
 Reference value :  1.00350e-01
 Reference value :  1.00353e-01
 Reference value :  1.00355e-01
 Reference value :  1.00358e-01
 Reference value :  1.00362e-01
 Reference value :  1.00365e-01
 Reference value :  1.00368e-01
 Reference value :  1.00372e-01
 Reference value :  1.00375e-01
 Reference value :  1.00377e-01
 Reference value :  1.00381e-01
 Reference value :  1.00384e-01
 Reference value :  1.00387e-01
 Reference value :  1.00391e-01
 Reference value :  1.00394e-01
 Reference value :  1.00397e-01
 Reference value :  1.00401e-01
 Reference value :  1.00403e-01
 Reference value :  1.00407e-01
 Reference value :  1.00411e-01
 Reference value :  1.00413e-01
 Reference value :  1.00417e-01
 Reference value :  1.00419e-01
 Reference value :  1.00423e-01
 Reference value :  1.00426e-01
 Reference value :  1.00429e-01
 Reference value :  1.00431e-01
 Reference value :  1.00435e-01
 Reference value :  1.00439e-01
 Reference value :  1.00441e-01
 Reference value :  1.00445e-01
 Reference value :  1.00448e-01
 Reference value :  1.00451e-01
 Reference value :  1.00455e-01
 Reference value :  1.00458e-01
 Reference value :  1.00460e-01
 Reference value :  1.00463e-01
 Reference value :  1.00467e-01
 Reference value :  1.00470e-01
 Reference value :  1.00473e-01
 Reference value :  1.00477e-01
 Reference value :  1.00480e-01
 Reference value :  1.00484e-01
 Reference value :  1.00486e-01
 Reference value :  1.00490e-01
 Reference value :  1.00492e-01
 Reference value :  1.00496e-01
 Reference value :  1.00500e-01
 Reference value :  1.00502e-01
 Reference value :  1.00506e-01
 Reference value :  1.00508e-01
 Reference value :  1.00512e-01
 Reference value :  1.00514e-01
 Reference value :  1.00518e-01
 Reference value :  1.00522e-01
 Reference value :  1.00524e-01
 Reference value :  1.00528e-01
 Reference value :  1.00531e-01
 Reference value :  1.00534e-01
 Reference value :  1.00536e-01
 Reference value :  1.00540e-01
 Reference value :  1.00543e-01
 Reference value :  1.00546e-01
 Reference value :  1.00549e-01
 Reference value :  1.00553e-01
 Reference value :  1.00556e-01
 Reference value :  1.00559e-01
 Reference value :  1.00562e-01
 Reference value :  1.00566e-01
 Reference value :  1.00568e-01
 Reference value :  1.00572e-01
 Reference value :  1.00574e-01
 Reference value :  1.00578e-01
 Reference value :  1.00580e-01
 Reference value :  1.00584e-01
 Reference value :  1.00588e-01
 Reference value :  1.00590e-01
 Reference value :  1.00593e-01
 Reference value :  1.00596e-01
 Reference value :  1.00600e-01
 Reference value :  1.00602e-01
 Reference value :  1.00606e-01
 Reference value :  1.00609e-01
 Reference value :  1.00612e-01
 Reference value :  1.00615e-01
 Reference value :  1.00618e-01
 Reference value :  1.00622e-01
 Reference value :  1.00626e-01
 Reference value :  1.00628e-01
 Reference value :  1.00631e-01
 Reference value :  1.00634e-01
 Reference value :  1.00638e-01
 Reference value :  1.00640e-01
 Reference value :  1.00644e-01
 Reference value :  1.00648e-01
 Reference value :  1.00650e-01
 Reference value :  1.00654e-01
 Reference value :  1.00656e-01
 Reference value :  1.00660e-01
 Reference value :  1.00662e-01
 Reference value :  1.00666e-01
 Reference value :  1.00668e-01
 Reference value :  1.00672e-01
 Reference value :  1.00675e-01
 Reference value :  1.00678e-01
 Reference value :  1.00680e-01
 Reference value :  1.00683e-01
 Reference value :  1.00687e-01
 Reference value :  1.00690e-01
 Reference value :  1.00693e-01
 Reference value :  1.00697e-01
 Reference value :  1.00700e-01
 Reference value :  1.00702e-01
 Reference value :  1.00705e-01
 Reference value :  1.00709e-01
 Reference value :  1.00712e-01
 Reference value :  1.00715e-01
 Reference value :  1.00719e-01
 Reference value :  1.00721e-01
 Reference value :  1.00725e-01
 Reference value :  1.00728e-01
 Reference value :  1.00731e-01
 Reference value :  1.00734e-01
 Reference value :  1.00738e-01
 Reference value :  1.00741e-01
 Reference value :  1.00744e-01
 Reference value :  1.00746e-01
 Reference value :  1.00750e-01
 Reference value :  1.00753e-01
 Reference value :  1.00756e-01
 Reference value :  1.00759e-01
 Reference value :  1.00761e-01
 Reference value :  1.00765e-01
 Reference value :  1.00768e-01
 Reference value :  1.00771e-01
 Reference value :  1.00775e-01
 Reference value :  1.00777e-01
 Reference value :  1.00781e-01
 Reference value :  1.00783e-01
 Reference value :  1.00787e-01
 Reference value :  1.00791e-01
 Reference value :  1.00793e-01
 Reference value :  1.00797e-01
 Reference value :  1.00799e-01
 Reference value :  1.00803e-01
 Reference value :  1.00805e-01
 Reference value :  1.00809e-01
 Reference value :  1.00813e-01
 Reference value :  1.00816e-01
 Reference value :  1.00820e-01
 Reference value :  1.00822e-01
 Reference value :  1.00826e-01
 Reference value :  1.00829e-01
 Reference value :  1.00832e-01
 Reference value :  1.00835e-01
 Reference value :  1.00839e-01
 Reference value :  1.00842e-01
 Reference value :  1.00844e-01
 Reference value :  1.00848e-01
 Reference value :  1.00852e-01
 Reference value :  1.00856e-01
 Reference value :  1.00858e-01
 Reference value :  1.00861e-01
 Reference value :  1.00864e-01
 Reference value :  1.00868e-01
 Reference value :  1.00871e-01
 Reference value :  1.00874e-01
 Reference value :  1.00878e-01
 Reference value :  1.00881e-01
 Reference value :  1.00884e-01
 Reference value :  1.00887e-01
 Reference value :  1.00891e-01
 Reference value :  1.00893e-01
 Reference value :  1.00897e-01
 Reference value :  1.00900e-01
 Reference value :  1.00903e-01
 Reference value :  1.00905e-01
 Reference value :  1.00909e-01
 Reference value :  1.00913e-01
 Reference value :  1.00915e-01
 Reference value :  1.00919e-01
 Reference value :  1.00923e-01
 Reference value :  1.00927e-01
 Reference value :  1.00930e-01
 Reference value :  1.00932e-01
 Reference value :  1.00936e-01
 Reference value :  1.00940e-01
 Reference value :  1.00942e-01
 Reference value :  1.00946e-01
 Reference value :  1.00949e-01
 Reference value :  1.00952e-01
 Reference value :  1.00954e-01
 Reference value :  1.00958e-01
 Reference value :  1.00961e-01
 Reference value :  1.00964e-01
 Reference value :  1.00968e-01
 Reference value :  1.00971e-01
 Reference value :  1.00974e-01
 Reference value :  1.00976e-01
 Reference value :  1.00980e-01
 Reference value :  1.00984e-01
 Reference value :  1.00986e-01
 Reference value :  1.00990e-01
 Reference value :  1.00993e-01
 Reference value :  1.00996e-01
 Reference value :  1.00998e-01
 Reference value :  1.01002e-01
 Reference value :  1.01006e-01
 Reference value :  1.01008e-01
 Reference value :  1.01012e-01
 Reference value :  1.01015e-01
 Reference value :  1.01018e-01
 Reference value :  1.01022e-01
 Reference value :  1.01025e-01
 Reference value :  1.01028e-01
 Reference value :  1.01030e-01
 Reference value :  1.01034e-01
 Reference value :  1.01038e-01
 Reference value :  1.01040e-01
 Reference value :  1.01043e-01
 Reference value :  1.01047e-01
 Reference value :  1.01050e-01
 Reference value :  1.01052e-01
 Reference value :  1.01056e-01
 Reference value :  1.01060e-01
 Reference value :  1.01062e-01
 Reference value :  1.01066e-01
 Reference value :  1.01069e-01
 Reference value :  1.01072e-01
 Reference value :  1.01076e-01
 Reference value :  1.01079e-01
 Reference value :  1.01082e-01
 Reference value :  1.01086e-01
 Reference value :  1.01089e-01
 Reference value :  1.01091e-01
 Reference value :  1.01095e-01
 Reference value :  1.01098e-01
 Reference value :  1.01101e-01
 Reference value :  1.01105e-01
 Reference value :  1.01108e-01
 Reference value :  1.01111e-01
 Reference value :  1.01114e-01
 Reference value :  1.01117e-01
 Reference value :  1.01121e-01
 Reference value :  1.01125e-01
 Reference value :  1.01128e-01
 Reference value :  1.01131e-01
 Reference value :  1.01135e-01
 Reference value :  1.01138e-01
 Reference value :  1.01140e-01
 Reference value :  1.01143e-01
 Reference value :  1.01147e-01
 Reference value :  1.01149e-01
 Reference value :  1.01153e-01
 Reference value :  1.01155e-01
 Reference value :  1.01159e-01
 Reference value :  1.01162e-01
 Reference value :  1.01165e-01
 Reference value :  1.01167e-01
 Reference value :  1.01171e-01
 Reference value :  1.01175e-01
 Reference value :  1.01177e-01
 Reference value :  1.01181e-01
 Reference value :  1.01184e-01
 Reference value :  1.01187e-01
 Reference value :  1.01190e-01
 Reference value :  1.01193e-01
 Reference value :  1.01197e-01
 Reference value :  1.01201e-01
 Reference value :  1.01204e-01
 Reference value :  1.01206e-01
 Reference value :  1.01210e-01
 Reference value :  1.01214e-01
 Reference value :  1.01216e-01
 Reference value :  1.01220e-01
 Reference value :  1.01223e-01
 Reference value :  1.01226e-01
 Reference value :  1.01230e-01
 Reference value :  1.01233e-01
 Reference value :  1.01236e-01
 Reference value :  1.01238e-01
 Reference value :  1.01242e-01
 Reference value :  1.01246e-01
 Reference value :  1.01248e-01
 Reference value :  1.01252e-01
 Reference value :  1.01255e-01
 Reference value :  1.01258e-01
 Reference value :  1.01262e-01
 Reference value :  1.01265e-01
 Reference value :  1.01268e-01
 Reference value :  1.01272e-01
 Reference value :  1.01275e-01
 Reference value :  1.01279e-01
 Reference value :  1.01282e-01
 Reference value :  1.01285e-01
 Reference value :  1.01287e-01
 Reference value :  1.01291e-01
 Reference value :  1.01294e-01
 Reference value :  1.01297e-01
 Reference value :  1.01301e-01
 Reference value :  1.01304e-01
 Reference value :  1.01307e-01
 Reference value :  1.01311e-01
 Reference value :  1.01314e-01
 Reference value :  1.01316e-01
 Reference value :  1.01319e-01
 Reference value :  1.01323e-01
 Reference value :  1.01325e-01
 Reference value :  1.01329e-01
 Reference value :  1.01333e-01
 Reference value :  1.01335e-01
 Reference value :  1.01338e-01
 Reference value :  1.01341e-01
 Reference value :  1.01345e-01
 Reference value :  1.01347e-01
 Reference value :  1.01351e-01
 Reference value :  1.01353e-01
 Reference value :  1.01357e-01
 Reference value :  1.01360e-01
 Reference value :  1.01363e-01
 Reference value :  1.01367e-01
 Reference value :  1.01370e-01
 Reference value :  1.01373e-01
 Reference value :  1.01377e-01
 Reference value :  1.01380e-01
 Reference value :  1.01382e-01
 Reference value :  1.01386e-01
 Reference value :  1.01389e-01
 Reference value :  1.01392e-01
 Reference value :  1.01396e-01
 Reference value :  1.01399e-01
 Reference value :  1.01402e-01
 Reference value :  1.01406e-01
 Reference value :  1.01408e-01
 Reference value :  1.01412e-01
 Reference value :  1.01414e-01
 Reference value :  1.01417e-01
 Reference value :  1.01421e-01
 Reference value :  1.01424e-01
 Reference value :  1.01426e-01
 Reference value :  1.01429e-01
 Reference value :  1.01433e-01
 Reference value :  1.01436e-01
 Reference value :  1.01439e-01
 Reference value :  1.01443e-01
 Reference value :  1.01445e-01
 Reference value :  1.01448e-01
 Reference value :  1.01451e-01
 Reference value :  1.01455e-01
 Reference value :  1.01458e-01
 Reference value :  1.01462e-01
 Reference value :  1.01465e-01
 Reference value :  1.01468e-01
 Reference value :  1.01472e-01
 Reference value :  1.01474e-01
 Reference value :  1.01478e-01
 Reference value :  1.01480e-01
 Reference value :  1.01484e-01
 Reference value :  1.01487e-01
 Reference value :  1.01490e-01
 Reference value :  1.01492e-01
 Reference value :  1.01496e-01
 Reference value :  1.01500e-01
 Reference value :  1.01502e-01
 Reference value :  1.01506e-01
 Reference value :  1.01509e-01
 Reference value :  1.01512e-01
 Reference value :  1.01514e-01
 Reference value :  1.01518e-01
 Reference value :  1.01521e-01
 Reference value :  1.01524e-01
 Reference value :  1.01527e-01
 Reference value :  1.01531e-01
 Reference value :  1.01534e-01
 Reference value :  1.01536e-01
 Reference value :  1.01540e-01
 Reference value :  1.01543e-01
 Reference value :  1.01546e-01
 Reference value :  1.01550e-01
 Reference value :  1.01553e-01
 Reference value :  1.01556e-01
 Reference value :  1.01558e-01
 Reference value :  1.01562e-01
 Reference value :  1.01565e-01
 Reference value :  1.01568e-01
 Reference value :  1.01570e-01
 Reference value :  1.01574e-01
 Reference value :  1.01577e-01
 Reference value :  1.01580e-01
 Reference value :  1.01583e-01
 Reference value :  1.01587e-01
 Reference value :  1.01589e-01
 Reference value :  1.01592e-01
 Reference value :  1.01596e-01
 Reference value :  1.01600e-01
 Reference value :  1.01602e-01
 Reference value :  1.01606e-01
 Reference value :  1.01609e-01
 Reference value :  1.01612e-01
 Reference value :  1.01616e-01
 Reference value :  1.01619e-01
 Reference value :  1.01622e-01
 Reference value :  1.01626e-01
 Reference value :  1.01628e-01
 Reference value :  1.01631e-01
 Reference value :  1.01635e-01
 Reference value :  1.01639e-01
 Reference value :  1.01641e-01
 Reference value :  1.01645e-01
 Reference value :  1.01648e-01
 Reference value :  1.01651e-01
 Reference value :  1.01653e-01
 Reference value :  1.01656e-01
 Reference value :  1.01661e-01
 Reference value :  1.01663e-01
 Reference value :  1.01667e-01
 Reference value :  1.01670e-01
 Reference value :  1.01673e-01
 Reference value :  1.01676e-01
 Reference value :  1.01680e-01
 Reference value :  1.01683e-01
 Reference value :  1.01685e-01
 Reference value :  1.01689e-01
 Reference value :  1.01693e-01
 Reference value :  1.01695e-01
 Reference value :  1.01699e-01
 Reference value :  1.01702e-01
 Reference value :  1.01706e-01
 Reference value :  1.01709e-01
 Reference value :  1.01712e-01
 Reference value :  1.01715e-01
 Reference value :  1.01719e-01
 Reference value :  1.01722e-01
 Reference value :  1.01724e-01
 Reference value :  1.01728e-01
 Reference value :  1.01731e-01
 Reference value :  1.01734e-01
 Reference value :  1.01737e-01
 Reference value :  1.01741e-01
 Reference value :  1.01744e-01
 Reference value :  1.01746e-01
 Reference value :  1.01750e-01
 Reference value :  1.01753e-01
 Reference value :  1.01756e-01
 Reference value :  1.01759e-01
 Reference value :  1.01763e-01
 Reference value :  1.01766e-01
 Reference value :  1.01768e-01
 Reference value :  1.01772e-01
 Reference value :  1.01775e-01
 Reference value :  1.01778e-01
 Reference value :  1.01781e-01
 Reference value :  1.01785e-01
 Reference value :  1.01788e-01
 Reference value :  1.01790e-01
 Reference value :  1.01794e-01
 Reference value :  1.01797e-01
 Reference value :  1.01800e-01
 Reference value :  1.01803e-01
 Reference value :  1.01807e-01
 Reference value :  1.01810e-01
 Reference value :  1.01812e-01
 Reference value :  1.01815e-01
 Reference value :  1.01819e-01
 Reference value :  1.01822e-01
 Reference value :  1.01825e-01
 Reference value :  1.01829e-01
 Reference value :  1.01832e-01
 Reference value :  1.01836e-01
 Reference value :  1.01838e-01
 Reference value :  1.01842e-01
 Reference value :  1.01846e-01
 Reference value :  1.01848e-01
 Reference value :  1.01852e-01
 Reference value :  1.01854e-01
 Reference value :  1.01858e-01
 Reference value :  1.01861e-01
 Reference value :  1.01864e-01
 Reference value :  1.01868e-01
 Reference value :  1.01871e-01
 Reference value :  1.01875e-01
 Reference value :  1.01877e-01
 Reference value :  1.01881e-01
 Reference value :  1.01885e-01
 Reference value :  1.01887e-01
 Reference value :  1.01890e-01
 Reference value :  1.01893e-01
 Reference value :  1.01897e-01
 Reference value :  1.01900e-01
 Reference value :  1.01903e-01
 Reference value :  1.01907e-01
 Reference value :  1.01910e-01
 Reference value :  1.01914e-01
 Reference value :  1.01917e-01
 Reference value :  1.01920e-01
 Reference value :  1.01922e-01
 Reference value :  1.01926e-01
 Reference value :  1.01929e-01
 Reference value :  1.01932e-01
 Reference value :  1.01934e-01
 Reference value :  1.01938e-01
 Reference value :  1.01941e-01
 Reference value :  1.01944e-01
 Reference value :  1.01948e-01
 Reference value :  1.01952e-01
 Reference value :  1.01954e-01
 Reference value :  1.01958e-01
 Reference value :  1.01961e-01
 Reference value :  1.01964e-01
 Reference value :  1.01966e-01
 Reference value :  1.01970e-01
 Reference value :  1.01973e-01
 Reference value :  1.01976e-01
 Reference value :  1.01980e-01
 Reference value :  1.01983e-01
 Reference value :  1.01986e-01
 Reference value :  1.01988e-01
 Reference value :  1.01992e-01
 Reference value :  1.01996e-01
 Reference value :  1.02000e-01
 Reference value :  1.02002e-01
 Reference value :  1.02005e-01
 Reference value :  1.02008e-01
 Reference value :  1.02010e-01
 Reference value :  1.02014e-01
 Reference value :  1.02018e-01
 Reference value :  1.02020e-01
 Reference value :  1.02024e-01
 Reference value :  1.02027e-01
 Reference value :  1.02030e-01
 Reference value :  1.02034e-01
 Reference value :  1.02037e-01
 Reference value :  1.02040e-01
 Reference value :  1.02044e-01
 Reference value :  1.02046e-01
 Reference value :  1.02049e-01
 Reference value :  1.02052e-01
 Reference value :  1.02056e-01
 Reference value :  1.02059e-01
 Reference value :  1.02062e-01
 Reference value :  1.02066e-01
 Reference value :  1.02069e-01
 Reference value :  1.02072e-01
 Reference value :  1.02075e-01
 Reference value :  1.02079e-01
 Reference value :  1.02081e-01
 Reference value :  1.02085e-01
 Reference value :  1.02089e-01
 Reference value :  1.02093e-01
 Reference value :  1.02096e-01
 Reference value :  1.02098e-01
 Reference value :  1.02102e-01
 Reference value :  1.02105e-01
 Reference value :  1.02108e-01
 Reference value :  1.02111e-01
 Reference value :  1.02115e-01
 Reference value :  1.02117e-01
 Reference value :  1.02120e-01
 Reference value :  1.02125e-01
 Reference value :  1.02127e-01
 Reference value :  1.02130e-01
 Reference value :  1.02133e-01
 Reference value :  1.02137e-01
 Reference value :  1.02140e-01
 Reference value :  1.02143e-01
 Reference value :  1.02147e-01
 Reference value :  1.02150e-01
 Reference value :  1.02152e-01
 Reference value :  1.02156e-01
 Reference value :  1.02159e-01
 Reference value :  1.02162e-01
 Reference value :  1.02166e-01
 Reference value :  1.02169e-01
 Reference value :  1.02173e-01
 Reference value :  1.02176e-01
 Reference value :  1.02179e-01
 Reference value :  1.02182e-01
 Reference value :  1.02184e-01
 Reference value :  1.02188e-01
 Reference value :  1.02191e-01
 Reference value :  1.02194e-01
 Reference value :  1.02198e-01
 Reference value :  1.02201e-01
 Reference value :  1.02204e-01
 Reference value :  1.02208e-01
 Reference value :  1.02211e-01
 Reference value :  1.02213e-01
 Reference value :  1.02217e-01
 Reference value :  1.02221e-01
 Reference value :  1.02223e-01
 Reference value :  1.02227e-01
 Reference value :  1.02230e-01
 Reference value :  1.02233e-01
 Reference value :  1.02237e-01
 Reference value :  1.02240e-01
 Reference value :  1.02243e-01
 Reference value :  1.02247e-01
 Reference value :  1.02249e-01
 Reference value :  1.02252e-01
 Reference value :  1.02255e-01
 Reference value :  1.02259e-01
 Reference value :  1.02262e-01
 Reference value :  1.02265e-01
 Reference value :  1.02267e-01
 Reference value :  1.02271e-01
 Reference value :  1.02274e-01
 Reference value :  1.02277e-01
 Reference value :  1.02281e-01
 Reference value :  1.02284e-01
 Reference value :  1.02287e-01
 Reference value :  1.02291e-01
 Reference value :  1.02293e-01
 Reference value :  1.02296e-01
 Reference value :  1.02299e-01
 Reference value :  1.02303e-01
 Reference value :  1.02306e-01
 Reference value :  1.02309e-01
 Reference value :  1.02313e-01
 Reference value :  1.02315e-01
 Reference value :  1.02318e-01
 Reference value :  1.02322e-01
 Reference value :  1.02326e-01
 Reference value :  1.02328e-01
 Reference value :  1.02332e-01
 Reference value :  1.02336e-01
 Reference value :  1.02338e-01
 Reference value :  1.02342e-01
 Reference value :  1.02345e-01
 Reference value :  1.02348e-01
 Reference value :  1.02350e-01
 Reference value :  1.02353e-01
 Reference value :  1.02357e-01
 Reference value :  1.02360e-01
 Reference value :  1.02364e-01
 Reference value :  1.02367e-01
 Reference value :  1.02370e-01
 Reference value :  1.02372e-01
 Reference value :  1.02376e-01
 Reference value :  1.02380e-01
 Reference value :  1.02382e-01
 Reference value :  1.02386e-01
 Reference value :  1.02390e-01
 Reference value :  1.02392e-01
 Reference value :  1.02396e-01
 Reference value :  1.02399e-01
 Reference value :  1.02403e-01
 Reference value :  1.02407e-01
 Reference value :  1.02409e-01
 Reference value :  1.02413e-01
 Reference value :  1.02416e-01
 Reference value :  1.02419e-01
 Reference value :  1.02423e-01
 Reference value :  1.02425e-01
 Reference value :  1.02429e-01
 Reference value :  1.02431e-01
 Reference value :  1.02435e-01
 Reference value :  1.02438e-01
 Reference value :  1.02441e-01
 Reference value :  1.02443e-01
 Reference value :  1.02447e-01
 Reference value :  1.02451e-01
 Reference value :  1.02454e-01
 Reference value :  1.02457e-01
 Reference value :  1.02460e-01
 Reference value :  1.02463e-01
 Reference value :  1.02465e-01
 Reference value :  1.02469e-01
 Reference value :  1.02473e-01
 Reference value :  1.02475e-01
 Reference value :  1.02478e-01
 Reference value :  1.02482e-01
 Reference value :  1.02484e-01
 Reference value :  1.02487e-01
 Reference value :  1.02491e-01
 Reference value :  1.02495e-01
 Reference value :  1.02497e-01
 Reference value :  1.02501e-01
 Reference value :  1.02504e-01
 Reference value :  1.02507e-01
 Reference value :  1.02511e-01
 Reference value :  1.02514e-01
 Reference value :  1.02517e-01
 Reference value :  1.02521e-01
 Reference value :  1.02524e-01
 Reference value :  1.02527e-01
 Reference value :  1.02531e-01
 Reference value :  1.02534e-01
 Reference value :  1.02536e-01
 Reference value :  1.02540e-01
 Reference value :  1.02543e-01
 Reference value :  1.02546e-01
 Reference value :  1.02550e-01
 Reference value :  1.02553e-01
 Reference value :  1.02556e-01
 Reference value :  1.02560e-01
 Reference value :  1.02563e-01
 Reference value :  1.02566e-01
 Reference value :  1.02570e-01
 Reference value :  1.02573e-01
 Reference value :  1.02575e-01
 Reference value :  1.02578e-01
 Reference value :  1.02582e-01
 Reference value :  1.02585e-01
 Reference value :  1.02588e-01
 Reference value :  1.02592e-01
 Reference value :  1.02595e-01
 Reference value :  1.02597e-01
 Reference value :  1.02601e-01
 Reference value :  1.02604e-01
 Reference value :  1.02607e-01
 Reference value :  1.02611e-01
 Reference value :  1.02614e-01
 Reference value :  1.02617e-01
 Reference value :  1.02619e-01
 Reference value :  1.02623e-01
 Reference value :  1.02627e-01
 Reference value :  1.02629e-01
 Reference value :  1.02632e-01
 Reference value :  1.02636e-01
 Reference value :  1.02638e-01
 Reference value :  1.02641e-01
 Reference value :  1.02644e-01
 Reference value :  1.02648e-01
 Reference value :  1.02650e-01
 Reference value :  1.02654e-01
 Reference value :  1.02656e-01
 Reference value :  1.02658e-01
 Reference value :  1.02663e-01
 Reference value :  1.02666e-01
 Reference value :  1.02668e-01
 Reference value :  1.02672e-01
 Reference value :  1.02675e-01
 Reference value :  1.02678e-01
 Reference value :  1.02682e-01
 Reference value :  1.02685e-01
 Reference value :  1.02688e-01
 Reference value :  1.02692e-01
 Reference value :  1.02695e-01
 Reference value :  1.02698e-01
 Reference value :  1.02702e-01
 Reference value :  1.02705e-01
 Reference value :  1.02707e-01
 Reference value :  1.02711e-01
 Reference value :  1.02715e-01
 Reference value :  1.02718e-01
 Reference value :  1.02721e-01
 Reference value :  1.02724e-01
 Reference value :  1.02727e-01
 Reference value :  1.02731e-01
 Reference value :  1.02734e-01
 Reference value :  1.02737e-01
 Reference value :  1.02741e-01
 Reference value :  1.02744e-01
 Reference value :  1.02746e-01
 Reference value :  1.02750e-01
 Reference value :  1.02754e-01
 Reference value :  1.02756e-01
 Reference value :  1.02760e-01
 Reference value :  1.02763e-01
 Reference value :  1.02766e-01
 Reference value :  1.02770e-01
 Reference value :  1.02772e-01
 Reference value :  1.02776e-01
 Reference value :  1.02778e-01
 Reference value :  1.02782e-01
 Reference value :  1.02785e-01
 Reference value :  1.02788e-01
 Reference value :  1.02792e-01
 Reference value :  1.02795e-01
 Reference value :  1.02798e-01
 Reference value :  1.02802e-01
 Reference value :  1.02804e-01
 Reference value :  1.02807e-01
 Reference value :  1.02810e-01
 Reference value :  1.02814e-01
 Reference value :  1.02817e-01
 Reference value :  1.02820e-01
 Reference value :  1.02822e-01
 Reference value :  1.02826e-01
 Reference value :  1.02830e-01
 Reference value :  1.02832e-01
 Reference value :  1.02836e-01
 Reference value :  1.02839e-01
 Reference value :  1.02842e-01
 Reference value :  1.02844e-01
 Reference value :  1.02848e-01
 Reference value :  1.02852e-01
 Reference value :  1.02854e-01
 Reference value :  1.02858e-01
 Reference value :  1.02861e-01
 Reference value :  1.02865e-01
 Reference value :  1.02869e-01
 Reference value :  1.02871e-01
 Reference value :  1.02874e-01
 Reference value :  1.02878e-01
 Reference value :  1.02880e-01
 Reference value :  1.02883e-01
 Reference value :  1.02886e-01
 Reference value :  1.02890e-01
 Reference value :  1.02893e-01
 Reference value :  1.02896e-01
 Reference value :  1.02900e-01
 Reference value :  1.02902e-01
 Reference value :  1.02905e-01
 Reference value :  1.02908e-01
 Reference value :  1.02912e-01
 Reference value :  1.02915e-01
 Reference value :  1.02918e-01
 Reference value :  1.02920e-01
 Reference value :  1.02924e-01
 Reference value :  1.02927e-01
 Reference value :  1.02930e-01
 Reference value :  1.02932e-01
 Reference value :  1.02936e-01
 Reference value :  1.02940e-01
 Reference value :  1.02942e-01
 Reference value :  1.02946e-01
 Reference value :  1.02948e-01
 Reference value :  1.02952e-01
 Reference value :  1.02955e-01
 Reference value :  1.02958e-01
 Reference value :  1.02961e-01
 Reference value :  1.02964e-01
 Reference value :  1.02968e-01
 Reference value :  1.02971e-01
 Reference value :  1.02974e-01
 Reference value :  1.02978e-01
 Reference value :  1.02981e-01
 Reference value :  1.02984e-01
 Reference value :  1.02988e-01
 Reference value :  1.02991e-01
 Reference value :  1.02993e-01
 Reference value :  1.02997e-01
 Reference value :  1.03001e-01
 Reference value :  1.03003e-01
 Reference value :  1.03007e-01
 Reference value :  1.03010e-01
 Reference value :  1.03013e-01
 Reference value :  1.03015e-01
 Reference value :  1.03018e-01
 Reference value :  1.03022e-01
 Reference value :  1.03025e-01
 Reference value :  1.03028e-01
 Reference value :  1.03032e-01
 Reference value :  1.03035e-01
 Reference value :  1.03037e-01
 Reference value :  1.03040e-01
 Reference value :  1.03044e-01
 Reference value :  1.03047e-01
 Reference value :  1.03050e-01
 Reference value :  1.03053e-01
 Reference value :  1.03056e-01
 Reference value :  1.03059e-01
 Reference value :  1.03062e-01
 Reference value :  1.03066e-01
 Reference value :  1.03068e-01
 Reference value :  1.03072e-01
 Reference value :  1.03074e-01
 Reference value :  1.03078e-01
 Reference value :  1.03081e-01
 Reference value :  1.03084e-01
 Reference value :  1.03088e-01
 Reference value :  1.03091e-01
 Reference value :  1.03094e-01
 Reference value :  1.03098e-01
 Reference value :  1.03101e-01
 Reference value :  1.03104e-01
 Reference value :  1.03107e-01
 Reference value :  1.03110e-01
 Reference value :  1.03113e-01
 Reference value :  1.03116e-01
 Reference value :  1.03120e-01
 Reference value :  1.03123e-01
 Reference value :  1.03126e-01
 Reference value :  1.03129e-01
 Reference value :  1.03133e-01
 Reference value :  1.03135e-01
 Reference value :  1.03139e-01
 Reference value :  1.03143e-01
 Reference value :  1.03145e-01
 Reference value :  1.03149e-01
 Reference value :  1.03151e-01
 Reference value :  1.03155e-01
 Reference value :  1.03157e-01
 Reference value :  1.03161e-01
 Reference value :  1.03164e-01
 Reference value :  1.03167e-01
 Reference value :  1.03171e-01
 Reference value :  1.03174e-01
 Reference value :  1.03177e-01
 Reference value :  1.03181e-01
 Reference value :  1.03184e-01
 Reference value :  1.03186e-01
 Reference value :  1.03190e-01
 Reference value :  1.03193e-01
 Reference value :  1.03196e-01
 Reference value :  1.03199e-01
 Reference value :  1.03203e-01
 Reference value :  1.03206e-01
 Reference value :  1.03209e-01
 Reference value :  1.03212e-01
 Reference value :  1.03216e-01
 Reference value :  1.03218e-01
 Reference value :  1.03222e-01
 Reference value :  1.03225e-01
 Reference value :  1.03228e-01
 Reference value :  1.03231e-01
 Reference value :  1.03234e-01
 Reference value :  1.03237e-01
 Reference value :  1.03240e-01
 Reference value :  1.03243e-01
 Reference value :  1.03247e-01
 Reference value :  1.03250e-01
 Reference value :  1.03252e-01
 Reference value :  1.03255e-01
 Reference value :  1.03259e-01
 Reference value :  1.03262e-01
 Reference value :  1.03265e-01
 Reference value :  1.03267e-01
 Reference value :  1.03271e-01
 Reference value :  1.03274e-01
 Reference value :  1.03277e-01
 Reference value :  1.03281e-01
 Reference value :  1.03284e-01
 Reference value :  1.03287e-01
 Reference value :  1.03291e-01
 Reference value :  1.03294e-01
 Reference value :  1.03297e-01
 Reference value :  1.03300e-01
 Reference value :  1.03303e-01
 Reference value :  1.03306e-01
 Reference value :  1.03309e-01
 Reference value :  1.03313e-01
 Reference value :  1.03316e-01
 Reference value :  1.03319e-01
 Reference value :  1.03323e-01
 Reference value :  1.03326e-01
 Reference value :  1.03330e-01
 Reference value :  1.03332e-01
 Reference value :  1.03336e-01
 Reference value :  1.03338e-01
 Reference value :  1.03342e-01
 Reference value :  1.03345e-01
 Reference value :  1.03348e-01
 Reference value :  1.03352e-01
 Reference value :  1.03355e-01
 Reference value :  1.03358e-01
 Reference value :  1.03360e-01
 Reference value :  1.03364e-01
 Reference value :  1.03368e-01
 Reference value :  1.03370e-01
 Reference value :  1.03373e-01
 Reference value :  1.03376e-01
 Reference value :  1.03380e-01
 Reference value :  1.03382e-01
 Reference value :  1.03386e-01
 Reference value :  1.03389e-01
 Reference value :  1.03393e-01
 Reference value :  1.03397e-01
 Reference value :  1.03399e-01
 Reference value :  1.03403e-01
 Reference value :  1.03406e-01
 Reference value :  1.03409e-01
 Reference value :  1.03411e-01
 Reference value :  1.03415e-01
 Reference value :  1.03418e-01
 Reference value :  1.03421e-01
 Reference value :  1.03424e-01
 Reference value :  1.03428e-01
 Reference value :  1.03431e-01
 Reference value :  1.03434e-01
 Reference value :  1.03436e-01
 Reference value :  1.03440e-01
 Reference value :  1.03443e-01
 Reference value :  1.03446e-01
 Reference value :  1.03450e-01
 Reference value :  1.03453e-01
 Reference value :  1.03456e-01
 Reference value :  1.03460e-01
 Reference value :  1.03463e-01
 Reference value :  1.03465e-01
 Reference value :  1.03469e-01
 Reference value :  1.03473e-01
 Reference value :  1.03475e-01
 Reference value :  1.03479e-01
 Reference value :  1.03482e-01
 Reference value :  1.03485e-01
 Reference value :  1.03489e-01
 Reference value :  1.03491e-01
 Reference value :  1.03495e-01
 Reference value :  1.03498e-01
 Reference value :  1.03501e-01
 Reference value :  1.03504e-01
 Reference value :  1.03508e-01
 Reference value :  1.03511e-01
 Reference value :  1.03514e-01
 Reference value :  1.03518e-01
 Reference value :  1.03521e-01
 Reference value :  1.03524e-01
 Reference value :  1.03528e-01
 Reference value :  1.03531e-01
 Reference value :  1.03534e-01
 Reference value :  1.03538e-01
 Reference value :  1.03541e-01
 Reference value :  1.03543e-01
 Reference value :  1.03547e-01
 Reference value :  1.03550e-01
 Reference value :  1.03553e-01
 Reference value :  1.03557e-01
 Reference value :  1.03560e-01
 Reference value :  1.03563e-01
 Reference value :  1.03567e-01
 Reference value :  1.03569e-01
 Reference value :  1.03573e-01
 Reference value :  1.03577e-01
 Reference value :  1.03580e-01
 Reference value :  1.03583e-01
 Reference value :  1.03587e-01
 Reference value :  1.03590e-01
 Reference value :  1.03593e-01
 Reference value :  1.03596e-01
 Reference value :  1.03600e-01
 Reference value :  1.03602e-01
 Reference value :  1.03605e-01
 Reference value :  1.03609e-01
 Reference value :  1.03612e-01
 Reference value :  1.03616e-01
 Reference value :  1.03618e-01
 Reference value :  1.03622e-01
 Reference value :  1.03624e-01
 Reference value :  1.03628e-01
 Reference value :  1.03632e-01
 Reference value :  1.03634e-01
 Reference value :  1.03638e-01
 Reference value :  1.03640e-01
 Reference value :  1.03644e-01
 Reference value :  1.03646e-01
 Reference value :  1.03650e-01
 Reference value :  1.03654e-01
 Reference value :  1.03656e-01
 Reference value :  1.03660e-01
 Reference value :  1.03663e-01
 Reference value :  1.03666e-01
 Reference value :  1.03670e-01
 Reference value :  1.03673e-01
 Reference value :  1.03676e-01
 Reference value :  1.03678e-01
 Reference value :  1.03682e-01
 Reference value :  1.03685e-01
 Reference value :  1.03688e-01
 Reference value :  1.03690e-01
 Reference value :  1.03694e-01
 Reference value :  1.03698e-01
 Reference value :  1.03700e-01
 Reference value :  1.03704e-01
 Reference value :  1.03707e-01
 Reference value :  1.03711e-01
 Reference value :  1.03714e-01
 Reference value :  1.03717e-01
 Reference value :  1.03721e-01
 Reference value :  1.03724e-01
 Reference value :  1.03727e-01
 Reference value :  1.03731e-01
 Reference value :  1.03733e-01
 Reference value :  1.03737e-01
 Reference value :  1.03739e-01
 Reference value :  1.03743e-01
 Reference value :  1.03747e-01
 Reference value :  1.03749e-01
 Reference value :  1.03752e-01
 Reference value :  1.03755e-01
 Reference value :  1.03759e-01
 Reference value :  1.03761e-01
 Reference value :  1.03765e-01
 Reference value :  1.03768e-01
 Reference value :  1.03771e-01
 Reference value :  1.03774e-01
 Reference value :  1.03777e-01
 Reference value :  1.03781e-01
 Reference value :  1.03785e-01
 Reference value :  1.03788e-01
 Reference value :  1.03791e-01
 Reference value :  1.03795e-01
 Reference value :  1.03798e-01
 Reference value :  1.03800e-01
 Reference value :  1.03804e-01
 Reference value :  1.03808e-01
 Reference value :  1.03810e-01
 Reference value :  1.03814e-01
 Reference value :  1.03818e-01
 Reference value :  1.03820e-01
 Reference value :  1.03824e-01
 Reference value :  1.03826e-01
 Reference value :  1.03830e-01
 Reference value :  1.03832e-01
 Reference value :  1.03836e-01
 Reference value :  1.03839e-01
 Reference value :  1.03842e-01
 Reference value :  1.03846e-01
 Reference value :  1.03848e-01
 Reference value :  1.03852e-01
 Reference value :  1.03854e-01
 Reference value :  1.03858e-01
 Reference value :  1.03862e-01
 Reference value :  1.03864e-01
 Reference value :  1.03868e-01
 Reference value :  1.03871e-01
 Reference value :  1.03874e-01
 Reference value :  1.03878e-01
 Reference value :  1.03881e-01
 Reference value :  1.03884e-01
 Reference value :  1.03888e-01
 Reference value :  1.03891e-01
 Reference value :  1.03893e-01
 Reference value :  1.03897e-01
 Reference value :  1.03900e-01
 Reference value :  1.03903e-01
 Reference value :  1.03906e-01
 Reference value :  1.03908e-01
 Reference value :  1.03912e-01
 Reference value :  1.03915e-01
 Reference value :  1.03918e-01
 Reference value :  1.03922e-01
 Reference value :  1.03925e-01
 Reference value :  1.03928e-01
 Reference value :  1.03930e-01
 Reference value :  1.03934e-01
 Reference value :  1.03936e-01
 Reference value :  1.03940e-01
 Reference value :  1.03942e-01
 Reference value :  1.03946e-01
 Reference value :  1.03949e-01
 Reference value :  1.03952e-01
 Reference value :  1.03954e-01
 Reference value :  1.03958e-01
 Reference value :  1.03962e-01
 Reference value :  1.03964e-01
 Reference value :  1.03968e-01
 Reference value :  1.03970e-01
 Reference value :  1.03974e-01
 Reference value :  1.03976e-01
 Reference value :  1.03979e-01
 Reference value :  1.03983e-01
 Reference value :  1.03986e-01
 Reference value :  1.03988e-01
 Reference value :  1.03992e-01
 Reference value :  1.03996e-01
 Reference value :  1.03998e-01
 Reference value :  1.04001e-01
 Reference value :  1.04004e-01
 Reference value :  1.04008e-01
 Reference value :  1.04011e-01
 Reference value :  1.04014e-01
 Reference value :  1.04018e-01
 Reference value :  1.04020e-01
 Reference value :  1.04024e-01
 Reference value :  1.04027e-01
 Reference value :  1.04030e-01
 Reference value :  1.04032e-01
 Reference value :  1.04036e-01
 Reference value :  1.04040e-01
 Reference value :  1.04042e-01
 Reference value :  1.04046e-01
 Reference value :  1.04048e-01
 Reference value :  1.04052e-01
 Reference value :  1.04054e-01
 Reference value :  1.04058e-01
 Reference value :  1.04062e-01
 Reference value :  1.04064e-01
 Reference value :  1.04067e-01
 Reference value :  1.04070e-01
 Reference value :  1.04073e-01
 Reference value :  1.04076e-01
 Reference value :  1.04079e-01
 Reference value :  1.04083e-01
 Reference value :  1.04086e-01
 Reference value :  1.04089e-01
 Reference value :  1.04092e-01
 Reference value :  1.04096e-01
 Reference value :  1.04098e-01
 Reference value :  1.04102e-01
 Reference value :  1.04105e-01
 Reference value :  1.04108e-01
 Reference value :  1.04111e-01
 Reference value :  1.04115e-01
 Reference value :  1.04118e-01
 Reference value :  1.04121e-01
 Reference value :  1.04124e-01
 Reference value :  1.04128e-01
 Reference value :  1.04130e-01
 Reference value :  1.04134e-01
 Reference value :  1.04138e-01
 Reference value :  1.04140e-01
 Reference value :  1.04143e-01
 Reference value :  1.04146e-01
 Reference value :  1.04150e-01
 Reference value :  1.04152e-01
 Reference value :  1.04156e-01
 Reference value :  1.04159e-01
 Reference value :  1.04162e-01
 Reference value :  1.04166e-01
 Reference value :  1.04168e-01
 Reference value :  1.04172e-01
 Reference value :  1.04176e-01
 Reference value :  1.04178e-01
 Reference value :  1.04181e-01
 Reference value :  1.04184e-01
 Reference value :  1.04186e-01
 Reference value :  1.04190e-01
 Reference value :  1.04194e-01
 Reference value :  1.04196e-01
 Reference value :  1.04200e-01
 Reference value :  1.04203e-01
 Reference value :  1.04206e-01
 Reference value :  1.04209e-01
 Reference value :  1.04212e-01
 Reference value :  1.04216e-01
 Reference value :  1.04220e-01
 Reference value :  1.04222e-01
 Reference value :  1.04226e-01
 Reference value :  1.04228e-01
 Reference value :  1.04232e-01
 Reference value :  1.04235e-01
 Reference value :  1.04238e-01
 Reference value :  1.04240e-01
 Reference value :  1.04244e-01
 Reference value :  1.04247e-01
 Reference value :  1.04250e-01
 Reference value :  1.04252e-01
 Reference value :  1.04256e-01
 Reference value :  1.04260e-01
 Reference value :  1.04262e-01
 Reference value :  1.04265e-01
 Reference value :  1.04268e-01
 Reference value :  1.04272e-01
 Reference value :  1.04276e-01
 Reference value :  1.04279e-01
 Reference value :  1.04282e-01
 Reference value :  1.04286e-01
 Reference value :  1.04289e-01
 Reference value :  1.04292e-01
 Reference value :  1.04295e-01
 Reference value :  1.04299e-01
 Reference value :  1.04301e-01
 Reference value :  1.04305e-01
 Reference value :  1.04309e-01
 Reference value :  1.04311e-01
 Reference value :  1.04314e-01
 Reference value :  1.04317e-01
 Reference value :  1.04321e-01
 Reference value :  1.04323e-01
 Reference value :  1.04326e-01
 Reference value :  1.04330e-01
 Reference value :  1.04333e-01
 Reference value :  1.04336e-01
 Reference value :  1.04338e-01
 Reference value :  1.04342e-01
 Reference value :  1.04345e-01
 Reference value :  1.04348e-01
 Reference value :  1.04353e-01
 Reference value :  1.04355e-01
 Reference value :  1.04359e-01
 Reference value :  1.04362e-01
 Reference value :  1.04364e-01
 Reference value :  1.04367e-01
 Reference value :  1.04371e-01
 Reference value :  1.04375e-01
 Reference value :  1.04377e-01
 Reference value :  1.04380e-01
 Reference value :  1.04384e-01
 Reference value :  1.04387e-01
 Reference value :  1.04389e-01
 Reference value :  1.04393e-01
 Reference value :  1.04397e-01
 Reference value :  1.04399e-01
 Reference value :  1.04402e-01
 Reference value :  1.04406e-01
 Reference value :  1.04409e-01
 Reference value :  1.04412e-01
 Reference value :  1.04415e-01
 Reference value :  1.04418e-01
 Reference value :  1.04421e-01
 Reference value :  1.04424e-01
 Reference value :  1.04428e-01
 Reference value :  1.04430e-01
 Reference value :  1.04434e-01
 Reference value :  1.04436e-01
 Reference value :  1.04440e-01
 Reference value :  1.04442e-01
 Reference value :  1.04446e-01
 Reference value :  1.04448e-01
 Reference value :  1.04452e-01
 Reference value :  1.04455e-01
 Reference value :  1.04458e-01
 Reference value :  1.04462e-01
 Reference value :  1.04465e-01
 Reference value :  1.04468e-01
 Reference value :  1.04470e-01
 Reference value :  1.04474e-01
 Reference value :  1.04477e-01
 Reference value :  1.04480e-01
 Reference value :  1.04484e-01
 Reference value :  1.04487e-01
 Reference value :  1.04490e-01
 Reference value :  1.04493e-01
 Reference value :  1.04497e-01
 Reference value :  1.04499e-01
 Reference value :  1.04502e-01
 Reference value :  1.04506e-01
 Reference value :  1.04509e-01
 Reference value :  1.04512e-01
 Reference value :  1.04516e-01
 Reference value :  1.04518e-01
 Reference value :  1.04522e-01
 Reference value :  1.04524e-01
 Reference value :  1.04528e-01
 Reference value :  1.04530e-01
 Reference value :  1.04534e-01
 Reference value :  1.04536e-01
 Reference value :  1.04540e-01
 Reference value :  1.04544e-01
 Reference value :  1.04546e-01
 Reference value :  1.04550e-01
 Reference value :  1.04553e-01
 Reference value :  1.04556e-01
 Reference value :  1.04560e-01
 Reference value :  1.04562e-01
 Reference value :  1.04566e-01
 Reference value :  1.04569e-01
 Reference value :  1.04573e-01
 Reference value :  1.04575e-01
 Reference value :  1.04579e-01
 Reference value :  1.04583e-01
 Reference value :  1.04585e-01
 Reference value :  1.04589e-01
 Reference value :  1.04593e-01
 Reference value :  1.04595e-01
 Reference value :  1.04599e-01
 Reference value :  1.04602e-01
 Reference value :  1.04606e-01
 Reference value :  1.04609e-01
 Reference value :  1.04612e-01
 Reference value :  1.04615e-01
 Reference value :  1.04618e-01
 Reference value :  1.04622e-01
 Reference value :  1.04624e-01
 Reference value :  1.04627e-01
 Reference value :  1.04631e-01
 Reference value :  1.04634e-01
 Reference value :  1.04637e-01
 Reference value :  1.04640e-01
 Reference value :  1.04644e-01
 Reference value :  1.04646e-01
 Reference value :  1.04650e-01
 Reference value :  1.04654e-01
 Reference value :  1.04656e-01
 Reference value :  1.04659e-01
 Reference value :  1.04663e-01
 Reference value :  1.04666e-01
 Reference value :  1.04668e-01
 Reference value :  1.04672e-01
 Reference value :  1.04676e-01
 Reference value :  1.04678e-01
 Reference value :  1.04681e-01
 Reference value :  1.04685e-01
 Reference value :  1.04688e-01
 Reference value :  1.04692e-01
 Reference value :  1.04694e-01
 Reference value :  1.04698e-01
 Reference value :  1.04700e-01
 Reference value :  1.04704e-01
 Reference value :  1.04708e-01
 Reference value :  1.04710e-01
 Reference value :  1.04714e-01
 Reference value :  1.04716e-01
 Reference value :  1.04720e-01
 Reference value :  1.04722e-01
 Reference value :  1.04725e-01
 Reference value :  1.04729e-01
 Reference value :  1.04732e-01
 Reference value :  1.04734e-01
 Reference value :  1.04738e-01
 Reference value :  1.04742e-01
 Reference value :  1.04744e-01
 Reference value :  1.04747e-01
 Reference value :  1.04751e-01
 Reference value :  1.04754e-01
 Reference value :  1.04757e-01
 Reference value :  1.04759e-01
 Reference value :  1.04763e-01
 Reference value :  1.04765e-01
 Reference value :  1.04769e-01
 Reference value :  1.04771e-01
 Reference value :  1.04775e-01
 Reference value :  1.04779e-01
 Reference value :  1.04781e-01
 Reference value :  1.04785e-01
 Reference value :  1.04788e-01
 Reference value :  1.04791e-01
 Reference value :  1.04795e-01
 Reference value :  1.04798e-01
 Reference value :  1.04801e-01
 Reference value :  1.04804e-01
 Reference value :  1.04808e-01
 Reference value :  1.04810e-01
 Reference value :  1.04814e-01
 Reference value :  1.04818e-01
 Reference value :  1.04820e-01
 Reference value :  1.04824e-01
 Reference value :  1.04827e-01
 Reference value :  1.04830e-01
 Reference value :  1.04834e-01
 Reference value :  1.04837e-01
 Reference value :  1.04840e-01
 Reference value :  1.04844e-01
 Reference value :  1.04847e-01
 Reference value :  1.04850e-01
 Reference value :  1.04853e-01
 Reference value :  1.04856e-01
 Reference value :  1.04859e-01
 Reference value :  1.04862e-01
 Reference value :  1.04866e-01
 Reference value :  1.04869e-01
 Reference value :  1.04872e-01
 Reference value :  1.04875e-01
 Reference value :  1.04879e-01
 Reference value :  1.04881e-01
 Reference value :  1.04885e-01
 Reference value :  1.04889e-01
 Reference value :  1.04892e-01
 Reference value :  1.04896e-01
 Reference value :  1.04898e-01
 Reference value :  1.04902e-01
 Reference value :  1.04906e-01
 Reference value :  1.04908e-01
 Reference value :  1.04911e-01
 Reference value :  1.04915e-01
 Reference value :  1.04918e-01
 Reference value :  1.04920e-01
 Reference value :  1.04924e-01
 Reference value :  1.04928e-01
 Reference value :  1.04930e-01
 Reference value :  1.04934e-01
 Reference value :  1.04937e-01
 Reference value :  1.04940e-01
 Reference value :  1.04944e-01
 Reference value :  1.04947e-01
 Reference value :  1.04950e-01
 Reference value :  1.04952e-01
 Reference value :  1.04956e-01
 Reference value :  1.04960e-01
 Reference value :  1.04962e-01
 Reference value :  1.04966e-01
 Reference value :  1.04968e-01
 Reference value :  1.04972e-01
 Reference value :  1.04974e-01
 Reference value :  1.04979e-01
 Reference value :  1.04982e-01
 Reference value :  1.04984e-01
 Reference value :  1.04988e-01
 Reference value :  1.04991e-01
 Reference value :  1.04994e-01
 Reference value :  1.04997e-01
 Reference value :  1.05001e-01
 Reference value :  1.05004e-01
 Reference value :  1.05006e-01
 Reference value :  1.05010e-01
 Reference value :  1.05013e-01
 Reference value :  1.05016e-01
 Reference value :  1.05018e-01
 Reference value :  1.05022e-01
 Reference value :  1.05025e-01
 Reference value :  1.05028e-01
 Reference value :  1.05032e-01
 Reference value :  1.05034e-01
 Reference value :  1.05038e-01
 Reference value :  1.05040e-01
 Reference value :  1.05043e-01
 Reference value :  1.05047e-01
 Reference value :  1.05050e-01
 Reference value :  1.05053e-01
 Reference value :  1.05055e-01
 Reference value :  1.05059e-01
 Reference value :  1.05062e-01
 Reference value :  1.05065e-01
 Reference value :  1.05069e-01
 Reference value :  1.05072e-01
 Reference value :  1.05075e-01
 Reference value :  1.05078e-01
 Reference value :  1.05081e-01
 Reference value :  1.05084e-01
 Reference value :  1.05087e-01
 Reference value :  1.05091e-01
 Reference value :  1.05094e-01
 Reference value :  1.05097e-01
 Reference value :  1.05100e-01
 Reference value :  1.05104e-01
 Reference value :  1.05106e-01
 Reference value :  1.05110e-01
 Reference value :  1.05113e-01
 Reference value :  1.05116e-01
 Reference value :  1.05120e-01
 Reference value :  1.05123e-01
 Reference value :  1.05126e-01
 Reference value :  1.05130e-01
 Reference value :  1.05133e-01
 Reference value :  1.05136e-01
 Reference value :  1.05140e-01
 Reference value :  1.05143e-01
 Reference value :  1.05146e-01
 Reference value :  1.05150e-01
 Reference value :  1.05153e-01
 Reference value :  1.05155e-01
 Reference value :  1.05159e-01
 Reference value :  1.05163e-01
 Reference value :  1.05167e-01
 Reference value :  1.05169e-01
 Reference value :  1.05173e-01
 Reference value :  1.05175e-01
 Reference value :  1.05179e-01
 Reference value :  1.05181e-01
 Reference value :  1.05185e-01
 Reference value :  1.05187e-01
 Reference value :  1.05191e-01
 Reference value :  1.05195e-01
 Reference value :  1.05198e-01
 Reference value :  1.05202e-01
 Reference value :  1.05204e-01
 Reference value :  1.05207e-01
 Reference value :  1.05211e-01
 Reference value :  1.05213e-01
 Reference value :  1.05217e-01
 Reference value :  1.05220e-01
 Reference value :  1.05224e-01
 Reference value :  1.05228e-01
 Reference value :  1.05231e-01
 Reference value :  1.05234e-01
 Reference value :  1.05236e-01
 Reference value :  1.05240e-01
 Reference value :  1.05243e-01
 Reference value :  1.05246e-01
 Reference value :  1.05250e-01
 Reference value :  1.05252e-01
 Reference value :  1.05256e-01
 Reference value :  1.05258e-01
 Reference value :  1.05261e-01
 Reference value :  1.05264e-01
 Reference value :  1.05268e-01
 Reference value :  1.05270e-01
 Reference value :  1.05274e-01
 Reference value :  1.05277e-01
 Reference value :  1.05280e-01
 Reference value :  1.05284e-01
 Reference value :  1.05287e-01
 Reference value :  1.05290e-01
 Reference value :  1.05294e-01
 Reference value :  1.05296e-01
 Reference value :  1.05300e-01
 Reference value :  1.05302e-01
 Reference value :  1.05305e-01
 Reference value :  1.05308e-01
 Reference value :  1.05312e-01
 Reference value :  1.05314e-01
 Reference value :  1.05318e-01
 Reference value :  1.05322e-01
 Reference value :  1.05324e-01
 Reference value :  1.05327e-01
 Reference value :  1.05330e-01
 Reference value :  1.05333e-01
 Reference value :  1.05336e-01
 Reference value :  1.05339e-01
 Reference value :  1.05341e-01
 Reference value :  1.05345e-01
 Reference value :  1.05349e-01
 Reference value :  1.05351e-01
 Reference value :  1.05355e-01
 Reference value :  1.05357e-01
 Reference value :  1.05360e-01
 Reference value :  1.05363e-01
 Reference value :  1.05367e-01
 Reference value :  1.05370e-01
 Reference value :  1.05373e-01
 Reference value :  1.05376e-01
 Reference value :  1.05379e-01
 Reference value :  1.05382e-01
 Reference value :  1.05385e-01
 Reference value :  1.05388e-01
 Reference value :  1.05390e-01
 Reference value :  1.05394e-01
 Reference value :  1.05398e-01
 Reference value :  1.05400e-01
 Reference value :  1.05403e-01
 Reference value :  1.05405e-01
 Reference value :  1.05409e-01
 Reference value :  1.05412e-01
 Reference value :  1.05415e-01
 Reference value :  1.05419e-01
 Reference value :  1.05422e-01
 Reference value :  1.05425e-01
 Reference value :  1.05427e-01
 Reference value :  1.05430e-01
 Reference value :  1.05433e-01
 Reference value :  1.05436e-01
 Reference value :  1.05439e-01
 Reference value :  1.05442e-01
 Reference value :  1.05445e-01
 Reference value :  1.05448e-01
 Reference value :  1.05451e-01
 Reference value :  1.05454e-01
 Reference value :  1.05458e-01
 Reference value :  1.05461e-01
 Reference value :  1.05464e-01
 Reference value :  1.05468e-01
 Reference value :  1.05471e-01
 Reference value :  1.05473e-01
 Reference value :  1.05477e-01
 Reference value :  1.05481e-01
 Reference value :  1.05483e-01
 Reference value :  1.05487e-01
 Reference value :  1.05489e-01
 Reference value :  1.05493e-01
 Reference value :  1.05497e-01
 Reference value :  1.05499e-01
 Reference value :  1.05503e-01
 Reference value :  1.05505e-01
 Reference value :  1.05509e-01
 Reference value :  1.05512e-01
 Reference value :  1.05515e-01
 Reference value :  1.05519e-01
 Reference value :  1.05521e-01
 Reference value :  1.05525e-01
 Reference value :  1.05529e-01
 Reference value :  1.05531e-01
 Reference value :  1.05534e-01
 Reference value :  1.05537e-01
 Reference value :  1.05541e-01
 Reference value :  1.05544e-01
 Reference value :  1.05547e-01
 Reference value :  1.05549e-01
 Reference value :  1.05553e-01
 Reference value :  1.05556e-01
 Reference value :  1.05559e-01
 Reference value :  1.05563e-01
 Reference value :  1.05565e-01
 Reference value :  1.05569e-01
 Reference value :  1.05571e-01
 Reference value :  1.05574e-01
 Reference value :  1.05578e-01
 Reference value :  1.05580e-01
 Reference value :  1.05583e-01
 Reference value :  1.05586e-01
 Reference value :  1.05590e-01
 Reference value :  1.05592e-01
 Reference value :  1.05596e-01
 Reference value :  1.05598e-01
 Reference value :  1.05602e-01
 Reference value :  1.05605e-01
 Reference value :  1.05608e-01
 Reference value :  1.05612e-01
 Reference value :  1.05615e-01
 Reference value :  1.05618e-01
 Reference value :  1.05620e-01
 Reference value :  1.05623e-01
 Reference value :  1.05626e-01
 Reference value :  1.05630e-01
 Reference value :  1.05632e-01
 Reference value :  1.05636e-01
 Reference value :  1.05639e-01
 Reference value :  1.05642e-01
 Reference value :  1.05645e-01
 Reference value :  1.05648e-01
 Reference value :  1.05651e-01
 Reference value :  1.05654e-01
 Reference value :  1.05657e-01
 Reference value :  1.05661e-01
 Reference value :  1.05664e-01
 Reference value :  1.05667e-01
 Reference value :  1.05669e-01
 Reference value :  1.05672e-01
 Reference value :  1.05676e-01
 Reference value :  1.05679e-01
 Reference value :  1.05681e-01
 Reference value :  1.05685e-01
 Reference value :  1.05689e-01
 Reference value :  1.05691e-01
 Reference value :  1.05694e-01
 Reference value :  1.05697e-01
 Reference value :  1.05701e-01
 Reference value :  1.05703e-01
 Reference value :  1.05707e-01
 Reference value :  1.05710e-01
 Reference value :  1.05713e-01
 Reference value :  1.05715e-01
 Reference value :  1.05719e-01
 Reference value :  1.05722e-01
 Reference value :  1.05725e-01
 Reference value :  1.05728e-01
 Reference value :  1.05732e-01
 Reference value :  1.05734e-01
 Reference value :  1.05737e-01
 Reference value :  1.05741e-01
 Reference value :  1.05745e-01
 Reference value :  1.05747e-01
 Reference value :  1.05750e-01
 Reference value :  1.05754e-01
 Reference value :  1.05756e-01
 Reference value :  1.05759e-01
 Reference value :  1.05762e-01
 Reference value :  1.05765e-01
 Reference value :  1.05768e-01
 Reference value :  1.05772e-01
 Reference value :  1.05774e-01
 Reference value :  1.05778e-01
 Reference value :  1.05781e-01
 Reference value :  1.05784e-01
 Reference value :  1.05786e-01
 Reference value :  1.05790e-01
 Reference value :  1.05794e-01
 Reference value :  1.05798e-01
 Reference value :  1.05800e-01
 Reference value :  1.05803e-01
 Reference value :  1.05806e-01
 Reference value :  1.05810e-01
 Reference value :  1.05813e-01
 Reference value :  1.05816e-01
 Reference value :  1.05818e-01
 Reference value :  1.05822e-01
 Reference value :  1.05826e-01
 Reference value :  1.05828e-01
 Reference value :  1.05830e-01
 Reference value :  1.05834e-01
 Reference value :  1.05838e-01
 Reference value :  1.05840e-01
 Reference value :  1.05844e-01
 Reference value :  1.05847e-01
 Reference value :  1.05850e-01
 Reference value :  1.05854e-01
 Reference value :  1.05857e-01
 Reference value :  1.05860e-01
 Reference value :  1.05862e-01
 Reference value :  1.05866e-01
 Reference value :  1.05869e-01
 Reference value :  1.05872e-01
 Reference value :  1.05876e-01
 Reference value :  1.05878e-01
 Reference value :  1.05882e-01
 Reference value :  1.05885e-01
 Reference value :  1.05889e-01
 Reference value :  1.05891e-01
 Reference value :  1.05894e-01
 Reference value :  1.05898e-01
 Reference value :  1.05900e-01
 Reference value :  1.05904e-01
 Reference value :  1.05906e-01
 Reference value :  1.05910e-01
 Reference value :  1.05912e-01
 Reference value :  1.05916e-01
 Reference value :  1.05920e-01
 Reference value :  1.05922e-01
 Reference value :  1.05926e-01
 Reference value :  1.05928e-01
 Reference value :  1.05932e-01
 Reference value :  1.05935e-01
 Reference value :  1.05938e-01
 Reference value :  1.05942e-01
 Reference value :  1.05945e-01
 Reference value :  1.05948e-01
 Reference value :  1.05952e-01
 Reference value :  1.05954e-01
 Reference value :  1.05957e-01
 Reference value :  1.05961e-01
 Reference value :  1.05964e-01
 Reference value :  1.05967e-01
 Reference value :  1.05971e-01
 Reference value :  1.05975e-01
 Reference value :  1.05977e-01
 Reference value :  1.05979e-01
 Reference value :  1.05983e-01
 Reference value :  1.05986e-01
 Reference value :  1.05989e-01
 Reference value :  1.05992e-01
 Reference value :  1.05996e-01
 Reference value :  1.05999e-01
 Reference value :  1.06002e-01
 Reference value :  1.06005e-01
 Reference value :  1.06009e-01
 Reference value :  1.06011e-01
 Reference value :  1.06015e-01
 Reference value :  1.06019e-01
 Reference value :  1.06022e-01
 Reference value :  1.06026e-01
 Reference value :  1.06029e-01
 Reference value :  1.06032e-01
 Reference value :  1.06036e-01
 Reference value :  1.06038e-01
 Reference value :  1.06042e-01
 Reference value :  1.06045e-01
 Reference value :  1.06049e-01
 Reference value :  1.06053e-01
 Reference value :  1.06055e-01
 Reference value :  1.06059e-01
 Reference value :  1.06062e-01
 Reference value :  1.06065e-01
 Reference value :  1.06067e-01
 Reference value :  1.06071e-01
 Reference value :  1.06074e-01
 Reference value :  1.06077e-01
 Reference value :  1.06080e-01
 Reference value :  1.06083e-01
 Reference value :  1.06086e-01
 Reference value :  1.06089e-01
 Reference value :  1.06092e-01
 Reference value :  1.06096e-01
 Reference value :  1.06099e-01
 Reference value :  1.06102e-01
 Reference value :  1.06105e-01
 Reference value :  1.06108e-01
 Reference value :  1.06111e-01
 Reference value :  1.06114e-01
 Reference value :  1.06116e-01
 Reference value :  1.06120e-01
 Reference value :  1.06124e-01
 Reference value :  1.06126e-01
 Reference value :  1.06130e-01
 Reference value :  1.06133e-01
 Reference value :  1.06137e-01
 Reference value :  1.06141e-01
 Reference value :  1.06143e-01
 Reference value :  1.06147e-01
 Reference value :  1.06149e-01
 Reference value :  1.06153e-01
 Reference value :  1.06157e-01
 Reference value :  1.06159e-01
 Reference value :  1.06163e-01
 Reference value :  1.06165e-01
 Reference value :  1.06169e-01
 Reference value :  1.06171e-01
 Reference value :  1.06175e-01
 Reference value :  1.06177e-01
 Reference value :  1.06181e-01
 Reference value :  1.06184e-01
 Reference value :  1.06187e-01
 Reference value :  1.06190e-01
 Reference value :  1.06193e-01
 Reference value :  1.06197e-01
 Reference value :  1.06199e-01
 Reference value :  1.06203e-01
 Reference value :  1.06206e-01
 Reference value :  1.06209e-01
 Reference value :  1.06211e-01
 Reference value :  1.06215e-01
 Reference value :  1.06219e-01
 Reference value :  1.06221e-01
 Reference value :  1.06225e-01
 Reference value :  1.06228e-01
 Reference value :  1.06231e-01
 Reference value :  1.06235e-01
 Reference value :  1.06237e-01
 Reference value :  1.06241e-01
 Reference value :  1.06243e-01
 Reference value :  1.06247e-01
 Reference value :  1.06250e-01
 Reference value :  1.06253e-01
 Reference value :  1.06255e-01
 Reference value :  1.06259e-01
 Reference value :  1.06262e-01
 Reference value :  1.06265e-01
 Reference value :  1.06268e-01
 Reference value :  1.06272e-01
 Reference value :  1.06274e-01
 Reference value :  1.06277e-01
 Reference value :  1.06280e-01
 Reference value :  1.06284e-01
 Reference value :  1.06287e-01
 Reference value :  1.06290e-01
 Reference value :  1.06294e-01
 Reference value :  1.06296e-01
 Reference value :  1.06299e-01
 Reference value :  1.06302e-01
 Reference value :  1.06306e-01
 Reference value :  1.06309e-01
 Reference value :  1.06312e-01
 Reference value :  1.06314e-01
 Reference value :  1.06317e-01
 Reference value :  1.06320e-01
 Reference value :  1.06324e-01
 Reference value :  1.06326e-01
 Reference value :  1.06330e-01
 Reference value :  1.06333e-01
 Reference value :  1.06336e-01
 Reference value :  1.06339e-01
 Reference value :  1.06342e-01
 Reference value :  1.06346e-01
 Reference value :  1.06350e-01
 Reference value :  1.06352e-01
 Reference value :  1.06356e-01
 Reference value :  1.06359e-01
 Reference value :  1.06362e-01
 Reference value :  1.06365e-01
 Reference value :  1.06368e-01
 Reference value :  1.06372e-01
 Reference value :  1.06374e-01
 Reference value :  1.06377e-01
 Reference value :  1.06380e-01
 Reference value :  1.06384e-01
 Reference value :  1.06386e-01
 Reference value :  1.06390e-01
 Reference value :  1.06392e-01
 Reference value :  1.06396e-01
 Reference value :  1.06399e-01
 Reference value :  1.06402e-01
 Reference value :  1.06406e-01
 Reference value :  1.06409e-01
 Reference value :  1.06412e-01
 Reference value :  1.06416e-01
 Reference value :  1.06418e-01
 Reference value :  1.06422e-01
 Reference value :  1.06424e-01
 Reference value :  1.06428e-01
 Reference value :  1.06431e-01
 Reference value :  1.06434e-01
 Reference value :  1.06436e-01
 Reference value :  1.06440e-01
 Reference value :  1.06443e-01
 Reference value :  1.06446e-01
 Reference value :  1.06450e-01
 Reference value :  1.06453e-01
 Reference value :  1.06456e-01
 Reference value :  1.06458e-01
 Reference value :  1.06462e-01
 Reference value :  1.06466e-01
 Reference value :  1.06468e-01
 Reference value :  1.06472e-01
 Reference value :  1.06475e-01
 Reference value :  1.06478e-01
 Reference value :  1.06482e-01
 Reference value :  1.06484e-01
 Reference value :  1.06488e-01
 Reference value :  1.06490e-01
 Reference value :  1.06494e-01
 Reference value :  1.06497e-01
 Reference value :  1.06501e-01
 Reference value :  1.06504e-01
 Reference value :  1.06507e-01
 Reference value :  1.06511e-01
 Reference value :  1.06514e-01
 Reference value :  1.06517e-01
 Reference value :  1.06521e-01
 Reference value :  1.06524e-01
 Reference value :  1.06527e-01
 Reference value :  1.06529e-01
 Reference value :  1.06533e-01
 Reference value :  1.06536e-01
 Reference value :  1.06539e-01
 Reference value :  1.06542e-01
 Reference value :  1.06545e-01
 Reference value :  1.06549e-01
 Reference value :  1.06551e-01
 Reference value :  1.06555e-01
 Reference value :  1.06558e-01
 Reference value :  1.06561e-01
 Reference value :  1.06563e-01
 Reference value :  1.06567e-01
 Reference value :  1.06571e-01
 Reference value :  1.06573e-01
 Reference value :  1.06577e-01
 Reference value :  1.06581e-01
 Reference value :  1.06585e-01
 Reference value :  1.06588e-01
 Reference value :  1.06590e-01
 Reference value :  1.06594e-01
 Reference value :  1.06598e-01
 Reference value :  1.06600e-01
 Reference value :  1.06603e-01
 Reference value :  1.06607e-01
 Reference value :  1.06610e-01
 Reference value :  1.06612e-01
 Reference value :  1.06616e-01
 Reference value :  1.06619e-01
 Reference value :  1.06622e-01
 Reference value :  1.06626e-01
 Reference value :  1.06629e-01
 Reference value :  1.06632e-01
 Reference value :  1.06636e-01
 Reference value :  1.06639e-01
 Reference value :  1.06642e-01
 Reference value :  1.06646e-01
 Reference value :  1.06649e-01
 Reference value :  1.06652e-01
 Reference value :  1.06656e-01
 Reference value :  1.06659e-01
 Reference value :  1.06661e-01
 Reference value :  1.06665e-01
 Reference value :  1.06668e-01
 Reference value :  1.06671e-01
 Reference value :  1.06675e-01
 Reference value :  1.06678e-01
 Reference value :  1.06681e-01
 Reference value :  1.06685e-01
 Reference value :  1.06687e-01
 Reference value :  1.06691e-01
 Reference value :  1.06695e-01
 Reference value :  1.06698e-01
 Reference value :  1.06700e-01
 Reference value :  1.06704e-01
 Reference value :  1.06708e-01
 Reference value :  1.06710e-01
 Reference value :  1.06714e-01
 Reference value :  1.06717e-01
 Reference value :  1.06720e-01
 Reference value :  1.06722e-01
 Reference value :  1.06726e-01
 Reference value :  1.06729e-01
 Reference value :  1.06732e-01
 Reference value :  1.06735e-01
 Reference value :  1.06738e-01
 Reference value :  1.06741e-01
 Reference value :  1.06744e-01
 Reference value :  1.06748e-01
 Reference value :  1.06751e-01
 Reference value :  1.06754e-01
 Reference value :  1.06757e-01
 Reference value :  1.06761e-01
 Reference value :  1.06764e-01
 Reference value :  1.06766e-01
 Reference value :  1.06770e-01
 Reference value :  1.06774e-01
 Reference value :  1.06776e-01
 Reference value :  1.06779e-01
 Reference value :  1.06783e-01
 Reference value :  1.06786e-01
 Reference value :  1.06790e-01
 Reference value :  1.06793e-01
 Reference value :  1.06796e-01
 Reference value :  1.06798e-01
 Reference value :  1.06802e-01
 Reference value :  1.06805e-01
 Reference value :  1.06808e-01
 Reference value :  1.06810e-01
 Reference value :  1.06814e-01
 Reference value :  1.06818e-01
 Reference value :  1.06820e-01
 Reference value :  1.06823e-01
 Reference value :  1.06826e-01
 Reference value :  1.06829e-01
 Reference value :  1.06832e-01
 Reference value :  1.06835e-01
 Reference value :  1.06839e-01
 Reference value :  1.06842e-01
 Reference value :  1.06845e-01
 Reference value :  1.06848e-01
 Reference value :  1.06852e-01
 Reference value :  1.06854e-01
 Reference value :  1.06858e-01
 Reference value :  1.06862e-01
 Reference value :  1.06866e-01
 Reference value :  1.06869e-01
 Reference value :  1.06871e-01
 Reference value :  1.06874e-01
 Reference value :  1.06878e-01
 Reference value :  1.06881e-01
 Reference value :  1.06885e-01
 Reference value :  1.06888e-01
 Reference value :  1.06891e-01
 Reference value :  1.06893e-01
 Reference value :  1.06897e-01
 Reference value :  1.06901e-01
 Reference value :  1.06903e-01
 Reference value :  1.06907e-01
 Reference value :  1.06910e-01
 Reference value :  1.06912e-01
 Reference value :  1.06915e-01
 Reference value :  1.06919e-01
 Reference value :  1.06923e-01
 Reference value :  1.06925e-01
 Reference value :  1.06929e-01
 Reference value :  1.06933e-01
 Reference value :  1.06935e-01
 Reference value :  1.06939e-01
 Reference value :  1.06942e-01
 Reference value :  1.06946e-01
 Reference value :  1.06949e-01
 Reference value :  1.06952e-01
 Reference value :  1.06955e-01
 Reference value :  1.06957e-01
 Reference value :  1.06961e-01
 Reference value :  1.06964e-01
 Reference value :  1.06968e-01
 Reference value :  1.06971e-01
 Reference value :  1.06974e-01
 Reference value :  1.06977e-01
 Reference value :  1.06979e-01
 Reference value :  1.06983e-01
 Reference value :  1.06986e-01
 Reference value :  1.06989e-01
 Reference value :  1.06993e-01
 Reference value :  1.06996e-01
 Reference value :  1.06999e-01
 Reference value :  1.07002e-01
 Reference value :  1.07006e-01
 Reference value :  1.07008e-01
 Reference value :  1.07011e-01
 Reference value :  1.07015e-01
 Reference value :  1.07018e-01
 Reference value :  1.07021e-01
 Reference value :  1.07025e-01
 Reference value :  1.07027e-01
 Reference value :  1.07030e-01
 Reference value :  1.07034e-01
 Reference value :  1.07038e-01
 Reference value :  1.07040e-01
 Reference value :  1.07044e-01
 Reference value :  1.07047e-01
 Reference value :  1.07050e-01
 Reference value :  1.07052e-01
 Reference value :  1.07056e-01
 Reference value :  1.07060e-01
 Reference value :  1.07062e-01
 Reference value :  1.07066e-01
 Reference value :  1.07069e-01
 Reference value :  1.07072e-01
 Reference value :  1.07076e-01
 Reference value :  1.07079e-01
 Reference value :  1.07082e-01
 Reference value :  1.07085e-01
 Reference value :  1.07088e-01
 Reference value :  1.07091e-01
 Reference value :  1.07094e-01
 Reference value :  1.07098e-01
 Reference value :  1.07101e-01
 Reference value :  1.07105e-01
 Reference value :  1.07108e-01
 Reference value :  1.07111e-01
 Reference value :  1.07113e-01
 Reference value :  1.07117e-01
 Reference value :  1.07121e-01
 Reference value :  1.07124e-01
 Reference value :  1.07127e-01
 Reference value :  1.07130e-01
 Reference value :  1.07134e-01
 Reference value :  1.07138e-01
 Reference value :  1.07140e-01
 Reference value :  1.07143e-01
 Reference value :  1.07146e-01
 Reference value :  1.07150e-01
 Reference value :  1.07153e-01
 Reference value :  1.07156e-01
 Reference value :  1.07160e-01
 Reference value :  1.07163e-01
 Reference value :  1.07166e-01
 Reference value :  1.07169e-01
 Reference value :  1.07172e-01
 Reference value :  1.07176e-01
 Reference value :  1.07179e-01
 Reference value :  1.07182e-01
 Reference value :  1.07186e-01
 Reference value :  1.07188e-01
 Reference value :  1.07191e-01
 Reference value :  1.07195e-01
 Reference value :  1.07199e-01
 Reference value :  1.07201e-01
 Reference value :  1.07205e-01
 Reference value :  1.07208e-01
 Reference value :  1.07211e-01
 Reference value :  1.07215e-01
 Reference value :  1.07218e-01
 Reference value :  1.07221e-01
 Reference value :  1.07225e-01
 Reference value :  1.07228e-01
 Reference value :  1.07232e-01
 Reference value :  1.07235e-01
 Reference value :  1.07238e-01
 Reference value :  1.07242e-01
 Reference value :  1.07245e-01
 Reference value :  1.07249e-01
 Reference value :  1.07252e-01
 Reference value :  1.07255e-01
 Reference value :  1.07258e-01
 Reference value :  1.07261e-01
 Reference value :  1.07265e-01
 Reference value :  1.07269e-01
 Reference value :  1.07271e-01
 Reference value :  1.07275e-01
 Reference value :  1.07278e-01
 Reference value :  1.07282e-01
 Reference value :  1.07284e-01
 Reference value :  1.07287e-01
 Reference value :  1.07291e-01
 Reference value :  1.07294e-01
 Reference value :  1.07297e-01
 Reference value :  1.07301e-01
 Reference value :  1.07304e-01
 Reference value :  1.07306e-01
 Reference value :  1.07310e-01
 Reference value :  1.07314e-01
 Reference value :  1.07316e-01
 Reference value :  1.07320e-01
 Reference value :  1.07323e-01
 Reference value :  1.07326e-01
 Reference value :  1.07330e-01
 Reference value :  1.07333e-01
 Reference value :  1.07336e-01
 Reference value :  1.07338e-01
 Reference value :  1.07342e-01
 Reference value :  1.07346e-01
 Reference value :  1.07348e-01
 Reference value :  1.07353e-01
 Reference value :  1.07355e-01
 Reference value :  1.07359e-01
 Reference value :  1.07362e-01
 Reference value :  1.07365e-01
 Reference value :  1.07369e-01
 Reference value :  1.07372e-01
 Reference value :  1.07375e-01
 Reference value :  1.07379e-01
 Reference value :  1.07382e-01
 Reference value :  1.07385e-01
 Reference value :  1.07389e-01
 Reference value :  1.07392e-01
 Reference value :  1.07396e-01
 Reference value :  1.07399e-01
 Reference value :  1.07403e-01
 Reference value :  1.07407e-01
 Reference value :  1.07409e-01
 Reference value :  1.07413e-01
 Reference value :  1.07415e-01
 Reference value :  1.07419e-01
 Reference value :  1.07423e-01
 Reference value :  1.07425e-01
 Reference value :  1.07429e-01
 Reference value :  1.07431e-01
 Reference value :  1.07435e-01
 Reference value :  1.07437e-01
 Reference value :  1.07441e-01
 Reference value :  1.07443e-01
 Reference value :  1.07447e-01
 Reference value :  1.07451e-01
 Reference value :  1.07454e-01
 Reference value :  1.07458e-01
 Reference value :  1.07461e-01
 Reference value :  1.07464e-01
 Reference value :  1.07467e-01
 Reference value :  1.07470e-01
 Reference value :  1.07474e-01
 Reference value :  1.07477e-01
 Reference value :  1.07481e-01
 Reference value :  1.07485e-01
 Reference value :  1.07487e-01
 Reference value :  1.07490e-01
 Reference value :  1.07494e-01
 Reference value :  1.07497e-01
 Reference value :  1.07501e-01
 Reference value :  1.07503e-01
 Reference value :  1.07507e-01
 Reference value :  1.07511e-01
 Reference value :  1.07514e-01
 Reference value :  1.07517e-01
 Reference value :  1.07520e-01
 Reference value :  1.07523e-01
 Reference value :  1.07526e-01
 Reference value :  1.07530e-01
 Reference value :  1.07533e-01
 Reference value :  1.07536e-01
 Reference value :  1.07540e-01
 Reference value :  1.07543e-01
 Reference value :  1.07546e-01
 Reference value :  1.07548e-01
 Reference value :  1.07552e-01
 Reference value :  1.07555e-01
 Reference value :  1.07558e-01
 Reference value :  1.07562e-01
 Reference value :  1.07565e-01
 Reference value :  1.07568e-01
 Reference value :  1.07572e-01
 Reference value :  1.07575e-01
 Reference value :  1.07577e-01
 Reference value :  1.07581e-01
 Reference value :  1.07584e-01
 Reference value :  1.07587e-01
 Reference value :  1.07591e-01
 Reference value :  1.07595e-01
 Reference value :  1.07597e-01
 Reference value :  1.07601e-01
 Reference value :  1.07604e-01
 Reference value :  1.07608e-01
 Reference value :  1.07611e-01
 Reference value :  1.07614e-01
 Reference value :  1.07617e-01
 Reference value :  1.07619e-01
 Reference value :  1.07623e-01
 Reference value :  1.07626e-01
 Reference value :  1.07629e-01
 Reference value :  1.07633e-01
 Reference value :  1.07636e-01
 Reference value :  1.07639e-01
 Reference value :  1.07643e-01
 Reference value :  1.07646e-01
 Reference value :  1.07648e-01
 Reference value :  1.07651e-01
 Reference value :  1.07655e-01
 Reference value :  1.07658e-01
 Reference value :  1.07661e-01
 Reference value :  1.07665e-01
 Reference value :  1.07667e-01
 Reference value :  1.07670e-01
 Reference value :  1.07673e-01
 Reference value :  1.07677e-01
 Reference value :  1.07680e-01
 Reference value :  1.07683e-01
 Reference value :  1.07687e-01
 Reference value :  1.07689e-01
 Reference value :  1.07692e-01
 Reference value :  1.07696e-01
 Reference value :  1.07700e-01
 Reference value :  1.07702e-01
 Reference value :  1.07706e-01
 Reference value :  1.07709e-01
 Reference value :  1.07713e-01
 Reference value :  1.07716e-01
 Reference value :  1.07719e-01
 Reference value :  1.07723e-01
 Reference value :  1.07727e-01
 Reference value :  1.07729e-01
 Reference value :  1.07733e-01
 Reference value :  1.07736e-01
 Reference value :  1.07739e-01
 Reference value :  1.07743e-01
 Reference value :  1.07746e-01
 Reference value :  1.07749e-01
 Reference value :  1.07752e-01
 Reference value :  1.07756e-01
 Reference value :  1.07760e-01
 Reference value :  1.07763e-01
 Reference value :  1.07765e-01
 Reference value :  1.07769e-01
 Reference value :  1.07773e-01
 Reference value :  1.07775e-01
 Reference value :  1.07779e-01
 Reference value :  1.07782e-01
 Reference value :  1.07785e-01
 Reference value :  1.07789e-01
 Reference value :  1.07792e-01
 Reference value :  1.07795e-01
 Reference value :  1.07799e-01
 Reference value :  1.07802e-01
 Reference value :  1.07805e-01
 Reference value :  1.07808e-01
 Reference value :  1.07812e-01
 Reference value :  1.07814e-01
 Reference value :  1.07818e-01
 Reference value :  1.07822e-01
 Reference value :  1.07824e-01
 Reference value :  1.07828e-01
 Reference value :  1.07831e-01
 Reference value :  1.07834e-01
 Reference value :  1.07838e-01
 Reference value :  1.07841e-01
 Reference value :  1.07844e-01
 Reference value :  1.07846e-01
 Reference value :  1.07850e-01
 Reference value :  1.07854e-01
 Reference value :  1.07856e-01
 Reference value :  1.07858e-01
 Reference value :  1.07862e-01
 Reference value :  1.07865e-01
 Reference value :  1.07868e-01
 Reference value :  1.07872e-01
 Reference value :  1.07875e-01
 Reference value :  1.07878e-01
 Reference value :  1.07882e-01
 Reference value :  1.07885e-01
 Reference value :  1.07888e-01
 Reference value :  1.07892e-01
 Reference value :  1.07894e-01
 Reference value :  1.07897e-01
 Reference value :  1.07901e-01
 Reference value :  1.07904e-01
 Reference value :  1.07907e-01
 Reference value :  1.07910e-01
 Reference value :  1.07914e-01
 Reference value :  1.07917e-01
 Reference value :  1.07921e-01
 Reference value :  1.07923e-01
 Reference value :  1.07927e-01
 Reference value :  1.07929e-01
 Reference value :  1.07933e-01
 Reference value :  1.07937e-01
 Reference value :  1.07941e-01
 Reference value :  1.07943e-01
 Reference value :  1.07946e-01
 Reference value :  1.07949e-01
 Reference value :  1.07953e-01
 Reference value :  1.07956e-01
 Reference value :  1.07959e-01
 Reference value :  1.07962e-01
 Reference value :  1.07965e-01
 Reference value :  1.07968e-01
 Reference value :  1.07971e-01
 Reference value :  1.07975e-01
 Reference value :  1.07978e-01
 Reference value :  1.07981e-01
 Reference value :  1.07985e-01
 Reference value :  1.07987e-01
 Reference value :  1.07990e-01
 Reference value :  1.07993e-01
 Reference value :  1.07997e-01
 Reference value :  1.08000e-01
 Reference value :  1.08003e-01
 Reference value :  1.08005e-01
 Reference value :  1.08009e-01
 Reference value :  1.08013e-01
 Reference value :  1.08017e-01
 Reference value :  1.08020e-01
 Reference value :  1.08022e-01
 Reference value :  1.08025e-01
 Reference value :  1.08029e-01
 Reference value :  1.08032e-01
 Reference value :  1.08035e-01
 Reference value :  1.08039e-01
 Reference value :  1.08042e-01
 Reference value :  1.08044e-01
 Reference value :  1.08048e-01
 Reference value :  1.08052e-01
 Reference value :  1.08054e-01
 Reference value :  1.08058e-01
 Reference value :  1.08061e-01
 Reference value :  1.08064e-01
 Reference value :  1.08068e-01
 Reference value :  1.08071e-01
 Reference value :  1.08074e-01
 Reference value :  1.08078e-01
 Reference value :  1.08080e-01
 Reference value :  1.08084e-01
 Reference value :  1.08087e-01
 Reference value :  1.08091e-01
 Reference value :  1.08093e-01
 Reference value :  1.08097e-01
 Reference value :  1.08101e-01
 Reference value :  1.08104e-01
 Reference value :  1.08108e-01
 Reference value :  1.08110e-01
 Reference value :  1.08114e-01
 Reference value :  1.08118e-01
 Reference value :  1.08120e-01
 Reference value :  1.08124e-01
 Reference value :  1.08128e-01
 Reference value :  1.08130e-01
 Reference value :  1.08134e-01
 Reference value :  1.08137e-01
 Reference value :  1.08140e-01
 Reference value :  1.08144e-01
 Reference value :  1.08146e-01
 Reference value :  1.08149e-01
 Reference value :  1.08152e-01
 Reference value :  1.08156e-01
 Reference value :  1.08159e-01
 Reference value :  1.08162e-01
 Reference value :  1.08166e-01
 Reference value :  1.08169e-01
 Reference value :  1.08172e-01
 Reference value :  1.08176e-01
 Reference value :  1.08179e-01
 Reference value :  1.08183e-01
 Reference value :  1.08185e-01
 Reference value :  1.08189e-01
 Reference value :  1.08193e-01
 Reference value :  1.08196e-01
 Reference value :  1.08199e-01
 Reference value :  1.08202e-01
 Reference value :  1.08206e-01
 Reference value :  1.08208e-01
 Reference value :  1.08212e-01
 Reference value :  1.08215e-01
 Reference value :  1.08218e-01
 Reference value :  1.08222e-01
 Reference value :  1.08225e-01
 Reference value :  1.08228e-01
 Reference value :  1.08231e-01
 Reference value :  1.08234e-01
 Reference value :  1.08237e-01
 Reference value :  1.08240e-01
 Reference value :  1.08244e-01
 Reference value :  1.08246e-01
 Reference value :  1.08250e-01
 Reference value :  1.08252e-01
 Reference value :  1.08256e-01
 Reference value :  1.08259e-01
 Reference value :  1.08262e-01
 Reference value :  1.08266e-01
 Reference value :  1.08269e-01
 Reference value :  1.08272e-01
 Reference value :  1.08276e-01
 Reference value :  1.08279e-01
 Reference value :  1.08283e-01
 Reference value :  1.08286e-01
 Reference value :  1.08289e-01
 Reference value :  1.08291e-01
 Reference value :  1.08295e-01
 Reference value :  1.08298e-01
 Reference value :  1.08300e-01
 Reference value :  1.08304e-01
 Reference value :  1.08308e-01
 Reference value :  1.08311e-01
 Reference value :  1.08313e-01
 Reference value :  1.08317e-01
 Reference value :  1.08320e-01
 Reference value :  1.08323e-01
 Reference value :  1.08326e-01
 Reference value :  1.08329e-01
 Reference value :  1.08333e-01
 Reference value :  1.08335e-01
 Reference value :  1.08339e-01
 Reference value :  1.08342e-01
 Reference value :  1.08345e-01
 Reference value :  1.08347e-01
 Reference value :  1.08351e-01
 Reference value :  1.08355e-01
 Reference value :  1.08359e-01
 Reference value :  1.08361e-01
 Reference value :  1.08365e-01
 Reference value :  1.08367e-01
 Reference value :  1.08371e-01
 Reference value :  1.08374e-01
 Reference value :  1.08377e-01
 Reference value :  1.08381e-01
 Reference value :  1.08383e-01
 Reference value :  1.08387e-01
 Reference value :  1.08389e-01
 Reference value :  1.08393e-01
 Reference value :  1.08396e-01
 Reference value :  1.08399e-01
 Reference value :  1.08403e-01
 Reference value :  1.08406e-01
 Reference value :  1.08409e-01
 Reference value :  1.08413e-01
 Reference value :  1.08415e-01
 Reference value :  1.08418e-01
 Reference value :  1.08421e-01
 Reference value :  1.08425e-01
 Reference value :  1.08428e-01
 Reference value :  1.08431e-01
 Reference value :  1.08435e-01
 Reference value :  1.08438e-01
 Reference value :  1.08440e-01
 Reference value :  1.08444e-01
 Reference value :  1.08448e-01
 Reference value :  1.08450e-01
 Reference value :  1.08454e-01
 Reference value :  1.08457e-01
 Reference value :  1.08460e-01
 Reference value :  1.08464e-01
 Reference value :  1.08467e-01
 Reference value :  1.08470e-01
 Reference value :  1.08474e-01
 Reference value :  1.08477e-01
 Reference value :  1.08479e-01
 Reference value :  1.08483e-01
 Reference value :  1.08487e-01
 Reference value :  1.08489e-01
 Reference value :  1.08493e-01
 Reference value :  1.08496e-01
 Reference value :  1.08499e-01
 Reference value :  1.08501e-01
 Reference value :  1.08504e-01
 Reference value :  1.08508e-01
 Reference value :  1.08511e-01
 Reference value :  1.08515e-01
 Reference value :  1.08518e-01
 Reference value :  1.08521e-01
 Reference value :  1.08524e-01
 Reference value :  1.08527e-01
 Reference value :  1.08531e-01
 Reference value :  1.08533e-01
 Reference value :  1.08536e-01
 Reference value :  1.08540e-01
 Reference value :  1.08543e-01
 Reference value :  1.08546e-01
 Reference value :  1.08548e-01
 Reference value :  1.08552e-01
 Reference value :  1.08554e-01
 Reference value :  1.08558e-01
 Reference value :  1.08560e-01
 Reference value :  1.08564e-01
 Reference value :  1.08567e-01
 Reference value :  1.08569e-01
 Reference value :  1.08572e-01
 Reference value :  1.08575e-01
 Reference value :  1.08577e-01
 Reference value :  1.08581e-01
 Reference value :  1.08584e-01
 Reference value :  1.08587e-01
 Reference value :  1.08590e-01
 Reference value :  1.08592e-01
 Reference value :  1.08596e-01
 Reference value :  1.08598e-01
 Reference value :  1.08602e-01
 Reference value :  1.08606e-01
 Reference value :  1.08608e-01
 Reference value :  1.08612e-01
 Reference value :  1.08614e-01
 Reference value :  1.08617e-01
 Reference value :  1.08620e-01
 Reference value :  1.08623e-01
 Reference value :  1.08626e-01
 Reference value :  1.08629e-01
 Reference value :  1.08631e-01
 Reference value :  1.08635e-01
 Reference value :  1.08638e-01
 Reference value :  1.08641e-01
 Reference value :  1.08643e-01
 Reference value :  1.08647e-01
 Reference value :  1.08650e-01
 Reference value :  1.08652e-01
 Reference value :  1.08656e-01
 Reference value :  1.08659e-01
 Reference value :  1.08662e-01
 Reference value :  1.08665e-01
 Reference value :  1.08668e-01
 Reference value :  1.08670e-01
 Reference value :  1.08674e-01
 Reference value :  1.08677e-01
 Reference value :  1.08680e-01
 Reference value :  1.08682e-01
 Reference value :  1.08686e-01
 Reference value :  1.08690e-01
 Reference value :  1.08692e-01
 Reference value :  1.08696e-01
 Reference value :  1.08699e-01
 Reference value :  1.08702e-01
 Reference value :  1.08706e-01
 Reference value :  1.08709e-01
 Reference value :  1.08712e-01
 Reference value :  1.08714e-01
 Reference value :  1.08717e-01
 Reference value :  1.08721e-01
 Reference value :  1.08724e-01
 Reference value :  1.08726e-01
 Reference value :  1.08729e-01
 Reference value :  1.08733e-01
 Reference value :  1.08735e-01
 Reference value :  1.08739e-01
 Reference value :  1.08741e-01
 Reference value :  1.08745e-01
 Reference value :  1.08748e-01
 Reference value :  1.08751e-01
 Reference value :  1.08754e-01
 Reference value :  1.08757e-01
 Reference value :  1.08761e-01
 Reference value :  1.08764e-01
 Reference value :  1.08767e-01
 Reference value :  1.08770e-01
 Reference value :  1.08773e-01
 Reference value :  1.08775e-01
 Reference value :  1.08779e-01
 Reference value :  1.08782e-01
 Reference value :  1.08785e-01
 Reference value :  1.08789e-01
 Reference value :  1.08792e-01
 Reference value :  1.08795e-01
 Reference value :  1.08799e-01
 Reference value :  1.08801e-01
 Reference value :  1.08805e-01
 Reference value :  1.08807e-01
 Reference value :  1.08811e-01
 Reference value :  1.08813e-01
 Reference value :  1.08817e-01
 Reference value :  1.08821e-01
 Reference value :  1.08823e-01
 Reference value :  1.08827e-01
 Reference value :  1.08830e-01
 Reference value :  1.08833e-01
 Reference value :  1.08836e-01
 Reference value :  1.08839e-01
 Reference value :  1.08843e-01
 Reference value :  1.08846e-01
 Reference value :  1.08849e-01
 Reference value :  1.08851e-01
 Reference value :  1.08855e-01
 Reference value :  1.08857e-01
 Reference value :  1.08861e-01
 Reference value :  1.08863e-01
 Reference value :  1.08867e-01
 Reference value :  1.08870e-01
 Reference value :  1.08873e-01
 Reference value :  1.08875e-01
 Reference value :  1.08879e-01
 Reference value :  1.08882e-01
 Reference value :  1.08885e-01
 Reference value :  1.08888e-01
 Reference value :  1.08892e-01
 Reference value :  1.08894e-01
 Reference value :  1.08897e-01
 Reference value :  1.08900e-01
 Reference value :  1.08904e-01
 Reference value :  1.08907e-01
 Reference value :  1.08910e-01
 Reference value :  1.08912e-01
 Reference value :  1.08916e-01
 Reference value :  1.08919e-01
 Reference value :  1.08922e-01
 Reference value :  1.08924e-01
 Reference value :  1.08928e-01
 Reference value :  1.08932e-01
 Reference value :  1.08935e-01
 Reference value :  1.08938e-01
 Reference value :  1.08941e-01
 Reference value :  1.08944e-01
 Reference value :  1.08948e-01
 Reference value :  1.08950e-01
 Reference value :  1.08954e-01
 Reference value :  1.08956e-01
 Reference value :  1.08959e-01
 Reference value :  1.08963e-01
 Reference value :  1.08965e-01
 Reference value :  1.08968e-01
 Reference value :  1.08971e-01
 Reference value :  1.08975e-01
 Reference value :  1.08978e-01
 Reference value :  1.08982e-01
 Reference value :  1.08985e-01
 Reference value :  1.08988e-01
 Reference value :  1.08990e-01
 Reference value :  1.08993e-01
 Reference value :  1.08997e-01
 Reference value :  1.09000e-01
 Reference value :  1.09003e-01
 Reference value :  1.09005e-01
 Reference value :  1.09009e-01
 Reference value :  1.09012e-01
 Reference value :  1.09015e-01
 Reference value :  1.09017e-01
 Reference value :  1.09020e-01
 Reference value :  1.09024e-01
 Reference value :  1.09026e-01
 Reference value :  1.09029e-01
 Reference value :  1.09032e-01
 Reference value :  1.09035e-01
 Reference value :  1.09038e-01
 Reference value :  1.09042e-01
 Reference value :  1.09044e-01
 Reference value :  1.09048e-01
 Reference value :  1.09051e-01
 Reference value :  1.09054e-01
 Reference value :  1.09058e-01
 Reference value :  1.09060e-01
 Reference value :  1.09064e-01
 Reference value :  1.09066e-01
 Reference value :  1.09068e-01
 Reference value :  1.09072e-01
 Reference value :  1.09075e-01
 Reference value :  1.09078e-01
 Reference value :  1.09081e-01
 Reference value :  1.09083e-01
 Reference value :  1.09087e-01
 Reference value :  1.09091e-01
 Reference value :  1.09093e-01
 Reference value :  1.09097e-01
 Reference value :  1.09100e-01
 Reference value :  1.09103e-01
 Reference value :  1.09107e-01
 Reference value :  1.09110e-01
 Reference value :  1.09113e-01
 Reference value :  1.09116e-01
 Reference value :  1.09119e-01
 Reference value :  1.09122e-01
 Reference value :  1.09126e-01
 Reference value :  1.09130e-01
 Reference value :  1.09133e-01
 Reference value :  1.09136e-01
 Reference value :  1.09139e-01
 Reference value :  1.09143e-01
 Reference value :  1.09147e-01
 Reference value :  1.09149e-01
 Reference value :  1.09153e-01
 Reference value :  1.09156e-01
 Reference value :  1.09159e-01
 Reference value :  1.09161e-01
 Reference value :  1.09165e-01
 Reference value :  1.09168e-01
 Reference value :  1.09171e-01
 Reference value :  1.09173e-01
 Reference value :  1.09177e-01
 Reference value :  1.09181e-01
 Reference value :  1.09183e-01
 Reference value :  1.09187e-01
 Reference value :  1.09190e-01
 Reference value :  1.09193e-01
 Reference value :  1.09197e-01
 Reference value :  1.09200e-01
 Reference value :  1.09203e-01
 Reference value :  1.09205e-01
 Reference value :  1.09209e-01
 Reference value :  1.09213e-01
 Reference value :  1.09215e-01
 Reference value :  1.09219e-01
 Reference value :  1.09222e-01
 Reference value :  1.09225e-01
 Reference value :  1.09229e-01
 Reference value :  1.09231e-01
 Reference value :  1.09235e-01
 Reference value :  1.09237e-01
 Reference value :  1.09241e-01
 Reference value :  1.09244e-01
 Reference value :  1.09247e-01
 Reference value :  1.09251e-01
 Reference value :  1.09254e-01
 Reference value :  1.09257e-01
 Reference value :  1.09261e-01
 Reference value :  1.09263e-01
 Reference value :  1.09266e-01
 Reference value :  1.09270e-01
 Reference value :  1.09273e-01
 Reference value :  1.09276e-01
 Reference value :  1.09280e-01
 Reference value :  1.09283e-01
 Reference value :  1.09286e-01
 Reference value :  1.09289e-01
 Reference value :  1.09293e-01
 Reference value :  1.09296e-01
 Reference value :  1.09298e-01
 Reference value :  1.09302e-01
 Reference value :  1.09306e-01
 Reference value :  1.09308e-01
 Reference value :  1.09312e-01
 Reference value :  1.09315e-01
 Reference value :  1.09318e-01
 Reference value :  1.09322e-01
 Reference value :  1.09325e-01
 Reference value :  1.09329e-01
 Reference value :  1.09332e-01
 Reference value :  1.09335e-01
 Reference value :  1.09339e-01
 Reference value :  1.09341e-01
 Reference value :  1.09345e-01
 Reference value :  1.09347e-01
 Reference value :  1.09351e-01
 Reference value :  1.09354e-01
 Reference value :  1.09357e-01
 Reference value :  1.09361e-01
 Reference value :  1.09364e-01
 Reference value :  1.09367e-01
 Reference value :  1.09371e-01
 Reference value :  1.09373e-01
 Reference value :  1.09377e-01
 Reference value :  1.09380e-01
 Reference value :  1.09384e-01
 Reference value :  1.09386e-01
 Reference value :  1.09390e-01
 Reference value :  1.09394e-01
 Reference value :  1.09396e-01
 Reference value :  1.09400e-01
 Reference value :  1.09403e-01
 Reference value :  1.09406e-01
 Reference value :  1.09410e-01
 Reference value :  1.09413e-01
 Reference value :  1.09416e-01
 Reference value :  1.09420e-01
 Reference value :  1.09423e-01
 Reference value :  1.09426e-01
 Reference value :  1.09428e-01
 Reference value :  1.09432e-01
 Reference value :  1.09435e-01
 Reference value :  1.09439e-01
 Reference value :  1.09443e-01
 Reference value :  1.09445e-01
 Reference value :  1.09449e-01
 Reference value :  1.09452e-01
 Reference value :  1.09455e-01
 Reference value :  1.09459e-01
 Reference value :  1.09462e-01
 Reference value :  1.09465e-01
 Reference value :  1.09469e-01
 Reference value :  1.09472e-01
 Reference value :  1.09474e-01
 Reference value :  1.09478e-01
 Reference value :  1.09482e-01
 Reference value :  1.09484e-01
 Reference value :  1.09487e-01
 Reference value :  1.09491e-01
 Reference value :  1.09494e-01
 Reference value :  1.09496e-01
 Reference value :  1.09500e-01
 Reference value :  1.09504e-01
 Reference value :  1.09506e-01
 Reference value :  1.09510e-01
 Reference value :  1.09513e-01
 Reference value :  1.09517e-01
 Reference value :  1.09520e-01
 Reference value :  1.09523e-01
 Reference value :  1.09526e-01
 Reference value :  1.09530e-01
 Reference value :  1.09533e-01
 Reference value :  1.09535e-01
 Reference value :  1.09538e-01
 Reference value :  1.09542e-01
 Reference value :  1.09545e-01
 Reference value :  1.09548e-01
 Reference value :  1.09552e-01
 Reference value :  1.09555e-01
 Reference value :  1.09558e-01
 Reference value :  1.09562e-01
 Reference value :  1.09564e-01
 Reference value :  1.09567e-01
 Reference value :  1.09570e-01
 Reference value :  1.09574e-01
 Reference value :  1.09577e-01
 Reference value :  1.09580e-01
 Reference value :  1.09584e-01
 Reference value :  1.09587e-01
 Reference value :  1.09591e-01
 Reference value :  1.09593e-01
 Reference value :  1.09597e-01
 Reference value :  1.09600e-01
 Reference value :  1.09603e-01
 Reference value :  1.09606e-01
 Reference value :  1.09609e-01
 Reference value :  1.09613e-01
 Reference value :  1.09616e-01
 Reference value :  1.09619e-01
 Reference value :  1.09623e-01
 Reference value :  1.09625e-01
 Reference value :  1.09628e-01
 Reference value :  1.09632e-01
 Reference value :  1.09635e-01
 Reference value :  1.09638e-01
 Reference value :  1.09641e-01
 Reference value :  1.09645e-01
 Reference value :  1.09648e-01
 Reference value :  1.09651e-01
 Reference value :  1.09655e-01
 Reference value :  1.09657e-01
 Reference value :  1.09660e-01
 Reference value :  1.09664e-01
 Reference value :  1.09667e-01
 Reference value :  1.09670e-01
 Reference value :  1.09674e-01
 Reference value :  1.09677e-01
 Reference value :  1.09680e-01
 Reference value :  1.09682e-01
 Reference value :  1.09685e-01
 Reference value :  1.09689e-01
 Reference value :  1.09692e-01
 Reference value :  1.09695e-01
 Reference value :  1.09699e-01
 Reference value :  1.09702e-01
 Reference value :  1.09704e-01
 Reference value :  1.09708e-01
 Reference value :  1.09712e-01
 Reference value :  1.09714e-01
 Reference value :  1.09717e-01
 Reference value :  1.09721e-01
 Reference value :  1.09724e-01
 Reference value :  1.09727e-01
 Reference value :  1.09731e-01
 Reference value :  1.09734e-01
 Reference value :  1.09736e-01
 Reference value :  1.09740e-01
 Reference value :  1.09744e-01
 Reference value :  1.09746e-01
 Reference value :  1.09750e-01
 Reference value :  1.09753e-01
 Reference value :  1.09757e-01
 Reference value :  1.09760e-01
 Reference value :  1.09763e-01
 Reference value :  1.09766e-01
 Reference value :  1.09770e-01
 Reference value :  1.09773e-01
 Reference value :  1.09777e-01
 Reference value :  1.09780e-01
 Reference value :  1.09783e-01
 Reference value :  1.09787e-01
 Reference value :  1.09789e-01
 Reference value :  1.09793e-01
 Reference value :  1.09795e-01
 Reference value :  1.09800e-01
 Reference value :  1.09803e-01
 Reference value :  1.09807e-01
 Reference value :  1.09810e-01
 Reference value :  1.09812e-01
 Reference value :  1.09816e-01
 Reference value :  1.09820e-01
 Reference value :  1.09822e-01
 Reference value :  1.09826e-01
 Reference value :  1.09829e-01
 Reference value :  1.09833e-01
 Reference value :  1.09836e-01
 Reference value :  1.09839e-01
 Reference value :  1.09842e-01
 Reference value :  1.09846e-01
 Reference value :  1.09849e-01
 Reference value :  1.09851e-01
 Reference value :  1.09856e-01
 Reference value :  1.09859e-01
 Reference value :  1.09863e-01
 Reference value :  1.09865e-01
 Reference value :  1.09868e-01
 Reference value :  1.09872e-01
 Reference value :  1.09875e-01
 Reference value :  1.09878e-01
 Reference value :  1.09882e-01
 Reference value :  1.09885e-01
 Reference value :  1.09888e-01
 Reference value :  1.09892e-01
 Reference value :  1.09895e-01
 Reference value :  1.09898e-01
 Reference value :  1.09902e-01
 Reference value :  1.09904e-01
 Reference value :  1.09908e-01
 Reference value :  1.09910e-01
 Reference value :  1.09912e-01
 Reference value :  1.09917e-01
 Reference value :  1.09919e-01
 Reference value :  1.09922e-01
 Reference value :  1.09925e-01
 Reference value :  1.09928e-01
 Reference value :  1.09931e-01
 Reference value :  1.09934e-01
 Reference value :  1.09937e-01
 Reference value :  1.09939e-01
 Reference value :  1.09943e-01
 Reference value :  1.09946e-01
 Reference value :  1.09949e-01
 Reference value :  1.09952e-01
 Reference value :  1.09956e-01
 Reference value :  1.09959e-01
 Reference value :  1.09961e-01
 Reference value :  1.09965e-01
 Reference value :  1.09968e-01
 Reference value :  1.09971e-01
 Reference value :  1.09974e-01
 Reference value :  1.09978e-01
 Reference value :  1.09981e-01
 Reference value :  1.09983e-01
 Reference value :  1.09987e-01
 Reference value :  1.09990e-01
 Reference value :  1.09993e-01
 Reference value :  1.09996e-01
 Reference value :  1.10000e-01
 Reference value :  1.10002e-01
 Reference value :  1.10005e-01
 Reference value :  1.10008e-01
 Reference value :  1.10012e-01
 Reference value :  1.10015e-01
 Reference value :  1.10018e-01
 Reference value :  1.10020e-01
 Reference value :  1.10024e-01
 Reference value :  1.10027e-01
 Reference value :  1.10030e-01
 Reference value :  1.10032e-01
 Reference value :  1.10036e-01
 Reference value :  1.10040e-01
 Reference value :  1.10042e-01
 Reference value :  1.10045e-01
 Reference value :  1.10049e-01
 Reference value :  1.10052e-01
 Reference value :  1.10054e-01
 Reference value :  1.10057e-01
 Reference value :  1.10061e-01
 Reference value :  1.10063e-01
 Reference value :  1.10067e-01
 Reference value :  1.10069e-01
 Reference value :  1.10072e-01
 Reference value :  1.10076e-01
 Reference value :  1.10079e-01
 Reference value :  1.10081e-01
 Reference value :  1.10084e-01
 Reference value :  1.10088e-01
 Reference value :  1.10091e-01
 Reference value :  1.10095e-01
 Reference value :  1.10098e-01
 Reference value :  1.10101e-01
 Reference value :  1.10103e-01
 Reference value :  1.10107e-01
 Reference value :  1.10110e-01
 Reference value :  1.10113e-01
 Reference value :  1.10116e-01
 Reference value :  1.10119e-01
 Reference value :  1.10122e-01
 Reference value :  1.10125e-01
 Reference value :  1.10128e-01
 Reference value :  1.10132e-01
 Reference value :  1.10135e-01
 Reference value :  1.10137e-01
 Reference value :  1.10140e-01
 Reference value :  1.10144e-01
 Reference value :  1.10146e-01
 Reference value :  1.10150e-01
 Reference value :  1.10152e-01
 Reference value :  1.10156e-01
 Reference value :  1.10159e-01
 Reference value :  1.10162e-01
 Reference value :  1.10164e-01
 Reference value :  1.10167e-01
 Reference value :  1.10171e-01
 Reference value :  1.10174e-01
 Reference value :  1.10177e-01
 Reference value :  1.10181e-01
 Reference value :  1.10184e-01
 Reference value :  1.10186e-01
 Reference value :  1.10189e-01
 Reference value :  1.10193e-01
 Reference value :  1.10196e-01
 Reference value :  1.10200e-01
 Reference value :  1.10204e-01
 Reference value :  1.10206e-01
 Reference value :  1.10210e-01
 Reference value :  1.10213e-01
 Reference value :  1.10216e-01
 Reference value :  1.10220e-01
 Reference value :  1.10222e-01
 Reference value :  1.10226e-01
 Reference value :  1.10228e-01
 Reference value :  1.10232e-01
 Reference value :  1.10235e-01
 Reference value :  1.10238e-01
 Reference value :  1.10240e-01
 Reference value :  1.10244e-01
 Reference value :  1.10247e-01
 Reference value :  1.10250e-01
 Reference value :  1.10252e-01
 Reference value :  1.10257e-01
 Reference value :  1.10260e-01
 Reference value :  1.10262e-01
 Reference value :  1.10265e-01
 Reference value :  1.10269e-01
 Reference value :  1.10272e-01
 Reference value :  1.10274e-01
 Reference value :  1.10279e-01
 Reference value :  1.10281e-01
 Reference value :  1.10284e-01
 Reference value :  1.10287e-01
 Reference value :  1.10289e-01
 Reference value :  1.10293e-01
 Reference value :  1.10296e-01
 Reference value :  1.10299e-01
 Reference value :  1.10303e-01
 Reference value :  1.10305e-01
 Reference value :  1.10309e-01
 Reference value :  1.10311e-01
 Reference value :  1.10315e-01
 Reference value :  1.10318e-01
 Reference value :  1.10321e-01
 Reference value :  1.10324e-01
 Reference value :  1.10326e-01
 Reference value :  1.10330e-01
 Reference value :  1.10333e-01
 Reference value :  1.10336e-01
 Reference value :  1.10338e-01
 Reference value :  1.10342e-01
 Reference value :  1.10345e-01
 Reference value :  1.10348e-01
 Reference value :  1.10352e-01
 Reference value :  1.10355e-01
 Reference value :  1.10358e-01
 Reference value :  1.10362e-01
 Reference value :  1.10365e-01
 Reference value :  1.10368e-01
 Reference value :  1.10370e-01
 Reference value :  1.10374e-01
 Reference value :  1.10377e-01
 Reference value :  1.10380e-01
 Reference value :  1.10382e-01
 Reference value :  1.10385e-01
 Reference value :  1.10389e-01
 Reference value :  1.10392e-01
 Reference value :  1.10395e-01
 Reference value :  1.10399e-01
 Reference value :  1.10401e-01
 Reference value :  1.10404e-01
 Reference value :  1.10407e-01
 Reference value :  1.10411e-01
 Reference value :  1.10414e-01
 Reference value :  1.10417e-01
 Reference value :  1.10421e-01
 Reference value :  1.10424e-01
 Reference value :  1.10426e-01
 Reference value :  1.10429e-01
 Reference value :  1.10433e-01
 Reference value :  1.10436e-01
 Reference value :  1.10439e-01
 Reference value :  1.10443e-01
 Reference value :  1.10445e-01
 Reference value :  1.10448e-01
 Reference value :  1.10451e-01
 Reference value :  1.10455e-01
 Reference value :  1.10458e-01
 Reference value :  1.10462e-01
 Reference value :  1.10465e-01
 Reference value :  1.10468e-01
 Reference value :  1.10470e-01
 Reference value :  1.10474e-01
 Reference value :  1.10478e-01
 Reference value :  1.10480e-01
 Reference value :  1.10484e-01
 Reference value :  1.10487e-01
 Reference value :  1.10491e-01
 Reference value :  1.10494e-01
 Reference value :  1.10497e-01
 Reference value :  1.10500e-01
 Reference value :  1.10504e-01
 Reference value :  1.10506e-01
 Reference value :  1.10509e-01
 Reference value :  1.10512e-01
 Reference value :  1.10516e-01
 Reference value :  1.10519e-01
 Reference value :  1.10523e-01
 Reference value :  1.10526e-01
 Reference value :  1.10529e-01
 Reference value :  1.10533e-01
 Reference value :  1.10536e-01
 Reference value :  1.10539e-01
 Reference value :  1.10541e-01
 Reference value :  1.10545e-01
 Reference value :  1.10549e-01
 Reference value :  1.10551e-01
 Reference value :  1.10555e-01
 Reference value :  1.10558e-01
 Reference value :  1.10561e-01
 Reference value :  1.10566e-01
 Reference value :  1.10568e-01
 Reference value :  1.10572e-01
 Reference value :  1.10576e-01
 Reference value :  1.10578e-01
 Reference value :  1.10582e-01
 Reference value :  1.10585e-01
 Reference value :  1.10588e-01
 Reference value :  1.10592e-01
 Reference value :  1.10594e-01
 Reference value :  1.10598e-01
 Reference value :  1.10600e-01
 Reference value :  1.10603e-01
 Reference value :  1.10607e-01
 Reference value :  1.10610e-01
 Reference value :  1.10612e-01
 Reference value :  1.10616e-01
 Reference value :  1.10620e-01
 Reference value :  1.10622e-01
 Reference value :  1.10626e-01
 Reference value :  1.10629e-01
 Reference value :  1.10632e-01
 Reference value :  1.10636e-01
 Reference value :  1.10639e-01
 Reference value :  1.10642e-01
 Reference value :  1.10646e-01
 Reference value :  1.10648e-01
 Reference value :  1.10651e-01
 Reference value :  1.10654e-01
 Reference value :  1.10658e-01
 Reference value :  1.10660e-01
 Reference value :  1.10664e-01
 Reference value :  1.10666e-01
 Reference value :  1.10670e-01
 Reference value :  1.10673e-01
 Reference value :  1.10676e-01
 Reference value :  1.10678e-01
 Reference value :  1.10682e-01
 Reference value :  1.10686e-01
 Reference value :  1.10688e-01
 Reference value :  1.10692e-01
 Reference value :  1.10695e-01
 Reference value :  1.10698e-01
 Reference value :  1.10700e-01
 Reference value :  1.10704e-01
 Reference value :  1.10708e-01
 Reference value :  1.10710e-01
 Reference value :  1.10714e-01
 Reference value :  1.10717e-01
 Reference value :  1.10720e-01
 Reference value :  1.10724e-01
 Reference value :  1.10727e-01
 Reference value :  1.10730e-01
 Reference value :  1.10734e-01
 Reference value :  1.10737e-01
 Reference value :  1.10740e-01
 Reference value :  1.10744e-01
 Reference value :  1.10747e-01
 Reference value :  1.10749e-01
 Reference value :  1.10752e-01
 Reference value :  1.10756e-01
 Reference value :  1.10759e-01
 Reference value :  1.10763e-01
 Reference value :  1.10766e-01
 Reference value :  1.10769e-01
 Reference value :  1.10773e-01
 Reference value :  1.10776e-01
 Reference value :  1.10779e-01
 Reference value :  1.10783e-01
 Reference value :  1.10786e-01
 Reference value :  1.10788e-01
 Reference value :  1.10792e-01
 Reference value :  1.10796e-01
 Reference value :  1.10798e-01
 Reference value :  1.10802e-01
 Reference value :  1.10805e-01
 Reference value :  1.10808e-01
 Reference value :  1.10810e-01
 Reference value :  1.10814e-01
 Reference value :  1.10818e-01
 Reference value :  1.10820e-01
 Reference value :  1.10824e-01
 Reference value :  1.10827e-01
 Reference value :  1.10830e-01
 Reference value :  1.10833e-01
 Reference value :  1.10837e-01
 Reference value :  1.10840e-01
 Reference value :  1.10842e-01
 Reference value :  1.10846e-01
 Reference value :  1.10850e-01
 Reference value :  1.10852e-01
 Reference value :  1.10856e-01
 Reference value :  1.10859e-01
 Reference value :  1.10862e-01
 Reference value :  1.10866e-01
 Reference value :  1.10869e-01
 Reference value :  1.10872e-01
 Reference value :  1.10876e-01
 Reference value :  1.10879e-01
 Reference value :  1.10883e-01
 Reference value :  1.10886e-01
 Reference value :  1.10888e-01
 Reference value :  1.10892e-01
 Reference value :  1.10896e-01
 Reference value :  1.10898e-01
 Reference value :  1.10901e-01
 Reference value :  1.10905e-01
 Reference value :  1.10908e-01
 Reference value :  1.10912e-01
 Reference value :  1.10914e-01
 Reference value :  1.10918e-01
 Reference value :  1.10922e-01
 Reference value :  1.10924e-01
 Reference value :  1.10927e-01
 Reference value :  1.10930e-01
 Reference value :  1.10932e-01
 Reference value :  1.10936e-01
 Reference value :  1.10940e-01
 Reference value :  1.10942e-01
 Reference value :  1.10946e-01
 Reference value :  1.10950e-01
 Reference value :  1.10952e-01
 Reference value :  1.10956e-01
 Reference value :  1.10959e-01
 Reference value :  1.10962e-01
 Reference value :  1.10966e-01
 Reference value :  1.10968e-01
 Reference value :  1.10972e-01
 Reference value :  1.10974e-01
 Reference value :  1.10978e-01
 Reference value :  1.10981e-01
 Reference value :  1.10985e-01
 Reference value :  1.10988e-01
 Reference value :  1.10991e-01
 Reference value :  1.10994e-01
 Reference value :  1.10996e-01
 Reference value :  1.10999e-01
 Reference value :  1.11001e-01
 Reference value :  1.11005e-01
 Reference value :  1.11008e-01
 Reference value :  1.11011e-01
 Reference value :  1.11013e-01
 Reference value :  1.11017e-01
 Reference value :  1.11021e-01
 Reference value :  1.11023e-01
 Reference value :  1.11027e-01
 Reference value :  1.11030e-01
 Reference value :  1.11033e-01
 Reference value :  1.11037e-01
 Reference value :  1.11040e-01
 Reference value :  1.11043e-01
 Reference value :  1.11045e-01
 Reference value :  1.11049e-01
 Reference value :  1.11052e-01
 Reference value :  1.11055e-01
 Reference value :  1.11057e-01
 Reference value :  1.11061e-01
 Reference value :  1.11064e-01
 Reference value :  1.11067e-01
 Reference value :  1.11070e-01
 Reference value :  1.11074e-01
 Reference value :  1.11077e-01
 Reference value :  1.11079e-01
 Reference value :  1.11082e-01
 Reference value :  1.11085e-01
 Reference value :  1.11088e-01
 Reference value :  1.11091e-01
 Reference value :  1.11094e-01
 Reference value :  1.11097e-01
 Reference value :  1.11101e-01
 Reference value :  1.11104e-01
 Reference value :  1.11106e-01
 Reference value :  1.11110e-01
 Reference value :  1.11114e-01
 Reference value :  1.11116e-01
 Reference value :  1.11120e-01
 Reference value :  1.11123e-01
 Reference value :  1.11126e-01
 Reference value :  1.11130e-01
 Reference value :  1.11133e-01
 Reference value :  1.11136e-01
 Reference value :  1.11140e-01
 Reference value :  1.11142e-01
 Reference value :  1.11145e-01
 Reference value :  1.11148e-01
 Reference value :  1.11152e-01
 Reference value :  1.11155e-01
 Reference value :  1.11158e-01
 Reference value :  1.11161e-01
 Reference value :  1.11165e-01
 Reference value :  1.11167e-01
 Reference value :  1.11171e-01
 Reference value :  1.11175e-01
 Reference value :  1.11177e-01
 Reference value :  1.11181e-01
 Reference value :  1.11184e-01
 Reference value :  1.11186e-01
 Reference value :  1.11189e-01
 Reference value :  1.11193e-01
 Reference value :  1.11197e-01
 Reference value :  1.11199e-01
 Reference value :  1.11203e-01
 Reference value :  1.11206e-01
 Reference value :  1.11209e-01
 Reference value :  1.11213e-01
 Reference value :  1.11216e-01
 Reference value :  1.11219e-01
 Reference value :  1.11223e-01
 Reference value :  1.11226e-01
 Reference value :  1.11229e-01
 Reference value :  1.11233e-01
 Reference value :  1.11236e-01
 Reference value :  1.11239e-01
 Reference value :  1.11242e-01
 Reference value :  1.11246e-01
 Reference value :  1.11250e-01
 Reference value :  1.11253e-01
 Reference value :  1.11256e-01
 Reference value :  1.11259e-01
 Reference value :  1.11262e-01
 Reference value :  1.11265e-01
 Reference value :  1.11269e-01
 Reference value :  1.11272e-01
 Reference value :  1.11275e-01
 Reference value :  1.11278e-01
 Reference value :  1.11282e-01
 Reference value :  1.11285e-01
 Reference value :  1.11289e-01
 Reference value :  1.11292e-01
 Reference value :  1.11295e-01
 Reference value :  1.11297e-01
 Reference value :  1.11301e-01
 Reference value :  1.11304e-01
 Reference value :  1.11307e-01
 Reference value :  1.11311e-01
 Reference value :  1.11314e-01
 Reference value :  1.11317e-01
 Reference value :  1.11321e-01
 Reference value :  1.11324e-01
 Reference value :  1.11326e-01
 Reference value :  1.11330e-01
 Reference value :  1.11333e-01
 Reference value :  1.11336e-01
 Reference value :  1.11340e-01
 Reference value :  1.11343e-01
 Reference value :  1.11346e-01
 Reference value :  1.11350e-01
 Reference value :  1.11353e-01
 Reference value :  1.11356e-01
 Reference value :  1.11360e-01
 Reference value :  1.11362e-01
 Reference value :  1.11365e-01
 Reference value :  1.11368e-01
 Reference value :  1.11372e-01
 Reference value :  1.11375e-01
 Reference value :  1.11378e-01
 Reference value :  1.11382e-01
 Reference value :  1.11384e-01
 Reference value :  1.11388e-01
 Reference value :  1.11390e-01
 Reference value :  1.11394e-01
 Reference value :  1.11396e-01
 Reference value :  1.11400e-01
 Reference value :  1.11402e-01
 Reference value :  1.11406e-01
 Reference value :  1.11409e-01
 Reference value :  1.11411e-01
 Reference value :  1.11414e-01
 Reference value :  1.11417e-01
 Reference value :  1.11421e-01
 Reference value :  1.11424e-01
 Reference value :  1.11427e-01
 Reference value :  1.11431e-01
 Reference value :  1.11433e-01
 Reference value :  1.11436e-01
 Reference value :  1.11439e-01
 Reference value :  1.11443e-01
 Reference value :  1.11445e-01
 Reference value :  1.11449e-01
 Reference value :  1.11451e-01
 Reference value :  1.11454e-01
 Reference value :  1.11458e-01
 Reference value :  1.11461e-01
 Reference value :  1.11463e-01
 Reference value :  1.11466e-01
 Reference value :  1.11468e-01
 Reference value :  1.11472e-01
 Reference value :  1.11476e-01
 Reference value :  1.11478e-01
 Reference value :  1.11482e-01
 Reference value :  1.11484e-01
 Reference value :  1.11488e-01
 Reference value :  1.11490e-01
 Reference value :  1.11494e-01
 Reference value :  1.11498e-01
 Reference value :  1.11500e-01
 Reference value :  1.11504e-01
 Reference value :  1.11506e-01
 Reference value :  1.11510e-01
 Reference value :  1.11512e-01
 Reference value :  1.11516e-01
 Reference value :  1.11519e-01
 Reference value :  1.11522e-01
 Reference value :  1.11524e-01
 Reference value :  1.11527e-01
 Reference value :  1.11531e-01
 Reference value :  1.11534e-01
 Reference value :  1.11537e-01
 Reference value :  1.11541e-01
 Reference value :  1.11543e-01
 Reference value :  1.11546e-01
 Reference value :  1.11549e-01
 Reference value :  1.11553e-01
 Reference value :  1.11555e-01
 Reference value :  1.11559e-01
 Reference value :  1.11561e-01
 Reference value :  1.11565e-01
 Reference value :  1.11568e-01
 Reference value :  1.11571e-01
 Reference value :  1.11575e-01
 Reference value :  1.11578e-01
 Reference value :  1.11581e-01
 Reference value :  1.11585e-01
 Reference value :  1.11588e-01
 Reference value :  1.11591e-01
 Reference value :  1.11594e-01
 Reference value :  1.11598e-01
 Reference value :  1.11602e-01
 Reference value :  1.11604e-01
 Reference value :  1.11608e-01
 Reference value :  1.11612e-01
 Reference value :  1.11615e-01
 Reference value :  1.11619e-01
 Reference value :  1.11621e-01
 Reference value :  1.11625e-01
 Reference value :  1.11629e-01
 Reference value :  1.11631e-01
 Reference value :  1.11634e-01
 Reference value :  1.11638e-01
 Reference value :  1.11641e-01
 Reference value :  1.11644e-01
 Reference value :  1.11647e-01
 Reference value :  1.11651e-01
 Reference value :  1.11653e-01
 Reference value :  1.11657e-01
 Reference value :  1.11660e-01
 Reference value :  1.11663e-01
 Reference value :  1.11666e-01
 Reference value :  1.11670e-01
 Reference value :  1.11673e-01
 Reference value :  1.11676e-01
 Reference value :  1.11679e-01
 Reference value :  1.11682e-01
 Reference value :  1.11686e-01
 Reference value :  1.11688e-01
 Reference value :  1.11692e-01
 Reference value :  1.11696e-01
 Reference value :  1.11698e-01
 Reference value :  1.11702e-01
 Reference value :  1.11705e-01
 Reference value :  1.11709e-01
 Reference value :  1.11712e-01
 Reference value :  1.11715e-01
 Reference value :  1.11719e-01
 Reference value :  1.11722e-01
 Reference value :  1.11725e-01
 Reference value :  1.11729e-01
 Reference value :  1.11732e-01
 Reference value :  1.11735e-01
 Reference value :  1.11739e-01
 Reference value :  1.11742e-01
 Reference value :  1.11745e-01
 Reference value :  1.11747e-01
 Reference value :  1.11751e-01
 Reference value :  1.11754e-01
 Reference value :  1.11757e-01
 Reference value :  1.11761e-01
 Reference value :  1.11764e-01
 Reference value :  1.11767e-01
 Reference value :  1.11770e-01
 Reference value :  1.11774e-01
 Reference value :  1.11776e-01
 Reference value :  1.11780e-01
 Reference value :  1.11784e-01
 Reference value :  1.11786e-01
 Reference value :  1.11790e-01
 Reference value :  1.11793e-01
 Reference value :  1.11797e-01
 Reference value :  1.11800e-01
 Reference value :  1.11803e-01
 Reference value :  1.11807e-01
 Reference value :  1.11810e-01
 Reference value :  1.11813e-01
 Reference value :  1.11817e-01
 Reference value :  1.11820e-01
 Reference value :  1.11823e-01
 Reference value :  1.11825e-01
 Reference value :  1.11829e-01
 Reference value :  1.11832e-01
 Reference value :  1.11835e-01
 Reference value :  1.11839e-01
 Reference value :  1.11842e-01
 Reference value :  1.11845e-01
 Reference value :  1.11849e-01
 Reference value :  1.11852e-01
 Reference value :  1.11855e-01
 Reference value :  1.11858e-01
 Reference value :  1.11861e-01
 Reference value :  1.11864e-01
 Reference value :  1.11867e-01
 Reference value :  1.11871e-01
 Reference value :  1.11874e-01
 Reference value :  1.11878e-01
 Reference value :  1.11881e-01
 Reference value :  1.11884e-01
 Reference value :  1.11888e-01
 Reference value :  1.11891e-01
 Reference value :  1.11894e-01
 Reference value :  1.11898e-01
 Reference value :  1.11901e-01
 Reference value :  1.11905e-01
 Reference value :  1.11908e-01
 Reference value :  1.11911e-01
 Reference value :  1.11915e-01
 Reference value :  1.11918e-01
 Reference value :  1.11921e-01
 Reference value :  1.11924e-01
 Reference value :  1.11928e-01
 Reference value :  1.11930e-01
 Reference value :  1.11934e-01
 Reference value :  1.11937e-01
 Reference value :  1.11940e-01
 Reference value :  1.11944e-01
 Reference value :  1.11947e-01
 Reference value :  1.11950e-01
 Reference value :  1.11952e-01
 Reference value :  1.11956e-01
 Reference value :  1.11959e-01
 Reference value :  1.11962e-01
 Reference value :  1.11966e-01
 Reference value :  1.11969e-01
 Reference value :  1.11972e-01
 Reference value :  1.11976e-01
 Reference value :  1.11979e-01
 Reference value :  1.11982e-01
 Reference value :  1.11986e-01
 Reference value :  1.11989e-01
 Reference value :  1.11992e-01
 Reference value :  1.11994e-01
 Reference value :  1.11998e-01
 Reference value :  1.12001e-01
 Reference value :  1.12004e-01
 Reference value :  1.12008e-01
 Reference value :  1.12011e-01
 Reference value :  1.12013e-01
 Reference value :  1.12016e-01
 Reference value :  1.12020e-01
 Reference value :  1.12023e-01
 Reference value :  1.12026e-01
 Reference value :  1.12029e-01
 Reference value :  1.12032e-01
 Reference value :  1.12036e-01
 Reference value :  1.12038e-01
 Reference value :  1.12041e-01
 Reference value :  1.12044e-01
 Reference value :  1.12048e-01
 Reference value :  1.12050e-01
 Reference value :  1.12054e-01
 Reference value :  1.12057e-01
 Reference value :  1.12060e-01
 Reference value :  1.12064e-01
 Reference value :  1.12066e-01
 Reference value :  1.12070e-01
 Reference value :  1.12072e-01
 Reference value :  1.12076e-01
 Reference value :  1.12079e-01
 Reference value :  1.12082e-01
 Reference value :  1.12086e-01
 Reference value :  1.12089e-01
 Reference value :  1.12092e-01
 Reference value :  1.12096e-01
 Reference value :  1.12099e-01
 Reference value :  1.12101e-01
 Reference value :  1.12105e-01
 Reference value :  1.12108e-01
 Reference value :  1.12111e-01
 Reference value :  1.12114e-01
 Reference value :  1.12117e-01
 Reference value :  1.12121e-01
 Reference value :  1.12123e-01
 Reference value :  1.12127e-01
 Reference value :  1.12131e-01
 Reference value :  1.12133e-01
 Reference value :  1.12136e-01
 Reference value :  1.12138e-01
 Reference value :  1.12142e-01
 Reference value :  1.12145e-01
 Reference value :  1.12148e-01
 Reference value :  1.12152e-01
 Reference value :  1.12154e-01
 Reference value :  1.12157e-01
 Reference value :  1.12160e-01
 Reference value :  1.12163e-01
 Reference value :  1.12166e-01
 Reference value :  1.12169e-01
 Reference value :  1.12172e-01
 Reference value :  1.12175e-01
 Reference value :  1.12178e-01
 Reference value :  1.12181e-01
 Reference value :  1.12185e-01
 Reference value :  1.12187e-01
 Reference value :  1.12190e-01
 Reference value :  1.12193e-01
 Reference value :  1.12197e-01
 Reference value :  1.12199e-01
 Reference value :  1.12202e-01
 Reference value :  1.12204e-01
 Reference value :  1.12208e-01
 Reference value :  1.12211e-01
 Reference value :  1.12214e-01
 Reference value :  1.12216e-01
 Reference value :  1.12220e-01
 Reference value :  1.12224e-01
 Reference value :  1.12226e-01
 Reference value :  1.12229e-01
 Reference value :  1.12231e-01
 Reference value :  1.12235e-01
 Reference value :  1.12238e-01
 Reference value :  1.12241e-01
 Reference value :  1.12243e-01
 Reference value :  1.12247e-01
 Reference value :  1.12251e-01
 Reference value :  1.12253e-01
 Reference value :  1.12257e-01
 Reference value :  1.12261e-01
 Reference value :  1.12263e-01
 Reference value :  1.12267e-01
 Reference value :  1.12270e-01
 Reference value :  1.12273e-01
 Reference value :  1.12275e-01
 Reference value :  1.12279e-01
 Reference value :  1.12283e-01
 Reference value :  1.12285e-01
 Reference value :  1.12289e-01
 Reference value :  1.12292e-01
 Reference value :  1.12295e-01
 Reference value :  1.12299e-01
 Reference value :  1.12302e-01
 Reference value :  1.12305e-01
 Reference value :  1.12307e-01
 Reference value :  1.12311e-01
 Reference value :  1.12314e-01
 Reference value :  1.12317e-01
 Reference value :  1.12321e-01
 Reference value :  1.12323e-01
 Reference value :  1.12327e-01
 Reference value :  1.12330e-01
 Reference value :  1.12333e-01
 Reference value :  1.12336e-01
 Reference value :  1.12339e-01
 Reference value :  1.12341e-01
 Reference value :  1.12345e-01
 Reference value :  1.12348e-01
 Reference value :  1.12351e-01
 Reference value :  1.12354e-01
 Reference value :  1.12357e-01
 Reference value :  1.12360e-01
 Reference value :  1.12363e-01
 Reference value :  1.12366e-01
 Reference value :  1.12370e-01
 Reference value :  1.12373e-01
 Reference value :  1.12376e-01
 Reference value :  1.12378e-01
 Reference value :  1.12382e-01
 Reference value :  1.12384e-01
 Reference value :  1.12388e-01
 Reference value :  1.12390e-01
 Reference value :  1.12394e-01
 Reference value :  1.12397e-01
 Reference value :  1.12400e-01
 Reference value :  1.12404e-01
 Reference value :  1.12407e-01
 Reference value :  1.12410e-01
 Reference value :  1.12412e-01
 Reference value :  1.12416e-01
 Reference value :  1.12419e-01
 Reference value :  1.12421e-01
 Reference value :  1.12425e-01
 Reference value :  1.12429e-01
 Reference value :  1.12432e-01
 Reference value :  1.12434e-01
 Reference value :  1.12437e-01
 Reference value :  1.12441e-01
 Reference value :  1.12444e-01
 Reference value :  1.12447e-01
 Reference value :  1.12451e-01
 Reference value :  1.12453e-01
 Reference value :  1.12456e-01
 Reference value :  1.12459e-01
 Reference value :  1.12463e-01
 Reference value :  1.12466e-01
 Reference value :  1.12469e-01
 Reference value :  1.12471e-01
 Reference value :  1.12475e-01
 Reference value :  1.12478e-01
 Reference value :  1.12481e-01
 Reference value :  1.12485e-01
 Reference value :  1.12487e-01
 Reference value :  1.12490e-01
 Reference value :  1.12493e-01
 Reference value :  1.12496e-01
 Reference value :  1.12499e-01
 Reference value :  1.12503e-01
 Reference value :  1.12505e-01
 Reference value :  1.12508e-01
 Reference value :  1.12512e-01
 Reference value :  1.12515e-01
 Reference value :  1.12518e-01
 Reference value :  1.12522e-01
 Reference value :  1.12525e-01
 Reference value :  1.12527e-01
 Reference value :  1.12531e-01
 Reference value :  1.12534e-01
 Reference value :  1.12537e-01
 Reference value :  1.12540e-01
 Reference value :  1.12544e-01
 Reference value :  1.12547e-01
 Reference value :  1.12551e-01
 Reference value :  1.12553e-01
 Reference value :  1.12557e-01
 Reference value :  1.12559e-01
 Reference value :  1.12563e-01
 Reference value :  1.12566e-01
 Reference value :  1.12569e-01
 Reference value :  1.12572e-01
 Reference value :  1.12575e-01
 Reference value :  1.12578e-01
 Reference value :  1.12581e-01
 Reference value :  1.12584e-01
 Reference value :  1.12588e-01
 Reference value :  1.12590e-01
 Reference value :  1.12593e-01
 Reference value :  1.12597e-01
 Reference value :  1.12601e-01
 Reference value :  1.12603e-01
 Reference value :  1.12607e-01
 Reference value :  1.12611e-01
 Reference value :  1.12613e-01
 Reference value :  1.12617e-01
 Reference value :  1.12620e-01
 Reference value :  1.12623e-01
 Reference value :  1.12627e-01
 Reference value :  1.12630e-01
 Reference value :  1.12634e-01
 Reference value :  1.12637e-01
 Reference value :  1.12640e-01
 Reference value :  1.12642e-01
 Reference value :  1.12646e-01
 Reference value :  1.12650e-01
 Reference value :  1.12652e-01
 Reference value :  1.12656e-01
 Reference value :  1.12659e-01
 Reference value :  1.12662e-01
 Reference value :  1.12666e-01
 Reference value :  1.12668e-01
 Reference value :  1.12672e-01
 Reference value :  1.12674e-01
 Reference value :  1.12678e-01
 Reference value :  1.12681e-01
 Reference value :  1.12684e-01
 Reference value :  1.12688e-01
 Reference value :  1.12691e-01
 Reference value :  1.12694e-01
 Reference value :  1.12697e-01
 Reference value :  1.12701e-01
 Reference value :  1.12704e-01
 Reference value :  1.12708e-01
 Reference value :  1.12711e-01
 Reference value :  1.12715e-01
 Reference value :  1.12718e-01
 Reference value :  1.12720e-01
 Reference value :  1.12724e-01
 Reference value :  1.12728e-01
 Reference value :  1.12732e-01
 Reference value :  1.12734e-01
 Reference value :  1.12738e-01
 Reference value :  1.12740e-01
 Reference value :  1.12744e-01
 Reference value :  1.12747e-01
 Reference value :  1.12750e-01
 Reference value :  1.12754e-01
 Reference value :  1.12756e-01
 Reference value :  1.12760e-01
 Reference value :  1.12762e-01
 Reference value :  1.12766e-01
 Reference value :  1.12769e-01
 Reference value :  1.12772e-01
 Reference value :  1.12776e-01
 Reference value :  1.12779e-01
 Reference value :  1.12782e-01
 Reference value :  1.12786e-01
 Reference value :  1.12789e-01
 Reference value :  1.12793e-01
 Reference value :  1.12795e-01
 Reference value :  1.12799e-01
 Reference value :  1.12801e-01
 Reference value :  1.12805e-01
 Reference value :  1.12809e-01
 Reference value :  1.12811e-01
 Reference value :  1.12815e-01
 Reference value :  1.12817e-01
 Reference value :  1.12821e-01
 Reference value :  1.12823e-01
 Reference value :  1.12827e-01
 Reference value :  1.12831e-01
 Reference value :  1.12833e-01
 Reference value :  1.12837e-01
 Reference value :  1.12839e-01
 Reference value :  1.12843e-01
 Reference value :  1.12847e-01
 Reference value :  1.12850e-01
 Reference value :  1.12854e-01
 Reference value :  1.12858e-01
 Reference value :  1.12860e-01
 Reference value :  1.12863e-01
 Reference value :  1.12866e-01
 Reference value :  1.12870e-01
 Reference value :  1.12872e-01
 Reference value :  1.12876e-01
 Reference value :  1.12879e-01
 Reference value :  1.12882e-01
 Reference value :  1.12885e-01
 Reference value :  1.12888e-01
 Reference value :  1.12892e-01
 Reference value :  1.12894e-01
 Reference value :  1.12898e-01
 Reference value :  1.12902e-01
 Reference value :  1.12904e-01
 Reference value :  1.12908e-01
 Reference value :  1.12911e-01
 Reference value :  1.12915e-01
 Reference value :  1.12919e-01
 Reference value :  1.12921e-01
 Reference value :  1.12925e-01
 Reference value :  1.12928e-01
 Reference value :  1.12931e-01
 Reference value :  1.12936e-01
 Reference value :  1.12938e-01
 Reference value :  1.12942e-01
 Reference value :  1.12945e-01
 Reference value :  1.12948e-01
 Reference value :  1.12952e-01
 Reference value :  1.12954e-01
 Reference value :  1.12958e-01
 Reference value :  1.12962e-01
 Reference value :  1.12965e-01
 Reference value :  1.12968e-01
 Reference value :  1.12971e-01
 Reference value :  1.12975e-01
 Reference value :  1.12977e-01
 Reference value :  1.12981e-01
 Reference value :  1.12985e-01
 Reference value :  1.12987e-01
 Reference value :  1.12991e-01
 Reference value :  1.12993e-01
 Reference value :  1.12997e-01
 Reference value :  1.12999e-01
 Reference value :  1.13003e-01
 Reference value :  1.13007e-01
 Reference value :  1.13009e-01
 Reference value :  1.13013e-01
 Reference value :  1.13016e-01
 Reference value :  1.13019e-01
 Reference value :  1.13023e-01
 Reference value :  1.13026e-01
 Reference value :  1.13029e-01
 Reference value :  1.13033e-01
 Reference value :  1.13036e-01
 Reference value :  1.13039e-01
 Reference value :  1.13042e-01
 Reference value :  1.13046e-01
 Reference value :  1.13048e-01
 Reference value :  1.13052e-01
 Reference value :  1.13056e-01
 Reference value :  1.13058e-01
 Reference value :  1.13062e-01
 Reference value :  1.13064e-01
 Reference value :  1.13068e-01
 Reference value :  1.13070e-01
 Reference value :  1.13074e-01
 Reference value :  1.13078e-01
 Reference value :  1.13081e-01
 Reference value :  1.13085e-01
 Reference value :  1.13087e-01
 Reference value :  1.13091e-01
 Reference value :  1.13094e-01
 Reference value :  1.13097e-01
 Reference value :  1.13100e-01
 Reference value :  1.13103e-01
 Reference value :  1.13107e-01
 Reference value :  1.13111e-01
 Reference value :  1.13114e-01
 Reference value :  1.13117e-01
 Reference value :  1.13120e-01
 Reference value :  1.13123e-01
 Reference value :  1.13126e-01
 Reference value :  1.13129e-01
 Reference value :  1.13133e-01
 Reference value :  1.13136e-01
 Reference value :  1.13139e-01
 Reference value :  1.13143e-01
 Reference value :  1.13146e-01
 Reference value :  1.13149e-01
 Reference value :  1.13153e-01
 Reference value :  1.13156e-01
 Reference value :  1.13160e-01
 Reference value :  1.13163e-01
 Reference value :  1.13166e-01
 Reference value :  1.13170e-01
 Reference value :  1.13173e-01
 Reference value :  1.13176e-01
 Reference value :  1.13180e-01
 Reference value :  1.13183e-01
 Reference value :  1.13187e-01
 Reference value :  1.13190e-01
 Reference value :  1.13193e-01
 Reference value :  1.13197e-01
 Reference value :  1.13200e-01
 Reference value :  1.13204e-01
 Reference value :  1.13206e-01
 Reference value :  1.13210e-01
 Reference value :  1.13214e-01
 Reference value :  1.13217e-01
 Reference value :  1.13220e-01
 Reference value :  1.13223e-01
 Reference value :  1.13226e-01
 Reference value :  1.13229e-01
 Reference value :  1.13233e-01
 Reference value :  1.13237e-01
 Reference value :  1.13239e-01
 Reference value :  1.13243e-01
 Reference value :  1.13247e-01
 Reference value :  1.13249e-01
 Reference value :  1.13253e-01
 Reference value :  1.13256e-01
 Reference value :  1.13259e-01
 Reference value :  1.13263e-01
 Reference value :  1.13266e-01
 Reference value :  1.13268e-01
 Reference value :  1.13272e-01
 Reference value :  1.13276e-01
 Reference value :  1.13278e-01
 Reference value :  1.13282e-01
 Reference value :  1.13286e-01
 Reference value :  1.13288e-01
 Reference value :  1.13292e-01
 Reference value :  1.13295e-01
 Reference value :  1.13298e-01
 Reference value :  1.13300e-01
 Reference value :  1.13304e-01
 Reference value :  1.13308e-01
 Reference value :  1.13310e-01
 Reference value :  1.13314e-01
 Reference value :  1.13317e-01
 Reference value :  1.13320e-01
 Reference value :  1.13324e-01
 Reference value :  1.13326e-01
 Reference value :  1.13330e-01
 Reference value :  1.13332e-01
 Reference value :  1.13334e-01
 Reference value :  1.13338e-01
 Reference value :  1.13341e-01
 Reference value :  1.13344e-01
 Reference value :  1.13347e-01
 Reference value :  1.13351e-01
 Reference value :  1.13353e-01
 Reference value :  1.13356e-01
 Reference value :  1.13359e-01
 Reference value :  1.13361e-01
 Reference value :  1.13365e-01
 Reference value :  1.13368e-01
 Reference value :  1.13371e-01
 Reference value :  1.13374e-01
 Reference value :  1.13377e-01
 Reference value :  1.13380e-01
 Reference value :  1.13383e-01
 Reference value :  1.13386e-01
 Reference value :  1.13390e-01
 Reference value :  1.13393e-01
 Reference value :  1.13396e-01
 Reference value :  1.13399e-01
 Reference value :  1.13402e-01
 Reference value :  1.13405e-01
 Reference value :  1.13408e-01
 Reference value :  1.13410e-01
 Reference value :  1.13414e-01
 Reference value :  1.13417e-01
 Reference value :  1.13420e-01
 Reference value :  1.13422e-01
 Reference value :  1.13426e-01
 Reference value :  1.13430e-01
 Reference value :  1.13432e-01
 Reference value :  1.13436e-01
 Reference value :  1.13440e-01
 Reference value :  1.13442e-01
 Reference value :  1.13446e-01
 Reference value :  1.13449e-01
 Reference value :  1.13452e-01
 Reference value :  1.13456e-01
 Reference value :  1.13459e-01
 Reference value :  1.13462e-01
 Reference value :  1.13464e-01
 Reference value :  1.13468e-01
 Reference value :  1.13471e-01
 Reference value :  1.13474e-01
 Reference value :  1.13476e-01
 Reference value :  1.13480e-01
 Reference value :  1.13483e-01
 Reference value :  1.13486e-01
 Reference value :  1.13490e-01
 Reference value :  1.13492e-01
 Reference value :  1.13496e-01
 Reference value :  1.13500e-01
 Reference value :  1.13502e-01
 Reference value :  1.13505e-01
 Reference value :  1.13508e-01
 Reference value :  1.13511e-01
 Reference value :  1.13514e-01
 Reference value :  1.13518e-01
 Reference value :  1.13520e-01
 Reference value :  1.13524e-01
 Reference value :  1.13526e-01
 Reference value :  1.13530e-01
 Reference value :  1.13532e-01
 Reference value :  1.13536e-01
 Reference value :  1.13539e-01
 Reference value :  1.13542e-01
 Reference value :  1.13545e-01
 Reference value :  1.13547e-01
 Reference value :  1.13551e-01
 Reference value :  1.13553e-01
 Reference value :  1.13557e-01
 Reference value :  1.13559e-01
 Reference value :  1.13563e-01
 Reference value :  1.13566e-01
 Reference value :  1.13569e-01
 Reference value :  1.13572e-01
 Reference value :  1.13574e-01
 Reference value :  1.13578e-01
 Reference value :  1.13581e-01
 Reference value :  1.13585e-01
 Reference value :  1.13588e-01
 Reference value :  1.13591e-01
 Reference value :  1.13594e-01
 Reference value :  1.13597e-01
 Reference value :  1.13601e-01
 Reference value :  1.13603e-01
 Reference value :  1.13607e-01
 Reference value :  1.13611e-01
 Reference value :  1.13613e-01
 Reference value :  1.13616e-01
 Reference value :  1.13618e-01
 Reference value :  1.13622e-01
 Reference value :  1.13625e-01
 Reference value :  1.13628e-01
 Reference value :  1.13630e-01
 Reference value :  1.13634e-01
 Reference value :  1.13637e-01
 Reference value :  1.13640e-01
 Reference value :  1.13643e-01
 Reference value :  1.13646e-01
 Reference value :  1.13650e-01
 Reference value :  1.13652e-01
 Reference value :  1.13655e-01
 Reference value :  1.13659e-01
 Reference value :  1.13661e-01
 Reference value :  1.13665e-01
 Reference value :  1.13667e-01
 Reference value :  1.13670e-01
 Reference value :  1.13673e-01
 Reference value :  1.13676e-01
 Reference value :  1.13679e-01
 Reference value :  1.13683e-01
 Reference value :  1.13686e-01
 Reference value :  1.13689e-01
 Reference value :  1.13692e-01
 Reference value :  1.13695e-01
 Reference value :  1.13699e-01
 Reference value :  1.13701e-01
 Reference value :  1.13705e-01
 Reference value :  1.13708e-01
 Reference value :  1.13711e-01
 Reference value :  1.13714e-01
 Reference value :  1.13717e-01
 Reference value :  1.13720e-01
 Reference value :  1.13723e-01
 Reference value :  1.13726e-01
 Reference value :  1.13730e-01
 Reference value :  1.13732e-01
 Reference value :  1.13736e-01
 Reference value :  1.13738e-01
 Reference value :  1.13740e-01
 Reference value :  1.13744e-01
 Reference value :  1.13748e-01
 Reference value :  1.13750e-01
 Reference value :  1.13753e-01
 Reference value :  1.13756e-01
 Reference value :  1.13760e-01
 Reference value :  1.13762e-01
 Reference value :  1.13766e-01
 Reference value :  1.13770e-01
 Reference value :  1.13772e-01
 Reference value :  1.13776e-01
 Reference value :  1.13779e-01
 Reference value :  1.13782e-01
 Reference value :  1.13784e-01
 Reference value :  1.13787e-01
 Reference value :  1.13791e-01
 Reference value :  1.13794e-01
 Reference value :  1.13797e-01
 Reference value :  1.13800e-01
 Reference value :  1.13804e-01
 Reference value :  1.13806e-01
 Reference value :  1.13809e-01
 Reference value :  1.13813e-01
 Reference value :  1.13816e-01
 Reference value :  1.13819e-01
 Reference value :  1.13821e-01
 Reference value :  1.13825e-01
 Reference value :  1.13828e-01
 Reference value :  1.13831e-01
 Reference value :  1.13835e-01
 Reference value :  1.13837e-01
 Reference value :  1.13840e-01
 Reference value :  1.13843e-01
 Reference value :  1.13846e-01
 Reference value :  1.13848e-01
 Reference value :  1.13852e-01
 Reference value :  1.13855e-01
 Reference value :  1.13858e-01
 Reference value :  1.13860e-01
 Reference value :  1.13863e-01
 Reference value :  1.13867e-01
 Reference value :  1.13869e-01
 Reference value :  1.13872e-01
 Reference value :  1.13875e-01
 Reference value :  1.13879e-01
 Reference value :  1.13881e-01
 Reference value :  1.13885e-01
 Reference value :  1.13887e-01
 Reference value :  1.13891e-01
 Reference value :  1.13894e-01
 Reference value :  1.13897e-01
 Reference value :  1.13899e-01
 Reference value :  1.13903e-01
 Reference value :  1.13907e-01
 Reference value :  1.13909e-01
 Reference value :  1.13912e-01
 Reference value :  1.13915e-01
 Reference value :  1.13919e-01
 Reference value :  1.13921e-01
 Reference value :  1.13925e-01
 Reference value :  1.13928e-01
 Reference value :  1.13930e-01
 Reference value :  1.13934e-01
 Reference value :  1.13936e-01
 Reference value :  1.13940e-01
 Reference value :  1.13942e-01
 Reference value :  1.13946e-01
 Reference value :  1.13948e-01
 Reference value :  1.13951e-01
 Reference value :  1.13953e-01
 Reference value :  1.13957e-01
 Reference value :  1.13960e-01
 Reference value :  1.13963e-01
 Reference value :  1.13967e-01
 Reference value :  1.13969e-01
 Reference value :  1.13972e-01
 Reference value :  1.13975e-01
 Reference value :  1.13977e-01
 Reference value :  1.13980e-01
 Reference value :  1.13984e-01
 Reference value :  1.13987e-01
 Reference value :  1.13990e-01
 Reference value :  1.13994e-01
 Reference value :  1.13997e-01
 Reference value :  1.14000e-01
 Reference value :  1.14003e-01
 Reference value :  1.14007e-01
 Reference value :  1.14009e-01
 Reference value :  1.14012e-01
 Reference value :  1.14015e-01
 Reference value :  1.14019e-01
 Reference value :  1.14021e-01
 Reference value :  1.14025e-01
 Reference value :  1.14028e-01
 Reference value :  1.14031e-01
 Reference value :  1.14034e-01
 Reference value :  1.14038e-01
 Reference value :  1.14041e-01
 Reference value :  1.14043e-01
 Reference value :  1.14046e-01
 Reference value :  1.14050e-01
 Reference value :  1.14052e-01
 Reference value :  1.14056e-01
 Reference value :  1.14058e-01
 Reference value :  1.14061e-01
 Reference value :  1.14064e-01
 Reference value :  1.14067e-01
 Reference value :  1.14070e-01
 Reference value :  1.14073e-01
 Reference value :  1.14077e-01
 Reference value :  1.14079e-01
 Reference value :  1.14083e-01
 Reference value :  1.14085e-01
 Reference value :  1.14089e-01
 Reference value :  1.14092e-01
 Reference value :  1.14095e-01
 Reference value :  1.14099e-01
 Reference value :  1.14101e-01
 Reference value :  1.14105e-01
 Reference value :  1.14107e-01
 Reference value :  1.14111e-01
 Reference value :  1.14113e-01
 Reference value :  1.14116e-01
 Reference value :  1.14119e-01
 Reference value :  1.14123e-01
 Reference value :  1.14126e-01
 Reference value :  1.14129e-01
 Reference value :  1.14131e-01
 Reference value :  1.14135e-01
 Reference value :  1.14139e-01
 Reference value :  1.14143e-01
 Reference value :  1.14146e-01
 Reference value :  1.14149e-01
 Reference value :  1.14151e-01
 Reference value :  1.14155e-01
 Reference value :  1.14158e-01
 Reference value :  1.14161e-01
 Reference value :  1.14165e-01
 Reference value :  1.14168e-01
 Reference value :  1.14171e-01
 Reference value :  1.14173e-01
 Reference value :  1.14177e-01
 Reference value :  1.14180e-01
 Reference value :  1.14183e-01
 Reference value :  1.14185e-01
 Reference value :  1.14188e-01
 Reference value :  1.14191e-01
 Reference value :  1.14195e-01
 Reference value :  1.14198e-01
 Reference value :  1.14201e-01
 Reference value :  1.14205e-01
 Reference value :  1.14207e-01
 Reference value :  1.14211e-01
 Reference value :  1.14214e-01
 Reference value :  1.14217e-01
 Reference value :  1.14219e-01
 Reference value :  1.14223e-01
 Reference value :  1.14227e-01
 Reference value :  1.14229e-01
 Reference value :  1.14232e-01
 Reference value :  1.14235e-01
 Reference value :  1.14239e-01
 Reference value :  1.14241e-01
 Reference value :  1.14245e-01
 Reference value :  1.14249e-01
 Reference value :  1.14251e-01
 Reference value :  1.14254e-01
 Reference value :  1.14257e-01
 Reference value :  1.14260e-01
 Reference value :  1.14263e-01
 Reference value :  1.14266e-01
 Reference value :  1.14270e-01
 Reference value :  1.14273e-01
 Reference value :  1.14276e-01
 Reference value :  1.14278e-01
 Reference value :  1.14281e-01
 Reference value :  1.14284e-01
 Reference value :  1.14288e-01
 Reference value :  1.14290e-01
 Reference value :  1.14294e-01
 Reference value :  1.14297e-01
 Reference value :  1.14300e-01
 Reference value :  1.14304e-01
 Reference value :  1.14307e-01
 Reference value :  1.14310e-01
 Reference value :  1.14312e-01
 Reference value :  1.14316e-01
 Reference value :  1.14319e-01
 Reference value :  1.14322e-01
 Reference value :  1.14324e-01
 Reference value :  1.14328e-01
 Reference value :  1.14332e-01
 Reference value :  1.14334e-01
 Reference value :  1.14337e-01
 Reference value :  1.14339e-01
 Reference value :  1.14343e-01
 Reference value :  1.14346e-01
 Reference value :  1.14349e-01
 Reference value :  1.14353e-01
 Reference value :  1.14355e-01
 Reference value :  1.14359e-01
 Reference value :  1.14361e-01
 Reference value :  1.14365e-01
 Reference value :  1.14368e-01
 Reference value :  1.14371e-01
 Reference value :  1.14375e-01
 Reference value :  1.14378e-01
 Reference value :  1.14381e-01
 Reference value :  1.14383e-01
 Reference value :  1.14387e-01
 Reference value :  1.14390e-01
 Reference value :  1.14393e-01
 Reference value :  1.14395e-01
 Reference value :  1.14398e-01
 Reference value :  1.14402e-01
 Reference value :  1.14405e-01
 Reference value :  1.14408e-01
 Reference value :  1.14410e-01
 Reference value :  1.14414e-01
 Reference value :  1.14417e-01
 Reference value :  1.14421e-01
 Reference value :  1.14424e-01
 Reference value :  1.14427e-01
 Reference value :  1.14430e-01
 Reference value :  1.14432e-01
 Reference value :  1.14435e-01
 Reference value :  1.14438e-01
 Reference value :  1.14441e-01
 Reference value :  1.14444e-01
 Reference value :  1.14447e-01
 Reference value :  1.14451e-01
 Reference value :  1.14454e-01
 Reference value :  1.14457e-01
 Reference value :  1.14460e-01
 Reference value :  1.14463e-01
 Reference value :  1.14466e-01
 Reference value :  1.14469e-01
 Reference value :  1.14471e-01
 Reference value :  1.14475e-01
 Reference value :  1.14478e-01
 Reference value :  1.14481e-01
 Reference value :  1.14483e-01
 Reference value :  1.14486e-01
 Reference value :  1.14490e-01
 Reference value :  1.14492e-01
 Reference value :  1.14496e-01
 Reference value :  1.14498e-01
 Reference value :  1.14502e-01
 Reference value :  1.14505e-01
 Reference value :  1.14508e-01
 Reference value :  1.14510e-01
 Reference value :  1.14514e-01
 Reference value :  1.14517e-01
 Reference value :  1.14520e-01
 Reference value :  1.14523e-01
 Reference value :  1.14526e-01
 Reference value :  1.14529e-01
 Reference value :  1.14532e-01
 Reference value :  1.14535e-01
 Reference value :  1.14539e-01
 Reference value :  1.14541e-01
 Reference value :  1.14545e-01
 Reference value :  1.14547e-01
 Reference value :  1.14551e-01
 Reference value :  1.14553e-01
 Reference value :  1.14557e-01
 Reference value :  1.14559e-01
 Reference value :  1.14563e-01
 Reference value :  1.14566e-01
 Reference value :  1.14569e-01
 Reference value :  1.14571e-01
 Reference value :  1.14574e-01
 Reference value :  1.14576e-01
 Reference value :  1.14580e-01
 Reference value :  1.14583e-01
 Reference value :  1.14586e-01
 Reference value :  1.14589e-01
 Reference value :  1.14592e-01
 Reference value :  1.14595e-01
 Reference value :  1.14598e-01
 Reference value :  1.14601e-01
 Reference value :  1.14605e-01
 Reference value :  1.14607e-01
 Reference value :  1.14611e-01
 Reference value :  1.14613e-01
 Reference value :  1.14616e-01
 Reference value :  1.14619e-01
 Reference value :  1.14623e-01
 Reference value :  1.14627e-01
 Reference value :  1.14629e-01
 Reference value :  1.14633e-01
 Reference value :  1.14635e-01
 Reference value :  1.14639e-01
 Reference value :  1.14642e-01
 Reference value :  1.14645e-01
 Reference value :  1.14647e-01
 Reference value :  1.14651e-01
 Reference value :  1.14655e-01
 Reference value :  1.14657e-01
 Reference value :  1.14661e-01
 Reference value :  1.14663e-01
 Reference value :  1.14667e-01
 Reference value :  1.14669e-01
 Reference value :  1.14672e-01
 Reference value :  1.14676e-01
 Reference value :  1.14679e-01
 Reference value :  1.14682e-01
 Reference value :  1.14685e-01
 Reference value :  1.14689e-01
 Reference value :  1.14691e-01
 Reference value :  1.14694e-01
 Reference value :  1.14698e-01
 Reference value :  1.14701e-01
 Reference value :  1.14704e-01
 Reference value :  1.14707e-01
 Reference value :  1.14711e-01
 Reference value :  1.14713e-01
 Reference value :  1.14717e-01
 Reference value :  1.14720e-01
 Reference value :  1.14723e-01
 Reference value :  1.14727e-01
 Reference value :  1.14730e-01
 Reference value :  1.14733e-01
 Reference value :  1.14737e-01
 Reference value :  1.14740e-01
 Reference value :  1.14742e-01
 Reference value :  1.14746e-01
 Reference value :  1.14750e-01
 Reference value :  1.14752e-01
 Reference value :  1.14755e-01
 Reference value :  1.14759e-01
 Reference value :  1.14762e-01
 Reference value :  1.14764e-01
 Reference value :  1.14768e-01
 Reference value :  1.14772e-01
 Reference value :  1.14774e-01
 Reference value :  1.14778e-01
 Reference value :  1.14781e-01
 Reference value :  1.14784e-01
 Reference value :  1.14788e-01
 Reference value :  1.14791e-01
 Reference value :  1.14794e-01
 Reference value :  1.14797e-01
 Reference value :  1.14801e-01
 Reference value :  1.14803e-01
 Reference value :  1.14807e-01
 Reference value :  1.14811e-01
 Reference value :  1.14813e-01
 Reference value :  1.14817e-01
 Reference value :  1.14820e-01
 Reference value :  1.14823e-01
 Reference value :  1.14827e-01
 Reference value :  1.14830e-01
 Reference value :  1.14833e-01
 Reference value :  1.14836e-01
 Reference value :  1.14839e-01
 Reference value :  1.14842e-01
 Reference value :  1.14846e-01
 Reference value :  1.14850e-01
 Reference value :  1.14852e-01
 Reference value :  1.14855e-01
 Reference value :  1.14858e-01
 Reference value :  1.14862e-01
 Reference value :  1.14864e-01
 Reference value :  1.14868e-01
 Reference value :  1.14872e-01
 Reference value :  1.14874e-01
 Reference value :  1.14878e-01
 Reference value :  1.14881e-01
 Reference value :  1.14884e-01
 Reference value :  1.14888e-01
 Reference value :  1.14890e-01
 Reference value :  1.14894e-01
 Reference value :  1.14896e-01
 Reference value :  1.14900e-01
 Reference value :  1.14903e-01
 Reference value :  1.14906e-01
 Reference value :  1.14910e-01
 Reference value :  1.14913e-01
 Reference value :  1.14916e-01
 Reference value :  1.14920e-01
 Reference value :  1.14923e-01
 Reference value :  1.14926e-01
 Reference value :  1.14929e-01
 Reference value :  1.14933e-01
 Reference value :  1.14935e-01
 Reference value :  1.14939e-01
 Reference value :  1.14942e-01
 Reference value :  1.14945e-01
 Reference value :  1.14949e-01
 Reference value :  1.14952e-01
 Reference value :  1.14955e-01
 Reference value :  1.14959e-01
 Reference value :  1.14962e-01
 Reference value :  1.14965e-01
 Reference value :  1.14967e-01
 Reference value :  1.14971e-01
 Reference value :  1.14974e-01
 Reference value :  1.14977e-01
 Reference value :  1.14981e-01
 Reference value :  1.14984e-01
 Reference value :  1.14987e-01
 Reference value :  1.14991e-01
 Reference value :  1.14994e-01
 Reference value :  1.14997e-01
 Reference value :  1.15000e-01
 Reference value :  1.15004e-01
 Reference value :  1.15008e-01
 Reference value :  1.15011e-01
 Reference value :  1.15014e-01
 Reference value :  1.15016e-01
 Reference value :  1.15021e-01
 Reference value :  1.15023e-01
 Reference value :  1.15026e-01
 Reference value :  1.15030e-01
 Reference value :  1.15033e-01
 Reference value :  1.15037e-01
 Reference value :  1.15040e-01
 Reference value :  1.15043e-01
 Reference value :  1.15047e-01
 Reference value :  1.15049e-01
 Reference value :  1.15053e-01
 Reference value :  1.15055e-01
 Reference value :  1.15059e-01
 Reference value :  1.15061e-01
 Reference value :  1.15065e-01
 Reference value :  1.15069e-01
 Reference value :  1.15072e-01
 Reference value :  1.15075e-01
 Reference value :  1.15078e-01
 Reference value :  1.15082e-01
 Reference value :  1.15084e-01
 Reference value :  1.15088e-01
 Reference value :  1.15092e-01
 Reference value :  1.15094e-01
 Reference value :  1.15098e-01
 Reference value :  1.15101e-01
 Reference value :  1.15104e-01
 Reference value :  1.15108e-01
 Reference value :  1.15111e-01
 Reference value :  1.15114e-01
 Reference value :  1.15118e-01
 Reference value :  1.15121e-01
 Reference value :  1.15125e-01
 Reference value :  1.15127e-01
 Reference value :  1.15131e-01
 Reference value :  1.15133e-01
 Reference value :  1.15137e-01
 Reference value :  1.15141e-01
 Reference value :  1.15143e-01
 Reference value :  1.15147e-01
 Reference value :  1.15150e-01
 Reference value :  1.15153e-01
 Reference value :  1.15157e-01
 Reference value :  1.15160e-01
 Reference value :  1.15163e-01
 Reference value :  1.15166e-01
 Reference value :  1.15169e-01
 Reference value :  1.15172e-01
 Reference value :  1.15176e-01
 Reference value :  1.15180e-01
 Reference value :  1.15182e-01
 Reference value :  1.15186e-01
 Reference value :  1.15189e-01
 Reference value :  1.15192e-01
 Reference value :  1.15196e-01
 Reference value :  1.15199e-01
 Reference value :  1.15202e-01
 Reference value :  1.15206e-01
 Reference value :  1.15209e-01
 Reference value :  1.15213e-01
 Reference value :  1.15216e-01
 Reference value :  1.15219e-01
 Reference value :  1.15223e-01
 Reference value :  1.15225e-01
 Reference value :  1.15228e-01
 Reference value :  1.15232e-01
 Reference value :  1.15235e-01
 Reference value :  1.15238e-01
 Reference value :  1.15242e-01
 Reference value :  1.15245e-01
 Reference value :  1.15248e-01
 Reference value :  1.15252e-01
 Reference value :  1.15255e-01
 Reference value :  1.15258e-01
 Reference value :  1.15262e-01
 Reference value :  1.15265e-01
 Reference value :  1.15269e-01
 Reference value :  1.15271e-01
 Reference value :  1.15275e-01
 Reference value :  1.15277e-01
 Reference value :  1.15281e-01
 Reference value :  1.15284e-01
 Reference value :  1.15287e-01
 Reference value :  1.15291e-01
 Reference value :  1.15293e-01
 Reference value :  1.15297e-01
 Reference value :  1.15299e-01
 Reference value :  1.15302e-01
 Reference value :  1.15306e-01
 Reference value :  1.15309e-01
 Reference value :  1.15313e-01
 Reference value :  1.15316e-01
 Reference value :  1.15319e-01
 Reference value :  1.15321e-01
 Reference value :  1.15325e-01
 Reference value :  1.15329e-01
 Reference value :  1.15331e-01
 Reference value :  1.15335e-01
 Reference value :  1.15337e-01
 Reference value :  1.15341e-01
 Reference value :  1.15343e-01
 Reference value :  1.15347e-01
 Reference value :  1.15351e-01
 Reference value :  1.15353e-01
 Reference value :  1.15357e-01
 Reference value :  1.15360e-01
 Reference value :  1.15364e-01
 Reference value :  1.15368e-01
 Reference value :  1.15370e-01
 Reference value :  1.15374e-01
 Reference value :  1.15376e-01
 Reference value :  1.15380e-01
 Reference value :  1.15384e-01
 Reference value :  1.15387e-01
 Reference value :  1.15390e-01
 Reference value :  1.15393e-01
 Reference value :  1.15397e-01
 Reference value :  1.15399e-01
 Reference value :  1.15403e-01
 Reference value :  1.15407e-01
 Reference value :  1.15411e-01
 Reference value :  1.15413e-01
 Reference value :  1.15416e-01
 Reference value :  1.15420e-01
 Reference value :  1.15424e-01
 Reference value :  1.15427e-01
 Reference value :  1.15430e-01
 Reference value :  1.15434e-01
 Reference value :  1.15436e-01
 Reference value :  1.15440e-01
 Reference value :  1.15443e-01
 Reference value :  1.15446e-01
 Reference value :  1.15450e-01
 Reference value :  1.15453e-01
 Reference value :  1.15456e-01
 Reference value :  1.15460e-01
 Reference value :  1.15463e-01
 Reference value :  1.15465e-01
 Reference value :  1.15469e-01
 Reference value :  1.15472e-01
 Reference value :  1.15475e-01
 Reference value :  1.15479e-01
 Reference value :  1.15482e-01
 Reference value :  1.15485e-01
 Reference value :  1.15489e-01
 Reference value :  1.15492e-01
 Reference value :  1.15496e-01
 Reference value :  1.15499e-01
 Reference value :  1.15502e-01
 Reference value :  1.15506e-01
 Reference value :  1.15509e-01
 Reference value :  1.15512e-01
 Reference value :  1.15516e-01
 Reference value :  1.15518e-01
 Reference value :  1.15522e-01
 Reference value :  1.15526e-01
 Reference value :  1.15529e-01
 Reference value :  1.15532e-01
 Reference value :  1.15535e-01
 Reference value :  1.15539e-01
 Reference value :  1.15543e-01
 Reference value :  1.15546e-01
 Reference value :  1.15550e-01
 Reference value :  1.15553e-01
 Reference value :  1.15556e-01
 Reference value :  1.15560e-01
 Reference value :  1.15563e-01
 Reference value :  1.15566e-01
 Reference value :  1.15569e-01
 Reference value :  1.15573e-01
 Reference value :  1.15575e-01
 Reference value :  1.15579e-01
 Reference value :  1.15583e-01
 Reference value :  1.15585e-01
 Reference value :  1.15590e-01
 Reference value :  1.15592e-01
 Reference value :  1.15596e-01
 Reference value :  1.15599e-01
 Reference value :  1.15602e-01
 Reference value :  1.15605e-01
 Reference value :  1.15607e-01
 Reference value :  1.15611e-01
 Reference value :  1.15613e-01
 Reference value :  1.15617e-01
 Reference value :  1.15619e-01
 Reference value :  1.15623e-01
 Reference value :  1.15626e-01
 Reference value :  1.15629e-01
 Reference value :  1.15631e-01
 Reference value :  1.15634e-01
 Reference value :  1.15638e-01
 Reference value :  1.15641e-01
 Reference value :  1.15644e-01
 Reference value :  1.15647e-01
 Reference value :  1.15651e-01
 Reference value :  1.15653e-01
 Reference value :  1.15656e-01
 Reference value :  1.15660e-01
 Reference value :  1.15663e-01
 Reference value :  1.15666e-01
 Reference value :  1.15670e-01
 Reference value :  1.15672e-01
 Reference value :  1.15675e-01
 Reference value :  1.15678e-01
 Reference value :  1.15682e-01
 Reference value :  1.15685e-01
 Reference value :  1.15688e-01
 Reference value :  1.15692e-01
 Reference value :  1.15695e-01
 Reference value :  1.15697e-01
 Reference value :  1.15700e-01
 Reference value :  1.15704e-01
 Reference value :  1.15707e-01
 Reference value :  1.15710e-01
 Reference value :  1.15714e-01
 Reference value :  1.15717e-01
 Reference value :  1.15719e-01
 Reference value :  1.15723e-01
 Reference value :  1.15726e-01
 Reference value :  1.15729e-01
 Reference value :  1.15732e-01
 Reference value :  1.15735e-01
 Reference value :  1.15738e-01
 Reference value :  1.15741e-01
 Reference value :  1.15744e-01
 Reference value :  1.15748e-01
 Reference value :  1.15751e-01
 Reference value :  1.15754e-01
 Reference value :  1.15758e-01
 Reference value :  1.15761e-01
 Reference value :  1.15764e-01
 Reference value :  1.15767e-01
 Reference value :  1.15771e-01
 Reference value :  1.15773e-01
 Reference value :  1.15777e-01
 Reference value :  1.15781e-01
 Reference value :  1.15783e-01
 Reference value :  1.15787e-01
 Reference value :  1.15789e-01
 Reference value :  1.15793e-01
 Reference value :  1.15797e-01
 Reference value :  1.15799e-01
 Reference value :  1.15803e-01
 Reference value :  1.15805e-01
 Reference value :  1.15809e-01
 Reference value :  1.15812e-01
 Reference value :  1.15815e-01
 Reference value :  1.15818e-01
 Reference value :  1.15821e-01
 Reference value :  1.15825e-01
 Reference value :  1.15828e-01
 Reference value :  1.15831e-01
 Reference value :  1.15834e-01
 Reference value :  1.15837e-01
 Reference value :  1.15841e-01
 Reference value :  1.15844e-01
 Reference value :  1.15847e-01
 Reference value :  1.15850e-01
 Reference value :  1.15853e-01
 Reference value :  1.15856e-01
 Reference value :  1.15859e-01
 Reference value :  1.15863e-01
 Reference value :  1.15865e-01
 Reference value :  1.15869e-01
 Reference value :  1.15871e-01
 Reference value :  1.15875e-01
 Reference value :  1.15878e-01
 Reference value :  1.15881e-01
 Reference value :  1.15883e-01
 Reference value :  1.15887e-01
 Reference value :  1.15891e-01
 Reference value :  1.15893e-01
 Reference value :  1.15897e-01
 Reference value :  1.15900e-01
 Reference value :  1.15903e-01
 Reference value :  1.15907e-01
 Reference value :  1.15910e-01
 Reference value :  1.15912e-01
 Reference value :  1.15916e-01
 Reference value :  1.15919e-01
 Reference value :  1.15922e-01
 Reference value :  1.15925e-01
 Reference value :  1.15927e-01
 Reference value :  1.15931e-01
 Reference value :  1.15934e-01
 Reference value :  1.15937e-01
 Reference value :  1.15941e-01
 Reference value :  1.15943e-01
 Reference value :  1.15947e-01
 Reference value :  1.15949e-01
 Reference value :  1.15953e-01
 Reference value :  1.15956e-01
 Reference value :  1.15959e-01
 Reference value :  1.15961e-01
 Reference value :  1.15965e-01
 Reference value :  1.15969e-01
 Reference value :  1.15971e-01
 Reference value :  1.15974e-01
 Reference value :  1.15977e-01
 Reference value :  1.15981e-01
 Reference value :  1.15983e-01
 Reference value :  1.15987e-01
 Reference value :  1.15991e-01
 Reference value :  1.15993e-01
 Reference value :  1.15997e-01
 Reference value :  1.16000e-01
 Reference value :  1.16003e-01
 Reference value :  1.16007e-01
 Reference value :  1.16009e-01
 Reference value :  1.16013e-01
 Reference value :  1.16015e-01
 Reference value :  1.16019e-01
 Reference value :  1.16022e-01
 Reference value :  1.16025e-01
 Reference value :  1.16029e-01
 Reference value :  1.16031e-01
 Reference value :  1.16034e-01
 Reference value :  1.16037e-01
 Reference value :  1.16041e-01
 Reference value :  1.16044e-01
 Reference value :  1.16047e-01
 Reference value :  1.16049e-01
 Reference value :  1.16053e-01
 Reference value :  1.16057e-01
 Reference value :  1.16060e-01
 Reference value :  1.16063e-01
 Reference value :  1.16066e-01
 Reference value :  1.16069e-01
 Reference value :  1.16073e-01
 Reference value :  1.16076e-01
 Reference value :  1.16078e-01
 Reference value :  1.16082e-01
 Reference value :  1.16086e-01
 Reference value :  1.16088e-01
 Reference value :  1.16091e-01
 Reference value :  1.16095e-01
 Reference value :  1.16097e-01
 Reference value :  1.16100e-01
 Reference value :  1.16103e-01
 Reference value :  1.16107e-01
 Reference value :  1.16110e-01
 Reference value :  1.16113e-01
 Reference value :  1.16117e-01
 Reference value :  1.16119e-01
 Reference value :  1.16122e-01
 Reference value :  1.16126e-01
 Reference value :  1.16129e-01
 Reference value :  1.16132e-01
 Reference value :  1.16135e-01
 Reference value :  1.16139e-01
 Reference value :  1.16142e-01
 Reference value :  1.16144e-01
 Reference value :  1.16148e-01
 Reference value :  1.16152e-01
 Reference value :  1.16154e-01
 Reference value :  1.16158e-01
 Reference value :  1.16161e-01
 Reference value :  1.16164e-01
 Reference value :  1.16166e-01
 Reference value :  1.16170e-01
 Reference value :  1.16173e-01
 Reference value :  1.16176e-01
 Reference value :  1.16179e-01
 Reference value :  1.16181e-01
 Reference value :  1.16185e-01
 Reference value :  1.16188e-01
 Reference value :  1.16191e-01
 Reference value :  1.16193e-01
 Reference value :  1.16197e-01
 Reference value :  1.16201e-01
 Reference value :  1.16203e-01
 Reference value :  1.16207e-01
 Reference value :  1.16210e-01
 Reference value :  1.16213e-01
 Reference value :  1.16215e-01
 Reference value :  1.16219e-01
 Reference value :  1.16222e-01
 Reference value :  1.16225e-01
 Reference value :  1.16228e-01
 Reference value :  1.16232e-01
 Reference value :  1.16235e-01
 Reference value :  1.16237e-01
 Reference value :  1.16241e-01
 Reference value :  1.16244e-01
 Reference value :  1.16247e-01
 Reference value :  1.16250e-01
 Reference value :  1.16253e-01
 Reference value :  1.16257e-01
 Reference value :  1.16259e-01
 Reference value :  1.16262e-01
 Reference value :  1.16264e-01
 Reference value :  1.16268e-01
 Reference value :  1.16272e-01
 Reference value :  1.16274e-01
 Reference value :  1.16278e-01
 Reference value :  1.16281e-01
 Reference value :  1.16285e-01
 Reference value :  1.16288e-01
 Reference value :  1.16291e-01
 Reference value :  1.16294e-01
 Reference value :  1.16296e-01
 Reference value :  1.16300e-01
 Reference value :  1.16303e-01
 Reference value :  1.16306e-01
 Reference value :  1.16308e-01
 Reference value :  1.16312e-01
 Reference value :  1.16316e-01
 Reference value :  1.16318e-01
 Reference value :  1.16322e-01
 Reference value :  1.16325e-01
 Reference value :  1.16328e-01
 Reference value :  1.16330e-01
 Reference value :  1.16334e-01
 Reference value :  1.16338e-01
 Reference value :  1.16340e-01
 Reference value :  1.16344e-01
 Reference value :  1.16347e-01
 Reference value :  1.16350e-01
 Reference value :  1.16354e-01
 Reference value :  1.16356e-01
 Reference value :  1.16360e-01
 Reference value :  1.16362e-01
 Reference value :  1.16364e-01
 Reference value :  1.16368e-01
 Reference value :  1.16372e-01
 Reference value :  1.16374e-01
 Reference value :  1.16378e-01
 Reference value :  1.16381e-01
 Reference value :  1.16383e-01
 Reference value :  1.16386e-01
 Reference value :  1.16389e-01
 Reference value :  1.16393e-01
 Reference value :  1.16396e-01
 Reference value :  1.16399e-01
 Reference value :  1.16402e-01
 Reference value :  1.16405e-01
 Reference value :  1.16408e-01
 Reference value :  1.16411e-01
 Reference value :  1.16415e-01
 Reference value :  1.16418e-01
 Reference value :  1.16421e-01
 Reference value :  1.16425e-01
 Reference value :  1.16428e-01
 Reference value :  1.16430e-01
 Reference value :  1.16434e-01
 Reference value :  1.16438e-01
 Reference value :  1.16440e-01
 Reference value :  1.16444e-01
 Reference value :  1.16447e-01
 Reference value :  1.16450e-01
 Reference value :  1.16454e-01
 Reference value :  1.16457e-01
 Reference value :  1.16460e-01
 Reference value :  1.16464e-01
 Reference value :  1.16467e-01
 Reference value :  1.16470e-01
 Reference value :  1.16472e-01
 Reference value :  1.16476e-01
 Reference value :  1.16479e-01
 Reference value :  1.16482e-01
 Reference value :  1.16486e-01
 Reference value :  1.16489e-01
 Reference value :  1.16493e-01
 Reference value :  1.16496e-01
 Reference value :  1.16499e-01
 Reference value :  1.16503e-01
 Reference value :  1.16506e-01
 Reference value :  1.16509e-01
 Reference value :  1.16513e-01
 Reference value :  1.16516e-01
 Reference value :  1.16518e-01
 Reference value :  1.16522e-01
 Reference value :  1.16526e-01
 Reference value :  1.16528e-01
 Reference value :  1.16532e-01
 Reference value :  1.16536e-01
 Reference value :  1.16538e-01
 Reference value :  1.16542e-01
 Reference value :  1.16545e-01
 Reference value :  1.16548e-01
 Reference value :  1.16552e-01
 Reference value :  1.16555e-01
 Reference value :  1.16558e-01
 Reference value :  1.16561e-01
 Reference value :  1.16565e-01
 Reference value :  1.16567e-01
 Reference value :  1.16571e-01
 Reference value :  1.16575e-01
 Reference value :  1.16577e-01
 Reference value :  1.16581e-01
 Reference value :  1.16584e-01
 Reference value :  1.16587e-01
 Reference value :  1.16591e-01
 Reference value :  1.16593e-01
 Reference value :  1.16597e-01
 Reference value :  1.16599e-01
 Reference value :  1.16603e-01
 Reference value :  1.16606e-01
 Reference value :  1.16609e-01
 Reference value :  1.16613e-01
 Reference value :  1.16615e-01
 Reference value :  1.16619e-01
 Reference value :  1.16621e-01
 Reference value :  1.16625e-01
 Reference value :  1.16628e-01
 Reference value :  1.16632e-01
 Reference value :  1.16636e-01
 Reference value :  1.16638e-01
 Reference value :  1.16641e-01
 Reference value :  1.16645e-01
 Reference value :  1.16648e-01
 Reference value :  1.16650e-01
 Reference value :  1.16654e-01
 Reference value :  1.16657e-01
 Reference value :  1.16660e-01
 Reference value :  1.16663e-01
 Reference value :  1.16666e-01
 Reference value :  1.16669e-01
 Reference value :  1.16672e-01
 Reference value :  1.16675e-01
 Reference value :  1.16679e-01
 Reference value :  1.16682e-01
 Reference value :  1.16685e-01
 Reference value :  1.16689e-01
 Reference value :  1.16691e-01
 Reference value :  1.16694e-01
 Reference value :  1.16698e-01
 Reference value :  1.16701e-01
 Reference value :  1.16704e-01
 Reference value :  1.16707e-01
 Reference value :  1.16711e-01
 Reference value :  1.16714e-01
 Reference value :  1.16716e-01
 Reference value :  1.16719e-01
 Reference value :  1.16723e-01
 Reference value :  1.16726e-01
 Reference value :  1.16729e-01
 Reference value :  1.16733e-01
 Reference value :  1.16735e-01
 Reference value :  1.16738e-01
 Reference value :  1.16742e-01
 Reference value :  1.16745e-01
 Reference value :  1.16748e-01
 Reference value :  1.16752e-01
 Reference value :  1.16755e-01
 Reference value :  1.16758e-01
 Reference value :  1.16762e-01
 Reference value :  1.16765e-01
 Reference value :  1.16767e-01
 Reference value :  1.16771e-01
 Reference value :  1.16775e-01
 Reference value :  1.16777e-01
 Reference value :  1.16781e-01
 Reference value :  1.16785e-01
 Reference value :  1.16788e-01
 Reference value :  1.16791e-01
 Reference value :  1.16794e-01
 Reference value :  1.16797e-01
 Reference value :  1.16799e-01
 Reference value :  1.16803e-01
 Reference value :  1.16807e-01
 Reference value :  1.16811e-01
 Reference value :  1.16813e-01
 Reference value :  1.16816e-01
 Reference value :  1.16819e-01
 Reference value :  1.16823e-01
 Reference value :  1.16826e-01
 Reference value :  1.16829e-01
 Reference value :  1.16832e-01
 Reference value :  1.16836e-01
 Reference value :  1.16838e-01
 Reference value :  1.16842e-01
 Reference value :  1.16845e-01
 Reference value :  1.16848e-01
 Reference value :  1.16851e-01
 Reference value :  1.16854e-01
 Reference value :  1.16858e-01
 Reference value :  1.16860e-01
 Reference value :  1.16863e-01
 Reference value :  1.16867e-01
 Reference value :  1.16870e-01
 Reference value :  1.16874e-01
 Reference value :  1.16877e-01
 Reference value :  1.16880e-01
 Reference value :  1.16884e-01
 Reference value :  1.16886e-01
 Reference value :  1.16890e-01
 Reference value :  1.16892e-01
 Reference value :  1.16896e-01
 Reference value :  1.16899e-01
 Reference value :  1.16902e-01
 Reference value :  1.16906e-01
 Reference value :  1.16909e-01
 Reference value :  1.16912e-01
 Reference value :  1.16916e-01
 Reference value :  1.16919e-01
 Reference value :  1.16921e-01
 Reference value :  1.16925e-01
 Reference value :  1.16928e-01
 Reference value :  1.16931e-01
 Reference value :  1.16934e-01
 Reference value :  1.16938e-01
 Reference value :  1.16941e-01
 Reference value :  1.16943e-01
 Reference value :  1.16947e-01
 Reference value :  1.16951e-01
 Reference value :  1.16953e-01
 Reference value :  1.16957e-01
 Reference value :  1.16960e-01
 Reference value :  1.16963e-01
 Reference value :  1.16967e-01
 Reference value :  1.16969e-01
 Reference value :  1.16973e-01
 Reference value :  1.16977e-01
 Reference value :  1.16980e-01
 Reference value :  1.16982e-01
 Reference value :  1.16986e-01
 Reference value :  1.16989e-01
 Reference value :  1.16992e-01
 Reference value :  1.16995e-01
 Reference value :  1.16999e-01
 Reference value :  1.17002e-01
 Reference value :  1.17006e-01
 Reference value :  1.17009e-01
 Reference value :  1.17012e-01
 Reference value :  1.17016e-01
 Reference value :  1.17018e-01
 Reference value :  1.17022e-01
 Reference value :  1.17026e-01
 Reference value :  1.17028e-01
 Reference value :  1.17031e-01
 Reference value :  1.17035e-01
 Reference value :  1.17038e-01
 Reference value :  1.17041e-01
 Reference value :  1.17045e-01
 Reference value :  1.17048e-01
 Reference value :  1.17051e-01
 Reference value :  1.17055e-01
 Reference value :  1.17057e-01
 Reference value :  1.17061e-01
 Reference value :  1.17063e-01
 Reference value :  1.17067e-01
 Reference value :  1.17070e-01
 Reference value :  1.17073e-01
 Reference value :  1.17077e-01
 Reference value :  1.17080e-01
 Reference value :  1.17083e-01
 Reference value :  1.17087e-01
 Reference value :  1.17090e-01
 Reference value :  1.17092e-01
 Reference value :  1.17095e-01
 Reference value :  1.17099e-01
 Reference value :  1.17101e-01
 Reference value :  1.17105e-01
 Reference value :  1.17107e-01
 Reference value :  1.17110e-01
 Reference value :  1.17112e-01
 Reference value :  1.17116e-01
 Reference value :  1.17119e-01
 Reference value :  1.17123e-01
 Reference value :  1.17127e-01
 Reference value :  1.17129e-01
 Reference value :  1.17132e-01
 Reference value :  1.17136e-01
 Reference value :  1.17138e-01
 Reference value :  1.17141e-01
 Reference value :  1.17144e-01
 Reference value :  1.17148e-01
 Reference value :  1.17151e-01
 Reference value :  1.17153e-01
 Reference value :  1.17156e-01
 Reference value :  1.17160e-01
 Reference value :  1.17162e-01
 Reference value :  1.17166e-01
 Reference value :  1.17168e-01
 Reference value :  1.17171e-01
 Reference value :  1.17174e-01
 Reference value :  1.17177e-01
 Reference value :  1.17179e-01
 Reference value :  1.17183e-01
 Reference value :  1.17185e-01
 Reference value :  1.17189e-01
 Reference value :  1.17192e-01
 Reference value :  1.17195e-01
 Reference value :  1.17197e-01
 Reference value :  1.17201e-01
 Reference value :  1.17204e-01
 Reference value :  1.17207e-01
 Reference value :  1.17210e-01
 Reference value :  1.17214e-01
 Reference value :  1.17217e-01
 Reference value :  1.17219e-01
 Reference value :  1.17223e-01
 Reference value :  1.17226e-01
 Reference value :  1.17229e-01
 Reference value :  1.17232e-01
 Reference value :  1.17235e-01
 Reference value :  1.17238e-01
 Reference value :  1.17241e-01
 Reference value :  1.17244e-01
 Reference value :  1.17246e-01
 Reference value :  1.17250e-01
 Reference value :  1.17253e-01
 Reference value :  1.17256e-01
 Reference value :  1.17258e-01
 Reference value :  1.17261e-01
 Reference value :  1.17265e-01
 Reference value :  1.17268e-01
 Reference value :  1.17271e-01
 Reference value :  1.17275e-01
 Reference value :  1.17278e-01
 Reference value :  1.17282e-01
 Reference value :  1.17285e-01
 Reference value :  1.17288e-01
 Reference value :  1.17292e-01
 Reference value :  1.17294e-01
 Reference value :  1.17298e-01
 Reference value :  1.17300e-01
 Reference value :  1.17304e-01
 Reference value :  1.17307e-01
 Reference value :  1.17310e-01
 Reference value :  1.17314e-01
 Reference value :  1.17317e-01
 Reference value :  1.17321e-01
 Reference value :  1.17323e-01
 Reference value :  1.17327e-01
 Reference value :  1.17329e-01
 Reference value :  1.17333e-01
 Reference value :  1.17337e-01
 Reference value :  1.17339e-01
 Reference value :  1.17343e-01
 Reference value :  1.17346e-01
 Reference value :  1.17349e-01
 Reference value :  1.17353e-01
 Reference value :  1.17356e-01
 Reference value :  1.17359e-01
 Reference value :  1.17363e-01
 Reference value :  1.17366e-01
 Reference value :  1.17368e-01
 Reference value :  1.17372e-01
 Reference value :  1.17376e-01
 Reference value :  1.17380e-01
 Reference value :  1.17383e-01
 Reference value :  1.17386e-01
 Reference value :  1.17389e-01
 Reference value :  1.17393e-01
 Reference value :  1.17395e-01
 Reference value :  1.17399e-01
 Reference value :  1.17403e-01
 Reference value :  1.17405e-01
 Reference value :  1.17409e-01
 Reference value :  1.17411e-01
 Reference value :  1.17415e-01
 Reference value :  1.17417e-01
 Reference value :  1.17421e-01
 Reference value :  1.17425e-01
 Reference value :  1.17427e-01
 Reference value :  1.17430e-01
 Reference value :  1.17434e-01
 Reference value :  1.17437e-01
 Reference value :  1.17439e-01
 Reference value :  1.17443e-01
 Reference value :  1.17446e-01
 Reference value :  1.17449e-01
 Reference value :  1.17452e-01
 Reference value :  1.17455e-01
 Reference value :  1.17458e-01
 Reference value :  1.17461e-01
 Reference value :  1.17464e-01
 Reference value :  1.17468e-01
 Reference value :  1.17471e-01
 Reference value :  1.17474e-01
 Reference value :  1.17478e-01
 Reference value :  1.17481e-01
 Reference value :  1.17483e-01
 Reference value :  1.17487e-01
 Reference value :  1.17491e-01
 Reference value :  1.17493e-01
 Reference value :  1.17497e-01
 Reference value :  1.17500e-01
 Reference value :  1.17503e-01
 Reference value :  1.17507e-01
 Reference value :  1.17510e-01
 Reference value :  1.17513e-01
 Reference value :  1.17517e-01
 Reference value :  1.17519e-01
 Reference value :  1.17523e-01
 Reference value :  1.17525e-01
 Reference value :  1.17529e-01
 Reference value :  1.17532e-01
 Reference value :  1.17535e-01
 Reference value :  1.17539e-01
 Reference value :  1.17542e-01
 Reference value :  1.17545e-01
 Reference value :  1.17549e-01
 Reference value :  1.17552e-01
 Reference value :  1.17554e-01
 Reference value :  1.17558e-01
 Reference value :  1.17562e-01
 Reference value :  1.17564e-01
 Reference value :  1.17568e-01
 Reference value :  1.17571e-01
 Reference value :  1.17574e-01
 Reference value :  1.17578e-01
 Reference value :  1.17581e-01
 Reference value :  1.17584e-01
 Reference value :  1.17588e-01
 Reference value :  1.17591e-01
 Reference value :  1.17593e-01
 Reference value :  1.17597e-01
 Reference value :  1.17601e-01
 Reference value :  1.17603e-01
 Reference value :  1.17607e-01
 Reference value :  1.17610e-01
 Reference value :  1.17613e-01
 Reference value :  1.17617e-01
 Reference value :  1.17619e-01
 Reference value :  1.17623e-01
 Reference value :  1.17625e-01
 Reference value :  1.17629e-01
 Reference value :  1.17632e-01
 Reference value :  1.17635e-01
 Reference value :  1.17639e-01
 Reference value :  1.17641e-01
 Reference value :  1.17645e-01
 Reference value :  1.17649e-01
 Reference value :  1.17651e-01
 Reference value :  1.17654e-01
 Reference value :  1.17657e-01
 Reference value :  1.17661e-01
 Reference value :  1.17664e-01
 Reference value :  1.17667e-01
 Reference value :  1.17671e-01
 Reference value :  1.17674e-01
 Reference value :  1.17676e-01
 Reference value :  1.17680e-01
 Reference value :  1.17684e-01
 Reference value :  1.17686e-01
 Reference value :  1.17690e-01
 Reference value :  1.17694e-01
 Reference value :  1.17696e-01
 Reference value :  1.17700e-01
 Reference value :  1.17702e-01
 Reference value :  1.17706e-01
 Reference value :  1.17708e-01
 Reference value :  1.17712e-01
 Reference value :  1.17716e-01
 Reference value :  1.17718e-01
 Reference value :  1.17722e-01
 Reference value :  1.17725e-01
 Reference value :  1.17728e-01
 Reference value :  1.17730e-01
 Reference value :  1.17734e-01
 Reference value :  1.17738e-01
 Reference value :  1.17740e-01
 Reference value :  1.17744e-01
 Reference value :  1.17747e-01
 Reference value :  1.17751e-01
 Reference value :  1.17754e-01
 Reference value :  1.17757e-01
 Reference value :  1.17761e-01
 Reference value :  1.17764e-01
 Reference value :  1.17767e-01
 Reference value :  1.17771e-01
 Reference value :  1.17773e-01
 Reference value :  1.17777e-01
 Reference value :  1.17781e-01
 Reference value :  1.17784e-01
 Reference value :  1.17786e-01
 Reference value :  1.17790e-01
 Reference value :  1.17793e-01
 Reference value :  1.17796e-01
 Reference value :  1.17800e-01
 Reference value :  1.17804e-01
 Reference value :  1.17806e-01
 Reference value :  1.17810e-01
 Reference value :  1.17812e-01
 Reference value :  1.17816e-01
 Reference value :  1.17820e-01
 Reference value :  1.17823e-01
 Reference value :  1.17826e-01
 Reference value :  1.17830e-01
 Reference value :  1.17833e-01
 Reference value :  1.17835e-01
 Reference value :  1.17839e-01
 Reference value :  1.17843e-01
 Reference value :  1.17845e-01
 Reference value :  1.17849e-01
 Reference value :  1.17852e-01
 Reference value :  1.17855e-01
 Reference value :  1.17859e-01
 Reference value :  1.17862e-01
 Reference value :  1.17866e-01
 Reference value :  1.17869e-01
 Reference value :  1.17872e-01
 Reference value :  1.17876e-01
 Reference value :  1.17878e-01
 Reference value :  1.17882e-01
 Reference value :  1.17886e-01
 Reference value :  1.17889e-01
 Reference value :  1.17891e-01
 Reference value :  1.17896e-01
 Reference value :  1.17899e-01
 Reference value :  1.17902e-01
 Reference value :  1.17906e-01
 Reference value :  1.17909e-01
 Reference value :  1.17913e-01
 Reference value :  1.17916e-01
 Reference value :  1.17918e-01
 Reference value :  1.17922e-01
 Reference value :  1.17926e-01
 Reference value :  1.17928e-01
 Reference value :  1.17932e-01
 Reference value :  1.17936e-01
 Reference value :  1.17938e-01
 Reference value :  1.17942e-01
 Reference value :  1.17945e-01
 Reference value :  1.17948e-01
 Reference value :  1.17952e-01
 Reference value :  1.17955e-01
 Reference value :  1.17958e-01
 Reference value :  1.17962e-01
 Reference value :  1.17965e-01
 Reference value :  1.17967e-01
 Reference value :  1.17971e-01
 Reference value :  1.17975e-01
 Reference value :  1.17977e-01
 Reference value :  1.17981e-01
 Reference value :  1.17984e-01
 Reference value :  1.17987e-01
 Reference value :  1.17989e-01
 Reference value :  1.17992e-01
 Reference value :  1.17995e-01
 Reference value :  1.17998e-01
 Reference value :  1.18002e-01
 Reference value :  1.18004e-01
 Reference value :  1.18007e-01
 Reference value :  1.18011e-01
 Reference value :  1.18014e-01
 Reference value :  1.18016e-01
 Reference value :  1.18020e-01
 Reference value :  1.18024e-01
 Reference value :  1.18026e-01
 Reference value :  1.18029e-01
 Reference value :  1.18033e-01
 Reference value :  1.18036e-01
 Reference value :  1.18038e-01
 Reference value :  1.18041e-01
 Reference value :  1.18045e-01
 Reference value :  1.18048e-01
 Reference value :  1.18051e-01
 Reference value :  1.18055e-01
 Reference value :  1.18058e-01
 Reference value :  1.18061e-01
 Reference value :  1.18065e-01
 Reference value :  1.18068e-01
 Reference value :  1.18070e-01
 Reference value :  1.18074e-01
 Reference value :  1.18078e-01
 Reference value :  1.18080e-01
 Reference value :  1.18084e-01
 Reference value :  1.18087e-01
 Reference value :  1.18090e-01
 Reference value :  1.18092e-01
 Reference value :  1.18096e-01
 Reference value :  1.18099e-01
 Reference value :  1.18102e-01
 Reference value :  1.18106e-01
 Reference value :  1.18109e-01
 Reference value :  1.18112e-01
 Reference value :  1.18116e-01
 Reference value :  1.18119e-01
 Reference value :  1.18122e-01
 Reference value :  1.18126e-01
 Reference value :  1.18128e-01
 Reference value :  1.18131e-01
 Reference value :  1.18136e-01
 Reference value :  1.18138e-01
 Reference value :  1.18141e-01
 Reference value :  1.18145e-01
 Reference value :  1.18149e-01
 Reference value :  1.18151e-01
 Reference value :  1.18155e-01
 Reference value :  1.18158e-01
 Reference value :  1.18161e-01
 Reference value :  1.18165e-01
 Reference value :  1.18168e-01
 Reference value :  1.18170e-01
 Reference value :  1.18174e-01
 Reference value :  1.18178e-01
 Reference value :  1.18180e-01
 Reference value :  1.18184e-01
 Reference value :  1.18188e-01
 Reference value :  1.18190e-01
 Reference value :  1.18194e-01
 Reference value :  1.18197e-01
 Reference value :  1.18200e-01
 Reference value :  1.18204e-01
 Reference value :  1.18206e-01
 Reference value :  1.18210e-01
 Reference value :  1.18212e-01
 Reference value :  1.18216e-01
 Reference value :  1.18219e-01
 Reference value :  1.18222e-01
 Reference value :  1.18226e-01
 Reference value :  1.18228e-01
 Reference value :  1.18232e-01
 Reference value :  1.18236e-01
 Reference value :  1.18238e-01
 Reference value :  1.18241e-01
 Reference value :  1.18244e-01
 Reference value :  1.18248e-01
 Reference value :  1.18251e-01
 Reference value :  1.18254e-01
 Reference value :  1.18258e-01
 Reference value :  1.18260e-01
 Reference value :  1.18263e-01
 Reference value :  1.18266e-01
 Reference value :  1.18271e-01
 Reference value :  1.18273e-01
 Reference value :  1.18276e-01
 Reference value :  1.18280e-01
 Reference value :  1.18283e-01
 Reference value :  1.18287e-01
 Reference value :  1.18290e-01
 Reference value :  1.18293e-01
 Reference value :  1.18295e-01
 Reference value :  1.18299e-01
 Reference value :  1.18303e-01
 Reference value :  1.18305e-01
 Reference value :  1.18309e-01
 Reference value :  1.18312e-01
 Reference value :  1.18315e-01
 Reference value :  1.18319e-01
 Reference value :  1.18321e-01
 Reference value :  1.18325e-01
 Reference value :  1.18329e-01
 Reference value :  1.18332e-01
 Reference value :  1.18334e-01
 Reference value :  1.18337e-01
 Reference value :  1.18341e-01
 Reference value :  1.18344e-01
 Reference value :  1.18347e-01
 Reference value :  1.18351e-01
 Reference value :  1.18353e-01
 Reference value :  1.18357e-01
 Reference value :  1.18361e-01
 Reference value :  1.18364e-01
 Reference value :  1.18366e-01
 Reference value :  1.18370e-01
 Reference value :  1.18374e-01
 Reference value :  1.18376e-01
 Reference value :  1.18381e-01
 Reference value :  1.18383e-01
 Reference value :  1.18388e-01
 Reference value :  1.18391e-01
 Reference value :  1.18395e-01
 Reference value :  1.18398e-01
 Reference value :  1.18401e-01
 Reference value :  1.18403e-01
 Reference value :  1.18407e-01
 Reference value :  1.18410e-01
 Reference value :  1.18413e-01
 Reference value :  1.18417e-01
 Reference value :  1.18420e-01
 Reference value :  1.18424e-01
 Reference value :  1.18427e-01
 Reference value :  1.18430e-01
 Reference value :  1.18433e-01
 Reference value :  1.18435e-01
 Reference value :  1.18439e-01
 Reference value :  1.18442e-01
 Reference value :  1.18445e-01
 Reference value :  1.18449e-01
 Reference value :  1.18451e-01
 Reference value :  1.18455e-01
 Reference value :  1.18459e-01
 Reference value :  1.18462e-01
 Reference value :  1.18464e-01
 Reference value :  1.18467e-01
 Reference value :  1.18471e-01
 Reference value :  1.18474e-01
 Reference value :  1.18478e-01
 Reference value :  1.18481e-01
 Reference value :  1.18484e-01
 Reference value :  1.18488e-01
 Reference value :  1.18491e-01
 Reference value :  1.18494e-01
 Reference value :  1.18498e-01
 Reference value :  1.18500e-01
 Reference value :  1.18504e-01
 Reference value :  1.18507e-01
 Reference value :  1.18510e-01
 Reference value :  1.18513e-01
 Reference value :  1.18516e-01
 Reference value :  1.18520e-01
 Reference value :  1.18523e-01
 Reference value :  1.18526e-01
 Reference value :  1.18530e-01
 Reference value :  1.18533e-01
 Reference value :  1.18537e-01
 Reference value :  1.18540e-01
 Reference value :  1.18544e-01
 Reference value :  1.18547e-01
 Reference value :  1.18550e-01
 Reference value :  1.18553e-01
 Reference value :  1.18557e-01
 Reference value :  1.18560e-01
 Reference value :  1.18564e-01
 Reference value :  1.18566e-01
 Reference value :  1.18570e-01
 Reference value :  1.18572e-01
 Reference value :  1.18576e-01
 Reference value :  1.18579e-01
 Reference value :  1.18582e-01
 Reference value :  1.18584e-01
 Reference value :  1.18588e-01
 Reference value :  1.18591e-01
 Reference value :  1.18594e-01
 Reference value :  1.18598e-01
 Reference value :  1.18601e-01
 Reference value :  1.18604e-01
 Reference value :  1.18608e-01
 Reference value :  1.18610e-01
 Reference value :  1.18614e-01
 Reference value :  1.18616e-01
 Reference value :  1.18620e-01
 Reference value :  1.18623e-01
 Reference value :  1.18626e-01
 Reference value :  1.18630e-01
 Reference value :  1.18632e-01
 Reference value :  1.18636e-01
 Reference value :  1.18638e-01
 Reference value :  1.18642e-01
 Reference value :  1.18645e-01
 Reference value :  1.18648e-01
 Reference value :  1.18652e-01
 Reference value :  1.18654e-01
 Reference value :  1.18658e-01
 Reference value :  1.18662e-01
 Reference value :  1.18665e-01
 Reference value :  1.18668e-01
 Reference value :  1.18670e-01
 Reference value :  1.18674e-01
 Reference value :  1.18677e-01
 Reference value :  1.18680e-01
 Reference value :  1.18684e-01
 Reference value :  1.18687e-01
 Reference value :  1.18689e-01
 Reference value :  1.18694e-01
 Reference value :  1.18697e-01
 Reference value :  1.18699e-01
 Reference value :  1.18702e-01
 Reference value :  1.18706e-01
 Reference value :  1.18709e-01
 Reference value :  1.18712e-01
 Reference value :  1.18716e-01
 Reference value :  1.18718e-01
 Reference value :  1.18721e-01
 Reference value :  1.18724e-01
 Reference value :  1.18728e-01
 Reference value :  1.18731e-01
 Reference value :  1.18734e-01
 Reference value :  1.18738e-01
 Reference value :  1.18740e-01
 Reference value :  1.18743e-01
 Reference value :  1.18747e-01
 Reference value :  1.18751e-01
 Reference value :  1.18753e-01
 Reference value :  1.18757e-01
 Reference value :  1.18760e-01
 Reference value :  1.18763e-01
 Reference value :  1.18767e-01
 Reference value :  1.18770e-01
 Reference value :  1.18773e-01
 Reference value :  1.18777e-01
 Reference value :  1.18780e-01
 Reference value :  1.18782e-01
 Reference value :  1.18786e-01
 Reference value :  1.18790e-01
 Reference value :  1.18792e-01
 Reference value :  1.18796e-01
 Reference value :  1.18800e-01
 Reference value :  1.18804e-01
 Reference value :  1.18807e-01
 Reference value :  1.18809e-01
 Reference value :  1.18813e-01
 Reference value :  1.18816e-01
 Reference value :  1.18819e-01
 Reference value :  1.18822e-01
 Reference value :  1.18826e-01
 Reference value :  1.18829e-01
 Reference value :  1.18831e-01
 Reference value :  1.18835e-01
 Reference value :  1.18839e-01
 Reference value :  1.18841e-01
 Reference value :  1.18845e-01
 Reference value :  1.18848e-01
 Reference value :  1.18851e-01
 Reference value :  1.18855e-01
 Reference value :  1.18858e-01
 Reference value :  1.18861e-01
 Reference value :  1.18865e-01
 Reference value :  1.18868e-01
 Reference value :  1.18870e-01
 Reference value :  1.18874e-01
 Reference value :  1.18878e-01
 Reference value :  1.18880e-01
 Reference value :  1.18884e-01
 Reference value :  1.18887e-01
 Reference value :  1.18891e-01
 Reference value :  1.18894e-01
 Reference value :  1.18897e-01
 Reference value :  1.18901e-01
 Reference value :  1.18904e-01
 Reference value :  1.18907e-01
 Reference value :  1.18911e-01
 Reference value :  1.18913e-01
 Reference value :  1.18917e-01
 Reference value :  1.18919e-01
 Reference value :  1.18923e-01
 Reference value :  1.18926e-01
 Reference value :  1.18929e-01
 Reference value :  1.18933e-01
 Reference value :  1.18935e-01
 Reference value :  1.18939e-01
 Reference value :  1.18943e-01
 Reference value :  1.18945e-01
 Reference value :  1.18948e-01
 Reference value :  1.18952e-01
 Reference value :  1.18955e-01
 Reference value :  1.18958e-01
 Reference value :  1.18962e-01
 Reference value :  1.18965e-01
 Reference value :  1.18968e-01
 Reference value :  1.18972e-01
 Reference value :  1.18975e-01
 Reference value :  1.18978e-01
 Reference value :  1.18982e-01
 Reference value :  1.18984e-01
 Reference value :  1.18988e-01
 Reference value :  1.18992e-01
 Reference value :  1.18995e-01
 Reference value :  1.18997e-01
 Reference value :  1.19000e-01
 Reference value :  1.19004e-01
 Reference value :  1.19007e-01
 Reference value :  1.19011e-01
 Reference value :  1.19014e-01
 Reference value :  1.19017e-01
 Reference value :  1.19021e-01
 Reference value :  1.19024e-01
 Reference value :  1.19028e-01
 Reference value :  1.19031e-01
 Reference value :  1.19034e-01
 Reference value :  1.19037e-01
 Reference value :  1.19041e-01
 Reference value :  1.19044e-01
 Reference value :  1.19046e-01
 Reference value :  1.19050e-01
 Reference value :  1.19054e-01
 Reference value :  1.19056e-01
 Reference value :  1.19060e-01
 Reference value :  1.19063e-01
 Reference value :  1.19068e-01
 Reference value :  1.19071e-01
 Reference value :  1.19073e-01
 Reference value :  1.19077e-01
 Reference value :  1.19080e-01
 Reference value :  1.19083e-01
 Reference value :  1.19086e-01
 Reference value :  1.19090e-01
 Reference value :  1.19093e-01
 Reference value :  1.19095e-01
 Reference value :  1.19099e-01
 Reference value :  1.19102e-01
 Reference value :  1.19105e-01
 Reference value :  1.19109e-01
 Reference value :  1.19112e-01
 Reference value :  1.19115e-01
 Reference value :  1.19119e-01
 Reference value :  1.19122e-01
 Reference value :  1.19126e-01
 Reference value :  1.19129e-01
 Reference value :  1.19132e-01
 Reference value :  1.19134e-01
 Reference value :  1.19138e-01
 Reference value :  1.19142e-01
 Reference value :  1.19144e-01
 Reference value :  1.19148e-01
 Reference value :  1.19151e-01
 Reference value :  1.19154e-01
 Reference value :  1.19158e-01
 Reference value :  1.19161e-01
 Reference value :  1.19164e-01
 Reference value :  1.19168e-01
 Reference value :  1.19171e-01
 Reference value :  1.19173e-01
 Reference value :  1.19178e-01
 Reference value :  1.19180e-01
 Reference value :  1.19183e-01
 Reference value :  1.19186e-01
 Reference value :  1.19190e-01
 Reference value :  1.19193e-01
 Reference value :  1.19196e-01
 Reference value :  1.19199e-01
 Reference value :  1.19202e-01
 Reference value :  1.19205e-01
 Reference value :  1.19208e-01
 Reference value :  1.19212e-01
 Reference value :  1.19214e-01
 Reference value :  1.19217e-01
 Reference value :  1.19221e-01
 Reference value :  1.19225e-01
 Reference value :  1.19227e-01
 Reference value :  1.19230e-01
 Reference value :  1.19234e-01
 Reference value :  1.19237e-01
 Reference value :  1.19241e-01
 Reference value :  1.19244e-01
 Reference value :  1.19247e-01
 Reference value :  1.19250e-01
 Reference value :  1.19253e-01
 Reference value :  1.19257e-01
 Reference value :  1.19259e-01
 Reference value :  1.19262e-01
 Reference value :  1.19266e-01
 Reference value :  1.19269e-01
 Reference value :  1.19271e-01
 Reference value :  1.19275e-01
 Reference value :  1.19279e-01
 Reference value :  1.19281e-01
 Reference value :  1.19285e-01
 Reference value :  1.19288e-01
 Reference value :  1.19292e-01
 Reference value :  1.19295e-01
 Reference value :  1.19298e-01
 Reference value :  1.19301e-01
 Reference value :  1.19303e-01
 Reference value :  1.19307e-01
 Reference value :  1.19310e-01
 Reference value :  1.19313e-01
 Reference value :  1.19315e-01
 Reference value :  1.19319e-01
 Reference value :  1.19322e-01
 Reference value :  1.19325e-01
 Reference value :  1.19328e-01
 Reference value :  1.19332e-01
 Reference value :  1.19335e-01
 Reference value :  1.19337e-01
 Reference value :  1.19341e-01
 Reference value :  1.19345e-01
 Reference value :  1.19347e-01
 Reference value :  1.19351e-01
 Reference value :  1.19355e-01
 Reference value :  1.19357e-01
 Reference value :  1.19361e-01
 Reference value :  1.19364e-01
 Reference value :  1.19367e-01
 Reference value :  1.19371e-01
 Reference value :  1.19374e-01
 Reference value :  1.19377e-01
 Reference value :  1.19381e-01
 Reference value :  1.19384e-01
 Reference value :  1.19386e-01
 Reference value :  1.19390e-01
 Reference value :  1.19394e-01
 Reference value :  1.19396e-01
 Reference value :  1.19399e-01
 Reference value :  1.19402e-01
 Reference value :  1.19406e-01
 Reference value :  1.19408e-01
 Reference value :  1.19412e-01
 Reference value :  1.19416e-01
 Reference value :  1.19419e-01
 Reference value :  1.19422e-01
 Reference value :  1.19425e-01
 Reference value :  1.19429e-01
 Reference value :  1.19432e-01
 Reference value :  1.19435e-01
 Reference value :  1.19439e-01
 Reference value :  1.19442e-01
 Reference value :  1.19445e-01
 Reference value :  1.19449e-01
 Reference value :  1.19452e-01
 Reference value :  1.19455e-01
 Reference value :  1.19459e-01
 Reference value :  1.19461e-01
 Reference value :  1.19464e-01
 Reference value :  1.19468e-01
 Reference value :  1.19472e-01
 Reference value :  1.19474e-01
 Reference value :  1.19478e-01
 Reference value :  1.19481e-01
 Reference value :  1.19485e-01
 Reference value :  1.19489e-01
 Reference value :  1.19492e-01
 Reference value :  1.19495e-01
 Reference value :  1.19499e-01
 Reference value :  1.19501e-01
 Reference value :  1.19505e-01
 Reference value :  1.19508e-01
 Reference value :  1.19511e-01
 Reference value :  1.19513e-01
 Reference value :  1.19517e-01
 Reference value :  1.19520e-01
 Reference value :  1.19523e-01
 Reference value :  1.19526e-01
 Reference value :  1.19530e-01
 Reference value :  1.19533e-01
 Reference value :  1.19535e-01
 Reference value :  1.19538e-01
 Reference value :  1.19542e-01
 Reference value :  1.19545e-01
 Reference value :  1.19548e-01
 Reference value :  1.19552e-01
 Reference value :  1.19554e-01
 Reference value :  1.19557e-01
 Reference value :  1.19561e-01
 Reference value :  1.19565e-01
 Reference value :  1.19567e-01
 Reference value :  1.19571e-01
 Reference value :  1.19574e-01
 Reference value :  1.19577e-01
 Reference value :  1.19579e-01
 Reference value :  1.19583e-01
 Reference value :  1.19586e-01
 Reference value :  1.19589e-01
 Reference value :  1.19592e-01
 Reference value :  1.19597e-01
 Reference value :  1.19599e-01
 Reference value :  1.19603e-01
 Reference value :  1.19606e-01
 Reference value :  1.19609e-01
 Reference value :  1.19613e-01
 Reference value :  1.19616e-01
 Reference value :  1.19619e-01
 Reference value :  1.19623e-01
 Reference value :  1.19626e-01
 Reference value :  1.19629e-01
 Reference value :  1.19631e-01
 Reference value :  1.19635e-01
 Reference value :  1.19638e-01
 Reference value :  1.19642e-01
 Reference value :  1.19646e-01
 Reference value :  1.19650e-01
 Reference value :  1.19653e-01
 Reference value :  1.19655e-01
 Reference value :  1.19659e-01
 Reference value :  1.19662e-01
 Reference value :  1.19665e-01
 Reference value :  1.19668e-01
 Reference value :  1.19672e-01
 Reference value :  1.19675e-01
 Reference value :  1.19677e-01
 Reference value :  1.19681e-01
 Reference value :  1.19684e-01
 Reference value :  1.19687e-01
 Reference value :  1.19690e-01
 Reference value :  1.19694e-01
 Reference value :  1.19697e-01
 Reference value :  1.19699e-01
 Reference value :  1.19703e-01
 Reference value :  1.19706e-01
 Reference value :  1.19709e-01
 Reference value :  1.19712e-01
 Reference value :  1.19716e-01
 Reference value :  1.19719e-01
 Reference value :  1.19723e-01
 Reference value :  1.19726e-01
 Reference value :  1.19729e-01
 Reference value :  1.19733e-01
 Reference value :  1.19736e-01
 Reference value :  1.19738e-01
 Reference value :  1.19742e-01
 Reference value :  1.19746e-01
 Reference value :  1.19748e-01
 Reference value :  1.19752e-01
 Reference value :  1.19755e-01
 Reference value :  1.19758e-01
 Reference value :  1.19762e-01
 Reference value :  1.19765e-01
 Reference value :  1.19768e-01
 Reference value :  1.19770e-01
 Reference value :  1.19774e-01
 Reference value :  1.19777e-01
 Reference value :  1.19780e-01
 Reference value :  1.19782e-01
 Reference value :  1.19786e-01
 Reference value :  1.19790e-01
 Reference value :  1.19792e-01
 Reference value :  1.19796e-01
 Reference value :  1.19799e-01
 Reference value :  1.19802e-01
 Reference value :  1.19804e-01
 Reference value :  1.19808e-01
 Reference value :  1.19811e-01
 Reference value :  1.19814e-01
 Reference value :  1.19817e-01
 Reference value :  1.19820e-01
 Reference value :  1.19823e-01
 Reference value :  1.19826e-01
 Reference value :  1.19829e-01
 Reference value :  1.19833e-01
 Reference value :  1.19835e-01
 Reference value :  1.19839e-01
 Reference value :  1.19841e-01
 Reference value :  1.19845e-01
 Reference value :  1.19847e-01
 Reference value :  1.19851e-01
 Reference value :  1.19853e-01
 Reference value :  1.19856e-01
 Reference value :  1.19860e-01
 Reference value :  1.19863e-01
 Reference value :  1.19866e-01
 Reference value :  1.19869e-01
 Reference value :  1.19872e-01
 Reference value :  1.19875e-01
 Reference value :  1.19879e-01
 Reference value :  1.19882e-01
 Reference value :  1.19885e-01
 Reference value :  1.19888e-01
 Reference value :  1.19892e-01
 Reference value :  1.19895e-01
 Reference value :  1.19899e-01
 Reference value :  1.19902e-01
 Reference value :  1.19905e-01
 Reference value :  1.19907e-01
 Reference value :  1.19911e-01
 Reference value :  1.19914e-01
 Reference value :  1.19917e-01
 Reference value :  1.19921e-01
 Reference value :  1.19924e-01
 Reference value :  1.19928e-01
 Reference value :  1.19931e-01
 Reference value :  1.19934e-01
 Reference value :  1.19936e-01
 Reference value :  1.19940e-01
 Reference value :  1.19943e-01
 Reference value :  1.19946e-01
 Reference value :  1.19950e-01
 Reference value :  1.19953e-01
 Reference value :  1.19956e-01
 Reference value :  1.19960e-01
 Reference value :  1.19963e-01
 Reference value :  1.19967e-01
 Reference value :  1.19970e-01
 Reference value :  1.19973e-01
 Reference value :  1.19977e-01
 Reference value :  1.19980e-01
 Reference value :  1.19983e-01
 Reference value :  1.19987e-01
 Reference value :  1.19989e-01
 Reference value :  1.19993e-01
 Reference value :  1.19997e-01
 Reference value :  1.20000e-01
stdout No. of Data Rows : 14394402
stdout sim_end = 1.200000e-01
stdout output_peak         =  5.13088e+00 at=  8.88528e-02
stdout output_min          =  -7.64438e-10 at=  2.15597e-07
stdout inductor_peak       =  5.61099e+00 at=  8.51061e-02
stdout inductor_min        =  -1.30463e-02 at=  3.57237e-02
stdout body_reverse_peak   =  1.36330e+00 at=  3.57237e-02
stdout input_min           =  -4.45290e-03 at=  0.00000e+00
stdout before_loss         =  5.10587e+00 from=  2.00000e-02 to=  2.40000e-02
stdout recovery            =  5.10261e+00 from=  1.15000e-01 to=  1.20000e-01
