stdout Note: gnd in a subcircuit is not set to 0 automatically
stdout Note: Compatibility modes selected: ps
stdout Circuit: ti tps54360 transient model, 5v actual compensation, vin=15.34
stdout Reducing trtol to 1 for xspice 'A' devices
stdout Doing analysis at TEMP = 27.000000 and TNOM = 27.000000
stdout Using KLU as Direct Linear Solver
stdout Operating point simulation skipped by 'uic',
stdout now using transient initial conditions.
 Reference value :  2.20553e-04
 Reference value :  4.95309e-04
 Reference value :  8.78309e-04
 Reference value :  1.26431e-03
 Reference value :  1.64106e-03
 Reference value :  1.96006e-03
 Reference value :  2.31438e-03
 Reference value :  2.67688e-03
 Reference value :  2.71830e-03
 Reference value :  2.77608e-03
 Reference value :  2.84357e-03
 Reference value :  2.89140e-03
 Reference value :  2.91074e-03
 Reference value :  2.92991e-03
 Reference value :  2.94880e-03
 Reference value :  2.96805e-03
 Reference value :  2.98721e-03
 Reference value :  3.00646e-03
 Reference value :  3.02687e-03
 Reference value :  3.04622e-03
 Reference value :  3.06572e-03
 Reference value :  3.10122e-03
 Reference value :  3.12203e-03
 Reference value :  3.14143e-03
 Reference value :  3.16062e-03
 Reference value :  3.18144e-03
 Reference value :  3.19908e-03
 Reference value :  3.21998e-03
 Reference value :  3.25031e-03
 Reference value :  3.27071e-03
 Reference value :  3.29511e-03
 Reference value :  3.31437e-03
 Reference value :  3.33388e-03
 Reference value :  3.35500e-03
 Reference value :  3.38457e-03
 Reference value :  3.41073e-03
 Reference value :  3.43003e-03
 Reference value :  3.44946e-03
 Reference value :  3.47136e-03
 Reference value :  3.49056e-03
 Reference value :  3.52628e-03
 Reference value :  3.54552e-03
 Reference value :  3.56484e-03
 Reference value :  3.58683e-03
 Reference value :  3.60640e-03
 Reference value :  3.62992e-03
 Reference value :  3.66094e-03
 Reference value :  3.68001e-03
 Reference value :  3.70261e-03
 Reference value :  3.72178e-03
 Reference value :  3.75654e-03
 Reference value :  3.77575e-03
 Reference value :  3.79881e-03
 Reference value :  3.82539e-03
 Reference value :  3.83511e-03
 Reference value :  3.84685e-03
 Reference value :  3.85846e-03
 Reference value :  3.87386e-03
 Reference value :  3.88547e-03
 Reference value :  3.89532e-03
 Reference value :  3.91256e-03
 Reference value :  3.92219e-03
 Reference value :  3.93407e-03
 Reference value :  3.95123e-03
 Reference value :  3.96083e-03
 Reference value :  3.97273e-03
 Reference value :  3.98968e-03
 Reference value :  3.99942e-03
 Reference value :  4.01149e-03
 Reference value :  4.02849e-03
 Reference value :  4.03815e-03
 Reference value :  4.05008e-03
 Reference value :  4.06702e-03
 Reference value :  4.07684e-03
 Reference value :  4.08895e-03
 Reference value :  4.09869e-03
 Reference value :  4.11532e-03
 Reference value :  4.12500e-03
 Reference value :  4.13538e-03
 Reference value :  4.14716e-03
 Reference value :  4.16365e-03
 Reference value :  4.17326e-03
 Reference value :  4.18554e-03
 Reference value :  4.19527e-03
 Reference value :  4.21185e-03
 Reference value :  4.22152e-03
 Reference value :  4.23385e-03
 Reference value :  4.25051e-03
 Reference value :  4.26024e-03
 Reference value :  4.27243e-03
 Reference value :  4.28247e-03
 Reference value :  4.29885e-03
 Reference value :  4.30855e-03
 Reference value :  4.32106e-03
 Reference value :  4.33677e-03
 Reference value :  4.34715e-03
 Reference value :  4.35688e-03
 Reference value :  4.36941e-03
 Reference value :  4.38591e-03
 Reference value :  4.39562e-03
 Reference value :  4.40845e-03
 Reference value :  4.42474e-03
 Reference value :  4.43445e-03
 Reference value :  4.44423e-03
 Reference value :  4.45694e-03
 Reference value :  4.46495e-03
 Reference value :  4.46984e-03
 Reference value :  4.47481e-03
 Reference value :  4.48122e-03
 Reference value :  4.48929e-03
 Reference value :  4.49419e-03
 Reference value :  4.49910e-03
 Reference value :  4.50404e-03
 Reference value :  4.50898e-03
 Reference value :  4.51543e-03
 Reference value :  4.52337e-03
 Reference value :  4.52829e-03
 Reference value :  4.53317e-03
 Reference value :  4.53958e-03
 Reference value :  4.54766e-03
 Reference value :  4.55257e-03
 Reference value :  4.55750e-03
 Reference value :  4.56400e-03
 Reference value :  4.57190e-03
 Reference value :  4.57841e-03
 Reference value :  4.58331e-03
 Reference value :  4.59121e-03
 Reference value :  4.59609e-03
 Reference value :  4.60261e-03
 Reference value :  4.61053e-03
 Reference value :  4.61536e-03
 Reference value :  4.62018e-03
 Reference value :  4.62583e-03
 Reference value :  4.63171e-03
 Reference value :  4.63965e-03
 Reference value :  4.64448e-03
 Reference value :  4.64936e-03
 Reference value :  4.65598e-03
 Reference value :  4.66391e-03
 Reference value :  4.66876e-03
 Reference value :  4.67537e-03
 Reference value :  4.68322e-03
 Reference value :  4.68812e-03
 Reference value :  4.69296e-03
 Reference value :  4.69962e-03
 Reference value :  4.70747e-03
 Reference value :  4.71237e-03
 Reference value :  4.71900e-03
 Reference value :  4.72682e-03
 Reference value :  4.73168e-03
 Reference value :  4.73842e-03
 Reference value :  4.74326e-03
 Reference value :  4.75100e-03
 Reference value :  4.75587e-03
 Reference value :  4.76262e-03
 Reference value :  4.76775e-03
 Reference value :  4.77528e-03
 Reference value :  4.78021e-03
 Reference value :  4.78685e-03
 Reference value :  4.79460e-03
 Reference value :  4.80137e-03
 Reference value :  4.80910e-03
 Reference value :  4.81397e-03
 Reference value :  4.81879e-03
 Reference value :  4.82554e-03
 Reference value :  4.83330e-03
 Reference value :  4.83838e-03
 Reference value :  4.84499e-03
 Reference value :  4.84992e-03
 Reference value :  4.85760e-03
 Reference value :  4.86244e-03
 Reference value :  4.86929e-03
 Reference value :  4.87589e-03
 Reference value :  4.88186e-03
 Reference value :  4.88865e-03
 Reference value :  4.89635e-03
 Reference value :  4.90179e-03
 Reference value :  4.90805e-03
 Reference value :  4.91576e-03
 Reference value :  4.92058e-03
 Reference value :  4.92745e-03
 Reference value :  4.93225e-03
 Reference value :  4.93983e-03
 Reference value :  4.94469e-03
 Reference value :  4.95157e-03
 Reference value :  4.95912e-03
 Reference value :  4.96397e-03
 Reference value :  4.97085e-03
 Reference value :  4.97840e-03
 Reference value :  4.98324e-03
 Reference value :  4.98834e-03
 Reference value :  4.99498e-03
 Reference value :  5.00256e-03
 Reference value :  5.00743e-03
 Reference value :  5.01435e-03
 Reference value :  5.02190e-03
 Reference value :  5.02673e-03
 Reference value :  5.03161e-03
 Reference value :  5.03834e-03
 Reference value :  5.04336e-03
 Reference value :  5.05086e-03
 Reference value :  5.05784e-03
 Reference value :  5.06284e-03
 Reference value :  5.07021e-03
 Reference value :  5.07511e-03
 Reference value :  5.08198e-03
 Reference value :  5.08951e-03
 Reference value :  5.09439e-03
 Reference value :  5.10133e-03
 Reference value :  5.10886e-03
 Reference value :  5.11370e-03
 Reference value :  5.12077e-03
 Reference value :  5.12821e-03
 Reference value :  5.13180e-03
 Reference value :  5.13523e-03
 Reference value :  5.13899e-03
 Reference value :  5.14247e-03
 Reference value :  5.14502e-03
 Reference value :  5.14881e-03
 Reference value :  5.15235e-03
 Reference value :  5.15481e-03
 Reference value :  5.15858e-03
 Reference value :  5.16122e-03
 Reference value :  5.16459e-03
 Reference value :  5.16834e-03
 Reference value :  5.17185e-03
 Reference value :  5.17433e-03
 Reference value :  5.17805e-03
 Reference value :  5.18052e-03
 Reference value :  5.18409e-03
 Reference value :  5.18660e-03
 Reference value :  5.19032e-03
 Reference value :  5.19391e-03
 Reference value :  5.19761e-03
 Reference value :  5.20006e-03
 Reference value :  5.20321e-03
 Reference value :  5.20605e-03
 Reference value :  5.20979e-03
 Reference value :  5.21227e-03
 Reference value :  5.21582e-03
 Reference value :  5.21937e-03
 Reference value :  5.22203e-03
 Reference value :  5.22559e-03
 Reference value :  5.22806e-03
 Reference value :  5.23181e-03
 Reference value :  5.23429e-03
 Reference value :  5.23783e-03
 Reference value :  5.24032e-03
 Reference value :  5.24398e-03
 Reference value :  5.24649e-03
 Reference value :  5.24918e-03
 Reference value :  5.25253e-03
 Reference value :  5.25616e-03
 Reference value :  5.25872e-03
 Reference value :  5.26119e-03
 Reference value :  5.26475e-03
 Reference value :  5.26843e-03
 Reference value :  5.27088e-03
 Reference value :  5.27342e-03
 Reference value :  5.27694e-03
 Reference value :  5.28065e-03
 Reference value :  5.28318e-03
 Reference value :  5.28674e-03
 Reference value :  5.29042e-03
 Reference value :  5.29402e-03
 Reference value :  5.29766e-03
 Reference value :  5.30023e-03
 Reference value :  5.30387e-03
 Reference value :  5.30753e-03
 Reference value :  5.31000e-03
 Reference value :  5.31253e-03
 Reference value :  5.31609e-03
 Reference value :  5.31975e-03
 Reference value :  5.32223e-03
 Reference value :  5.32586e-03
 Reference value :  5.32935e-03
 Reference value :  5.33200e-03
 Reference value :  5.33450e-03
 Reference value :  5.33808e-03
 Reference value :  5.34170e-03
 Reference value :  5.34424e-03
 Reference value :  5.34678e-03
 Reference value :  5.35037e-03
 Reference value :  5.35406e-03
 Reference value :  5.35764e-03
 Reference value :  5.36016e-03
 Reference value :  5.36382e-03
 Reference value :  5.36629e-03
 Reference value :  5.36989e-03
 Reference value :  5.37347e-03
 Reference value :  5.37604e-03
 Reference value :  5.37856e-03
 Reference value :  5.38214e-03
 Reference value :  5.38573e-03
 Reference value :  5.38824e-03
 Reference value :  5.39186e-03
 Reference value :  5.39553e-03
 Reference value :  5.39802e-03
 Reference value :  5.40084e-03
 Reference value :  5.40523e-03
 Reference value :  5.40782e-03
 Reference value :  5.41147e-03
 Reference value :  5.41508e-03
 Reference value :  5.41758e-03
 Reference value :  5.42122e-03
 Reference value :  5.42406e-03
 Reference value :  5.42736e-03
 Reference value :  5.43098e-03
 Reference value :  5.43460e-03
 Reference value :  5.43718e-03
 Reference value :  5.43966e-03
 Reference value :  5.44329e-03
 Reference value :  5.44693e-03
 Reference value :  5.44940e-03
 Reference value :  5.45303e-03
 Reference value :  5.45667e-03
 Reference value :  5.45917e-03
 Reference value :  5.46285e-03
 Reference value :  5.46564e-03
 Reference value :  5.46891e-03
 Reference value :  5.47246e-03
 Reference value :  5.47618e-03
 Reference value :  5.47868e-03
 Reference value :  5.48233e-03
 Reference value :  5.48483e-03
 Reference value :  5.48845e-03
 Reference value :  5.49091e-03
 Reference value :  5.49458e-03
 Reference value :  5.49816e-03
 Reference value :  5.50068e-03
 Reference value :  5.50385e-03
 Reference value :  5.50682e-03
 Reference value :  5.51046e-03
 Reference value :  5.51293e-03
 Reference value :  5.51551e-03
 Reference value :  5.51913e-03
 Reference value :  5.52270e-03
 Reference value :  5.52523e-03
 Reference value :  5.52884e-03
 Reference value :  5.53142e-03
 Reference value :  5.53496e-03
 Reference value :  5.53867e-03
 Reference value :  5.54225e-03
 Reference value :  5.54474e-03
 Reference value :  5.54848e-03
 Reference value :  5.55207e-03
 Reference value :  5.55454e-03
 Reference value :  5.55810e-03
 Reference value :  5.56073e-03
 Reference value :  5.56321e-03
 Reference value :  5.56679e-03
 Reference value :  5.56938e-03
 Reference value :  5.57294e-03
 Reference value :  5.57650e-03
 Reference value :  5.57897e-03
 Reference value :  5.58263e-03
 Reference value :  5.58618e-03
 Reference value :  5.58870e-03
 Reference value :  5.59240e-03
 Reference value :  5.59488e-03
 Reference value :  5.59847e-03
 Reference value :  5.60094e-03
 Reference value :  5.60343e-03
 Reference value :  5.60704e-03
 Reference value :  5.60956e-03
 Reference value :  5.61317e-03
 Reference value :  5.61584e-03
 Reference value :  5.61932e-03
 Reference value :  5.62180e-03
 Reference value :  5.62538e-03
 Reference value :  5.62782e-03
 Reference value :  5.63037e-03
 Reference value :  5.63402e-03
 Reference value :  5.63761e-03
 Reference value :  5.64016e-03
 Reference value :  5.64379e-03
 Reference value :  5.64670e-03
 Reference value :  5.64987e-03
 Reference value :  5.65233e-03
 Reference value :  5.65609e-03
 Reference value :  5.65959e-03
 Reference value :  5.66208e-03
 Reference value :  5.66457e-03
 Reference value :  5.66827e-03
 Reference value :  5.67080e-03
 Reference value :  5.67433e-03
 Reference value :  5.67809e-03
 Reference value :  5.68163e-03
 Reference value :  5.68411e-03
 Reference value :  5.68782e-03
 Reference value :  5.69028e-03
 Reference value :  5.69386e-03
 Reference value :  5.69750e-03
 Reference value :  5.70007e-03
 Reference value :  5.70255e-03
 Reference value :  5.70607e-03
 Reference value :  5.70980e-03
 Reference value :  5.71342e-03
 Reference value :  5.71586e-03
 Reference value :  5.71956e-03
 Reference value :  5.72313e-03
 Reference value :  5.72562e-03
 Reference value :  5.72811e-03
 Reference value :  5.73169e-03
 Reference value :  5.73434e-03
 Reference value :  5.73781e-03
 Reference value :  5.74030e-03
 Reference value :  5.74407e-03
 Reference value :  5.74762e-03
 Reference value :  5.75013e-03
 Reference value :  5.75386e-03
 Reference value :  5.75639e-03
 Reference value :  5.75982e-03
 Reference value :  5.76225e-03
 Reference value :  5.76589e-03
 Reference value :  5.76849e-03
 Reference value :  5.77190e-03
 Reference value :  5.77449e-03
 Reference value :  5.77825e-03
 Reference value :  5.78182e-03
 Reference value :  5.78433e-03
 Reference value :  5.78807e-03
 Reference value :  5.79159e-03
 Reference value :  5.79404e-03
 Reference value :  5.79778e-03
 Reference value :  5.80025e-03
 Reference value :  5.80361e-03
 Reference value :  5.80627e-03
 Reference value :  5.80894e-03
 Reference value :  5.81249e-03
 Reference value :  5.81604e-03
 Reference value :  5.81848e-03
 Reference value :  5.82106e-03
 Reference value :  5.82478e-03
 Reference value :  5.82830e-03
 Reference value :  5.83074e-03
 Reference value :  5.83327e-03
 Reference value :  5.83698e-03
 Reference value :  5.83941e-03
 Reference value :  5.84293e-03
 Reference value :  5.84537e-03
 Reference value :  5.84919e-03
 Reference value :  5.85264e-03
 Reference value :  5.85515e-03
 Reference value :  5.85888e-03
 Reference value :  5.86135e-03
 Reference value :  5.86397e-03
 Reference value :  5.86736e-03
 Reference value :  5.86980e-03
 Reference value :  5.87359e-03
 Reference value :  5.87604e-03
 Reference value :  5.87940e-03
 Reference value :  5.88196e-03
 Reference value :  5.88445e-03
 Reference value :  5.88820e-03
 Reference value :  5.89174e-03
 Reference value :  5.89421e-03
 Reference value :  5.89807e-03
 Reference value :  5.90151e-03
 Reference value :  5.90403e-03
 Reference value :  5.90646e-03
 Reference value :  5.91012e-03
 Reference value :  5.91267e-03
 Reference value :  5.91617e-03
 Reference value :  5.91866e-03
 Reference value :  5.92112e-03
 Reference value :  5.92490e-03
 Reference value :  5.92734e-03
 Reference value :  5.93082e-03
 Reference value :  5.93327e-03
 Reference value :  5.93570e-03
 Reference value :  5.93944e-03
 Reference value :  5.94196e-03
 Reference value :  5.94547e-03
 Reference value :  5.94795e-03
 Reference value :  5.95060e-03
 Reference value :  5.95425e-03
 Reference value :  5.95774e-03
 Reference value :  5.96019e-03
 Reference value :  5.96398e-03
 Reference value :  5.96749e-03
 Reference value :  5.97000e-03
 Reference value :  5.97251e-03
 Reference value :  5.97624e-03
 Reference value :  5.97973e-03
 Reference value :  5.98222e-03
 Reference value :  5.98465e-03
 Reference value :  5.98729e-03
 Reference value :  5.99091e-03
 Reference value :  5.99440e-03
 Reference value :  5.99684e-03
 Reference value :  5.99935e-03
 Reference value :  6.00313e-03
 Reference value :  6.00657e-03
 Reference value :  6.00903e-03
 Reference value :  6.01145e-03
 Reference value :  6.01388e-03
 Reference value :  6.01772e-03
 Reference value :  6.02118e-03
 Reference value :  6.02366e-03
 Reference value :  6.02611e-03
 Reference value :  6.02995e-03
 Reference value :  6.03243e-03
 Reference value :  6.03587e-03
 Reference value :  6.03837e-03
 Reference value :  6.04222e-03
 Reference value :  6.04560e-03
 Reference value :  6.04814e-03
 Reference value :  6.05057e-03
 Reference value :  6.05442e-03
 Reference value :  6.05684e-03
 Reference value :  6.06030e-03
 Reference value :  6.06275e-03
 Reference value :  6.06641e-03
 Reference value :  6.06902e-03
 Reference value :  6.07148e-03
 Reference value :  6.07490e-03
 Reference value :  6.07747e-03
 Reference value :  6.08128e-03
 Reference value :  6.08454e-03
 Reference value :  6.08718e-03
 Reference value :  6.08964e-03
 Reference value :  6.09348e-03
 Reference value :  6.09682e-03
 Reference value :  6.09943e-03
 Reference value :  6.10197e-03
 Reference value :  6.10572e-03
 Reference value :  6.10916e-03
 Reference value :  6.11163e-03
 Reference value :  6.11413e-03
 Reference value :  6.11793e-03
 Reference value :  6.12039e-03
 Reference value :  6.12369e-03
 Reference value :  6.12628e-03
 Reference value :  6.12876e-03
 Reference value :  6.13149e-03
 Reference value :  6.13501e-03
 Reference value :  6.13754e-03
 Reference value :  6.14094e-03
 Reference value :  6.14345e-03
 Reference value :  6.14730e-03
 Reference value :  6.14978e-03
 Reference value :  6.15317e-03
 Reference value :  6.15570e-03
 Reference value :  6.15946e-03
 Reference value :  6.16287e-03
 Reference value :  6.16536e-03
 Reference value :  6.16921e-03
 Reference value :  6.17168e-03
 Reference value :  6.17507e-03
 Reference value :  6.17753e-03
 Reference value :  6.18033e-03
 Reference value :  6.18389e-03
 Reference value :  6.18725e-03
 Reference value :  6.18982e-03
 Reference value :  6.19362e-03
 Reference value :  6.19611e-03
 Reference value :  6.19860e-03
 Reference value :  6.20199e-03
 Reference value :  6.20443e-03
 Reference value :  6.20692e-03
 Reference value :  6.20969e-03
 Reference value :  6.21323e-03
 Reference value :  6.21663e-03
 Reference value :  6.21988e-03
 Reference value :  6.22296e-03
 Reference value :  6.22547e-03
 Reference value :  6.22889e-03
 Reference value :  6.23138e-03
 Reference value :  6.23385e-03
 Reference value :  6.23772e-03
 Reference value :  6.24113e-03
 Reference value :  6.24360e-03
 Reference value :  6.24743e-03
 Reference value :  6.24995e-03
 Reference value :  6.25338e-03
 Reference value :  6.25588e-03
 Reference value :  6.25959e-03
 Reference value :  6.26218e-03
 Reference value :  6.26559e-03
 Reference value :  6.26811e-03
 Reference value :  6.27190e-03
 Reference value :  6.27445e-03
 Reference value :  6.27779e-03
 Reference value :  6.28147e-03
 Reference value :  6.28414e-03
 Reference value :  6.28757e-03
 Reference value :  6.29005e-03
 Reference value :  6.29391e-03
 Reference value :  6.29634e-03
 Reference value :  6.29970e-03
 Reference value :  6.30223e-03
 Reference value :  6.30470e-03
 Reference value :  6.30857e-03
 Reference value :  6.31194e-03
 Reference value :  6.31440e-03
 Reference value :  6.31684e-03
 Reference value :  6.32064e-03
 Reference value :  6.32313e-03
 Reference value :  6.32660e-03
 Reference value :  6.32911e-03
 Reference value :  6.33291e-03
 Reference value :  6.33637e-03
 Reference value :  6.33889e-03
 Reference value :  6.34271e-03
 Reference value :  6.34607e-03
 Reference value :  6.34862e-03
 Reference value :  6.35250e-03
 Reference value :  6.35593e-03
 Reference value :  6.35838e-03
 Reference value :  6.36082e-03
 Reference value :  6.36467e-03
 Reference value :  6.36811e-03
 Reference value :  6.37059e-03
 Reference value :  6.37307e-03
 Reference value :  6.37552e-03
 Reference value :  6.37931e-03
 Reference value :  6.38184e-03
 Reference value :  6.38431e-03
 Reference value :  6.38774e-03
 Reference value :  6.39021e-03
 Reference value :  6.39403e-03
 Reference value :  6.39674e-03
 Reference value :  6.40004e-03
 Reference value :  6.40251e-03
 Reference value :  6.40496e-03
 Reference value :  6.40888e-03
 Reference value :  6.41226e-03
 Reference value :  6.41487e-03
 Reference value :  6.41855e-03
 Reference value :  6.42192e-03
 Reference value :  6.42449e-03
 Reference value :  6.42701e-03
 Reference value :  6.43083e-03
 Reference value :  6.43423e-03
 Reference value :  6.43667e-03
 Reference value :  6.44054e-03
 Reference value :  6.44302e-03
 Reference value :  6.44549e-03
 Reference value :  6.44890e-03
 Reference value :  6.45276e-03
 Reference value :  6.45534e-03
 Reference value :  6.45865e-03
 Reference value :  6.46249e-03
 Reference value :  6.46495e-03
 Reference value :  6.46836e-03
 Reference value :  6.47223e-03
 Reference value :  6.47467e-03
 Reference value :  6.47808e-03
 Reference value :  6.48185e-03
 Reference value :  6.48446e-03
 Reference value :  6.48788e-03
 Reference value :  6.49035e-03
 Reference value :  6.49420e-03
 Reference value :  6.49696e-03
 Reference value :  6.50011e-03
 Reference value :  6.50259e-03
 Reference value :  6.50507e-03
 Reference value :  6.50888e-03
 Reference value :  6.51156e-03
 Reference value :  6.51476e-03
 Reference value :  6.51719e-03
 Reference value :  6.52106e-03
 Reference value :  6.52353e-03
 Reference value :  6.52694e-03
 Reference value :  6.52942e-03
 Reference value :  6.53193e-03
 Reference value :  6.53575e-03
 Reference value :  6.53913e-03
 Reference value :  6.54160e-03
 Reference value :  6.54408e-03
 Reference value :  6.54658e-03
 Reference value :  6.55038e-03
 Reference value :  6.55379e-03
 Reference value :  6.55624e-03
 Reference value :  6.56011e-03
 Reference value :  6.56350e-03
 Reference value :  6.56599e-03
 Reference value :  6.56983e-03
 Reference value :  6.57325e-03
 Reference value :  6.57575e-03
 Reference value :  6.57958e-03
 Reference value :  6.58221e-03
 Reference value :  6.58545e-03
 Reference value :  6.58792e-03
 Reference value :  6.59181e-03
 Reference value :  6.59517e-03
 Reference value :  6.59769e-03
 Reference value :  6.60159e-03
 Reference value :  6.60406e-03
 Reference value :  6.60749e-03
 Reference value :  6.60997e-03
 Reference value :  6.61242e-03
 Reference value :  6.61630e-03
 Reference value :  6.61958e-03
 Reference value :  6.62215e-03
 Reference value :  6.62597e-03
 Reference value :  6.62846e-03
 Reference value :  6.63190e-03
 Reference value :  6.63441e-03
 Reference value :  6.63823e-03
 Reference value :  6.64151e-03
 Reference value :  6.64404e-03
 Reference value :  6.64658e-03
 Reference value :  6.65037e-03
 Reference value :  6.65289e-03
 Reference value :  6.65620e-03
 Reference value :  6.65874e-03
 Reference value :  6.66243e-03
 Reference value :  6.66502e-03
 Reference value :  6.66846e-03
 Reference value :  6.67094e-03
 Reference value :  6.67483e-03
 Reference value :  6.67733e-03
 Reference value :  6.68068e-03
 Reference value :  6.68314e-03
 Reference value :  6.68696e-03
 Reference value :  6.68946e-03
 Reference value :  6.69292e-03
 Reference value :  6.69539e-03
 Reference value :  6.69927e-03
 Reference value :  6.70268e-03
 Reference value :  6.70518e-03
 Reference value :  6.70895e-03
 Reference value :  6.71154e-03
 Reference value :  6.71397e-03
 Reference value :  6.71644e-03
 Reference value :  6.71983e-03
 Reference value :  6.72228e-03
 Reference value :  6.72484e-03
 Reference value :  6.72865e-03
 Reference value :  6.73206e-03
 Reference value :  6.73449e-03
 Reference value :  6.73836e-03
 Reference value :  6.74080e-03
 Reference value :  6.74423e-03
 Reference value :  6.74669e-03
 Reference value :  6.75052e-03
 Reference value :  6.75396e-03
 Reference value :  6.75642e-03
 Reference value :  6.75890e-03
 Reference value :  6.76134e-03
 Reference value :  6.76517e-03
 Reference value :  6.76766e-03
 Reference value :  6.77109e-03
 Reference value :  6.77354e-03
 Reference value :  6.77744e-03
 Reference value :  6.77990e-03
 Reference value :  6.78291e-03
 Reference value :  6.78580e-03
 Reference value :  6.78962e-03
 Reference value :  6.79224e-03
 Reference value :  6.79556e-03
 Reference value :  6.79800e-03
 Reference value :  6.80062e-03
 Reference value :  6.80437e-03
 Reference value :  6.80684e-03
 Reference value :  6.81019e-03
 Reference value :  6.81267e-03
 Reference value :  6.81530e-03
 Reference value :  6.81898e-03
 Reference value :  6.82148e-03
 Reference value :  6.82486e-03
 Reference value :  6.82738e-03
 Reference value :  6.83112e-03
 Reference value :  6.83456e-03
 Reference value :  6.83703e-03
 Reference value :  6.84086e-03
 Reference value :  6.84334e-03
 Reference value :  6.84676e-03
 Reference value :  6.84923e-03
 Reference value :  6.85171e-03
 Reference value :  6.85559e-03
 Reference value :  6.85885e-03
 Reference value :  6.86145e-03
 Reference value :  6.86528e-03
 Reference value :  6.86775e-03
 Reference value :  6.87024e-03
 Reference value :  6.87365e-03
 Reference value :  6.87609e-03
 Reference value :  6.87951e-03
 Reference value :  6.88239e-03
 Reference value :  6.88491e-03
 Reference value :  6.88826e-03
 Reference value :  6.89075e-03
 Reference value :  6.89324e-03
 Reference value :  6.89699e-03
 Reference value :  6.89951e-03
 Reference value :  6.90290e-03
 Reference value :  6.90536e-03
 Reference value :  6.90919e-03
 Reference value :  6.91168e-03
 Reference value :  6.91509e-03
 Reference value :  6.91756e-03
 Reference value :  6.92136e-03
 Reference value :  6.92395e-03
 Reference value :  6.92735e-03
 Reference value :  6.92982e-03
 Reference value :  6.93227e-03
 Reference value :  6.93473e-03
 Reference value :  6.93862e-03
 Reference value :  6.94201e-03
 Reference value :  6.94449e-03
 Reference value :  6.94837e-03
 Reference value :  6.95178e-03
 Reference value :  6.95424e-03
 Reference value :  6.95814e-03
 Reference value :  6.96057e-03
 Reference value :  6.96400e-03
 Reference value :  6.96650e-03
 Reference value :  6.97030e-03
 Reference value :  6.97360e-03
 Reference value :  6.97617e-03
 Reference value :  6.97867e-03
 Reference value :  6.98250e-03
 Reference value :  6.98497e-03
 Reference value :  6.98841e-03
 Reference value :  6.99228e-03
 Reference value :  6.99479e-03
 Reference value :  6.99818e-03
 Reference value :  7.00066e-03
 Reference value :  7.00446e-03
 Reference value :  7.00786e-03
 Reference value :  7.01037e-03
 Reference value :  7.01422e-03
 Reference value :  7.01670e-03
 Reference value :  7.02010e-03
 Reference value :  7.02258e-03
 Reference value :  7.02504e-03
 Reference value :  7.02889e-03
 Reference value :  7.03138e-03
 Reference value :  7.03466e-03
 Reference value :  7.03729e-03
 Reference value :  7.03977e-03
 Reference value :  7.04362e-03
 Reference value :  7.04703e-03
 Reference value :  7.04950e-03
 Reference value :  7.05338e-03
 Reference value :  7.05587e-03
 Reference value :  7.05929e-03
 Reference value :  7.06176e-03
 Reference value :  7.06454e-03
 Reference value :  7.06808e-03
 Reference value :  7.07056e-03
 Reference value :  7.07398e-03
 Reference value :  7.07779e-03
 Reference value :  7.08028e-03
 Reference value :  7.08368e-03
 Reference value :  7.08750e-03
 Reference value :  7.09004e-03
 Reference value :  7.09349e-03
 Reference value :  7.09594e-03
 Reference value :  7.09978e-03
 Reference value :  7.10322e-03
 Reference value :  7.10565e-03
 Reference value :  7.10949e-03
 Reference value :  7.11238e-03
 Reference value :  7.11542e-03
 Reference value :  7.11929e-03
 Reference value :  7.12182e-03
 Reference value :  7.12520e-03
 Reference value :  7.12771e-03
 Reference value :  7.13150e-03
 Reference value :  7.13400e-03
 Reference value :  7.13738e-03
 Reference value :  7.13984e-03
 Reference value :  7.14365e-03
 Reference value :  7.14617e-03
 Reference value :  7.14958e-03
 Reference value :  7.15205e-03
 Reference value :  7.15452e-03
 Reference value :  7.15702e-03
 Reference value :  7.16082e-03
 Reference value :  7.16332e-03
 Reference value :  7.16673e-03
 Reference value :  7.16925e-03
 Reference value :  7.17310e-03
 Reference value :  7.17650e-03
 Reference value :  7.17897e-03
 Reference value :  7.18271e-03
 Reference value :  7.18526e-03
 Reference value :  7.18868e-03
 Reference value :  7.19113e-03
 Reference value :  7.19366e-03
 Reference value :  7.19745e-03
 Reference value :  7.20086e-03
 Reference value :  7.20335e-03
 Reference value :  7.20716e-03
 Reference value :  7.20971e-03
 Reference value :  7.21309e-03
 Reference value :  7.21680e-03
 Reference value :  7.21941e-03
 Reference value :  7.22281e-03
 Reference value :  7.22530e-03
 Reference value :  7.22915e-03
 Reference value :  7.23243e-03
 Reference value :  7.23504e-03
 Reference value :  7.23889e-03
 Reference value :  7.24137e-03
 Reference value :  7.24473e-03
 Reference value :  7.24724e-03
 Reference value :  7.25110e-03
 Reference value :  7.25448e-03
 Reference value :  7.25694e-03
 Reference value :  7.26079e-03
 Reference value :  7.26422e-03
 Reference value :  7.26670e-03
 Reference value :  7.27053e-03
 Reference value :  7.27302e-03
 Reference value :  7.27637e-03
 Reference value :  7.28023e-03
 Reference value :  7.28269e-03
 Reference value :  7.28612e-03
 Reference value :  7.28868e-03
 Reference value :  7.29250e-03
 Reference value :  7.29586e-03
 Reference value :  7.29836e-03
 Reference value :  7.30218e-03
 Reference value :  7.30563e-03
 Reference value :  7.30807e-03
 Reference value :  7.31196e-03
 Reference value :  7.31441e-03
 Reference value :  7.31782e-03
 Reference value :  7.32031e-03
 Reference value :  7.32280e-03
 Reference value :  7.32664e-03
 Reference value :  7.33007e-03
 Reference value :  7.33251e-03
 Reference value :  7.33638e-03
 Reference value :  7.33962e-03
 Reference value :  7.34227e-03
 Reference value :  7.34475e-03
 Reference value :  7.34862e-03
 Reference value :  7.35198e-03
 Reference value :  7.35447e-03
 Reference value :  7.35700e-03
 Reference value :  7.36082e-03
 Reference value :  7.36424e-03
 Reference value :  7.36679e-03
 Reference value :  7.37058e-03
 Reference value :  7.37401e-03
 Reference value :  7.37650e-03
 Reference value :  7.37908e-03
 Reference value :  7.38285e-03
 Reference value :  7.38621e-03
 Reference value :  7.38876e-03
 Reference value :  7.39122e-03
 Reference value :  7.39511e-03
 Reference value :  7.39766e-03
 Reference value :  7.40100e-03
 Reference value :  7.40345e-03
 Reference value :  7.40734e-03
 Reference value :  7.41070e-03
 Reference value :  7.41322e-03
 Reference value :  7.41707e-03
 Reference value :  7.42050e-03
 Reference value :  7.42296e-03
 Reference value :  7.42679e-03
 Reference value :  7.42935e-03
 Reference value :  7.43270e-03
 Reference value :  7.43517e-03
 Reference value :  7.43906e-03
 Reference value :  7.44252e-03
 Reference value :  7.44500e-03
 Reference value :  7.44878e-03
 Reference value :  7.45134e-03
 Reference value :  7.45471e-03
 Reference value :  7.45720e-03
 Reference value :  7.45967e-03
 Reference value :  7.46350e-03
 Reference value :  7.46639e-03
 Reference value :  7.46941e-03
 Reference value :  7.47320e-03
 Reference value :  7.47572e-03
 Reference value :  7.47914e-03
 Reference value :  7.48180e-03
 Reference value :  7.48546e-03
 Reference value :  7.48882e-03
 Reference value :  7.49128e-03
 Reference value :  7.49507e-03
 Reference value :  7.49765e-03
 Reference value :  7.50111e-03
 Reference value :  7.50363e-03
 Reference value :  7.50740e-03
 Reference value :  7.50989e-03
 Reference value :  7.51325e-03
 Reference value :  7.51572e-03
 Reference value :  7.51955e-03
 Reference value :  7.52297e-03
 Reference value :  7.52543e-03
 Reference value :  7.52790e-03
 Reference value :  7.53179e-03
 Reference value :  7.53518e-03
 Reference value :  7.53770e-03
 Reference value :  7.54015e-03
 Reference value :  7.54398e-03
 Reference value :  7.54652e-03
 Reference value :  7.54991e-03
 Reference value :  7.55246e-03
 Reference value :  7.55626e-03
 Reference value :  7.55966e-03
 Reference value :  7.56215e-03
 Reference value :  7.56603e-03
 Reference value :  7.56937e-03
 Reference value :  7.57192e-03
 Reference value :  7.57436e-03
 Reference value :  7.57823e-03
 Reference value :  7.58155e-03
 Reference value :  7.58418e-03
 Reference value :  7.58671e-03
 Reference value :  7.59056e-03
 Reference value :  7.59382e-03
 Reference value :  7.59640e-03
 Reference value :  7.59911e-03
 Reference value :  7.60276e-03
 Reference value :  7.60523e-03
 Reference value :  7.60862e-03
 Reference value :  7.61116e-03
 Reference value :  7.61501e-03
 Reference value :  7.61835e-03
 Reference value :  7.62092e-03
 Reference value :  7.62479e-03
 Reference value :  7.62723e-03
 Reference value :  7.63064e-03
 Reference value :  7.63452e-03
 Reference value :  7.63699e-03
 Reference value :  7.64041e-03
 Reference value :  7.64294e-03
 Reference value :  7.64676e-03
 Reference value :  7.65016e-03
 Reference value :  7.65259e-03
 Reference value :  7.65640e-03
 Reference value :  7.65890e-03
 Reference value :  7.66136e-03
 Reference value :  7.66466e-03
 Reference value :  7.66720e-03
 Reference value :  7.66973e-03
 Reference value :  7.67354e-03
 Reference value :  7.67693e-03
 Reference value :  7.67942e-03
 Reference value :  7.68194e-03
 Reference value :  7.68572e-03
 Reference value :  7.68833e-03
 Reference value :  7.69164e-03
 Reference value :  7.69546e-03
 Reference value :  7.69886e-03
 Reference value :  7.70139e-03
 Reference value :  7.70522e-03
 Reference value :  7.70776e-03
 Reference value :  7.71115e-03
 Reference value :  7.71362e-03
 Reference value :  7.71751e-03
 Reference value :  7.72096e-03
 Reference value :  7.72342e-03
 Reference value :  7.72585e-03
 Reference value :  7.72837e-03
 Reference value :  7.73222e-03
 Reference value :  7.73561e-03
 Reference value :  7.73806e-03
 Reference value :  7.74190e-03
 Reference value :  7.74433e-03
 Reference value :  7.74774e-03
 Reference value :  7.75020e-03
 Reference value :  7.75266e-03
 Reference value :  7.75652e-03
 Reference value :  7.75906e-03
 Reference value :  7.76245e-03
 Reference value :  7.76493e-03
 Reference value :  7.76878e-03
 Reference value :  7.77220e-03
 Reference value :  7.77467e-03
 Reference value :  7.77851e-03
 Reference value :  7.78104e-03
 Reference value :  7.78445e-03
 Reference value :  7.78691e-03
 Reference value :  7.79073e-03
 Reference value :  7.79326e-03
 Reference value :  7.79653e-03
 Reference value :  7.79912e-03
 Reference value :  7.80294e-03
 Reference value :  7.80550e-03
 Reference value :  7.80894e-03
 Reference value :  7.81149e-03
 Reference value :  7.81530e-03
 Reference value :  7.81872e-03
 Reference value :  7.82253e-03
 Reference value :  7.82504e-03
 Reference value :  7.82842e-03
 Reference value :  7.83091e-03
 Reference value :  7.83476e-03
 Reference value :  7.83807e-03
 Reference value :  7.84062e-03
 Reference value :  7.84447e-03
 Reference value :  7.84720e-03
 Reference value :  7.85033e-03
 Reference value :  7.85282e-03
 Reference value :  7.85671e-03
 Reference value :  7.86011e-03
 Reference value :  7.86255e-03
 Reference value :  7.86502e-03
 Reference value :  7.86888e-03
 Reference value :  7.87142e-03
 Reference value :  7.87479e-03
 Reference value :  7.87722e-03
 Reference value :  7.88105e-03
 Reference value :  7.88352e-03
 Reference value :  7.88691e-03
 Reference value :  7.88938e-03
 Reference value :  7.89317e-03
 Reference value :  7.89564e-03
 Reference value :  7.89906e-03
 Reference value :  7.90155e-03
 Reference value :  7.90545e-03
 Reference value :  7.90882e-03
 Reference value :  7.91130e-03
 Reference value :  7.91375e-03
 Reference value :  7.91766e-03
 Reference value :  7.92020e-03
 Reference value :  7.92351e-03
 Reference value :  7.92607e-03
 Reference value :  7.93002e-03
 Reference value :  7.93325e-03
 Reference value :  7.93704e-03
 Reference value :  7.93958e-03
 Reference value :  7.94300e-03
 Reference value :  7.94553e-03
 Reference value :  7.94931e-03
 Reference value :  7.95266e-03
 Reference value :  7.95521e-03
 Reference value :  7.95904e-03
 Reference value :  7.96152e-03
 Reference value :  7.96492e-03
 Reference value :  7.96741e-03
 Reference value :  7.96993e-03
 Reference value :  7.97375e-03
 Reference value :  7.97712e-03
 Reference value :  7.97961e-03
 Reference value :  7.98347e-03
 Reference value :  7.98597e-03
 Reference value :  7.98936e-03
 Reference value :  7.99182e-03
 Reference value :  7.99435e-03
 Reference value :  7.99819e-03
 Reference value :  8.00160e-03
 Reference value :  8.00532e-03
 Reference value :  8.00789e-03
 Reference value :  8.01133e-03
 Reference value :  8.01377e-03
 Reference value :  8.01769e-03
 Reference value :  8.02012e-03
 Reference value :  8.02355e-03
 Reference value :  8.02599e-03
 Reference value :  8.02989e-03
 Reference value :  8.03234e-03
 Reference value :  8.03580e-03
 Reference value :  8.03825e-03
 Reference value :  8.04217e-03
 Reference value :  8.04560e-03
 Reference value :  8.04808e-03
 Reference value :  8.05192e-03
 Reference value :  8.05442e-03
 Reference value :  8.05779e-03
 Reference value :  8.06163e-03
 Reference value :  8.06417e-03
 Reference value :  8.06762e-03
 Reference value :  8.07010e-03
 Reference value :  8.07254e-03
 Reference value :  8.07643e-03
 Reference value :  8.07895e-03
 Reference value :  8.08230e-03
 Reference value :  8.08476e-03
 Reference value :  8.08865e-03
 Reference value :  8.09112e-03
 Reference value :  8.09450e-03
 Reference value :  8.09833e-03
 Reference value :  8.10078e-03
 Reference value :  8.10422e-03
 Reference value :  8.10668e-03
 Reference value :  8.10916e-03
 Reference value :  8.11307e-03
 Reference value :  8.11565e-03
 Reference value :  8.11890e-03
 Reference value :  8.12143e-03
 Reference value :  8.12522e-03
 Reference value :  8.12771e-03
 Reference value :  8.13013e-03
 Reference value :  8.13345e-03
 Reference value :  8.13601e-03
 Reference value :  8.13860e-03
 Reference value :  8.14233e-03
 Reference value :  8.14482e-03
 Reference value :  8.14822e-03
 Reference value :  8.15070e-03
 Reference value :  8.15313e-03
 Reference value :  8.15700e-03
 Reference value :  8.15945e-03
 Reference value :  8.16271e-03
 Reference value :  8.16533e-03
 Reference value :  8.16799e-03
 Reference value :  8.17170e-03
 Reference value :  8.17510e-03
 Reference value :  8.17758e-03
 Reference value :  8.18006e-03
 Reference value :  8.18393e-03
 Reference value :  8.18641e-03
 Reference value :  8.18975e-03
 Reference value :  8.19225e-03
 Reference value :  8.19472e-03
 Reference value :  8.19860e-03
 Reference value :  8.20103e-03
 Reference value :  8.20439e-03
 Reference value :  8.20693e-03
 Reference value :  8.20939e-03
 Reference value :  8.21322e-03
 Reference value :  8.21575e-03
 Reference value :  8.21910e-03
 Reference value :  8.22159e-03
 Reference value :  8.22405e-03
 Reference value :  8.22793e-03
 Reference value :  8.23133e-03
 Reference value :  8.23378e-03
 Reference value :  8.23624e-03
 Reference value :  8.24007e-03
 Reference value :  8.24262e-03
 Reference value :  8.24603e-03
 Reference value :  8.24904e-03
 Reference value :  8.25236e-03
 Reference value :  8.25577e-03
 Reference value :  8.25963e-03
 Reference value :  8.26307e-03
 Reference value :  8.26555e-03
 Reference value :  8.26939e-03
 Reference value :  8.27189e-03
 Reference value :  8.27528e-03
 Reference value :  8.27777e-03
 Reference value :  8.28157e-03
 Reference value :  8.28497e-03
 Reference value :  8.28742e-03
 Reference value :  8.29128e-03
 Reference value :  8.29461e-03
 Reference value :  8.29713e-03
 Reference value :  8.30095e-03
 Reference value :  8.30343e-03
 Reference value :  8.30679e-03
 Reference value :  8.30927e-03
 Reference value :  8.31173e-03
 Reference value :  8.31565e-03
 Reference value :  8.31805e-03
 Reference value :  8.32144e-03
 Reference value :  8.32389e-03
 Reference value :  8.32777e-03
 Reference value :  8.33027e-03
 Reference value :  8.33272e-03
 Reference value :  8.33611e-03
 Reference value :  8.33852e-03
 Reference value :  8.34105e-03
 Reference value :  8.34486e-03
 Reference value :  8.34733e-03
 Reference value :  8.35068e-03
 Reference value :  8.35317e-03
 Reference value :  8.35559e-03
 Reference value :  8.35946e-03
 Reference value :  8.36188e-03
 Reference value :  8.36441e-03
 Reference value :  8.36772e-03
 Reference value :  8.37021e-03
 Reference value :  8.37409e-03
 Reference value :  8.37658e-03
 Reference value :  8.37992e-03
 Reference value :  8.38241e-03
 Reference value :  8.38520e-03
 Reference value :  8.38879e-03
 Reference value :  8.39206e-03
 Reference value :  8.39462e-03
 Reference value :  8.39711e-03
 Reference value :  8.40095e-03
 Reference value :  8.40351e-03
 Reference value :  8.40693e-03
 Reference value :  8.40942e-03
 Reference value :  8.41327e-03
 Reference value :  8.41673e-03
 Reference value :  8.41920e-03
 Reference value :  8.42311e-03
 Reference value :  8.42654e-03
 Reference value :  8.42903e-03
 Reference value :  8.43279e-03
 Reference value :  8.43534e-03
 Reference value :  8.43876e-03
 Reference value :  8.44120e-03
 Reference value :  8.44510e-03
 Reference value :  8.44837e-03
 Reference value :  8.45092e-03
 Reference value :  8.45342e-03
 Reference value :  8.45727e-03
 Reference value :  8.46064e-03
 Reference value :  8.46331e-03
 Reference value :  8.46701e-03
 Reference value :  8.47038e-03
 Reference value :  8.47292e-03
 Reference value :  8.47672e-03
 Reference value :  8.48008e-03
 Reference value :  8.48252e-03
 Reference value :  8.48504e-03
 Reference value :  8.48890e-03
 Reference value :  8.49132e-03
 Reference value :  8.49476e-03
 Reference value :  8.49727e-03
 Reference value :  8.50107e-03
 Reference value :  8.50440e-03
 Reference value :  8.50691e-03
 Reference value :  8.51075e-03
 Reference value :  8.51417e-03
 Reference value :  8.51669e-03
 Reference value :  8.52053e-03
 Reference value :  8.52386e-03
 Reference value :  8.52641e-03
 Reference value :  8.53021e-03
 Reference value :  8.53272e-03
 Reference value :  8.53609e-03
 Reference value :  8.53861e-03
 Reference value :  8.54238e-03
 Reference value :  8.54567e-03
 Reference value :  8.54824e-03
 Reference value :  8.55075e-03
 Reference value :  8.55453e-03
 Reference value :  8.55706e-03
 Reference value :  8.56046e-03
 Reference value :  8.56434e-03
 Reference value :  8.56771e-03
 Reference value :  8.57018e-03
 Reference value :  8.57265e-03
 Reference value :  8.57511e-03
 Reference value :  8.57899e-03
 Reference value :  8.58232e-03
 Reference value :  8.58491e-03
 Reference value :  8.58740e-03
 Reference value :  8.59122e-03
 Reference value :  8.59460e-03
 Reference value :  8.59715e-03
 Reference value :  8.60101e-03
 Reference value :  8.60439e-03
 Reference value :  8.60687e-03
 Reference value :  8.61078e-03
 Reference value :  8.61406e-03
 Reference value :  8.61662e-03
 Reference value :  8.62047e-03
 Reference value :  8.62303e-03
 Reference value :  8.62632e-03
 Reference value :  8.63021e-03
 Reference value :  8.63264e-03
 Reference value :  8.63604e-03
 Reference value :  8.63852e-03
 Reference value :  8.64237e-03
 Reference value :  8.64481e-03
 Reference value :  8.64732e-03
 Reference value :  8.65067e-03
 Reference value :  8.65314e-03
 Reference value :  8.65562e-03
 Reference value :  8.65950e-03
 Reference value :  8.66224e-03
 Reference value :  8.66534e-03
 Reference value :  8.66778e-03
 Reference value :  8.67170e-03
 Reference value :  8.67467e-03
 Reference value :  8.67760e-03
 Reference value :  8.68013e-03
 Reference value :  8.68399e-03
 Reference value :  8.68738e-03
 Reference value :  8.68985e-03
 Reference value :  8.69238e-03
 Reference value :  8.69625e-03
 Reference value :  8.69961e-03
 Reference value :  8.70210e-03
 Reference value :  8.70597e-03
 Reference value :  8.70855e-03
 Reference value :  8.71181e-03
 Reference value :  8.71434e-03
 Reference value :  8.71813e-03
 Reference value :  8.72150e-03
 Reference value :  8.72401e-03
 Reference value :  8.72784e-03
 Reference value :  8.73071e-03
 Reference value :  8.73377e-03
 Reference value :  8.73623e-03
 Reference value :  8.74006e-03
 Reference value :  8.74260e-03
 Reference value :  8.74597e-03
 Reference value :  8.74847e-03
 Reference value :  8.75240e-03
 Reference value :  8.75576e-03
 Reference value :  8.75820e-03
 Reference value :  8.76064e-03
 Reference value :  8.76453e-03
 Reference value :  8.76793e-03
 Reference value :  8.77042e-03
 Reference value :  8.77432e-03
 Reference value :  8.77674e-03
 Reference value :  8.78014e-03
 Reference value :  8.78391e-03
 Reference value :  8.78734e-03
 Reference value :  8.78986e-03
 Reference value :  8.79375e-03
 Reference value :  8.79712e-03
 Reference value :  8.79957e-03
 Reference value :  8.80344e-03
 Reference value :  8.80592e-03
 Reference value :  8.80930e-03
 Reference value :  8.81180e-03
 Reference value :  8.81567e-03
 Reference value :  8.81909e-03
 Reference value :  8.82163e-03
 Reference value :  8.82541e-03
 Reference value :  8.82883e-03
 Reference value :  8.83130e-03
 Reference value :  8.83521e-03
 Reference value :  8.83775e-03
 Reference value :  8.84107e-03
 Reference value :  8.84352e-03
 Reference value :  8.84742e-03
 Reference value :  8.85079e-03
 Reference value :  8.85327e-03
 Reference value :  8.85718e-03
 Reference value :  8.86057e-03
 Reference value :  8.86303e-03
 Reference value :  8.86692e-03
 Reference value :  8.86950e-03
 Reference value :  8.87283e-03
 Reference value :  8.87536e-03
 Reference value :  8.87919e-03
 Reference value :  8.88189e-03
 Reference value :  8.88503e-03
 Reference value :  8.88748e-03
 Reference value :  8.89135e-03
 Reference value :  8.89474e-03
 Reference value :  8.89719e-03
 Reference value :  8.90109e-03
 Reference value :  8.90447e-03
 Reference value :  8.90695e-03
 Reference value :  8.90944e-03
 Reference value :  8.91329e-03
 Reference value :  8.91667e-03
 Reference value :  8.91913e-03
 Reference value :  8.92160e-03
 Reference value :  8.92537e-03
 Reference value :  8.92795e-03
 Reference value :  8.93131e-03
 Reference value :  8.93521e-03
 Reference value :  8.93768e-03
 Reference value :  8.94103e-03
 Reference value :  8.94482e-03
 Reference value :  8.94739e-03
 Reference value :  8.94995e-03
 Reference value :  8.95321e-03
 Reference value :  8.95569e-03
 Reference value :  8.95834e-03
 Reference value :  8.96206e-03
 Reference value :  8.96537e-03
 Reference value :  8.96786e-03
 Reference value :  8.97032e-03
 Reference value :  8.97421e-03
 Reference value :  8.97665e-03
 Reference value :  8.98005e-03
 Reference value :  8.98255e-03
 Reference value :  8.98507e-03
 Reference value :  8.98888e-03
 Reference value :  8.99147e-03
 Reference value :  8.99476e-03
 Reference value :  8.99723e-03
 Reference value :  9.00102e-03
 Reference value :  9.00359e-03
 Reference value :  9.00692e-03
 Reference value :  9.00937e-03
 Reference value :  9.01327e-03
 Reference value :  9.01666e-03
 Reference value :  9.01917e-03
 Reference value :  9.02288e-03
 Reference value :  9.02553e-03
 Reference value :  9.02889e-03
 Reference value :  9.03136e-03
 Reference value :  9.03423e-03
 Reference value :  9.03773e-03
 Reference value :  9.04109e-03
 Reference value :  9.04355e-03
 Reference value :  9.04603e-03
 Reference value :  9.04983e-03
 Reference value :  9.05236e-03
 Reference value :  9.05572e-03
 Reference value :  9.05819e-03
 Reference value :  9.06208e-03
 Reference value :  9.06454e-03
 Reference value :  9.06792e-03
 Reference value :  9.07179e-03
 Reference value :  9.07524e-03
 Reference value :  9.07771e-03
 Reference value :  9.08163e-03
 Reference value :  9.08498e-03
 Reference value :  9.08745e-03
 Reference value :  9.09137e-03
 Reference value :  9.09466e-03
 Reference value :  9.09723e-03
 Reference value :  9.10108e-03
 Reference value :  9.10446e-03
 Reference value :  9.10700e-03
 Reference value :  9.11083e-03
 Reference value :  9.11365e-03
 Reference value :  9.11672e-03
 Reference value :  9.11931e-03
 Reference value :  9.12306e-03
 Reference value :  9.12640e-03
 Reference value :  9.13027e-03
 Reference value :  9.13284e-03
 Reference value :  9.13615e-03
 Reference value :  9.13881e-03
 Reference value :  9.14261e-03
 Reference value :  9.14594e-03
 Reference value :  9.14982e-03
 Reference value :  9.15319e-03
 Reference value :  9.15564e-03
 Reference value :  9.15939e-03
 Reference value :  9.16204e-03
 Reference value :  9.16543e-03
 Reference value :  9.16790e-03
 Reference value :  9.17045e-03
 Reference value :  9.17430e-03
 Reference value :  9.17764e-03
 Reference value :  9.18012e-03
 Reference value :  9.18399e-03
 Reference value :  9.18739e-03
 Reference value :  9.18983e-03
 Reference value :  9.19373e-03
 Reference value :  9.19618e-03
 Reference value :  9.19958e-03
 Reference value :  9.20223e-03
 Reference value :  9.20592e-03
 Reference value :  9.20929e-03
 Reference value :  9.21177e-03
 Reference value :  9.21562e-03
 Reference value :  9.21809e-03
 Reference value :  9.22148e-03
 Reference value :  9.22403e-03
 Reference value :  9.22784e-03
 Reference value :  9.23119e-03
 Reference value :  9.23368e-03
 Reference value :  9.23752e-03
 Reference value :  9.24094e-03
 Reference value :  9.24344e-03
 Reference value :  9.24725e-03
 Reference value :  9.24998e-03
 Reference value :  9.25312e-03
 Reference value :  9.25558e-03
 Reference value :  9.25944e-03
 Reference value :  9.26284e-03
 Reference value :  9.26669e-03
 Reference value :  9.26918e-03
 Reference value :  9.27257e-03
 Reference value :  9.27505e-03
 Reference value :  9.27897e-03
 Reference value :  9.28232e-03
 Reference value :  9.28482e-03
 Reference value :  9.28875e-03
 Reference value :  9.29209e-03
 Reference value :  9.29460e-03
 Reference value :  9.29749e-03
 Reference value :  9.30096e-03
 Reference value :  9.30430e-03
 Reference value :  9.30820e-03
 Reference value :  9.31065e-03
 Reference value :  9.31404e-03
 Reference value :  9.31655e-03
 Reference value :  9.32040e-03
 Reference value :  9.32382e-03
 Reference value :  9.32625e-03
 Reference value :  9.33015e-03
 Reference value :  9.33260e-03
 Reference value :  9.33601e-03
 Reference value :  9.33850e-03
 Reference value :  9.34241e-03
 Reference value :  9.34582e-03
 Reference value :  9.34832e-03
 Reference value :  9.35088e-03
 Reference value :  9.35470e-03
 Reference value :  9.35806e-03
 Reference value :  9.36054e-03
 Reference value :  9.36445e-03
 Reference value :  9.36782e-03
 Reference value :  9.37032e-03
 Reference value :  9.37420e-03
 Reference value :  9.37761e-03
 Reference value :  9.38010e-03
 Reference value :  9.38399e-03
 Reference value :  9.38645e-03
 Reference value :  9.38983e-03
 Reference value :  9.39237e-03
 Reference value :  9.39616e-03
 Reference value :  9.39891e-03
 Reference value :  9.40203e-03
 Reference value :  9.40590e-03
 Reference value :  9.40926e-03
 Reference value :  9.41178e-03
 Reference value :  9.41569e-03
 Reference value :  9.41905e-03
 Reference value :  9.42154e-03
 Reference value :  9.42508e-03
 Reference value :  9.42784e-03
 Reference value :  9.43126e-03
 Reference value :  9.43370e-03
 Reference value :  9.43758e-03
 Reference value :  9.44100e-03
 Reference value :  9.44350e-03
 Reference value :  9.44737e-03
 Reference value :  9.45077e-03
 Reference value :  9.45326e-03
 Reference value :  9.45720e-03
 Reference value :  9.46060e-03
 Reference value :  9.46310e-03
 Reference value :  9.46697e-03
 Reference value :  9.47024e-03
 Reference value :  9.47285e-03
 Reference value :  9.47669e-03
 Reference value :  9.47934e-03
 Reference value :  9.48260e-03
 Reference value :  9.48651e-03
 Reference value :  9.48991e-03
 Reference value :  9.49236e-03
 Reference value :  9.49491e-03
 Reference value :  9.49872e-03
 Reference value :  9.50148e-03
 Reference value :  9.50460e-03
 Reference value :  9.50707e-03
 Reference value :  9.51094e-03
 Reference value :  9.51431e-03
 Reference value :  9.51677e-03
 Reference value :  9.52060e-03
 Reference value :  9.52316e-03
 Reference value :  9.52650e-03
 Reference value :  9.52898e-03
 Reference value :  9.53284e-03
 Reference value :  9.53613e-03
 Reference value :  9.53870e-03
 Reference value :  9.54260e-03
 Reference value :  9.54603e-03
 Reference value :  9.54858e-03
 Reference value :  9.55238e-03
 Reference value :  9.55576e-03
 Reference value :  9.55830e-03
 Reference value :  9.56210e-03
 Reference value :  9.56550e-03
 Reference value :  9.56798e-03
 Reference value :  9.57188e-03
 Reference value :  9.57472e-03
 Reference value :  9.57780e-03
 Reference value :  9.58148e-03
 Reference value :  9.58417e-03
 Reference value :  9.58756e-03
 Reference value :  9.59143e-03
 Reference value :  9.59478e-03
 Reference value :  9.59728e-03
 Reference value :  9.60120e-03
 Reference value :  9.60369e-03
 Reference value :  9.60695e-03
 Reference value :  9.60957e-03
 Reference value :  9.61207e-03
 Reference value :  9.61593e-03
 Reference value :  9.61931e-03
 Reference value :  9.62322e-03
 Reference value :  9.62572e-03
 Reference value :  9.62909e-03
 Reference value :  9.63290e-03
 Reference value :  9.63547e-03
 Reference value :  9.63885e-03
 Reference value :  9.64276e-03
 Reference value :  9.64564e-03
 Reference value :  9.64865e-03
 Reference value :  9.65142e-03
 Reference value :  9.65502e-03
 Reference value :  9.65846e-03
 Reference value :  9.66093e-03
 Reference value :  9.66480e-03
 Reference value :  9.66821e-03
 Reference value :  9.67070e-03
 Reference value :  9.67457e-03
 Reference value :  9.67792e-03
 Reference value :  9.68050e-03
 Reference value :  9.68431e-03
 Reference value :  9.68689e-03
 Reference value :  9.69024e-03
 Reference value :  9.69272e-03
 Reference value :  9.69665e-03
 Reference value :  9.69992e-03
 Reference value :  9.70250e-03
 Reference value :  9.70640e-03
 Reference value :  9.70980e-03
 Reference value :  9.71227e-03
 Reference value :  9.71615e-03
 Reference value :  9.71952e-03
 Reference value :  9.72341e-03
 Reference value :  9.72595e-03
 Reference value :  9.72928e-03
 Reference value :  9.73320e-03
 Reference value :  9.73664e-03
 Reference value :  9.73924e-03
 Reference value :  9.74297e-03
 Reference value :  9.74639e-03
 Reference value :  9.74894e-03
 Reference value :  9.75278e-03
 Reference value :  9.75617e-03
 Reference value :  9.75997e-03
 Reference value :  9.76269e-03
 Reference value :  9.76593e-03
 Reference value :  9.76978e-03
 Reference value :  9.77234e-03
 Reference value :  9.77565e-03
 Reference value :  9.77950e-03
 Reference value :  9.78207e-03
 Reference value :  9.78544e-03
 Reference value :  9.78793e-03
 Reference value :  9.79046e-03
 Reference value :  9.79434e-03
 Reference value :  9.79765e-03
 Reference value :  9.80018e-03
 Reference value :  9.80273e-03
 Reference value :  9.80662e-03
 Reference value :  9.80907e-03
 Reference value :  9.81245e-03
 Reference value :  9.81492e-03
 Reference value :  9.81881e-03
 Reference value :  9.82132e-03
 Reference value :  9.82469e-03
 Reference value :  9.82717e-03
 Reference value :  9.83112e-03
 Reference value :  9.83449e-03
 Reference value :  9.83697e-03
 Reference value :  9.84087e-03
 Reference value :  9.84340e-03
 Reference value :  9.84671e-03
 Reference value :  9.84921e-03
 Reference value :  9.85312e-03
 Reference value :  9.85654e-03
 Reference value :  9.85955e-03
 Reference value :  9.86289e-03
 Reference value :  9.86566e-03
 Reference value :  9.86879e-03
 Reference value :  9.87131e-03
 Reference value :  9.87520e-03
 Reference value :  9.87857e-03
 Reference value :  9.88101e-03
 Reference value :  9.88494e-03
 Reference value :  9.88758e-03
 Reference value :  9.89076e-03
 Reference value :  9.89324e-03
 Reference value :  9.89713e-03
 Reference value :  9.90050e-03
 Reference value :  9.90297e-03
 Reference value :  9.90549e-03
 Reference value :  9.90938e-03
 Reference value :  9.91275e-03
 Reference value :  9.91530e-03
 Reference value :  9.91913e-03
 Reference value :  9.92244e-03
 Reference value :  9.92501e-03
 Reference value :  9.92895e-03
 Reference value :  9.93230e-03
 Reference value :  9.93478e-03
 Reference value :  9.93727e-03
 Reference value :  9.94116e-03
 Reference value :  9.94453e-03
 Reference value :  9.94697e-03
 Reference value :  9.95091e-03
 Reference value :  9.95427e-03
 Reference value :  9.95680e-03
 Reference value :  9.96065e-03
 Reference value :  9.96403e-03
 Reference value :  9.96649e-03
 Reference value :  9.97038e-03
 Reference value :  9.97381e-03
 Reference value :  9.97629e-03
 Reference value :  9.98000e-03
 Reference value :  9.98266e-03
 Reference value :  9.98601e-03
 Reference value :  9.98849e-03
 Reference value :  9.99243e-03
 Reference value :  9.99582e-03
 Reference value :  9.99828e-03
 Reference value :  1.00022e-02
 Reference value :  1.00055e-02
 Reference value :  1.00081e-02
 Reference value :  1.00120e-02
 Reference value :  1.00153e-02
 Reference value :  1.00178e-02
 Reference value :  1.00218e-02
 Reference value :  1.00252e-02
 Reference value :  1.00277e-02
 Reference value :  1.00315e-02
 Reference value :  1.00349e-02
 Reference value :  1.00376e-02
 Reference value :  1.00413e-02
 Reference value :  1.00447e-02
 Reference value :  1.00474e-02
 Reference value :  1.00510e-02
 Reference value :  1.00545e-02
 Reference value :  1.00569e-02
 Reference value :  1.00608e-02
 Reference value :  1.00634e-02
 Reference value :  1.00667e-02
 Reference value :  1.00692e-02
 Reference value :  1.00731e-02
 Reference value :  1.00765e-02
 Reference value :  1.00790e-02
 Reference value :  1.00829e-02
 Reference value :  1.00862e-02
 Reference value :  1.00887e-02
 Reference value :  1.00926e-02
 Reference value :  1.00960e-02
 Reference value :  1.00984e-02
 Reference value :  1.01023e-02
 Reference value :  1.01057e-02
 Reference value :  1.01095e-02
 Reference value :  1.01123e-02
 Reference value :  1.01155e-02
 Reference value :  1.01180e-02
 Reference value :  1.01219e-02
 Reference value :  1.01252e-02
 Reference value :  1.01277e-02
 Reference value :  1.01316e-02
 Reference value :  1.01341e-02
 Reference value :  1.01375e-02
 Reference value :  1.01415e-02
 Reference value :  1.01448e-02
 Reference value :  1.01473e-02
 Reference value :  1.01500e-02
 Reference value :  1.01546e-02
 Reference value :  1.01571e-02
 Reference value :  1.01610e-02
 Reference value :  1.01635e-02
 Reference value :  1.01669e-02
 Reference value :  1.01707e-02
 Reference value :  1.01742e-02
 Reference value :  1.01767e-02
 Reference value :  1.01806e-02
 Reference value :  1.01840e-02
 Reference value :  1.01865e-02
 Reference value :  1.01903e-02
 Reference value :  1.01937e-02
 Reference value :  1.01962e-02
 Reference value :  1.01987e-02
 Reference value :  1.02024e-02
 Reference value :  1.02054e-02
 Reference value :  1.02085e-02
 Reference value :  1.02123e-02
 Reference value :  1.02149e-02
 Reference value :  1.02182e-02
 Reference value :  1.02207e-02
 Reference value :  1.02246e-02
 Reference value :  1.02270e-02
 Reference value :  1.02304e-02
 Reference value :  1.02343e-02
 Reference value :  1.02377e-02
 Reference value :  1.02401e-02
 Reference value :  1.02440e-02
 Reference value :  1.02474e-02
 Reference value :  1.02500e-02
 Reference value :  1.02538e-02
 Reference value :  1.02571e-02
 Reference value :  1.02597e-02
 Reference value :  1.02636e-02
 Reference value :  1.02670e-02
 Reference value :  1.02695e-02
 Reference value :  1.02734e-02
 Reference value :  1.02758e-02
 Reference value :  1.02792e-02
 Reference value :  1.02817e-02
 Reference value :  1.02856e-02
 Reference value :  1.02890e-02
 Reference value :  1.02914e-02
 Reference value :  1.02954e-02
 Reference value :  1.02987e-02
 Reference value :  1.03012e-02
 Reference value :  1.03051e-02
 Reference value :  1.03084e-02
 Reference value :  1.03109e-02
 Reference value :  1.03148e-02
 Reference value :  1.03182e-02
 Reference value :  1.03207e-02
 Reference value :  1.03246e-02
 Reference value :  1.03280e-02
 Reference value :  1.03304e-02
 Reference value :  1.03331e-02
 Reference value :  1.03368e-02
 Reference value :  1.03402e-02
 Reference value :  1.03427e-02
 Reference value :  1.03466e-02
 Reference value :  1.03491e-02
 Reference value :  1.03525e-02
 Reference value :  1.03550e-02
 Reference value :  1.03589e-02
 Reference value :  1.03622e-02
 Reference value :  1.03648e-02
 Reference value :  1.03687e-02
 Reference value :  1.03721e-02
 Reference value :  1.03760e-02
 Reference value :  1.03792e-02
 Reference value :  1.03819e-02
 Reference value :  1.03858e-02
 Reference value :  1.03883e-02
 Reference value :  1.03917e-02
 Reference value :  1.03955e-02
 Reference value :  1.03989e-02
 Reference value :  1.04014e-02
 Reference value :  1.04039e-02
 Reference value :  1.04078e-02
 Reference value :  1.04103e-02
 Reference value :  1.04137e-02
 Reference value :  1.04176e-02
 Reference value :  1.04201e-02
 Reference value :  1.04235e-02
 Reference value :  1.04259e-02
 Reference value :  1.04298e-02
 Reference value :  1.04323e-02
 Reference value :  1.04357e-02
 Reference value :  1.04381e-02
 Reference value :  1.04420e-02
 Reference value :  1.04454e-02
 Reference value :  1.04479e-02
 Reference value :  1.04504e-02
 Reference value :  1.04543e-02
 Reference value :  1.04577e-02
 Reference value :  1.04602e-02
 Reference value :  1.04641e-02
 Reference value :  1.04675e-02
 Reference value :  1.04699e-02
 Reference value :  1.04739e-02
 Reference value :  1.04773e-02
 Reference value :  1.04798e-02
 Reference value :  1.04822e-02
 Reference value :  1.04862e-02
 Reference value :  1.04895e-02
 Reference value :  1.04921e-02
 Reference value :  1.04960e-02
 Reference value :  1.04993e-02
 Reference value :  1.05018e-02
 Reference value :  1.05057e-02
 Reference value :  1.05091e-02
 Reference value :  1.05117e-02
 Reference value :  1.05155e-02
 Reference value :  1.05189e-02
 Reference value :  1.05214e-02
 Reference value :  1.05252e-02
 Reference value :  1.05286e-02
 Reference value :  1.05311e-02
 Reference value :  1.05350e-02
 Reference value :  1.05383e-02
 Reference value :  1.05409e-02
 Reference value :  1.05448e-02
 Reference value :  1.05482e-02
 Reference value :  1.05506e-02
 Reference value :  1.05546e-02
 Reference value :  1.05579e-02
 Reference value :  1.05604e-02
 Reference value :  1.05643e-02
 Reference value :  1.05668e-02
 Reference value :  1.05702e-02
 Reference value :  1.05741e-02
 Reference value :  1.05766e-02
 Reference value :  1.05800e-02
 Reference value :  1.05827e-02
 Reference value :  1.05863e-02
 Reference value :  1.05897e-02
 Reference value :  1.05923e-02
 Reference value :  1.05962e-02
 Reference value :  1.05995e-02
 Reference value :  1.06034e-02
 Reference value :  1.06060e-02
 Reference value :  1.06093e-02
 Reference value :  1.06118e-02
 Reference value :  1.06157e-02
 Reference value :  1.06191e-02
 Reference value :  1.06216e-02
 Reference value :  1.06255e-02
 Reference value :  1.06289e-02
 Reference value :  1.06313e-02
 Reference value :  1.06353e-02
 Reference value :  1.06387e-02
 Reference value :  1.06411e-02
 Reference value :  1.06450e-02
 Reference value :  1.06484e-02
 Reference value :  1.06509e-02
 Reference value :  1.06546e-02
 Reference value :  1.06573e-02
 Reference value :  1.06606e-02
 Reference value :  1.06631e-02
 Reference value :  1.06671e-02
 Reference value :  1.06704e-02
 Reference value :  1.06729e-02
 Reference value :  1.06769e-02
 Reference value :  1.06793e-02
 Reference value :  1.06826e-02
 Reference value :  1.06852e-02
 Reference value :  1.06891e-02
 Reference value :  1.06915e-02
 Reference value :  1.06949e-02
 Reference value :  1.06987e-02
 Reference value :  1.07021e-02
 Reference value :  1.07046e-02
 Reference value :  1.07084e-02
 Reference value :  1.07110e-02
 Reference value :  1.07144e-02
 Reference value :  1.07170e-02
 Reference value :  1.07208e-02
 Reference value :  1.07241e-02
 Reference value :  1.07266e-02
 Reference value :  1.07291e-02
 Reference value :  1.07330e-02
 Reference value :  1.07363e-02
 Reference value :  1.07388e-02
 Reference value :  1.07428e-02
 Reference value :  1.07460e-02
 Reference value :  1.07486e-02
 Reference value :  1.07525e-02
 Reference value :  1.07559e-02
 Reference value :  1.07584e-02
 Reference value :  1.07623e-02
 Reference value :  1.07656e-02
 Reference value :  1.07681e-02
 Reference value :  1.07720e-02
 Reference value :  1.07754e-02
 Reference value :  1.07791e-02
 Reference value :  1.07817e-02
 Reference value :  1.07851e-02
 Reference value :  1.07876e-02
 Reference value :  1.07915e-02
 Reference value :  1.07949e-02
 Reference value :  1.07974e-02
 Reference value :  1.08013e-02
 Reference value :  1.08047e-02
 Reference value :  1.08072e-02
 Reference value :  1.08097e-02
 Reference value :  1.08136e-02
 Reference value :  1.08169e-02
 Reference value :  1.08194e-02
 Reference value :  1.08234e-02
 Reference value :  1.08259e-02
 Reference value :  1.08292e-02
 Reference value :  1.08330e-02
 Reference value :  1.08356e-02
 Reference value :  1.08390e-02
 Reference value :  1.08428e-02
 Reference value :  1.08462e-02
 Reference value :  1.08488e-02
 Reference value :  1.08526e-02
 Reference value :  1.08561e-02
 Reference value :  1.08585e-02
 Reference value :  1.08624e-02
 Reference value :  1.08658e-02
 Reference value :  1.08683e-02
 Reference value :  1.08722e-02
 Reference value :  1.08756e-02
 Reference value :  1.08796e-02
 Reference value :  1.08820e-02
 Reference value :  1.08854e-02
 Reference value :  1.08879e-02
 Reference value :  1.08918e-02
 Reference value :  1.08952e-02
 Reference value :  1.08977e-02
 Reference value :  1.09016e-02
 Reference value :  1.09050e-02
 Reference value :  1.09074e-02
 Reference value :  1.09100e-02
 Reference value :  1.09138e-02
 Reference value :  1.09172e-02
 Reference value :  1.09197e-02
 Reference value :  1.09236e-02
 Reference value :  1.09269e-02
 Reference value :  1.09294e-02
 Reference value :  1.09319e-02
 Reference value :  1.09344e-02
 Reference value :  1.09383e-02
 Reference value :  1.09417e-02
 Reference value :  1.09441e-02
 Reference value :  1.09466e-02
 Reference value :  1.09505e-02
 Reference value :  1.09539e-02
 Reference value :  1.09564e-02
 Reference value :  1.09603e-02
 Reference value :  1.09637e-02
 Reference value :  1.09676e-02
 Reference value :  1.09710e-02
 Reference value :  1.09734e-02
 Reference value :  1.09773e-02
 Reference value :  1.09799e-02
 Reference value :  1.09833e-02
 Reference value :  1.09872e-02
 Reference value :  1.09906e-02
 Reference value :  1.09944e-02
 Reference value :  1.09969e-02
 Reference value :  1.10003e-02
 Reference value :  1.10028e-02
 Reference value :  1.10066e-02
 Reference value :  1.10092e-02
 Reference value :  1.10126e-02
 Reference value :  1.10151e-02
 Reference value :  1.10190e-02
 Reference value :  1.10223e-02
 Reference value :  1.10248e-02
 Reference value :  1.10287e-02
 Reference value :  1.10312e-02
 Reference value :  1.10346e-02
 Reference value :  1.10385e-02
 Reference value :  1.10410e-02
 Reference value :  1.10435e-02
 Reference value :  1.10469e-02
 Reference value :  1.10493e-02
 Reference value :  1.10532e-02
 Reference value :  1.10567e-02
 Reference value :  1.10592e-02
 Reference value :  1.10631e-02
 Reference value :  1.10665e-02
 Reference value :  1.10691e-02
 Reference value :  1.10728e-02
 Reference value :  1.10762e-02
 Reference value :  1.10801e-02
 Reference value :  1.10835e-02
 Reference value :  1.10861e-02
 Reference value :  1.10899e-02
 Reference value :  1.10933e-02
 Reference value :  1.10958e-02
 Reference value :  1.10997e-02
 Reference value :  1.11021e-02
 Reference value :  1.11055e-02
 Reference value :  1.11094e-02
 Reference value :  1.11127e-02
 Reference value :  1.11153e-02
 Reference value :  1.11192e-02
 Reference value :  1.11225e-02
 Reference value :  1.11250e-02
 Reference value :  1.11289e-02
 Reference value :  1.11317e-02
 Reference value :  1.11348e-02
 Reference value :  1.11373e-02
 Reference value :  1.11412e-02
 Reference value :  1.11437e-02
 Reference value :  1.11470e-02
 Reference value :  1.11509e-02
 Reference value :  1.11543e-02
 Reference value :  1.11568e-02
 Reference value :  1.11607e-02
 Reference value :  1.11641e-02
 Reference value :  1.11666e-02
 Reference value :  1.11705e-02
 Reference value :  1.11739e-02
 Reference value :  1.11771e-02
 Reference value :  1.11802e-02
 Reference value :  1.11835e-02
 Reference value :  1.11861e-02
 Reference value :  1.11893e-02
 Reference value :  1.11925e-02
 Reference value :  1.11959e-02
 Reference value :  1.11984e-02
 Reference value :  1.12023e-02
 Reference value :  1.12057e-02
 Reference value :  1.12081e-02
 Reference value :  1.12106e-02
 Reference value :  1.12145e-02
 Reference value :  1.12179e-02
 Reference value :  1.12204e-02
 Reference value :  1.12242e-02
 Reference value :  1.12267e-02
 Reference value :  1.12301e-02
 Reference value :  1.12340e-02
 Reference value :  1.12374e-02
 Reference value :  1.12399e-02
 Reference value :  1.12437e-02
 Reference value :  1.12463e-02
 Reference value :  1.12496e-02
 Reference value :  1.12521e-02
 Reference value :  1.12560e-02
 Reference value :  1.12585e-02
 Reference value :  1.12618e-02
 Reference value :  1.12644e-02
 Reference value :  1.12682e-02
 Reference value :  1.12716e-02
 Reference value :  1.12741e-02
 Reference value :  1.12766e-02
 Reference value :  1.12804e-02
 Reference value :  1.12838e-02
 Reference value :  1.12863e-02
 Reference value :  1.12902e-02
 Reference value :  1.12936e-02
 Reference value :  1.12960e-02
 Reference value :  1.12999e-02
 Reference value :  1.13023e-02
 Reference value :  1.13058e-02
 Reference value :  1.13096e-02
 Reference value :  1.13121e-02
 Reference value :  1.13155e-02
 Reference value :  1.13193e-02
 Reference value :  1.13227e-02
 Reference value :  1.13253e-02
 Reference value :  1.13278e-02
 Reference value :  1.13316e-02
 Reference value :  1.13350e-02
 Reference value :  1.13388e-02
 Reference value :  1.13422e-02
 Reference value :  1.13447e-02
 Reference value :  1.13486e-02
 Reference value :  1.13520e-02
 Reference value :  1.13545e-02
 Reference value :  1.13584e-02
 Reference value :  1.13618e-02
 Reference value :  1.13643e-02
 Reference value :  1.13682e-02
 Reference value :  1.13716e-02
 Reference value :  1.13741e-02
 Reference value :  1.13780e-02
 Reference value :  1.13805e-02
 Reference value :  1.13839e-02
 Reference value :  1.13878e-02
 Reference value :  1.13910e-02
 Reference value :  1.13936e-02
 Reference value :  1.13961e-02
 Reference value :  1.14000e-02
 Reference value :  1.14033e-02
 Reference value :  1.14058e-02
 Reference value :  1.14086e-02
 Reference value :  1.14121e-02
 Reference value :  1.14156e-02
 Reference value :  1.14191e-02
 Reference value :  1.14218e-02
 Reference value :  1.14243e-02
 Reference value :  1.14277e-02
 Reference value :  1.14316e-02
 Reference value :  1.14350e-02
 Reference value :  1.14374e-02
 Reference value :  1.14413e-02
 Reference value :  1.14447e-02
 Reference value :  1.14472e-02
 Reference value :  1.14511e-02
 Reference value :  1.14545e-02
 Reference value :  1.14570e-02
 Reference value :  1.14601e-02
 Reference value :  1.14633e-02
 Reference value :  1.14666e-02
 Reference value :  1.14692e-02
 Reference value :  1.14731e-02
 Reference value :  1.14755e-02
 Reference value :  1.14790e-02
 Reference value :  1.14828e-02
 Reference value :  1.14862e-02
 Reference value :  1.14887e-02
 Reference value :  1.14925e-02
 Reference value :  1.14949e-02
 Reference value :  1.14984e-02
 Reference value :  1.15022e-02
 Reference value :  1.15056e-02
 Reference value :  1.15082e-02
 Reference value :  1.15129e-02
 Reference value :  1.15154e-02
 Reference value :  1.15192e-02
 Reference value :  1.15217e-02
 Reference value :  1.15251e-02
 Reference value :  1.15290e-02
 Reference value :  1.15323e-02
 Reference value :  1.15349e-02
 Reference value :  1.15387e-02
 Reference value :  1.15413e-02
 Reference value :  1.15447e-02
 Reference value :  1.15485e-02
 Reference value :  1.15510e-02
 Reference value :  1.15544e-02
 Reference value :  1.15582e-02
 Reference value :  1.15617e-02
 Reference value :  1.15645e-02
 Reference value :  1.15680e-02
 Reference value :  1.15715e-02
 Reference value :  1.15740e-02
 Reference value :  1.15778e-02
 Reference value :  1.15812e-02
 Reference value :  1.15837e-02
 Reference value :  1.15875e-02
 Reference value :  1.15910e-02
 Reference value :  1.15934e-02
 Reference value :  1.15973e-02
 Reference value :  1.16006e-02
 Reference value :  1.16032e-02
 Reference value :  1.16070e-02
 Reference value :  1.16095e-02
 Reference value :  1.16129e-02
 Reference value :  1.16156e-02
 Reference value :  1.16192e-02
 Reference value :  1.16227e-02
 Reference value :  1.16265e-02
 Reference value :  1.16300e-02
 Reference value :  1.16324e-02
 Reference value :  1.16363e-02
 Reference value :  1.16398e-02
 Reference value :  1.16425e-02
 Reference value :  1.16460e-02
 Reference value :  1.16494e-02
 Reference value :  1.16519e-02
 Reference value :  1.16557e-02
 Reference value :  1.16591e-02
 Reference value :  1.16627e-02
 Reference value :  1.16654e-02
 Reference value :  1.16689e-02
 Reference value :  1.16727e-02
 Reference value :  1.16751e-02
 Reference value :  1.16776e-02
 Reference value :  1.16801e-02
 Reference value :  1.16835e-02
 Reference value :  1.16873e-02
 Reference value :  1.16898e-02
 Reference value :  1.16922e-02
 Reference value :  1.16957e-02
 Reference value :  1.16981e-02
 Reference value :  1.17019e-02
 Reference value :  1.17044e-02
 Reference value :  1.17078e-02
 Reference value :  1.17103e-02
 Reference value :  1.17141e-02
 Reference value :  1.17171e-02
 Reference value :  1.17201e-02
 Reference value :  1.17227e-02
 Reference value :  1.17264e-02
 Reference value :  1.17298e-02
 Reference value :  1.17323e-02
 Reference value :  1.17361e-02
 Reference value :  1.17394e-02
 Reference value :  1.17420e-02
 Reference value :  1.17444e-02
 Reference value :  1.17473e-02
 Reference value :  1.17507e-02
 Reference value :  1.17541e-02
 Reference value :  1.17566e-02
 Reference value :  1.17591e-02
 Reference value :  1.17629e-02
 Reference value :  1.17663e-02
 Reference value :  1.17688e-02
 Reference value :  1.17726e-02
 Reference value :  1.17751e-02
 Reference value :  1.17785e-02
 Reference value :  1.17810e-02
 Reference value :  1.17847e-02
 Reference value :  1.17874e-02
 Reference value :  1.17908e-02
 Reference value :  1.17946e-02
 Reference value :  1.17981e-02
 Reference value :  1.18006e-02
 Reference value :  1.18031e-02
 Reference value :  1.18068e-02
 Reference value :  1.18093e-02
 Reference value :  1.18128e-02
 Reference value :  1.18152e-02
 Reference value :  1.18185e-02
 Reference value :  1.18217e-02
 Reference value :  1.18250e-02
 Reference value :  1.18274e-02
 Reference value :  1.18313e-02
 Reference value :  1.18347e-02
 Reference value :  1.18372e-02
 Reference value :  1.18410e-02
 Reference value :  1.18444e-02
 Reference value :  1.18469e-02
 Reference value :  1.18494e-02
 Reference value :  1.18532e-02
 Reference value :  1.18556e-02
 Reference value :  1.18591e-02
 Reference value :  1.18617e-02
 Reference value :  1.18654e-02
 Reference value :  1.18688e-02
 Reference value :  1.18727e-02
 Reference value :  1.18761e-02
 Reference value :  1.18786e-02
 Reference value :  1.18810e-02
 Reference value :  1.18849e-02
 Reference value :  1.18883e-02
 Reference value :  1.18908e-02
 Reference value :  1.18933e-02
 Reference value :  1.18971e-02
 Reference value :  1.18996e-02
 Reference value :  1.19030e-02
 Reference value :  1.19066e-02
 Reference value :  1.19092e-02
 Reference value :  1.19127e-02
 Reference value :  1.19152e-02
 Reference value :  1.19190e-02
 Reference value :  1.19215e-02
 Reference value :  1.19239e-02
 Reference value :  1.19274e-02
 Reference value :  1.19299e-02
 Reference value :  1.19337e-02
 Reference value :  1.19363e-02
 Reference value :  1.19396e-02
 Reference value :  1.19421e-02
 Reference value :  1.19459e-02
 Reference value :  1.19483e-02
 Reference value :  1.19518e-02
 Reference value :  1.19544e-02
 Reference value :  1.19582e-02
 Reference value :  1.19606e-02
 Reference value :  1.19641e-02
 Reference value :  1.19666e-02
 Reference value :  1.19703e-02
 Reference value :  1.19730e-02
 Reference value :  1.19764e-02
 Reference value :  1.19801e-02
 Reference value :  1.19827e-02
 Reference value :  1.19862e-02
 Reference value :  1.19886e-02
 Reference value :  1.19924e-02
 Reference value :  1.19948e-02
 Reference value :  1.19983e-02
 Reference value :  1.20008e-02
 Reference value :  1.20033e-02
 Reference value :  1.20070e-02
 Reference value :  1.20104e-02
 Reference value :  1.20129e-02
 Reference value :  1.20167e-02
 Reference value :  1.20191e-02
 Reference value :  1.20226e-02
 Reference value :  1.20251e-02
 Reference value :  1.20287e-02
 Reference value :  1.20313e-02
 Reference value :  1.20338e-02
 Reference value :  1.20373e-02
 Reference value :  1.20397e-02
 Reference value :  1.20436e-02
 Reference value :  1.20471e-02
 Reference value :  1.20495e-02
 Reference value :  1.20521e-02
 Reference value :  1.20558e-02
 Reference value :  1.20583e-02
 Reference value :  1.20618e-02
 Reference value :  1.20643e-02
 Reference value :  1.20680e-02
 Reference value :  1.20705e-02
 Reference value :  1.20731e-02
 Reference value :  1.20765e-02
 Reference value :  1.20798e-02
 Reference value :  1.20827e-02
 Reference value :  1.20863e-02
 Reference value :  1.20888e-02
 Reference value :  1.20925e-02
 Reference value :  1.20950e-02
 Reference value :  1.20985e-02
 Reference value :  1.21010e-02
 Reference value :  1.21047e-02
 Reference value :  1.21083e-02
 Reference value :  1.21107e-02
 Reference value :  1.21136e-02
 Reference value :  1.21170e-02
 Reference value :  1.21195e-02
 Reference value :  1.21230e-02
 Reference value :  1.21254e-02
 Reference value :  1.21292e-02
 Reference value :  1.21317e-02
 Reference value :  1.21351e-02
 Reference value :  1.21377e-02
 Reference value :  1.21414e-02
 Reference value :  1.21438e-02
 Reference value :  1.21473e-02
 Reference value :  1.21498e-02
 Reference value :  1.21522e-02
 Reference value :  1.21547e-02
 Reference value :  1.21585e-02
 Reference value :  1.21609e-02
 Reference value :  1.21644e-02
 Reference value :  1.21669e-02
 Reference value :  1.21695e-02
 Reference value :  1.21731e-02
 Reference value :  1.21766e-02
 Reference value :  1.21791e-02
 Reference value :  1.21816e-02
 Reference value :  1.21854e-02
 Reference value :  1.21888e-02
 Reference value :  1.21913e-02
 Reference value :  1.21938e-02
 Reference value :  1.21963e-02
 Reference value :  1.22000e-02
 Reference value :  1.22025e-02
 Reference value :  1.22059e-02
 Reference value :  1.22085e-02
 Reference value :  1.22121e-02
 Reference value :  1.22146e-02
 Reference value :  1.22181e-02
 Reference value :  1.22205e-02
 Reference value :  1.22230e-02
 Reference value :  1.22255e-02
 Reference value :  1.22279e-02
 Reference value :  1.22317e-02
 Reference value :  1.22342e-02
 Reference value :  1.22377e-02
 Reference value :  1.22402e-02
 Reference value :  1.22437e-02
 Reference value :  1.22464e-02
 Reference value :  1.22499e-02
 Reference value :  1.22524e-02
 Reference value :  1.22548e-02
 Reference value :  1.22586e-02
 Reference value :  1.22611e-02
 Reference value :  1.22645e-02
 Reference value :  1.22670e-02
 Reference value :  1.22695e-02
 Reference value :  1.22733e-02
 Reference value :  1.22757e-02
 Reference value :  1.22783e-02
 Reference value :  1.22816e-02
 Reference value :  1.22842e-02
 Reference value :  1.22866e-02
 Reference value :  1.22904e-02
 Reference value :  1.22939e-02
 Reference value :  1.22964e-02
 Reference value :  1.23002e-02
 Reference value :  1.23037e-02
 Reference value :  1.23061e-02
 Reference value :  1.23098e-02
 Reference value :  1.23123e-02
 Reference value :  1.23158e-02
 Reference value :  1.23183e-02
 Reference value :  1.23208e-02
 Reference value :  1.23245e-02
 Reference value :  1.23270e-02
 Reference value :  1.23294e-02
 Reference value :  1.23319e-02
 Reference value :  1.23354e-02
 Reference value :  1.23379e-02
 Reference value :  1.23403e-02
 Reference value :  1.23428e-02
 Reference value :  1.23453e-02
 Reference value :  1.23477e-02
 Reference value :  1.23503e-02
 Reference value :  1.23540e-02
 Reference value :  1.23575e-02
 Reference value :  1.23599e-02
 Reference value :  1.23625e-02
 Reference value :  1.23662e-02
 Reference value :  1.23697e-02
 Reference value :  1.23733e-02
 Reference value :  1.23759e-02
 Reference value :  1.23793e-02
 Reference value :  1.23809e-02
 Reference value :  1.23843e-02
 Reference value :  1.23868e-02
 Reference value :  1.23905e-02
 Reference value :  1.23930e-02
 Reference value :  1.23955e-02
 Reference value :  1.23980e-02
 Reference value :  1.24004e-02
 Reference value :  1.24029e-02
 Reference value :  1.24064e-02
 Reference value :  1.24089e-02
 Reference value :  1.24114e-02
 Reference value :  1.24151e-02
 Reference value :  1.24176e-02
 Reference value :  1.24201e-02
 Reference value :  1.24236e-02
 Reference value :  1.24261e-02
 Reference value :  1.24286e-02
 Reference value :  1.24310e-02
 Reference value :  1.24348e-02
 Reference value :  1.24383e-02
 Reference value :  1.24408e-02
 Reference value :  1.24433e-02
 Reference value :  1.24457e-02
 Reference value :  1.24482e-02
 Reference value :  1.24507e-02
 Reference value :  1.24544e-02
 Reference value :  1.24569e-02
 Reference value :  1.24604e-02
 Reference value :  1.24628e-02
 Reference value :  1.24666e-02
 Reference value :  1.24691e-02
 Reference value :  1.24725e-02
 Reference value :  1.24750e-02
 Reference value :  1.24775e-02
 Reference value :  1.24800e-02
 Reference value :  1.24824e-02
 Reference value :  1.24849e-02
 Reference value :  1.24874e-02
 Reference value :  1.24899e-02
 Reference value :  1.24935e-02
 Reference value :  1.24960e-02
 Reference value :  1.24996e-02
 Reference value :  1.25020e-02
 Reference value :  1.25045e-02
 Reference value :  1.25070e-02
 Reference value :  1.25094e-02
 Reference value :  1.25132e-02
 Reference value :  1.25157e-02
 Reference value :  1.25181e-02
 Reference value :  1.25217e-02
 Reference value :  1.25241e-02
 Reference value :  1.25266e-02
 Reference value :  1.25291e-02
 Reference value :  1.25315e-02
 Reference value :  1.25340e-02
 Reference value :  1.25365e-02
 Reference value :  1.25390e-02
 Reference value :  1.25426e-02
 Reference value :  1.25451e-02
 Reference value :  1.25476e-02
 Reference value :  1.25511e-02
 Reference value :  1.25536e-02
 Reference value :  1.25561e-02
 Reference value :  1.25585e-02
 Reference value :  1.25610e-02
 Reference value :  1.25646e-02
 Reference value :  1.25672e-02
 Reference value :  1.25696e-02
 Reference value :  1.25730e-02
 Reference value :  1.25745e-02
 Reference value :  1.25769e-02
 Reference value :  1.25794e-02
 Reference value :  1.25816e-02
 Reference value :  1.25831e-02
 Reference value :  1.25854e-02
 Reference value :  1.25879e-02
 Reference value :  1.25903e-02
 Reference value :  1.25928e-02
 Reference value :  1.25952e-02
 Reference value :  1.25977e-02
 Reference value :  1.26001e-02
 Reference value :  1.26026e-02
 Reference value :  1.26039e-02
 Reference value :  1.26064e-02
 Reference value :  1.26088e-02
 Reference value :  1.26112e-02
 Reference value :  1.26135e-02
 Reference value :  1.26148e-02
 Reference value :  1.26184e-02
 Reference value :  1.26210e-02
 Reference value :  1.26234e-02
 Reference value :  1.26259e-02
 Reference value :  1.26283e-02
 Reference value :  1.26308e-02
 Reference value :  1.26333e-02
 Reference value :  1.26357e-02
 Reference value :  1.26369e-02
 Reference value :  1.26393e-02
 Reference value :  1.26418e-02
 Reference value :  1.26442e-02
 Reference value :  1.26468e-02
 Reference value :  1.26492e-02
 Reference value :  1.26517e-02
 Reference value :  1.26541e-02
 Reference value :  1.26566e-02
 Reference value :  1.26590e-02
 Reference value :  1.26614e-02
 Reference value :  1.26639e-02
 Reference value :  1.26663e-02
 Reference value :  1.26688e-02
 Reference value :  1.26712e-02
 Reference value :  1.26737e-02
 Reference value :  1.26773e-02
 Reference value :  1.26787e-02
 Reference value :  1.26810e-02
 Reference value :  1.26848e-02
 Reference value :  1.26872e-02
 Reference value :  1.26907e-02
 Reference value :  1.26921e-02
 Reference value :  1.26956e-02
 Reference value :  1.26981e-02
 Reference value :  1.27006e-02
 Reference value :  1.27029e-02
 Reference value :  1.27055e-02
 Reference value :  1.27079e-02
 Reference value :  1.27104e-02
 Reference value :  1.27129e-02
 Reference value :  1.27153e-02
 Reference value :  1.27178e-02
 Reference value :  1.27215e-02
 Reference value :  1.27240e-02
 Reference value :  1.27275e-02
 Reference value :  1.27300e-02
 Reference value :  1.27325e-02
 Reference value :  1.27350e-02
 Reference value :  1.27386e-02
 Reference value :  1.27411e-02
 Reference value :  1.27435e-02
 Reference value :  1.27460e-02
 Reference value :  1.27484e-02
 Reference value :  1.27509e-02
 Reference value :  1.27534e-02
 Reference value :  1.27559e-02
 Reference value :  1.27583e-02
 Reference value :  1.27608e-02
 Reference value :  1.27632e-02
 Reference value :  1.27657e-02
 Reference value :  1.27681e-02
 Reference value :  1.27706e-02
 Reference value :  1.27741e-02
 Reference value :  1.27765e-02
 Reference value :  1.27784e-02
 Reference value :  1.27815e-02
 Reference value :  1.27830e-02
 Reference value :  1.27853e-02
 Reference value :  1.27877e-02
 Reference value :  1.27893e-02
 Reference value :  1.27926e-02
 Reference value :  1.27951e-02
 Reference value :  1.27975e-02
 Reference value :  1.28000e-02
 Reference value :  1.28025e-02
 Reference value :  1.28049e-02
 Reference value :  1.28074e-02
 Reference value :  1.28098e-02
 Reference value :  1.28123e-02
 Reference value :  1.28148e-02
 Reference value :  1.28172e-02
 Reference value :  1.28196e-02
 Reference value :  1.28221e-02
 Reference value :  1.28245e-02
 Reference value :  1.28270e-02
 Reference value :  1.28295e-02
 Reference value :  1.28319e-02
 Reference value :  1.28344e-02
 Reference value :  1.28368e-02
 Reference value :  1.28380e-02
 Reference value :  1.28417e-02
 Reference value :  1.28442e-02
 Reference value :  1.28466e-02
 Reference value :  1.28490e-02
 Reference value :  1.28515e-02
 Reference value :  1.28540e-02
 Reference value :  1.28565e-02
 Reference value :  1.28589e-02
 Reference value :  1.28614e-02
 Reference value :  1.28638e-02
 Reference value :  1.28663e-02
 Reference value :  1.28687e-02
 Reference value :  1.28712e-02
 Reference value :  1.28737e-02
 Reference value :  1.28761e-02
 Reference value :  1.28785e-02
 Reference value :  1.28810e-02
 Reference value :  1.28845e-02
 Reference value :  1.28870e-02
 Reference value :  1.28894e-02
 Reference value :  1.28919e-02
 Reference value :  1.28943e-02
 Reference value :  1.28968e-02
 Reference value :  1.28992e-02
 Reference value :  1.29017e-02
 Reference value :  1.29041e-02
 Reference value :  1.29066e-02
 Reference value :  1.29090e-02
 Reference value :  1.29115e-02
 Reference value :  1.29140e-02
 Reference value :  1.29164e-02
 Reference value :  1.29188e-02
 Reference value :  1.29212e-02
 Reference value :  1.29237e-02
 Reference value :  1.29253e-02
 Reference value :  1.29276e-02
 Reference value :  1.29300e-02
 Reference value :  1.29325e-02
 Reference value :  1.29349e-02
 Reference value :  1.29373e-02
 Reference value :  1.29397e-02
 Reference value :  1.29422e-02
 Reference value :  1.29447e-02
 Reference value :  1.29472e-02
 Reference value :  1.29496e-02
 Reference value :  1.29521e-02
 Reference value :  1.29546e-02
 Reference value :  1.29570e-02
 Reference value :  1.29594e-02
 Reference value :  1.29619e-02
 Reference value :  1.29643e-02
 Reference value :  1.29656e-02
 Reference value :  1.29692e-02
 Reference value :  1.29717e-02
 Reference value :  1.29729e-02
 Reference value :  1.29753e-02
 Reference value :  1.29778e-02
 Reference value :  1.29802e-02
 Reference value :  1.29827e-02
 Reference value :  1.29851e-02
 Reference value :  1.29876e-02
 Reference value :  1.29900e-02
 Reference value :  1.29925e-02
 Reference value :  1.29949e-02
 Reference value :  1.29986e-02
 Reference value :  1.30011e-02
 Reference value :  1.30035e-02
 Reference value :  1.30060e-02
 Reference value :  1.30084e-02
 Reference value :  1.30109e-02
 Reference value :  1.30123e-02
 Reference value :  1.30158e-02
 Reference value :  1.30193e-02
 Reference value :  1.30218e-02
 Reference value :  1.30243e-02
 Reference value :  1.30267e-02
 Reference value :  1.30291e-02
 Reference value :  1.30316e-02
 Reference value :  1.30340e-02
 Reference value :  1.30365e-02
 Reference value :  1.30390e-02
 Reference value :  1.30414e-02
 Reference value :  1.30439e-02
 Reference value :  1.30463e-02
 Reference value :  1.30488e-02
 Reference value :  1.30512e-02
 Reference value :  1.30537e-02
 Reference value :  1.30561e-02
 Reference value :  1.30586e-02
 Reference value :  1.30610e-02
 Reference value :  1.30624e-02
 Reference value :  1.30659e-02
 Reference value :  1.30684e-02
 Reference value :  1.30710e-02
 Reference value :  1.30733e-02
 Reference value :  1.30758e-02
 Reference value :  1.30795e-02
 Reference value :  1.30819e-02
 Reference value :  1.30844e-02
 Reference value :  1.30879e-02
 Reference value :  1.30903e-02
 Reference value :  1.30928e-02
 Reference value :  1.30942e-02
 Reference value :  1.30967e-02
 Reference value :  1.31000e-02
 Reference value :  1.31015e-02
 Reference value :  1.31040e-02
 Reference value :  1.31064e-02
 Reference value :  1.31089e-02
 Reference value :  1.31113e-02
 Reference value :  1.31149e-02
 Reference value :  1.31173e-02
 Reference value :  1.31198e-02
 Reference value :  1.31222e-02
 Reference value :  1.31247e-02
 Reference value :  1.31271e-02
 Reference value :  1.31296e-02
 Reference value :  1.31320e-02
 Reference value :  1.31345e-02
 Reference value :  1.31358e-02
 Reference value :  1.31383e-02
 Reference value :  1.31407e-02
 Reference value :  1.31432e-02
 Reference value :  1.31456e-02
 Reference value :  1.31481e-02
 Reference value :  1.31505e-02
 Reference value :  1.31517e-02
 Reference value :  1.31553e-02
 Reference value :  1.31566e-02
 Reference value :  1.31590e-02
 Reference value :  1.31615e-02
 Reference value :  1.31639e-02
 Reference value :  1.31664e-02
 Reference value :  1.31688e-02
 Reference value :  1.31702e-02
 Reference value :  1.31727e-02
 Reference value :  1.31751e-02
 Reference value :  1.31775e-02
 Reference value :  1.31787e-02
 Reference value :  1.31812e-02
 Reference value :  1.31836e-02
 Reference value :  1.31860e-02
 Reference value :  1.31885e-02
 Reference value :  1.31910e-02
 Reference value :  1.31934e-02
 Reference value :  1.31971e-02
 Reference value :  1.31996e-02
 Reference value :  1.32021e-02
 Reference value :  1.32046e-02
 Reference value :  1.32081e-02
 Reference value :  1.32106e-02
 Reference value :  1.32130e-02
 Reference value :  1.32154e-02
 Reference value :  1.32179e-02
 Reference value :  1.32203e-02
 Reference value :  1.32228e-02
 Reference value :  1.32252e-02
 Reference value :  1.32277e-02
 Reference value :  1.32301e-02
 Reference value :  1.32326e-02
 Reference value :  1.32350e-02
 Reference value :  1.32375e-02
 Reference value :  1.32399e-02
 Reference value :  1.32437e-02
 Reference value :  1.32461e-02
 Reference value :  1.32486e-02
 Reference value :  1.32510e-02
 Reference value :  1.32535e-02
 Reference value :  1.32559e-02
 Reference value :  1.32584e-02
 Reference value :  1.32608e-02
 Reference value :  1.32632e-02
 Reference value :  1.32657e-02
 Reference value :  1.32682e-02
 Reference value :  1.32706e-02
 Reference value :  1.32731e-02
 Reference value :  1.32755e-02
 Reference value :  1.32780e-02
 Reference value :  1.32805e-02
 Reference value :  1.32840e-02
 Reference value :  1.32864e-02
 Reference value :  1.32889e-02
 Reference value :  1.32913e-02
 Reference value :  1.32938e-02
 Reference value :  1.32962e-02
 Reference value :  1.32976e-02
 Reference value :  1.33000e-02
 Reference value :  1.33025e-02
 Reference value :  1.33049e-02
 Reference value :  1.33074e-02
 Reference value :  1.33086e-02
 Reference value :  1.33111e-02
 Reference value :  1.33136e-02
 Reference value :  1.33159e-02
 Reference value :  1.33184e-02
 Reference value :  1.33208e-02
 Reference value :  1.33233e-02
 Reference value :  1.33257e-02
 Reference value :  1.33271e-02
 Reference value :  1.33295e-02
 Reference value :  1.33320e-02
 Reference value :  1.33354e-02
 Reference value :  1.33379e-02
 Reference value :  1.33404e-02
 Reference value :  1.33418e-02
 Reference value :  1.33429e-02
 Reference value :  1.33453e-02
 Reference value :  1.33467e-02
 Reference value :  1.33478e-02
 Reference value :  1.33502e-02
 Reference value :  1.33515e-02
 Reference value :  1.33527e-02
 Reference value :  1.33540e-02
 Reference value :  1.33552e-02
 Reference value :  1.33576e-02
 Reference value :  1.33589e-02
 Reference value :  1.33602e-02
 Reference value :  1.33625e-02
 Reference value :  1.33639e-02
 Reference value :  1.33650e-02
 Reference value :  1.33664e-02
 Reference value :  1.33675e-02
 Reference value :  1.33699e-02
 Reference value :  1.33712e-02
 Reference value :  1.33723e-02
 Reference value :  1.33747e-02
 Reference value :  1.33761e-02
 Reference value :  1.33772e-02
 Reference value :  1.33797e-02
 Reference value :  1.33810e-02
 Reference value :  1.33821e-02
 Reference value :  1.33844e-02
 Reference value :  1.33848e-02
 Reference value :  1.33870e-02
 Reference value :  1.33884e-02
 Reference value :  1.33897e-02
 Reference value :  1.33919e-02
 Reference value :  1.33933e-02
 Reference value :  1.33944e-02
 Reference value :  1.33968e-02
 Reference value :  1.33981e-02
 Reference value :  1.33993e-02
 Reference value :  1.34007e-02
 Reference value :  1.34031e-02
 Reference value :  1.34042e-02
 Reference value :  1.34066e-02
 Reference value :  1.34080e-02
 Reference value :  1.34091e-02
 Reference value :  1.34115e-02
 Reference value :  1.34128e-02
 Reference value :  1.34140e-02
 Reference value :  1.34153e-02
 Reference value :  1.34177e-02
 Reference value :  1.34189e-02
 Reference value :  1.34202e-02
 Reference value :  1.34213e-02
 Reference value :  1.34237e-02
 Reference value :  1.34251e-02
 Reference value :  1.34262e-02
 Reference value :  1.34286e-02
 Reference value :  1.34300e-02
 Reference value :  1.34311e-02
 Reference value :  1.34336e-02
 Reference value :  1.34349e-02
 Reference value :  1.34360e-02
 Reference value :  1.34385e-02
 Reference value :  1.34398e-02
 Reference value :  1.34409e-02
 Reference value :  1.34423e-02
 Reference value :  1.34434e-02
 Reference value :  1.34458e-02
 Reference value :  1.34471e-02
 Reference value :  1.34483e-02
 Reference value :  1.34497e-02
 Reference value :  1.34508e-02
 Reference value :  1.34532e-02
 Reference value :  1.34545e-02
 Reference value :  1.34558e-02
 Reference value :  1.34581e-02
 Reference value :  1.34605e-02
 Reference value :  1.34618e-02
 Reference value :  1.34629e-02
 Reference value :  1.34653e-02
 Reference value :  1.34667e-02
 Reference value :  1.34678e-02
 Reference value :  1.34703e-02
 Reference value :  1.34716e-02
 Reference value :  1.34727e-02
 Reference value :  1.34751e-02
 Reference value :  1.34765e-02
 Reference value :  1.34776e-02
 Reference value :  1.34801e-02
 Reference value :  1.34825e-02
 Reference value :  1.34850e-02
 Reference value :  1.34874e-02
 Reference value :  1.34899e-02
 Reference value :  1.34924e-02
 Reference value :  1.34937e-02
 Reference value :  1.34963e-02
 Reference value :  1.34990e-02
 Reference value :  1.35020e-02
 Reference value :  1.35035e-02
 Reference value :  1.35060e-02
 Reference value :  1.35087e-02
 Reference value :  1.35108e-02
 Reference value :  1.35143e-02
 Reference value :  1.35168e-02
 Reference value :  1.35192e-02
 Reference value :  1.35217e-02
 Reference value :  1.35241e-02
 Reference value :  1.35266e-02
 Reference value :  1.35290e-02
 Reference value :  1.35315e-02
 Reference value :  1.35339e-02
 Reference value :  1.35364e-02
 Reference value :  1.35388e-02
 Reference value :  1.35413e-02
 Reference value :  1.35436e-02
 Reference value :  1.35461e-02
 Reference value :  1.35486e-02
 Reference value :  1.35511e-02
 Reference value :  1.35535e-02
 Reference value :  1.35558e-02
 Reference value :  1.35574e-02
 Reference value :  1.35598e-02
 Reference value :  1.35609e-02
 Reference value :  1.35623e-02
 Reference value :  1.35634e-02
 Reference value :  1.35658e-02
 Reference value :  1.35672e-02
 Reference value :  1.35683e-02
 Reference value :  1.35707e-02
 Reference value :  1.35721e-02
 Reference value :  1.35732e-02
 Reference value :  1.35746e-02
 Reference value :  1.35757e-02
 Reference value :  1.35781e-02
 Reference value :  1.35795e-02
 Reference value :  1.35806e-02
 Reference value :  1.35819e-02
 Reference value :  1.35831e-02
 Reference value :  1.35855e-02
 Reference value :  1.35868e-02
 Reference value :  1.35892e-02
 Reference value :  1.35904e-02
 Reference value :  1.35928e-02
 Reference value :  1.35942e-02
 Reference value :  1.35966e-02
 Reference value :  1.35989e-02
 Reference value :  1.36013e-02
 Reference value :  1.36025e-02
 Reference value :  1.36039e-02
 Reference value :  1.36050e-02
 Reference value :  1.36074e-02
 Reference value :  1.36087e-02
 Reference value :  1.36099e-02
 Reference value :  1.36113e-02
 Reference value :  1.36124e-02
 Reference value :  1.36148e-02
 Reference value :  1.36162e-02
 Reference value :  1.36173e-02
 Reference value :  1.36197e-02
 Reference value :  1.36210e-02
 Reference value :  1.36222e-02
 Reference value :  1.36235e-02
 Reference value :  1.36246e-02
 Reference value :  1.36270e-02
 Reference value :  1.36284e-02
 Reference value :  1.36295e-02
 Reference value :  1.36318e-02
 Reference value :  1.36321e-02
 Reference value :  1.36344e-02
 Reference value :  1.36358e-02
 Reference value :  1.36381e-02
 Reference value :  1.36393e-02
 Reference value :  1.36407e-02
 Reference value :  1.36418e-02
 Reference value :  1.36442e-02
 Reference value :  1.36445e-02
 Reference value :  1.36467e-02
 Reference value :  1.36480e-02
 Reference value :  1.36505e-02
 Reference value :  1.36516e-02
 Reference value :  1.36540e-02
 Reference value :  1.36553e-02
 Reference value :  1.36565e-02
 Reference value :  1.36589e-02
 Reference value :  1.36602e-02
 Reference value :  1.36614e-02
 Reference value :  1.36638e-02
 Reference value :  1.36651e-02
 Reference value :  1.36663e-02
 Reference value :  1.36686e-02
 Reference value :  1.36700e-02
 Reference value :  1.36712e-02
 Reference value :  1.36735e-02
 Reference value :  1.36749e-02
 Reference value :  1.36761e-02
 Reference value :  1.36776e-02
 Reference value :  1.36799e-02
 Reference value :  1.36823e-02
 Reference value :  1.36848e-02
 Reference value :  1.36873e-02
 Reference value :  1.36897e-02
 Reference value :  1.36922e-02
 Reference value :  1.36947e-02
 Reference value :  1.36971e-02
 Reference value :  1.36996e-02
 Reference value :  1.37031e-02
 Reference value :  1.37056e-02
 Reference value :  1.37080e-02
 Reference value :  1.37105e-02
 Reference value :  1.37129e-02
 Reference value :  1.37154e-02
 Reference value :  1.37178e-02
 Reference value :  1.37203e-02
 Reference value :  1.37227e-02
 Reference value :  1.37252e-02
 Reference value :  1.37276e-02
 Reference value :  1.37301e-02
 Reference value :  1.37326e-02
 Reference value :  1.37350e-02
 Reference value :  1.37376e-02
 Reference value :  1.37412e-02
 Reference value :  1.37437e-02
 Reference value :  1.37462e-02
 Reference value :  1.37486e-02
 Reference value :  1.37511e-02
 Reference value :  1.37535e-02
 Reference value :  1.37561e-02
 Reference value :  1.37595e-02
 Reference value :  1.37620e-02
 Reference value :  1.37634e-02
 Reference value :  1.37645e-02
 Reference value :  1.37669e-02
 Reference value :  1.37683e-02
 Reference value :  1.37694e-02
 Reference value :  1.37718e-02
 Reference value :  1.37732e-02
 Reference value :  1.37743e-02
 Reference value :  1.37767e-02
 Reference value :  1.37780e-02
 Reference value :  1.37792e-02
 Reference value :  1.37816e-02
 Reference value :  1.37829e-02
 Reference value :  1.37841e-02
 Reference value :  1.37856e-02
 Reference value :  1.37866e-02
 Reference value :  1.37890e-02
 Reference value :  1.37904e-02
 Reference value :  1.37915e-02
 Reference value :  1.37939e-02
 Reference value :  1.37953e-02
 Reference value :  1.37977e-02
 Reference value :  1.37989e-02
 Reference value :  1.38012e-02
 Reference value :  1.38026e-02
 Reference value :  1.38037e-02
 Reference value :  1.38061e-02
 Reference value :  1.38075e-02
 Reference value :  1.38086e-02
 Reference value :  1.38111e-02
 Reference value :  1.38124e-02
 Reference value :  1.38136e-02
 Reference value :  1.38160e-02
 Reference value :  1.38173e-02
 Reference value :  1.38185e-02
 Reference value :  1.38209e-02
 Reference value :  1.38222e-02
 Reference value :  1.38234e-02
 Reference value :  1.38257e-02
 Reference value :  1.38271e-02
 Reference value :  1.38283e-02
 Reference value :  1.38296e-02
 Reference value :  1.38308e-02
 Reference value :  1.38332e-02
 Reference value :  1.38345e-02
 Reference value :  1.38356e-02
 Reference value :  1.38370e-02
 Reference value :  1.38381e-02
 Reference value :  1.38405e-02
 Reference value :  1.38419e-02
 Reference value :  1.38430e-02
 Reference value :  1.38454e-02
 Reference value :  1.38468e-02
 Reference value :  1.38479e-02
 Reference value :  1.38493e-02
 Reference value :  1.38517e-02
 Reference value :  1.38529e-02
 Reference value :  1.38553e-02
 Reference value :  1.38566e-02
 Reference value :  1.38578e-02
 Reference value :  1.38602e-02
 Reference value :  1.38626e-02
 Reference value :  1.38639e-02
 Reference value :  1.38651e-02
 Reference value :  1.38675e-02
 Reference value :  1.38688e-02
 Reference value :  1.38700e-02
 Reference value :  1.38724e-02
 Reference value :  1.38738e-02
 Reference value :  1.38749e-02
 Reference value :  1.38773e-02
 Reference value :  1.38798e-02
 Reference value :  1.38811e-02
 Reference value :  1.38823e-02
 Reference value :  1.38847e-02
 Reference value :  1.38871e-02
 Reference value :  1.38896e-02
 Reference value :  1.38921e-02
 Reference value :  1.38945e-02
 Reference value :  1.38970e-02
 Reference value :  1.38995e-02
 Reference value :  1.39020e-02
 Reference value :  1.39052e-02
 Reference value :  1.39081e-02
 Reference value :  1.39106e-02
 Reference value :  1.39130e-02
 Reference value :  1.39155e-02
 Reference value :  1.39189e-02
 Reference value :  1.39215e-02
 Reference value :  1.39240e-02
 Reference value :  1.39264e-02
 Reference value :  1.39290e-02
 Reference value :  1.39327e-02
 Reference value :  1.39362e-02
 Reference value :  1.39387e-02
 Reference value :  1.39412e-02
 Reference value :  1.39436e-02
 Reference value :  1.39461e-02
 Reference value :  1.39486e-02
 Reference value :  1.39523e-02
 Reference value :  1.39548e-02
 Reference value :  1.39573e-02
 Reference value :  1.39608e-02
 Reference value :  1.39632e-02
 Reference value :  1.39657e-02
 Reference value :  1.39682e-02
 Reference value :  1.39706e-02
 Reference value :  1.39731e-02
 Reference value :  1.39755e-02
 Reference value :  1.39793e-02
 Reference value :  1.39818e-02
 Reference value :  1.39853e-02
 Reference value :  1.39878e-02
 Reference value :  1.39915e-02
 Reference value :  1.39950e-02
 Reference value :  1.39974e-02
 Reference value :  1.39999e-02
 Reference value :  1.40024e-02
 Reference value :  1.40061e-02
 Reference value :  1.40086e-02
 Reference value :  1.40111e-02
 Reference value :  1.40146e-02
 Reference value :  1.40171e-02
 Reference value :  1.40208e-02
 Reference value :  1.40244e-02
 Reference value :  1.40268e-02
 Reference value :  1.40293e-02
 Reference value :  1.40330e-02
 Reference value :  1.40355e-02
 Reference value :  1.40388e-02
 Reference value :  1.40415e-02
 Reference value :  1.40439e-02
 Reference value :  1.40464e-02
 Reference value :  1.40489e-02
 Reference value :  1.40513e-02
 Reference value :  1.40538e-02
 Reference value :  1.40573e-02
 Reference value :  1.40600e-02
 Reference value :  1.40629e-02
 Reference value :  1.40664e-02
 Reference value :  1.40698e-02
 Reference value :  1.40722e-02
 Reference value :  1.40758e-02
 Reference value :  1.40782e-02
 Reference value :  1.40807e-02
 Reference value :  1.40831e-02
 Reference value :  1.40856e-02
 Reference value :  1.40894e-02
 Reference value :  1.40918e-02
 Reference value :  1.40943e-02
 Reference value :  1.40978e-02
 Reference value :  1.41003e-02
 Reference value :  1.41027e-02
 Reference value :  1.41052e-02
 Reference value :  1.41080e-02
 Reference value :  1.41125e-02
 Reference value :  1.41149e-02
 Reference value :  1.41175e-02
 Reference value :  1.41212e-02
 Reference value :  1.41237e-02
 Reference value :  1.41261e-02
 Reference value :  1.41296e-02
 Reference value :  1.41321e-02
 Reference value :  1.41346e-02
 Reference value :  1.41371e-02
 Reference value :  1.41396e-02
 Reference value :  1.41432e-02
 Reference value :  1.41457e-02
 Reference value :  1.41482e-02
 Reference value :  1.41518e-02
 Reference value :  1.41542e-02
 Reference value :  1.41567e-02
 Reference value :  1.41592e-02
 Reference value :  1.41617e-02
 Reference value :  1.41652e-02
 Reference value :  1.41679e-02
 Reference value :  1.41703e-02
 Reference value :  1.41728e-02
 Reference value :  1.41763e-02
 Reference value :  1.41788e-02
 Reference value :  1.41825e-02
 Reference value :  1.41850e-02
 Reference value :  1.41878e-02
 Reference value :  1.41910e-02
 Reference value :  1.41935e-02
 Reference value :  1.41960e-02
 Reference value :  1.41985e-02
 Reference value :  1.42009e-02
 Reference value :  1.42047e-02
 Reference value :  1.42072e-02
 Reference value :  1.42098e-02
 Reference value :  1.42132e-02
 Reference value :  1.42156e-02
 Reference value :  1.42181e-02
 Reference value :  1.42206e-02
 Reference value :  1.42231e-02
 Reference value :  1.42268e-02
 Reference value :  1.42303e-02
 Reference value :  1.42328e-02
 Reference value :  1.42353e-02
 Reference value :  1.42389e-02
 Reference value :  1.42415e-02
 Reference value :  1.42441e-02
 Reference value :  1.42475e-02
 Reference value :  1.42499e-02
 Reference value :  1.42524e-02
 Reference value :  1.42548e-02
 Reference value :  1.42573e-02
 Reference value :  1.42598e-02
 Reference value :  1.42622e-02
 Reference value :  1.42647e-02
 Reference value :  1.42671e-02
 Reference value :  1.42696e-02
 Reference value :  1.42722e-02
 Reference value :  1.42758e-02
 Reference value :  1.42783e-02
 Reference value :  1.42807e-02
 Reference value :  1.42842e-02
 Reference value :  1.42867e-02
 Reference value :  1.42892e-02
 Reference value :  1.42916e-02
 Reference value :  1.42941e-02
 Reference value :  1.42965e-02
 Reference value :  1.42991e-02
 Reference value :  1.43027e-02
 Reference value :  1.43062e-02
 Reference value :  1.43087e-02
 Reference value :  1.43112e-02
 Reference value :  1.43136e-02
 Reference value :  1.43161e-02
 Reference value :  1.43198e-02
 Reference value :  1.43234e-02
 Reference value :  1.43258e-02
 Reference value :  1.43283e-02
 Reference value :  1.43308e-02
 Reference value :  1.43332e-02
 Reference value :  1.43357e-02
 Reference value :  1.43387e-02
 Reference value :  1.43419e-02
 Reference value :  1.43454e-02
 Reference value :  1.43479e-02
 Reference value :  1.43503e-02
 Reference value :  1.43528e-02
 Reference value :  1.43553e-02
 Reference value :  1.43577e-02
 Reference value :  1.43615e-02
 Reference value :  1.43639e-02
 Reference value :  1.43664e-02
 Reference value :  1.43691e-02
 Reference value :  1.43724e-02
 Reference value :  1.43749e-02
 Reference value :  1.43774e-02
 Reference value :  1.43798e-02
 Reference value :  1.43823e-02
 Reference value :  1.43851e-02
 Reference value :  1.43884e-02
 Reference value :  1.43910e-02
 Reference value :  1.43936e-02
 Reference value :  1.43969e-02
 Reference value :  1.43994e-02
 Reference value :  1.44019e-02
 Reference value :  1.44056e-02
 Reference value :  1.44081e-02
 Reference value :  1.44116e-02
 Reference value :  1.44141e-02
 Reference value :  1.44165e-02
 Reference value :  1.44190e-02
 Reference value :  1.44215e-02
 Reference value :  1.44240e-02
 Reference value :  1.44277e-02
 Reference value :  1.44302e-02
 Reference value :  1.44326e-02
 Reference value :  1.44351e-02
 Reference value :  1.44386e-02
 Reference value :  1.44411e-02
 Reference value :  1.44435e-02
 Reference value :  1.44460e-02
 Reference value :  1.44485e-02
 Reference value :  1.44510e-02
 Reference value :  1.44547e-02
 Reference value :  1.44572e-02
 Reference value :  1.44596e-02
 Reference value :  1.44627e-02
 Reference value :  1.44656e-02
 Reference value :  1.44681e-02
 Reference value :  1.44706e-02
 Reference value :  1.44730e-02
 Reference value :  1.44755e-02
 Reference value :  1.44793e-02
 Reference value :  1.44817e-02
 Reference value :  1.44842e-02
 Reference value :  1.44876e-02
 Reference value :  1.44902e-02
 Reference value :  1.44926e-02
 Reference value :  1.44951e-02
 Reference value :  1.44988e-02
 Reference value :  1.45013e-02
 Reference value :  1.45038e-02
 Reference value :  1.45063e-02
 Reference value :  1.45098e-02
 Reference value :  1.45123e-02
 Reference value :  1.45147e-02
 Reference value :  1.45173e-02
 Reference value :  1.45197e-02
 Reference value :  1.45234e-02
 Reference value :  1.45259e-02
 Reference value :  1.45284e-02
 Reference value :  1.45319e-02
 Reference value :  1.45344e-02
 Reference value :  1.45381e-02
 Reference value :  1.45406e-02
 Reference value :  1.45431e-02
 Reference value :  1.45466e-02
 Reference value :  1.45490e-02
 Reference value :  1.45515e-02
 Reference value :  1.45540e-02
 Reference value :  1.45577e-02
 Reference value :  1.45602e-02
 Reference value :  1.45637e-02
 Reference value :  1.45662e-02
 Reference value :  1.45687e-02
 Reference value :  1.45712e-02
 Reference value :  1.45737e-02
 Reference value :  1.45774e-02
 Reference value :  1.45809e-02
 Reference value :  1.45833e-02
 Reference value :  1.45858e-02
 Reference value :  1.45883e-02
 Reference value :  1.45920e-02
 Reference value :  1.45956e-02
 Reference value :  1.45980e-02
 Reference value :  1.46005e-02
 Reference value :  1.46030e-02
 Reference value :  1.46067e-02
 Reference value :  1.46092e-02
 Reference value :  1.46117e-02
 Reference value :  1.46143e-02
 Reference value :  1.46177e-02
 Reference value :  1.46201e-02
 Reference value :  1.46226e-02
 Reference value :  1.46251e-02
 Reference value :  1.46276e-02
 Reference value :  1.46313e-02
 Reference value :  1.46338e-02
 Reference value :  1.46363e-02
 Reference value :  1.46398e-02
 Reference value :  1.46422e-02
 Reference value :  1.46458e-02
 Reference value :  1.46484e-02
 Reference value :  1.46509e-02
 Reference value :  1.46534e-02
 Reference value :  1.46559e-02
 Reference value :  1.46594e-02
 Reference value :  1.46618e-02
 Reference value :  1.46643e-02
 Reference value :  1.46681e-02
 Reference value :  1.46716e-02
 Reference value :  1.46740e-02
 Reference value :  1.46765e-02
 Reference value :  1.46790e-02
 Reference value :  1.46815e-02
 Reference value :  1.46852e-02
 Reference value :  1.46877e-02
 Reference value :  1.46902e-02
 Reference value :  1.46937e-02
 Reference value :  1.46962e-02
 Reference value :  1.46999e-02
 Reference value :  1.47024e-02
 Reference value :  1.47058e-02
 Reference value :  1.47084e-02
 Reference value :  1.47108e-02
 Reference value :  1.47133e-02
 Reference value :  1.47158e-02
 Reference value :  1.47182e-02
 Reference value :  1.47220e-02
 Reference value :  1.47245e-02
 Reference value :  1.47280e-02
 Reference value :  1.47305e-02
 Reference value :  1.47329e-02
 Reference value :  1.47354e-02
 Reference value :  1.47392e-02
 Reference value :  1.47416e-02
 Reference value :  1.47444e-02
 Reference value :  1.47466e-02
 Reference value :  1.47501e-02
 Reference value :  1.47525e-02
 Reference value :  1.47550e-02
 Reference value :  1.47588e-02
 Reference value :  1.47613e-02
 Reference value :  1.47648e-02
 Reference value :  1.47672e-02
 Reference value :  1.47697e-02
 Reference value :  1.47722e-02
 Reference value :  1.47747e-02
 Reference value :  1.47772e-02
 Reference value :  1.47809e-02
 Reference value :  1.47834e-02
 Reference value :  1.47869e-02
 Reference value :  1.47893e-02
 Reference value :  1.47918e-02
 Reference value :  1.47943e-02
 Reference value :  1.47967e-02
 Reference value :  1.47992e-02
 Reference value :  1.48016e-02
 Reference value :  1.48041e-02
 Reference value :  1.48079e-02
 Reference value :  1.48103e-02
 Reference value :  1.48138e-02
 Reference value :  1.48163e-02
 Reference value :  1.48186e-02
 Reference value :  1.48212e-02
 Reference value :  1.48237e-02
 Reference value :  1.48262e-02
 Reference value :  1.48287e-02
 Reference value :  1.48323e-02
 Reference value :  1.48348e-02
 Reference value :  1.48383e-02
 Reference value :  1.48408e-02
 Reference value :  1.48432e-02
 Reference value :  1.48457e-02
 Reference value :  1.48482e-02
 Reference value :  1.48519e-02
 Reference value :  1.48553e-02
 Reference value :  1.48579e-02
 Reference value :  1.48603e-02
 Reference value :  1.48628e-02
 Reference value :  1.48652e-02
 Reference value :  1.48677e-02
 Reference value :  1.48702e-02
 Reference value :  1.48726e-02
 Reference value :  1.48751e-02
 Reference value :  1.48775e-02
 Reference value :  1.48800e-02
 Reference value :  1.48825e-02
 Reference value :  1.48849e-02
 Reference value :  1.48874e-02
 Reference value :  1.48899e-02
 Reference value :  1.48923e-02
 Reference value :  1.48961e-02
 Reference value :  1.48985e-02
 Reference value :  1.49010e-02
 Reference value :  1.49034e-02
 Reference value :  1.49068e-02
 Reference value :  1.49094e-02
 Reference value :  1.49119e-02
 Reference value :  1.49144e-02
 Reference value :  1.49168e-02
 Reference value :  1.49193e-02
 Reference value :  1.49230e-02
 Reference value :  1.49265e-02
 Reference value :  1.49290e-02
 Reference value :  1.49315e-02
 Reference value :  1.49352e-02
 Reference value :  1.49377e-02
 Reference value :  1.49412e-02
 Reference value :  1.49436e-02
 Reference value :  1.49461e-02
 Reference value :  1.49486e-02
 Reference value :  1.49521e-02
 Reference value :  1.49548e-02
 Reference value :  1.49583e-02
 Reference value :  1.49608e-02
 Reference value :  1.49645e-02
 Reference value :  1.49670e-02
 Reference value :  1.49694e-02
 Reference value :  1.49720e-02
 Reference value :  1.49754e-02
 Reference value :  1.49779e-02
 Reference value :  1.49804e-02
 Reference value :  1.49841e-02
 Reference value :  1.49866e-02
 Reference value :  1.49901e-02
 Reference value :  1.49925e-02
 Reference value :  1.49950e-02
 Reference value :  1.49975e-02
 Reference value :  1.50000e-02
 Reference value :  1.50037e-02
 Reference value :  1.50072e-02
 Reference value :  1.50110e-02
 Reference value :  1.50145e-02
 Reference value :  1.50169e-02
 Reference value :  1.50194e-02
 Reference value :  1.50219e-02
 Reference value :  1.50243e-02
 Reference value :  1.50268e-02
 Reference value :  1.50293e-02
 Reference value :  1.50318e-02
 Reference value :  1.50355e-02
 Reference value :  1.50380e-02
 Reference value :  1.50404e-02
 Reference value :  1.50439e-02
 Reference value :  1.50464e-02
 Reference value :  1.50489e-02
 Reference value :  1.50514e-02
 Reference value :  1.50551e-02
 Reference value :  1.50586e-02
 Reference value :  1.50610e-02
 Reference value :  1.50635e-02
 Reference value :  1.50660e-02
 Reference value :  1.50684e-02
 Reference value :  1.50722e-02
 Reference value :  1.50757e-02
 Reference value :  1.50782e-02
 Reference value :  1.50806e-02
 Reference value :  1.50831e-02
 Reference value :  1.50856e-02
 Reference value :  1.50880e-02
 Reference value :  1.50906e-02
 Reference value :  1.50942e-02
 Reference value :  1.50967e-02
 Reference value :  1.50992e-02
 Reference value :  1.51017e-02
 Reference value :  1.51042e-02
 Reference value :  1.51076e-02
 Reference value :  1.51101e-02
 Reference value :  1.51125e-02
 Reference value :  1.51151e-02
 Reference value :  1.51187e-02
 Reference value :  1.51222e-02
 Reference value :  1.51247e-02
 Reference value :  1.51272e-02
 Reference value :  1.51297e-02
 Reference value :  1.51333e-02
 Reference value :  1.51358e-02
 Reference value :  1.51383e-02
 Reference value :  1.51408e-02
 Reference value :  1.51433e-02
 Reference value :  1.51467e-02
 Reference value :  1.51493e-02
 Reference value :  1.51530e-02
 Reference value :  1.51564e-02
 Reference value :  1.51589e-02
 Reference value :  1.51627e-02
 Reference value :  1.51651e-02
 Reference value :  1.51686e-02
 Reference value :  1.51711e-02
 Reference value :  1.51748e-02
 Reference value :  1.51773e-02
 Reference value :  1.51808e-02
 Reference value :  1.51833e-02
 Reference value :  1.51857e-02
 Reference value :  1.51895e-02
 Reference value :  1.51920e-02
 Reference value :  1.51945e-02
 Reference value :  1.51969e-02
 Reference value :  1.51995e-02
 Reference value :  1.52029e-02
 Reference value :  1.52054e-02
 Reference value :  1.52090e-02
 Reference value :  1.52108e-02
 Reference value :  1.52127e-02
 Reference value :  1.52152e-02
 Reference value :  1.52176e-02
 Reference value :  1.52201e-02
 Reference value :  1.52225e-02
 Reference value :  1.52250e-02
 Reference value :  1.52274e-02
 Reference value :  1.52299e-02
 Reference value :  1.52324e-02
 Reference value :  1.52348e-02
 Reference value :  1.52384e-02
 Reference value :  1.52409e-02
 Reference value :  1.52434e-02
 Reference value :  1.52458e-02
 Reference value :  1.52471e-02
 Reference value :  1.52508e-02
 Reference value :  1.52532e-02
 Reference value :  1.52557e-02
 Reference value :  1.52582e-02
 Reference value :  1.52606e-02
 Reference value :  1.52618e-02
 Reference value :  1.52655e-02
 Reference value :  1.52680e-02
 Reference value :  1.52704e-02
 Reference value :  1.52729e-02
 Reference value :  1.52753e-02
 Reference value :  1.52778e-02
 Reference value :  1.52812e-02
 Reference value :  1.52837e-02
 Reference value :  1.52862e-02
 Reference value :  1.52886e-02
 Reference value :  1.52910e-02
 Reference value :  1.52935e-02
 Reference value :  1.52959e-02
 Reference value :  1.52984e-02
 Reference value :  1.53008e-02
 Reference value :  1.53022e-02
 Reference value :  1.53047e-02
 Reference value :  1.53071e-02
 Reference value :  1.53096e-02
 Reference value :  1.53120e-02
 Reference value :  1.53145e-02
 Reference value :  1.53169e-02
 Reference value :  1.53193e-02
 Reference value :  1.53218e-02
 Reference value :  1.53245e-02
 Reference value :  1.53277e-02
 Reference value :  1.53291e-02
 Reference value :  1.53316e-02
 Reference value :  1.53340e-02
 Reference value :  1.53365e-02
 Reference value :  1.53389e-02
 Reference value :  1.53414e-02
 Reference value :  1.53440e-02
 Reference value :  1.53463e-02
 Reference value :  1.53498e-02
 Reference value :  1.53522e-02
 Reference value :  1.53537e-02
 Reference value :  1.53561e-02
 Reference value :  1.53585e-02
 Reference value :  1.53610e-02
 Reference value :  1.53643e-02
 Reference value :  1.53668e-02
 Reference value :  1.53694e-02
 Reference value :  1.53718e-02
 Reference value :  1.53743e-02
 Reference value :  1.53768e-02
 Reference value :  1.53792e-02
 Reference value :  1.53817e-02
 Reference value :  1.53841e-02
 Reference value :  1.53866e-02
 Reference value :  1.53891e-02
 Reference value :  1.53915e-02
 Reference value :  1.53940e-02
 Reference value :  1.53977e-02
 Reference value :  1.54002e-02
 Reference value :  1.54026e-02
 Reference value :  1.54050e-02
 Reference value :  1.54075e-02
 Reference value :  1.54100e-02
 Reference value :  1.54133e-02
 Reference value :  1.54159e-02
 Reference value :  1.54182e-02
 Reference value :  1.54208e-02
 Reference value :  1.54233e-02
 Reference value :  1.54258e-02
 Reference value :  1.54294e-02
 Reference value :  1.54320e-02
 Reference value :  1.54344e-02
 Reference value :  1.54370e-02
 Reference value :  1.54394e-02
 Reference value :  1.54418e-02
 Reference value :  1.54443e-02
 Reference value :  1.54467e-02
 Reference value :  1.54492e-02
 Reference value :  1.54527e-02
 Reference value :  1.54550e-02
 Reference value :  1.54576e-02
 Reference value :  1.54601e-02
 Reference value :  1.54625e-02
 Reference value :  1.54649e-02
 Reference value :  1.54674e-02
 Reference value :  1.54711e-02
 Reference value :  1.54736e-02
 Reference value :  1.54760e-02
 Reference value :  1.54785e-02
 Reference value :  1.54810e-02
 Reference value :  1.54844e-02
 Reference value :  1.54869e-02
 Reference value :  1.54894e-02
 Reference value :  1.54930e-02
 Reference value :  1.54955e-02
 Reference value :  1.54980e-02
 Reference value :  1.55015e-02
 Reference value :  1.55039e-02
 Reference value :  1.55064e-02
 Reference value :  1.55088e-02
 Reference value :  1.55113e-02
 Reference value :  1.55138e-02
 Reference value :  1.55176e-02
 Reference value :  1.55210e-02
 Reference value :  1.55234e-02
 Reference value :  1.55259e-02
 Reference value :  1.55284e-02
 Reference value :  1.55308e-02
 Reference value :  1.55332e-02
 Reference value :  1.55357e-02
 Reference value :  1.55381e-02
 Reference value :  1.55406e-02
 Reference value :  1.55430e-02
 Reference value :  1.55455e-02
 Reference value :  1.55479e-02
 Reference value :  1.55517e-02
 Reference value :  1.55541e-02
 Reference value :  1.55566e-02
 Reference value :  1.55591e-02
 Reference value :  1.55615e-02
 Reference value :  1.55640e-02
 Reference value :  1.55664e-02
 Reference value :  1.55676e-02
 Reference value :  1.55701e-02
 Reference value :  1.55726e-02
 Reference value :  1.55762e-02
 Reference value :  1.55786e-02
 Reference value :  1.55810e-02
 Reference value :  1.55823e-02
 Reference value :  1.55847e-02
 Reference value :  1.55871e-02
 Reference value :  1.55896e-02
 Reference value :  1.55910e-02
 Reference value :  1.55944e-02
 Reference value :  1.55969e-02
 Reference value :  1.55993e-02
 Reference value :  1.56018e-02
 Reference value :  1.56042e-02
 Reference value :  1.56067e-02
 Reference value :  1.56092e-02
 Reference value :  1.56116e-02
 Reference value :  1.56141e-02
 Reference value :  1.56165e-02
 Reference value :  1.56190e-02
 Reference value :  1.56214e-02
 Reference value :  1.56239e-02
 Reference value :  1.56264e-02
 Reference value :  1.56288e-02
 Reference value :  1.56313e-02
 Reference value :  1.56338e-02
 Reference value :  1.56375e-02
 Reference value :  1.56399e-02
 Reference value :  1.56424e-02
 Reference value :  1.56449e-02
 Reference value :  1.56483e-02
 Reference value :  1.56508e-02
 Reference value :  1.56534e-02
 Reference value :  1.56571e-02
 Reference value :  1.56595e-02
 Reference value :  1.56620e-02
 Reference value :  1.56655e-02
 Reference value :  1.56680e-02
 Reference value :  1.56705e-02
 Reference value :  1.56729e-02
 Reference value :  1.56757e-02
 Reference value :  1.56791e-02
 Reference value :  1.56816e-02
 Reference value :  1.56840e-02
 Reference value :  1.56865e-02
 Reference value :  1.56901e-02
 Reference value :  1.56926e-02
 Reference value :  1.56963e-02
 Reference value :  1.56988e-02
 Reference value :  1.57022e-02
 Reference value :  1.57047e-02
 Reference value :  1.57072e-02
 Reference value :  1.57096e-02
 Reference value :  1.57120e-02
 Reference value :  1.57145e-02
 Reference value :  1.57169e-02
 Reference value :  1.57194e-02
 Reference value :  1.57219e-02
 Reference value :  1.57243e-02
 Reference value :  1.57269e-02
 Reference value :  1.57297e-02
 Reference value :  1.57330e-02
 Reference value :  1.57365e-02
 Reference value :  1.57390e-02
 Reference value :  1.57415e-02
 Reference value :  1.57452e-02
 Reference value :  1.57479e-02
 Reference value :  1.57512e-02
 Reference value :  1.57536e-02
 Reference value :  1.57573e-02
 Reference value :  1.57599e-02
 Reference value :  1.57623e-02
 Reference value :  1.57648e-02
 Reference value :  1.57673e-02
 Reference value :  1.57708e-02
 Reference value :  1.57732e-02
 Reference value :  1.57757e-02
 Reference value :  1.57781e-02
 Reference value :  1.57808e-02
 Reference value :  1.57831e-02
 Reference value :  1.57856e-02
 Reference value :  1.57880e-02
 Reference value :  1.57918e-02
 Reference value :  1.57942e-02
 Reference value :  1.57977e-02
 Reference value :  1.58002e-02
 Reference value :  1.58026e-02
 Reference value :  1.58051e-02
 Reference value :  1.58089e-02
 Reference value :  1.58113e-02
 Reference value :  1.58138e-02
 Reference value :  1.58163e-02
 Reference value :  1.58198e-02
 Reference value :  1.58223e-02
 Reference value :  1.58259e-02
 Reference value :  1.58285e-02
 Reference value :  1.58320e-02
 Reference value :  1.58344e-02
 Reference value :  1.58369e-02
 Reference value :  1.58407e-02
 Reference value :  1.58432e-02
 Reference value :  1.58465e-02
 Reference value :  1.58491e-02
 Reference value :  1.58516e-02
 Reference value :  1.58540e-02
 Reference value :  1.58565e-02
 Reference value :  1.58590e-02
 Reference value :  1.58614e-02
 Reference value :  1.58652e-02
 Reference value :  1.58677e-02
 Reference value :  1.58712e-02
 Reference value :  1.58736e-02
 Reference value :  1.58761e-02
 Reference value :  1.58799e-02
 Reference value :  1.58824e-02
 Reference value :  1.58857e-02
 Reference value :  1.58883e-02
 Reference value :  1.58908e-02
 Reference value :  1.58933e-02
 Reference value :  1.58970e-02
 Reference value :  1.58995e-02
 Reference value :  1.59030e-02
 Reference value :  1.59055e-02
 Reference value :  1.59079e-02
 Reference value :  1.59117e-02
 Reference value :  1.59143e-02
 Reference value :  1.59177e-02
 Reference value :  1.59214e-02
 Reference value :  1.59239e-02
 Reference value :  1.59270e-02
 Reference value :  1.59288e-02
 Reference value :  1.59313e-02
 Reference value :  1.59348e-02
 Reference value :  1.59372e-02
 Reference value :  1.59397e-02
 Reference value :  1.59422e-02
 Reference value :  1.59446e-02
 Reference value :  1.59484e-02
 Reference value :  1.59508e-02
 Reference value :  1.59533e-02
 Reference value :  1.59557e-02
 Reference value :  1.59582e-02
 Reference value :  1.59617e-02
 Reference value :  1.59641e-02
 Reference value :  1.59678e-02
 Reference value :  1.59703e-02
 Reference value :  1.59738e-02
 Reference value :  1.59761e-02
 Reference value :  1.59785e-02
 Reference value :  1.59810e-02
 Reference value :  1.59836e-02
 Reference value :  1.59860e-02
 Reference value :  1.59885e-02
 Reference value :  1.59909e-02
 Reference value :  1.59934e-02
 Reference value :  1.59959e-02
 Reference value :  1.59983e-02
 Reference value :  1.60020e-02
 Reference value :  1.60046e-02
 Reference value :  1.60070e-02
 Reference value :  1.60095e-02
 Reference value :  1.60119e-02
 Reference value :  1.60155e-02
 Reference value :  1.60179e-02
 Reference value :  1.60204e-02
 Reference value :  1.60229e-02
 Reference value :  1.60265e-02
 Reference value :  1.60291e-02
 Reference value :  1.60317e-02
 Reference value :  1.60351e-02
 Reference value :  1.60375e-02
 Reference value :  1.60400e-02
 Reference value :  1.60424e-02
 Reference value :  1.60462e-02
 Reference value :  1.60487e-02
 Reference value :  1.60522e-02
 Reference value :  1.60546e-02
 Reference value :  1.60571e-02
 Reference value :  1.60595e-02
 Reference value :  1.60620e-02
 Reference value :  1.60658e-02
 Reference value :  1.60683e-02
 Reference value :  1.60718e-02
 Reference value :  1.60742e-02
 Reference value :  1.60767e-02
 Reference value :  1.60791e-02
 Reference value :  1.60816e-02
 Reference value :  1.60840e-02
 Reference value :  1.60878e-02
 Reference value :  1.60902e-02
 Reference value :  1.60927e-02
 Reference value :  1.60952e-02
 Reference value :  1.60987e-02
 Reference value :  1.61011e-02
 Reference value :  1.61049e-02
 Reference value :  1.61084e-02
 Reference value :  1.61109e-02
 Reference value :  1.61134e-02
 Reference value :  1.61171e-02
 Reference value :  1.61195e-02
 Reference value :  1.61220e-02
 Reference value :  1.61255e-02
 Reference value :  1.61280e-02
 Reference value :  1.61317e-02
 Reference value :  1.61342e-02
 Reference value :  1.61377e-02
 Reference value :  1.61402e-02
 Reference value :  1.61426e-02
 Reference value :  1.61451e-02
 Reference value :  1.61475e-02
 Reference value :  1.61513e-02
 Reference value :  1.61538e-02
 Reference value :  1.61573e-02
 Reference value :  1.61598e-02
 Reference value :  1.61623e-02
 Reference value :  1.61648e-02
 Reference value :  1.61685e-02
 Reference value :  1.61709e-02
 Reference value :  1.61744e-02
 Reference value :  1.61768e-02
 Reference value :  1.61793e-02
 Reference value :  1.61830e-02
 Reference value :  1.61854e-02
 Reference value :  1.61879e-02
 Reference value :  1.61904e-02
 Reference value :  1.61938e-02
 Reference value :  1.61953e-02
 Reference value :  1.61988e-02
 Reference value :  1.62012e-02
 Reference value :  1.62037e-02
 Reference value :  1.62062e-02
 Reference value :  1.62087e-02
 Reference value :  1.62124e-02
 Reference value :  1.62149e-02
 Reference value :  1.62183e-02
 Reference value :  1.62208e-02
 Reference value :  1.62233e-02
 Reference value :  1.62257e-02
 Reference value :  1.62282e-02
 Reference value :  1.62318e-02
 Reference value :  1.62344e-02
 Reference value :  1.62377e-02
 Reference value :  1.62400e-02
 Reference value :  1.62427e-02
 Reference value :  1.62453e-02
 Reference value :  1.62477e-02
 Reference value :  1.62501e-02
 Reference value :  1.62526e-02
 Reference value :  1.62551e-02
 Reference value :  1.62575e-02
 Reference value :  1.62602e-02
 Reference value :  1.62637e-02
 Reference value :  1.62670e-02
 Reference value :  1.62697e-02
 Reference value :  1.62721e-02
 Reference value :  1.62756e-02
 Reference value :  1.62783e-02
 Reference value :  1.62818e-02
 Reference value :  1.62841e-02
 Reference value :  1.62866e-02
 Reference value :  1.62882e-02
 Reference value :  1.62906e-02
 Reference value :  1.62931e-02
 Reference value :  1.62964e-02
 Reference value :  1.62990e-02
 Reference value :  1.63015e-02
 Reference value :  1.63039e-02
 Reference value :  1.63064e-02
 Reference value :  1.63088e-02
 Reference value :  1.63126e-02
 Reference value :  1.63151e-02
 Reference value :  1.63175e-02
 Reference value :  1.63200e-02
 Reference value :  1.63235e-02
 Reference value :  1.63260e-02
 Reference value :  1.63297e-02
 Reference value :  1.63321e-02
 Reference value :  1.63356e-02
 Reference value :  1.63381e-02
 Reference value :  1.63406e-02
 Reference value :  1.63443e-02
 Reference value :  1.63468e-02
 Reference value :  1.63493e-02
 Reference value :  1.63517e-02
 Reference value :  1.63552e-02
 Reference value :  1.63577e-02
 Reference value :  1.63602e-02
 Reference value :  1.63626e-02
 Reference value :  1.63651e-02
 Reference value :  1.63676e-02
 Reference value :  1.63713e-02
 Reference value :  1.63737e-02
 Reference value :  1.63762e-02
 Reference value :  1.63797e-02
 Reference value :  1.63821e-02
 Reference value :  1.63846e-02
 Reference value :  1.63870e-02
 Reference value :  1.63908e-02
 Reference value :  1.63932e-02
 Reference value :  1.63967e-02
 Reference value :  1.63991e-02
 Reference value :  1.64016e-02
 Reference value :  1.64041e-02
 Reference value :  1.64078e-02
 Reference value :  1.64103e-02
 Reference value :  1.64127e-02
 Reference value :  1.64162e-02
 Reference value :  1.64187e-02
 Reference value :  1.64224e-02
 Reference value :  1.64249e-02
 Reference value :  1.64274e-02
 Reference value :  1.64299e-02
 Reference value :  1.64323e-02
 Reference value :  1.64358e-02
 Reference value :  1.64383e-02
 Reference value :  1.64406e-02
 Reference value :  1.64432e-02
 Reference value :  1.64456e-02
 Reference value :  1.64487e-02
 Reference value :  1.64518e-02
 Reference value :  1.64543e-02
 Reference value :  1.64568e-02
 Reference value :  1.64593e-02
 Reference value :  1.64628e-02
 Reference value :  1.64652e-02
 Reference value :  1.64678e-02
 Reference value :  1.64714e-02
 Reference value :  1.64738e-02
 Reference value :  1.64773e-02
 Reference value :  1.64798e-02
 Reference value :  1.64822e-02
 Reference value :  1.64847e-02
 Reference value :  1.64874e-02
 Reference value :  1.64910e-02
 Reference value :  1.64944e-02
 Reference value :  1.64969e-02
 Reference value :  1.64994e-02
 Reference value :  1.65019e-02
 Reference value :  1.65056e-02
 Reference value :  1.65081e-02
 Reference value :  1.65116e-02
 Reference value :  1.65142e-02
 Reference value :  1.65167e-02
 Reference value :  1.65204e-02
 Reference value :  1.65228e-02
 Reference value :  1.65263e-02
 Reference value :  1.65288e-02
 Reference value :  1.65312e-02
 Reference value :  1.65349e-02
 Reference value :  1.65374e-02
 Reference value :  1.65410e-02
 Reference value :  1.65434e-02
 Reference value :  1.65470e-02
 Reference value :  1.65496e-02
 Reference value :  1.65532e-02
 Reference value :  1.65556e-02
 Reference value :  1.65581e-02
 Reference value :  1.65606e-02
 Reference value :  1.65630e-02
 Reference value :  1.65666e-02
 Reference value :  1.65693e-02
 Reference value :  1.65718e-02
 Reference value :  1.65752e-02
 Reference value :  1.65777e-02
 Reference value :  1.65801e-02
 Reference value :  1.65826e-02
 Reference value :  1.65851e-02
 Reference value :  1.65875e-02
 Reference value :  1.65900e-02
 Reference value :  1.65937e-02
 Reference value :  1.65962e-02
 Reference value :  1.65987e-02
 Reference value :  1.66012e-02
 Reference value :  1.66036e-02
 Reference value :  1.66071e-02
 Reference value :  1.66096e-02
 Reference value :  1.66133e-02
 Reference value :  1.66169e-02
 Reference value :  1.66194e-02
 Reference value :  1.66231e-02
 Reference value :  1.66266e-02
 Reference value :  1.66291e-02
 Reference value :  1.66316e-02
 Reference value :  1.66351e-02
 Reference value :  1.66386e-02
 Reference value :  1.66413e-02
 Reference value :  1.66437e-02
 Reference value :  1.66475e-02
 Reference value :  1.66510e-02
 Reference value :  1.66535e-02
 Reference value :  1.66559e-02
 Reference value :  1.66597e-02
 Reference value :  1.66622e-02
 Reference value :  1.66647e-02
 Reference value :  1.66673e-02
 Reference value :  1.66706e-02
 Reference value :  1.66743e-02
 Reference value :  1.66768e-02
 Reference value :  1.66803e-02
 Reference value :  1.66828e-02
 Reference value :  1.66852e-02
 Reference value :  1.66890e-02
 Reference value :  1.66925e-02
 Reference value :  1.66950e-02
 Reference value :  1.66988e-02
 Reference value :  1.67023e-02
 Reference value :  1.67059e-02
 Reference value :  1.67085e-02
 Reference value :  1.67120e-02
 Reference value :  1.67145e-02
 Reference value :  1.67183e-02
 Reference value :  1.67217e-02
 Reference value :  1.67242e-02
 Reference value :  1.67279e-02
 Reference value :  1.67305e-02
 Reference value :  1.67340e-02
 Reference value :  1.67365e-02
 Reference value :  1.67389e-02
 Reference value :  1.67427e-02
 Reference value :  1.67462e-02
 Reference value :  1.67500e-02
 Reference value :  1.67524e-02
 Reference value :  1.67559e-02
 Reference value :  1.67584e-02
 Reference value :  1.67609e-02
 Reference value :  1.67645e-02
 Reference value :  1.67671e-02
 Reference value :  1.67696e-02
 Reference value :  1.67721e-02
 Reference value :  1.67746e-02
 Reference value :  1.67781e-02
 Reference value :  1.67805e-02
 Reference value :  1.67843e-02
 Reference value :  1.67868e-02
 Reference value :  1.67892e-02
 Reference value :  1.67919e-02
 Reference value :  1.67952e-02
 Reference value :  1.67977e-02
 Reference value :  1.68001e-02
 Reference value :  1.68039e-02
 Reference value :  1.68072e-02
 Reference value :  1.68098e-02
 Reference value :  1.68123e-02
 Reference value :  1.68148e-02
 Reference value :  1.68172e-02
 Reference value :  1.68210e-02
 Reference value :  1.68237e-02
 Reference value :  1.68268e-02
 Reference value :  1.68294e-02
 Reference value :  1.68318e-02
 Reference value :  1.68343e-02
 Reference value :  1.68368e-02
 Reference value :  1.68392e-02
 Reference value :  1.68417e-02
 Reference value :  1.68453e-02
 Reference value :  1.68479e-02
 Reference value :  1.68504e-02
 Reference value :  1.68537e-02
 Reference value :  1.68563e-02
 Reference value :  1.68588e-02
 Reference value :  1.68613e-02
 Reference value :  1.68637e-02
 Reference value :  1.68675e-02
 Reference value :  1.68699e-02
 Reference value :  1.68724e-02
 Reference value :  1.68759e-02
 Reference value :  1.68773e-02
 Reference value :  1.68808e-02
 Reference value :  1.68833e-02
 Reference value :  1.68857e-02
 Reference value :  1.68882e-02
 Reference value :  1.68906e-02
 Reference value :  1.68931e-02
 Reference value :  1.68958e-02
 Reference value :  1.68993e-02
 Reference value :  1.69017e-02
 Reference value :  1.69042e-02
 Reference value :  1.69067e-02
 Reference value :  1.69091e-02
 Reference value :  1.69116e-02
 Reference value :  1.69151e-02
 Reference value :  1.69175e-02
 Reference value :  1.69200e-02
 Reference value :  1.69224e-02
 Reference value :  1.69249e-02
 Reference value :  1.69273e-02
 Reference value :  1.69304e-02
 Reference value :  1.69323e-02
 Reference value :  1.69360e-02
 Reference value :  1.69395e-02
 Reference value :  1.69420e-02
 Reference value :  1.69444e-02
 Reference value :  1.69471e-02
 Reference value :  1.69507e-02
 Reference value :  1.69541e-02
 Reference value :  1.69566e-02
 Reference value :  1.69591e-02
 Reference value :  1.69628e-02
 Reference value :  1.69653e-02
 Reference value :  1.69678e-02
 Reference value :  1.69702e-02
 Reference value :  1.69727e-02
 Reference value :  1.69762e-02
 Reference value :  1.69796e-02
 Reference value :  1.69824e-02
 Reference value :  1.69859e-02
 Reference value :  1.69883e-02
 Reference value :  1.69908e-02
 Reference value :  1.69932e-02
 Reference value :  1.69957e-02
 Reference value :  1.69981e-02
 Reference value :  1.70006e-02
 Reference value :  1.70043e-02
 Reference value :  1.70068e-02
 Reference value :  1.70102e-02
 Reference value :  1.70127e-02
 Reference value :  1.70152e-02
 Reference value :  1.70177e-02
 Reference value :  1.70214e-02
 Reference value :  1.70238e-02
 Reference value :  1.70266e-02
 Reference value :  1.70298e-02
 Reference value :  1.70323e-02
 Reference value :  1.70361e-02
 Reference value :  1.70385e-02
 Reference value :  1.70413e-02
 Reference value :  1.70445e-02
 Reference value :  1.70473e-02
 Reference value :  1.70508e-02
 Reference value :  1.70543e-02
 Reference value :  1.70567e-02
 Reference value :  1.70592e-02
 Reference value :  1.70629e-02
 Reference value :  1.70665e-02
 Reference value :  1.70690e-02
 Reference value :  1.70727e-02
 Reference value :  1.70752e-02
 Reference value :  1.70786e-02
 Reference value :  1.70811e-02
 Reference value :  1.70836e-02
 Reference value :  1.70861e-02
 Reference value :  1.70885e-02
 Reference value :  1.70923e-02
 Reference value :  1.70948e-02
 Reference value :  1.70983e-02
 Reference value :  1.71007e-02
 Reference value :  1.71045e-02
 Reference value :  1.71070e-02
 Reference value :  1.71094e-02
 Reference value :  1.71119e-02
 Reference value :  1.71153e-02
 Reference value :  1.71168e-02
 Reference value :  1.71192e-02
 Reference value :  1.71227e-02
 Reference value :  1.71252e-02
 Reference value :  1.71277e-02
 Reference value :  1.71315e-02
 Reference value :  1.71350e-02
 Reference value :  1.71375e-02
 Reference value :  1.71400e-02
 Reference value :  1.71437e-02
 Reference value :  1.71462e-02
 Reference value :  1.71497e-02
 Reference value :  1.71533e-02
 Reference value :  1.71559e-02
 Reference value :  1.71595e-02
 Reference value :  1.71620e-02
 Reference value :  1.71657e-02
 Reference value :  1.71682e-02
 Reference value :  1.71717e-02
 Reference value :  1.71742e-02
 Reference value :  1.71777e-02
 Reference value :  1.71804e-02
 Reference value :  1.71838e-02
 Reference value :  1.71863e-02
 Reference value :  1.71888e-02
 Reference value :  1.71925e-02
 Reference value :  1.71960e-02
 Reference value :  1.71985e-02
 Reference value :  1.72022e-02
 Reference value :  1.72047e-02
 Reference value :  1.72082e-02
 Reference value :  1.72107e-02
 Reference value :  1.72145e-02
 Reference value :  1.72180e-02
 Reference value :  1.72205e-02
 Reference value :  1.72243e-02
 Reference value :  1.72267e-02
 Reference value :  1.72302e-02
 Reference value :  1.72326e-02
 Reference value :  1.72363e-02
 Reference value :  1.72389e-02
 Reference value :  1.72424e-02
 Reference value :  1.72449e-02
 Reference value :  1.72486e-02
 Reference value :  1.72511e-02
 Reference value :  1.72546e-02
 Reference value :  1.72572e-02
 Reference value :  1.72609e-02
 Reference value :  1.72644e-02
 Reference value :  1.72668e-02
 Reference value :  1.72693e-02
 Reference value :  1.72730e-02
 Reference value :  1.72756e-02
 Reference value :  1.72780e-02
 Reference value :  1.72815e-02
 Reference value :  1.72840e-02
 Reference value :  1.72877e-02
 Reference value :  1.72902e-02
 Reference value :  1.72935e-02
 Reference value :  1.72962e-02
 Reference value :  1.72986e-02
 Reference value :  1.73011e-02
 Reference value :  1.73036e-02
 Reference value :  1.73060e-02
 Reference value :  1.73085e-02
 Reference value :  1.73123e-02
 Reference value :  1.73158e-02
 Reference value :  1.73183e-02
 Reference value :  1.73220e-02
 Reference value :  1.73245e-02
 Reference value :  1.73280e-02
 Reference value :  1.73304e-02
 Reference value :  1.73342e-02
 Reference value :  1.73367e-02
 Reference value :  1.73392e-02
 Reference value :  1.73426e-02
 Reference value :  1.73452e-02
 Reference value :  1.73489e-02
 Reference value :  1.73514e-02
 Reference value :  1.73547e-02
 Reference value :  1.73573e-02
 Reference value :  1.73600e-02
 Reference value :  1.73636e-02
 Reference value :  1.73670e-02
 Reference value :  1.73696e-02
 Reference value :  1.73733e-02
 Reference value :  1.73769e-02
 Reference value :  1.73793e-02
 Reference value :  1.73831e-02
 Reference value :  1.73865e-02
 Reference value :  1.73891e-02
 Reference value :  1.73915e-02
 Reference value :  1.73940e-02
 Reference value :  1.73965e-02
 Reference value :  1.74003e-02
 Reference value :  1.74028e-02
 Reference value :  1.74062e-02
 Reference value :  1.74087e-02
 Reference value :  1.74113e-02
 Reference value :  1.74149e-02
 Reference value :  1.74183e-02
 Reference value :  1.74209e-02
 Reference value :  1.74234e-02
 Reference value :  1.74272e-02
 Reference value :  1.74306e-02
 Reference value :  1.74331e-02
 Reference value :  1.74369e-02
 Reference value :  1.74393e-02
 Reference value :  1.74429e-02
 Reference value :  1.74453e-02
 Reference value :  1.74491e-02
 Reference value :  1.74515e-02
 Reference value :  1.74540e-02
 Reference value :  1.74573e-02
 Reference value :  1.74599e-02
 Reference value :  1.74624e-02
 Reference value :  1.74649e-02
 Reference value :  1.74685e-02
 Reference value :  1.74710e-02
 Reference value :  1.74735e-02
 Reference value :  1.74759e-02
 Reference value :  1.74784e-02
 Reference value :  1.74819e-02
 Reference value :  1.74844e-02
 Reference value :  1.74882e-02
 Reference value :  1.74906e-02
 Reference value :  1.74931e-02
 Reference value :  1.74966e-02
 Reference value :  1.74991e-02
 Reference value :  1.75015e-02
 Reference value :  1.75053e-02
 Reference value :  1.75078e-02
 Reference value :  1.75113e-02
 Reference value :  1.75137e-02
 Reference value :  1.75161e-02
 Reference value :  1.75199e-02
 Reference value :  1.75223e-02
 Reference value :  1.75258e-02
 Reference value :  1.75283e-02
 Reference value :  1.75307e-02
 Reference value :  1.75334e-02
 Reference value :  1.75357e-02
 Reference value :  1.75382e-02
 Reference value :  1.75406e-02
 Reference value :  1.75444e-02
 Reference value :  1.75469e-02
 Reference value :  1.75503e-02
 Reference value :  1.75527e-02
 Reference value :  1.75552e-02
 Reference value :  1.75589e-02
 Reference value :  1.75614e-02
 Reference value :  1.75639e-02
 Reference value :  1.75673e-02
 Reference value :  1.75698e-02
 Reference value :  1.75722e-02
 Reference value :  1.75760e-02
 Reference value :  1.75784e-02
 Reference value :  1.75819e-02
 Reference value :  1.75844e-02
 Reference value :  1.75869e-02
 Reference value :  1.75906e-02
 Reference value :  1.75933e-02
 Reference value :  1.75966e-02
 Reference value :  1.76004e-02
 Reference value :  1.76039e-02
 Reference value :  1.76063e-02
 Reference value :  1.76088e-02
 Reference value :  1.76126e-02
 Reference value :  1.76151e-02
 Reference value :  1.76185e-02
 Reference value :  1.76210e-02
 Reference value :  1.76235e-02
 Reference value :  1.76272e-02
 Reference value :  1.76297e-02
 Reference value :  1.76332e-02
 Reference value :  1.76356e-02
 Reference value :  1.76394e-02
 Reference value :  1.76419e-02
 Reference value :  1.76445e-02
 Reference value :  1.76478e-02
 Reference value :  1.76504e-02
 Reference value :  1.76541e-02
 Reference value :  1.76576e-02
 Reference value :  1.76601e-02
 Reference value :  1.76626e-02
 Reference value :  1.76663e-02
 Reference value :  1.76697e-02
 Reference value :  1.76723e-02
 Reference value :  1.76747e-02
 Reference value :  1.76772e-02
 Reference value :  1.76809e-02
 Reference value :  1.76844e-02
 Reference value :  1.76867e-02
 Reference value :  1.76892e-02
 Reference value :  1.76919e-02
 Reference value :  1.76943e-02
 Reference value :  1.76981e-02
 Reference value :  1.77005e-02
 Reference value :  1.77040e-02
 Reference value :  1.77065e-02
 Reference value :  1.77102e-02
 Reference value :  1.77128e-02
 Reference value :  1.77162e-02
 Reference value :  1.77187e-02
 Reference value :  1.77212e-02
 Reference value :  1.77250e-02
 Reference value :  1.77284e-02
 Reference value :  1.77309e-02
 Reference value :  1.77333e-02
 Reference value :  1.77371e-02
 Reference value :  1.77406e-02
 Reference value :  1.77431e-02
 Reference value :  1.77456e-02
 Reference value :  1.77493e-02
 Reference value :  1.77519e-02
 Reference value :  1.77553e-02
 Reference value :  1.77590e-02
 Reference value :  1.77615e-02
 Reference value :  1.77649e-02
 Reference value :  1.77674e-02
 Reference value :  1.77712e-02
 Reference value :  1.77747e-02
 Reference value :  1.77772e-02
 Reference value :  1.77809e-02
 Reference value :  1.77834e-02
 Reference value :  1.77867e-02
 Reference value :  1.77892e-02
 Reference value :  1.77918e-02
 Reference value :  1.77942e-02
 Reference value :  1.77967e-02
 Reference value :  1.77992e-02
 Reference value :  1.78016e-02
 Reference value :  1.78054e-02
 Reference value :  1.78088e-02
 Reference value :  1.78114e-02
 Reference value :  1.78152e-02
 Reference value :  1.78188e-02
 Reference value :  1.78212e-02
 Reference value :  1.78237e-02
 Reference value :  1.78263e-02
 Reference value :  1.78300e-02
 Reference value :  1.78334e-02
 Reference value :  1.78359e-02
 Reference value :  1.78385e-02
 Reference value :  1.78421e-02
 Reference value :  1.78446e-02
 Reference value :  1.78481e-02
 Reference value :  1.78506e-02
 Reference value :  1.78530e-02
 Reference value :  1.78556e-02
 Reference value :  1.78593e-02
 Reference value :  1.78617e-02
 Reference value :  1.78652e-02
 Reference value :  1.78677e-02
 Reference value :  1.78713e-02
 Reference value :  1.78747e-02
 Reference value :  1.78774e-02
 Reference value :  1.78801e-02
 Reference value :  1.78837e-02
 Reference value :  1.78871e-02
 Reference value :  1.78896e-02
 Reference value :  1.78934e-02
 Reference value :  1.78959e-02
 Reference value :  1.78993e-02
 Reference value :  1.79018e-02
 Reference value :  1.79056e-02
 Reference value :  1.79083e-02
 Reference value :  1.79105e-02
 Reference value :  1.79138e-02
 Reference value :  1.79164e-02
 Reference value :  1.79189e-02
 Reference value :  1.79227e-02
 Reference value :  1.79262e-02
 Reference value :  1.79287e-02
 Reference value :  1.79324e-02
 Reference value :  1.79349e-02
 Reference value :  1.79384e-02
 Reference value :  1.79409e-02
 Reference value :  1.79446e-02
 Reference value :  1.79480e-02
 Reference value :  1.79505e-02
 Reference value :  1.79543e-02
 Reference value :  1.79568e-02
 Reference value :  1.79593e-02
 Reference value :  1.79628e-02
 Reference value :  1.79655e-02
 Reference value :  1.79692e-02
 Reference value :  1.79726e-02
 Reference value :  1.79750e-02
 Reference value :  1.79788e-02
 Reference value :  1.79823e-02
 Reference value :  1.79848e-02
 Reference value :  1.79873e-02
 Reference value :  1.79911e-02
 Reference value :  1.79945e-02
 Reference value :  1.79969e-02
 Reference value :  1.80007e-02
 Reference value :  1.80032e-02
 Reference value :  1.80066e-02
 Reference value :  1.80091e-02
 Reference value :  1.80129e-02
 Reference value :  1.80154e-02
 Reference value :  1.80188e-02
 Reference value :  1.80214e-02
 Reference value :  1.80251e-02
 Reference value :  1.80286e-02
 Reference value :  1.80311e-02
 Reference value :  1.80335e-02
 Reference value :  1.80360e-02
 Reference value :  1.80398e-02
 Reference value :  1.80423e-02
 Reference value :  1.80457e-02
 Reference value :  1.80482e-02
 Reference value :  1.80508e-02
 Reference value :  1.80545e-02
 Reference value :  1.80580e-02
 Reference value :  1.80604e-02
 Reference value :  1.80629e-02
 Reference value :  1.80667e-02
 Reference value :  1.80702e-02
 Reference value :  1.80726e-02
 Reference value :  1.80751e-02
 Reference value :  1.80789e-02
 Reference value :  1.80823e-02
 Reference value :  1.80848e-02
 Reference value :  1.80873e-02
 Reference value :  1.80911e-02
 Reference value :  1.80935e-02
 Reference value :  1.80963e-02
 Reference value :  1.80995e-02
 Reference value :  1.81032e-02
 Reference value :  1.81057e-02
 Reference value :  1.81082e-02
 Reference value :  1.81117e-02
 Reference value :  1.81142e-02
 Reference value :  1.81180e-02
 Reference value :  1.81214e-02
 Reference value :  1.81239e-02
 Reference value :  1.81277e-02
 Reference value :  1.81302e-02
 Reference value :  1.81327e-02
 Reference value :  1.81362e-02
 Reference value :  1.81400e-02
 Reference value :  1.81435e-02
 Reference value :  1.81473e-02
 Reference value :  1.81497e-02
 Reference value :  1.81532e-02
 Reference value :  1.81557e-02
 Reference value :  1.81582e-02
 Reference value :  1.81620e-02
 Reference value :  1.81644e-02
 Reference value :  1.81668e-02
 Reference value :  1.81703e-02
 Reference value :  1.81728e-02
 Reference value :  1.81754e-02
 Reference value :  1.81792e-02
 Reference value :  1.81826e-02
 Reference value :  1.81864e-02
 Reference value :  1.81889e-02
 Reference value :  1.81923e-02
 Reference value :  1.81948e-02
 Reference value :  1.81986e-02
 Reference value :  1.82021e-02
 Reference value :  1.82046e-02
 Reference value :  1.82071e-02
 Reference value :  1.82109e-02
 Reference value :  1.82144e-02
 Reference value :  1.82169e-02
 Reference value :  1.82207e-02
 Reference value :  1.82240e-02
 Reference value :  1.82267e-02
 Reference value :  1.82305e-02
 Reference value :  1.82340e-02
 Reference value :  1.82365e-02
 Reference value :  1.82403e-02
 Reference value :  1.82427e-02
 Reference value :  1.82462e-02
 Reference value :  1.82487e-02
 Reference value :  1.82525e-02
 Reference value :  1.82560e-02
 Reference value :  1.82584e-02
 Reference value :  1.82622e-02
 Reference value :  1.82647e-02
 Reference value :  1.82682e-02
 Reference value :  1.82720e-02
 Reference value :  1.82755e-02
 Reference value :  1.82780e-02
 Reference value :  1.82817e-02
 Reference value :  1.82843e-02
 Reference value :  1.82877e-02
 Reference value :  1.82903e-02
 Reference value :  1.82940e-02
 Reference value :  1.82975e-02
 Reference value :  1.83000e-02
 Reference value :  1.83037e-02
 Reference value :  1.83062e-02
 Reference value :  1.83097e-02
 Reference value :  1.83124e-02
 Reference value :  1.83160e-02
 Reference value :  1.83185e-02
 Reference value :  1.83220e-02
 Reference value :  1.83258e-02
 Reference value :  1.83282e-02
 Reference value :  1.83317e-02
 Reference value :  1.83341e-02
 Reference value :  1.83379e-02
 Reference value :  1.83414e-02
 Reference value :  1.83439e-02
 Reference value :  1.83464e-02
 Reference value :  1.83502e-02
 Reference value :  1.83537e-02
 Reference value :  1.83574e-02
 Reference value :  1.83601e-02
 Reference value :  1.83634e-02
 Reference value :  1.83659e-02
 Reference value :  1.83696e-02
 Reference value :  1.83721e-02
 Reference value :  1.83756e-02
 Reference value :  1.83781e-02
 Reference value :  1.83819e-02
 Reference value :  1.83854e-02
 Reference value :  1.83879e-02
 Reference value :  1.83917e-02
 Reference value :  1.83951e-02
 Reference value :  1.83977e-02
 Reference value :  1.84002e-02
 Reference value :  1.84041e-02
 Reference value :  1.84074e-02
 Reference value :  1.84099e-02
 Reference value :  1.84124e-02
 Reference value :  1.84162e-02
 Reference value :  1.84197e-02
 Reference value :  1.84226e-02
 Reference value :  1.84259e-02
 Reference value :  1.84294e-02
 Reference value :  1.84319e-02
 Reference value :  1.84354e-02
 Reference value :  1.84381e-02
 Reference value :  1.84414e-02
 Reference value :  1.84441e-02
 Reference value :  1.84479e-02
 Reference value :  1.84514e-02
 Reference value :  1.84539e-02
 Reference value :  1.84577e-02
 Reference value :  1.84611e-02
 Reference value :  1.84636e-02
 Reference value :  1.84674e-02
 Reference value :  1.84710e-02
 Reference value :  1.84734e-02
 Reference value :  1.84759e-02
 Reference value :  1.84797e-02
 Reference value :  1.84832e-02
 Reference value :  1.84857e-02
 Reference value :  1.84894e-02
 Reference value :  1.84929e-02
 Reference value :  1.84953e-02
 Reference value :  1.84991e-02
 Reference value :  1.85026e-02
 Reference value :  1.85051e-02
 Reference value :  1.85089e-02
 Reference value :  1.85114e-02
 Reference value :  1.85149e-02
 Reference value :  1.85173e-02
 Reference value :  1.85198e-02
 Reference value :  1.85236e-02
 Reference value :  1.85271e-02
 Reference value :  1.85296e-02
 Reference value :  1.85334e-02
 Reference value :  1.85361e-02
 Reference value :  1.85394e-02
 Reference value :  1.85432e-02
 Reference value :  1.85457e-02
 Reference value :  1.85491e-02
 Reference value :  1.85517e-02
 Reference value :  1.85554e-02
 Reference value :  1.85589e-02
 Reference value :  1.85614e-02
 Reference value :  1.85652e-02
 Reference value :  1.85676e-02
 Reference value :  1.85710e-02
 Reference value :  1.85736e-02
 Reference value :  1.85760e-02
 Reference value :  1.85799e-02
 Reference value :  1.85833e-02
 Reference value :  1.85858e-02
 Reference value :  1.85896e-02
 Reference value :  1.85922e-02
 Reference value :  1.85955e-02
 Reference value :  1.85993e-02
 Reference value :  1.86018e-02
 Reference value :  1.86052e-02
 Reference value :  1.86077e-02
 Reference value :  1.86108e-02
 Reference value :  1.86140e-02
 Reference value :  1.86175e-02
 Reference value :  1.86199e-02
 Reference value :  1.86224e-02
 Reference value :  1.86262e-02
 Reference value :  1.86298e-02
 Reference value :  1.86322e-02
 Reference value :  1.86360e-02
 Reference value :  1.86395e-02
 Reference value :  1.86433e-02
 Reference value :  1.86457e-02
 Reference value :  1.86492e-02
 Reference value :  1.86517e-02
 Reference value :  1.86542e-02
 Reference value :  1.86580e-02
 Reference value :  1.86614e-02
 Reference value :  1.86653e-02
 Reference value :  1.86687e-02
 Reference value :  1.86712e-02
 Reference value :  1.86736e-02
 Reference value :  1.86761e-02
 Reference value :  1.86785e-02
 Reference value :  1.86810e-02
 Reference value :  1.86848e-02
 Reference value :  1.86881e-02
 Reference value :  1.86906e-02
 Reference value :  1.86932e-02
 Reference value :  1.86957e-02
 Reference value :  1.86994e-02
 Reference value :  1.87019e-02
 Reference value :  1.87054e-02
 Reference value :  1.87079e-02
 Reference value :  1.87117e-02
 Reference value :  1.87152e-02
 Reference value :  1.87177e-02
 Reference value :  1.87214e-02
 Reference value :  1.87248e-02
 Reference value :  1.87274e-02
 Reference value :  1.87298e-02
 Reference value :  1.87336e-02
 Reference value :  1.87363e-02
 Reference value :  1.87396e-02
 Reference value :  1.87434e-02
 Reference value :  1.87467e-02
 Reference value :  1.87493e-02
 Reference value :  1.87518e-02
 Reference value :  1.87555e-02
 Reference value :  1.87580e-02
 Reference value :  1.87614e-02
 Reference value :  1.87639e-02
 Reference value :  1.87677e-02
 Reference value :  1.87702e-02
 Reference value :  1.87727e-02
 Reference value :  1.87760e-02
 Reference value :  1.87786e-02
 Reference value :  1.87811e-02
 Reference value :  1.87836e-02
 Reference value :  1.87873e-02
 Reference value :  1.87907e-02
 Reference value :  1.87932e-02
 Reference value :  1.87970e-02
 Reference value :  1.88004e-02
 Reference value :  1.88030e-02
 Reference value :  1.88055e-02
 Reference value :  1.88093e-02
 Reference value :  1.88117e-02
 Reference value :  1.88151e-02
 Reference value :  1.88176e-02
 Reference value :  1.88201e-02
 Reference value :  1.88238e-02
 Reference value :  1.88263e-02
 Reference value :  1.88298e-02
 Reference value :  1.88323e-02
 Reference value :  1.88361e-02
 Reference value :  1.88395e-02
 Reference value :  1.88421e-02
 Reference value :  1.88445e-02
 Reference value :  1.88483e-02
 Reference value :  1.88516e-02
 Reference value :  1.88543e-02
 Reference value :  1.88567e-02
 Reference value :  1.88605e-02
 Reference value :  1.88638e-02
 Reference value :  1.88664e-02
 Reference value :  1.88688e-02
 Reference value :  1.88726e-02
 Reference value :  1.88751e-02
 Reference value :  1.88786e-02
 Reference value :  1.88823e-02
 Reference value :  1.88859e-02
 Reference value :  1.88884e-02
 Reference value :  1.88922e-02
 Reference value :  1.88947e-02
 Reference value :  1.88982e-02
 Reference value :  1.89007e-02
 Reference value :  1.89031e-02
 Reference value :  1.89069e-02
 Reference value :  1.89094e-02
 Reference value :  1.89129e-02
 Reference value :  1.89153e-02
 Reference value :  1.89178e-02
 Reference value :  1.89202e-02
 Reference value :  1.89227e-02
 Reference value :  1.89265e-02
 Reference value :  1.89289e-02
 Reference value :  1.89325e-02
 Reference value :  1.89349e-02
 Reference value :  1.89387e-02
 Reference value :  1.89422e-02
 Reference value :  1.89459e-02
 Reference value :  1.89485e-02
 Reference value :  1.89520e-02
 Reference value :  1.89545e-02
 Reference value :  1.89583e-02
 Reference value :  1.89618e-02
 Reference value :  1.89643e-02
 Reference value :  1.89681e-02
 Reference value :  1.89714e-02
 Reference value :  1.89740e-02
 Reference value :  1.89778e-02
 Reference value :  1.89803e-02
 Reference value :  1.89838e-02
 Reference value :  1.89876e-02
 Reference value :  1.89902e-02
 Reference value :  1.89936e-02
 Reference value :  1.89960e-02
 Reference value :  1.89998e-02
 Reference value :  1.90033e-02
 Reference value :  1.90058e-02
 Reference value :  1.90082e-02
 Reference value :  1.90120e-02
 Reference value :  1.90155e-02
 Reference value :  1.90180e-02
 Reference value :  1.90217e-02
 Reference value :  1.90243e-02
 Reference value :  1.90278e-02
 Reference value :  1.90302e-02
 Reference value :  1.90340e-02
 Reference value :  1.90375e-02
 Reference value :  1.90400e-02
 Reference value :  1.90438e-02
 Reference value :  1.90472e-02
 Reference value :  1.90498e-02
 Reference value :  1.90523e-02
 Reference value :  1.90561e-02
 Reference value :  1.90596e-02
 Reference value :  1.90621e-02
 Reference value :  1.90659e-02
 Reference value :  1.90684e-02
 Reference value :  1.90719e-02
 Reference value :  1.90743e-02
 Reference value :  1.90781e-02
 Reference value :  1.90806e-02
 Reference value :  1.90839e-02
 Reference value :  1.90865e-02
 Reference value :  1.90890e-02
 Reference value :  1.90927e-02
 Reference value :  1.90955e-02
 Reference value :  1.90987e-02
 Reference value :  1.91012e-02
 Reference value :  1.91050e-02
 Reference value :  1.91085e-02
 Reference value :  1.91110e-02
 Reference value :  1.91148e-02
 Reference value :  1.91173e-02
 Reference value :  1.91208e-02
 Reference value :  1.91243e-02
 Reference value :  1.91270e-02
 Reference value :  1.91295e-02
 Reference value :  1.91329e-02
 Reference value :  1.91367e-02
 Reference value :  1.91402e-02
 Reference value :  1.91427e-02
 Reference value :  1.91465e-02
 Reference value :  1.91500e-02
 Reference value :  1.91524e-02
 Reference value :  1.91552e-02
 Reference value :  1.91587e-02
 Reference value :  1.91623e-02
 Reference value :  1.91648e-02
 Reference value :  1.91685e-02
 Reference value :  1.91718e-02
 Reference value :  1.91745e-02
 Reference value :  1.91770e-02
 Reference value :  1.91807e-02
 Reference value :  1.91832e-02
 Reference value :  1.91867e-02
 Reference value :  1.91903e-02
 Reference value :  1.91930e-02
 Reference value :  1.91965e-02
 Reference value :  1.91990e-02
 Reference value :  1.92027e-02
 Reference value :  1.92052e-02
 Reference value :  1.92087e-02
 Reference value :  1.92125e-02
 Reference value :  1.92150e-02
 Reference value :  1.92185e-02
 Reference value :  1.92223e-02
 Reference value :  1.92258e-02
 Reference value :  1.92283e-02
 Reference value :  1.92321e-02
 Reference value :  1.92355e-02
 Reference value :  1.92380e-02
 Reference value :  1.92416e-02
 Reference value :  1.92443e-02
 Reference value :  1.92478e-02
 Reference value :  1.92502e-02
 Reference value :  1.92539e-02
 Reference value :  1.92565e-02
 Reference value :  1.92600e-02
 Reference value :  1.92625e-02
 Reference value :  1.92663e-02
 Reference value :  1.92698e-02
 Reference value :  1.92725e-02
 Reference value :  1.92761e-02
 Reference value :  1.92796e-02
 Reference value :  1.92821e-02
 Reference value :  1.92859e-02
 Reference value :  1.92893e-02
 Reference value :  1.92931e-02
 Reference value :  1.92956e-02
 Reference value :  1.92980e-02
 Reference value :  1.93015e-02
 Reference value :  1.93041e-02
 Reference value :  1.93079e-02
 Reference value :  1.93114e-02
 Reference value :  1.93139e-02
 Reference value :  1.93176e-02
 Reference value :  1.93212e-02
 Reference value :  1.93236e-02
 Reference value :  1.93274e-02
 Reference value :  1.93308e-02
 Reference value :  1.93334e-02
 Reference value :  1.93372e-02
 Reference value :  1.93398e-02
 Reference value :  1.93432e-02
 Reference value :  1.93470e-02
 Reference value :  1.93495e-02
 Reference value :  1.93530e-02
 Reference value :  1.93555e-02
 Reference value :  1.93593e-02
 Reference value :  1.93628e-02
 Reference value :  1.93652e-02
 Reference value :  1.93677e-02
 Reference value :  1.93714e-02
 Reference value :  1.93749e-02
 Reference value :  1.93775e-02
 Reference value :  1.93804e-02
 Reference value :  1.93838e-02
 Reference value :  1.93873e-02
 Reference value :  1.93899e-02
 Reference value :  1.93935e-02
 Reference value :  1.93969e-02
 Reference value :  1.93994e-02
 Reference value :  1.94032e-02
 Reference value :  1.94066e-02
 Reference value :  1.94092e-02
 Reference value :  1.94130e-02
 Reference value :  1.94165e-02
 Reference value :  1.94189e-02
 Reference value :  1.94227e-02
 Reference value :  1.94252e-02
 Reference value :  1.94286e-02
 Reference value :  1.94312e-02
 Reference value :  1.94340e-02
 Reference value :  1.94382e-02
 Reference value :  1.94410e-02
 Reference value :  1.94447e-02
 Reference value :  1.94474e-02
 Reference value :  1.94508e-02
 Reference value :  1.94546e-02
 Reference value :  1.94581e-02
 Reference value :  1.94605e-02
 Reference value :  1.94643e-02
 Reference value :  1.94668e-02
 Reference value :  1.94703e-02
 Reference value :  1.94728e-02
 Reference value :  1.94766e-02
 Reference value :  1.94801e-02
 Reference value :  1.94825e-02
 Reference value :  1.94863e-02
 Reference value :  1.94888e-02
 Reference value :  1.94923e-02
 Reference value :  1.94948e-02
 Reference value :  1.94985e-02
 Reference value :  1.95020e-02
 Reference value :  1.95045e-02
 Reference value :  1.95083e-02
 Reference value :  1.95118e-02
 Reference value :  1.95143e-02
 Reference value :  1.95180e-02
 Reference value :  1.95208e-02
 Reference value :  1.95240e-02
 Reference value :  1.95278e-02
 Reference value :  1.95312e-02
 Reference value :  1.95338e-02
 Reference value :  1.95377e-02
 Reference value :  1.95410e-02
 Reference value :  1.95437e-02
 Reference value :  1.95475e-02
 Reference value :  1.95509e-02
 Reference value :  1.95534e-02
 Reference value :  1.95572e-02
 Reference value :  1.95607e-02
 Reference value :  1.95632e-02
 Reference value :  1.95670e-02
 Reference value :  1.95704e-02
 Reference value :  1.95729e-02
 Reference value :  1.95767e-02
 Reference value :  1.95802e-02
 Reference value :  1.95827e-02
 Reference value :  1.95852e-02
 Reference value :  1.95889e-02
 Reference value :  1.95925e-02
 Reference value :  1.95949e-02
 Reference value :  1.95987e-02
 Reference value :  1.96012e-02
 Reference value :  1.96047e-02
 Reference value :  1.96071e-02
 Reference value :  1.96109e-02
 Reference value :  1.96134e-02
 Reference value :  1.96169e-02
 Reference value :  1.96194e-02
 Reference value :  1.96231e-02
 Reference value :  1.96256e-02
 Reference value :  1.96289e-02
 Reference value :  1.96316e-02
 Reference value :  1.96340e-02
 Reference value :  1.96378e-02
 Reference value :  1.96413e-02
 Reference value :  1.96438e-02
 Reference value :  1.96477e-02
 Reference value :  1.96512e-02
 Reference value :  1.96536e-02
 Reference value :  1.96574e-02
 Reference value :  1.96598e-02
 Reference value :  1.96633e-02
 Reference value :  1.96658e-02
 Reference value :  1.96696e-02
 Reference value :  1.96730e-02
 Reference value :  1.96755e-02
 Reference value :  1.96780e-02
 Reference value :  1.96818e-02
 Reference value :  1.96843e-02
 Reference value :  1.96877e-02
 Reference value :  1.96901e-02
 Reference value :  1.96926e-02
 Reference value :  1.96964e-02
 Reference value :  1.97000e-02
 Reference value :  1.97024e-02
 Reference value :  1.97062e-02
 Reference value :  1.97097e-02
 Reference value :  1.97121e-02
 Reference value :  1.97146e-02
 Reference value :  1.97184e-02
 Reference value :  1.97209e-02
 Reference value :  1.97244e-02
 Reference value :  1.97281e-02
 Reference value :  1.97307e-02
 Reference value :  1.97341e-02
 Reference value :  1.97366e-02
 Reference value :  1.97404e-02
 Reference value :  1.97439e-02
 Reference value :  1.97464e-02
 Reference value :  1.97510e-02
 Reference value :  1.97536e-02
 Reference value :  1.97561e-02
 Reference value :  1.97597e-02
 Reference value :  1.97623e-02
 Reference value :  1.97659e-02
 Reference value :  1.97683e-02
 Reference value :  1.97709e-02
 Reference value :  1.97746e-02
 Reference value :  1.97780e-02
 Reference value :  1.97805e-02
 Reference value :  1.97830e-02
 Reference value :  1.97868e-02
 Reference value :  1.97903e-02
 Reference value :  1.97928e-02
 Reference value :  1.97953e-02
 Reference value :  1.97990e-02
 Reference value :  1.98015e-02
 Reference value :  1.98050e-02
 Reference value :  1.98074e-02
 Reference value :  1.98099e-02
 Reference value :  1.98124e-02
 Reference value :  1.98162e-02
 Reference value :  1.98195e-02
 Reference value :  1.98222e-02
 Reference value :  1.98247e-02
 Reference value :  1.98285e-02
 Reference value :  1.98319e-02
 Reference value :  1.98344e-02
 Reference value :  1.98382e-02
 Reference value :  1.98406e-02
 Reference value :  1.98441e-02
 Reference value :  1.98466e-02
 Reference value :  1.98491e-02
 Reference value :  1.98528e-02
 Reference value :  1.98553e-02
 Reference value :  1.98588e-02
 Reference value :  1.98625e-02
 Reference value :  1.98650e-02
 Reference value :  1.98685e-02
 Reference value :  1.98710e-02
 Reference value :  1.98737e-02
 Reference value :  1.98772e-02
 Reference value :  1.98807e-02
 Reference value :  1.98832e-02
 Reference value :  1.98857e-02
 Reference value :  1.98894e-02
 Reference value :  1.98919e-02
 Reference value :  1.98954e-02
 Reference value :  1.98978e-02
 Reference value :  1.99003e-02
 Reference value :  1.99041e-02
 Reference value :  1.99076e-02
 Reference value :  1.99100e-02
 Reference value :  1.99136e-02
 Reference value :  1.99163e-02
 Reference value :  1.99198e-02
 Reference value :  1.99222e-02
 Reference value :  1.99260e-02
 Reference value :  1.99295e-02
 Reference value :  1.99320e-02
 Reference value :  1.99345e-02
 Reference value :  1.99369e-02
 Reference value :  1.99407e-02
 Reference value :  1.99442e-02
 Reference value :  1.99467e-02
 Reference value :  1.99505e-02
 Reference value :  1.99541e-02
 Reference value :  1.99565e-02
 Reference value :  1.99603e-02
 Reference value :  1.99627e-02
 Reference value :  1.99662e-02
 Reference value :  1.99687e-02
 Reference value :  1.99712e-02
 Reference value :  1.99750e-02
 Reference value :  1.99783e-02
 Reference value :  1.99809e-02
 Reference value :  1.99834e-02
 Reference value :  1.99871e-02
 Reference value :  1.99896e-02
 Reference value :  1.99931e-02
 Reference value :  1.99956e-02
 Reference value :  1.99981e-02
 Reference value :  2.00006e-02
 Reference value :  2.00041e-02
 Reference value :  2.00068e-02
 Reference value :  2.00103e-02
 Reference value :  2.00128e-02
 Reference value :  2.00165e-02
 Reference value :  2.00201e-02
 Reference value :  2.00225e-02
 Reference value :  2.00263e-02
 Reference value :  2.00298e-02
 Reference value :  2.00323e-02
 Reference value :  2.00360e-02
 Reference value :  2.00393e-02
 Reference value :  2.00420e-02
 Reference value :  2.00445e-02
 Reference value :  2.00469e-02
 Reference value :  2.00508e-02
 Reference value :  2.00542e-02
 Reference value :  2.00567e-02
 Reference value :  2.00605e-02
 Reference value :  2.00640e-02
 Reference value :  2.00665e-02
 Reference value :  2.00702e-02
 Reference value :  2.00737e-02
 Reference value :  2.00761e-02
 Reference value :  2.00786e-02
 Reference value :  2.00824e-02
 Reference value :  2.00849e-02
 Reference value :  2.00883e-02
 Reference value :  2.00908e-02
 Reference value :  2.00933e-02
 Reference value :  2.00970e-02
 Reference value :  2.00995e-02
 Reference value :  2.01030e-02
 Reference value :  2.01055e-02
 Reference value :  2.01079e-02
 Reference value :  2.01104e-02
 Reference value :  2.01142e-02
 Reference value :  2.01177e-02
 Reference value :  2.01201e-02
 Reference value :  2.01226e-02
 Reference value :  2.01250e-02
 Reference value :  2.01275e-02
 Reference value :  2.01299e-02
 Reference value :  2.01324e-02
 Reference value :  2.01351e-02
 Reference value :  2.01386e-02
 Reference value :  2.01411e-02
 Reference value :  2.01446e-02
 Reference value :  2.01471e-02
 Reference value :  2.01496e-02
 Reference value :  2.01520e-02
 Reference value :  2.01547e-02
 Reference value :  2.01583e-02
 Reference value :  2.01608e-02
 Reference value :  2.01643e-02
 Reference value :  2.01667e-02
 Reference value :  2.01692e-02
 Reference value :  2.01716e-02
 Reference value :  2.01754e-02
 Reference value :  2.01779e-02
 Reference value :  2.01803e-02
 Reference value :  2.01830e-02
 Reference value :  2.01863e-02
 Reference value :  2.01888e-02
 Reference value :  2.01925e-02
 Reference value :  2.01950e-02
 Reference value :  2.01975e-02
 Reference value :  2.02010e-02
 Reference value :  2.02035e-02
 Reference value :  2.02059e-02
 Reference value :  2.02097e-02
 Reference value :  2.02132e-02
 Reference value :  2.02157e-02
 Reference value :  2.02181e-02
 Reference value :  2.02218e-02
 Reference value :  2.02244e-02
 Reference value :  2.02268e-02
 Reference value :  2.02304e-02
 Reference value :  2.02328e-02
 Reference value :  2.02353e-02
 Reference value :  2.02377e-02
 Reference value :  2.02402e-02
 Reference value :  2.02427e-02
 Reference value :  2.02451e-02
 Reference value :  2.02476e-02
 Reference value :  2.02500e-02
 Reference value :  2.02538e-02
 Reference value :  2.02563e-02
 Reference value :  2.02587e-02
 Reference value :  2.02612e-02
 Reference value :  2.02647e-02
 Reference value :  2.02684e-02
 Reference value :  2.02720e-02
 Reference value :  2.02745e-02
 Reference value :  2.02769e-02
 Reference value :  2.02794e-02
 Reference value :  2.02818e-02
 Reference value :  2.02843e-02
 Reference value :  2.02868e-02
 Reference value :  2.02893e-02
 Reference value :  2.02929e-02
 Reference value :  2.02955e-02
 Reference value :  2.02979e-02
 Reference value :  2.03014e-02
 Reference value :  2.03039e-02
 Reference value :  2.03064e-02
 Reference value :  2.03100e-02
 Reference value :  2.03135e-02
 Reference value :  2.03161e-02
 Reference value :  2.03186e-02
 Reference value :  2.03211e-02
 Reference value :  2.03248e-02
 Reference value :  2.03272e-02
 Reference value :  2.03297e-02
 Reference value :  2.03332e-02
 Reference value :  2.03357e-02
 Reference value :  2.03382e-02
 Reference value :  2.03419e-02
 Reference value :  2.03455e-02
 Reference value :  2.03492e-02
 Reference value :  2.03517e-02
 Reference value :  2.03541e-02
 Reference value :  2.03566e-02
 Reference value :  2.03591e-02
 Reference value :  2.03617e-02
 Reference value :  2.03651e-02
 Reference value :  2.03675e-02
 Reference value :  2.03700e-02
 Reference value :  2.03724e-02
 Reference value :  2.03749e-02
 Reference value :  2.03774e-02
 Reference value :  2.03798e-02
 Reference value :  2.03823e-02
 Reference value :  2.03849e-02
 Reference value :  2.03885e-02
 Reference value :  2.03921e-02
 Reference value :  2.03945e-02
 Reference value :  2.03970e-02
 Reference value :  2.03995e-02
 Reference value :  2.04020e-02
 Reference value :  2.04051e-02
 Reference value :  2.04082e-02
 Reference value :  2.04106e-02
 Reference value :  2.04141e-02
 Reference value :  2.04166e-02
 Reference value :  2.04194e-02
 Reference value :  2.04228e-02
 Reference value :  2.04253e-02
 Reference value :  2.04277e-02
 Reference value :  2.04302e-02
 Reference value :  2.04327e-02
 Reference value :  2.04351e-02
 Reference value :  2.04385e-02
 Reference value :  2.04411e-02
 Reference value :  2.04436e-02
 Reference value :  2.04461e-02
 Reference value :  2.04485e-02
 Reference value :  2.04510e-02
 Reference value :  2.04535e-02
 Reference value :  2.04559e-02
 Reference value :  2.04584e-02
 Reference value :  2.04609e-02
 Reference value :  2.04633e-02
 Reference value :  2.04670e-02
 Reference value :  2.04706e-02
 Reference value :  2.04731e-02
 Reference value :  2.04756e-02
 Reference value :  2.04780e-02
 Reference value :  2.04805e-02
 Reference value :  2.04837e-02
 Reference value :  2.04867e-02
 Reference value :  2.04892e-02
 Reference value :  2.04916e-02
 Reference value :  2.04952e-02
 Reference value :  2.04976e-02
 Reference value :  2.05001e-02
 Reference value :  2.05026e-02
 Reference value :  2.05051e-02
 Reference value :  2.05088e-02
 Reference value :  2.05123e-02
 Reference value :  2.05147e-02
 Reference value :  2.05172e-02
 Reference value :  2.05197e-02
 Reference value :  2.05234e-02
 Reference value :  2.05258e-02
 Reference value :  2.05292e-02
 Reference value :  2.05318e-02
 Reference value :  2.05343e-02
 Reference value :  2.05367e-02
 Reference value :  2.05392e-02
 Reference value :  2.05417e-02
 Reference value :  2.05441e-02
 Reference value :  2.05466e-02
 Reference value :  2.05490e-02
 Reference value :  2.05515e-02
 Reference value :  2.05552e-02
 Reference value :  2.05577e-02
 Reference value :  2.05602e-02
 Reference value :  2.05637e-02
 Reference value :  2.05662e-02
 Reference value :  2.05686e-02
 Reference value :  2.05711e-02
 Reference value :  2.05735e-02
 Reference value :  2.05773e-02
 Reference value :  2.05808e-02
 Reference value :  2.05832e-02
 Reference value :  2.05857e-02
 Reference value :  2.05882e-02
 Reference value :  2.05906e-02
 Reference value :  2.05931e-02
 Reference value :  2.05956e-02
 Reference value :  2.05993e-02
 Reference value :  2.06018e-02
 Reference value :  2.06043e-02
 Reference value :  2.06078e-02
 Reference value :  2.06103e-02
 Reference value :  2.06127e-02
 Reference value :  2.06152e-02
 Reference value :  2.06176e-02
 Reference value :  2.06214e-02
 Reference value :  2.06238e-02
 Reference value :  2.06267e-02
 Reference value :  2.06298e-02
 Reference value :  2.06323e-02
 Reference value :  2.06347e-02
 Reference value :  2.06372e-02
 Reference value :  2.06397e-02
 Reference value :  2.06421e-02
 Reference value :  2.06446e-02
 Reference value :  2.06483e-02
 Reference value :  2.06508e-02
 Reference value :  2.06543e-02
 Reference value :  2.06568e-02
 Reference value :  2.06592e-02
 Reference value :  2.06617e-02
 Reference value :  2.06642e-02
 Reference value :  2.06666e-02
 Reference value :  2.06703e-02
 Reference value :  2.06728e-02
 Reference value :  2.06753e-02
 Reference value :  2.06789e-02
 Reference value :  2.06813e-02
 Reference value :  2.06846e-02
 Reference value :  2.06875e-02
 Reference value :  2.06899e-02
 Reference value :  2.06925e-02
 Reference value :  2.06960e-02
 Reference value :  2.06984e-02
 Reference value :  2.07009e-02
 Reference value :  2.07034e-02
 Reference value :  2.07058e-02
 Reference value :  2.07094e-02
 Reference value :  2.07121e-02
 Reference value :  2.07145e-02
 Reference value :  2.07181e-02
 Reference value :  2.07205e-02
 Reference value :  2.07230e-02
 Reference value :  2.07254e-02
 Reference value :  2.07292e-02
 Reference value :  2.07317e-02
 Reference value :  2.07341e-02
 Reference value :  2.07374e-02
 Reference value :  2.07402e-02
 Reference value :  2.07426e-02
 Reference value :  2.07463e-02
 Reference value :  2.07488e-02
 Reference value :  2.07523e-02
 Reference value :  2.07548e-02
 Reference value :  2.07572e-02
 Reference value :  2.07609e-02
 Reference value :  2.07635e-02
 Reference value :  2.07659e-02
 Reference value :  2.07694e-02
 Reference value :  2.07719e-02
 Reference value :  2.07744e-02
 Reference value :  2.07770e-02
 Reference value :  2.07806e-02
 Reference value :  2.07841e-02
 Reference value :  2.07866e-02
 Reference value :  2.07891e-02
 Reference value :  2.07915e-02
 Reference value :  2.07940e-02
 Reference value :  2.07965e-02
 Reference value :  2.07989e-02
 Reference value :  2.08014e-02
 Reference value :  2.08051e-02
 Reference value :  2.08075e-02
 Reference value :  2.08100e-02
 Reference value :  2.08135e-02
 Reference value :  2.08160e-02
 Reference value :  2.08185e-02
 Reference value :  2.08209e-02
 Reference value :  2.08234e-02
 Reference value :  2.08271e-02
 Reference value :  2.08296e-02
 Reference value :  2.08320e-02
 Reference value :  2.08356e-02
 Reference value :  2.08381e-02
 Reference value :  2.08405e-02
 Reference value :  2.08430e-02
 Reference value :  2.08454e-02
 Reference value :  2.08490e-02
 Reference value :  2.08516e-02
 Reference value :  2.08541e-02
 Reference value :  2.08566e-02
 Reference value :  2.08601e-02
 Reference value :  2.08625e-02
 Reference value :  2.08650e-02
 Reference value :  2.08675e-02
 Reference value :  2.08699e-02
 Reference value :  2.08737e-02
 Reference value :  2.08761e-02
 Reference value :  2.08796e-02
 Reference value :  2.08821e-02
 Reference value :  2.08846e-02
 Reference value :  2.08873e-02
 Reference value :  2.08907e-02
 Reference value :  2.08932e-02
 Reference value :  2.08956e-02
 Reference value :  2.08983e-02
 Reference value :  2.09016e-02
 Reference value :  2.09041e-02
 Reference value :  2.09066e-02
 Reference value :  2.09102e-02
 Reference value :  2.09127e-02
 Reference value :  2.09162e-02
 Reference value :  2.09187e-02
 Reference value :  2.09212e-02
 Reference value :  2.09237e-02
 Reference value :  2.09262e-02
 Reference value :  2.09299e-02
 Reference value :  2.09324e-02
 Reference value :  2.09348e-02
 Reference value :  2.09384e-02
 Reference value :  2.09408e-02
 Reference value :  2.09433e-02
 Reference value :  2.09458e-02
 Reference value :  2.09482e-02
 Reference value :  2.09507e-02
 Reference value :  2.09544e-02
 Reference value :  2.09570e-02
 Reference value :  2.09605e-02
 Reference value :  2.09629e-02
 Reference value :  2.09654e-02
 Reference value :  2.09679e-02
 Reference value :  2.09703e-02
 Reference value :  2.09741e-02
 Reference value :  2.09765e-02
 Reference value :  2.09801e-02
 Reference value :  2.09825e-02
 Reference value :  2.09862e-02
 Reference value :  2.09888e-02
 Reference value :  2.09913e-02
 Reference value :  2.09938e-02
 Reference value :  2.09972e-02
 Reference value :  2.09997e-02
 Reference value :  2.10034e-02
 Reference value :  2.10059e-02
 Reference value :  2.10095e-02
 Reference value :  2.10120e-02
 Reference value :  2.10155e-02
 Reference value :  2.10182e-02
 Reference value :  2.10217e-02
 Reference value :  2.10242e-02
 Reference value :  2.10266e-02
 Reference value :  2.10291e-02
 Reference value :  2.10316e-02
 Reference value :  2.10353e-02
 Reference value :  2.10378e-02
 Reference value :  2.10413e-02
 Reference value :  2.10438e-02
 Reference value :  2.10463e-02
 Reference value :  2.10488e-02
 Reference value :  2.10512e-02
 Reference value :  2.10537e-02
 Reference value :  2.10562e-02
 Reference value :  2.10599e-02
 Reference value :  2.10623e-02
 Reference value :  2.10659e-02
 Reference value :  2.10684e-02
 Reference value :  2.10708e-02
 Reference value :  2.10733e-02
 Reference value :  2.10758e-02
 Reference value :  2.10795e-02
 Reference value :  2.10830e-02
 Reference value :  2.10855e-02
 Reference value :  2.10879e-02
 Reference value :  2.10905e-02
 Reference value :  2.10930e-02
 Reference value :  2.10965e-02
 Reference value :  2.10990e-02
 Reference value :  2.11025e-02
 Reference value :  2.11051e-02
 Reference value :  2.11075e-02
 Reference value :  2.11100e-02
 Reference value :  2.11137e-02
 Reference value :  2.11161e-02
 Reference value :  2.11186e-02
 Reference value :  2.11211e-02
 Reference value :  2.11235e-02
 Reference value :  2.11271e-02
 Reference value :  2.11295e-02
 Reference value :  2.11320e-02
 Reference value :  2.11344e-02
 Reference value :  2.11369e-02
 Reference value :  2.11393e-02
 Reference value :  2.11418e-02
 Reference value :  2.11442e-02
 Reference value :  2.11468e-02
 Reference value :  2.11504e-02
 Reference value :  2.11529e-02
 Reference value :  2.11553e-02
 Reference value :  2.11578e-02
 Reference value :  2.11606e-02
 Reference value :  2.11638e-02
 Reference value :  2.11663e-02
 Reference value :  2.11688e-02
 Reference value :  2.11723e-02
 Reference value :  2.11749e-02
 Reference value :  2.11774e-02
 Reference value :  2.11800e-02
 Reference value :  2.11834e-02
 Reference value :  2.11859e-02
 Reference value :  2.11884e-02
 Reference value :  2.11909e-02
 Reference value :  2.11946e-02
 Reference value :  2.11981e-02
 Reference value :  2.12006e-02
 Reference value :  2.12030e-02
 Reference value :  2.12055e-02
 Reference value :  2.12092e-02
 Reference value :  2.12117e-02
 Reference value :  2.12142e-02
 Reference value :  2.12166e-02
 Reference value :  2.12202e-02
 Reference value :  2.12227e-02
 Reference value :  2.12251e-02
 Reference value :  2.12289e-02
 Reference value :  2.12313e-02
 Reference value :  2.12348e-02
 Reference value :  2.12374e-02
 Reference value :  2.12398e-02
 Reference value :  2.12423e-02
 Reference value :  2.12447e-02
 Reference value :  2.12472e-02
 Reference value :  2.12509e-02
 Reference value :  2.12534e-02
 Reference value :  2.12569e-02
 Reference value :  2.12594e-02
 Reference value :  2.12619e-02
 Reference value :  2.12643e-02
 Reference value :  2.12668e-02
 Reference value :  2.12693e-02
 Reference value :  2.12730e-02
 Reference value :  2.12765e-02
 Reference value :  2.12791e-02
 Reference value :  2.12815e-02
 Reference value :  2.12840e-02
 Reference value :  2.12864e-02
 Reference value :  2.12902e-02
 Reference value :  2.12926e-02
 Reference value :  2.12951e-02
 Reference value :  2.12987e-02
 Reference value :  2.13011e-02
 Reference value :  2.13036e-02
 Reference value :  2.13072e-02
 Reference value :  2.13096e-02
 Reference value :  2.13122e-02
 Reference value :  2.13147e-02
 Reference value :  2.13172e-02
 Reference value :  2.13207e-02
 Reference value :  2.13244e-02
 Reference value :  2.13269e-02
 Reference value :  2.13304e-02
 Reference value :  2.13329e-02
 Reference value :  2.13354e-02
 Reference value :  2.13379e-02
 Reference value :  2.13416e-02
 Reference value :  2.13441e-02
 Reference value :  2.13465e-02
 Reference value :  2.13500e-02
 Reference value :  2.13526e-02
 Reference value :  2.13550e-02
 Reference value :  2.13575e-02
 Reference value :  2.13600e-02
 Reference value :  2.13625e-02
 Reference value :  2.13662e-02
 Reference value :  2.13686e-02
 Reference value :  2.13722e-02
 Reference value :  2.13746e-02
 Reference value :  2.13771e-02
 Reference value :  2.13808e-02
 Reference value :  2.13833e-02
 Reference value :  2.13857e-02
 Reference value :  2.13882e-02
 Reference value :  2.13907e-02
 Reference value :  2.13931e-02
 Reference value :  2.13957e-02
 Reference value :  2.13992e-02
 Reference value :  2.14016e-02
 Reference value :  2.14041e-02
 Reference value :  2.14065e-02
 Reference value :  2.14090e-02
 Reference value :  2.14115e-02
 Reference value :  2.14152e-02
 Reference value :  2.14177e-02
 Reference value :  2.14202e-02
 Reference value :  2.14237e-02
 Reference value :  2.14261e-02
 Reference value :  2.14286e-02
 Reference value :  2.14323e-02
 Reference value :  2.14357e-02
 Reference value :  2.14383e-02
 Reference value :  2.14408e-02
 Reference value :  2.14432e-02
 Reference value :  2.14457e-02
 Reference value :  2.14494e-02
 Reference value :  2.14519e-02
 Reference value :  2.14543e-02
 Reference value :  2.14579e-02
 Reference value :  2.14603e-02
 Reference value :  2.14628e-02
 Reference value :  2.14653e-02
 Reference value :  2.14677e-02
 Reference value :  2.14715e-02
 Reference value :  2.14739e-02
 Reference value :  2.14764e-02
 Reference value :  2.14799e-02
 Reference value :  2.14824e-02
 Reference value :  2.14849e-02
 Reference value :  2.14873e-02
 Reference value :  2.14899e-02
 Reference value :  2.14935e-02
 Reference value :  2.14960e-02
 Reference value :  2.14995e-02
 Reference value :  2.15020e-02
 Reference value :  2.15044e-02
 Reference value :  2.15069e-02
 Reference value :  2.15093e-02
 Reference value :  2.15130e-02
 Reference value :  2.15155e-02
 Reference value :  2.15179e-02
 Reference value :  2.15214e-02
 Reference value :  2.15240e-02
 Reference value :  2.15264e-02
 Reference value :  2.15291e-02
 Reference value :  2.15325e-02
 Reference value :  2.15350e-02
 Reference value :  2.15374e-02
 Reference value :  2.15409e-02
 Reference value :  2.15424e-02
 Reference value :  2.15460e-02
 Reference value :  2.15496e-02
 Reference value :  2.15521e-02
 Reference value :  2.15557e-02
 Reference value :  2.15582e-02
 Reference value :  2.15618e-02
 Reference value :  2.15644e-02
 Reference value :  2.15668e-02
 Reference value :  2.15693e-02
 Reference value :  2.15718e-02
 Reference value :  2.15753e-02
 Reference value :  2.15778e-02
 Reference value :  2.15802e-02
 Reference value :  2.15827e-02
 Reference value :  2.15853e-02
 Reference value :  2.15889e-02
 Reference value :  2.15914e-02
 Reference value :  2.15949e-02
 Reference value :  2.15974e-02
 Reference value :  2.15999e-02
 Reference value :  2.16023e-02
 Reference value :  2.16049e-02
 Reference value :  2.16085e-02
 Reference value :  2.16110e-02
 Reference value :  2.16135e-02
 Reference value :  2.16169e-02
 Reference value :  2.16194e-02
 Reference value :  2.16219e-02
 Reference value :  2.16244e-02
 Reference value :  2.16281e-02
 Reference value :  2.16305e-02
 Reference value :  2.16340e-02
 Reference value :  2.16365e-02
 Reference value :  2.16390e-02
 Reference value :  2.16415e-02
 Reference value :  2.16439e-02
 Reference value :  2.16476e-02
 Reference value :  2.16501e-02
 Reference value :  2.16536e-02
 Reference value :  2.16561e-02
 Reference value :  2.16586e-02
 Reference value :  2.16610e-02
 Reference value :  2.16635e-02
 Reference value :  2.16660e-02
 Reference value :  2.16696e-02
 Reference value :  2.16721e-02
 Reference value :  2.16746e-02
 Reference value :  2.16781e-02
 Reference value :  2.16806e-02
 Reference value :  2.16831e-02
 Reference value :  2.16855e-02
 Reference value :  2.16880e-02
 Reference value :  2.16905e-02
 Reference value :  2.16929e-02
 Reference value :  2.16954e-02
 Reference value :  2.16991e-02
 Reference value :  2.17015e-02
 Reference value :  2.17040e-02
 Reference value :  2.17075e-02
 Reference value :  2.17100e-02
 Reference value :  2.17125e-02
 Reference value :  2.17150e-02
 Reference value :  2.17187e-02
 Reference value :  2.17222e-02
 Reference value :  2.17247e-02
 Reference value :  2.17272e-02
 Reference value :  2.17309e-02
 Reference value :  2.17333e-02
 Reference value :  2.17358e-02
 Reference value :  2.17393e-02
 Reference value :  2.17418e-02
 Reference value :  2.17443e-02
 Reference value :  2.17468e-02
 Reference value :  2.17503e-02
 Reference value :  2.17529e-02
 Reference value :  2.17554e-02
 Reference value :  2.17579e-02
 Reference value :  2.17613e-02
 Reference value :  2.17639e-02
 Reference value :  2.17664e-02
 Reference value :  2.17689e-02
 Reference value :  2.17725e-02
 Reference value :  2.17749e-02
 Reference value :  2.17785e-02
 Reference value :  2.17809e-02
 Reference value :  2.17834e-02
 Reference value :  2.17862e-02
 Reference value :  2.17896e-02
 Reference value :  2.17921e-02
 Reference value :  2.17957e-02
 Reference value :  2.17994e-02
 Reference value :  2.18018e-02
 Reference value :  2.18054e-02
 Reference value :  2.18079e-02
 Reference value :  2.18103e-02
 Reference value :  2.18139e-02
 Reference value :  2.18165e-02
 Reference value :  2.18190e-02
 Reference value :  2.18224e-02
 Reference value :  2.18250e-02
 Reference value :  2.18275e-02
 Reference value :  2.18299e-02
 Reference value :  2.18324e-02
 Reference value :  2.18348e-02
 Reference value :  2.18373e-02
 Reference value :  2.18410e-02
 Reference value :  2.18435e-02
 Reference value :  2.18470e-02
 Reference value :  2.18495e-02
 Reference value :  2.18520e-02
 Reference value :  2.18544e-02
 Reference value :  2.18569e-02
 Reference value :  2.18605e-02
 Reference value :  2.18631e-02
 Reference value :  2.18666e-02
 Reference value :  2.18691e-02
 Reference value :  2.18716e-02
 Reference value :  2.18740e-02
 Reference value :  2.18765e-02
 Reference value :  2.18802e-02
 Reference value :  2.18827e-02
 Reference value :  2.18862e-02
 Reference value :  2.18887e-02
 Reference value :  2.18912e-02
 Reference value :  2.18949e-02
 Reference value :  2.18974e-02
 Reference value :  2.18998e-02
 Reference value :  2.19033e-02
 Reference value :  2.19058e-02
 Reference value :  2.19083e-02
 Reference value :  2.19108e-02
 Reference value :  2.19132e-02
 Reference value :  2.19157e-02
 Reference value :  2.19181e-02
 Reference value :  2.19206e-02
 Reference value :  2.19231e-02
 Reference value :  2.19257e-02
 Reference value :  2.19293e-02
 Reference value :  2.19318e-02
 Reference value :  2.19353e-02
 Reference value :  2.19378e-02
 Reference value :  2.19402e-02
 Reference value :  2.19427e-02
 Reference value :  2.19464e-02
 Reference value :  2.19489e-02
 Reference value :  2.19515e-02
 Reference value :  2.19540e-02
 Reference value :  2.19573e-02
 Reference value :  2.19598e-02
 Reference value :  2.19622e-02
 Reference value :  2.19647e-02
 Reference value :  2.19683e-02
 Reference value :  2.19706e-02
 Reference value :  2.19722e-02
 Reference value :  2.19758e-02
 Reference value :  2.19792e-02
 Reference value :  2.19818e-02
 Reference value :  2.19842e-02
 Reference value :  2.19867e-02
 Reference value :  2.19892e-02
 Reference value :  2.19929e-02
 Reference value :  2.19953e-02
 Reference value :  2.19978e-02
 Reference value :  2.20006e-02
 Reference value :  2.20038e-02
 Reference value :  2.20063e-02
 Reference value :  2.20093e-02
 Reference value :  2.20125e-02
 Reference value :  2.20149e-02
 Reference value :  2.20174e-02
 Reference value :  2.20198e-02
 Reference value :  2.20223e-02
 Reference value :  2.20258e-02
 Reference value :  2.20283e-02
 Reference value :  2.20308e-02
 Reference value :  2.20333e-02
 Reference value :  2.20370e-02
 Reference value :  2.20395e-02
 Reference value :  2.20430e-02
 Reference value :  2.20455e-02
 Reference value :  2.20479e-02
 Reference value :  2.20515e-02
 Reference value :  2.20542e-02
 Reference value :  2.20566e-02
 Reference value :  2.20602e-02
 Reference value :  2.20626e-02
 Reference value :  2.20651e-02
 Reference value :  2.20688e-02
 Reference value :  2.20713e-02
 Reference value :  2.20748e-02
 Reference value :  2.20773e-02
 Reference value :  2.20808e-02
 Reference value :  2.20835e-02
 Reference value :  2.20860e-02
 Reference value :  2.20895e-02
 Reference value :  2.20920e-02
 Reference value :  2.20944e-02
 Reference value :  2.20980e-02
 Reference value :  2.21006e-02
 Reference value :  2.21040e-02
 Reference value :  2.21066e-02
 Reference value :  2.21091e-02
 Reference value :  2.21116e-02
 Reference value :  2.21152e-02
 Reference value :  2.21177e-02
 Reference value :  2.21203e-02
 Reference value :  2.21237e-02
 Reference value :  2.21262e-02
 Reference value :  2.21299e-02
 Reference value :  2.21324e-02
 Reference value :  2.21351e-02
 Reference value :  2.21384e-02
 Reference value :  2.21409e-02
 Reference value :  2.21433e-02
 Reference value :  2.21458e-02
 Reference value :  2.21483e-02
 Reference value :  2.21508e-02
 Reference value :  2.21532e-02
 Reference value :  2.21569e-02
 Reference value :  2.21604e-02
 Reference value :  2.21629e-02
 Reference value :  2.21654e-02
 Reference value :  2.21679e-02
 Reference value :  2.21703e-02
 Reference value :  2.21741e-02
 Reference value :  2.21765e-02
 Reference value :  2.21801e-02
 Reference value :  2.21825e-02
 Reference value :  2.21850e-02
 Reference value :  2.21874e-02
 Reference value :  2.21900e-02
 Reference value :  2.21937e-02
 Reference value :  2.21972e-02
 Reference value :  2.21996e-02
 Reference value :  2.22021e-02
 Reference value :  2.22046e-02
 Reference value :  2.22083e-02
 Reference value :  2.22118e-02
 Reference value :  2.22143e-02
 Reference value :  2.22181e-02
 Reference value :  2.22205e-02
 Reference value :  2.22231e-02
 Reference value :  2.22265e-02
 Reference value :  2.22290e-02
 Reference value :  2.22315e-02
 Reference value :  2.22343e-02
 Reference value :  2.22377e-02
 Reference value :  2.22401e-02
 Reference value :  2.22437e-02
 Reference value :  2.22461e-02
 Reference value :  2.22487e-02
 Reference value :  2.22511e-02
 Reference value :  2.22547e-02
 Reference value :  2.22573e-02
 Reference value :  2.22607e-02
 Reference value :  2.22632e-02
 Reference value :  2.22657e-02
 Reference value :  2.22693e-02
 Reference value :  2.22719e-02
 Reference value :  2.22744e-02
 Reference value :  2.22780e-02
 Reference value :  2.22805e-02
 Reference value :  2.22842e-02
 Reference value :  2.22867e-02
 Reference value :  2.22902e-02
 Reference value :  2.22926e-02
 Reference value :  2.22951e-02
 Reference value :  2.22978e-02
 Reference value :  2.23014e-02
 Reference value :  2.23049e-02
 Reference value :  2.23073e-02
 Reference value :  2.23098e-02
 Reference value :  2.23123e-02
 Reference value :  2.23147e-02
 Reference value :  2.23185e-02
 Reference value :  2.23210e-02
 Reference value :  2.23234e-02
 Reference value :  2.23259e-02
 Reference value :  2.23284e-02
 Reference value :  2.23308e-02
 Reference value :  2.23343e-02
 Reference value :  2.23368e-02
 Reference value :  2.23392e-02
 Reference value :  2.23430e-02
 Reference value :  2.23455e-02
 Reference value :  2.23490e-02
 Reference value :  2.23515e-02
 Reference value :  2.23540e-02
 Reference value :  2.23564e-02
 Reference value :  2.23589e-02
 Reference value :  2.23626e-02
 Reference value :  2.23651e-02
 Reference value :  2.23676e-02
 Reference value :  2.23711e-02
 Reference value :  2.23736e-02
 Reference value :  2.23760e-02
 Reference value :  2.23785e-02
 Reference value :  2.23821e-02
 Reference value :  2.23847e-02
 Reference value :  2.23871e-02
 Reference value :  2.23896e-02
 Reference value :  2.23931e-02
 Reference value :  2.23955e-02
 Reference value :  2.23980e-02
 Reference value :  2.24005e-02
 Reference value :  2.24030e-02
 Reference value :  2.24066e-02
 Reference value :  2.24092e-02
 Reference value :  2.24127e-02
 Reference value :  2.24163e-02
 Reference value :  2.24188e-02
 Reference value :  2.24213e-02
 Reference value :  2.24238e-02
 Reference value :  2.24273e-02
 Reference value :  2.24298e-02
 Reference value :  2.24323e-02
 Reference value :  2.24347e-02
 Reference value :  2.24371e-02
 Reference value :  2.24396e-02
 Reference value :  2.24421e-02
 Reference value :  2.24445e-02
 Reference value :  2.24470e-02
 Reference value :  2.24495e-02
 Reference value :  2.24532e-02
 Reference value :  2.24556e-02
 Reference value :  2.24581e-02
 Reference value :  2.24605e-02
 Reference value :  2.24631e-02
 Reference value :  2.24666e-02
 Reference value :  2.24690e-02
 Reference value :  2.24715e-02
 Reference value :  2.24739e-02
 Reference value :  2.24764e-02
 Reference value :  2.24789e-02
 Reference value :  2.24813e-02
 Reference value :  2.24839e-02
 Reference value :  2.24876e-02
 Reference value :  2.24910e-02
 Reference value :  2.24936e-02
 Reference value :  2.24960e-02
 Reference value :  2.24985e-02
 Reference value :  2.25009e-02
 Reference value :  2.25034e-02
 Reference value :  2.25059e-02
 Reference value :  2.25096e-02
 Reference value :  2.25120e-02
 Reference value :  2.25156e-02
 Reference value :  2.25181e-02
 Reference value :  2.25217e-02
 Reference value :  2.25242e-02
 Reference value :  2.25277e-02
 Reference value :  2.25302e-02
 Reference value :  2.25327e-02
 Reference value :  2.25352e-02
 Reference value :  2.25388e-02
 Reference value :  2.25414e-02
 Reference value :  2.25438e-02
 Reference value :  2.25463e-02
 Reference value :  2.25498e-02
 Reference value :  2.25523e-02
 Reference value :  2.25547e-02
 Reference value :  2.25572e-02
 Reference value :  2.25597e-02
 Reference value :  2.25633e-02
 Reference value :  2.25658e-02
 Reference value :  2.25683e-02
 Reference value :  2.25719e-02
 Reference value :  2.25744e-02
 Reference value :  2.25769e-02
 Reference value :  2.25805e-02
 Reference value :  2.25840e-02
 Reference value :  2.25865e-02
 Reference value :  2.25890e-02
 Reference value :  2.25915e-02
 Reference value :  2.25952e-02
 Reference value :  2.25986e-02
 Reference value :  2.26012e-02
 Reference value :  2.26037e-02
 Reference value :  2.26062e-02
 Reference value :  2.26086e-02
 Reference value :  2.26124e-02
 Reference value :  2.26148e-02
 Reference value :  2.26173e-02
 Reference value :  2.26197e-02
 Reference value :  2.26232e-02
 Reference value :  2.26257e-02
 Reference value :  2.26282e-02
 Reference value :  2.26306e-02
 Reference value :  2.26331e-02
 Reference value :  2.26355e-02
 Reference value :  2.26380e-02
 Reference value :  2.26417e-02
 Reference value :  2.26442e-02
 Reference value :  2.26477e-02
 Reference value :  2.26502e-02
 Reference value :  2.26527e-02
 Reference value :  2.26551e-02
 Reference value :  2.26576e-02
 Reference value :  2.26613e-02
 Reference value :  2.26638e-02
 Reference value :  2.26663e-02
 Reference value :  2.26689e-02
 Reference value :  2.26714e-02
 Reference value :  2.26747e-02
 Reference value :  2.26772e-02
 Reference value :  2.26797e-02
 Reference value :  2.26822e-02
 Reference value :  2.26859e-02
 Reference value :  2.26895e-02
 Reference value :  2.26919e-02
 Reference value :  2.26944e-02
 Reference value :  2.26968e-02
 Reference value :  2.26993e-02
 Reference value :  2.27017e-02
 Reference value :  2.27043e-02
 Reference value :  2.27079e-02
 Reference value :  2.27104e-02
 Reference value :  2.27138e-02
 Reference value :  2.27165e-02
 Reference value :  2.27189e-02
 Reference value :  2.27214e-02
 Reference value :  2.27239e-02
 Reference value :  2.27263e-02
 Reference value :  2.27288e-02
 Reference value :  2.27325e-02
 Reference value :  2.27350e-02
 Reference value :  2.27374e-02
 Reference value :  2.27399e-02
 Reference value :  2.27433e-02
 Reference value :  2.27459e-02
 Reference value :  2.27484e-02
 Reference value :  2.27508e-02
 Reference value :  2.27533e-02
 Reference value :  2.27557e-02
 Reference value :  2.27585e-02
 Reference value :  2.27619e-02
 Reference value :  2.27645e-02
 Reference value :  2.27679e-02
 Reference value :  2.27704e-02
 Reference value :  2.27729e-02
 Reference value :  2.27754e-02
 Reference value :  2.27778e-02
 Reference value :  2.27803e-02
 Reference value :  2.27827e-02
 Reference value :  2.27853e-02
 Reference value :  2.27889e-02
 Reference value :  2.27914e-02
 Reference value :  2.27949e-02
 Reference value :  2.27974e-02
 Reference value :  2.27998e-02
 Reference value :  2.28023e-02
 Reference value :  2.28048e-02
 Reference value :  2.28085e-02
 Reference value :  2.28121e-02
 Reference value :  2.28146e-02
 Reference value :  2.28170e-02
 Reference value :  2.28195e-02
 Reference value :  2.28220e-02
 Reference value :  2.28245e-02
 Reference value :  2.28282e-02
 Reference value :  2.28306e-02
 Reference value :  2.28341e-02
 Reference value :  2.28366e-02
 Reference value :  2.28391e-02
 Reference value :  2.28415e-02
 Reference value :  2.28440e-02
 Reference value :  2.28464e-02
 Reference value :  2.28489e-02
 Reference value :  2.28514e-02
 Reference value :  2.28551e-02
 Reference value :  2.28586e-02
 Reference value :  2.28611e-02
 Reference value :  2.28635e-02
 Reference value :  2.28660e-02
 Reference value :  2.28685e-02
 Reference value :  2.28722e-02
 Reference value :  2.28747e-02
 Reference value :  2.28781e-02
 Reference value :  2.28807e-02
 Reference value :  2.28832e-02
 Reference value :  2.28857e-02
 Reference value :  2.28881e-02
 Reference value :  2.28906e-02
 Reference value :  2.28932e-02
 Reference value :  2.28968e-02
 Reference value :  2.28995e-02
 Reference value :  2.29028e-02
 Reference value :  2.29052e-02
 Reference value :  2.29077e-02
 Reference value :  2.29102e-02
 Reference value :  2.29139e-02
 Reference value :  2.29164e-02
 Reference value :  2.29199e-02
 Reference value :  2.29223e-02
 Reference value :  2.29261e-02
 Reference value :  2.29285e-02
 Reference value :  2.29321e-02
 Reference value :  2.29346e-02
 Reference value :  2.29383e-02
 Reference value :  2.29418e-02
 Reference value :  2.29443e-02
 Reference value :  2.29468e-02
 Reference value :  2.29493e-02
 Reference value :  2.29517e-02
 Reference value :  2.29542e-02
 Reference value :  2.29579e-02
 Reference value :  2.29604e-02
 Reference value :  2.29628e-02
 Reference value :  2.29653e-02
 Reference value :  2.29678e-02
 Reference value :  2.29702e-02
 Reference value :  2.29729e-02
 Reference value :  2.29762e-02
 Reference value :  2.29787e-02
 Reference value :  2.29824e-02
 Reference value :  2.29849e-02
 Reference value :  2.29874e-02
 Reference value :  2.29909e-02
 Reference value :  2.29934e-02
 Reference value :  2.29958e-02
 Reference value :  2.29983e-02
 Reference value :  2.30009e-02
 Reference value :  2.30045e-02
 Reference value :  2.30070e-02
 Reference value :  2.30095e-02
 Reference value :  2.30130e-02
 Reference value :  2.30155e-02
 Reference value :  2.30179e-02
 Reference value :  2.30204e-02
 Reference value :  2.30229e-02
 Reference value :  2.30266e-02
 Reference value :  2.30301e-02
 Reference value :  2.30326e-02
 Reference value :  2.30351e-02
 Reference value :  2.30375e-02
 Reference value :  2.30401e-02
 Reference value :  2.30437e-02
 Reference value :  2.30463e-02
 Reference value :  2.30497e-02
 Reference value :  2.30522e-02
 Reference value :  2.30547e-02
 Reference value :  2.30584e-02
 Reference value :  2.30609e-02
 Reference value :  2.30633e-02
 Reference value :  2.30668e-02
 Reference value :  2.30693e-02
 Reference value :  2.30718e-02
 Reference value :  2.30742e-02
 Reference value :  2.30767e-02
 Reference value :  2.30804e-02
 Reference value :  2.30829e-02
 Reference value :  2.30853e-02
 Reference value :  2.30887e-02
 Reference value :  2.30913e-02
 Reference value :  2.30938e-02
 Reference value :  2.30975e-02
 Reference value :  2.31001e-02
 Reference value :  2.31036e-02
 Reference value :  2.31061e-02
 Reference value :  2.31085e-02
 Reference value :  2.31110e-02
 Reference value :  2.31134e-02
 Reference value :  2.31159e-02
 Reference value :  2.31185e-02
 Reference value :  2.31222e-02
 Reference value :  2.31257e-02
 Reference value :  2.31281e-02
 Reference value :  2.31306e-02
 Reference value :  2.31331e-02
 Reference value :  2.31356e-02
 Reference value :  2.31393e-02
 Reference value :  2.31418e-02
 Reference value :  2.31442e-02
 Reference value :  2.31467e-02
 Reference value :  2.31502e-02
 Reference value :  2.31527e-02
 Reference value :  2.31552e-02
 Reference value :  2.31576e-02
 Reference value :  2.31601e-02
 Reference value :  2.31625e-02
 Reference value :  2.31650e-02
 Reference value :  2.31675e-02
 Reference value :  2.31700e-02
 Reference value :  2.31737e-02
 Reference value :  2.31772e-02
 Reference value :  2.31797e-02
 Reference value :  2.31821e-02
 Reference value :  2.31859e-02
 Reference value :  2.31883e-02
 Reference value :  2.31918e-02
 Reference value :  2.31943e-02
 Reference value :  2.31968e-02
 Reference value :  2.31992e-02
 Reference value :  2.32017e-02
 Reference value :  2.32054e-02
 Reference value :  2.32079e-02
 Reference value :  2.32103e-02
 Reference value :  2.32128e-02
 Reference value :  2.32163e-02
 Reference value :  2.32188e-02
 Reference value :  2.32212e-02
 Reference value :  2.32237e-02
 Reference value :  2.32262e-02
 Reference value :  2.32286e-02
 Reference value :  2.32311e-02
 Reference value :  2.32335e-02
 Reference value :  2.32372e-02
 Reference value :  2.32397e-02
 Reference value :  2.32423e-02
 Reference value :  2.32458e-02
 Reference value :  2.32482e-02
 Reference value :  2.32508e-02
 Reference value :  2.32544e-02
 Reference value :  2.32569e-02
 Reference value :  2.32605e-02
 Reference value :  2.32629e-02
 Reference value :  2.32654e-02
 Reference value :  2.32691e-02
 Reference value :  2.32716e-02
 Reference value :  2.32751e-02
 Reference value :  2.32776e-02
 Reference value :  2.32813e-02
 Reference value :  2.32838e-02
 Reference value :  2.32862e-02
 Reference value :  2.32896e-02
 Reference value :  2.32922e-02
 Reference value :  2.32947e-02
 Reference value :  2.32972e-02
 Reference value :  2.32996e-02
 Reference value :  2.33021e-02
 Reference value :  2.33046e-02
 Reference value :  2.33083e-02
 Reference value :  2.33108e-02
 Reference value :  2.33143e-02
 Reference value :  2.33168e-02
 Reference value :  2.33205e-02
 Reference value :  2.33230e-02
 Reference value :  2.33255e-02
 Reference value :  2.33279e-02
 Reference value :  2.33304e-02
 Reference value :  2.33338e-02
 Reference value :  2.33364e-02
 Reference value :  2.33388e-02
 Reference value :  2.33413e-02
 Reference value :  2.33438e-02
 Reference value :  2.33462e-02
 Reference value :  2.33487e-02
 Reference value :  2.33512e-02
 Reference value :  2.33548e-02
 Reference value :  2.33573e-02
 Reference value :  2.33598e-02
 Reference value :  2.33622e-02
 Reference value :  2.33658e-02
 Reference value :  2.33683e-02
 Reference value :  2.33707e-02
 Reference value :  2.33732e-02
 Reference value :  2.33756e-02
 Reference value :  2.33782e-02
 Reference value :  2.33819e-02
 Reference value :  2.33854e-02
 Reference value :  2.33878e-02
 Reference value :  2.33903e-02
 Reference value :  2.33928e-02
 Reference value :  2.33956e-02
 Reference value :  2.33990e-02
 Reference value :  2.34015e-02
 Reference value :  2.34039e-02
 Reference value :  2.34075e-02
 Reference value :  2.34099e-02
 Reference value :  2.34124e-02
 Reference value :  2.34148e-02
 Reference value :  2.34173e-02
 Reference value :  2.34198e-02
 Reference value :  2.34222e-02
 Reference value :  2.34260e-02
 Reference value :  2.34285e-02
 Reference value :  2.34309e-02
 Reference value :  2.34344e-02
 Reference value :  2.34369e-02
 Reference value :  2.34394e-02
 Reference value :  2.34419e-02
 Reference value :  2.34443e-02
 Reference value :  2.34469e-02
 Reference value :  2.34506e-02
 Reference value :  2.34530e-02
 Reference value :  2.34555e-02
 Reference value :  2.34580e-02
 Reference value :  2.34615e-02
 Reference value :  2.34640e-02
 Reference value :  2.34664e-02
 Reference value :  2.34689e-02
 Reference value :  2.34714e-02
 Reference value :  2.34739e-02
 Reference value :  2.34775e-02
 Reference value :  2.34800e-02
 Reference value :  2.34825e-02
 Reference value :  2.34860e-02
 Reference value :  2.34885e-02
 Reference value :  2.34910e-02
 Reference value :  2.34935e-02
 Reference value :  2.34959e-02
 Reference value :  2.34984e-02
 Reference value :  2.35021e-02
 Reference value :  2.35046e-02
 Reference value :  2.35071e-02
 Reference value :  2.35106e-02
 Reference value :  2.35131e-02
 Reference value :  2.35155e-02
 Reference value :  2.35180e-02
 Reference value :  2.35218e-02
 Reference value :  2.35242e-02
 Reference value :  2.35278e-02
 Reference value :  2.35302e-02
 Reference value :  2.35327e-02
 Reference value :  2.35351e-02
 Reference value :  2.35376e-02
 Reference value :  2.35401e-02
 Reference value :  2.35438e-02
 Reference value :  2.35463e-02
 Reference value :  2.35498e-02
 Reference value :  2.35523e-02
 Reference value :  2.35548e-02
 Reference value :  2.35572e-02
 Reference value :  2.35597e-02
 Reference value :  2.35622e-02
 Reference value :  2.35649e-02
 Reference value :  2.35684e-02
 Reference value :  2.35708e-02
 Reference value :  2.35743e-02
 Reference value :  2.35768e-02
 Reference value :  2.35793e-02
 Reference value :  2.35817e-02
 Reference value :  2.35842e-02
 Reference value :  2.35879e-02
 Reference value :  2.35904e-02
 Reference value :  2.35929e-02
 Reference value :  2.35953e-02
 Reference value :  2.35987e-02
 Reference value :  2.36013e-02
 Reference value :  2.36038e-02
 Reference value :  2.36062e-02
 Reference value :  2.36087e-02
 Reference value :  2.36112e-02
 Reference value :  2.36137e-02
 Reference value :  2.36167e-02
 Reference value :  2.36199e-02
 Reference value :  2.36234e-02
 Reference value :  2.36258e-02
 Reference value :  2.36283e-02
 Reference value :  2.36307e-02
 Reference value :  2.36332e-02
 Reference value :  2.36357e-02
 Reference value :  2.36383e-02
 Reference value :  2.36418e-02
 Reference value :  2.36443e-02
 Reference value :  2.36467e-02
 Reference value :  2.36492e-02
 Reference value :  2.36518e-02
 Reference value :  2.36552e-02
 Reference value :  2.36577e-02
 Reference value :  2.36602e-02
 Reference value :  2.36630e-02
 Reference value :  2.36664e-02
 Reference value :  2.36688e-02
 Reference value :  2.36713e-02
 Reference value :  2.36748e-02
 Reference value :  2.36773e-02
 Reference value :  2.36798e-02
 Reference value :  2.36835e-02
 Reference value :  2.36859e-02
 Reference value :  2.36895e-02
 Reference value :  2.36920e-02
 Reference value :  2.36944e-02
 Reference value :  2.36969e-02
 Reference value :  2.36994e-02
 Reference value :  2.37018e-02
 Reference value :  2.37043e-02
 Reference value :  2.37070e-02
 Reference value :  2.37105e-02
 Reference value :  2.37129e-02
 Reference value :  2.37154e-02
 Reference value :  2.37189e-02
 Reference value :  2.37216e-02
 Reference value :  2.37243e-02
 Reference value :  2.37276e-02
 Reference value :  2.37300e-02
 Reference value :  2.37325e-02
 Reference value :  2.37350e-02
 Reference value :  2.37374e-02
 Reference value :  2.37401e-02
 Reference value :  2.37434e-02
 Reference value :  2.37459e-02
 Reference value :  2.37483e-02
 Reference value :  2.37508e-02
 Reference value :  2.37532e-02
 Reference value :  2.37557e-02
 Reference value :  2.37584e-02
 Reference value :  2.37619e-02
 Reference value :  2.37644e-02
 Reference value :  2.37669e-02
 Reference value :  2.37704e-02
 Reference value :  2.37729e-02
 Reference value :  2.37753e-02
 Reference value :  2.37778e-02
 Reference value :  2.37803e-02
 Reference value :  2.37827e-02
 Reference value :  2.37853e-02
 Reference value :  2.37877e-02
 Reference value :  2.37913e-02
 Reference value :  2.37939e-02
 Reference value :  2.37964e-02
 Reference value :  2.37999e-02
 Reference value :  2.38023e-02
 Reference value :  2.38048e-02
 Reference value :  2.38073e-02
 Reference value :  2.38098e-02
 Reference value :  2.38123e-02
 Reference value :  2.38159e-02
 Reference value :  2.38184e-02
 Reference value :  2.38219e-02
 Reference value :  2.38244e-02
 Reference value :  2.38268e-02
 Reference value :  2.38293e-02
 Reference value :  2.38318e-02
 Reference value :  2.38343e-02
 Reference value :  2.38380e-02
 Reference value :  2.38405e-02
 Reference value :  2.38439e-02
 Reference value :  2.38465e-02
 Reference value :  2.38489e-02
 Reference value :  2.38514e-02
 Reference value :  2.38539e-02
 Reference value :  2.38565e-02
 Reference value :  2.38589e-02
 Reference value :  2.38625e-02
 Reference value :  2.38650e-02
 Reference value :  2.38675e-02
 Reference value :  2.38710e-02
 Reference value :  2.38734e-02
 Reference value :  2.38759e-02
 Reference value :  2.38784e-02
 Reference value :  2.38808e-02
 Reference value :  2.38833e-02
 Reference value :  2.38858e-02
 Reference value :  2.38882e-02
 Reference value :  2.38920e-02
 Reference value :  2.38947e-02
 Reference value :  2.38980e-02
 Reference value :  2.39005e-02
 Reference value :  2.39030e-02
 Reference value :  2.39055e-02
 Reference value :  2.39091e-02
 Reference value :  2.39116e-02
 Reference value :  2.39141e-02
 Reference value :  2.39165e-02
 Reference value :  2.39201e-02
 Reference value :  2.39225e-02
 Reference value :  2.39250e-02
 Reference value :  2.39275e-02
 Reference value :  2.39311e-02
 Reference value :  2.39337e-02
 Reference value :  2.39362e-02
 Reference value :  2.39386e-02
 Reference value :  2.39411e-02
 Reference value :  2.39446e-02
 Reference value :  2.39471e-02
 Reference value :  2.39495e-02
 Reference value :  2.39520e-02
 Reference value :  2.39545e-02
 Reference value :  2.39569e-02
 Reference value :  2.39595e-02
 Reference value :  2.39629e-02
 Reference value :  2.39656e-02
 Reference value :  2.39681e-02
 Reference value :  2.39706e-02
 Reference value :  2.39741e-02
 Reference value :  2.39766e-02
 Reference value :  2.39790e-02
 Reference value :  2.39815e-02
 Reference value :  2.39840e-02
 Reference value :  2.39864e-02
 Reference value :  2.39889e-02
 Reference value :  2.39927e-02
 Reference value :  2.39951e-02
 Reference value :  2.39987e-02
 Reference value :  2.40011e-02
 Reference value :  2.40036e-02
 Reference value :  2.40061e-02
 Reference value :  2.40085e-02
 Reference value :  2.40123e-02
 Reference value :  2.40149e-02
 Reference value :  2.40183e-02
 Reference value :  2.40207e-02
 Reference value :  2.40233e-02
 Reference value :  2.40270e-02
 Reference value :  2.40305e-02
 Reference value :  2.40329e-02
 Reference value :  2.40354e-02
 Reference value :  2.40379e-02
 Reference value :  2.40404e-02
 Reference value :  2.40440e-02
 Reference value :  2.40465e-02
 Reference value :  2.40490e-02
 Reference value :  2.40515e-02
 Reference value :  2.40550e-02
 Reference value :  2.40587e-02
 Reference value :  2.40622e-02
 Reference value :  2.40648e-02
 Reference value :  2.40672e-02
 Reference value :  2.40697e-02
 Reference value :  2.40722e-02
 Reference value :  2.40746e-02
 Reference value :  2.40771e-02
 Reference value :  2.40796e-02
 Reference value :  2.40825e-02
 Reference value :  2.40857e-02
 Reference value :  2.40882e-02
 Reference value :  2.40907e-02
 Reference value :  2.40942e-02
 Reference value :  2.40967e-02
 Reference value :  2.40992e-02
 Reference value :  2.41016e-02
 Reference value :  2.41041e-02
 Reference value :  2.41065e-02
 Reference value :  2.41090e-02
 Reference value :  2.41116e-02
 Reference value :  2.41152e-02
 Reference value :  2.41176e-02
 Reference value :  2.41201e-02
 Reference value :  2.41236e-02
 Reference value :  2.41261e-02
 Reference value :  2.41286e-02
 Reference value :  2.41323e-02
 Reference value :  2.41348e-02
 Reference value :  2.41372e-02
 Reference value :  2.41397e-02
 Reference value :  2.41422e-02
 Reference value :  2.41446e-02
 Reference value :  2.41471e-02
 Reference value :  2.41495e-02
 Reference value :  2.41531e-02
 Reference value :  2.41555e-02
 Reference value :  2.41580e-02
 Reference value :  2.41605e-02
 Reference value :  2.41630e-02
 Reference value :  2.41654e-02
 Reference value :  2.41680e-02
 Reference value :  2.41716e-02
 Reference value :  2.41741e-02
 Reference value :  2.41765e-02
 Reference value :  2.41790e-02
 Reference value :  2.41816e-02
 Reference value :  2.41850e-02
 Reference value :  2.41875e-02
 Reference value :  2.41899e-02
 Reference value :  2.41924e-02
 Reference value :  2.41949e-02
 Reference value :  2.41973e-02
 Reference value :  2.41999e-02
 Reference value :  2.42035e-02
 Reference value :  2.42060e-02
 Reference value :  2.42085e-02
 Reference value :  2.42109e-02
 Reference value :  2.42144e-02
 Reference value :  2.42169e-02
 Reference value :  2.42194e-02
 Reference value :  2.42219e-02
 Reference value :  2.42243e-02
 Reference value :  2.42268e-02
 Reference value :  2.42293e-02
 Reference value :  2.42330e-02
 Reference value :  2.42355e-02
 Reference value :  2.42390e-02
 Reference value :  2.42415e-02
 Reference value :  2.42439e-02
 Reference value :  2.42475e-02
 Reference value :  2.42501e-02
 Reference value :  2.42537e-02
 Reference value :  2.42562e-02
 Reference value :  2.42587e-02
 Reference value :  2.42623e-02
 Reference value :  2.42648e-02
 Reference value :  2.42674e-02
 Reference value :  2.42708e-02
 Reference value :  2.42733e-02
 Reference value :  2.42758e-02
 Reference value :  2.42782e-02
 Reference value :  2.42807e-02
 Reference value :  2.42831e-02
 Reference value :  2.42856e-02
 Reference value :  2.42880e-02
 Reference value :  2.42905e-02
 Reference value :  2.42930e-02
 Reference value :  2.42954e-02
 Reference value :  2.42992e-02
 Reference value :  2.43027e-02
 Reference value :  2.43052e-02
 Reference value :  2.43076e-02
 Reference value :  2.43101e-02
 Reference value :  2.43126e-02
 Reference value :  2.43153e-02
 Reference value :  2.43187e-02
 Reference value :  2.43212e-02
 Reference value :  2.43237e-02
 Reference value :  2.43272e-02
 Reference value :  2.43296e-02
 Reference value :  2.43333e-02
 Reference value :  2.43359e-02
 Reference value :  2.43383e-02
 Reference value :  2.43418e-02
 Reference value :  2.43443e-02
 Reference value :  2.43467e-02
 Reference value :  2.43492e-02
 Reference value :  2.43517e-02
 Reference value :  2.43554e-02
 Reference value :  2.43579e-02
 Reference value :  2.43604e-02
 Reference value :  2.43639e-02
 Reference value :  2.43663e-02
 Reference value :  2.43688e-02
 Reference value :  2.43726e-02
 Reference value :  2.43761e-02
 Reference value :  2.43786e-02
 Reference value :  2.43823e-02
 Reference value :  2.43848e-02
 Reference value :  2.43874e-02
 Reference value :  2.43908e-02
 Reference value :  2.43933e-02
 Reference value :  2.43957e-02
 Reference value :  2.43982e-02
 Reference value :  2.44019e-02
 Reference value :  2.44053e-02
 Reference value :  2.44080e-02
 Reference value :  2.44104e-02
 Reference value :  2.44133e-02
 Reference value :  2.44166e-02
 Reference value :  2.44190e-02
 Reference value :  2.44215e-02
 Reference value :  2.44240e-02
 Reference value :  2.44275e-02
 Reference value :  2.44299e-02
 Reference value :  2.44324e-02
 Reference value :  2.44349e-02
 Reference value :  2.44374e-02
 Reference value :  2.44411e-02
 Reference value :  2.44436e-02
 Reference value :  2.44460e-02
 Reference value :  2.44485e-02
 Reference value :  2.44509e-02
 Reference value :  2.44533e-02
 Reference value :  2.44558e-02
 Reference value :  2.44583e-02
 Reference value :  2.44608e-02
 Reference value :  2.44632e-02
 Reference value :  2.44657e-02
 Reference value :  2.44682e-02
 Reference value :  2.44715e-02
 Reference value :  2.44741e-02
 Reference value :  2.44765e-02
 Reference value :  2.44790e-02
 Reference value :  2.44815e-02
 Reference value :  2.44839e-02
 Reference value :  2.44864e-02
 Reference value :  2.44901e-02
 Reference value :  2.44926e-02
 Reference value :  2.44951e-02
 Reference value :  2.44985e-02
 Reference value :  2.45010e-02
 Reference value :  2.45035e-02
 Reference value :  2.45058e-02
 Reference value :  2.45084e-02
 Reference value :  2.45109e-02
 Reference value :  2.45133e-02
 Reference value :  2.45158e-02
 Reference value :  2.45183e-02
 Reference value :  2.45220e-02
 Reference value :  2.45254e-02
 Reference value :  2.45280e-02
 Reference value :  2.45305e-02
 Reference value :  2.45329e-02
 Reference value :  2.45354e-02
 Reference value :  2.45391e-02
 Reference value :  2.45416e-02
 Reference value :  2.45440e-02
 Reference value :  2.45474e-02
 Reference value :  2.45500e-02
 Reference value :  2.45525e-02
 Reference value :  2.45551e-02
 Reference value :  2.45587e-02
 Reference value :  2.45622e-02
 Reference value :  2.45647e-02
 Reference value :  2.45685e-02
 Reference value :  2.45710e-02
 Reference value :  2.45734e-02
 Reference value :  2.45759e-02
 Reference value :  2.45784e-02
 Reference value :  2.45808e-02
 Reference value :  2.45843e-02
 Reference value :  2.45868e-02
 Reference value :  2.45893e-02
 Reference value :  2.45917e-02
 Reference value :  2.45942e-02
 Reference value :  2.45979e-02
 Reference value :  2.46004e-02
 Reference value :  2.46029e-02
 Reference value :  2.46064e-02
 Reference value :  2.46089e-02
 Reference value :  2.46113e-02
 Reference value :  2.46138e-02
 Reference value :  2.46163e-02
 Reference value :  2.46200e-02
 Reference value :  2.46236e-02
 Reference value :  2.46260e-02
 Reference value :  2.46285e-02
 Reference value :  2.46310e-02
 Reference value :  2.46335e-02
 Reference value :  2.46372e-02
 Reference value :  2.46396e-02
 Reference value :  2.46421e-02
 Reference value :  2.46446e-02
 Reference value :  2.46481e-02
 Reference value :  2.46506e-02
 Reference value :  2.46531e-02
 Reference value :  2.46555e-02
 Reference value :  2.46593e-02
 Reference value :  2.46618e-02
 Reference value :  2.46643e-02
 Reference value :  2.46678e-02
 Reference value :  2.46702e-02
 Reference value :  2.46727e-02
 Reference value :  2.46751e-02
 Reference value :  2.46776e-02
 Reference value :  2.46801e-02
 Reference value :  2.46825e-02
 Reference value :  2.46850e-02
 Reference value :  2.46887e-02
 Reference value :  2.46911e-02
 Reference value :  2.46947e-02
 Reference value :  2.46972e-02
 Reference value :  2.46997e-02
 Reference value :  2.47021e-02
 Reference value :  2.47046e-02
 Reference value :  2.47071e-02
 Reference value :  2.47096e-02
 Reference value :  2.47133e-02
 Reference value :  2.47158e-02
 Reference value :  2.47184e-02
 Reference value :  2.47218e-02
 Reference value :  2.47242e-02
 Reference value :  2.47267e-02
 Reference value :  2.47291e-02
 Reference value :  2.47316e-02
 Reference value :  2.47341e-02
 Reference value :  2.47378e-02
 Reference value :  2.47403e-02
 Reference value :  2.47438e-02
 Reference value :  2.47462e-02
 Reference value :  2.47492e-02
 Reference value :  2.47524e-02
 Reference value :  2.47549e-02
 Reference value :  2.47574e-02
 Reference value :  2.47609e-02
 Reference value :  2.47634e-02
 Reference value :  2.47658e-02
 Reference value :  2.47683e-02
 Reference value :  2.47707e-02
 Reference value :  2.47732e-02
 Reference value :  2.47757e-02
 Reference value :  2.47793e-02
 Reference value :  2.47829e-02
 Reference value :  2.47854e-02
 Reference value :  2.47879e-02
 Reference value :  2.47904e-02
 Reference value :  2.47928e-02
 Reference value :  2.47953e-02
 Reference value :  2.47990e-02
 Reference value :  2.48015e-02
 Reference value :  2.48050e-02
 Reference value :  2.48075e-02
 Reference value :  2.48100e-02
 Reference value :  2.48124e-02
 Reference value :  2.48150e-02
 Reference value :  2.48187e-02
 Reference value :  2.48211e-02
 Reference value :  2.48236e-02
 Reference value :  2.48261e-02
 Reference value :  2.48296e-02
 Reference value :  2.48320e-02
 Reference value :  2.48345e-02
 Reference value :  2.48370e-02
 Reference value :  2.48394e-02
 Reference value :  2.48419e-02
 Reference value :  2.48456e-02
 Reference value :  2.48481e-02
 Reference value :  2.48506e-02
 Reference value :  2.48541e-02
 Reference value :  2.48566e-02
 Reference value :  2.48590e-02
 Reference value :  2.48615e-02
 Reference value :  2.48640e-02
 Reference value :  2.48665e-02
 Reference value :  2.48692e-02
 Reference value :  2.48716e-02
 Reference value :  2.48751e-02
 Reference value :  2.48776e-02
 Reference value :  2.48811e-02
 Reference value :  2.48835e-02
 Reference value :  2.48860e-02
 Reference value :  2.48885e-02
 Reference value :  2.48909e-02
 Reference value :  2.48934e-02
 Reference value :  2.48958e-02
 Reference value :  2.48983e-02
 Reference value :  2.49008e-02
 Reference value :  2.49032e-02
 Reference value :  2.49057e-02
 Reference value :  2.49082e-02
 Reference value :  2.49106e-02
 Reference value :  2.49133e-02
 Reference value :  2.49168e-02
 Reference value :  2.49193e-02
 Reference value :  2.49218e-02
 Reference value :  2.49242e-02
 Reference value :  2.49277e-02
 Reference value :  2.49302e-02
 Reference value :  2.49327e-02
 Reference value :  2.49351e-02
 Reference value :  2.49387e-02
 Reference value :  2.49413e-02
 Reference value :  2.49449e-02
 Reference value :  2.49473e-02
 Reference value :  2.49511e-02
 Reference value :  2.49536e-02
 Reference value :  2.49560e-02
 Reference value :  2.49595e-02
 Reference value :  2.49620e-02
 Reference value :  2.49645e-02
 Reference value :  2.49669e-02
 Reference value :  2.49694e-02
 Reference value :  2.49718e-02
 Reference value :  2.49743e-02
 Reference value :  2.49768e-02
 Reference value :  2.49792e-02
 Reference value :  2.49817e-02
 Reference value :  2.49855e-02
 Reference value :  2.49880e-02
 Reference value :  2.49904e-02
 Reference value :  2.49940e-02
 Reference value :  2.49964e-02
 Reference value :  2.49989e-02
 Reference value :  2.50014e-02
 Reference value :  2.50051e-02
 Reference value :  2.50076e-02
 Reference value :  2.50100e-02
 Reference value :  2.50135e-02
 Reference value :  2.50160e-02
 Reference value :  2.50185e-02
 Reference value :  2.50209e-02
 Reference value :  2.50234e-02
 Reference value :  2.50258e-02
 Reference value :  2.50284e-02
 Reference value :  2.50320e-02
 Reference value :  2.50345e-02
 Reference value :  2.50370e-02
 Reference value :  2.50395e-02
 Reference value :  2.50419e-02
 Reference value :  2.50453e-02
 Reference value :  2.50479e-02
 Reference value :  2.50504e-02
 Reference value :  2.50529e-02
 Reference value :  2.50554e-02
 Reference value :  2.50590e-02
 Reference value :  2.50615e-02
 Reference value :  2.50639e-02
 Reference value :  2.50665e-02
 Reference value :  2.50689e-02
 Reference value :  2.50725e-02
 Reference value :  2.50750e-02
 Reference value :  2.50774e-02
 Reference value :  2.50799e-02
 Reference value :  2.50824e-02
 Reference value :  2.50861e-02
 Reference value :  2.50886e-02
 Reference value :  2.50910e-02
 Reference value :  2.50945e-02
 Reference value :  2.50970e-02
 Reference value :  2.50995e-02
 Reference value :  2.51019e-02
 Reference value :  2.51044e-02
 Reference value :  2.51069e-02
 Reference value :  2.51093e-02
 Reference value :  2.51131e-02
 Reference value :  2.51166e-02
 Reference value :  2.51190e-02
 Reference value :  2.51215e-02
 Reference value :  2.51252e-02
 Reference value :  2.51287e-02
 Reference value :  2.51312e-02
 Reference value :  2.51337e-02
 Reference value :  2.51361e-02
 Reference value :  2.51389e-02
 Reference value :  2.51423e-02
 Reference value :  2.51448e-02
 Reference value :  2.51473e-02
 Reference value :  2.51497e-02
 Reference value :  2.51522e-02
 Reference value :  2.51546e-02
 Reference value :  2.51582e-02
 Reference value :  2.51606e-02
 Reference value :  2.51631e-02
 Reference value :  2.51655e-02
 Reference value :  2.51680e-02
 Reference value :  2.51705e-02
 Reference value :  2.51731e-02
 Reference value :  2.51769e-02
 Reference value :  2.51802e-02
 Reference value :  2.51827e-02
 Reference value :  2.51852e-02
 Reference value :  2.51876e-02
 Reference value :  2.51901e-02
 Reference value :  2.51926e-02
 Reference value :  2.51950e-02
 Reference value :  2.51975e-02
 Reference value :  2.52012e-02
 Reference value :  2.52037e-02
 Reference value :  2.52062e-02
 Reference value :  2.52087e-02
 Reference value :  2.52111e-02
 Reference value :  2.52137e-02
 Reference value :  2.52171e-02
 Reference value :  2.52196e-02
 Reference value :  2.52233e-02
 Reference value :  2.52269e-02
 Reference value :  2.52296e-02
 Reference value :  2.52331e-02
 Reference value :  2.52355e-02
 Reference value :  2.52383e-02
 Reference value :  2.52415e-02
 Reference value :  2.52440e-02
 Reference value :  2.52465e-02
 Reference value :  2.52489e-02
 Reference value :  2.52514e-02
 Reference value :  2.52539e-02
 Reference value :  2.52576e-02
 Reference value :  2.52601e-02
 Reference value :  2.52626e-02
 Reference value :  2.52650e-02
 Reference value :  2.52675e-02
 Reference value :  2.52709e-02
 Reference value :  2.52735e-02
 Reference value :  2.52759e-02
 Reference value :  2.52784e-02
 Reference value :  2.52809e-02
 Reference value :  2.52846e-02
 Reference value :  2.52881e-02
 Reference value :  2.52906e-02
 Reference value :  2.52931e-02
 Reference value :  2.52955e-02
 Reference value :  2.52980e-02
 Reference value :  2.53005e-02
 Reference value :  2.53029e-02
 Reference value :  2.53054e-02
 Reference value :  2.53091e-02
 Reference value :  2.53116e-02
 Reference value :  2.53151e-02
 Reference value :  2.53176e-02
 Reference value :  2.53201e-02
 Reference value :  2.53225e-02
 Reference value :  2.53250e-02
 Reference value :  2.53275e-02
 Reference value :  2.53299e-02
 Reference value :  2.53324e-02
 Reference value :  2.53348e-02
 Reference value :  2.53386e-02
 Reference value :  2.53411e-02
 Reference value :  2.53446e-02
 Reference value :  2.53471e-02
 Reference value :  2.53495e-02
 Reference value :  2.53520e-02
 Reference value :  2.53545e-02
 Reference value :  2.53582e-02
 Reference value :  2.53607e-02
 Reference value :  2.53632e-02
 Reference value :  2.53666e-02
 Reference value :  2.53692e-02
 Reference value :  2.53716e-02
 Reference value :  2.53741e-02
 Reference value :  2.53766e-02
 Reference value :  2.53804e-02
 Reference value :  2.53839e-02
 Reference value :  2.53864e-02
 Reference value :  2.53888e-02
 Reference value :  2.53913e-02
 Reference value :  2.53937e-02
 Reference value :  2.53962e-02
 Reference value :  2.53988e-02
 Reference value :  2.54024e-02
 Reference value :  2.54049e-02
 Reference value :  2.54074e-02
 Reference value :  2.54098e-02
 Reference value :  2.54133e-02
 Reference value :  2.54158e-02
 Reference value :  2.54183e-02
 Reference value :  2.54208e-02
 Reference value :  2.54236e-02
 Reference value :  2.54270e-02
 Reference value :  2.54295e-02
 Reference value :  2.54330e-02
 Reference value :  2.54354e-02
 Reference value :  2.54379e-02
 Reference value :  2.54404e-02
 Reference value :  2.54428e-02
 Reference value :  2.54466e-02
 Reference value :  2.54499e-02
 Reference value :  2.54525e-02
 Reference value :  2.54550e-02
 Reference value :  2.54575e-02
 Reference value :  2.54613e-02
 Reference value :  2.54637e-02
 Reference value :  2.54662e-02
 Reference value :  2.54697e-02
 Reference value :  2.54722e-02
 Reference value :  2.54746e-02
 Reference value :  2.54771e-02
 Reference value :  2.54796e-02
 Reference value :  2.54833e-02
 Reference value :  2.54858e-02
 Reference value :  2.54883e-02
 Reference value :  2.54907e-02
 Reference value :  2.54943e-02
 Reference value :  2.54967e-02
 Reference value :  2.54992e-02
 Reference value :  2.55019e-02
 Reference value :  2.55054e-02
 Reference value :  2.55079e-02
 Reference value :  2.55103e-02
 Reference value :  2.55128e-02
 Reference value :  2.55163e-02
 Reference value :  2.55188e-02
 Reference value :  2.55213e-02
 Reference value :  2.55237e-02
 Reference value :  2.55262e-02
 Reference value :  2.55287e-02
 Reference value :  2.55324e-02
 Reference value :  2.55349e-02
 Reference value :  2.55376e-02
 Reference value :  2.55407e-02
 Reference value :  2.55434e-02
 Reference value :  2.55458e-02
 Reference value :  2.55483e-02
 Reference value :  2.55508e-02
 Reference value :  2.55546e-02
 Reference value :  2.55580e-02
 Reference value :  2.55605e-02
 Reference value :  2.55630e-02
 Reference value :  2.55655e-02
 Reference value :  2.55692e-02
 Reference value :  2.55727e-02
 Reference value :  2.55752e-02
 Reference value :  2.55789e-02
 Reference value :  2.55814e-02
 Reference value :  2.55849e-02
 Reference value :  2.55874e-02
 Reference value :  2.55898e-02
 Reference value :  2.55923e-02
 Reference value :  2.55960e-02
 Reference value :  2.55985e-02
 Reference value :  2.56010e-02
 Reference value :  2.56045e-02
 Reference value :  2.56070e-02
 Reference value :  2.56095e-02
 Reference value :  2.56120e-02
 Reference value :  2.56144e-02
 Reference value :  2.56180e-02
 Reference value :  2.56206e-02
 Reference value :  2.56241e-02
 Reference value :  2.56266e-02
 Reference value :  2.56291e-02
 Reference value :  2.56316e-02
 Reference value :  2.56340e-02
 Reference value :  2.56365e-02
 Reference value :  2.56402e-02
 Reference value :  2.56427e-02
 Reference value :  2.56462e-02
 Reference value :  2.56487e-02
 Reference value :  2.56511e-02
 Reference value :  2.56536e-02
 Reference value :  2.56574e-02
 Reference value :  2.56598e-02
 Reference value :  2.56623e-02
 Reference value :  2.56658e-02
 Reference value :  2.56683e-02
 Reference value :  2.56707e-02
 Reference value :  2.56732e-02
 Reference value :  2.56757e-02
 Reference value :  2.56781e-02
 Reference value :  2.56806e-02
 Reference value :  2.56831e-02
 Reference value :  2.56868e-02
 Reference value :  2.56893e-02
 Reference value :  2.56928e-02
 Reference value :  2.56953e-02
 Reference value :  2.56977e-02
 Reference value :  2.57002e-02
 Reference value :  2.57040e-02
 Reference value :  2.57064e-02
 Reference value :  2.57089e-02
 Reference value :  2.57124e-02
 Reference value :  2.57149e-02
 Reference value :  2.57173e-02
 Reference value :  2.57198e-02
 Reference value :  2.57222e-02
 Reference value :  2.57247e-02
 Reference value :  2.57272e-02
 Reference value :  2.57296e-02
 Reference value :  2.57321e-02
 Reference value :  2.57359e-02
 Reference value :  2.57383e-02
 Reference value :  2.57408e-02
 Reference value :  2.57432e-02
 Reference value :  2.57457e-02
 Reference value :  2.57482e-02
 Reference value :  2.57516e-02
 Reference value :  2.57542e-02
 Reference value :  2.57566e-02
 Reference value :  2.57592e-02
 Reference value :  2.57628e-02
 Reference value :  2.57653e-02
 Reference value :  2.57678e-02
 Reference value :  2.57704e-02
 Reference value :  2.57731e-02
 Reference value :  2.57762e-02
 Reference value :  2.57787e-02
 Reference value :  2.57824e-02
 Reference value :  2.57849e-02
 Reference value :  2.57873e-02
 Reference value :  2.57898e-02
 Reference value :  2.57923e-02
 Reference value :  2.57958e-02
 Reference value :  2.57982e-02
 Reference value :  2.58007e-02
 Reference value :  2.58032e-02
 Reference value :  2.58056e-02
 Reference value :  2.58081e-02
 Reference value :  2.58105e-02
 Reference value :  2.58130e-02
 Reference value :  2.58155e-02
 Reference value :  2.58192e-02
 Reference value :  2.58216e-02
 Reference value :  2.58241e-02
 Reference value :  2.58266e-02
 Reference value :  2.58301e-02
 Reference value :  2.58326e-02
 Reference value :  2.58350e-02
 Reference value :  2.58375e-02
 Reference value :  2.58411e-02
 Reference value :  2.58437e-02
 Reference value :  2.58463e-02
 Reference value :  2.58496e-02
 Reference value :  2.58521e-02
 Reference value :  2.58546e-02
 Reference value :  2.58570e-02
 Reference value :  2.58595e-02
 Reference value :  2.58620e-02
 Reference value :  2.58644e-02
 Reference value :  2.58682e-02
 Reference value :  2.58706e-02
 Reference value :  2.58742e-02
 Reference value :  2.58766e-02
 Reference value :  2.58791e-02
 Reference value :  2.58816e-02
 Reference value :  2.58841e-02
 Reference value :  2.58866e-02
 Reference value :  2.58903e-02
 Reference value :  2.58927e-02
 Reference value :  2.58952e-02
 Reference value :  2.58988e-02
 Reference value :  2.59012e-02
 Reference value :  2.59037e-02
 Reference value :  2.59073e-02
 Reference value :  2.59099e-02
 Reference value :  2.59124e-02
 Reference value :  2.59149e-02
 Reference value :  2.59184e-02
 Reference value :  2.59208e-02
 Reference value :  2.59233e-02
 Reference value :  2.59258e-02
 Reference value :  2.59283e-02
 Reference value :  2.59307e-02
 Reference value :  2.59332e-02
 Reference value :  2.59357e-02
 Reference value :  2.59393e-02
 Reference value :  2.59428e-02
 Reference value :  2.59454e-02
 Reference value :  2.59479e-02
 Reference value :  2.59515e-02
 Reference value :  2.59541e-02
 Reference value :  2.59576e-02
 Reference value :  2.59600e-02
 Reference value :  2.59625e-02
 Reference value :  2.59650e-02
 Reference value :  2.59674e-02
 Reference value :  2.59712e-02
 Reference value :  2.59737e-02
 Reference value :  2.59772e-02
 Reference value :  2.59807e-02
 Reference value :  2.59834e-02
 Reference value :  2.59868e-02
 Reference value :  2.59894e-02
 Reference value :  2.59918e-02
 Reference value :  2.59943e-02
 Reference value :  2.59967e-02
 Reference value :  2.59992e-02
 Reference value :  2.60017e-02
 Reference value :  2.60042e-02
 Reference value :  2.60068e-02
 Reference value :  2.60104e-02
 Reference value :  2.60128e-02
 Reference value :  2.60153e-02
 Reference value :  2.60178e-02
 Reference value :  2.60202e-02
 Reference value :  2.60238e-02
 Reference value :  2.60262e-02
 Reference value :  2.60288e-02
 Reference value :  2.60324e-02
 Reference value :  2.60359e-02
 Reference value :  2.60384e-02
 Reference value :  2.60422e-02
 Reference value :  2.60446e-02
 Reference value :  2.60482e-02
 Reference value :  2.60506e-02
 Reference value :  2.60542e-02
 Reference value :  2.60568e-02
 Reference value :  2.60593e-02
 Reference value :  2.60618e-02
 Reference value :  2.60643e-02
 Reference value :  2.60677e-02
 Reference value :  2.60702e-02
 Reference value :  2.60727e-02
 Reference value :  2.60751e-02
 Reference value :  2.60776e-02
 Reference value :  2.60814e-02
 Reference value :  2.60838e-02
 Reference value :  2.60873e-02
 Reference value :  2.60898e-02
 Reference value :  2.60923e-02
 Reference value :  2.60947e-02
 Reference value :  2.60985e-02
 Reference value :  2.61020e-02
 Reference value :  2.61044e-02
 Reference value :  2.61069e-02
 Reference value :  2.61094e-02
 Reference value :  2.61118e-02
 Reference value :  2.61143e-02
 Reference value :  2.61180e-02
 Reference value :  2.61205e-02
 Reference value :  2.61240e-02
 Reference value :  2.61264e-02
 Reference value :  2.61290e-02
 Reference value :  2.61326e-02
 Reference value :  2.61351e-02
 Reference value :  2.61386e-02
 Reference value :  2.61411e-02
 Reference value :  2.61436e-02
 Reference value :  2.61460e-02
 Reference value :  2.61485e-02
 Reference value :  2.61510e-02
 Reference value :  2.61535e-02
 Reference value :  2.61572e-02
 Reference value :  2.61597e-02
 Reference value :  2.61621e-02
 Reference value :  2.61646e-02
 Reference value :  2.61672e-02
 Reference value :  2.61705e-02
 Reference value :  2.61730e-02
 Reference value :  2.61755e-02
 Reference value :  2.61779e-02
 Reference value :  2.61804e-02
 Reference value :  2.61829e-02
 Reference value :  2.61866e-02
 Reference value :  2.61901e-02
 Reference value :  2.61926e-02
 Reference value :  2.61963e-02
 Reference value :  2.61988e-02
 Reference value :  2.62013e-02
 Reference value :  2.62038e-02
 Reference value :  2.62072e-02
 Reference value :  2.62097e-02
 Reference value :  2.62122e-02
 Reference value :  2.62146e-02
 Reference value :  2.62171e-02
 Reference value :  2.62195e-02
 Reference value :  2.62220e-02
 Reference value :  2.62245e-02
 Reference value :  2.62282e-02
 Reference value :  2.62317e-02
 Reference value :  2.62342e-02
 Reference value :  2.62366e-02
 Reference value :  2.62391e-02
 Reference value :  2.62415e-02
 Reference value :  2.62440e-02
 Reference value :  2.62465e-02
 Reference value :  2.62490e-02
 Reference value :  2.62514e-02
 Reference value :  2.62539e-02
 Reference value :  2.62576e-02
 Reference value :  2.62601e-02
 Reference value :  2.62636e-02
 Reference value :  2.62661e-02
 Reference value :  2.62686e-02
 Reference value :  2.62710e-02
 Reference value :  2.62735e-02
 Reference value :  2.62759e-02
 Reference value :  2.62784e-02
 Reference value :  2.62809e-02
 Reference value :  2.62846e-02
 Reference value :  2.62871e-02
 Reference value :  2.62906e-02
 Reference value :  2.62930e-02
 Reference value :  2.62955e-02
 Reference value :  2.62993e-02
 Reference value :  2.63018e-02
 Reference value :  2.63042e-02
 Reference value :  2.63077e-02
 Reference value :  2.63102e-02
 Reference value :  2.63127e-02
 Reference value :  2.63152e-02
 Reference value :  2.63189e-02
 Reference value :  2.63214e-02
 Reference value :  2.63248e-02
 Reference value :  2.63273e-02
 Reference value :  2.63311e-02
 Reference value :  2.63335e-02
 Reference value :  2.63370e-02
 Reference value :  2.63395e-02
 Reference value :  2.63420e-02
 Reference value :  2.63444e-02
 Reference value :  2.63469e-02
 Reference value :  2.63494e-02
 Reference value :  2.63531e-02
 Reference value :  2.63566e-02
 Reference value :  2.63591e-02
 Reference value :  2.63626e-02
 Reference value :  2.63653e-02
 Reference value :  2.63686e-02
 Reference value :  2.63713e-02
 Reference value :  2.63737e-02
 Reference value :  2.63762e-02
 Reference value :  2.63786e-02
 Reference value :  2.63811e-02
 Reference value :  2.63849e-02
 Reference value :  2.63874e-02
 Reference value :  2.63908e-02
 Reference value :  2.63933e-02
 Reference value :  2.63958e-02
 Reference value :  2.63995e-02
 Reference value :  2.64020e-02
 Reference value :  2.64044e-02
 Reference value :  2.64069e-02
 Reference value :  2.64104e-02
 Reference value :  2.64129e-02
 Reference value :  2.64166e-02
 Reference value :  2.64191e-02
 Reference value :  2.64226e-02
 Reference value :  2.64251e-02
 Reference value :  2.64275e-02
 Reference value :  2.64300e-02
 Reference value :  2.64337e-02
 Reference value :  2.64361e-02
 Reference value :  2.64397e-02
 Reference value :  2.64421e-02
 Reference value :  2.64459e-02
 Reference value :  2.64494e-02
 Reference value :  2.64518e-02
 Reference value :  2.64543e-02
 Reference value :  2.64568e-02
 Reference value :  2.64592e-02
 Reference value :  2.64617e-02
 Reference value :  2.64642e-02
 Reference value :  2.64666e-02
 Reference value :  2.64692e-02
 Reference value :  2.64739e-02
 Reference value :  2.64764e-02
 Reference value :  2.64789e-02
 Reference value :  2.64826e-02
 Reference value :  2.64861e-02
 Reference value :  2.64886e-02
 Reference value :  2.64911e-02
 Reference value :  2.64936e-02
 Reference value :  2.64973e-02
 Reference value :  2.64997e-02
 Reference value :  2.65022e-02
 Reference value :  2.65047e-02
 Reference value :  2.65082e-02
 Reference value :  2.65106e-02
 Reference value :  2.65131e-02
 Reference value :  2.65168e-02
 Reference value :  2.65193e-02
 Reference value :  2.65218e-02
 Reference value :  2.65245e-02
 Reference value :  2.65277e-02
 Reference value :  2.65302e-02
 Reference value :  2.65327e-02
 Reference value :  2.65364e-02
 Reference value :  2.65389e-02
 Reference value :  2.65416e-02
 Reference value :  2.65449e-02
 Reference value :  2.65486e-02
 Reference value :  2.65511e-02
 Reference value :  2.65546e-02
 Reference value :  2.65570e-02
 Reference value :  2.65608e-02
 Reference value :  2.65632e-02
 Reference value :  2.65657e-02
 Reference value :  2.65692e-02
 Reference value :  2.65717e-02
 Reference value :  2.65742e-02
 Reference value :  2.65766e-02
 Reference value :  2.65791e-02
 Reference value :  2.65815e-02
 Reference value :  2.65840e-02
 Reference value :  2.65865e-02
 Reference value :  2.65889e-02
 Reference value :  2.65914e-02
 Reference value :  2.65952e-02
 Reference value :  2.65985e-02
 Reference value :  2.66012e-02
 Reference value :  2.66036e-02
 Reference value :  2.66061e-02
 Reference value :  2.66089e-02
 Reference value :  2.66123e-02
 Reference value :  2.66148e-02
 Reference value :  2.66183e-02
 Reference value :  2.66219e-02
 Reference value :  2.66246e-02
 Reference value :  2.66281e-02
 Reference value :  2.66305e-02
 Reference value :  2.66330e-02
 Reference value :  2.66367e-02
 Reference value :  2.66392e-02
 Reference value :  2.66417e-02
 Reference value :  2.66442e-02
 Reference value :  2.66466e-02
 Reference value :  2.66501e-02
 Reference value :  2.66539e-02
 Reference value :  2.66572e-02
 Reference value :  2.66598e-02
 Reference value :  2.66636e-02
 Reference value :  2.66661e-02
 Reference value :  2.66685e-02
 Reference value :  2.66721e-02
 Reference value :  2.66758e-02
 Reference value :  2.66791e-02
 Reference value :  2.66818e-02
 Reference value :  2.66842e-02
 Reference value :  2.66867e-02
 Reference value :  2.66904e-02
 Reference value :  2.66929e-02
 Reference value :  2.66953e-02
 Reference value :  2.66978e-02
 Reference value :  2.67013e-02
 Reference value :  2.67038e-02
 Reference value :  2.67062e-02
 Reference value :  2.67100e-02
 Reference value :  2.67125e-02
 Reference value :  2.67159e-02
 Reference value :  2.67196e-02
 Reference value :  2.67232e-02
 Reference value :  2.67256e-02
 Reference value :  2.67281e-02
 Reference value :  2.67306e-02
 Reference value :  2.67331e-02
 Reference value :  2.67368e-02
 Reference value :  2.67393e-02
 Reference value :  2.67418e-02
 Reference value :  2.67453e-02
 Reference value :  2.67477e-02
 Reference value :  2.67502e-02
 Reference value :  2.67540e-02
 Reference value :  2.67564e-02
 Reference value :  2.67589e-02
 Reference value :  2.67624e-02
 Reference value :  2.67649e-02
 Reference value :  2.67673e-02
 Reference value :  2.67698e-02
 Reference value :  2.67736e-02
 Reference value :  2.67769e-02
 Reference value :  2.67795e-02
 Reference value :  2.67820e-02
 Reference value :  2.67844e-02
 Reference value :  2.67881e-02
 Reference value :  2.67907e-02
 Reference value :  2.67942e-02
 Reference value :  2.67967e-02
 Reference value :  2.67991e-02
 Reference value :  2.68029e-02
 Reference value :  2.68063e-02
 Reference value :  2.68089e-02
 Reference value :  2.68114e-02
 Reference value :  2.68151e-02
 Reference value :  2.68175e-02
 Reference value :  2.68211e-02
 Reference value :  2.68235e-02
 Reference value :  2.68260e-02
 Reference value :  2.68285e-02
 Reference value :  2.68309e-02
 Reference value :  2.68334e-02
 Reference value :  2.68359e-02
 Reference value :  2.68384e-02
 Reference value :  2.68422e-02
 Reference value :  2.68456e-02
 Reference value :  2.68481e-02
 Reference value :  2.68505e-02
 Reference value :  2.68543e-02
 Reference value :  2.68568e-02
 Reference value :  2.68603e-02
 Reference value :  2.68627e-02
 Reference value :  2.68652e-02
 Reference value :  2.68677e-02
 Reference value :  2.68714e-02
 Reference value :  2.68749e-02
 Reference value :  2.68773e-02
 Reference value :  2.68800e-02
 Reference value :  2.68837e-02
 Reference value :  2.68869e-02
 Reference value :  2.68896e-02
 Reference value :  2.68933e-02
 Reference value :  2.68968e-02
 Reference value :  2.68993e-02
 Reference value :  2.69018e-02
 Reference value :  2.69042e-02
 Reference value :  2.69071e-02
 Reference value :  2.69104e-02
 Reference value :  2.69129e-02
 Reference value :  2.69154e-02
 Reference value :  2.69179e-02
 Reference value :  2.69213e-02
 Reference value :  2.69238e-02
 Reference value :  2.69275e-02
 Reference value :  2.69300e-02
 Reference value :  2.69335e-02
 Reference value :  2.69360e-02
 Reference value :  2.69385e-02
 Reference value :  2.69410e-02
 Reference value :  2.69447e-02
 Reference value :  2.69482e-02
 Reference value :  2.69507e-02
 Reference value :  2.69545e-02
 Reference value :  2.69579e-02
 Reference value :  2.69604e-02
 Reference value :  2.69629e-02
 Reference value :  2.69659e-02
 Reference value :  2.69691e-02
 Reference value :  2.69725e-02
 Reference value :  2.69751e-02
 Reference value :  2.69776e-02
 Reference value :  2.69813e-02
 Reference value :  2.69848e-02
 Reference value :  2.69873e-02
 Reference value :  2.69898e-02
 Reference value :  2.69935e-02
 Reference value :  2.69960e-02
 Reference value :  2.69993e-02
 Reference value :  2.70019e-02
 Reference value :  2.70044e-02
 Reference value :  2.70081e-02
 Reference value :  2.70117e-02
 Reference value :  2.70141e-02
 Reference value :  2.70166e-02
 Reference value :  2.70190e-02
 Reference value :  2.70228e-02
 Reference value :  2.70253e-02
 Reference value :  2.70277e-02
 Reference value :  2.70312e-02
 Reference value :  2.70337e-02
 Reference value :  2.70362e-02
 Reference value :  2.70386e-02
 Reference value :  2.70411e-02
 Reference value :  2.70449e-02
 Reference value :  2.70482e-02
 Reference value :  2.70507e-02
 Reference value :  2.70533e-02
 Reference value :  2.70557e-02
 Reference value :  2.70582e-02
 Reference value :  2.70619e-02
 Reference value :  2.70644e-02
 Reference value :  2.70679e-02
 Reference value :  2.70715e-02
 Reference value :  2.70741e-02
 Reference value :  2.70777e-02
 Reference value :  2.70802e-02
 Reference value :  2.70839e-02
 Reference value :  2.70864e-02
 Reference value :  2.70888e-02
 Reference value :  2.70923e-02
 Reference value :  2.70961e-02
 Reference value :  2.70996e-02
 Reference value :  2.71021e-02
 Reference value :  2.71058e-02
 Reference value :  2.71084e-02
 Reference value :  2.71119e-02
 Reference value :  2.71144e-02
 Reference value :  2.71170e-02
 Reference value :  2.71205e-02
 Reference value :  2.71240e-02
 Reference value :  2.71265e-02
 Reference value :  2.71290e-02
 Reference value :  2.71314e-02
 Reference value :  2.71339e-02
 Reference value :  2.71364e-02
 Reference value :  2.71389e-02
 Reference value :  2.71435e-02
 Reference value :  2.71461e-02
 Reference value :  2.71486e-02
 Reference value :  2.71510e-02
 Reference value :  2.71548e-02
 Reference value :  2.71573e-02
 Reference value :  2.71608e-02
 Reference value :  2.71633e-02
 Reference value :  2.71658e-02
 Reference value :  2.71695e-02
 Reference value :  2.71730e-02
 Reference value :  2.71755e-02
 Reference value :  2.71781e-02
 Reference value :  2.71818e-02
 Reference value :  2.71853e-02
 Reference value :  2.71878e-02
 Reference value :  2.71915e-02
 Reference value :  2.71949e-02
 Reference value :  2.71975e-02
 Reference value :  2.72001e-02
 Reference value :  2.72041e-02
 Reference value :  2.72074e-02
 Reference value :  2.72098e-02
 Reference value :  2.72133e-02
 Reference value :  2.72160e-02
 Reference value :  2.72195e-02
 Reference value :  2.72220e-02
 Reference value :  2.72244e-02
 Reference value :  2.72270e-02
 Reference value :  2.72307e-02
 Reference value :  2.72333e-02
 Reference value :  2.72366e-02
 Reference value :  2.72391e-02
 Reference value :  2.72416e-02
 Reference value :  2.72443e-02
 Reference value :  2.72478e-02
 Reference value :  2.72503e-02
 Reference value :  2.72528e-02
 Reference value :  2.72557e-02
 Reference value :  2.72587e-02
 Reference value :  2.72612e-02
 Reference value :  2.72644e-02
 Reference value :  2.72674e-02
 Reference value :  2.72709e-02
 Reference value :  2.72737e-02
 Reference value :  2.72772e-02
 Reference value :  2.72807e-02
 Reference value :  2.72831e-02
 Reference value :  2.72867e-02
 Reference value :  2.72894e-02
 Reference value :  2.72929e-02
 Reference value :  2.72954e-02
 Reference value :  2.72991e-02
 Reference value :  2.73026e-02
 Reference value :  2.73050e-02
 Reference value :  2.73088e-02
 Reference value :  2.73112e-02
 Reference value :  2.73139e-02
 Reference value :  2.73164e-02
 Reference value :  2.73197e-02
 Reference value :  2.73221e-02
 Reference value :  2.73247e-02
 Reference value :  2.73284e-02
 Reference value :  2.73308e-02
 Reference value :  2.73333e-02
 Reference value :  2.73358e-02
 Reference value :  2.73391e-02
 Reference value :  2.73416e-02
 Reference value :  2.73442e-02
 Reference value :  2.73467e-02
 Reference value :  2.73504e-02
 Reference value :  2.73539e-02
 Reference value :  2.73563e-02
 Reference value :  2.73589e-02
 Reference value :  2.73626e-02
 Reference value :  2.73651e-02
 Reference value :  2.73676e-02
 Reference value :  2.73711e-02
 Reference value :  2.73735e-02
 Reference value :  2.73772e-02
 Reference value :  2.73798e-02
 Reference value :  2.73832e-02
 Reference value :  2.73857e-02
 Reference value :  2.73893e-02
 Reference value :  2.73919e-02
 Reference value :  2.73955e-02
 Reference value :  2.73979e-02
 Reference value :  2.74004e-02
 Reference value :  2.74029e-02
 Reference value :  2.74066e-02
 Reference value :  2.74091e-02
 Reference value :  2.74116e-02
 Reference value :  2.74151e-02
 Reference value :  2.74176e-02
 Reference value :  2.74213e-02
 Reference value :  2.74248e-02
 Reference value :  2.74272e-02
 Reference value :  2.74297e-02
 Reference value :  2.74325e-02
 Reference value :  2.74360e-02
 Reference value :  2.74395e-02
 Reference value :  2.74420e-02
 Reference value :  2.74457e-02
 Reference value :  2.74482e-02
 Reference value :  2.74517e-02
 Reference value :  2.74542e-02
 Reference value :  2.74580e-02
 Reference value :  2.74613e-02
 Reference value :  2.74639e-02
 Reference value :  2.74664e-02
 Reference value :  2.74689e-02
 Reference value :  2.74713e-02
 Reference value :  2.74751e-02
 Reference value :  2.74776e-02
 Reference value :  2.74811e-02
 Reference value :  2.74848e-02
 Reference value :  2.74873e-02
 Reference value :  2.74907e-02
 Reference value :  2.74933e-02
 Reference value :  2.74957e-02
 Reference value :  2.74995e-02
 Reference value :  2.75020e-02
 Reference value :  2.75055e-02
 Reference value :  2.75079e-02
 Reference value :  2.75116e-02
 Reference value :  2.75151e-02
 Reference value :  2.75176e-02
 Reference value :  2.75213e-02
 Reference value :  2.75248e-02
 Reference value :  2.75275e-02
 Reference value :  2.75311e-02
 Reference value :  2.75336e-02
 Reference value :  2.75361e-02
 Reference value :  2.75395e-02
 Reference value :  2.75420e-02
 Reference value :  2.75458e-02
 Reference value :  2.75482e-02
 Reference value :  2.75508e-02
 Reference value :  2.75542e-02
 Reference value :  2.75567e-02
 Reference value :  2.75591e-02
 Reference value :  2.75629e-02
 Reference value :  2.75662e-02
 Reference value :  2.75689e-02
 Reference value :  2.75713e-02
 Reference value :  2.75738e-02
 Reference value :  2.75765e-02
 Reference value :  2.75800e-02
 Reference value :  2.75836e-02
 Reference value :  2.75861e-02
 Reference value :  2.75885e-02
 Reference value :  2.75910e-02
 Reference value :  2.75948e-02
 Reference value :  2.75983e-02
 Reference value :  2.76021e-02
 Reference value :  2.76056e-02
 Reference value :  2.76081e-02
 Reference value :  2.76118e-02
 Reference value :  2.76143e-02
 Reference value :  2.76179e-02
 Reference value :  2.76203e-02
 Reference value :  2.76228e-02
 Reference value :  2.76266e-02
 Reference value :  2.76301e-02
 Reference value :  2.76326e-02
 Reference value :  2.76363e-02
 Reference value :  2.76388e-02
 Reference value :  2.76423e-02
 Reference value :  2.76448e-02
 Reference value :  2.76473e-02
 Reference value :  2.76507e-02
 Reference value :  2.76536e-02
 Reference value :  2.76570e-02
 Reference value :  2.76595e-02
 Reference value :  2.76620e-02
 Reference value :  2.76658e-02
 Reference value :  2.76693e-02
 Reference value :  2.76720e-02
 Reference value :  2.76755e-02
 Reference value :  2.76780e-02
 Reference value :  2.76815e-02
 Reference value :  2.76840e-02
 Reference value :  2.76878e-02
 Reference value :  2.76911e-02
 Reference value :  2.76937e-02
 Reference value :  2.76962e-02
 Reference value :  2.76998e-02
 Reference value :  2.77024e-02
 Reference value :  2.77060e-02
 Reference value :  2.77084e-02
 Reference value :  2.77109e-02
 Reference value :  2.77146e-02
 Reference value :  2.77181e-02
 Reference value :  2.77206e-02
 Reference value :  2.77244e-02
 Reference value :  2.77269e-02
 Reference value :  2.77303e-02
 Reference value :  2.77328e-02
 Reference value :  2.77352e-02
 Reference value :  2.77382e-02
 Reference value :  2.77415e-02
 Reference value :  2.77450e-02
 Reference value :  2.77474e-02
 Reference value :  2.77512e-02
 Reference value :  2.77547e-02
 Reference value :  2.77572e-02
 Reference value :  2.77596e-02
 Reference value :  2.77634e-02
 Reference value :  2.77669e-02
 Reference value :  2.77694e-02
 Reference value :  2.77718e-02
 Reference value :  2.77756e-02
 Reference value :  2.77781e-02
 Reference value :  2.77816e-02
 Reference value :  2.77845e-02
 Reference value :  2.77878e-02
 Reference value :  2.77903e-02
 Reference value :  2.77938e-02
 Reference value :  2.77962e-02
 Reference value :  2.77998e-02
 Reference value :  2.78035e-02
 Reference value :  2.78060e-02
 Reference value :  2.78084e-02
 Reference value :  2.78122e-02
 Reference value :  2.78147e-02
 Reference value :  2.78181e-02
 Reference value :  2.78207e-02
 Reference value :  2.78231e-02
 Reference value :  2.78256e-02
 Reference value :  2.78294e-02
 Reference value :  2.78329e-02
 Reference value :  2.78354e-02
 Reference value :  2.78378e-02
 Reference value :  2.78404e-02
 Reference value :  2.78441e-02
 Reference value :  2.78475e-02
 Reference value :  2.78501e-02
 Reference value :  2.78538e-02
 Reference value :  2.78562e-02
 Reference value :  2.78598e-02
 Reference value :  2.78623e-02
 Reference value :  2.78668e-02
 Reference value :  2.78695e-02
 Reference value :  2.78720e-02
 Reference value :  2.78757e-02
 Reference value :  2.78792e-02
 Reference value :  2.78817e-02
 Reference value :  2.78842e-02
 Reference value :  2.78879e-02
 Reference value :  2.78904e-02
 Reference value :  2.78929e-02
 Reference value :  2.78963e-02
 Reference value :  2.79002e-02
 Reference value :  2.79035e-02
 Reference value :  2.79061e-02
 Reference value :  2.79086e-02
 Reference value :  2.79111e-02
 Reference value :  2.79148e-02
 Reference value :  2.79184e-02
 Reference value :  2.79208e-02
 Reference value :  2.79232e-02
 Reference value :  2.79270e-02
 Reference value :  2.79305e-02
 Reference value :  2.79330e-02
 Reference value :  2.79368e-02
 Reference value :  2.79403e-02
 Reference value :  2.79427e-02
 Reference value :  2.79454e-02
 Reference value :  2.79490e-02
 Reference value :  2.79524e-02
 Reference value :  2.79549e-02
 Reference value :  2.79574e-02
 Reference value :  2.79612e-02
 Reference value :  2.79647e-02
 Reference value :  2.79683e-02
 Reference value :  2.79709e-02
 Reference value :  2.79744e-02
 Reference value :  2.79770e-02
 Reference value :  2.79807e-02
 Reference value :  2.79832e-02
 Reference value :  2.79856e-02
 Reference value :  2.79891e-02
 Reference value :  2.79916e-02
 Reference value :  2.79941e-02
 Reference value :  2.79979e-02
 Reference value :  2.80013e-02
 Reference value :  2.80038e-02
 Reference value :  2.80063e-02
 Reference value :  2.80088e-02
 Reference value :  2.80128e-02
 Reference value :  2.80160e-02
 Reference value :  2.80198e-02
 Reference value :  2.80223e-02
 Reference value :  2.80258e-02
 Reference value :  2.80282e-02
 Reference value :  2.80320e-02
 Reference value :  2.80355e-02
 Reference value :  2.80380e-02
 Reference value :  2.80405e-02
 Reference value :  2.80443e-02
 Reference value :  2.80477e-02
 Reference value :  2.80502e-02
 Reference value :  2.80527e-02
 Reference value :  2.80565e-02
 Reference value :  2.80589e-02
 Reference value :  2.80624e-02
 Reference value :  2.80649e-02
 Reference value :  2.80674e-02
 Reference value :  2.80712e-02
 Reference value :  2.80746e-02
 Reference value :  2.80771e-02
 Reference value :  2.80798e-02
 Reference value :  2.80833e-02
 Reference value :  2.80867e-02
 Reference value :  2.80893e-02
 Reference value :  2.80918e-02
 Reference value :  2.80942e-02
 Reference value :  2.80980e-02
 Reference value :  2.81013e-02
 Reference value :  2.81039e-02
 Reference value :  2.81076e-02
 Reference value :  2.81101e-02
 Reference value :  2.81126e-02
 Reference value :  2.81161e-02
 Reference value :  2.81185e-02
 Reference value :  2.81210e-02
 Reference value :  2.81235e-02
 Reference value :  2.81259e-02
 Reference value :  2.81285e-02
 Reference value :  2.81322e-02
 Reference value :  2.81357e-02
 Reference value :  2.81382e-02
 Reference value :  2.81406e-02
 Reference value :  2.81443e-02
 Reference value :  2.81468e-02
 Reference value :  2.81503e-02
 Reference value :  2.81528e-02
 Reference value :  2.81552e-02
 Reference value :  2.81590e-02
 Reference value :  2.81625e-02
 Reference value :  2.81650e-02
 Reference value :  2.81674e-02
 Reference value :  2.81712e-02
 Reference value :  2.81737e-02
 Reference value :  2.81761e-02
 Reference value :  2.81796e-02
 Reference value :  2.81821e-02
 Reference value :  2.81846e-02
 Reference value :  2.81871e-02
 Reference value :  2.81908e-02
 Reference value :  2.81943e-02
 Reference value :  2.81967e-02
 Reference value :  2.81994e-02
 Reference value :  2.82029e-02
 Reference value :  2.82064e-02
 Reference value :  2.82089e-02
 Reference value :  2.82124e-02
 Reference value :  2.82151e-02
 Reference value :  2.82176e-02
 Reference value :  2.82211e-02
 Reference value :  2.82235e-02
 Reference value :  2.82260e-02
 Reference value :  2.82285e-02
 Reference value :  2.82322e-02
 Reference value :  2.82357e-02
 Reference value :  2.82382e-02
 Reference value :  2.82407e-02
 Reference value :  2.82434e-02
 Reference value :  2.82469e-02
 Reference value :  2.82493e-02
 Reference value :  2.82518e-02
 Reference value :  2.82553e-02
 Reference value :  2.82578e-02
 Reference value :  2.82602e-02
 Reference value :  2.82627e-02
 Reference value :  2.82653e-02
 Reference value :  2.82690e-02
 Reference value :  2.82724e-02
 Reference value :  2.82749e-02
 Reference value :  2.82786e-02
 Reference value :  2.82822e-02
 Reference value :  2.82846e-02
 Reference value :  2.82871e-02
 Reference value :  2.82908e-02
 Reference value :  2.82933e-02
 Reference value :  2.82958e-02
 Reference value :  2.82982e-02
 Reference value :  2.83017e-02
 Reference value :  2.83042e-02
 Reference value :  2.83067e-02
 Reference value :  2.83105e-02
 Reference value :  2.83129e-02
 Reference value :  2.83164e-02
 Reference value :  2.83189e-02
 Reference value :  2.83214e-02
 Reference value :  2.83238e-02
 Reference value :  2.83264e-02
 Reference value :  2.83301e-02
 Reference value :  2.83335e-02
 Reference value :  2.83360e-02
 Reference value :  2.83397e-02
 Reference value :  2.83433e-02
 Reference value :  2.83457e-02
 Reference value :  2.83482e-02
 Reference value :  2.83506e-02
 Reference value :  2.83531e-02
 Reference value :  2.83556e-02
 Reference value :  2.83580e-02
 Reference value :  2.83605e-02
 Reference value :  2.83633e-02
 Reference value :  2.83667e-02
 Reference value :  2.83692e-02
 Reference value :  2.83727e-02
 Reference value :  2.83752e-02
 Reference value :  2.83789e-02
 Reference value :  2.83824e-02
 Reference value :  2.83849e-02
 Reference value :  2.83873e-02
 Reference value :  2.83898e-02
 Reference value :  2.83923e-02
 Reference value :  2.83947e-02
 Reference value :  2.83973e-02
 Reference value :  2.84010e-02
 Reference value :  2.84034e-02
 Reference value :  2.84059e-02
 Reference value :  2.84084e-02
 Reference value :  2.84119e-02
 Reference value :  2.84144e-02
 Reference value :  2.84171e-02
 Reference value :  2.84205e-02
 Reference value :  2.84230e-02
 Reference value :  2.84255e-02
 Reference value :  2.84280e-02
 Reference value :  2.84315e-02
 Reference value :  2.84339e-02
 Reference value :  2.84364e-02
 Reference value :  2.84389e-02
 Reference value :  2.84426e-02
 Reference value :  2.84461e-02
 Reference value :  2.84485e-02
 Reference value :  2.84523e-02
 Reference value :  2.84548e-02
 Reference value :  2.84572e-02
 Reference value :  2.84597e-02
 Reference value :  2.84621e-02
 Reference value :  2.84646e-02
 Reference value :  2.84681e-02
 Reference value :  2.84706e-02
 Reference value :  2.84730e-02
 Reference value :  2.84755e-02
 Reference value :  2.84780e-02
 Reference value :  2.84805e-02
 Reference value :  2.84842e-02
 Reference value :  2.84867e-02
 Reference value :  2.84891e-02
 Reference value :  2.84916e-02
 Reference value :  2.84949e-02
 Reference value :  2.84975e-02
 Reference value :  2.85000e-02
 Reference value :  2.85025e-02
 Reference value :  2.85050e-02
 Reference value :  2.85074e-02
 Reference value :  2.85100e-02
 Reference value :  2.85136e-02
 Reference value :  2.85161e-02
 Reference value :  2.85186e-02
 Reference value :  2.85221e-02
 Reference value :  2.85246e-02
 Reference value :  2.85271e-02
 Reference value :  2.85295e-02
 Reference value :  2.85333e-02
 Reference value :  2.85358e-02
 Reference value :  2.85383e-02
 Reference value :  2.85418e-02
 Reference value :  2.85442e-02
 Reference value :  2.85467e-02
 Reference value :  2.85492e-02
 Reference value :  2.85530e-02
 Reference value :  2.85554e-02
 Reference value :  2.85579e-02
 Reference value :  2.85604e-02
 Reference value :  2.85639e-02
 Reference value :  2.85664e-02
 Reference value :  2.85688e-02
 Reference value :  2.85713e-02
 Reference value :  2.85737e-02
 Reference value :  2.85762e-02
 Reference value :  2.85787e-02
 Reference value :  2.85812e-02
 Reference value :  2.85836e-02
 Reference value :  2.85871e-02
 Reference value :  2.85898e-02
 Reference value :  2.85925e-02
 Reference value :  2.85958e-02
 Reference value :  2.85983e-02
 Reference value :  2.86007e-02
 Reference value :  2.86032e-02
 Reference value :  2.86057e-02
 Reference value :  2.86081e-02
 Reference value :  2.86106e-02
 Reference value :  2.86131e-02
 Reference value :  2.86158e-02
 Reference value :  2.86192e-02
 Reference value :  2.86217e-02
 Reference value :  2.86242e-02
 Reference value :  2.86266e-02
 Reference value :  2.86302e-02
 Reference value :  2.86326e-02
 Reference value :  2.86351e-02
 Reference value :  2.86375e-02
 Reference value :  2.86400e-02
 Reference value :  2.86425e-02
 Reference value :  2.86449e-02
 Reference value :  2.86475e-02
 Reference value :  2.86509e-02
 Reference value :  2.86524e-02
 Reference value :  2.86560e-02
 Reference value :  2.86585e-02
 Reference value :  2.86610e-02
 Reference value :  2.86645e-02
 Reference value :  2.86670e-02
 Reference value :  2.86694e-02
 Reference value :  2.86719e-02
 Reference value :  2.86744e-02
 Reference value :  2.86768e-02
 Reference value :  2.86794e-02
 Reference value :  2.86818e-02
 Reference value :  2.86855e-02
 Reference value :  2.86880e-02
 Reference value :  2.86915e-02
 Reference value :  2.86939e-02
 Reference value :  2.86964e-02
 Reference value :  2.86989e-02
 Reference value :  2.87013e-02
 Reference value :  2.87038e-02
 Reference value :  2.87076e-02
 Reference value :  2.87111e-02
 Reference value :  2.87135e-02
 Reference value :  2.87160e-02
 Reference value :  2.87184e-02
 Reference value :  2.87221e-02
 Reference value :  2.87246e-02
 Reference value :  2.87272e-02
 Reference value :  2.87306e-02
 Reference value :  2.87331e-02
 Reference value :  2.87356e-02
 Reference value :  2.87380e-02
 Reference value :  2.87405e-02
 Reference value :  2.87432e-02
 Reference value :  2.87467e-02
 Reference value :  2.87492e-02
 Reference value :  2.87527e-02
 Reference value :  2.87552e-02
 Reference value :  2.87577e-02
 Reference value :  2.87601e-02
 Reference value :  2.87626e-02
 Reference value :  2.87662e-02
 Reference value :  2.87678e-02
 Reference value :  2.87712e-02
 Reference value :  2.87737e-02
 Reference value :  2.87762e-02
 Reference value :  2.87788e-02
 Reference value :  2.87820e-02
 Reference value :  2.87846e-02
 Reference value :  2.87871e-02
 Reference value :  2.87896e-02
 Reference value :  2.87921e-02
 Reference value :  2.87958e-02
 Reference value :  2.87992e-02
 Reference value :  2.88018e-02
 Reference value :  2.88055e-02
 Reference value :  2.88081e-02
 Reference value :  2.88116e-02
 Reference value :  2.88140e-02
 Reference value :  2.88165e-02
 Reference value :  2.88190e-02
 Reference value :  2.88227e-02
 Reference value :  2.88262e-02
 Reference value :  2.88287e-02
 Reference value :  2.88312e-02
 Reference value :  2.88336e-02
 Reference value :  2.88371e-02
 Reference value :  2.88398e-02
 Reference value :  2.88422e-02
 Reference value :  2.88447e-02
 Reference value :  2.88482e-02
 Reference value :  2.88507e-02
 Reference value :  2.88532e-02
 Reference value :  2.88557e-02
 Reference value :  2.88582e-02
 Reference value :  2.88616e-02
 Reference value :  2.88643e-02
 Reference value :  2.88667e-02
 Reference value :  2.88691e-02
 Reference value :  2.88716e-02
 Reference value :  2.88738e-02
 Reference value :  2.88755e-02
 Reference value :  2.88789e-02
 Reference value :  2.88814e-02
 Reference value :  2.88839e-02
 Reference value :  2.88864e-02
 Reference value :  2.88888e-02
 Reference value :  2.88912e-02
 Reference value :  2.88948e-02
 Reference value :  2.88973e-02
 Reference value :  2.88997e-02
 Reference value :  2.89021e-02
 Reference value :  2.89046e-02
 Reference value :  2.89071e-02
 Reference value :  2.89096e-02
 Reference value :  2.89131e-02
 Reference value :  2.89157e-02
 Reference value :  2.89182e-02
 Reference value :  2.89206e-02
 Reference value :  2.89231e-02
 Reference value :  2.89256e-02
 Reference value :  2.89291e-02
 Reference value :  2.89315e-02
 Reference value :  2.89340e-02
 Reference value :  2.89364e-02
 Reference value :  2.89389e-02
 Reference value :  2.89414e-02
 Reference value :  2.89438e-02
 Reference value :  2.89463e-02
 Reference value :  2.89487e-02
 Reference value :  2.89512e-02
 Reference value :  2.89537e-02
 Reference value :  2.89561e-02
 Reference value :  2.89587e-02
 Reference value :  2.89623e-02
 Reference value :  2.89647e-02
 Reference value :  2.89672e-02
 Reference value :  2.89696e-02
 Reference value :  2.89731e-02
 Reference value :  2.89756e-02
 Reference value :  2.89781e-02
 Reference value :  2.89806e-02
 Reference value :  2.89830e-02
 Reference value :  2.89854e-02
 Reference value :  2.89879e-02
 Reference value :  2.89904e-02
 Reference value :  2.89931e-02
 Reference value :  2.89959e-02
 Reference value :  2.89990e-02
 Reference value :  2.90015e-02
 Reference value :  2.90040e-02
 Reference value :  2.90064e-02
 Reference value :  2.90100e-02
 Reference value :  2.90124e-02
 Reference value :  2.90149e-02
 Reference value :  2.90173e-02
 Reference value :  2.90198e-02
 Reference value :  2.90223e-02
 Reference value :  2.90247e-02
 Reference value :  2.90272e-02
 Reference value :  2.90296e-02
 Reference value :  2.90321e-02
 Reference value :  2.90346e-02
 Reference value :  2.90370e-02
 Reference value :  2.90395e-02
 Reference value :  2.90419e-02
 Reference value :  2.90455e-02
 Reference value :  2.90481e-02
 Reference value :  2.90505e-02
 Reference value :  2.90530e-02
 Reference value :  2.90545e-02
 Reference value :  2.90567e-02
 Reference value :  2.90603e-02
 Reference value :  2.90628e-02
 Reference value :  2.90653e-02
 Reference value :  2.90688e-02
 Reference value :  2.90713e-02
 Reference value :  2.90739e-02
 Reference value :  2.90775e-02
 Reference value :  2.90799e-02
 Reference value :  2.90824e-02
 Reference value :  2.90860e-02
 Reference value :  2.90884e-02
 Reference value :  2.90909e-02
 Reference value :  2.90933e-02
 Reference value :  2.90958e-02
 Reference value :  2.90983e-02
 Reference value :  2.91019e-02
 Reference value :  2.91044e-02
 Reference value :  2.91072e-02
 Reference value :  2.91104e-02
 Reference value :  2.91130e-02
 Reference value :  2.91154e-02
 Reference value :  2.91180e-02
 Reference value :  2.91204e-02
 Reference value :  2.91229e-02
 Reference value :  2.91265e-02
 Reference value :  2.91290e-02
 Reference value :  2.91315e-02
 Reference value :  2.91350e-02
 Reference value :  2.91374e-02
 Reference value :  2.91398e-02
 Reference value :  2.91423e-02
 Reference value :  2.91448e-02
 Reference value :  2.91472e-02
 Reference value :  2.91496e-02
 Reference value :  2.91521e-02
 Reference value :  2.91546e-02
 Reference value :  2.91581e-02
 Reference value :  2.91618e-02
 Reference value :  2.91643e-02
 Reference value :  2.91668e-02
 Reference value :  2.91704e-02
 Reference value :  2.91729e-02
 Reference value :  2.91754e-02
 Reference value :  2.91779e-02
 Reference value :  2.91803e-02
 Reference value :  2.91839e-02
 Reference value :  2.91864e-02
 Reference value :  2.91889e-02
 Reference value :  2.91914e-02
 Reference value :  2.91948e-02
 Reference value :  2.91972e-02
 Reference value :  2.91999e-02
 Reference value :  2.92033e-02
 Reference value :  2.92060e-02
 Reference value :  2.92084e-02
 Reference value :  2.92109e-02
 Reference value :  2.92134e-02
 Reference value :  2.92161e-02
 Reference value :  2.92193e-02
 Reference value :  2.92220e-02
 Reference value :  2.92256e-02
 Reference value :  2.92280e-02
 Reference value :  2.92305e-02
 Reference value :  2.92340e-02
 Reference value :  2.92354e-02
 Reference value :  2.92390e-02
 Reference value :  2.92415e-02
 Reference value :  2.92440e-02
 Reference value :  2.92465e-02
 Reference value :  2.92500e-02
 Reference value :  2.92525e-02
 Reference value :  2.92550e-02
 Reference value :  2.92574e-02
 Reference value :  2.92599e-02
 Reference value :  2.92635e-02
 Reference value :  2.92661e-02
 Reference value :  2.92686e-02
 Reference value :  2.92710e-02
 Reference value :  2.92745e-02
 Reference value :  2.92770e-02
 Reference value :  2.92794e-02
 Reference value :  2.92819e-02
 Reference value :  2.92844e-02
 Reference value :  2.92869e-02
 Reference value :  2.92894e-02
 Reference value :  2.92930e-02
 Reference value :  2.92965e-02
 Reference value :  2.92990e-02
 Reference value :  2.93016e-02
 Reference value :  2.93052e-02
 Reference value :  2.93078e-02
 Reference value :  2.93102e-02
 Reference value :  2.93137e-02
 Reference value :  2.93162e-02
 Reference value :  2.93187e-02
 Reference value :  2.93211e-02
 Reference value :  2.93236e-02
 Reference value :  2.93261e-02
 Reference value :  2.93285e-02
 Reference value :  2.93310e-02
 Reference value :  2.93347e-02
 Reference value :  2.93372e-02
 Reference value :  2.93396e-02
 Reference value :  2.93421e-02
 Reference value :  2.93456e-02
 Reference value :  2.93480e-02
 Reference value :  2.93505e-02
 Reference value :  2.93530e-02
 Reference value :  2.93554e-02
 Reference value :  2.93579e-02
 Reference value :  2.93616e-02
 Reference value :  2.93641e-02
 Reference value :  2.93676e-02
 Reference value :  2.93701e-02
 Reference value :  2.93725e-02
 Reference value :  2.93762e-02
 Reference value :  2.93787e-02
 Reference value :  2.93812e-02
 Reference value :  2.93836e-02
 Reference value :  2.93872e-02
 Reference value :  2.93897e-02
 Reference value :  2.93921e-02
 Reference value :  2.93946e-02
 Reference value :  2.93971e-02
 Reference value :  2.94008e-02
 Reference value :  2.94032e-02
 Reference value :  2.94057e-02
 Reference value :  2.94082e-02
 Reference value :  2.94117e-02
 Reference value :  2.94143e-02
 Reference value :  2.94167e-02
 Reference value :  2.94205e-02
 Reference value :  2.94230e-02
 Reference value :  2.94263e-02
 Reference value :  2.94290e-02
 Reference value :  2.94315e-02
 Reference value :  2.94340e-02
 Reference value :  2.94365e-02
 Reference value :  2.94389e-02
 Reference value :  2.94426e-02
 Reference value :  2.94450e-02
 Reference value :  2.94486e-02
 Reference value :  2.94511e-02
 Reference value :  2.94535e-02
 Reference value :  2.94560e-02
 Reference value :  2.94585e-02
 Reference value :  2.94610e-02
 Reference value :  2.94635e-02
 Reference value :  2.94669e-02
 Reference value :  2.94695e-02
 Reference value :  2.94720e-02
 Reference value :  2.94754e-02
 Reference value :  2.94780e-02
 Reference value :  2.94805e-02
 Reference value :  2.94830e-02
 Reference value :  2.94867e-02
 Reference value :  2.94892e-02
 Reference value :  2.94928e-02
 Reference value :  2.94953e-02
 Reference value :  2.94978e-02
 Reference value :  2.95002e-02
 Reference value :  2.95028e-02
 Reference value :  2.95051e-02
 Reference value :  2.95088e-02
 Reference value :  2.95113e-02
 Reference value :  2.95149e-02
 Reference value :  2.95174e-02
 Reference value :  2.95198e-02
 Reference value :  2.95224e-02
 Reference value :  2.95260e-02
 Reference value :  2.95285e-02
 Reference value :  2.95309e-02
 Reference value :  2.95334e-02
 Reference value :  2.95369e-02
 Reference value :  2.95395e-02
 Reference value :  2.95419e-02
 Reference value :  2.95456e-02
 Reference value :  2.95481e-02
 Reference value :  2.95506e-02
 Reference value :  2.95541e-02
 Reference value :  2.95566e-02
 Reference value :  2.95591e-02
 Reference value :  2.95615e-02
 Reference value :  2.95640e-02
 Reference value :  2.95665e-02
 Reference value :  2.95695e-02
 Reference value :  2.95724e-02
 Reference value :  2.95751e-02
 Reference value :  2.95776e-02
 Reference value :  2.95811e-02
 Reference value :  2.95836e-02
 Reference value :  2.95872e-02
 Reference value :  2.95897e-02
 Reference value :  2.95921e-02
 Reference value :  2.95957e-02
 Reference value :  2.95981e-02
 Reference value :  2.96006e-02
 Reference value :  2.96031e-02
 Reference value :  2.96055e-02
 Reference value :  2.96080e-02
 Reference value :  2.96105e-02
 Reference value :  2.96129e-02
 Reference value :  2.96154e-02
 Reference value :  2.96190e-02
 Reference value :  2.96216e-02
 Reference value :  2.96251e-02
 Reference value :  2.96276e-02
 Reference value :  2.96301e-02
 Reference value :  2.96337e-02
 Reference value :  2.96363e-02
 Reference value :  2.96398e-02
 Reference value :  2.96423e-02
 Reference value :  2.96460e-02
 Reference value :  2.96486e-02
 Reference value :  2.96521e-02
 Reference value :  2.96546e-02
 Reference value :  2.96571e-02
 Reference value :  2.96608e-02
 Reference value :  2.96633e-02
 Reference value :  2.96668e-02
 Reference value :  2.96694e-02
 Reference value :  2.96720e-02
 Reference value :  2.96755e-02
 Reference value :  2.96790e-02
 Reference value :  2.96815e-02
 Reference value :  2.96840e-02
 Reference value :  2.96877e-02
 Reference value :  2.96902e-02
 Reference value :  2.96927e-02
 Reference value :  2.96951e-02
 Reference value :  2.96978e-02
 Reference value :  2.97012e-02
 Reference value :  2.97036e-02
 Reference value :  2.97061e-02
 Reference value :  2.97097e-02
 Reference value :  2.97123e-02
 Reference value :  2.97147e-02
 Reference value :  2.97172e-02
 Reference value :  2.97207e-02
 Reference value :  2.97232e-02
 Reference value :  2.97257e-02
 Reference value :  2.97281e-02
 Reference value :  2.97306e-02
 Reference value :  2.97330e-02
 Reference value :  2.97355e-02
 Reference value :  2.97380e-02
 Reference value :  2.97405e-02
 Reference value :  2.97430e-02
 Reference value :  2.97454e-02
 Reference value :  2.97490e-02
 Reference value :  2.97515e-02
 Reference value :  2.97541e-02
 Reference value :  2.97575e-02
 Reference value :  2.97600e-02
 Reference value :  2.97624e-02
 Reference value :  2.97661e-02
 Reference value :  2.97687e-02
 Reference value :  2.97722e-02
 Reference value :  2.97747e-02
 Reference value :  2.97771e-02
 Reference value :  2.97808e-02
 Reference value :  2.97833e-02
 Reference value :  2.97868e-02
 Reference value :  2.97893e-02
 Reference value :  2.97906e-02
 Reference value :  2.97931e-02
 Reference value :  2.97956e-02
 Reference value :  2.97991e-02
 Reference value :  2.98016e-02
 Reference value :  2.98041e-02
 Reference value :  2.98078e-02
 Reference value :  2.98113e-02
 Reference value :  2.98138e-02
 Reference value :  2.98163e-02
 Reference value :  2.98199e-02
 Reference value :  2.98235e-02
 Reference value :  2.98260e-02
 Reference value :  2.98284e-02
 Reference value :  2.98309e-02
 Reference value :  2.98333e-02
 Reference value :  2.98347e-02
 Reference value :  2.98382e-02
 Reference value :  2.98407e-02
 Reference value :  2.98431e-02
 Reference value :  2.98456e-02
 Reference value :  2.98481e-02
 Reference value :  2.98505e-02
 Reference value :  2.98530e-02
 Reference value :  2.98554e-02
 Reference value :  2.98579e-02
 Reference value :  2.98603e-02
 Reference value :  2.98639e-02
 Reference value :  2.98665e-02
 Reference value :  2.98690e-02
 Reference value :  2.98725e-02
 Reference value :  2.98749e-02
 Reference value :  2.98771e-02
 Reference value :  2.98798e-02
 Reference value :  2.98824e-02
 Reference value :  2.98849e-02
 Reference value :  2.98873e-02
 Reference value :  2.98897e-02
 Reference value :  2.98922e-02
 Reference value :  2.98959e-02
 Reference value :  2.98984e-02
 Reference value :  2.99008e-02
 Reference value :  2.99033e-02
 Reference value :  2.99058e-02
 Reference value :  2.99082e-02
 Reference value :  2.99118e-02
 Reference value :  2.99142e-02
 Reference value :  2.99167e-02
 Reference value :  2.99204e-02
 Reference value :  2.99229e-02
 Reference value :  2.99263e-02
 Reference value :  2.99288e-02
 Reference value :  2.99313e-02
 Reference value :  2.99338e-02
 Reference value :  2.99362e-02
 Reference value :  2.99387e-02
 Reference value :  2.99411e-02
 Reference value :  2.99448e-02
 Reference value :  2.99473e-02
 Reference value :  2.99498e-02
 Reference value :  2.99522e-02
 Reference value :  2.99558e-02
 Reference value :  2.99582e-02
 Reference value :  2.99607e-02
 Reference value :  2.99632e-02
 Reference value :  2.99669e-02
 Reference value :  2.99694e-02
 Reference value :  2.99730e-02
 Reference value :  2.99754e-02
 Reference value :  2.99779e-02
 Reference value :  2.99805e-02
 Reference value :  2.99829e-02
 Reference value :  2.99866e-02
 Reference value :  2.99891e-02
 Reference value :  2.99926e-02
 Reference value :  2.99951e-02
 Reference value :  2.99976e-02
stdout No. of Data Rows : 6061366
stdout sim_end = 3.000000e-02
stdout output_peak         =  5.11944e+00 at=  6.43823e-03
stdout output_min          =  -3.55291e-02 at=  2.82803e-04
stdout inductor_peak       =  2.81164e+00 at=  4.53478e-03
stdout inductor_min        =  -1.97086e+01 at=  9.05177e-05
stdout body_reverse_peak   =  1.97086e+01 at=  9.05177e-05
stdout input_min           =  1.40519e-06 at=  1.00000e-08
stdout before_loss         =  5.10489e+00 from=  2.00000e-02 to=  2.40000e-02
stdout recovery            =  5.10440e+00 from=  2.50000e-02 to=  3.00000e-02
