v 9.381429 -4.0 7.371409
v 9.373896 -4.0 7.39122
v 9.373896 -4.0 7.248948
newmtl 1
Ka 0.25098039215686274 0.25098039215686274 0.25098039215686274
Kd 0.25098039215686274 0.25098039215686274 0.25098039215686274
Ks 0.12549019607843137 0.12549019607843137 0.12549019607843137
d 0.0
endmtl
v 24.49 -4.0 10.0
v 21.543591 -4.0 10.0
v 21.543591 -4.0 7.800436
v 9.961931 -4.0 6.389827
v 9.950086 -4.0 6.388584
v 10.080723 -4.0 6.388584
v 10.543415 -4.0 6.935496
v 10.714975 -4.0 6.935496
v 10.714975 -4.0 7.089935
v 8.348389 -4.0 7.373475
v 8.453151 -4.0 7.285181
v 8.819367 -4.0 7.800436
v 8.819367 -4.0 7.248948
v 7.835359 -4.0 7.856486
v 7.918723 -4.0 7.800436
v 8.007323 -4.0 7.740865
v 8.134329 -4.0 7.594115
v 8.215546 -4.0 7.436244
v 8.233555 -4.0 7.430207
v 7.641856 -4.0 7.924677
v 8.819367 -4.0 10.0
v 7.482912 -4.0 7.941375
v 7.291927 -4.0 7.917822
v 7.114138 -4.0 7.849204
v 2.1 -4.0 10.0
v 7.035436 -4.0 7.800436
v 2.1 -4.0 7.800436
v 7.020196 -4.0 7.790993
v 2.1 -4.0 7.248948
v 6.191947 -4.0 7.248948
v 6.225345 -4.0 7.324521
v 6.31841 -4.0 7.443956
v 6.609548 -4.0 7.610177
v 6.761847 -4.0 7.629043
v 6.929581 -4.0 7.713391
v 6.80619 -4.0 7.626632
v 6.850533 -4.0 7.621331
v 6.34414 -4.0 7.468324
v 6.466734 -4.0 7.554621
v 6.419058 -4.0 6.481736
v 6.29913 -4.0 6.584076
v 2.1 -4.0 6.388584
v 6.558356 -4.0 6.413747
v 6.211473 -4.0 6.709052
v 6.156033 -4.0 6.85256
v 2.1 -4.0 7.089935
v 6.13718 -4.0 7.004376
v 6.138229 -4.0 7.040672
v 6.146974 -4.0 7.089935
v 6.163957 -4.0 7.185612
v 6.773433 -4.0 6.191939
v 6.698981 -4.0 6.250062
v 6.607607 -4.0 6.398989
v 6.612364 -4.0 6.388584
v 6.642954 -4.0 6.321657
v 6.814737 -4.0 6.17375
v 2.1 -4.0 6.17375
v 6.861595 -4.0 6.153116
v 2.1 -4.0 3.05
v 6.952341 -4.0 6.137369
v 8.819367 -4.0 3.05
v 6.973925 -4.0 6.136784
v 8.819367 -4.0 6.17375
v 8.819367 -4.0 6.388584
v 7.335155 -4.0 6.388584
v 7.334653 -4.0 6.386485
v 7.28881 -4.0 6.300498
v 7.223925 -4.0 6.2294
v 7.146199 -4.0 6.177666
v 7.135338 -4.0 6.17375
v 7.05961 -4.0 6.146444
v 8.579401 -4.0 7.057909
v 8.597286 -4.0 6.931113
v 8.819367 -4.0 7.089935
v 7.827593 -4.0 6.616061
v 7.854052 -4.0 6.626513
v 7.899356 -4.0 6.846282
v 7.263122 -4.0 6.78073
v 7.779821 -4.0 7.050648
v 7.200342 -4.0 6.838776
v 7.119421 -4.0 6.883762
v 7.803882 -4.0 6.599256
v 8.454616 -4.0 6.564796
v 8.350076 -4.0 6.476229
v 8.355667 -4.0 6.966488
v 8.336213 -4.0 7.040167
v 8.308231 -4.0 7.089935
v 6.388882 -4.0 7.089935
v 8.531488 -4.0 6.672033
v 7.883933 -4.0 6.630347
v 7.887685 -4.0 6.630075
v 7.899253 -4.0 6.627514
v 8.579775 -4.0 6.794188
v 6.385268 -4.0 6.949245
v 6.658434 -4.0 6.746527
v 6.380106 -4.0 7.012088
v 6.723431 -4.0 6.818035
v 6.803308 -4.0 6.871312
v 7.764398 -4.0 6.510812
v 7.765377 -4.0 6.52603
v 7.359521 -4.0 6.56094
v 7.77312 -4.0 6.555378
v 7.787949 -4.0 6.581686
v 6.413896 -4.0 6.854858
v 6.464466 -4.0 6.772179
v 6.615118 -4.0 6.666861
v 6.535166 -4.0 6.70306
v 6.611464 -4.0 6.657339
v 8.279253 -4.0 6.722544
v 8.32189 -4.0 6.782546
v 8.348704 -4.0 6.851179
v 8.358216 -4.0 6.927257
v 7.854498 -4.0 6.394778
v 7.828992 -4.0 6.404819
v 7.803984 -4.0 6.422598
v 7.795021 -4.0 6.431722
v 7.778214 -4.0 6.455944
v 7.768056 -4.0 6.482091
v 7.357368 -4.0 6.48164
v 7.359521 -4.0 6.52238
v 6.88898 -4.0 6.9022
v 6.973925 -4.0 6.911833
v 7.026917 -4.0 6.908276
v 8.232461 -4.0 6.418553
v 8.103723 -4.0 6.391277
v 7.87622 -4.0 6.391277
v 7.907068 -4.0 6.626492
v 8.080586 -4.0 6.626492
v 8.152793 -4.0 6.640718
v 8.220469 -4.0 6.672945
v 8.276978 -4.0 6.720084
v 6.420988 -4.0 7.184363
v 6.389766 -4.0 7.097774
v 8.026603 -4.0 7.228022
v 8.057451 -4.0 7.228022
v 8.299258 -4.0 7.105895
v 8.259195 -4.0 7.150114
v 8.199601 -4.0 7.192244
v 8.132438 -4.0 7.218554
v 7.942223 -4.0 7.461614
v 7.85482 -4.0 7.565136
v 6.970068 -4.0 7.339845
v 7.847349 -4.0 7.571923
v 7.739098 -4.0 7.647266
v 7.029262 -4.0 7.46226
v 6.463975 -4.0 7.248948
v 6.934773 -4.0 7.358654
v 8.021955 -4.0 7.248948
v 8.002254 -4.0 7.337644
v 6.848094 -4.0 7.38836
v 6.765702 -4.0 7.397685
v 6.724963 -4.0 7.395532
v 7.115852 -4.0 7.565503
v 7.618235 -4.0 7.693766
v 7.218373 -4.0 7.640411
v 7.486768 -4.0 7.710018
v 7.344253 -4.0 7.691584
v 6.629807 -4.0 7.372817
v 6.54382 -4.0 7.326973
v 6.472722 -4.0 7.262089
v 8.47924 -4.0 7.248948
v 8.532045 -4.0 7.175618
v 8.566518 -4.0 7.089935
v 10.822763 -4.0 6.873111
v 10.886328 -4.0 6.388584
v 10.886328 -4.0 7.089935
v 10.822763 -4.0 6.935496
v 10.807375 -4.0 6.637432
v 10.807375 -4.0 6.699541
v 10.714975 -4.0 6.699541
v 10.714975 -4.0 6.873111
v 10.613425 -4.0 6.699541
v 10.613425 -4.0 6.873111
v 10.613425 -4.0 6.637432
v 10.613425 -4.0 6.454989
v 10.714975 -4.0 6.637432
v 10.714975 -4.0 6.454989
v 10.835102 -4.0 6.454989
v 10.835102 -4.0 6.393158
v 10.714975 -4.0 6.388584
v 10.714975 -4.0 6.393158
v 10.543415 -4.0 6.393158
v 10.275574 -4.0 6.48937
v 10.283891 -4.0 6.457485
v 10.285694 -4.0 6.457485
v 10.470216 -4.0 6.780503
v 10.207157 -4.0 7.089935
v 10.39979 -4.0 6.780503
v 10.207157 -4.0 6.686184
v 10.294012 -4.0 6.488816
v 10.288814 -4.0 6.470759
v 9.801444 -4.0 6.476893
v 9.732543 -4.0 7.089935
v 9.732543 -4.0 6.388584
v 9.828002 -4.0 6.460469
v 9.832844 -4.0 6.458647
v 9.832844 -4.0 6.602676
v 9.82113 -4.0 6.614696
v 9.812272 -4.0 6.628854
v 9.804781 -4.0 6.649598
v 9.80186 -4.0 6.675972
v 9.804541 -4.0 6.700263
v 9.832243 -4.0 6.603073
v 9.861769 -4.0 6.388584
v 9.85005 -4.0 6.389781
v 9.832844 -4.0 6.388584
v 9.832844 -4.0 6.395786
v 9.801444 -4.0 6.406744
v 9.906528 -4.0 6.384008
v 9.832844 -4.0 6.17375
v 10.080723 -4.0 6.17375
v 10.04447 -4.0 6.772185
v 10.04447 -4.0 6.706195
v 9.845391 -4.0 6.758599
v 9.86553 -4.0 6.77063
v 9.832844 -4.0 7.089935
v 10.059815 -4.0 6.471227
v 10.051473 -4.0 6.449699
v 10.038812 -4.0 6.431783
v 9.81263 -4.0 6.722134
v 9.825252 -4.0 6.740494
v 9.832844 -4.0 6.74732
v 9.902797 -4.0 6.783954
v 9.952694 -4.0 6.789376
v 10.080723 -4.0 7.089935
v 9.990145 -4.0 6.786817
v 10.040311 -4.0 6.56257
v 10.05299 -4.0 6.543858
v 10.060239 -4.0 6.523828
v 10.063046 -4.0 6.498521
v 10.019377 -4.0 6.414785
v 9.999104 -4.0 6.40279
v 9.94604 -4.0 6.734199
v 9.925931 -4.0 6.732691
v 9.87187 -4.0 6.682072
v 9.907759 -4.0 6.727881
v 9.892527 -4.0 6.719781
v 9.87249 -4.0 6.673036
v 9.875184 -4.0 6.662484
v 9.880079 -4.0 6.653319
v 9.886704 -4.0 6.646028
v 9.910653 -4.0 6.631055
v 9.99065 -4.0 6.729129
v 9.952694 -4.0 6.612755
v 10.028963 -4.0 6.71508
v 9.978996 -4.0 6.602113
v 10.024114 -4.0 6.577022
v 9.882277 -4.0 6.710723
v 9.876453 -4.0 6.702078
v 9.873099 -4.0 6.692907
v 9.870592 -4.0 6.444441
v 9.904726 -4.0 6.563401
v 9.864235 -4.0 6.581961
v 9.913183 -4.0 6.439462
v 9.916183 -4.0 6.439481
v 9.949332 -4.0 6.54472
v 9.951007 -4.0 6.443384
v 9.993314 -4.0 6.491866
v 9.992649 -4.0 6.500316
v 9.968535 -4.0 6.449799
v 9.97473 -4.0 6.453557
v 9.982525 -4.0 6.460477
v 9.988454 -4.0 6.469246
v 9.991906 -4.0 6.478907
v 9.989562 -4.0 6.510923
v 9.984311 -4.0 6.519929
v 9.975846 -4.0 6.528743
v 11.394145 -4.0 7.248948
v 11.218011 -4.0 7.253523
v 11.140652 -4.0 7.253523
v 11.085337 -4.0 7.401862
v 10.886328 -4.0 7.401862
v 10.886328 -4.0 7.248948
v 11.011445 -4.0 7.795861
v 11.394145 -4.0 7.800436
v 10.886328 -4.0 7.800436
v 10.859502 -4.0 7.401862
v 10.807375 -4.0 7.253523
v 10.714975 -4.0 7.248948
v 10.730017 -4.0 7.253523
v 10.714975 -4.0 7.800436
v 10.886328 -4.0 7.663917
v 10.936583 -4.0 7.795861
v 10.207157 -4.0 7.800436
v 10.080723 -4.0 7.800436
v 10.143594 -4.0 7.795861
v 10.080723 -4.0 7.795861
v 10.143594 -4.0 7.733476
v 10.155932 -4.0 7.315354
v 10.207157 -4.0 7.248948
v 10.155932 -4.0 7.253523
v 10.080723 -4.0 7.248948
v 9.934256 -4.0 7.497797
v 9.934256 -4.0 7.315354
v 10.080723 -4.0 7.497797
v 10.080723 -4.0 7.315354
v 10.128204 -4.0 7.497797
v 10.128204 -4.0 7.559906
v 10.080723 -4.0 7.559906
v 10.080723 -4.0 7.733476
v 9.934256 -4.0 7.559906
v 9.934256 -4.0 7.733476
v 9.864245 -4.0 7.795861
v 9.832844 -4.0 7.800436
v 9.864245 -4.0 7.253523
v -2.1 -4.0 10.0
v -20.039999 -4.0 10.0
v -2.1 -4.0 7.800436
v -20.690001 -4.0 9.13125
v -26.690001 -4.0 9.866025
v -26.482893 -4.0 9.707108
v -24.49 -4.0 13.7
v -28.056026 -4.0 9.5
v -27.897106 -4.0 9.707108
v -29.525053 -4.0 13.7
v -27.690001 -4.0 9.866025
v -24.49 -4.0 10.0
v -26.323975 -4.0 9.5
v -26.224075 -4.0 9.258819
v -28.155926 -4.0 9.258819
v -30.991093 -4.0 7.800436
v -28.190001 -4.0 9.0
v -27.44882 -4.0 9.965925
v -27.190001 -4.0 10.0
v -26.931181 -4.0 9.965925
v -21.34 -4.0 10.0
v -26.190001 -4.0 7.800436
v -26.190001 -4.0 9.0
v -26.190001 -4.0 7.248948
v -2.1 -4.0 7.248948
v -26.190001 -4.0 7.089935
v -2.1 -4.0 7.089935
v -26.190001 -4.0 6.388584
v -2.1 -4.0 6.388584
v -26.190001 -4.0 6.17375
v -22.614853 -4.0 6.17375
v -22.59 -4.0 6.19282
v -22.397055 -4.0 6.272741
v -22.190001 -4.0 6.3
v -21.982946 -4.0 6.272741
v -2.1 -4.0 6.17375
v -21.789999 -4.0 6.19282
v -20.690001 -4.0 3.05
v -2.1 -4.0 3.05
v -20.690001 -4.0 3.5
v -21.765146 -4.0 6.17375
v -21.624313 -4.0 6.065685
v -21.497179 -4.0 5.9
v -21.417259 -4.0 5.707055
v -21.390001 -4.0 5.5
v -21.390001 -4.0 3.5
v -24.189999 -4.0 3.05
v -23.690001 -4.0 3.05
v -23.690001 -4.0 3.5
v -22.962742 -4.0 5.707055
v -22.88282 -4.0 5.9
v -22.755686 -4.0 6.065685
v -26.190001 -4.0 2.243304
v -26.09 -4.0 2.25
v -25.895885 -4.0 2.224444
v -25.715 -4.0 2.149519
v -25.559669 -4.0 2.03033
v -25.440481 -4.0 1.875
v -25.365555 -4.0 1.694114
v -24.189999 -4.0 0.65
v -22.99 -4.0 3.5
v -22.99 -4.0 5.5
v -25.34 -4.0 1.5
v -25.34 -4.0 0.2
v 8.819367 -4.0 0.65
v 8.819367 -4.0 0.2
v 9.341385 -4.0 0.65
v 9.341385 -4.0 0.2
v 9.373896 -4.0 0.65
v 9.373896 -4.0 0.2
v 9.732543 -4.0 0.65
v 9.732543 -4.0 0.2
v 9.832844 -4.0 0.65
v 9.832844 -4.0 0.2
v 10.080723 -4.0 0.65
v 10.080723 -4.0 0.2
v 10.207157 -4.0 0.65
v 10.207157 -4.0 0.2
v 10.714975 -4.0 0.65
v 10.714975 -4.0 0.2
v 10.886328 -4.0 0.65
v 10.886328 -4.0 0.2
v 11.394145 -4.0 0.65
v 11.394145 -4.0 0.2
v 21.543591 -4.0 0.65
v 21.543591 -4.0 0.2
v 24.189999 -4.0 0.65
v 23.690001 -4.0 3.5
v 23.690001 -4.0 3.05
v 26.190001 -4.0 6.17375
v 24.189999 -4.0 3.05
v 26.09 -4.0 2.25
v 26.190001 -4.0 2.243304
v 22.614853 -4.0 6.17375
v 22.755686 -4.0 6.065685
v 22.88282 -4.0 5.9
v 22.99 -4.0 3.5
v 22.99 -4.0 5.5
v 22.962742 -4.0 5.707055
v 25.440481 -4.0 1.875
v 25.559669 -4.0 2.03033
v 25.715 -4.0 2.149519
v 25.895885 -4.0 2.224444
v 25.34 -4.0 0.2
v 25.34 -4.0 1.5
v 25.365555 -4.0 1.694114
v 22.59 -4.0 6.19282
v 26.190001 -4.0 6.388584
v 22.397055 -4.0 6.272741
v 21.765146 -4.0 6.17375
v 21.789999 -4.0 6.19282
v 21.543591 -4.0 6.388584
v 21.982946 -4.0 6.272741
v 22.190001 -4.0 6.3
v 21.390001 -4.0 3.5
v 21.390001 -4.0 5.5
v 20.690001 -4.0 3.5
v 11.394145 -4.0 6.17375
v 20.690001 -4.0 3.05
v 21.417259 -4.0 5.707055
v 21.497179 -4.0 5.9
v 21.543591 -4.0 6.17375
v 21.543591 -4.0 5.960483
v 21.624313 -4.0 6.065685
v 9.732543 -4.0 6.17375
v 9.732543 -4.0 3.05
v 9.832844 -4.0 3.05
v 10.080723 -4.0 3.05
v 10.207157 -4.0 6.17375
v 10.207157 -4.0 3.05
v 10.714975 -4.0 6.17375
v 10.714975 -4.0 3.05
v 10.886328 -4.0 6.17375
v 10.886328 -4.0 3.05
v 11.394145 -4.0 3.05
v 9.341385 -4.0 10.0
v 9.341385 -4.0 7.800436
v 9.373896 -4.0 10.0
v 11.394145 -4.0 10.0
v 10.886328 -4.0 10.0
v 10.714975 -4.0 10.0
v 10.207157 -4.0 10.0
v 10.080723 -4.0 10.0
v 9.832844 -4.0 10.0
v 9.732543 -4.0 7.800436
v 9.732543 -4.0 10.0
v 9.682872 -4.0 7.800436
v 27.44882 -4.0 9.965925
v 27.690001 -4.0 9.866025
v 29.525053 -4.0 13.7
v 26.190001 -4.0 7.800436
v 26.190001 -4.0 9.0
v 26.482893 -4.0 9.707108
v 24.49 -4.0 13.7
v 26.323975 -4.0 9.5
v 26.224075 -4.0 9.258819
v 26.690001 -4.0 9.866025
v 26.931181 -4.0 9.965925
v 27.190001 -4.0 10.0
v 27.897106 -4.0 9.707108
v 28.056026 -4.0 9.5
v 30.991093 -4.0 7.800436
v 28.155926 -4.0 9.258819
v 28.190001 -4.0 9.0
v 28.190001 -4.0 7.800436
v 28.190001 -4.0 7.248948
v 31.128136 -4.0 7.248948
v 28.190001 -4.0 7.089935
v 31.16765 -4.0 7.089935
v 31.190001 -4.0 7.0
v 28.190001 -4.0 6.388584
v 31.190001 -4.0 6.388584
v 28.190001 -4.0 6.17375
v 31.190001 -4.0 6.17375
v 28.190001 -4.0 -0.0
v 31.190001 -4.0 -0.0
v 21.543591 -4.0 7.248948
v 26.190001 -4.0 7.248948
v 21.543591 -4.0 7.089935
v 26.190001 -4.0 7.089935
v -28.190001 -4.0 7.800436
v -31.128136 -4.0 7.248948
v -28.190001 -4.0 7.248948
v -31.16765 -4.0 7.089935
v -28.190001 -4.0 7.089935
v -31.190001 -4.0 7.0
v -28.190001 -4.0 6.388584
v -31.190001 -4.0 6.388584
v -31.190001 -4.0 6.17375
v -28.190001 -4.0 6.17375
v -31.190001 -4.0 -0.0
v -28.190001 -4.0 -0.0
v 10.080723 -4.0 7.253523
v 9.832844 -4.0 7.248948
v 9.755694 -4.0 7.709631
v 9.755694 -4.0 7.343081
v 9.747058 -4.0 7.714228
v 9.430516 -4.0 7.586958
v 9.732543 -4.0 7.332814
v 9.447778 -4.0 7.635223
v 9.473114 -4.0 7.673784
v 9.423111 -4.0 7.518592
v 9.423147 -4.0 7.513529
v 9.700181 -4.0 7.318462
v 9.638431 -4.0 7.307518
v 9.69173 -4.0 7.734534
v 9.627874 -4.0 7.741794
v 9.603853 -4.0 7.740687
v 9.557091 -4.0 7.731025
v 9.732543 -4.0 7.719555
v 9.51474 -4.0 7.710652
v 9.480089 -4.0 7.681626
v 9.431674 -4.0 7.446949
v 9.448741 -4.0 7.40276
v 9.476346 -4.0 7.363876
v 9.525821 -4.0 7.326531
v 9.56517 -4.0 7.312333
v 9.615674 -4.0 7.306759
v 9.48967 -4.0 7.350952
v 9.702306 -4.0 7.798692
v 9.732543 -4.0 7.789708
v 9.755694 -4.0 7.782829
v 9.490629 -4.0 7.772696
v 9.547043 -4.0 7.795027
v 9.373896 -4.0 7.800436
v 9.590458 -4.0 7.800436
v 9.62718 -4.0 7.805011
v 9.632161 -4.0 7.804988
v 9.373896 -4.0 7.639499
v 9.390314 -4.0 7.676613
v 9.427963 -4.0 7.725158
v 9.440053 -4.0 7.73677
v 9.363876 -4.0 7.616852
v 9.359715 -4.0 7.428511
v 9.341385 -4.0 7.248948
v 9.349634 -4.0 7.514433
v 9.350891 -4.0 7.546818
v 9.511063 -4.0 7.259023
v 9.460288 -4.0 7.283815
v 9.419229 -4.0 7.318405
v 9.413426 -4.0 7.324791
v 9.557087 -4.0 7.248948
v 9.373896 -4.0 7.089935
v 9.569234 -4.0 7.246289
v 9.605553 -4.0 7.244374
v 9.647234 -4.0 7.248948
v 9.755694 -4.0 7.275982
v 9.732543 -4.0 7.248948
v 9.732543 -4.0 7.267355
v 9.698139 -4.0 7.254536
v 9.426229 -4.0 6.57852
v 9.436004 -4.0 6.687341
v 9.412466 -4.0 6.559204
v 9.402946 -4.0 6.535391
v 9.373896 -4.0 6.388584
v 9.409717 -4.0 6.443084
v 9.401501 -4.0 6.466065
v 9.610974 -4.0 6.785545
v 9.639441 -4.0 6.776767
v 9.661922 -4.0 6.763771
v 9.679962 -4.0 6.746333
v 9.693787 -4.0 6.72422
v 9.447354 -4.0 6.596474
v 9.476845 -4.0 6.611223
v 9.479444 -4.0 6.715189
v 9.52667 -4.0 6.623291
v 9.586005 -4.0 6.731788
v 9.562992 -4.0 6.734199
v 9.521887 -4.0 6.729855
v 9.454305 -4.0 6.398547
v 9.431428 -4.0 6.414508
v 9.423832 -4.0 6.422209
v 9.64146 -4.0 6.453048
v 9.639657 -4.0 6.453048
v 9.64146 -4.0 6.393158
v 9.629073 -4.0 6.43694
v 9.60762 -4.0 6.41384
v 9.398157 -4.0 6.496857
v 9.398412 -4.0 6.506355
v 9.436004 -4.0 6.753331
v 9.454155 -4.0 6.763597
v 9.505439 -4.0 6.782241
v 9.56937 -4.0 6.789376
v 9.704337 -4.0 6.693004
v 9.709391 -4.0 6.642423
v 9.709391 -4.0 6.393158
v 9.64146 -4.0 6.639373
v 9.639096 -4.0 6.669411
v 9.632073 -4.0 6.693598
v 9.624092 -4.0 6.707588
v 9.613822 -4.0 6.718512
v 9.601763 -4.0 6.726285
v 9.557944 -4.0 6.388584
v 9.556012 -4.0 6.387885
v 9.373896 -4.0 6.17375
v 9.373896 -4.0 3.05
v 9.520987 -4.0 6.384008
v 9.48159 -4.0 6.388584
v 9.48035 -4.0 6.388728
v 10.207157 -4.0 6.503843
v 10.098398 -4.0 6.780503
v 10.174371 -4.0 6.780503
v 10.248054 -4.0 6.388584
v 10.250342 -4.0 6.393991
v 10.207157 -4.0 6.29908
v 10.207248 -4.0 6.299181
v 10.207157 -4.0 6.388584
v 10.220536 -4.0 6.323564
v 10.112401 -4.0 6.276706
v 10.112401 -4.0 6.216261
v 10.126298 -4.0 6.272151
v 10.150941 -4.0 6.268942
v 10.167252 -4.0 6.270769
v 10.207157 -4.0 6.222825
v 10.183654 -4.0 6.213871
v 10.15621 -4.0 6.210715
v 10.141213 -4.0 6.211254
v 10.182128 -4.0 6.276349
v 10.194596 -4.0 6.285004
v 10.294428 -4.0 6.334654
v 10.263675 -4.0 6.274765
v 10.315691 -4.0 6.388584
v 10.238818 -4.0 6.244911
v 10.234185 -4.0 6.240665
v 10.210459 -4.0 6.224083
v 9.583555 -4.0 6.397838
v 11.394145 -4.0 6.388584
v 9.04145 -4.0 6.935496
v 9.04145 -4.0 6.393158
v 9.341385 -4.0 6.388584
v 9.341385 -4.0 6.17375
v 9.341385 -4.0 3.05
v 9.320798 -4.0 6.935496
v 9.341385 -4.0 7.089935
v 9.320798 -4.0 6.873111
v 9.333137 -4.0 6.454989
v 9.333137 -4.0 6.393158
v 9.111461 -4.0 6.637432
v 9.111461 -4.0 6.454989
v 9.30541 -4.0 6.637432
v 9.30541 -4.0 6.699541
v 9.111461 -4.0 6.699541
v 9.111461 -4.0 6.873111
v 11.363205 -4.0 6.569887
v 11.335734 -4.0 6.514227
v 11.237133 -4.0 6.426658
v 11.174475 -4.0 6.403257
v 11.086722 -4.0 6.393158
v 10.937552 -4.0 6.393158
v 10.937552 -4.0 6.935496
v 11.092269 -4.0 6.935496
v 11.394145 -4.0 7.089935
v 11.178606 -4.0 6.925497
v 11.243587 -4.0 6.90085
v 11.297309 -4.0 6.863684
v 11.319613 -4.0 6.841443
v 11.352368 -4.0 6.793141
v 11.297309 -4.0 6.46913
v 11.289838 -4.0 6.462418
v 11.371453 -4.0 6.74041
v 11.379103 -4.0 6.671259
v 11.377067 -4.0 6.63276
v 11.486546 -4.0 6.393158
v 11.409186 -4.0 6.393158
v 11.819821 -4.0 6.393158
v 11.764506 -4.0 6.541497
v 11.538671 -4.0 6.541497
v 11.615752 -4.0 6.935496
v 11.690615 -4.0 6.935496
v 9.111461 -4.0 7.795861
v 9.111461 -4.0 7.315354
v 9.327453 -4.0 7.315354
v 9.04145 -4.0 7.253523
v 9.04145 -4.0 7.795861
v 9.327453 -4.0 7.253523
v 10.684034 -4.0 7.430252
v 10.656565 -4.0 7.374592
v 10.413099 -4.0 7.795861
v 10.499436 -4.0 7.785862
v 10.564417 -4.0 7.761215
v 10.557963 -4.0 7.287022
v 10.495304 -4.0 7.263622
v 10.407553 -4.0 7.253523
v 10.258383 -4.0 7.253523
v 10.258383 -4.0 7.795861
v 10.618139 -4.0 7.724049
v 10.640443 -4.0 7.701807
v 10.673199 -4.0 7.653506
v 10.618139 -4.0 7.329495
v 10.610668 -4.0 7.322783
v 10.692284 -4.0 7.600775
v 10.699933 -4.0 7.531624
v 10.697897 -4.0 7.493125
v 11.897181 -4.0 6.393158
v -21.390001 -2.35 3.5
v -22.99 -2.35 3.5
v -21.390001 -3.6 3.5
v -22.99 -3.6 3.5
v 2.1 -3.5 2.0
v 2.1 -2.25 2.0
v -2.1 -3.5 2.0
v -2.1 -2.25 2.0
v 24.49 3.8 10.0
v 24.49 3.8 13.7
v 29.125053 3.8 13.7
v 21.469999 3.8 6.0
v 15.5 3.8 6.0
v 15.5 3.8 10.0
v 28.155926 3.8 9.258819
v 28.056026 3.8 9.5
v 28.190001 3.8 9.0
v 29.125053 3.8 0.0
v 28.190001 3.8 0.0
v 27.897106 3.8 9.707108
v 27.690001 3.8 9.866025
v 27.44882 3.8 9.965925
v 27.190001 3.8 10.0
v 26.931181 3.8 9.965925
v 26.690001 3.8 9.866025
v 26.482893 3.8 9.707108
v 25.440481 3.8 1.875
v 25.365555 3.8 1.694114
v 26.190001 3.8 9.0
v 26.190001 3.8 2.243304
v 26.09 3.8 2.25
v 21.469999 3.8 0.2
v 25.34 3.8 1.5
v 25.34 3.8 0.2
v 26.323975 3.8 9.5
v 26.224075 3.8 9.258819
v 25.895885 3.8 2.224444
v 25.715 3.8 2.149519
v 25.559669 3.8 2.03033
v -29.125053 3.8 13.7
v -24.49 3.8 13.7
v -24.49 3.8 10.0
v -15.5 3.8 10.0
v -15.5 3.8 6.0
v -21.469999 3.8 6.0
v -21.469999 3.8 0.2
v -25.34 3.8 0.2
v -25.34 3.8 1.5
v -25.440481 3.8 1.875
v -25.559669 3.8 2.03033
v -25.365555 3.8 1.694114
v -26.931181 3.8 9.965925
v -27.190001 3.8 10.0
v -27.897106 3.8 9.707108
v -28.056026 3.8 9.5
v -26.190001 3.8 9.0
v -26.224075 3.8 9.258819
v -26.323975 3.8 9.5
v -26.482893 3.8 9.707108
v -26.690001 3.8 9.866025
v -27.44882 3.8 9.965925
v -27.690001 3.8 9.866025
v -28.190001 3.8 0.0
v -29.125053 3.8 0.0
v -28.190001 3.8 9.0
v -28.155926 3.8 9.258819
v -25.715 3.8 2.149519
v -25.895885 3.8 2.224444
v -26.09 3.8 2.25
v -26.190001 3.8 2.243304
v -26.93 -0.85 -0.0
v -26.764999 -0.836294 -0.0
v -26.764999 -2.5 -0.0
v -31.190001 4.3 0.0
v -29.125053 4.3 0.0
v -31.190001 1.423774 0.0
v -28.190001 -2.5 -0.0
v -31.190001 -1.123774 -0.0
v -28.689999 -1.123774 -0.0
v -28.190001 2.8 0.0
v -28.689999 1.423774 0.0
v -26.764999 2.8 0.0
v -26.764999 1.136294 0.0
v -26.93 1.15 0.0
v -27.895926 -0.108819 -0.0
v -27.796026 -0.35 -0.0
v -27.637108 -0.557107 -0.0
v -27.43 -0.716025 -0.0
v -27.188818 -0.815926 -0.0
v -27.188818 1.115926 0.0
v -27.43 1.016025 0.0
v -27.637108 0.857107 0.0
v -27.796026 0.65 0.0
v -27.895926 0.408819 0.0
v -27.93 0.15 0.0
v 25.34 2.8 0.2
v 25.34 2.8 1.5
v -25.34 2.8 0.2
v -25.34 2.8 1.5
v 25.34 -2.5 1.5
v 25.34 -2.5 0.2
v -25.34 -2.5 1.5
v -25.34 -2.5 0.2
v 21.469999 3.5 6.0
v 21.469999 3.5 0.2
v -21.469999 3.5 6.0
v -21.469999 3.5 0.2
v 13.1 3.5 1.8
v 12.299999 3.5 1.8
v 20.719999 3.5 0.2
v 20.719999 3.5 1.8
v 14.84 3.5 1.8
v 14.84 3.5 0.2
v 13.1 3.5 0.2
v 19.92 3.5 0.2
v 18.18 3.5 0.2
v 19.92 3.5 1.8
v 18.18 3.5 1.8
v 9.76 3.5 1.8
v 9.76 3.5 0.2
v 8.02 3.5 0.2
v 17.379999 3.5 1.8
v 8.02 3.5 1.8
v 7.22 3.5 1.8
v 15.64 3.5 1.8
v 15.64 3.5 0.2
v 17.379999 3.5 0.2
v 10.56 3.5 1.8
v 10.56 3.5 0.2
v 12.299999 3.5 0.2
v 4.68 3.5 1.8
v 4.68 3.5 0.2
v 2.94 3.5 0.2
v 2.94 3.5 1.8
v 2.14 3.5 1.8
v 5.48 3.5 1.8
v 5.48 3.5 0.2
v 7.22 3.5 0.2
v -0.4 3.5 1.8
v -0.4 3.5 0.2
v -2.14 3.5 0.2
v -2.14 3.5 1.8
v -2.94 3.5 1.8
v 0.4 3.5 1.8
v 0.4 3.5 0.2
v 2.14 3.5 0.2
v -5.48 3.5 1.8
v -5.48 3.5 0.2
v -7.22 3.5 0.2
v -7.22 3.5 1.8
v -8.02 3.5 1.8
v -4.68 3.5 1.8
v -4.68 3.5 0.2
v -2.94 3.5 0.2
v -10.56 3.5 1.8
v -10.56 3.5 0.2
v -12.299999 3.5 0.2
v -12.299999 3.5 1.8
v -13.1 3.5 1.8
v -9.76 3.5 1.8
v -9.76 3.5 0.2
v -8.02 3.5 0.2
v -15.64 3.5 1.8
v -15.64 3.5 0.2
v -17.379999 3.5 0.2
v -17.379999 3.5 1.8
v -18.18 3.5 1.8
v -14.84 3.5 1.8
v -14.84 3.5 0.2
v -13.1 3.5 0.2
v -20.719999 3.5 0.2
v -20.719999 3.5 1.8
v -19.92 3.5 1.8
v -19.92 3.5 0.2
v -18.18 3.5 0.2
v -2.14 -2.0 1.8
v -2.14 -2.0 0.2
v -2.94 -2.0 1.8
v -2.94 -2.0 0.2
v 0.4 -2.0 1.8
v 0.4 -2.0 0.2
v -0.4 -2.0 1.8
v -0.4 -2.0 0.2
v 2.94 -2.0 1.8
v 2.94 -2.0 0.2
v 2.14 -2.0 1.8
v 2.14 -2.0 0.2
v 5.48 -2.0 1.8
v 5.48 -2.0 0.2
v 4.68 -2.0 1.8
v 4.68 -2.0 0.2
v 8.02 -2.0 1.8
v 8.02 -2.0 0.2
v 7.22 -2.0 1.8
v 7.22 -2.0 0.2
v 10.56 -2.0 1.8
v 10.56 -2.0 0.2
v 9.76 -2.0 1.8
v 9.76 -2.0 0.2
v 13.1 -2.0 1.8
v 13.1 -2.0 0.2
v 12.299999 -2.0 1.8
v 12.299999 -2.0 0.2
v 15.64 -2.0 1.8
v 15.64 -2.0 0.2
v 14.84 -2.0 1.8
v 14.84 -2.0 0.2
v 18.18 -2.0 1.8
v 18.18 -2.0 0.2
v 17.379999 -2.0 1.8
v 17.379999 -2.0 0.2
v 20.719999 -2.0 1.8
v 20.719999 -2.0 0.2
v 19.92 -2.0 1.8
v 19.92 -2.0 0.2
v -4.68 -2.0 1.8
v -4.68 -2.0 0.2
v -5.48 -2.0 1.8
v -5.48 -2.0 0.2
v -7.22 -2.0 1.8
v -7.22 -2.0 0.2
v -8.02 -2.0 1.8
v -8.02 -2.0 0.2
v -9.76 -2.0 1.8
v -9.76 -2.0 0.2
v -10.56 -2.0 1.8
v -10.56 -2.0 0.2
v -12.299999 -2.0 1.8
v -12.299999 -2.0 0.2
v -13.1 -2.0 1.8
v -13.1 -2.0 0.2
v -14.84 -2.0 1.8
v -14.84 -2.0 0.2
v -15.64 -2.0 1.8
v -15.64 -2.0 0.2
v -17.379999 -2.0 1.8
v -17.379999 -2.0 0.2
v -18.18 -2.0 1.8
v -18.18 -2.0 0.2
v -19.92 -2.0 1.8
v -19.92 -2.0 0.2
v -20.719999 -2.0 1.8
v -20.719999 -2.0 0.2
v 20.640001 1.1 1.8
v 20.640001 -0.8 1.8
v 20.0 1.1 1.8
v 20.0 -0.8 1.8
v 20.640001 -1.44 1.8
v 20.0 -1.44 1.8
v 20.640001 1.74 1.8
v 20.0 1.74 1.8
v 18.1 1.1 1.8
v 18.1 -0.8 1.8
v 17.459999 1.1 1.8
v 17.459999 -0.8 1.8
v 18.1 -1.44 1.8
v 17.459999 -1.44 1.8
v 18.1 1.74 1.8
v 17.459999 1.74 1.8
v 15.56 1.1 1.8
v 15.56 -0.8 1.8
v 14.92 1.1 1.8
v 14.92 -0.8 1.8
v 15.56 -1.44 1.8
v 14.92 -1.44 1.8
v 15.56 1.74 1.8
v 14.92 1.74 1.8
v 13.02 1.1 1.8
v 13.02 -0.8 1.8
v 12.38 1.1 1.8
v 12.38 -0.8 1.8
v 13.02 -1.44 1.8
v 12.38 -1.44 1.8
v 13.02 1.74 1.8
v 12.38 1.74 1.8
v 10.48 1.1 1.8
v 10.48 -0.8 1.8
v 9.84 1.1 1.8
v 9.84 -0.8 1.8
v 10.48 -1.44 1.8
v 9.84 -1.44 1.8
v 10.48 1.74 1.8
v 9.84 1.74 1.8
v 7.94 1.1 1.8
v 7.94 -0.8 1.8
v 7.3 1.1 1.8
v 7.3 -0.8 1.8
v 7.94 -1.44 1.8
v 7.3 -1.44 1.8
v 7.94 1.74 1.8
v 7.3 1.74 1.8
v 5.4 1.1 1.8
v 5.4 -0.8 1.8
v 4.76 1.1 1.8
v 4.76 -0.8 1.8
v 5.4 -1.44 1.8
v 4.76 -1.44 1.8
v 5.4 1.74 1.8
v 4.76 1.74 1.8
v 2.86 1.1 1.8
v 2.86 -0.8 1.8
v 2.22 1.1 1.8
v 2.22 -0.8 1.8
v 2.86 -1.44 1.8
v 2.22 -1.44 1.8
v 2.86 1.74 1.8
v 2.22 1.74 1.8
v 0.32 1.1 1.8
v 0.32 -0.8 1.8
v -0.32 1.1 1.8
v -0.32 -0.8 1.8
v 0.32 -1.44 1.8
v -0.32 -1.44 1.8
v 0.32 1.74 1.8
v -0.32 1.74 1.8
v -20.0 1.1 1.8
v -20.0 -0.8 1.8
v -20.640001 1.1 1.8
v -20.640001 -0.8 1.8
v -20.0 -1.44 1.8
v -20.640001 -1.44 1.8
v -20.0 1.74 1.8
v -20.640001 1.74 1.8
v -17.459999 1.1 1.8
v -17.459999 -0.8 1.8
v -18.1 1.1 1.8
v -18.1 -0.8 1.8
v -17.459999 -1.44 1.8
v -18.1 -1.44 1.8
v -17.459999 1.74 1.8
v -18.1 1.74 1.8
v -14.92 1.1 1.8
v -14.92 -0.8 1.8
v -15.56 1.1 1.8
v -15.56 -0.8 1.8
v -14.92 -1.44 1.8
v -15.56 -1.44 1.8
v -14.92 1.74 1.8
v -15.56 1.74 1.8
v -12.38 1.1 1.8
v -12.38 -0.8 1.8
v -13.02 1.1 1.8
v -13.02 -0.8 1.8
v -12.38 -1.44 1.8
v -13.02 -1.44 1.8
v -12.38 1.74 1.8
v -13.02 1.74 1.8
v -9.84 1.1 1.8
v -9.84 -0.8 1.8
v -10.48 1.1 1.8
v -10.48 -0.8 1.8
v -9.84 -1.44 1.8
v -10.48 -1.44 1.8
v -9.84 1.74 1.8
v -10.48 1.74 1.8
v -7.3 1.1 1.8
v -7.3 -0.8 1.8
v -7.94 1.1 1.8
v -7.94 -0.8 1.8
v -7.3 -1.44 1.8
v -7.94 -1.44 1.8
v -7.3 1.74 1.8
v -7.94 1.74 1.8
v -4.76 1.1 1.8
v -4.76 -0.8 1.8
v -5.4 1.1 1.8
v -5.4 -0.8 1.8
v -4.76 -1.44 1.8
v -5.4 -1.44 1.8
v -4.76 1.74 1.8
v -5.4 1.74 1.8
v -2.22 1.1 1.8
v -2.22 -0.8 1.8
v -2.86 1.1 1.8
v -2.86 -0.8 1.8
v -2.22 -1.44 1.8
v -2.86 -1.44 1.8
v -2.22 1.74 1.8
v -2.86 1.74 1.8
v 14.5 3.8 6.0
v 0.5 3.8 6.0
v 14.5 3.8 10.0
v 0.5 3.8 10.0
v -14.5 3.8 10.0
v -0.5 3.8 10.0
v -14.5 3.8 6.0
v -0.5 3.8 6.0
v 26.757853 2.4 24.228382
v 26.859941 2.4 24.147049
v 26.5 2.4 23.800001
v 24.749287 2.4 22.806551
v 25.008574 2.4 22.806551
v 24.749287 2.4 22.556553
v 24.49 2.4 14.7
v 24.49 2.4 22.556553
v 24.99 2.4 22.344084
v 25.267862 2.4 23.056551
v 25.267862 2.4 23.306553
v 26.9375 2.4 24.042065
v 26.985243 2.4 23.920582
v 28.637096 2.4 15.2
v 29.276554 2.4 14.7
v 24.99 2.4 15.2
v 25.008574 2.4 23.056551
v 26.152952 2.4 24.159941
v 26.257936 2.4 24.237499
v 26.379417 2.4 24.285242
v 26.509115 2.4 24.299917
v 26.638193 2.4 24.280523
v 26.152952 -2.1 24.159941
v 25.267862 -2.1 23.306553
v 21.495903 1.6 19.669697
v 21.495903 -1.3 19.669697
v 23.712139 1.6 21.806553
v 23.712139 -1.3 21.806553
v 24.749287 -2.1 22.556553
v 24.49 -2.1 22.556553
v 24.49 -2.1 14.7
v 24.99 -2.1 22.344084
v 25.008574 -2.1 22.806551
v 24.749287 -2.1 22.806551
v 25.008574 -2.1 23.056551
v 25.267862 -2.1 23.056551
v 26.5 -2.1 23.800001
v 26.985243 -2.1 23.920582
v 29.276554 -2.1 14.7
v 28.637096 -2.1 15.2
v 26.9375 -2.1 24.042065
v 26.859941 -2.1 24.147049
v 26.757853 -2.1 24.228382
v 24.99 -2.1 15.2
v 26.638193 -2.1 24.280523
v 26.509115 -2.1 24.299917
v 26.379417 -2.1 24.285242
v 26.257936 -2.1 24.237499
v 24.49 -1.3 22.306553
v 24.230713 -1.3 22.306553
v 24.230713 -1.3 22.056551
v 21.190001 -1.3 17.85
v 22.190001 -1.3 17.85
v 21.190001 -1.3 18.949816
v 22.190001 -1.3 18.300001
v 21.210114 -1.3 19.149374
v 23.971426 -1.3 22.056551
v 23.971426 -1.3 21.806553
v 24.49 -1.3 18.300001
v 21.366205 -1.3 19.516703
v 21.269648 -1.3 19.340904
v 23.971426 1.6 21.806553
v 23.971426 1.6 22.056551
v 24.230713 1.6 22.056551
v 22.190001 1.6 17.85
v 21.190001 1.6 17.85
v 22.190001 1.6 18.300001
v 21.190001 1.6 18.949816
v 24.230713 1.6 22.306553
v 24.49 1.6 22.306553
v 24.49 1.6 18.300001
v 21.210114 1.6 19.149374
v 21.269648 1.6 19.340904
v 21.366205 1.6 19.516703
v -23.712139 -1.3 21.806553
v -21.495903 -1.3 19.669697
v -23.712139 1.6 21.806553
v -21.495903 1.6 19.669697
v 28.190001 2.8 0.0
v 27.637108 -0.557107 -0.0
v 27.796026 -0.35 -0.0
v 28.689999 -1.123774 -0.0
v 26.764999 -2.5 -0.0
v 28.190001 -2.5 -0.0
v 31.190001 -1.123774 -0.0
v 26.764999 -0.836294 -0.0
v 26.93 -0.85 -0.0
v 27.188818 -0.815926 -0.0
v 27.43 -0.716025 -0.0
v 27.637108 0.857107 0.0
v 27.43 1.016025 0.0
v 27.188818 1.115926 0.0
v 26.764999 2.8 0.0
v 26.93 1.15 0.0
v 26.764999 1.136294 0.0
v 27.895926 -0.108819 -0.0
v 27.93 0.15 0.0
v 28.689999 1.423774 0.0
v 27.895926 0.408819 0.0
v 27.796026 0.65 0.0
v 31.190001 1.423774 0.0
v 31.190001 4.3 0.0
v 29.125053 4.3 0.0
v -31.190001 -1.6 7.0
v -31.190001 -1.6 1.2
v -31.190001 -1.544788 0.763887
v -31.190001 -1.382635 0.355293
v -31.190001 1.682635 0.355293
v -31.190001 1.9 7.0
v -31.190001 4.3 7.0
v -31.190001 1.9 1.2
v -31.190001 1.844788 0.763887
v 31.190001 1.682635 0.355293
v 31.190001 1.844788 0.763887
v 31.190001 4.3 7.0
v 31.190001 1.9 7.0
v 31.190001 1.9 1.2
v 2.1 -2.25 3.0
v 2.1 -2.35 3.0
v 3.81 -2.35 3.0
v 1.27 -2.25 3.0
v 2.86 -1.44 3.0
v 2.86 -0.8 3.0
v 3.81 0.15 3.0
v 2.22 -0.8 3.0
v 1.27 0.15 3.0
v 2.22 -1.44 3.0
v 0.32 -0.8 3.0
v -0.32 -0.8 3.0
v -1.27 0.15 3.0
v -0.32 -1.44 3.0
v -1.27 -2.25 3.0
v 0.32 -1.44 3.0
v -2.86 -1.44 3.0
v -2.1 -2.25 3.0
v -2.22 -1.44 3.0
v -2.22 -0.8 3.0
v -2.86 -0.8 3.0
v -2.1 -2.35 3.0
v -4.76 -1.44 3.0
v -6.35 -2.35 3.0
v -5.4 -1.44 3.0
v -6.35 0.15 3.0
v -5.4 -0.8 3.0
v -4.76 -0.8 3.0
v 18.1 -1.44 3.0
v 17.459999 -1.44 3.0
v 16.51 -2.35 3.0
v 24.49 0.15 3.0
v 20.640001 -0.8 3.0
v 24.49 -2.35 3.0
v 20.640001 -1.44 3.0
v 20.0 -1.44 3.0
v 16.51 0.15 3.0
v 17.459999 -0.8 3.0
v 18.1 -0.8 3.0
v 20.0 -0.8 3.0
v 18.1 1.1 3.0
v 17.459999 1.1 3.0
v 16.51 2.195 3.0
v 17.459999 1.74 3.0
v 18.1 1.74 3.0
v 20.640001 1.74 3.0
v 20.640001 1.1 3.0
v 20.0 1.1 3.0
v 24.49 2.195 3.0
v 20.0 1.74 3.0
v 15.56 -0.8 3.0
v 14.92 -0.8 3.0
v 13.969999 0.15 3.0
v 14.92 -1.44 3.0
v 13.969999 -2.35 3.0
v 15.56 -1.44 3.0
v 15.56 1.74 3.0
v 14.92 1.74 3.0
v 13.969999 2.195 3.0
v 14.92 1.1 3.0
v 15.56 1.1 3.0
v 13.02 -0.8 3.0
v 12.38 -0.8 3.0
v 11.43 0.15 3.0
v 12.38 -1.44 3.0
v 11.43 -2.35 3.0
v 13.02 -1.44 3.0
v 13.02 1.74 3.0
v 12.38 1.74 3.0
v 11.43 2.195 3.0
v 12.38 1.1 3.0
v 13.02 1.1 3.0
v 10.48 -0.8 3.0
v 9.84 -0.8 3.0
v 8.89 0.15 3.0
v 9.84 -1.44 3.0
v 8.89 -2.35 3.0
v 10.48 -1.44 3.0
v 10.48 1.74 3.0
v 9.84 1.74 3.0
v 8.89 2.195 3.0
v 9.84 1.1 3.0
v 10.48 1.1 3.0
v 7.94 -0.8 3.0
v 7.3 -0.8 3.0
v 6.35 0.15 3.0
v 7.3 -1.44 3.0
v 6.35 -2.35 3.0
v 7.94 -1.44 3.0
v 7.94 1.74 3.0
v 7.3 1.74 3.0
v 6.35 2.195 3.0
v 7.3 1.1 3.0
v 7.94 1.1 3.0
v 5.4 -0.8 3.0
v 4.76 -0.8 3.0
v 4.76 -1.44 3.0
v 5.4 -1.44 3.0
v 5.4 1.74 3.0
v 4.76 1.74 3.0
v 3.81 2.195 3.0
v 4.76 1.1 3.0
v 5.4 1.1 3.0
v 2.86 1.74 3.0
v 2.22 1.74 3.0
v 1.27 2.195 3.0
v 2.22 1.1 3.0
v 2.86 1.1 3.0
v 0.32 1.74 3.0
v -0.32 1.74 3.0
v -1.27 2.195 3.0
v -0.32 1.1 3.0
v 0.32 1.1 3.0
v -4.76 1.1 3.0
v -5.4 1.1 3.0
v -4.76 1.74 3.0
v -6.35 2.195 3.0
v -5.4 1.74 3.0
v -2.86 1.1 3.0
v -2.86 1.74 3.0
v -2.22 1.74 3.0
v -2.22 1.1 3.0
v -7.3 -0.8 3.0
v -7.94 -0.8 3.0
v -8.89 0.15 3.0
v -7.94 -1.44 3.0
v -8.89 -2.35 3.0
v -7.3 -1.44 3.0
v -7.3 1.74 3.0
v -7.94 1.74 3.0
v -8.89 2.195 3.0
v -7.94 1.1 3.0
v -7.3 1.1 3.0
v -9.84 -0.8 3.0
v -10.48 -0.8 3.0
v -11.43 0.15 3.0
v -10.48 -1.44 3.0
v -11.43 -2.35 3.0
v -9.84 -1.44 3.0
v -9.84 1.74 3.0
v -10.48 1.74 3.0
v -11.43 2.195 3.0
v -10.48 1.1 3.0
v -9.84 1.1 3.0
v -12.38 -0.8 3.0
v -13.02 -0.8 3.0
v -13.969999 0.15 3.0
v -13.02 -1.44 3.0
v -13.969999 -2.35 3.0
v -12.38 -1.44 3.0
v -12.38 1.74 3.0
v -13.02 1.74 3.0
v -13.969999 2.195 3.0
v -13.02 1.1 3.0
v -12.38 1.1 3.0
v -14.92 -0.8 3.0
v -15.56 -0.8 3.0
v -16.51 0.15 3.0
v -15.56 -1.44 3.0
v -16.51 -2.35 3.0
v -14.92 -1.44 3.0
v -14.92 1.74 3.0
v -15.56 1.74 3.0
v -16.51 2.195 3.0
v -15.56 1.1 3.0
v -14.92 1.1 3.0
v -18.1 -1.44 3.0
v -19.050001 -2.35 3.0
v -17.459999 -1.44 3.0
v -17.459999 -0.8 3.0
v -18.1 -0.8 3.0
v -19.050001 0.15 3.0
v -17.459999 1.74 3.0
v -18.1 1.74 3.0
v -19.050001 2.195 3.0
v -18.1 1.1 3.0
v -17.459999 1.1 3.0
v -22.565001 -2.35 3.0
v -20.0 -1.44 3.0
v -20.640001 -1.44 3.0
v -20.640001 -0.8 3.0
v -22.565001 0.15 3.0
v -20.0 -0.8 3.0
v -20.0 1.1 3.0
v -20.0 1.74 3.0
v -20.640001 1.74 3.0
v -22.565001 2.195 3.0
v -20.640001 1.1 3.0
v -24.49 -2.35 3.0
v -24.49 0.15 3.0
v -24.49 2.195 3.0
v 24.49 2.65 3.0
v 16.51 2.65 3.0
v 13.969999 2.65 3.0
v 11.43 2.65 3.0
v 8.89 2.65 3.0
v 6.35 2.65 3.0
v 3.81 2.65 3.0
v 1.27 2.65 3.0
v -1.27 2.65 3.0
v -6.35 2.65 3.0
v -8.89 2.65 3.0
v -11.43 2.65 3.0
v -13.969999 2.65 3.0
v -16.51 2.65 3.0
v -19.050001 2.65 3.0
v -22.565001 2.65 3.0
v -24.49 2.65 3.0
v 29.125053 4.3 13.7
v 29.525053 4.3 13.7
v -26.190001 2.8 2.243304
v -26.190001 2.8 9.0
v 26.190001 2.8 9.0
v 26.190001 2.8 2.243304
v 24.49 -1.6 13.7
newmtl 2
Ka 0.2235294117647059 0.2235294117647059 0.2235294117647059
Kd 0.2235294117647059 0.2235294117647059 0.2235294117647059
Ks 0.11372549019607843 0.11372549019607843 0.11372549019607843
d 0.0
endmtl
v 24.49 1.9 13.7
v 24.49 2.65 10.0
v 24.49 -1.6 14.7
v 24.49 -2.35 10.0
v 24.49 1.9 14.7
v -24.49 2.65 10.0
v -24.49 1.6 22.306553
v -24.49 1.6 18.300001
v -24.49 1.9 14.7
v -24.49 1.9 13.7
v -24.49 -2.35 10.0
v -24.49 -1.6 13.7
v -24.49 2.4 14.7
v -24.49 2.4 22.556553
v -24.49 -1.3 22.306553
v -24.49 -2.1 22.556553
v -24.49 -1.3 18.300001
v -24.49 -2.1 14.7
v -24.49 -1.6 14.7
v 14.5 4.0 10.0
v 15.5 4.0 10.0
v -14.5 4.0 10.0
v -15.5 4.0 10.0
v -0.5 4.0 10.0
v 0.5 4.0 10.0
v 26.190001 -2.5 2.243304
v 25.964073 -0.108819 0.760647
v 25.938591 0.019208 0.765442
v 25.895885 -2.5 0.775556
v 26.006233 -0.232953 0.754693
v 26.09 -2.5 0.75
v 26.09 -0.392586 0.75
v 26.063974 -0.35 0.750452
v 25.964073 0.408819 0.760647
v 25.895885 2.8 0.775556
v 25.93861 0.280935 0.765438
v 25.93 0.15 0.767265
v 26.006294 0.533104 0.754686
v 26.066854 0.648488 0.751296
v 26.09 2.8 0.75
v 26.284113 0.913434 0.775556
v 26.284113 2.8 0.775556
v 26.222895 0.857107 0.761868
v 26.09 0.692586 0.75
v 26.35634 0.969094 0.798885
v 26.430906 1.014534 0.834292
v 26.465 2.8 0.850481
v 26.465 1.035311 0.850481
v 26.545359 1.073066 0.904057
v 26.620331 2.8 0.96967
v 26.620331 1.100844 0.96967
v 26.671181 1.115926 1.025944
v 26.739519 2.8 1.125
v 26.739519 1.131691 1.125
v 26.782793 1.139106 1.212707
v 26.814444 2.8 1.305886
v 26.814444 1.143301 1.305886
v 26.833542 1.145337 1.401793
v 26.84 2.8 1.5
v 26.84 1.145942 1.5
v 26.814444 2.8 1.694114
v 26.833553 1.145338 1.598132
v 26.814444 1.143301 1.694114
v 26.739519 2.8 1.875
v 26.782717 1.139094 1.787477
v 26.739519 1.131691 1.875
v 26.620331 2.8 2.03033
v 26.671181 1.115926 1.974056
v 26.620331 1.100844 2.03033
v 26.465 2.8 2.149519
v 26.545626 1.073177 2.09574
v 26.463633 1.03265 2.147339
v 26.284113 2.8 2.224444
v 26.43 1.016025 2.168506
v 26.356232 0.969018 2.201157
v 26.283272 0.907782 2.221389
v 26.222895 0.857107 2.238132
v 26.09 0.692586 2.25
v 26.284113 -2.5 2.224444
v 26.356041 -0.668884 2.201229
v 26.43091 -0.714528 2.165697
v 26.465 -2.5 2.149519
v 26.465 -0.735311 2.149519
v 26.5452 -0.773 2.096064
v 26.620331 -2.5 2.03033
v 26.620331 -0.800844 2.03033
v 26.671181 -0.815926 1.974056
v 26.739519 -2.5 1.875
v 26.739519 -0.831691 1.875
v 26.782995 -0.839136 1.786804
v 26.814444 -2.5 1.694114
v 26.814444 -0.843301 1.694114
v 26.833628 -0.845345 1.597563
v 26.84 -2.5 1.5
v 26.84 -0.845942 1.5
v 26.814444 -2.5 1.305886
v 26.833603 -0.845343 1.402258
v 26.814444 -0.843301 1.305886
v 26.739519 -2.5 1.125
v 26.783028 -0.839141 1.213273
v 26.739519 -0.831691 1.125
v 26.620331 -2.5 0.96967
v 26.671181 -0.815926 1.025944
v 26.620331 -0.800844 0.96967
v 26.465 -2.5 0.850481
v 26.544971 -0.772905 0.903761
v 26.463646 -0.732671 0.852643
v 26.284113 -2.5 0.775556
v 26.43 -0.716025 0.831494
v 26.355856 -0.668754 0.798701
v 26.283276 -0.60781 0.778595
v 26.222895 -0.557107 0.761868
v 25.964073 0.408819 2.239353
v 25.93852 0.280262 2.234543
v 26.005936 0.532235 2.245274
v 26.063974 0.65 2.249548
v 25.93 0.15 2.232735
v 25.938492 0.019958 2.234537
v 25.964073 -0.108819 2.239353
v 26.005976 -0.232336 2.245279
v 26.066874 -0.34848 2.2487
v 26.09 -0.392586 2.25
v 26.222895 -0.557107 2.238132
v 26.284113 -0.613434 2.224444
v 25.365555 2.8 1.305886
v 25.365555 -2.5 1.305886
v 25.440481 2.8 1.125
v 25.440481 -2.5 1.125
v 25.559669 2.8 0.96967
v 25.559669 -2.5 0.96967
v 25.715 2.8 0.850481
v 25.715 -2.5 0.850481
v -26.284113 2.8 2.224444
v -26.35634 0.969094 2.201115
v -26.430906 1.014534 2.165708
v -26.465 2.8 2.149519
v -26.465 1.035311 2.149519
v -26.545359 1.073066 2.095943
v -26.620331 2.8 2.03033
v -26.620331 1.100844 2.03033
v -26.671181 1.115926 1.974056
v -26.739519 2.8 1.875
v -26.739519 1.131691 1.875
v -26.782793 1.139106 1.787293
v -26.814444 2.8 1.694114
v -26.814444 1.143301 1.694114
v -26.833542 1.145337 1.598207
v -26.84 2.8 1.5
v -26.84 1.145942 1.5
v -26.814444 2.8 1.305886
v -26.833553 1.145338 1.401868
v -26.814444 1.143301 1.305886
v -26.739519 2.8 1.125
v -26.782717 1.139094 1.212523
v -26.739519 1.131691 1.125
v -26.620331 2.8 0.96967
v -26.671181 1.115926 1.025944
v -26.620331 1.100844 0.96967
v -26.465 2.8 0.850481
v -26.545626 1.073177 0.90426
v -26.463633 1.03265 0.852661
v -26.284113 2.8 0.775556
v -26.43 1.016025 0.831494
v -26.356232 0.969018 0.798843
v -26.283272 0.907782 0.778611
v -26.09 2.8 0.75
v -25.964073 0.408819 0.760647
v -25.93852 0.280262 0.765457
v -25.895885 2.8 0.775556
v -26.005936 0.532235 0.754726
v -26.222895 0.857107 0.761868
v -26.09 0.692586 0.75
v -26.063974 0.65 0.750452
v -25.93 0.15 0.767265
v -25.938492 0.019958 0.765463
v -25.895885 -2.5 0.775556
v -25.964073 -0.108819 0.760647
v -26.005976 -0.232336 0.754722
v -26.066874 -0.34848 0.7513
v -26.09 -2.5 0.75
v -26.284113 -0.613434 0.775556
v -26.284113 -2.5 0.775556
v -26.222895 -0.557107 0.761868
v -26.09 -0.392586 0.75
v -26.356041 -0.668884 0.798771
v -26.43091 -0.714528 0.834303
v -26.465 -2.5 0.850481
v -26.465 -0.735311 0.850481
v -26.5452 -0.773 0.903936
v -26.620331 -2.5 0.96967
v -26.620331 -0.800844 0.96967
v -26.671181 -0.815926 1.025944
v -26.739519 -2.5 1.125
v -26.739519 -0.831691 1.125
v -26.782995 -0.839136 1.213196
v -26.814444 -2.5 1.305886
v -26.814444 -0.843301 1.305886
v -26.833628 -0.845345 1.402437
v -26.84 -2.5 1.5
v -26.84 -0.845942 1.5
v -26.814444 -2.5 1.694114
v -26.833603 -0.845343 1.597742
v -26.814444 -0.843301 1.694114
v -26.739519 -2.5 1.875
v -26.783028 -0.839141 1.786727
v -26.739519 -0.831691 1.875
v -26.620331 -2.5 2.03033
v -26.671181 -0.815926 1.974056
v -26.620331 -0.800844 2.03033
v -26.465 -2.5 2.149519
v -26.544971 -0.772905 2.096239
v -26.463646 -0.732671 2.147357
v -26.284113 -2.5 2.224444
v -26.43 -0.716025 2.168506
v -26.355856 -0.668754 2.201299
v -26.283276 -0.60781 2.221405
v -26.190001 -2.5 2.243304
v -26.222895 -0.557107 2.238132
v -26.09 -0.392586 2.25
v -25.964073 -0.108819 2.239353
v -25.938591 0.019208 2.234558
v -26.006233 -0.232953 2.245307
v -26.063974 -0.35 2.249548
v -25.964073 0.408819 2.239353
v -25.93861 0.280935 2.234562
v -25.93 0.15 2.232735
v -26.006294 0.533104 2.245314
v -26.066854 0.648488 2.248704
v -26.09 0.692586 2.25
v -26.222895 0.857107 2.238132
v -26.284113 0.913434 2.224444
v -25.715 2.8 0.850481
v -25.715 -2.5 0.850481
v -25.559669 2.8 0.96967
v -25.559669 -2.5 0.96967
v -25.440481 2.8 1.125
v -25.440481 -2.5 1.125
v -25.365555 2.8 1.305886
v -25.365555 -2.5 1.305886
v -28.190001 2.8 9.0
v -28.155926 2.8 9.258819
v -28.056026 2.8 9.5
v -27.897106 2.8 9.707108
v -27.690001 2.8 9.866025
v -27.44882 2.8 9.965925
v -27.190001 2.8 10.0
v -26.931181 2.8 9.965925
v -26.690001 2.8 9.866025
v -26.482893 2.8 9.707108
v -26.323975 2.8 9.5
v -26.224075 2.8 9.258819
v 28.190001 2.8 9.0
v 26.224075 2.8 9.258819
v 26.323975 2.8 9.5
v 26.482893 2.8 9.707108
v 26.690001 2.8 9.866025
v 26.931181 2.8 9.965925
v 27.190001 2.8 10.0
v 27.44882 2.8 9.965925
v 27.690001 2.8 9.866025
v 27.897106 2.8 9.707108
v 28.056026 2.8 9.5
v 28.155926 2.8 9.258819
v 29.525053 1.9 13.7
v 29.525053 -1.6 13.7
v 31.190001 -1.6 7.0
v -29.525053 -1.6 13.7
v -29.276554 -1.6 14.7
v -29.276554 -2.1 14.7
v -26.985243 -2.1 23.920582
v -26.985243 2.4 23.920582
v -29.276554 2.4 14.7
v -29.276554 1.9 14.7
v -29.525053 1.9 13.7
v -29.525053 4.3 13.7
v -29.125053 4.3 13.7
v -20.039999 -3.99 10.0
v -21.34 -3.99 10.0
v -2.1 -2.35 10.0
v 2.1 -2.35 10.0
v -22.190001 -2.35 6.3
v -22.397055 -2.35 6.272741
v -22.59 -2.35 6.19282
v -22.755686 -2.35 6.065685
v -22.88282 -2.35 5.9
v -22.962742 -2.35 5.707055
v -21.390001 -2.35 5.5
v -21.417259 -2.35 5.707055
v -21.497179 -2.35 5.9
v -21.624313 -2.35 6.065685
v -21.789999 -2.35 6.19282
v -21.982946 -2.35 6.272741
v -22.99 -2.35 5.5
v 21.497179 -2.35 5.9
v 21.417259 -2.35 5.707055
v 21.624313 -2.35 6.065685
v 22.397055 -2.35 6.272741
v 22.190001 -2.35 6.3
v 21.982946 -2.35 6.272741
v 21.789999 -2.35 6.19282
v 21.390001 -2.35 3.5
v 22.99 -2.35 3.5
v 22.99 -2.35 5.5
v 22.962742 -2.35 5.707055
v 22.88282 -2.35 5.9
v 22.755686 -2.35 6.065685
v 22.59 -2.35 6.19282
v 21.390001 -2.35 5.5
v -24.749287 2.4 22.556553
v -24.99 2.4 22.344084
v -25.008574 2.4 22.806551
v -24.749287 2.4 22.806551
v -26.9375 2.4 24.042065
v -26.5 2.4 23.800001
v -26.859941 2.4 24.147049
v -26.757853 2.4 24.228382
v -25.008574 2.4 23.056551
v -25.267862 2.4 23.056551
v -28.637096 2.4 15.2
v -24.99 2.4 15.2
v -26.638193 2.4 24.280523
v -26.509115 2.4 24.299917
v -26.379417 2.4 24.285242
v -25.267862 2.4 23.306553
v -26.152952 2.4 24.159941
v -26.257936 2.4 24.237499
v -22.190001 -1.3 18.300001
v -22.190001 1.6 18.300001
v -22.190001 -1.3 17.85
v -22.190001 1.6 17.85
v -21.190001 -1.3 17.85
v -21.190001 1.6 17.85
v -21.190001 -1.3 18.949816
v -21.190001 1.6 18.949816
v -21.210114 1.6 19.149374
v -21.210114 -1.3 19.149374
v -21.269648 1.6 19.340904
v -21.269648 -1.3 19.340904
v -21.366205 1.6 19.516703
v -21.366205 -1.3 19.516703
v -25.267862 -2.1 23.306553
v -26.152952 -2.1 24.159941
v 29.276554 1.9 14.7
v 29.276554 -1.6 14.7
v -26.257936 -2.1 24.237499
v -26.379417 -2.1 24.285242
v -26.509115 -2.1 24.299917
v -26.638193 -2.1 24.280523
v -26.757853 -2.1 24.228382
v -26.859941 -2.1 24.147049
v -26.9375 -2.1 24.042065
v 31.190001 -1.382635 0.355293
v 31.190001 -1.544788 0.763887
v 31.190001 -1.6 1.2
v -26.5 -2.1 23.800001
v -24.749287 -2.1 22.806551
v -25.008574 -2.1 22.806551
v -24.749287 -2.1 22.556553
v -24.99 -2.1 22.344084
v -25.267862 -2.1 23.056551
v -28.637096 -2.1 15.2
v -24.99 -2.1 15.2
v -25.008574 -2.1 23.056551
v -23.971426 -1.3 21.806553
v -23.971426 -1.3 22.056551
v -24.230713 -1.3 22.056551
v -24.230713 -1.3 22.306553
v -24.230713 1.6 22.306553
v -24.230713 1.6 22.056551
v -23.971426 1.6 22.056551
v -23.971426 1.6 21.806553
v 26.5 -1.1 23.800001
v 28.637096 -1.1 15.2
v 24.99 -1.1 15.2
v 24.99 -1.1 22.344084
v -24.99 -1.1 15.2
v -28.637096 -1.1 15.2
v -26.5 -1.1 23.800001
v -24.99 -1.1 22.344084
v 28.637096 1.4 15.2
v 26.5 1.4 23.800001
v 24.99 1.4 22.344084
v 24.99 1.4 15.2
v -28.637096 1.4 15.2
v -24.99 1.4 15.2
v -24.99 1.4 22.344084
v -26.5 1.4 23.800001
v -2.1 -3.5 3.05
v 2.1 -3.5 3.05
v -26.190001 -2.5 9.0
v -26.224075 -2.5 9.258819
v -26.323975 -2.5 9.5
v -26.482893 -2.5 9.707108
v -26.690001 -2.5 9.866025
v -26.931181 -2.5 9.965925
v -27.190001 -2.5 10.0
v -27.44882 -2.5 9.965925
v -27.690001 -2.5 9.866025
v -27.897106 -2.5 9.707108
v -28.056026 -2.5 9.5
v -28.155926 -2.5 9.258819
v -28.190001 -2.5 9.0
v -26.764999 -2.5 0.2
v 26.190001 -2.5 9.0
v 28.190001 -2.5 9.0
v 28.155926 -2.5 9.258819
v 28.056026 -2.5 9.5
v 27.897106 -2.5 9.707108
v 27.690001 -2.5 9.866025
v 27.44882 -2.5 9.965925
v 27.190001 -2.5 10.0
v 26.931181 -2.5 9.965925
v 26.690001 -2.5 9.866025
v 26.482893 -2.5 9.707108
v 26.323975 -2.5 9.5
v 26.224075 -2.5 9.258819
v 26.764999 -2.5 0.2
v -26.764999 2.8 0.2
v 26.764999 2.8 0.2
v -29.525053 -1.6 2.7
v -28.689999 -1.6 2.7
v -28.689999 -1.6 1.2
v -28.689999 1.9 1.2
v -28.689999 1.9 2.7
v -29.525053 1.9 2.7
v 29.525053 1.9 2.7
v 28.689999 1.9 2.7
v 28.689999 1.9 1.2
v 28.689999 -1.6 1.2
v 28.689999 -1.6 2.7
v 29.525053 -1.6 2.7
v -2.86 -0.8 8.4
v -2.86 -1.44 8.4
newmtl 3
Ka 1.0 1.0 0.5019607843137255
Kd 1.0 1.0 0.5019607843137255
Ks 0.5019607843137255 0.5019607843137255 0.25098039215686274
d 0.0
endmtl
v -2.22 -1.44 8.4
v -2.22 -0.8 8.4
v -2.641618 -1.018382 9.0
v -2.641618 -1.221618 9.0
v -2.438382 -1.018382 9.0
v -2.438382 -1.221618 9.0
v -2.22 1.1 8.4
v -2.22 1.74 8.4
v -2.86 1.74 8.4
v -2.86 1.1 8.4
v -2.438382 1.318382 9.0
v -2.438382 1.521618 9.0
v -2.641618 1.318382 9.0
v -2.641618 1.521618 9.0
v -5.4 -0.8 8.4
v -5.4 -1.44 8.4
v -4.76 -1.44 8.4
v -4.76 -0.8 8.4
v -5.181618 -1.018382 9.0
v -5.181618 -1.221618 9.0
v -4.978382 -1.018382 9.0
v -4.978382 -1.221618 9.0
v -7.94 -0.8 8.4
v -7.94 -1.44 8.4
v -7.3 -1.44 8.4
v -7.3 -0.8 8.4
v -7.721618 -1.018382 9.0
v -7.721618 -1.221618 9.0
v -7.518382 -1.018382 9.0
v -7.518382 -1.221618 9.0
v -10.48 -0.8 8.4
v -10.48 -1.44 8.4
v -9.84 -1.44 8.4
v -9.84 -0.8 8.4
v -10.261618 -1.018382 9.0
v -10.261618 -1.221618 9.0
v -10.058383 -1.018382 9.0
v -10.058383 -1.221618 9.0
v -13.02 -0.8 8.4
v -13.02 -1.44 8.4
v -12.38 -1.44 8.4
v -12.38 -0.8 8.4
v -12.801619 -1.018382 9.0
v -12.801619 -1.221618 9.0
v -12.598382 -1.018382 9.0
v -12.598382 -1.221618 9.0
v -15.56 -0.8 8.4
v -15.56 -1.44 8.4
v -14.92 -1.44 8.4
v -14.92 -0.8 8.4
v -15.341619 -1.018382 9.0
v -15.341619 -1.221618 9.0
v -15.138382 -1.018382 9.0
v -15.138382 -1.221618 9.0
v -18.1 -0.8 8.4
v -18.1 -1.44 8.4
v -17.459999 -1.44 8.4
v -17.459999 -0.8 8.4
v -17.881617 -1.018382 9.0
v -17.881617 -1.221618 9.0
v -17.678381 -1.018382 9.0
v -17.678381 -1.221618 9.0
v -20.640001 -0.8 8.4
v -20.640001 -1.44 8.4
v -20.0 -1.44 8.4
v -20.0 -0.8 8.4
v -20.421619 -1.018382 9.0
v -20.421619 -1.221618 9.0
v -20.218382 -1.018382 9.0
v -20.218382 -1.221618 9.0
v -0.32 -0.8 8.4
v -0.32 -1.44 8.4
v 0.32 -1.44 8.4
v 0.32 -0.8 8.4
v -0.101618 -1.018382 9.0
v -0.101618 -1.221618 9.0
v 0.101618 -1.018382 9.0
v 0.101618 -1.221618 9.0
v 2.22 -0.8 8.4
v 2.22 -1.44 8.4
v 2.86 -1.44 8.4
v 2.86 -0.8 8.4
v 2.438382 -1.018382 9.0
v 2.438382 -1.221618 9.0
v 2.641618 -1.018382 9.0
v 2.641618 -1.221618 9.0
v 4.76 -0.8 8.4
v 4.76 -1.44 8.4
v 5.4 -1.44 8.4
v 5.4 -0.8 8.4
v 4.978382 -1.018382 9.0
v 4.978382 -1.221618 9.0
v 5.181618 -1.018382 9.0
v 5.181618 -1.221618 9.0
v 7.3 -0.8 8.4
v 7.3 -1.44 8.4
v 7.94 -1.44 8.4
v 7.94 -0.8 8.4
v 7.518382 -1.018382 9.0
v 7.518382 -1.221618 9.0
v 7.721618 -1.018382 9.0
v 7.721618 -1.221618 9.0
v 9.84 -0.8 8.4
v 9.84 -1.44 8.4
v 10.48 -1.44 8.4
v 10.48 -0.8 8.4
v 10.058383 -1.018382 9.0
v 10.058383 -1.221618 9.0
v 10.261618 -1.018382 9.0
v 10.261618 -1.221618 9.0
v 12.38 -0.8 8.4
v 12.38 -1.44 8.4
v 13.02 -1.44 8.4
v 13.02 -0.8 8.4
v 12.598382 -1.018382 9.0
v 12.598382 -1.221618 9.0
v 12.801619 -1.018382 9.0
v 12.801619 -1.221618 9.0
v 14.92 -0.8 8.4
v 14.92 -1.44 8.4
v 15.56 -1.44 8.4
v 15.56 -0.8 8.4
v 15.138382 -1.018382 9.0
v 15.138382 -1.221618 9.0
v 15.341619 -1.018382 9.0
v 15.341619 -1.221618 9.0
v 17.459999 -0.8 8.4
v 17.459999 -1.44 8.4
v 18.1 -1.44 8.4
v 18.1 -0.8 8.4
v 17.678381 -1.018382 9.0
v 17.678381 -1.221618 9.0
v 17.881617 -1.018382 9.0
v 17.881617 -1.221618 9.0
v 20.0 -0.8 8.4
v 20.0 -1.44 8.4
v 20.640001 -1.44 8.4
v 20.640001 -0.8 8.4
v 20.218382 -1.018382 9.0
v 20.218382 -1.221618 9.0
v 20.421619 -1.018382 9.0
v 20.421619 -1.221618 9.0
v -4.76 1.1 8.4
v -4.76 1.74 8.4
v -5.4 1.74 8.4
v -5.4 1.1 8.4
v -4.978382 1.318382 9.0
v -4.978382 1.521618 9.0
v -5.181618 1.318382 9.0
v -5.181618 1.521618 9.0
v -7.3 1.1 8.4
v -7.3 1.74 8.4
v -7.94 1.74 8.4
v -7.94 1.1 8.4
v -7.518382 1.318382 9.0
v -7.518382 1.521618 9.0
v -7.721618 1.318382 9.0
v -7.721618 1.521618 9.0
v -9.84 1.1 8.4
v -9.84 1.74 8.4
v -10.48 1.74 8.4
v -10.48 1.1 8.4
v -10.058383 1.318382 9.0
v -10.058383 1.521618 9.0
v -10.261618 1.318382 9.0
v -10.261618 1.521618 9.0
v -12.38 1.1 8.4
v -12.38 1.74 8.4
v -13.02 1.74 8.4
v -13.02 1.1 8.4
v -12.598382 1.318382 9.0
v -12.598382 1.521618 9.0
v -12.801619 1.318382 9.0
v -12.801619 1.521618 9.0
v -14.92 1.1 8.4
v -14.92 1.74 8.4
v -15.56 1.74 8.4
v -15.56 1.1 8.4
v -15.138382 1.318382 9.0
v -15.138382 1.521618 9.0
v -15.341619 1.318382 9.0
v -15.341619 1.521618 9.0
v -17.459999 1.1 8.4
v -17.459999 1.74 8.4
v -18.1 1.74 8.4
v -18.1 1.1 8.4
v -17.678381 1.318382 9.0
v -17.678381 1.521618 9.0
v -17.881617 1.318382 9.0
v -17.881617 1.521618 9.0
v -20.0 1.1 8.4
v -20.0 1.74 8.4
v -20.640001 1.74 8.4
v -20.640001 1.1 8.4
v -20.218382 1.318382 9.0
v -20.218382 1.521618 9.0
v -20.421619 1.318382 9.0
v -20.421619 1.521618 9.0
v 0.32 1.1 8.4
v 0.32 1.74 8.4
v -0.32 1.74 8.4
v -0.32 1.1 8.4
v 0.101618 1.318382 9.0
v 0.101618 1.521618 9.0
v -0.101618 1.318382 9.0
v -0.101618 1.521618 9.0
v 2.86 1.1 8.4
v 2.86 1.74 8.4
v 2.22 1.74 8.4
v 2.22 1.1 8.4
v 2.641618 1.318382 9.0
v 2.641618 1.521618 9.0
v 2.438382 1.318382 9.0
v 2.438382 1.521618 9.0
v 5.4 1.1 8.4
v 5.4 1.74 8.4
v 4.76 1.74 8.4
v 4.76 1.1 8.4
v 5.181618 1.318382 9.0
v 5.181618 1.521618 9.0
v 4.978382 1.318382 9.0
v 4.978382 1.521618 9.0
v 7.94 1.1 8.4
v 7.94 1.74 8.4
v 7.3 1.74 8.4
v 7.3 1.1 8.4
v 7.721618 1.318382 9.0
v 7.721618 1.521618 9.0
v 7.518382 1.318382 9.0
v 7.518382 1.521618 9.0
v 10.48 1.1 8.4
v 10.48 1.74 8.4
v 9.84 1.74 8.4
v 9.84 1.1 8.4
v 10.261618 1.318382 9.0
v 10.261618 1.521618 9.0
v 10.058383 1.318382 9.0
v 10.058383 1.521618 9.0
v 13.02 1.1 8.4
v 13.02 1.74 8.4
v 12.38 1.74 8.4
v 12.38 1.1 8.4
v 12.801619 1.318382 9.0
v 12.801619 1.521618 9.0
v 12.598382 1.318382 9.0
v 12.598382 1.521618 9.0
v 15.56 1.1 8.4
v 15.56 1.74 8.4
v 14.92 1.74 8.4
v 14.92 1.1 8.4
v 15.341619 1.318382 9.0
v 15.341619 1.521618 9.0
v 15.138382 1.318382 9.0
v 15.138382 1.521618 9.0
v 18.1 1.1 8.4
v 18.1 1.74 8.4
v 17.459999 1.74 8.4
v 17.459999 1.1 8.4
v 17.881617 1.318382 9.0
v 17.881617 1.521618 9.0
v 17.678381 1.318382 9.0
v 17.678381 1.521618 9.0
v 20.640001 1.1 8.4
v 20.640001 1.74 8.4
v 20.0 1.74 8.4
v 20.0 1.1 8.4
v 20.421619 1.318382 9.0
v 20.421619 1.521618 9.0
v 20.218382 1.318382 9.0
v 20.218382 1.521618 9.0
v 28.689999 1.844788 0.763887
v 28.689999 1.682635 0.355293
v 28.689999 -1.382635 0.355293
v 28.689999 -1.544788 0.763887
v -28.689999 1.682635 0.355293
v -28.689999 -1.382635 0.355293
v -28.689999 1.844788 0.763887
v -28.689999 -1.544788 0.763887
v -26.063974 0.65 3.0
v -26.764999 -0.836294 0.2
v -26.063974 -0.35 0.2
v -26.764999 1.136294 0.2
v -26.93 1.15 3.0
v -26.671181 1.115926 0.2
v -26.43 1.016025 0.2
v -26.222895 0.857107 0.2
v -26.063974 0.65 0.2
v -25.964073 0.408819 0.2
v -25.93 0.15 0.2
v -25.964073 -0.108819 0.2
v -26.222895 -0.557107 0.2
v -26.43 -0.716025 0.2
v -26.671181 -0.815926 0.2
v -26.93 -0.85 3.0
v -26.671181 -0.815926 3.0
v -26.43 -0.716025 3.0
v -26.222895 -0.557107 3.0
v -26.063974 -0.35 3.0
v -25.964073 -0.108819 3.0
v -25.93 0.15 3.0
v -25.964073 0.408819 3.0
v -26.222895 0.857107 3.0
v -26.43 1.016025 3.0
v -26.671181 1.115926 3.0
v -27.188818 1.115926 3.0
v -27.43 1.016025 3.0
v -27.637108 0.857107 3.0
v -27.796026 0.65 3.0
v -27.895926 0.408819 3.0
v -27.93 0.15 3.0
v -27.895926 -0.108819 3.0
v -27.796026 -0.35 3.0
v -27.637108 -0.557107 3.0
v -27.43 -0.716025 3.0
v -27.188818 -0.815926 3.0
v -26.93 0.15 3.0
v 26.063974 0.65 0.2
v 26.063974 -0.35 3.0
v 26.764999 1.136294 0.2
v 26.93 1.15 3.0
v 26.671181 1.115926 3.0
v 26.43 1.016025 3.0
v 26.222895 0.857107 3.0
v 26.063974 0.65 3.0
v 25.964073 0.408819 3.0
v 25.93 0.15 3.0
v 25.964073 -0.108819 3.0
v 26.222895 -0.557107 3.0
v 26.43 -0.716025 3.0
v 26.671181 -0.815926 3.0
v 26.764999 -0.836294 0.2
v 26.93 -0.85 3.0
v 26.671181 -0.815926 0.2
v 26.43 -0.716025 0.2
v 26.222895 -0.557107 0.2
v 26.063974 -0.35 0.2
v 25.964073 -0.108819 0.2
v 25.93 0.15 0.2
v 25.964073 0.408819 0.2
v 26.222895 0.857107 0.2
v 26.43 1.016025 0.2
v 26.671181 1.115926 0.2
v 27.188818 -0.815926 3.0
v 27.43 -0.716025 3.0
v 27.637108 -0.557107 3.0
v 27.796026 -0.35 3.0
v 27.895926 -0.108819 3.0
v 27.93 0.15 3.0
v 27.895926 0.408819 3.0
v 27.796026 0.65 3.0
v 27.637108 0.857107 3.0
v 27.43 1.016025 3.0
v 27.188818 1.115926 3.0
v 26.93 0.15 3.0
v -14.5 4.0 6.0
v -15.5 4.0 6.0
v 14.5 4.0 6.0
v 15.5 4.0 6.0
v 0.5 4.0 6.0
v -0.5 4.0 6.0
v -2.22 -1.44 -2.7
v -2.86 -1.44 -2.7
v -2.678015 -1.258015 -3.2
v -2.678015 -0.981985 -3.2
v -2.401985 -1.258015 -3.2
v -2.401985 -0.981985 -3.2
v -2.86 -0.8 -2.7
v -2.22 -0.8 -2.7
v -2.22 1.1 -2.7
v -2.86 1.1 -2.7
v -2.678015 1.281985 -3.2
v -2.678015 1.558015 -3.2
v -2.401985 1.281985 -3.2
v -2.401985 1.558015 -3.2
v -2.86 1.74 -2.7
v -2.22 1.74 -2.7
v -4.76 -1.44 -2.7
v -5.4 -1.44 -2.7
v -5.218015 -1.258015 -3.2
v -5.218015 -0.981985 -3.2
v -4.941985 -1.258015 -3.2
v -4.941985 -0.981985 -3.2
v -5.4 -0.8 -2.7
v -4.76 -0.8 -2.7
v -7.3 -1.44 -2.7
v -7.94 -1.44 -2.7
v -7.758015 -1.258015 -3.2
v -7.758015 -0.981985 -3.2
v -7.481985 -1.258015 -3.2
v -7.481985 -0.981985 -3.2
v -7.94 -0.8 -2.7
v -7.3 -0.8 -2.7
v -9.84 -1.44 -2.7
v -10.48 -1.44 -2.7
v -10.298015 -1.258015 -3.2
v -10.298015 -0.981985 -3.2
v -10.021985 -1.258015 -3.2
v -10.021985 -0.981985 -3.2
v -10.48 -0.8 -2.7
v -9.84 -0.8 -2.7
v -12.38 -1.44 -2.7
v -13.02 -1.44 -2.7
v -12.838016 -1.258015 -3.2
v -12.838016 -0.981985 -3.2
v -12.561985 -1.258015 -3.2
v -12.561985 -0.981985 -3.2
v -13.02 -0.8 -2.7
v -12.38 -0.8 -2.7
v -14.92 -1.44 -2.7
v -15.56 -1.44 -2.7
v -15.378016 -1.258015 -3.2
v -15.378016 -0.981985 -3.2
v -15.101985 -1.258015 -3.2
v -15.101985 -0.981985 -3.2
v -15.56 -0.8 -2.7
v -14.92 -0.8 -2.7
v -17.459999 -1.44 -2.7
v -18.1 -1.44 -2.7
v -17.918015 -1.258015 -3.2
v -17.918015 -0.981985 -3.2
v -17.641985 -1.258015 -3.2
v -17.641985 -0.981985 -3.2
v -18.1 -0.8 -2.7
v -17.459999 -0.8 -2.7
v -20.0 -1.44 -2.7
v -20.640001 -1.44 -2.7
v -20.458015 -1.258015 -3.2
v -20.458015 -0.981985 -3.2
v -20.181986 -1.258015 -3.2
v -20.181986 -0.981985 -3.2
v -20.640001 -0.8 -2.7
v -20.0 -0.8 -2.7
v 0.32 -1.44 -2.7
v -0.32 -1.44 -2.7
v -0.138015 -1.258015 -3.2
v -0.138015 -0.981985 -3.2
v 0.138015 -1.258015 -3.2
v 0.138015 -0.981985 -3.2
v -0.32 -0.8 -2.7
v 0.32 -0.8 -2.7
v 2.86 -1.44 -2.7
v 2.22 -1.44 -2.7
v 2.401985 -1.258015 -3.2
v 2.401985 -0.981985 -3.2
v 2.678015 -1.258015 -3.2
v 2.678015 -0.981985 -3.2
v 2.22 -0.8 -2.7
v 2.86 -0.8 -2.7
v 5.4 -1.44 -2.7
v 4.76 -1.44 -2.7
v 4.941985 -1.258015 -3.2
v 4.941985 -0.981985 -3.2
v 5.218015 -1.258015 -3.2
v 5.218015 -0.981985 -3.2
v 4.76 -0.8 -2.7
v 5.4 -0.8 -2.7
v 7.94 -1.44 -2.7
v 7.3 -1.44 -2.7
v 7.481985 -1.258015 -3.2
v 7.481985 -0.981985 -3.2
v 7.758015 -1.258015 -3.2
v 7.758015 -0.981985 -3.2
v 7.3 -0.8 -2.7
v 7.94 -0.8 -2.7
v 10.48 -1.44 -2.7
v 9.84 -1.44 -2.7
v 10.021985 -1.258015 -3.2
v 10.021985 -0.981985 -3.2
v 10.298015 -1.258015 -3.2
v 10.298015 -0.981985 -3.2
v 9.84 -0.8 -2.7
v 10.48 -0.8 -2.7
v 13.02 -1.44 -2.7
v 12.38 -1.44 -2.7
v 12.561985 -1.258015 -3.2
v 12.561985 -0.981985 -3.2
v 12.838016 -1.258015 -3.2
v 12.838016 -0.981985 -3.2
v 12.38 -0.8 -2.7
v 13.02 -0.8 -2.7
v 15.56 -1.44 -2.7
v 14.92 -1.44 -2.7
v 15.101985 -1.258015 -3.2
v 15.101985 -0.981985 -3.2
v 15.378016 -1.258015 -3.2
v 15.378016 -0.981985 -3.2
v 14.92 -0.8 -2.7
v 15.56 -0.8 -2.7
v 18.1 -1.44 -2.7
v 17.459999 -1.44 -2.7
v 17.641985 -1.258015 -3.2
v 17.641985 -0.981985 -3.2
v 17.918015 -1.258015 -3.2
v 17.918015 -0.981985 -3.2
v 17.459999 -0.8 -2.7
v 18.1 -0.8 -2.7
v 20.640001 -1.44 -2.7
v 20.0 -1.44 -2.7
v 20.181986 -1.258015 -3.2
v 20.181986 -0.981985 -3.2
v 20.458015 -1.258015 -3.2
v 20.458015 -0.981985 -3.2
v 20.0 -0.8 -2.7
v 20.640001 -0.8 -2.7
v -4.76 1.1 -2.7
v -5.4 1.1 -2.7
v -5.218015 1.281985 -3.2
v -5.218015 1.558015 -3.2
v -4.941985 1.281985 -3.2
v -4.941985 1.558015 -3.2
v -5.4 1.74 -2.7
v -4.76 1.74 -2.7
v -7.3 1.1 -2.7
v -7.94 1.1 -2.7
v -7.758015 1.281985 -3.2
v -7.758015 1.558015 -3.2
v -7.481985 1.281985 -3.2
v -7.481985 1.558015 -3.2
v -7.94 1.74 -2.7
v -7.3 1.74 -2.7
v -9.84 1.1 -2.7
v -10.48 1.1 -2.7
v -10.298015 1.281985 -3.2
v -10.298015 1.558015 -3.2
v -10.021985 1.281985 -3.2
v -10.021985 1.558015 -3.2
v -10.48 1.74 -2.7
v -9.84 1.74 -2.7
v -12.38 1.1 -2.7
v -13.02 1.1 -2.7
v -12.838016 1.281985 -3.2
v -12.838016 1.558015 -3.2
v -12.561985 1.281985 -3.2
v -12.561985 1.558015 -3.2
v -13.02 1.74 -2.7
v -12.38 1.74 -2.7
v -14.92 1.1 -2.7
v -15.56 1.1 -2.7
v -15.378016 1.281985 -3.2
v -15.378016 1.558015 -3.2
v -15.101985 1.281985 -3.2
v -15.101985 1.558015 -3.2
v -15.56 1.74 -2.7
v -14.92 1.74 -2.7
v -17.459999 1.1 -2.7
v -18.1 1.1 -2.7
v -17.918015 1.281985 -3.2
v -17.918015 1.558015 -3.2
v -17.641985 1.281985 -3.2
v -17.641985 1.558015 -3.2
v -18.1 1.74 -2.7
v -17.459999 1.74 -2.7
v -20.0 1.1 -2.7
v -20.640001 1.1 -2.7
v -20.458015 1.281985 -3.2
v -20.458015 1.558015 -3.2
v -20.181986 1.281985 -3.2
v -20.181986 1.558015 -3.2
v -20.640001 1.74 -2.7
v -20.0 1.74 -2.7
v 0.32 1.1 -2.7
v -0.32 1.1 -2.7
v -0.138015 1.281985 -3.2
v -0.138015 1.558015 -3.2
v 0.138015 1.281985 -3.2
v 0.138015 1.558015 -3.2
v -0.32 1.74 -2.7
v 0.32 1.74 -2.7
v 2.86 1.1 -2.7
v 2.22 1.1 -2.7
v 2.401985 1.281985 -3.2
v 2.401985 1.558015 -3.2
v 2.678015 1.281985 -3.2
v 2.678015 1.558015 -3.2
v 2.22 1.74 -2.7
v 2.86 1.74 -2.7
v 5.4 1.1 -2.7
v 4.76 1.1 -2.7
v 4.941985 1.281985 -3.2
v 4.941985 1.558015 -3.2
v 5.218015 1.281985 -3.2
v 5.218015 1.558015 -3.2
v 4.76 1.74 -2.7
v 5.4 1.74 -2.7
v 7.94 1.1 -2.7
v 7.3 1.1 -2.7
v 7.481985 1.281985 -3.2
v 7.481985 1.558015 -3.2
v 7.758015 1.281985 -3.2
v 7.758015 1.558015 -3.2
v 7.3 1.74 -2.7
v 7.94 1.74 -2.7
v 10.48 1.1 -2.7
v 9.84 1.1 -2.7
v 10.021985 1.281985 -3.2
v 10.021985 1.558015 -3.2
v 10.298015 1.281985 -3.2
v 10.298015 1.558015 -3.2
v 9.84 1.74 -2.7
v 10.48 1.74 -2.7
v 13.02 1.1 -2.7
v 12.38 1.1 -2.7
v 12.561985 1.281985 -3.2
v 12.561985 1.558015 -3.2
v 12.838016 1.281985 -3.2
v 12.838016 1.558015 -3.2
v 12.38 1.74 -2.7
v 13.02 1.74 -2.7
v 15.56 1.1 -2.7
v 14.92 1.1 -2.7
v 15.101985 1.281985 -3.2
v 15.101985 1.558015 -3.2
v 15.378016 1.281985 -3.2
v 15.378016 1.558015 -3.2
v 14.92 1.74 -2.7
v 15.56 1.74 -2.7
v 18.1 1.1 -2.7
v 17.459999 1.1 -2.7
v 17.641985 1.281985 -3.2
v 17.641985 1.558015 -3.2
v 17.918015 1.281985 -3.2
v 17.918015 1.558015 -3.2
v 17.459999 1.74 -2.7
v 18.1 1.74 -2.7
v 20.640001 1.1 -2.7
v 20.0 1.1 -2.7
v 20.181986 1.281985 -3.2
v 20.181986 1.558015 -3.2
v 20.458015 1.281985 -3.2
v 20.458015 1.558015 -3.2
v 20.0 1.74 -2.7
v 20.640001 1.74 -2.7
v -23.690001 -3.6 3.05
v -24.189999 -3.5 3.05
v -20.690001 -3.6 3.05
v 24.189999 -3.5 3.05
v 24.189999 -3.5 0.65
v -24.189999 -3.5 0.65
v 23.690001 -3.6 3.05
v 20.690001 -3.6 3.05
v 22.99 -3.6 3.5
v 21.390001 -3.6 3.5
v -23.690001 -3.6 3.5
v -20.690001 -3.6 3.5
v 23.690001 -3.6 3.5
v 20.690001 -3.6 3.5
v -20.690001 -3.99 9.13125
newmtl 4
Ka 0.5019607843137255 0.5019607843137255 0.5019607843137255
Kd 0.5019607843137255 0.5019607843137255 0.5019607843137255
Ks 0.25098039215686274 0.25098039215686274 0.25098039215686274
d 0.0
endmtl
v 9.327453 -4.01 7.315354
v 9.327453 -4.01 7.253523
newmtl 5
Ka 1.0 1.0 1.0
Kd 1.0 1.0 1.0
Ks 0.5019607843137255 0.5019607843137255 0.5019607843137255
d 0.0
endmtl
v 9.111461 -4.01 7.315354
v 9.111461 -4.01 7.795861
v 9.04145 -4.01 7.795861
v 9.04145 -4.01 7.253523
v 9.605553 -4.01 7.244374
v 9.698139 -4.01 7.254536
v 9.755694 -4.01 7.275982
v 9.755694 -4.01 7.343081
v 9.700181 -4.01 7.318462
v 9.638431 -4.01 7.307518
v 9.615674 -4.01 7.306759
v 9.56517 -4.01 7.312333
v 9.525821 -4.01 7.326531
v 9.48967 -4.01 7.350952
v 9.476346 -4.01 7.363876
v 9.448741 -4.01 7.40276
v 9.431674 -4.01 7.446949
v 9.423147 -4.01 7.513529
v 9.423111 -4.01 7.518592
v 9.430516 -4.01 7.586958
v 9.447778 -4.01 7.635223
v 9.473114 -4.01 7.673784
v 9.480089 -4.01 7.681626
v 9.51474 -4.01 7.710652
v 9.557091 -4.01 7.731025
v 9.603853 -4.01 7.740687
v 9.627874 -4.01 7.741794
v 9.747058 -4.01 7.714228
v 9.69173 -4.01 7.734534
v 9.755694 -4.01 7.709631
v 9.755694 -4.01 7.782829
v 9.62718 -4.01 7.805011
v 9.632161 -4.01 7.804988
v 9.702306 -4.01 7.798692
v 9.547043 -4.01 7.795027
v 9.490629 -4.01 7.772696
v 9.440053 -4.01 7.73677
v 9.427963 -4.01 7.725158
v 9.363876 -4.01 7.616852
v 9.390314 -4.01 7.676613
v 9.350891 -4.01 7.546818
v 9.349634 -4.01 7.514433
v 9.381429 -4.01 7.371409
v 9.359715 -4.01 7.428511
v 9.413426 -4.01 7.324791
v 9.419229 -4.01 7.318405
v 9.460288 -4.01 7.283815
v 9.569234 -4.01 7.246289
v 9.511063 -4.01 7.259023
v 10.155932 -4.01 7.315354
v 10.155932 -4.01 7.253523
v 9.934256 -4.01 7.315354
v 9.934256 -4.01 7.497797
v 10.128204 -4.01 7.497797
v 10.128204 -4.01 7.559906
v 9.934256 -4.01 7.559906
v 9.934256 -4.01 7.733476
v 10.143594 -4.01 7.733476
v 10.143594 -4.01 7.795861
v 9.864245 -4.01 7.795861
v 9.864245 -4.01 7.253523
v 10.624886 -4.01 7.498848
v 10.697897 -4.01 7.493125
v 10.626319 -4.01 7.529683
v 10.699933 -4.01 7.531624
v 10.619793 -4.01 7.591425
v 10.692284 -4.01 7.600775
v 10.605279 -4.01 7.632685
v 10.673199 -4.01 7.653506
v 10.585007 -4.01 7.664011
v 10.640443 -4.01 7.701807
v 10.566845 -4.01 7.682458
v 10.618139 -4.01 7.724049
v 10.52515 -4.01 7.709811
v 10.564417 -4.01 7.761215
v 10.477668 -4.01 7.726353
v 10.499436 -4.01 7.785862
v 10.410326 -4.01 7.733476
v 10.413099 -4.01 7.795861
v 10.328393 -4.01 7.733476
v 10.258383 -4.01 7.795861
v 10.328393 -4.01 7.315354
v 10.258383 -4.01 7.253523
v 10.407138 -4.01 7.315354
v 10.407553 -4.01 7.253523
v 10.47576 -4.01 7.322706
v 10.495304 -4.01 7.263622
v 10.522223 -4.01 7.339212
v 10.557963 -4.01 7.287022
v 10.558192 -4.01 7.362694
v 10.610668 -4.01 7.322783
v 10.568369 -4.01 7.371917
v 10.618139 -4.01 7.329495
v 10.596699 -4.01 7.407606
v 10.656565 -4.01 7.374592
v 10.614882 -4.01 7.448359
v 10.684034 -4.01 7.430252
v 10.410326 -4.0 7.733476
v 10.328393 -4.0 7.733476
v 10.328393 -4.0 7.315354
v 10.407138 -4.0 7.315354
v 10.568369 -4.0 7.371917
v 10.558192 -4.0 7.362694
v 10.522223 -4.0 7.339212
v 10.47576 -4.0 7.322706
v 10.626319 -4.0 7.529683
v 10.624886 -4.0 7.498848
v 10.614882 -4.0 7.448359
v 10.596699 -4.0 7.407606
v 10.566845 -4.0 7.682458
v 10.585007 -4.0 7.664011
v 10.605279 -4.0 7.632685
v 10.619793 -4.0 7.591425
v 10.477668 -4.0 7.726353
v 10.52515 -4.0 7.709811
v 10.881682 -4.01 7.463139
v 10.859502 -4.01 7.401862
v 11.06371 -4.01 7.463139
v 11.085337 -4.01 7.401862
v 10.962784 -4.01 7.688558
v 10.936583 -4.01 7.795861
v 10.730017 -4.01 7.253523
v 10.807375 -4.01 7.253523
v 10.96748 -4.01 7.704744
v 10.971657 -4.01 7.726544
v 11.011445 -4.01 7.795861
v 10.97332 -4.01 7.726544
v 10.977705 -4.01 7.7036
v 10.981777 -4.01 7.688558
v 11.218011 -4.01 7.253523
v 11.140652 -4.01 7.253523
v 10.881682 -4.0 7.463139
v 11.06371 -4.0 7.463139
v 10.981777 -4.0 7.688558
v 10.97332 -4.0 7.726544
v 10.977705 -4.0 7.7036
v 10.971657 -4.0 7.726544
v 10.962784 -4.0 7.688558
v 10.96748 -4.0 7.704744
v 9.333137 -4.01 6.454989
v 9.333137 -4.01 6.393158
v 9.111461 -4.01 6.454989
v 9.111461 -4.01 6.637432
v 9.30541 -4.01 6.637432
v 9.30541 -4.01 6.699541
v 9.111461 -4.01 6.699541
v 9.111461 -4.01 6.873111
v 9.320798 -4.01 6.873111
v 9.320798 -4.01 6.935496
v 9.04145 -4.01 6.935496
v 9.04145 -4.01 6.393158
v 9.639657 -4.01 6.453048
v 9.64146 -4.01 6.453048
v 9.63702 -4.01 6.515552
v 9.476845 -4.01 6.611223
v 9.447354 -4.01 6.596474
v 9.48508 -4.01 6.551479
v 9.641394 -4.01 6.545862
v 9.709391 -4.01 6.642423
v 9.64146 -4.01 6.55037
v 9.64146 -4.01 6.587524
v 9.64146 -4.01 6.393158
v 9.709391 -4.01 6.393158
v 9.627056 -4.01 6.491316
v 9.612346 -4.01 6.471348
v 9.629073 -4.01 6.43694
v 9.603828 -4.01 6.463024
v 9.60762 -4.01 6.41384
v 9.584631 -4.01 6.45007
v 9.583555 -4.01 6.397838
v 9.564021 -4.01 6.442583
v 9.556012 -4.01 6.387885
v 9.538592 -4.01 6.439739
v 9.520987 -4.01 6.384008
v 9.515648 -4.01 6.442325
v 9.48035 -4.01 6.388728
v 9.500281 -4.01 6.447962
v 9.454305 -4.01 6.398547
v 9.486744 -4.01 6.457208
v 9.431428 -4.01 6.414508
v 9.480968 -4.01 6.463014
v 9.476949 -4.01 6.541412
v 9.426229 -4.01 6.57852
v 9.470987 -4.01 6.528742
v 9.412466 -4.01 6.559204
v 9.467633 -4.01 6.513185
v 9.494245 -4.01 6.558469
v 9.510554 -4.01 6.566105
v 9.52667 -4.01 6.623291
v 9.550793 -4.01 6.575324
v 9.64146 -4.01 6.639373
v 9.436004 -4.01 6.753331
v 9.436004 -4.01 6.687341
v 9.454155 -4.01 6.763597
v 9.479444 -4.01 6.715189
v 9.505439 -4.01 6.782241
v 9.521887 -4.01 6.729855
v 9.56937 -4.01 6.789376
v 9.562992 -4.01 6.734199
v 9.610974 -4.01 6.785545
v 9.586005 -4.01 6.731788
v 9.639441 -4.01 6.776767
v 9.601763 -4.01 6.726285
v 9.661922 -4.01 6.763771
v 9.613822 -4.01 6.718512
v 9.679962 -4.01 6.746333
v 9.624092 -4.01 6.707588
v 9.693787 -4.01 6.72422
v 9.632073 -4.01 6.693598
v 9.704337 -4.01 6.693004
v 9.639096 -4.01 6.669411
v 9.402946 -4.01 6.535391
v 9.398412 -4.01 6.506355
v 9.467058 -4.01 6.502402
v 9.398157 -4.01 6.496857
v 9.468782 -4.01 6.486807
v 9.401501 -4.01 6.466065
v 9.473248 -4.01 6.474465
v 9.409717 -4.01 6.443084
v 9.423832 -4.01 6.422209
v 9.48508 -4.0 6.551479
v 9.494245 -4.0 6.558469
v 9.510554 -4.0 6.566105
v 9.550793 -4.0 6.575324
v 9.467058 -4.0 6.502402
v 9.467633 -4.0 6.513185
v 9.470987 -4.0 6.528742
v 9.476949 -4.0 6.541412
v 9.486744 -4.0 6.457208
v 9.480968 -4.0 6.463014
v 9.473248 -4.0 6.474465
v 9.468782 -4.0 6.486807
v 9.538592 -4.0 6.439739
v 9.515648 -4.0 6.442325
v 9.500281 -4.0 6.447962
v 9.612346 -4.0 6.471348
v 9.603828 -4.0 6.463024
v 9.584631 -4.0 6.45007
v 9.564021 -4.0 6.442583
v 9.64146 -4.0 6.55037
v 9.641394 -4.0 6.545862
v 9.63702 -4.0 6.515552
v 9.627056 -4.0 6.491316
v 9.64146 -4.0 6.587524
v 9.801444 -4.01 6.476893
v 9.828002 -4.01 6.460469
v 9.913183 -4.01 6.439462
v 9.870592 -4.01 6.444441
v 9.801444 -4.01 6.406744
v 9.85005 -4.01 6.389781
v 9.906528 -4.01 6.384008
v 9.961931 -4.01 6.389827
v 9.999104 -4.01 6.40279
v 10.019377 -4.01 6.414785
v 10.038812 -4.01 6.431783
v 10.051473 -4.01 6.449699
v 10.059815 -4.01 6.471227
v 10.063046 -4.01 6.498521
v 10.060239 -4.01 6.523828
v 10.05299 -4.01 6.543858
v 10.040311 -4.01 6.56257
v 10.024114 -4.01 6.577022
v 9.978996 -4.01 6.602113
v 9.952694 -4.01 6.612755
v 9.910653 -4.01 6.631055
v 9.886704 -4.01 6.646028
v 9.880079 -4.01 6.653319
v 9.875184 -4.01 6.662484
v 9.87249 -4.01 6.673036
v 9.87187 -4.01 6.682072
v 9.873099 -4.01 6.692907
v 9.876453 -4.01 6.702078
v 9.882277 -4.01 6.710723
v 9.892527 -4.01 6.719781
v 9.907759 -4.01 6.727881
v 9.925931 -4.01 6.732691
v 9.94604 -4.01 6.734199
v 9.99065 -4.01 6.729129
v 10.028963 -4.01 6.71508
v 10.04447 -4.01 6.706195
v 10.04447 -4.01 6.772185
v 9.990145 -4.01 6.786817
v 9.952694 -4.01 6.789376
v 9.902797 -4.01 6.783954
v 9.86553 -4.01 6.77063
v 9.845391 -4.01 6.758599
v 9.825252 -4.01 6.740494
v 9.81263 -4.01 6.722134
v 9.804541 -4.01 6.700263
v 9.80186 -4.01 6.675972
v 9.804781 -4.01 6.649598
v 9.812272 -4.01 6.628854
v 9.82113 -4.01 6.614696
v 9.904726 -4.01 6.563401
v 9.864235 -4.01 6.581961
v 9.832243 -4.01 6.603073
v 9.949332 -4.01 6.54472
v 9.975846 -4.01 6.528743
v 9.984311 -4.01 6.519929
v 9.989562 -4.01 6.510923
v 9.992649 -4.01 6.500316
v 9.993314 -4.01 6.491866
v 9.991906 -4.01 6.478907
v 9.988454 -4.01 6.469246
v 9.982525 -4.01 6.460477
v 9.97473 -4.01 6.453557
v 9.968535 -4.01 6.449799
v 9.951007 -4.01 6.443384
v 9.916183 -4.01 6.439481
v 10.39979 -4.01 6.780503
v 10.470216 -4.01 6.780503
v 10.294012 -4.01 6.488816
v 10.288814 -4.01 6.470759
v 10.285694 -4.01 6.457485
v 10.283891 -4.01 6.457485
v 10.275574 -4.01 6.48937
v 10.174371 -4.01 6.780503
v 10.098398 -4.01 6.780503
v 10.250342 -4.01 6.393991
v 10.220536 -4.01 6.323564
v 10.207248 -4.01 6.299181
v 10.194596 -4.01 6.285004
v 10.182128 -4.01 6.276349
v 10.167252 -4.01 6.270769
v 10.150941 -4.01 6.268942
v 10.126298 -4.01 6.272151
v 10.112401 -4.01 6.276706
v 10.112401 -4.01 6.216261
v 10.141213 -4.01 6.211254
v 10.15621 -4.01 6.210715
v 10.183654 -4.01 6.213871
v 10.210459 -4.01 6.224083
v 10.234185 -4.01 6.240665
v 10.238818 -4.01 6.244911
v 10.263675 -4.01 6.274765
v 10.294428 -4.01 6.334654
v 10.835102 -4.01 6.454989
v 10.835102 -4.01 6.393158
v 10.613425 -4.01 6.454989
v 10.613425 -4.01 6.637432
v 10.807375 -4.01 6.637432
v 10.807375 -4.01 6.699541
v 10.613425 -4.01 6.699541
v 10.613425 -4.01 6.873111
v 10.822763 -4.01 6.873111
v 10.822763 -4.01 6.935496
v 10.543415 -4.01 6.935496
v 10.543415 -4.01 6.393158
v 11.304055 -4.01 6.638483
v 11.377067 -4.01 6.63276
v 11.305489 -4.01 6.669318
v 11.379103 -4.01 6.671259
v 11.298963 -4.01 6.73106
v 11.371453 -4.01 6.74041
v 11.28445 -4.01 6.772321
v 11.352368 -4.01 6.793141
v 11.264176 -4.01 6.803646
v 11.319613 -4.01 6.841443
v 11.246015 -4.01 6.822093
v 11.297309 -4.01 6.863684
v 11.20432 -4.01 6.849447
v 11.243587 -4.01 6.90085
v 11.156837 -4.01 6.865988
v 11.178606 -4.01 6.925497
v 11.089497 -4.01 6.873111
v 11.092269 -4.01 6.935496
v 11.007564 -4.01 6.873111
v 10.937552 -4.01 6.935496
v 11.007564 -4.01 6.454989
v 10.937552 -4.01 6.393158
v 11.086308 -4.01 6.454989
v 11.086722 -4.01 6.393158
v 11.15493 -4.01 6.462341
v 11.174475 -4.01 6.403257
v 11.201394 -4.01 6.478848
v 11.237133 -4.01 6.426658
v 11.237363 -4.01 6.502329
v 11.289838 -4.01 6.462418
v 11.247539 -4.01 6.511552
v 11.297309 -4.01 6.46913
v 11.275868 -4.01 6.547241
v 11.335734 -4.01 6.514227
v 11.294052 -4.01 6.587994
v 11.363205 -4.01 6.569887
v 11.089497 -4.0 6.873111
v 11.007564 -4.0 6.873111
v 11.007564 -4.0 6.454989
v 11.086308 -4.0 6.454989
v 11.247539 -4.0 6.511552
v 11.237363 -4.0 6.502329
v 11.201394 -4.0 6.478848
v 11.15493 -4.0 6.462341
v 11.305489 -4.0 6.669318
v 11.304055 -4.0 6.638483
v 11.294052 -4.0 6.587994
v 11.275868 -4.0 6.547241
v 11.246015 -4.0 6.822093
v 11.264176 -4.0 6.803646
v 11.28445 -4.0 6.772321
v 11.298963 -4.0 6.73106
v 11.156837 -4.0 6.865988
v 11.20432 -4.0 6.849447
v 11.560853 -4.01 6.602774
v 11.538671 -4.01 6.541497
v 11.74288 -4.01 6.602774
v 11.764506 -4.01 6.541497
v 11.641954 -4.01 6.828193
v 11.615752 -4.01 6.935496
v 11.409186 -4.01 6.393158
v 11.486546 -4.01 6.393158
v 11.646649 -4.01 6.844378
v 11.650826 -4.01 6.866179
v 11.690615 -4.01 6.935496
v 11.65249 -4.01 6.866179
v 11.656875 -4.01 6.843235
v 11.660947 -4.01 6.828193
v 11.897181 -4.01 6.393158
v 11.819821 -4.01 6.393158
v 11.560853 -4.0 6.602774
v 11.74288 -4.0 6.602774
v 11.660947 -4.0 6.828193
v 11.65249 -4.0 6.866179
v 11.656875 -4.0 6.843235
v 11.650826 -4.0 6.866179
v 11.641954 -4.0 6.828193
v 11.646649 -4.0 6.844378
v 6.54382 -4.01 7.326973
v 6.629807 -4.01 7.372817
v 6.609548 -4.01 7.610177
v 7.28881 -4.01 6.300498
v 7.334653 -4.01 6.386485
v 7.357368 -4.01 6.48164
v 6.850533 -4.01 7.621331
v 6.970068 -4.01 7.339845
v 7.029262 -4.01 7.46226
v 6.773433 -4.01 6.191939
v 6.611464 -4.01 6.657339
v 6.698981 -4.01 6.250062
v 6.642954 -4.01 6.321657
v 6.761847 -4.01 7.629043
v 7.899356 -4.01 6.846282
v 7.779821 -4.01 7.050648
v 7.359521 -4.01 6.56094
v 7.263122 -4.01 6.78073
v 7.359521 -4.01 6.52238
v 7.146199 -4.01 6.177666
v 7.223925 -4.01 6.2294
v 6.894026 -4.01 6.388898
v 6.928882 -4.01 6.37393
v 6.861595 -4.01 6.153116
v 6.963499 -4.01 6.368286
v 6.952341 -4.01 6.137369
v 6.970068 -4.01 6.368142
v 6.973925 -4.01 6.136784
v 7.008691 -4.01 6.373122
v 7.05961 -4.01 6.146444
v 7.04209 -4.01 6.386465
v 7.071381 -4.01 6.407469
v 7.092311 -4.01 6.431114
v 8.026603 -4.01 7.228022
v 8.057451 -4.01 7.228022
v 8.215546 -4.01 7.436244
v 8.132438 -4.01 7.218554
v 8.233555 -4.01 7.430207
v 8.199601 -4.01 7.192244
v 8.348389 -4.01 7.373475
v 8.453151 -4.01 7.285181
v 6.929581 -4.01 7.713391
v 7.115852 -4.01 7.565503
v 7.020196 -4.01 7.790993
v 7.218373 -4.01 7.640411
v 7.114138 -4.01 7.849204
v 6.535166 -4.01 6.70306
v 6.558356 -4.01 6.413747
v 6.607607 -4.01 6.398989
v 6.724963 -4.01 7.395532
v 6.765702 -4.01 7.397685
v 6.80619 -4.01 7.626632
v 6.848094 -4.01 7.38836
v 6.934773 -4.01 7.358654
v 7.110589 -4.01 6.572277
v 7.119394 -4.01 6.536524
v 7.11945 -4.01 6.501242
v 7.110243 -4.01 6.464235
v 8.454616 -4.01 6.564796
v 8.276978 -4.01 6.720084
v 8.350076 -4.01 6.476229
v 8.220469 -4.01 6.672945
v 8.232461 -4.01 6.418553
v 8.152793 -4.01 6.640718
v 8.103723 -4.01 6.391277
v 8.080586 -4.01 6.626492
v 7.87622 -4.01 6.391277
v 7.907068 -4.01 6.626492
v 7.854498 -4.01 6.394778
v 6.466734 -4.01 7.554621
v 6.34414 -4.01 7.468324
v 6.472722 -4.01 7.262089
v 6.31841 -4.01 7.443956
v 6.420988 -4.01 7.184363
v 6.225345 -4.01 7.324521
v 6.389766 -4.01 7.097774
v 6.827222 -4.01 6.471296
v 6.842485 -4.01 6.438883
v 6.864511 -4.01 6.411521
v 6.820083 -4.01 6.507457
v 6.822 -4.01 6.545038
v 6.615118 -4.01 6.666861
v 6.833364 -4.01 6.581329
v 6.658434 -4.01 6.746527
v 6.853293 -4.01 6.613224
v 6.723431 -4.01 6.818035
v 6.868537 -4.01 6.62934
v 6.803308 -4.01 6.871312
v 6.898684 -4.01 6.650778
v 6.88898 -4.01 6.9022
v 6.932358 -4.01 6.66407
v 6.973925 -4.01 6.911833
v 6.970068 -4.01 6.668907
v 7.026917 -4.01 6.908276
v 7.00217 -4.01 6.665419
v 7.119421 -4.01 6.883762
v 7.037979 -4.01 6.652601
v 7.200342 -4.01 6.838776
v 7.068999 -4.01 6.631661
v 7.093841 -4.01 6.603934
v 8.259195 -4.01 7.150114
v 8.299258 -4.01 7.105895
v 8.532045 -4.01 7.175618
v 8.336213 -4.01 7.040167
v 8.579401 -4.01 7.057909
v 8.355667 -4.01 6.966488
v 8.597286 -4.01 6.931113
v 8.358216 -4.01 6.927257
v 8.579775 -4.01 6.794188
v 8.348704 -4.01 6.851179
v 8.531488 -4.01 6.672033
v 8.32189 -4.01 6.782546
v 8.279253 -4.01 6.722544
v 8.007323 -4.01 7.740865
v 7.85482 -4.01 7.565136
v 8.134329 -4.01 7.594115
v 7.942223 -4.01 7.461614
v 8.002254 -4.01 7.337644
v 7.291927 -4.01 7.917822
v 7.344253 -4.01 7.691584
v 7.482912 -4.01 7.941375
v 7.486768 -4.01 7.710018
v 7.641856 -4.01 7.924677
v 7.618235 -4.01 7.693766
v 7.835359 -4.01 7.856486
v 7.739098 -4.01 7.647266
v 7.847349 -4.01 7.571923
v 7.887685 -4.01 6.630075
v 7.795021 -4.01 6.431722
v 7.803984 -4.01 6.422598
v 6.163957 -4.01 7.185612
v 6.138229 -4.01 7.040672
v 6.380106 -4.01 7.012088
v 6.13718 -4.01 7.004376
v 6.385268 -4.01 6.949245
v 6.156033 -4.01 6.85256
v 6.413896 -4.01 6.854858
v 6.211473 -4.01 6.709052
v 6.464466 -4.01 6.772179
v 6.29913 -4.01 6.584076
v 6.419058 -4.01 6.481736
v 7.899253 -4.01 6.627514
v 7.828992 -4.01 6.404819
v 7.764398 -4.01 6.510812
v 7.768056 -4.01 6.482091
v 7.778214 -4.01 6.455944
v 7.854052 -4.01 6.626513
v 7.827593 -4.01 6.616061
v 7.765377 -4.01 6.52603
v 7.803882 -4.01 6.599256
v 7.787949 -4.01 6.581686
v 7.77312 -4.01 6.555378
v 7.883933 -4.01 6.630347
v 6.970068 -4.0 6.668907
v 7.00217 -4.0 6.665419
v 7.037979 -4.0 6.652601
v 7.068999 -4.0 6.631661
v 7.093841 -4.0 6.603934
v 7.110589 -4.0 6.572277
v 7.119394 -4.0 6.536524
v 7.11945 -4.0 6.501242
v 7.110243 -4.0 6.464235
v 7.092311 -4.0 6.431114
v 7.071381 -4.0 6.407469
v 7.04209 -4.0 6.386465
v 7.008691 -4.0 6.373122
v 6.970068 -4.0 6.368142
v 6.963499 -4.0 6.368286
v 6.928882 -4.0 6.37393
v 6.894026 -4.0 6.388898
v 6.864511 -4.0 6.411521
v 6.842485 -4.0 6.438883
v 6.827222 -4.0 6.471296
v 6.820083 -4.0 6.507457
v 6.822 -4.0 6.545038
v 6.833364 -4.0 6.581329
v 6.853293 -4.0 6.613224
v 6.868537 -4.0 6.62934
v 6.898684 -4.0 6.650778
v 6.932358 -4.0 6.66407
usemtl 1
f 1// 2// 3//
f 4// 5// 6//
f 7// 8// 9//
f 10// 11// 12//
f 13// 14// 15//
f 15// 14// 16//
f 17// 18// 15//
f 15// 18// 19//
f 15// 19// 20//
f 20// 21// 15//
f 15// 21// 22//
f 15// 22// 13//
f 23// 24// 25//
f 25// 24// 26//
f 26// 24// 27//
f 27// 24// 28//
f 27// 28// 29//
f 29// 28// 30//
f 29// 30// 31//
f 32// 33// 30//
f 30// 33// 34//
f 30// 34// 35//
f 30// 36// 31//
f 31// 36// 37//
f 31// 37// 38//
f 38// 37// 39//
f 38// 39// 40//
f 35// 41// 30//
f 30// 41// 42//
f 30// 42// 36//
f 43// 44// 45//
f 43// 45// 46//
f 44// 47// 45//
f 45// 47// 48//
f 45// 48// 49//
f 49// 48// 50//
f 50// 51// 49//
f 49// 51// 52//
f 49// 52// 32//
f 32// 52// 53//
f 32// 53// 33//
f 45// 54// 55//
f 56// 46// 57//
f 57// 46// 45//
f 57// 45// 58//
f 58// 45// 55//
f 54// 45// 59//
f 59// 45// 60//
f 59// 60// 61//
f 61// 60// 62//
f 61// 62// 63//
f 63// 62// 64//
f 63// 64// 65//
f 66// 67// 68//
f 68// 69// 66//
f 66// 69// 70//
f 66// 70// 71//
f 71// 72// 66//
f 66// 72// 73//
f 66// 73// 64//
f 64// 73// 74//
f 64// 74// 65//
f 75// 76// 77//
f 78// 79// 80//
f 81// 82// 83//
f 83// 82// 84//
f 78// 80// 85//
f 86// 87// 67//
f 88// 89// 82//
f 82// 89// 90//
f 82// 90// 91//
f 86// 67// 92//
f 79// 93// 80//
f 80// 93// 94//
f 80// 94// 95//
f 77// 76// 67//
f 67// 76// 96//
f 67// 96// 92//
f 97// 98// 99//
f 99// 98// 100//
f 99// 100// 91//
f 91// 100// 101//
f 102// 103// 104//
f 104// 103// 105//
f 104// 105// 80//
f 80// 105// 106//
f 80// 106// 85//
f 97// 107// 98//
f 98// 107// 108//
f 98// 108// 109//
f 109// 108// 110//
f 109// 110// 111//
f 112// 113// 80//
f 80// 113// 114//
f 80// 114// 82//
f 82// 114// 115//
f 82// 115// 88//
f 116// 117// 68//
f 68// 117// 118//
f 68// 118// 119//
f 119// 120// 68//
f 68// 120// 121//
f 68// 121// 122//
f 122// 121// 102//
f 122// 102// 123//
f 123// 102// 104//
f 101// 124// 91//
f 91// 124// 125//
f 91// 125// 82//
f 82// 125// 126//
f 82// 126// 84//
f 87// 127// 67//
f 67// 127// 128//
f 67// 128// 68//
f 68// 128// 129//
f 68// 129// 116//
f 95// 130// 80//
f 80// 130// 131//
f 80// 131// 132//
f 132// 133// 80//
f 80// 133// 134//
f 80// 134// 112//
f 135// 136// 137//
f 136// 91// 137//
f 137// 91// 90//
f 137// 90// 138//
f 138// 90// 139//
f 139// 140// 138//
f 138// 140// 141//
f 138// 141// 142//
f 143// 144// 145//
f 144// 146// 145//
f 145// 146// 147//
f 145// 147// 148//
f 149// 145// 150//
f 135// 137// 149//
f 149// 137// 151//
f 149// 151// 145//
f 145// 151// 152//
f 145// 152// 143//
f 150// 153// 149//
f 149// 153// 154//
f 149// 154// 155//
f 148// 147// 156//
f 156// 147// 157//
f 156// 157// 158//
f 158// 157// 159//
f 158// 159// 160//
f 161// 162// 155//
f 155// 162// 163//
f 155// 163// 149//
f 14// 164// 16//
f 16// 164// 165//
f 16// 165// 77//
f 77// 165// 166//
f 77// 166// 75//
f 167// 168// 169//
f 12// 11// 169//
f 169// 11// 170//
f 169// 170// 167//
f 171// 168// 172//
f 172// 168// 167//
f 172// 167// 173//
f 173// 167// 174//
f 173// 174// 175//
f 175// 174// 176//
f 177// 178// 179//
f 179// 178// 180//
f 179// 180// 171//
f 171// 180// 181//
f 171// 181// 168//
f 168// 181// 182//
f 168// 182// 183//
f 183// 182// 184//
f 183// 184// 185//
f 186// 187// 188//
f 189// 190// 191//
f 191// 190// 192//
f 191// 192// 193//
f 193// 192// 186//
f 193// 186// 194//
f 194// 186// 188//
f 195// 196// 197//
f 198// 199// 200//
f 201// 202// 195//
f 202// 203// 195//
f 195// 203// 204//
f 195// 204// 196//
f 196// 204// 205//
f 198// 200// 195//
f 195// 200// 206//
f 195// 206// 201//
f 207// 208// 209//
f 209// 208// 210//
f 209// 210// 197//
f 197// 210// 211//
f 197// 211// 195//
f 212// 213// 8//
f 8// 213// 214//
f 8// 214// 9//
f 215// 216// 9//
f 217// 218// 219//
f 220// 221// 9//
f 9// 221// 222//
f 205// 223// 196//
f 196// 223// 224//
f 196// 224// 219//
f 219// 224// 225//
f 219// 225// 217//
f 218// 226// 219//
f 219// 226// 227//
f 219// 227// 228//
f 228// 227// 229//
f 228// 229// 215//
f 230// 231// 216//
f 216// 231// 232//
f 216// 232// 9//
f 9// 232// 233//
f 9// 233// 220//
f 222// 234// 9//
f 9// 234// 235//
f 9// 235// 7//
f 236// 237// 238//
f 238// 237// 239//
f 238// 239// 240//
f 238// 241// 236//
f 236// 241// 242//
f 236// 242// 243//
f 243// 244// 236//
f 236// 244// 245//
f 236// 245// 246//
f 246// 245// 247//
f 246// 247// 248//
f 248// 247// 249//
f 248// 249// 216//
f 216// 249// 250//
f 216// 250// 230//
f 251// 252// 240//
f 240// 252// 253//
f 240// 253// 238//
f 254// 255// 199//
f 199// 255// 256//
f 199// 256// 200//
f 254// 257// 255//
f 255// 257// 258//
f 255// 258// 259//
f 259// 258// 260//
f 259// 261// 262//
f 260// 263// 259//
f 259// 263// 264//
f 259// 264// 265//
f 265// 266// 259//
f 259// 266// 267//
f 259// 267// 261//
f 262// 268// 259//
f 259// 268// 269//
f 259// 269// 270//
f 271// 272// 273//
f 274// 275// 273//
f 273// 275// 276//
f 273// 276// 271//
f 272// 271// 277//
f 277// 271// 278//
f 277// 278// 279//
f 275// 280// 276//
f 276// 280// 281//
f 276// 281// 282//
f 282// 281// 283//
f 282// 283// 284//
f 284// 283// 285//
f 284// 285// 279//
f 279// 285// 286//
f 279// 286// 277//
f 287// 288// 289//
f 289// 288// 290//
f 289// 291// 287//
f 287// 291// 292//
f 287// 292// 293//
f 293// 292// 294//
f 293// 294// 295//
f 296// 297// 298//
f 298// 297// 299//
f 298// 299// 300//
f 300// 299// 292//
f 300// 292// 301//
f 301// 292// 291//
f 301// 291// 302//
f 302// 291// 303//
f 302// 303// 304//
f 304// 303// 305//
f 290// 288// 306//
f 306// 288// 307//
f 306// 307// 308//
f 309// 310// 311//
f 311// 310// 312//
f 313// 314// 315//
f 316// 317// 318//
f 318// 317// 319//
f 315// 314// 320//
f 320// 314// 321//
f 320// 321// 322//
f 316// 318// 323//
f 323// 318// 324//
f 323// 324// 325//
f 319// 326// 318//
f 318// 326// 327//
f 318// 327// 315//
f 315// 327// 328//
f 315// 328// 313//
f 312// 329// 330//
f 330// 329// 320//
f 330// 320// 331//
f 331// 320// 322//
f 312// 330// 311//
f 311// 330// 332//
f 311// 332// 333//
f 333// 332// 334//
f 333// 334// 335//
f 335// 334// 336//
f 335// 336// 337//
f 338// 339// 336//
f 336// 339// 340//
f 340// 341// 336//
f 336// 341// 342//
f 336// 342// 337//
f 337// 342// 343//
f 337// 343// 344//
f 344// 343// 345//
f 346// 347// 348//
f 348// 347// 344//
f 345// 349// 344//
f 344// 349// 350//
f 344// 350// 351//
f 351// 352// 344//
f 344// 352// 353//
f 344// 353// 348//
f 348// 353// 354//
f 355// 356// 338//
f 338// 356// 357//
f 358// 359// 338//
f 338// 359// 360//
f 338// 360// 339//
f 361// 362// 338//
f 338// 362// 363//
f 338// 363// 355//
f 355// 363// 364//
f 355// 364// 365//
f 365// 366// 355//
f 355// 366// 367//
f 355// 367// 368//
f 357// 369// 338//
f 338// 369// 370//
f 338// 370// 358//
f 367// 371// 368//
f 368// 371// 372//
f 368// 372// 373//
f 373// 372// 374//
f 373// 374// 375//
f 375// 374// 376//
f 375// 376// 377//
f 377// 376// 378//
f 377// 378// 379//
f 379// 378// 380//
f 379// 380// 381//
f 381// 380// 382//
f 381// 382// 383//
f 383// 382// 384//
f 383// 384// 385//
f 385// 384// 386//
f 385// 386// 387//
f 387// 386// 388//
f 387// 388// 389//
f 389// 388// 390//
f 389// 390// 391//
f 391// 390// 392//
f 391// 392// 393//
f 393// 392// 394//
f 393// 394// 395//
f 396// 397// 398//
f 398// 397// 399//
f 400// 401// 398//
f 402// 403// 398//
f 398// 403// 404//
f 405// 396// 406//
f 406// 396// 398//
f 406// 398// 407//
f 407// 398// 404//
f 408// 409// 399//
f 399// 409// 410//
f 399// 410// 398//
f 398// 410// 411//
f 398// 411// 400//
f 394// 412// 395//
f 395// 412// 413//
f 395// 413// 399//
f 399// 413// 414//
f 399// 414// 408//
f 402// 398// 415//
f 415// 398// 416//
f 415// 416// 417//
f 418// 419// 420//
f 420// 419// 421//
f 420// 421// 422//
f 423// 424// 425//
f 425// 424// 426//
f 425// 426// 427//
f 424// 428// 426//
f 426// 428// 429//
f 426// 429// 430//
f 430// 429// 431//
f 430// 431// 432//
f 433// 434// 213//
f 213// 434// 435//
f 213// 435// 214//
f 214// 435// 436//
f 214// 436// 437//
f 437// 436// 438//
f 437// 438// 439//
f 439// 438// 440//
f 439// 440// 441//
f 441// 440// 442//
f 441// 442// 426//
f 426// 442// 443//
f 426// 443// 427//
f 23// 17// 24//
f 24// 17// 15//
f 24// 15// 444//
f 444// 15// 445//
f 444// 445// 446//
f 278// 447// 279//
f 279// 447// 448//
f 279// 448// 284//
f 284// 448// 449//
f 284// 449// 287//
f 287// 449// 450//
f 287// 450// 288//
f 288// 450// 451//
f 288// 451// 307//
f 307// 451// 452//
f 307// 452// 453//
f 453// 452// 454//
f 453// 454// 455//
f 456// 457// 458//
f 4// 459// 460//
f 461// 462// 463//
f 463// 462// 4//
f 463// 4// 464//
f 464// 4// 460//
f 461// 465// 462//
f 462// 465// 466//
f 462// 466// 458//
f 458// 466// 467//
f 458// 467// 456//
f 457// 468// 458//
f 458// 468// 469//
f 458// 469// 470//
f 470// 469// 471//
f 470// 471// 472//
f 472// 473// 470//
f 470// 473// 474//
f 470// 474// 475//
f 475// 474// 476//
f 475// 476// 477//
f 477// 476// 478//
f 478// 476// 479//
f 478// 479// 480//
f 480// 479// 481//
f 480// 481// 482//
f 482// 481// 483//
f 482// 483// 484//
f 4// 6// 459//
f 459// 6// 485//
f 459// 485// 486//
f 486// 485// 487//
f 486// 487// 488//
f 488// 487// 420//
f 488// 420// 416//
f 416// 420// 422//
f 416// 422// 417//
f 325// 324// 489//
f 489// 324// 490//
f 489// 490// 491//
f 491// 490// 492//
f 491// 492// 493//
f 493// 492// 494//
f 493// 494// 495//
f 494// 496// 495//
f 495// 496// 497//
f 495// 497// 498//
f 498// 497// 499//
f 498// 499// 500//
f 294// 501// 295//
f 295// 501// 308//
f 295// 308// 502//
f 502// 308// 307//
f 502// 307// 503//
f 504// 503// 505//
f 506// 507// 508//
f 508// 507// 509//
f 506// 510// 507//
f 507// 510// 511//
f 507// 511// 512//
f 512// 511// 513//
f 514// 515// 507//
f 507// 515// 516//
f 507// 516// 517//
f 504// 505// 507//
f 507// 505// 518//
f 507// 518// 514//
f 517// 519// 507//
f 507// 519// 520//
f 507// 520// 509//
f 521// 522// 523//
f 524// 525// 511//
f 511// 525// 526//
f 511// 526// 513//
f 521// 523// 511//
f 511// 523// 527//
f 511// 527// 524//
f 455// 528// 453//
f 453// 528// 529//
f 453// 529// 307//
f 307// 529// 530//
f 307// 530// 503//
f 531// 532// 533//
f 533// 532// 534//
f 533// 534// 446//
f 446// 534// 535//
f 446// 535// 454//
f 454// 535// 536//
f 454// 536// 455//
f 533// 537// 538//
f 538// 539// 533//
f 533// 539// 540//
f 533// 540// 531//
f 446// 445// 533//
f 533// 445// 541//
f 533// 541// 537//
f 2// 542// 543//
f 543// 542// 544//
f 543// 544// 445//
f 445// 544// 545//
f 445// 545// 541//
f 546// 547// 3//
f 547// 548// 3//
f 3// 548// 549//
f 3// 549// 1//
f 546// 3// 550//
f 550// 3// 551//
f 550// 551// 552//
f 552// 551// 553//
f 553// 551// 196//
f 553// 196// 554//
f 503// 504// 502//
f 502// 504// 555//
f 502// 555// 556//
f 556// 555// 557//
f 556// 557// 558//
f 559// 560// 561//
f 561// 560// 562//
f 563// 564// 565//
f 566// 567// 196//
f 567// 568// 196//
f 196// 568// 569//
f 196// 569// 570//
f 559// 571// 560//
f 560// 571// 572//
f 560// 572// 573//
f 573// 572// 574//
f 575// 576// 574//
f 574// 576// 577//
f 574// 577// 573//
f 578// 579// 563//
f 563// 579// 580//
f 563// 580// 564//
f 581// 582// 583//
f 583// 582// 584//
f 583// 584// 585//
f 565// 586// 563//
f 563// 586// 587//
f 563// 587// 551//
f 551// 587// 562//
f 551// 562// 588//
f 588// 562// 560//
f 588// 589// 551//
f 551// 589// 590//
f 551// 590// 196//
f 196// 590// 591//
f 196// 591// 566//
f 570// 592// 196//
f 196// 592// 593//
f 196// 593// 197//
f 197// 593// 594//
f 197// 594// 583//
f 595// 596// 574//
f 574// 596// 597//
f 574// 597// 598//
f 598// 599// 574//
f 574// 599// 600//
f 574// 600// 575//
f 601// 602// 433//
f 602// 603// 433//
f 433// 603// 604//
f 433// 604// 434//
f 602// 605// 603//
f 603// 605// 606//
f 603// 606// 563//
f 563// 606// 607//
f 563// 607// 578//
f 608// 609// 9//
f 215// 9// 228//
f 228// 9// 609//
f 228// 609// 190//
f 190// 609// 610//
f 190// 610// 192//
f 611// 612// 608//
f 613// 614// 615//
f 615// 614// 616//
f 615// 616// 611//
f 611// 608// 615//
f 615// 608// 9//
f 615// 9// 617//
f 617// 9// 214//
f 617// 214// 618//
f 617// 619// 615//
f 615// 619// 620//
f 615// 620// 621//
f 622// 623// 437//
f 437// 623// 624//
f 437// 624// 214//
f 214// 624// 625//
f 214// 625// 618//
f 621// 626// 615//
f 615// 626// 627//
f 615// 627// 613//
f 628// 629// 439//
f 628// 439// 630//
f 629// 631// 439//
f 439// 631// 632//
f 439// 632// 437//
f 437// 632// 633//
f 437// 633// 622//
f 212// 207// 213//
f 213// 207// 209//
f 213// 209// 433//
f 433// 209// 197//
f 433// 197// 601//
f 601// 197// 583//
f 601// 583// 634//
f 634// 583// 585//
f 432// 418// 430//
f 430// 418// 420//
f 430// 420// 426//
f 426// 420// 635//
f 426// 635// 441//
f 441// 635// 168//
f 441// 168// 439//
f 439// 168// 183//
f 439// 183// 630//
f 630// 183// 185//
f 630// 185// 189//
f 189// 185// 10//
f 189// 10// 190//
f 190// 10// 12//
f 636// 77// 637//
f 637// 77// 67//
f 637// 67// 638//
f 638// 67// 66//
f 638// 66// 639//
f 639// 66// 64//
f 639// 64// 640//
f 636// 641// 642//
f 641// 643// 642//
f 642// 643// 644//
f 642// 644// 638//
f 638// 644// 645//
f 638// 645// 637//
f 646// 647// 648//
f 648// 647// 644//
f 648// 644// 649//
f 649// 644// 643//
f 649// 643// 650//
f 650// 643// 651//
f 652// 653// 635//
f 654// 655// 635//
f 635// 655// 656//
f 635// 656// 168//
f 168// 656// 657//
f 168// 657// 169//
f 657// 658// 169//
f 169// 658// 659//
f 169// 659// 660//
f 660// 659// 661//
f 660// 661// 662//
f 662// 663// 660//
f 660// 663// 664//
f 660// 664// 665//
f 653// 666// 635//
f 635// 666// 667//
f 635// 667// 654//
f 665// 668// 660//
f 660// 668// 669//
f 660// 669// 635//
f 635// 669// 670//
f 635// 670// 652//
f 671// 672// 635//
f 673// 674// 675//
f 635// 672// 660//
f 660// 672// 676//
f 660// 676// 677//
f 2// 543// 3//
f 3// 543// 642//
f 3// 642// 551//
f 551// 642// 638//
f 551// 638// 563//
f 563// 638// 639//
f 563// 639// 603//
f 603// 639// 640//
f 603// 640// 604//
f 660// 271// 169//
f 169// 271// 276//
f 169// 276// 12//
f 12// 276// 282//
f 12// 282// 190//
f 190// 282// 293//
f 190// 293// 228//
f 228// 293// 295//
f 228// 295// 219//
f 219// 295// 502//
f 219// 502// 196//
f 196// 502// 556//
f 196// 556// 554//
f 554// 556// 558//
f 678// 679// 680//
f 636// 642// 77//
f 77// 642// 543//
f 77// 543// 16//
f 16// 543// 681//
f 16// 681// 15//
f 681// 682// 15//
f 15// 682// 678//
f 15// 678// 445//
f 445// 678// 680//
f 445// 680// 543//
f 543// 680// 683//
f 543// 683// 681//
f 684// 685// 282//
f 287// 686// 284//
f 284// 686// 687//
f 284// 687// 688//
f 689// 690// 282//
f 282// 690// 691//
f 282// 691// 293//
f 293// 691// 692//
f 293// 692// 287//
f 287// 692// 693//
f 287// 693// 686//
f 688// 694// 284//
f 284// 694// 695//
f 284// 695// 696//
f 685// 697// 282//
f 282// 697// 698//
f 282// 698// 689//
f 696// 699// 284//
f 284// 699// 700//
f 284// 700// 282//
f 282// 700// 701//
f 282// 701// 684//
f 675// 671// 673//
f 673// 671// 635//
f 673// 635// 702//
f 702// 635// 420//
f 702// 420// 677//
f 677// 420// 487//
f 677// 487// 660//
f 660// 487// 485//
f 660// 485// 271//
f 271// 485// 6//
f 271// 6// 278//
f 278// 6// 5//
f 278// 5// 447//
f 703// 704// 705//
f 705// 704// 706//
f 707// 708// 709//
f 709// 708// 710//
f 711// 712// 713//
f 714// 715// 716//
f 717// 718// 713//
f 717// 713// 719//
f 719// 713// 720//
f 719// 720// 721//
f 718// 722// 713//
f 713// 722// 723//
f 713// 723// 724//
f 724// 725// 713//
f 713// 725// 726//
f 713// 726// 727//
f 727// 728// 713//
f 713// 728// 714//
f 713// 714// 711//
f 711// 714// 716//
f 714// 729// 730//
f 731// 732// 733//
f 714// 730// 734//
f 734// 730// 735//
f 734// 735// 736//
f 728// 737// 714//
f 714// 737// 738//
f 714// 738// 731//
f 733// 739// 731//
f 731// 739// 740//
f 731// 740// 714//
f 714// 740// 741//
f 714// 741// 729//
f 742// 743// 744//
f 745// 746// 744//
f 744// 746// 747//
f 744// 747// 742//
f 748// 749// 750//
f 751// 752// 747//
f 748// 750// 747//
f 747// 750// 753//
f 747// 753// 751//
f 754// 755// 742//
f 742// 756// 757//
f 758// 759// 747//
f 759// 760// 747//
f 747// 760// 761//
f 747// 761// 742//
f 742// 761// 762//
f 742// 762// 754//
f 755// 763// 742//
f 742// 763// 764//
f 742// 764// 756//
f 765// 766// 767//
f 767// 766// 742//
f 767// 742// 768//
f 768// 742// 757//
f 752// 769// 747//
f 747// 769// 770//
f 747// 770// 758//
f 758// 770// 771//
f 758// 771// 772//
f 773// 774// 775//
f 776// 777// 778//
f 778// 777// 766//
f 500// 499// 779//
f 779// 499// 780//
f 779// 780// 775//
f 775// 780// 781//
f 766// 765// 778//
f 778// 765// 782//
f 778// 782// 783//
f 783// 782// 781//
f 784// 785// 786//
f 781// 787// 788//
f 788// 789// 781//
f 781// 789// 790//
f 781// 790// 775//
f 775// 790// 791//
f 775// 791// 773//
f 784// 786// 782//
f 786// 792// 782//
f 782// 792// 793//
f 782// 793// 794//
f 794// 795// 782//
f 782// 795// 796//
f 782// 796// 781//
f 781// 796// 797//
f 781// 797// 787//
f 736// 735// 798//
f 798// 735// 799//
f 800// 801// 749//
f 749// 801// 750//
f 802// 413// 803//
f 803// 413// 412//
f 371// 804// 372//
f 372// 804// 805//
f 806// 714// 807//
f 807// 714// 734//
f 747// 808// 748//
f 748// 808// 809//
f 810// 811// 808//
f 807// 812// 813//
f 814// 815// 816//
f 817// 818// 819//
f 819// 818// 820//
f 821// 822// 823//
f 807// 813// 806//
f 806// 813// 819//
f 806// 819// 808//
f 808// 819// 820//
f 808// 820// 824//
f 825// 826// 808//
f 816// 810// 814//
f 814// 810// 808//
f 814// 808// 827//
f 827// 808// 824//
f 827// 824// 828//
f 828// 824// 829//
f 823// 825// 821//
f 821// 825// 808//
f 821// 808// 830//
f 830// 808// 811//
f 830// 811// 831//
f 831// 811// 832//
f 833// 834// 835//
f 836// 837// 808//
f 835// 836// 833//
f 833// 836// 808//
f 833// 808// 838//
f 838// 808// 826//
f 838// 826// 839//
f 839// 826// 840//
f 841// 842// 843//
f 844// 845// 808//
f 843// 844// 841//
f 841// 844// 808//
f 841// 808// 846//
f 846// 808// 837//
f 846// 837// 847//
f 847// 837// 848//
f 849// 850// 851//
f 852// 853// 808//
f 851// 852// 849//
f 849// 852// 808//
f 849// 808// 854//
f 854// 808// 845//
f 854// 845// 855//
f 855// 845// 856//
f 857// 858// 859//
f 860// 861// 808//
f 859// 860// 857//
f 857// 860// 808//
f 857// 808// 862//
f 862// 808// 853//
f 862// 853// 863//
f 863// 853// 864//
f 865// 866// 867//
f 868// 869// 808//
f 867// 868// 865//
f 865// 868// 808//
f 865// 808// 870//
f 870// 808// 861//
f 870// 861// 871//
f 871// 861// 872//
f 873// 809// 874//
f 874// 809// 808//
f 874// 808// 875//
f 875// 808// 869//
f 875// 869// 876//
f 876// 869// 877//
f 878// 844// 879//
f 879// 844// 843//
f 845// 880// 856//
f 856// 880// 881//
f 880// 878// 881//
f 881// 878// 879//
f 882// 846// 883//
f 883// 846// 847//
f 841// 884// 842//
f 842// 884// 885//
f 884// 882// 885//
f 885// 882// 883//
f 886// 836// 887//
f 887// 836// 835//
f 837// 888// 848//
f 848// 888// 889//
f 888// 886// 889//
f 889// 886// 887//
f 890// 838// 891//
f 891// 838// 839//
f 833// 892// 834//
f 834// 892// 893//
f 892// 890// 893//
f 893// 890// 891//
f 894// 825// 895//
f 895// 825// 823//
f 826// 896// 840//
f 840// 896// 897//
f 896// 894// 897//
f 897// 894// 895//
f 898// 830// 899//
f 899// 830// 831//
f 821// 900// 822//
f 822// 900// 901//
f 900// 898// 901//
f 901// 898// 899//
f 902// 810// 903//
f 903// 810// 816//
f 811// 904// 832//
f 832// 904// 905//
f 904// 902// 905//
f 905// 902// 903//
f 906// 827// 907//
f 907// 827// 828//
f 814// 908// 815//
f 815// 908// 909//
f 908// 906// 909//
f 909// 906// 907//
f 910// 820// 911//
f 911// 820// 818//
f 824// 912// 829//
f 829// 912// 913//
f 912// 910// 913//
f 913// 910// 911//
f 914// 813// 915//
f 915// 813// 812//
f 819// 916// 817//
f 817// 916// 917//
f 916// 914// 917//
f 917// 914// 915//
f 918// 854// 919//
f 919// 854// 855//
f 849// 920// 850//
f 850// 920// 921//
f 920// 918// 921//
f 921// 918// 919//
f 922// 852// 923//
f 923// 852// 851//
f 853// 924// 864//
f 864// 924// 925//
f 924// 922// 925//
f 925// 922// 923//
f 926// 862// 927//
f 927// 862// 863//
f 857// 928// 858//
f 858// 928// 929//
f 928// 926// 929//
f 929// 926// 927//
f 930// 860// 931//
f 931// 860// 859//
f 861// 932// 872//
f 872// 932// 933//
f 932// 930// 933//
f 933// 930// 931//
f 934// 870// 935//
f 935// 870// 871//
f 865// 936// 866//
f 866// 936// 937//
f 936// 934// 937//
f 937// 934// 935//
f 938// 868// 939//
f 939// 868// 867//
f 869// 940// 877//
f 877// 940// 941//
f 940// 938// 941//
f 941// 938// 939//
f 942// 875// 943//
f 943// 875// 876//
f 874// 944// 873//
f 873// 944// 945//
f 944// 942// 945//
f 945// 942// 943//
f 946// 947// 948//
f 948// 947// 949//
f 950// 914// 951//
f 951// 914// 916//
f 951// 916// 949//
f 949// 916// 819//
f 949// 819// 948//
f 950// 947// 914//
f 914// 947// 946//
f 914// 946// 813//
f 813// 946// 952//
f 813// 952// 819//
f 819// 952// 953//
f 819// 953// 948//
f 954// 955// 956//
f 956// 955// 957//
f 958// 910// 959//
f 959// 910// 912//
f 959// 912// 957//
f 957// 912// 824//
f 957// 824// 956//
f 958// 955// 910//
f 910// 955// 954//
f 910// 954// 820//
f 820// 954// 960//
f 820// 960// 824//
f 824// 960// 961//
f 824// 961// 956//
f 962// 963// 964//
f 964// 963// 965//
f 966// 906// 967//
f 967// 906// 908//
f 967// 908// 965//
f 965// 908// 814//
f 965// 814// 964//
f 966// 963// 906//
f 906// 963// 962//
f 906// 962// 827//
f 827// 962// 968//
f 827// 968// 814//
f 814// 968// 969//
f 814// 969// 964//
f 970// 971// 972//
f 972// 971// 973//
f 974// 902// 975//
f 975// 902// 904//
f 975// 904// 973//
f 973// 904// 811//
f 973// 811// 972//
f 974// 971// 902//
f 902// 971// 970//
f 902// 970// 810//
f 810// 970// 976//
f 810// 976// 811//
f 811// 976// 977//
f 811// 977// 972//
f 978// 979// 980//
f 980// 979// 981//
f 982// 898// 983//
f 983// 898// 900//
f 983// 900// 981//
f 981// 900// 821//
f 981// 821// 980//
f 982// 979// 898//
f 898// 979// 978//
f 898// 978// 830//
f 830// 978// 984//
f 830// 984// 821//
f 821// 984// 985//
f 821// 985// 980//
f 986// 987// 988//
f 988// 987// 989//
f 990// 894// 991//
f 991// 894// 896//
f 991// 896// 989//
f 989// 896// 826//
f 989// 826// 988//
f 990// 987// 894//
f 894// 987// 986//
f 894// 986// 825//
f 825// 986// 992//
f 825// 992// 826//
f 826// 992// 993//
f 826// 993// 988//
f 994// 995// 996//
f 996// 995// 997//
f 998// 890// 999//
f 999// 890// 892//
f 999// 892// 997//
f 997// 892// 833//
f 997// 833// 996//
f 998// 995// 890//
f 890// 995// 994//
f 890// 994// 838//
f 838// 994// 1000//
f 838// 1000// 833//
f 833// 1000// 1001//
f 833// 1001// 996//
f 1002// 1003// 1004//
f 1004// 1003// 1005//
f 1006// 886// 1007//
f 1007// 886// 888//
f 1007// 888// 1005//
f 1005// 888// 837//
f 1005// 837// 1004//
f 1006// 1003// 886//
f 886// 1003// 1002//
f 886// 1002// 836//
f 836// 1002// 1008//
f 836// 1008// 837//
f 837// 1008// 1009//
f 837// 1009// 1004//
f 1010// 1011// 1012//
f 1012// 1011// 1013//
f 1014// 882// 1015//
f 1015// 882// 884//
f 1015// 884// 1013//
f 1013// 884// 841//
f 1013// 841// 1012//
f 1014// 1011// 882//
f 882// 1011// 1010//
f 882// 1010// 846//
f 846// 1010// 1016//
f 846// 1016// 841//
f 841// 1016// 1017//
f 841// 1017// 1012//
f 1018// 1019// 1020//
f 1020// 1019// 1021//
f 1022// 942// 1023//
f 1023// 942// 944//
f 1023// 944// 1021//
f 1021// 944// 874//
f 1021// 874// 1020//
f 1022// 1019// 942//
f 942// 1019// 1018//
f 942// 1018// 875//
f 875// 1018// 1024//
f 875// 1024// 874//
f 874// 1024// 1025//
f 874// 1025// 1020//
f 1026// 1027// 1028//
f 1028// 1027// 1029//
f 1030// 938// 1031//
f 1031// 938// 940//
f 1031// 940// 1029//
f 1029// 940// 869//
f 1029// 869// 1028//
f 1030// 1027// 938//
f 938// 1027// 1026//
f 938// 1026// 868//
f 868// 1026// 1032//
f 868// 1032// 869//
f 869// 1032// 1033//
f 869// 1033// 1028//
f 1034// 1035// 1036//
f 1036// 1035// 1037//
f 1038// 934// 1039//
f 1039// 934// 936//
f 1039// 936// 1037//
f 1037// 936// 865//
f 1037// 865// 1036//
f 1038// 1035// 934//
f 934// 1035// 1034//
f 934// 1034// 870//
f 870// 1034// 1040//
f 870// 1040// 865//
f 865// 1040// 1041//
f 865// 1041// 1036//
f 1042// 1043// 1044//
f 1044// 1043// 1045//
f 1046// 930// 1047//
f 1047// 930// 932//
f 1047// 932// 1045//
f 1045// 932// 861//
f 1045// 861// 1044//
f 1046// 1043// 930//
f 930// 1043// 1042//
f 930// 1042// 860//
f 860// 1042// 1048//
f 860// 1048// 861//
f 861// 1048// 1049//
f 861// 1049// 1044//
f 1050// 1051// 1052//
f 1052// 1051// 1053//
f 1054// 926// 1055//
f 1055// 926// 928//
f 1055// 928// 1053//
f 1053// 928// 857//
f 1053// 857// 1052//
f 1054// 1051// 926//
f 926// 1051// 1050//
f 926// 1050// 862//
f 862// 1050// 1056//
f 862// 1056// 857//
f 857// 1056// 1057//
f 857// 1057// 1052//
f 1058// 1059// 1060//
f 1060// 1059// 1061//
f 1062// 922// 1063//
f 1063// 922// 924//
f 1063// 924// 1061//
f 1061// 924// 853//
f 1061// 853// 1060//
f 1062// 1059// 922//
f 922// 1059// 1058//
f 922// 1058// 852//
f 852// 1058// 1064//
f 852// 1064// 853//
f 853// 1064// 1065//
f 853// 1065// 1060//
f 1066// 1067// 1068//
f 1068// 1067// 1069//
f 1070// 918// 1071//
f 1071// 918// 920//
f 1071// 920// 1069//
f 1069// 920// 849//
f 1069// 849// 1068//
f 1070// 1067// 918//
f 918// 1067// 1066//
f 918// 1066// 854//
f 854// 1066// 1072//
f 854// 1072// 849//
f 849// 1072// 1073//
f 849// 1073// 1068//
f 1074// 1075// 1076//
f 1076// 1075// 1077//
f 1078// 878// 1079//
f 1079// 878// 880//
f 1079// 880// 1077//
f 1077// 880// 845//
f 1077// 845// 1076//
f 1078// 1075// 878//
f 878// 1075// 1074//
f 878// 1074// 844//
f 844// 1074// 1080//
f 844// 1080// 845//
f 845// 1080// 1081//
f 845// 1081// 1076//
f 1082// 1083// 1084//
f 1084// 1083// 1085//
f 1086// 1087// 1088//
f 1088// 1087// 1089//
f 1090// 1091// 1092//
f 1093// 1094// 1095//
f 1095// 1094// 1096//
f 1095// 1096// 1097//
f 1098// 1099// 1092//
f 1092// 1099// 1100//
f 1091// 1101// 1092//
f 1092// 1101// 1102//
f 1092// 1102// 1103//
f 1103// 1102// 1104//
f 1103// 1104// 1105//
f 1105// 1104// 1096//
f 1105// 1096// 1098//
f 1098// 1096// 1094//
f 1098// 1094// 1099//
f 1099// 1094// 1106//
f 1100// 1107// 1092//
f 1092// 1107// 1108//
f 1092// 1108// 1109//
f 1109// 1110// 1092//
f 1092// 1110// 1111//
f 1092// 1111// 1090//
f 1112// 1107// 1113//
f 1113// 1107// 1100//
f 1114// 1115// 1116//
f 1116// 1115// 1117//
f 1118// 1119// 1120//
f 1121// 1122// 1123//
f 1124// 1122// 1125//
f 1125// 1122// 1121//
f 1125// 1121// 1126//
f 1127// 1126// 1128//
f 1128// 1126// 1129//
f 1128// 1129// 1120//
f 1127// 1130// 1126//
f 1126// 1130// 1131//
f 1126// 1131// 1132//
f 1123// 1118// 1121//
f 1121// 1118// 1120//
f 1121// 1120// 1133//
f 1133// 1120// 1129//
f 1132// 1134// 1126//
f 1126// 1134// 1135//
f 1126// 1135// 1136//
f 1113// 1125// 1112//
f 1112// 1125// 1126//
f 1112// 1126// 1137//
f 1137// 1126// 1136//
f 1138// 1139// 1140//
f 1141// 1142// 1143//
f 1143// 1142// 1144//
f 1143// 1144// 1145//
f 1140// 1146// 1147//
f 1138// 1140// 1148//
f 1148// 1140// 1147//
f 1148// 1147// 1117//
f 1117// 1115// 1148//
f 1148// 1115// 1149//
f 1148// 1149// 1144//
f 1144// 1149// 1150//
f 1144// 1150// 1145//
f 1151// 1152// 1153//
f 1154// 1155// 1156//
f 1156// 1155// 1157//
f 1158// 1159// 1153//
f 1153// 1159// 1160//
f 1153// 1160// 1151//
f 1151// 1160// 1114//
f 1151// 1114// 1116//
f 1157// 1161// 1156//
f 1156// 1161// 1162//
f 1156// 1162// 1160//
f 1160// 1162// 1163//
f 1160// 1163// 1114//
f 1164// 1165// 1166//
f 1166// 1165// 1167//
f 1168// 721// 720//
f 1169// 1170// 1171//
f 1172// 1171// 1173//
f 1173// 1171// 1174//
f 1173// 1174// 483//
f 483// 1174// 484//
f 1175// 1176// 1172//
f 1172// 1176// 1177//
f 1172// 1177// 1171//
f 1171// 1177// 1178//
f 1171// 1178// 1169//
f 1179// 1180// 1168//
f 1168// 1180// 1181//
f 1168// 1181// 1182//
f 1182// 1181// 1183//
f 1182// 1183// 1184//
f 1170// 1185// 1171//
f 1171// 1185// 1186//
f 1171// 1186// 1187//
f 1187// 1186// 1188//
f 1187// 1188// 1189//
f 1189// 1179// 1187//
f 1187// 1179// 1168//
f 1187// 1168// 1190//
f 1190// 1168// 720//
f 1190// 720// 1191//
f 1191// 720// 1192//
f 496// 494// 1193//
f 1194// 1195// 499//
f 499// 1195// 1196//
f 499// 1196// 780//
f 1194// 499// 1193//
f 1193// 499// 497//
f 1193// 497// 496//
f 776// 778// 1197//
f 1198// 1199// 1200//
f 1200// 1199// 776//
f 1200// 776// 1201//
f 1201// 776// 1197//
f 1190// 1191// 1202//
f 1202// 1191// 1203//
f 1204// 1205// 1191//
f 1191// 1205// 1206//
f 1191// 1206// 1203//
f 1207// 1208// 1209//
f 1210// 1207// 1211//
f 1211// 1207// 1209//
f 1211// 1209// 1212//
f 1212// 1209// 1213//
f 1212// 1213// 1214//
f 1214// 1213// 1215//
f 1214// 1215// 1216//
f 1216// 1215// 1210//
f 1216// 1210// 1211//
f 1217// 1215// 1218//
f 1218// 1215// 1219//
f 1218// 1219// 1220//
f 1220// 1219// 1221//
f 1220// 1221// 1222//
f 1222// 1221// 1210//
f 1222// 1210// 1217//
f 1217// 1210// 1215//
f 1223// 1224// 1225//
f 1225// 1224// 1221//
f 1225// 1221// 1226//
f 1226// 1221// 1219//
f 1226// 1219// 1227//
f 1228// 1229// 1230//
f 1230// 1229// 1231//
f 1230// 1231// 1232//
f 1232// 1231// 1233//
f 1232// 1233// 1234//
f 1235// 1236// 1237//
f 1238// 1239// 1240//
f 1240// 1239// 1241//
f 1240// 1241// 1242//
f 1237// 1236// 1243//
f 1243// 1236// 1244//
f 1243// 1244// 1245//
f 1237// 1240// 1235//
f 1235// 1240// 1242//
f 1235// 1242// 1245//
f 1245// 1242// 1246//
f 1245// 1246// 1243//
f 1247// 1248// 1243//
f 1243// 1248// 1249//
f 1249// 1248// 1250//
f 1249// 1250// 1251//
f 1252// 1253// 1238//
f 1238// 1253// 1254//
f 1238// 1255// 1252//
f 1252// 1255// 1249//
f 1252// 1249// 1256//
f 1256// 1249// 1251//
f 1256// 1251// 1254//
f 1254// 1251// 1247//
f 1254// 1247// 1238//
f 1238// 1247// 1243//
f 1238// 1243// 1239//
f 1239// 1243// 1246//
f 1257// 1243// 1258//
f 1258// 1243// 1259//
f 1258// 1259// 1260//
f 1260// 1259// 1261//
f 1260// 1261// 1262//
f 1262// 1261// 1237//
f 1262// 1237// 1257//
f 1257// 1237// 1243//
f 1263// 1249// 1264//
f 1264// 1249// 1265//
f 1264// 1265// 1266//
f 1266// 1265// 1259//
f 1266// 1259// 1267//
f 1267// 1259// 1243//
f 1267// 1243// 1263//
f 1263// 1243// 1249//
f 1268// 1259// 1269//
f 1269// 1259// 1270//
f 1269// 1270// 1271//
f 1271// 1270// 1272//
f 1271// 1272// 1273//
f 1273// 1272// 1261//
f 1273// 1261// 1268//
f 1268// 1261// 1259//
f 1274// 1265// 1275//
f 1275// 1265// 1276//
f 1275// 1276// 1277//
f 1277// 1276// 1270//
f 1277// 1270// 1278//
f 1278// 1270// 1259//
f 1278// 1259// 1274//
f 1274// 1259// 1265//
f 1279// 1270// 1280//
f 1280// 1270// 1281//
f 1280// 1281// 1282//
f 1282// 1281// 1283//
f 1282// 1283// 1284//
f 1284// 1283// 1272//
f 1284// 1272// 1279//
f 1279// 1272// 1270//
f 1285// 1276// 1286//
f 1286// 1276// 1287//
f 1286// 1287// 1288//
f 1288// 1287// 1281//
f 1288// 1281// 1289//
f 1289// 1281// 1270//
f 1289// 1270// 1285//
f 1285// 1270// 1276//
f 1290// 1281// 1291//
f 1291// 1281// 1292//
f 1291// 1292// 1293//
f 1293// 1292// 1294//
f 1293// 1294// 1295//
f 1295// 1294// 1283//
f 1295// 1283// 1290//
f 1290// 1283// 1281//
f 1296// 1287// 1297//
f 1297// 1287// 1298//
f 1297// 1298// 1299//
f 1299// 1298// 1292//
f 1299// 1292// 1300//
f 1300// 1292// 1281//
f 1300// 1281// 1296//
f 1296// 1281// 1287//
f 1301// 1292// 1302//
f 1302// 1292// 1213//
f 1302// 1213// 1303//
f 1303// 1213// 1209//
f 1303// 1209// 1304//
f 1304// 1209// 1294//
f 1304// 1294// 1301//
f 1301// 1294// 1292//
f 1305// 1298// 1306//
f 1306// 1298// 1307//
f 1306// 1307// 1308//
f 1308// 1307// 1213//
f 1308// 1213// 1309//
f 1309// 1213// 1292//
f 1309// 1292// 1305//
f 1305// 1292// 1298//
f 1310// 1307// 1311//
f 1311// 1307// 1312//
f 1311// 1312// 1313//
f 1313// 1312// 1215//
f 1313// 1215// 1314//
f 1314// 1215// 1213//
f 1314// 1213// 1310//
f 1310// 1213// 1307//
f 1315// 1312// 1316//
f 1316// 1312// 1317//
f 1316// 1317// 1318//
f 1318// 1317// 1219//
f 1318// 1219// 1319//
f 1319// 1219// 1215//
f 1319// 1215// 1315//
f 1315// 1215// 1312//
f 1320// 1321// 1232//
f 1322// 1317// 1323//
f 1232// 1321// 1323//
f 1323// 1321// 1324//
f 1323// 1324// 1322//
f 1228// 1224// 1229//
f 1229// 1224// 1223//
f 1229// 1223// 1234//
f 1234// 1223// 1227//
f 1234// 1227// 1232//
f 1232// 1227// 1219//
f 1232// 1219// 1320//
f 1320// 1219// 1325//
f 1320// 1325// 1322//
f 1322// 1325// 1326//
f 1322// 1326// 1317//
f 1317// 1326// 1327//
f 1317// 1327// 1219//
f 1219// 1327// 1328//
f 1219// 1328// 1325//
f 1329// 1232// 1330//
f 1330// 1232// 1331//
f 1330// 1331// 1332//
f 1332// 1331// 1333//
f 1332// 1333// 1334//
f 1334// 1333// 1230//
f 1334// 1230// 1329//
f 1329// 1230// 1232//
f 1335// 1323// 1336//
f 1336// 1323// 1337//
f 1336// 1337// 1338//
f 1338// 1337// 1331//
f 1338// 1331// 1339//
f 1339// 1331// 1232//
f 1339// 1232// 1335//
f 1335// 1232// 1323//
f 1340// 1331// 1341//
f 1341// 1331// 1342//
f 1341// 1342// 1343//
f 1343// 1342// 1344//
f 1343// 1344// 1345//
f 1345// 1344// 1333//
f 1345// 1333// 1340//
f 1340// 1333// 1331//
f 1346// 1337// 1347//
f 1347// 1337// 1348//
f 1347// 1348// 1349//
f 1349// 1348// 1342//
f 1349// 1342// 1350//
f 1350// 1342// 1331//
f 1350// 1331// 1346//
f 1346// 1331// 1337//
f 1351// 1342// 1352//
f 1352// 1342// 1353//
f 1352// 1353// 1354//
f 1354// 1353// 1355//
f 1354// 1355// 1356//
f 1356// 1355// 1344//
f 1356// 1344// 1351//
f 1351// 1344// 1342//
f 1357// 1348// 1358//
f 1358// 1348// 1359//
f 1358// 1359// 1360//
f 1360// 1359// 1353//
f 1360// 1353// 1361//
f 1361// 1353// 1342//
f 1361// 1342// 1357//
f 1357// 1342// 1348//
f 1362// 1353// 1363//
f 1363// 1353// 1364//
f 1363// 1364// 1365//
f 1365// 1364// 1366//
f 1365// 1366// 1367//
f 1367// 1366// 1355//
f 1367// 1355// 1362//
f 1362// 1355// 1353//
f 1368// 1359// 1369//
f 1369// 1359// 1370//
f 1369// 1370// 1371//
f 1371// 1370// 1364//
f 1371// 1364// 1372//
f 1372// 1364// 1353//
f 1372// 1353// 1368//
f 1368// 1353// 1359//
f 1373// 1374// 1375//
f 1375// 1374// 1366//
f 1375// 1366// 1376//
f 1376// 1366// 1364//
f 1376// 1364// 1377//
f 1377// 1364// 1378//
f 1377// 1378// 1373//
f 1379// 1370// 1380//
f 1380// 1370// 1381//
f 1380// 1381// 1382//
f 1382// 1381// 1378//
f 1382// 1378// 1383//
f 1383// 1378// 1364//
f 1383// 1364// 1379//
f 1379// 1364// 1370//
f 1384// 1374// 1385//
f 1386// 1387// 1388//
f 1373// 1378// 1374//
f 1374// 1378// 1389//
f 1374// 1389// 1385//
f 1390// 1388// 1378//
f 1378// 1388// 1387//
f 1378// 1387// 1389//
f 1390// 1378// 1391//
f 1391// 1378// 1381//
f 1391// 1381// 1392//
f 1392// 1381// 1393//
f 1392// 1393// 1394//
f 1385// 1386// 1384//
f 1384// 1386// 1388//
f 1384// 1388// 1395//
f 1395// 1388// 1396//
f 1390// 1394// 1388//
f 1388// 1394// 1393//
f 1388// 1393// 1396//
f 1396// 1393// 1397//
f 1255// 1398// 1249//
f 1249// 1398// 1399//
f 1249// 1399// 1265//
f 1265// 1399// 1400//
f 1265// 1400// 1276//
f 1276// 1400// 1401//
f 1276// 1401// 1287//
f 1287// 1401// 1402//
f 1287// 1402// 1298//
f 1298// 1402// 1403//
f 1298// 1403// 1307//
f 1307// 1403// 1404//
f 1307// 1404// 1312//
f 1312// 1404// 1405//
f 1312// 1405// 1317//
f 1317// 1405// 1406//
f 1317// 1406// 1323//
f 1323// 1406// 1407//
f 1323// 1407// 1337//
f 1337// 1407// 1408//
f 1337// 1408// 1348//
f 1348// 1408// 1409//
f 1348// 1409// 1359//
f 1359// 1409// 1410//
f 1359// 1410// 1370//
f 1370// 1410// 1411//
f 1370// 1411// 1381//
f 1381// 1411// 1412//
f 1381// 1412// 1393//
f 1393// 1412// 1413//
f 1393// 1413// 1397//
f 1397// 1413// 1414//
f 1415// 1416// 1192//
f 1192// 1416// 1204//
f 1192// 1204// 1191//
f 772// 1417// 758//
f 758// 1417// 1418//
f 731// 1419// 732//
f 732// 1419// 1420//
usemtl 2
f 4// 462// 1421//
f 712// 711// 1422//
f 1422// 711// 1423//
f 1424// 1120// 1148//
f 1148// 1120// 1119//
f 1148// 1119// 1138//
f 1138// 1119// 1097//
f 1138// 1097// 1159//
f 1240// 1425// 1238//
f 1238// 1425// 1422//
f 1238// 1422// 1255//
f 1255// 1422// 1423//
f 1255// 1423// 1398//
f 1159// 1097// 1160//
f 1160// 1097// 1096//
f 1160// 1096// 1148//
f 1148// 1096// 1426//
f 1148// 1426// 1424//
f 1424// 1426// 1422//
f 1424// 1422// 1421//
f 1421// 1422// 1425//
f 1421// 1425// 4//
usemtl 1
f 1397// 1414// 1427//
f 1428// 1429// 1430//
f 1430// 1429// 1431//
f 1395// 1396// 1432//
f 1432// 1396// 1433//
f 1432// 1433// 320//
f 320// 1433// 315//
f 743// 1431// 744//
f 744// 1431// 1427//
f 1430// 1434// 1428//
f 1428// 1434// 1435//
f 1428// 1435// 1436//
f 1436// 1435// 1437//
f 1436// 1437// 1438//
f 1438// 1437// 1439//
f 1438// 1439// 1429//
f 1429// 1439// 1440//
f 1429// 1440// 1431//
f 1431// 1440// 1433//
f 1431// 1433// 1427//
f 1427// 1433// 1396//
f 1427// 1396// 1397//
f 745// 744// 1427//
f 1427// 1423// 716//
f 716// 1423// 711//
f 1085// 1427// 1084//
f 1084// 1427// 716//
f 1084// 716// 1441//
f 1441// 716// 1442//
f 1086// 1443// 1444//
f 1444// 745// 1086//
f 1086// 745// 1427//
f 1086// 1427// 1087//
f 1087// 1427// 1085//
f 1087// 1085// 1445//
f 1445// 1085// 1446//
f 1447// 401// 400//
f 1448// 1449// 1450//
f 1448// 1450// 1451//
f 1452// 1453// 1450//
f 1450// 1453// 1454//
f 1450// 1454// 1451//
f 1455// 1456// 1457//
f 1457// 1456// 1458//
f 1455// 1459// 1456//
f 1456// 1459// 1460//
f 1456// 1460// 1461//
f 1462// 1463// 1464//
f 1464// 1463// 1461//
f 1464// 1461// 1465//
f 1465// 1461// 1460//
f 1462// 1466// 1463//
f 1463// 1466// 1467//
f 1463// 1467// 1468//
f 1467// 1469// 1468//
f 1468// 1469// 1470//
f 1468// 1470// 1471//
f 1470// 1472// 1471//
f 1471// 1472// 1473//
f 1471// 1473// 1474//
f 1473// 1475// 1474//
f 1474// 1475// 1476//
f 1474// 1476// 1477//
f 1476// 1478// 1477//
f 1477// 1478// 1479//
f 1477// 1479// 1480//
f 1480// 1479// 1481//
f 1480// 1481// 1482//
f 1481// 1483// 1482//
f 1482// 1483// 1484//
f 1482// 1484// 1485//
f 1484// 1486// 1485//
f 1485// 1486// 1487//
f 1485// 1487// 1488//
f 1487// 1489// 1488//
f 1488// 1489// 1490//
f 1488// 1490// 1491//
f 1490// 1492// 1491//
f 1491// 1492// 1493//
f 1491// 1493// 1494//
f 1494// 1493// 1495//
f 1495// 1496// 1494//
f 1494// 1496// 1497//
f 1494// 1497// 1420//
f 1420// 1497// 1498//
f 1420// 1498// 1499//
f 1500// 1501// 1502//
f 1500// 1502// 1503//
f 1502// 1504// 1503//
f 1503// 1504// 1505//
f 1503// 1505// 1506//
f 1505// 1507// 1506//
f 1506// 1507// 1508//
f 1506// 1508// 1509//
f 1508// 1510// 1509//
f 1509// 1510// 1511//
f 1509// 1511// 1512//
f 1511// 1513// 1512//
f 1512// 1513// 1514//
f 1512// 1514// 1515//
f 1515// 1514// 1516//
f 1515// 1516// 1517//
f 1516// 1518// 1517//
f 1517// 1518// 1519//
f 1517// 1519// 1520//
f 1519// 1521// 1520//
f 1520// 1521// 1522//
f 1520// 1522// 1523//
f 1522// 1524// 1523//
f 1523// 1524// 1525//
f 1523// 1525// 1526//
f 1525// 1527// 1526//
f 1526// 1527// 1528//
f 1526// 1528// 1529//
f 1529// 1528// 1530//
f 1530// 1531// 1529//
f 1529// 1531// 1532//
f 1529// 1532// 1452//
f 1452// 1532// 1533//
f 1452// 1533// 1453//
f 1534// 1535// 739//
f 1534// 739// 1536//
f 732// 1420// 733//
f 733// 1420// 1499//
f 733// 1499// 739//
f 739// 1499// 1537//
f 739// 1537// 1536//
f 1538// 1539// 411//
f 411// 1539// 1540//
f 1540// 1541// 411//
f 411// 1541// 1542//
f 411// 1542// 400//
f 400// 1542// 1543//
f 400// 1543// 1447//
f 1447// 1543// 1544//
f 1447// 1544// 1500//
f 1500// 1544// 1545//
f 1500// 1545// 1501//
f 735// 730// 799//
f 799// 730// 802//
f 799// 802// 1546//
f 1546// 802// 1547//
f 1546// 1547// 1548//
f 1548// 1547// 1549//
f 1548// 1549// 1550//
f 1550// 1549// 1551//
f 1550// 1551// 1552//
f 1552// 1551// 1553//
f 1552// 1553// 1456//
f 1456// 1553// 1450//
f 1456// 1450// 1458//
f 1458// 1450// 1449//
f 413// 802// 414//
f 414// 802// 730//
f 414// 730// 408//
f 408// 730// 729//
f 408// 729// 409//
f 409// 729// 741//
f 409// 741// 410//
f 410// 741// 740//
f 410// 740// 411//
f 411// 740// 739//
f 411// 739// 1538//
f 1538// 739// 1535//
f 804// 371// 367//
f 1417// 772// 771//
f 1554// 1555// 1556//
f 1554// 1556// 1557//
f 1556// 1558// 1557//
f 1557// 1558// 1559//
f 1557// 1559// 1560//
f 1559// 1561// 1560//
f 1560// 1561// 1562//
f 1560// 1562// 1563//
f 1562// 1564// 1563//
f 1563// 1564// 1565//
f 1563// 1565// 1566//
f 1565// 1567// 1566//
f 1566// 1567// 1568//
f 1566// 1568// 1569//
f 1569// 1568// 1570//
f 1569// 1570// 1571//
f 1570// 1572// 1571//
f 1571// 1572// 1573//
f 1571// 1573// 1574//
f 1573// 1575// 1574//
f 1574// 1575// 1576//
f 1574// 1576// 1577//
f 1576// 1578// 1577//
f 1577// 1578// 1579//
f 1577// 1579// 1580//
f 1579// 1581// 1580//
f 1580// 1581// 1582//
f 1580// 1582// 1583//
f 1583// 1582// 1584//
f 1584// 1585// 1583//
f 1583// 1585// 1586//
f 1583// 1586// 1587//
f 1588// 1589// 1590//
f 1588// 1590// 1591//
f 1586// 1592// 1587//
f 1587// 1592// 1593//
f 1587// 1593// 1590//
f 1590// 1593// 1594//
f 1590// 1594// 1591//
f 1595// 1596// 1597//
f 1597// 1596// 1598//
f 1598// 1599// 1597//
f 1597// 1599// 1600//
f 1597// 1600// 1601//
f 1602// 1603// 1604//
f 1604// 1603// 1601//
f 1604// 1601// 1605//
f 1605// 1601// 1600//
f 1602// 1606// 1603//
f 1603// 1606// 1607//
f 1603// 1607// 1608//
f 1607// 1609// 1608//
f 1608// 1609// 1610//
f 1608// 1610// 1611//
f 1610// 1612// 1611//
f 1611// 1612// 1613//
f 1611// 1613// 1614//
f 1613// 1615// 1614//
f 1614// 1615// 1616//
f 1614// 1616// 1617//
f 1616// 1618// 1617//
f 1617// 1618// 1619//
f 1617// 1619// 1620//
f 1620// 1619// 1621//
f 1620// 1621// 1622//
f 1621// 1623// 1622//
f 1622// 1623// 1624//
f 1622// 1624// 1625//
f 1624// 1626// 1625//
f 1625// 1626// 1627//
f 1625// 1627// 1628//
f 1627// 1629// 1628//
f 1628// 1629// 1630//
f 1628// 1630// 1631//
f 1630// 1632// 1631//
f 1631// 1632// 1633//
f 1631// 1633// 1634//
f 1634// 1633// 1635//
f 1635// 1636// 1634//
f 1634// 1636// 1637//
f 1634// 1637// 1638//
f 1638// 1637// 1639//
f 1638// 1639// 1640//
f 1641// 1642// 363//
f 1641// 363// 1643//
f 361// 1638// 362//
f 362// 1638// 1640//
f 362// 1640// 363//
f 363// 1640// 1644//
f 363// 1644// 1643//
f 1645// 770// 1646//
f 1646// 770// 1647//
f 1645// 1648// 770//
f 770// 1648// 1649//
f 770// 1649// 771//
f 771// 1649// 1650//
f 771// 1650// 1417//
f 1417// 1650// 1651//
f 1417// 1651// 1554//
f 1554// 1651// 1652//
f 1554// 1652// 1555//
f 753// 750// 801//
f 1589// 1595// 1590//
f 1590// 1595// 1597//
f 1590// 1597// 1653//
f 1653// 1597// 1654//
f 1653// 1654// 1655//
f 1655// 1654// 1656//
f 1655// 1656// 1657//
f 1657// 1656// 1658//
f 1657// 1658// 1659//
f 1659// 1658// 1660//
f 1659// 1660// 801//
f 801// 1660// 804//
f 801// 804// 753//
f 753// 804// 367//
f 753// 367// 751//
f 751// 367// 366//
f 751// 366// 752//
f 752// 366// 365//
f 752// 365// 769//
f 769// 365// 364//
f 769// 364// 770//
f 770// 364// 363//
f 770// 363// 1647//
f 1647// 363// 1642//
f 1661// 767// 1662//
f 1662// 767// 768//
f 1662// 768// 1663//
f 1663// 768// 757//
f 1663// 757// 1664//
f 1664// 757// 756//
f 1664// 756// 1665//
f 1665// 756// 764//
f 1665// 764// 1666//
f 1666// 764// 763//
f 1666// 763// 1667//
f 1667// 763// 755//
f 1667// 755// 1668//
f 1668// 755// 754//
f 1668// 754// 1669//
f 1669// 754// 762//
f 1669// 762// 1670//
f 1670// 762// 761//
f 1670// 761// 1671//
f 1671// 761// 760//
f 1671// 760// 1672//
f 1672// 760// 759//
f 1672// 759// 1418//
f 1418// 759// 758//
f 767// 1661// 765//
f 765// 1661// 782//
f 721// 1168// 719//
f 719// 1168// 1673//
f 1419// 731// 1674//
f 1674// 731// 738//
f 1674// 738// 1675//
f 1675// 738// 737//
f 1675// 737// 1676//
f 1676// 737// 728//
f 1676// 728// 1677//
f 1677// 728// 727//
f 1677// 727// 1678//
f 1678// 727// 726//
f 1678// 726// 1679//
f 1679// 726// 725//
f 1679// 725// 1680//
f 1680// 725// 724//
f 1680// 724// 1681//
f 1681// 724// 723//
f 1681// 723// 1682//
f 1682// 723// 722//
f 1682// 722// 1683//
f 1683// 722// 718//
f 1683// 718// 1684//
f 1684// 718// 717//
f 1684// 717// 1673//
f 1673// 717// 719//
f 1205// 1204// 1685//
f 1685// 1204// 1416//
f 1686// 458// 1687//
f 1687// 458// 470//
f 470// 475// 1687//
f 1687// 475// 477//
f 1687// 477// 478//
f 1193// 494// 492//
f 318// 1688// 324//
f 324// 1688// 1193//
f 324// 1193// 490//
f 490// 1193// 492//
f 1689// 1690// 1691//
f 1692// 1693// 1694//
f 1695// 1688// 1694//
f 1694// 1688// 1689//
f 1694// 1689// 1692//
f 1692// 1689// 1691//
f 1696// 1697// 1199//
f 1199// 1697// 777//
f 1199// 777// 776//
f 1698// 310// 309//
f 1432// 320// 329//
f 329// 1699// 1432//
f 1432// 1699// 1698//
f 1432// 1698// 1700//
f 1700// 1698// 309//
f 1701// 28// 24//
f 452// 451// 1425//
f 24// 444// 1701//
f 1701// 444// 446//
f 1701// 446// 1425//
f 1425// 446// 454//
f 1425// 454// 452//
f 451// 450// 1425//
f 1425// 450// 449//
f 1425// 449// 448//
f 448// 447// 1425//
f 1425// 447// 5//
f 1425// 5// 4//
f 1702// 1703// 1432//
f 1432// 1703// 1704//
f 1432// 1704// 1705//
f 1705// 1706// 1432//
f 1432// 1706// 1707//
f 1432// 1707// 1395//
f 1708// 1709// 1700//
f 1700// 1709// 1710//
f 1228// 1230// 1700//
f 1700// 1230// 1333//
f 1710// 1711// 1700//
f 1700// 1711// 1712//
f 1700// 1712// 1432//
f 1432// 1712// 1713//
f 1432// 1713// 1702//
f 1333// 1344// 1700//
f 1700// 1344// 1355//
f 1700// 1355// 1708//
f 1355// 1366// 1708//
f 1708// 1366// 1374//
f 1708// 1374// 703//
f 703// 1374// 1384//
f 703// 1384// 704//
f 704// 1384// 1395//
f 704// 1395// 1714//
f 1714// 1395// 1707//
f 1715// 1716// 1701//
f 1715// 1701// 1717//
f 1718// 1719// 1425//
f 1425// 1719// 1720//
f 1425// 1720// 1701//
f 1701// 1720// 1721//
f 1701// 1721// 1717//
f 1722// 1723// 1240//
f 1240// 1723// 1724//
f 1240// 1724// 1425//
f 1425// 1724// 1725//
f 1425// 1725// 1726//
f 1726// 1727// 1425//
f 1425// 1727// 1728//
f 1425// 1728// 1718//
f 1240// 1237// 1722//
f 1722// 1237// 1701//
f 1722// 1701// 1729//
f 1729// 1701// 1716//
f 1237// 1261// 1701//
f 1701// 1261// 1272//
f 1701// 1272// 1283//
f 1283// 1294// 1701//
f 1701// 1294// 1209//
f 1701// 1209// 1208//
f 1730// 1435// 1434//
f 1731// 1732// 1733//
f 1692// 1734// 1735//
f 1735// 1734// 1736//
f 1735// 1736// 1737//
f 1738// 1732// 1739//
f 1739// 1732// 1731//
f 1739// 1731// 1735//
f 1692// 1735// 1693//
f 1693// 1735// 1740//
f 1693// 1740// 1434//
f 1733// 1730// 1731//
f 1731// 1730// 1434//
f 1731// 1434// 1741//
f 1741// 1434// 1740//
f 1737// 1742// 1735//
f 1735// 1742// 1743//
f 1735// 1743// 1744//
f 1745// 1739// 1746//
f 1746// 1739// 1735//
f 1746// 1735// 1747//
f 1747// 1735// 1744//
f 1748// 1438// 1749//
f 1749// 1438// 1429//
f 1750// 1748// 1751//
f 1751// 1748// 1749//
f 1752// 1750// 1753//
f 1753// 1750// 1751//
f 1754// 1752// 1755//
f 1755// 1752// 1753//
f 1754// 1755// 1756//
f 1754// 1756// 1757//
f 1757// 1756// 1758//
f 1757// 1758// 1759//
f 1759// 1758// 1760//
f 1759// 1760// 1761//
f 1761// 1760// 1167//
f 1761// 1167// 1165//
f 1745// 1746// 1762//
f 1762// 1746// 1763//
f 1764// 1104// 1102//
f 1127// 1128// 1765//
f 1686// 1685// 1765//
f 1765// 1685// 1764//
f 1765// 1764// 1127//
f 1127// 1764// 1102//
f 1695// 1696// 1198//
f 1198// 1696// 1199//
f 1127// 1102// 1101//
f 1127// 1101// 1130//
f 1130// 1101// 1091//
f 1130// 1091// 1131//
f 1131// 1091// 1090//
f 1131// 1090// 1132//
f 1132// 1090// 1111//
f 1132// 1111// 1134//
f 1134// 1111// 1110//
f 1134// 1110// 1135//
f 1135// 1110// 1109//
f 1135// 1109// 1136//
f 1136// 1109// 1108//
f 1136// 1108// 1137//
f 1137// 1108// 1107//
f 1137// 1107// 1112//
f 1115// 1114// 1163//
f 1115// 1163// 1149//
f 1149// 1163// 1162//
f 1149// 1162// 1150//
f 1150// 1162// 1161//
f 1150// 1161// 1145//
f 1145// 1161// 1157//
f 1145// 1157// 1143//
f 1155// 1141// 1157//
f 1157// 1141// 1143//
f 1154// 1142// 1155//
f 1155// 1142// 1141//
f 1156// 1144// 1154//
f 1154// 1144// 1142//
f 1160// 1148// 1156//
f 1156// 1148// 1144//
f 1763// 1746// 1747//
f 1763// 1747// 1766//
f 1766// 1747// 1744//
f 1766// 1744// 1767//
f 1767// 1744// 1743//
f 1767// 1743// 1768//
f 1768// 1743// 1742//
f 1768// 1742// 1769//
f 1769// 1742// 1737//
f 1769// 1737// 1770//
f 1770// 1737// 1736//
f 1770// 1736// 1771//
f 1771// 1736// 1734//
f 1771// 1734// 1772//
f 1772// 1734// 1692//
f 1772// 1692// 1691//
f 484// 1174// 1773//
f 1773// 1774// 484//
f 484// 1774// 1775//
f 484// 1775// 482//
f 482// 1775// 1687//
f 482// 1687// 480//
f 480// 1687// 478//
f 1433// 1688// 315//
f 315// 1688// 318//
f 1770// 1771// 1776//
f 1777// 1778// 1779//
f 1779// 1778// 1439//
f 1779// 1439// 1437//
f 1780// 1781// 1776//
f 1776// 1781// 1762//
f 1771// 1772// 1776//
f 1776// 1772// 1691//
f 1776// 1691// 1782//
f 1782// 1691// 1690//
f 1782// 1690// 1783//
f 1783// 1690// 1439//
f 1783// 1439// 1780//
f 1780// 1439// 1778//
f 1780// 1778// 1781//
f 1781// 1778// 1784//
f 1762// 1763// 1776//
f 1776// 1763// 1766//
f 1776// 1766// 1767//
f 1767// 1768// 1776//
f 1776// 1768// 1769//
f 1776// 1769// 1770//
f 1686// 1421// 458//
f 458// 1421// 462//
f 1697// 1696// 742//
f 742// 1696// 1695//
f 742// 1695// 743//
f 743// 1695// 1431//
f 1416// 1415// 713//
f 712// 1422// 713//
f 713// 1422// 1685//
f 713// 1685// 1416//
f 1424// 1765// 1120//
f 1120// 1765// 1128//
f 1421// 1686// 1424//
f 1424// 1686// 1765//
f 1689// 1440// 1690//
f 1690// 1440// 1439//
f 1433// 1440// 1688//
f 1688// 1440// 1689//
f 1764// 1426// 1104//
f 1104// 1426// 1096//
f 1685// 1422// 1764//
f 1764// 1422// 1426//
f 1430// 1694// 1434//
f 1434// 1694// 1693//
f 1430// 1431// 1694//
f 1694// 1431// 1695//
f 1785// 1786// 1787//
f 1750// 1752// 1748//
f 1748// 1752// 1754//
f 1788// 1436// 1787//
f 1787// 1436// 1438//
f 1787// 1438// 1785//
f 1785// 1438// 1165//
f 1785// 1165// 1164//
f 1754// 1757// 1748//
f 1748// 1757// 1759//
f 1748// 1759// 1438//
f 1438// 1759// 1761//
f 1438// 1761// 1165//
f 1428// 1789// 1790//
f 1753// 1751// 1755//
f 1755// 1751// 1749//
f 1755// 1749// 1756//
f 1790// 1791// 1792//
f 1428// 1790// 1429//
f 1429// 1790// 1792//
f 1429// 1792// 1166//
f 1166// 1167// 1429//
f 1429// 1167// 1760//
f 1429// 1760// 1749//
f 1749// 1760// 1758//
f 1749// 1758// 1756//
f 1793// 1794// 1126//
f 1126// 1794// 1129//
f 1794// 1795// 1129//
f 1129// 1795// 1133//
f 1795// 1796// 1133//
f 1133// 1796// 1121//
f 1796// 1793// 1121//
f 1121// 1793// 1126//
f 1796// 1795// 1793//
f 1793// 1795// 1794//
f 1797// 1798// 1783//
f 1783// 1798// 1782//
f 1798// 1799// 1782//
f 1782// 1799// 1776//
f 1799// 1800// 1776//
f 1776// 1800// 1780//
f 1800// 1797// 1780//
f 1780// 1797// 1783//
f 1800// 1799// 1797//
f 1797// 1799// 1798//
f 1801// 1802// 1103//
f 1103// 1802// 1092//
f 1802// 1803// 1092//
f 1092// 1803// 1098//
f 1803// 1804// 1098//
f 1098// 1804// 1105//
f 1804// 1801// 1105//
f 1105// 1801// 1103//
f 1804// 1803// 1801//
f 1801// 1803// 1802//
f 1805// 1806// 1740//
f 1740// 1806// 1741//
f 1806// 1807// 1741//
f 1741// 1807// 1731//
f 1807// 1808// 1731//
f 1731// 1808// 1735//
f 1808// 1805// 1735//
f 1735// 1805// 1740//
f 1808// 1807// 1805//
f 1805// 1807// 1806//
f 1414// 1413// 1427//
f 1427// 1413// 1412//
f 1427// 1412// 1411//
f 1411// 1410// 1427//
f 1427// 1410// 1409//
f 1427// 1409// 1408//
f 1408// 1407// 1427//
f 1427// 1407// 1406//
f 1427// 1406// 1423//
f 1423// 1406// 1405//
f 1423// 1405// 1404//
f 1404// 1403// 1423//
f 1423// 1403// 1402//
f 1423// 1402// 1401//
f 1401// 1400// 1423//
f 1423// 1400// 1399//
f 1423// 1399// 1398//
f 710// 1224// 709//
f 709// 1224// 1228//
f 709// 1228// 1809//
f 1809// 1228// 1700//
f 309// 311// 1700//
f 1700// 311// 333//
f 1700// 333// 335//
f 347// 1809// 344//
f 344// 1809// 1700//
f 344// 1700// 337//
f 337// 1700// 335//
f 1208// 1207// 708//
f 28// 1701// 30//
f 30// 1701// 32//
f 708// 707// 1208//
f 1208// 707// 1810//
f 1208// 1810// 1701//
f 1701// 1810// 62//
f 1701// 62// 60//
f 60// 45// 1701//
f 1701// 45// 49//
f 1701// 49// 32//
f 708// 1207// 1210//
f 708// 1210// 710//
f 710// 1210// 1221//
f 710// 1221// 1224//
f 1811// 331// 1812//
f 1812// 331// 322//
f 1812// 322// 1813//
f 1813// 322// 321//
f 1813// 321// 1814//
f 1814// 321// 314//
f 1814// 314// 1815//
f 1815// 314// 313//
f 1815// 313// 1816//
f 1816// 313// 328//
f 1816// 328// 1817//
f 1817// 328// 327//
f 1817// 327// 1818//
f 1818// 327// 326//
f 1818// 326// 1819//
f 1819// 326// 319//
f 1819// 319// 1820//
f 1820// 319// 317//
f 1820// 317// 1821//
f 1821// 317// 316//
f 1821// 316// 1822//
f 1822// 316// 323//
f 1822// 323// 1823//
f 1823// 323// 325//
f 330// 331// 1811//
f 1638// 361// 1811//
f 1811// 361// 338//
f 1811// 338// 336//
f 336// 334// 1811//
f 1811// 334// 332//
f 1811// 332// 330//
f 491// 1823// 489//
f 489// 1823// 325//
f 500// 779// 498//
f 498// 779// 1823//
f 491// 493// 1823//
f 1823// 493// 495//
f 1823// 495// 498//
f 1823// 779// 1824//
f 1824// 779// 775//
f 1625// 1628// 1823//
f 804// 1660// 805//
f 805// 1660// 1658//
f 805// 1658// 1656//
f 1614// 1617// 1824//
f 1824// 1617// 1620//
f 1824// 1620// 1823//
f 1823// 1620// 1622//
f 1823// 1622// 1625//
f 1628// 1631// 1823//
f 1823// 1631// 1634//
f 1823// 1634// 1638//
f 1603// 1608// 1824//
f 1824// 1608// 1611//
f 1824// 1611// 1614//
f 1656// 1654// 805//
f 805// 1654// 1597//
f 805// 1597// 1824//
f 1824// 1597// 1601//
f 1824// 1601// 1603//
f 1815// 1816// 1822//
f 1815// 1822// 1814//
f 1822// 1819// 1821//
f 1821// 1819// 1820//
f 1638// 1811// 1823//
f 1823// 1811// 1812//
f 1823// 1812// 1822//
f 1822// 1812// 1813//
f 1822// 1813// 1814//
f 1816// 1817// 1822//
f 1822// 1817// 1818//
f 1822// 1818// 1819//
f 460// 459// 1825//
f 1825// 459// 486//
f 1825// 486// 488//
f 401// 1447// 398//
f 398// 1447// 1825//
f 398// 1825// 416//
f 416// 1825// 488//
f 1826// 472// 1827//
f 1827// 472// 471//
f 1827// 471// 1828//
f 1828// 471// 469//
f 1828// 469// 1829//
f 1829// 469// 468//
f 1829// 468// 1830//
f 1830// 468// 457//
f 1830// 457// 1831//
f 1831// 457// 456//
f 1831// 456// 1832//
f 1832// 456// 467//
f 1832// 467// 1833//
f 1833// 467// 466//
f 1833// 466// 1834//
f 1834// 466// 465//
f 1834// 465// 1835//
f 1835// 465// 461//
f 1835// 461// 1836//
f 1836// 461// 463//
f 1836// 463// 1837//
f 1837// 463// 464//
f 1837// 464// 1825//
f 1825// 464// 460//
f 473// 472// 1826//
f 1173// 483// 1826//
f 1826// 483// 481//
f 1826// 481// 479//
f 479// 476// 1826//
f 1826// 476// 474//
f 1826// 474// 473//
f 1172// 1173// 1838//
f 1838// 1173// 1826//
f 1553// 1551// 803//
f 1500// 1503// 1826//
f 1826// 1503// 1506//
f 1826// 1506// 1509//
f 1825// 1447// 1500//
f 1551// 1549// 803//
f 803// 1549// 1547//
f 803// 1547// 802//
f 1526// 1838// 1523//
f 1523// 1838// 1520//
f 1509// 1512// 1826//
f 1826// 1512// 1515//
f 1826// 1515// 1838//
f 1838// 1515// 1517//
f 1838// 1517// 1520//
f 1526// 1529// 1838//
f 1838// 1529// 1452//
f 1838// 1452// 803//
f 803// 1452// 1450//
f 803// 1450// 1553//
f 1830// 1831// 1837//
f 1830// 1837// 1829//
f 1837// 1834// 1836//
f 1836// 1834// 1835//
f 1500// 1826// 1825//
f 1825// 1826// 1827//
f 1825// 1827// 1837//
f 1837// 1827// 1828//
f 1837// 1828// 1829//
f 1831// 1832// 1837//
f 1837// 1832// 1833//
f 1837// 1833// 1834//
f 784// 782// 1839//
f 1839// 782// 1661//
f 1653// 1655// 800//
f 1577// 1580// 1839//
f 1418// 1417// 1554//
f 1554// 1557// 1661//
f 1661// 1557// 1560//
f 1661// 1560// 1563//
f 1577// 1839// 1574//
f 1655// 1657// 800//
f 800// 1657// 1659//
f 800// 1659// 801//
f 1563// 1566// 1661//
f 1661// 1566// 1569//
f 1661// 1569// 1839//
f 1839// 1569// 1571//
f 1839// 1571// 1574//
f 1580// 1583// 1839//
f 1839// 1583// 1587//
f 1839// 1587// 800//
f 800// 1587// 1590//
f 800// 1590// 1653//
f 1665// 1666// 1672//
f 1665// 1672// 1664//
f 1672// 1669// 1671//
f 1671// 1669// 1670//
f 1554// 1661// 1418//
f 1418// 1661// 1662//
f 1418// 1662// 1672//
f 1672// 1662// 1663//
f 1672// 1663// 1664//
f 1666// 1667// 1672//
f 1672// 1667// 1668//
f 1672// 1668// 1669//
f 1673// 1168// 1840//
f 1840// 1168// 1182//
f 1485// 1488// 1673//
f 799// 1546// 798//
f 798// 1546// 1548//
f 798// 1548// 1550//
f 1463// 1468// 1840//
f 1840// 1468// 1471//
f 1840// 1471// 1474//
f 1488// 1491// 1673//
f 1673// 1491// 1494//
f 1673// 1494// 1420//
f 1550// 1552// 798//
f 798// 1552// 1456//
f 798// 1456// 1840//
f 1840// 1456// 1461//
f 1840// 1461// 1463//
f 1474// 1477// 1840//
f 1840// 1477// 1480//
f 1840// 1480// 1673//
f 1673// 1480// 1482//
f 1673// 1482// 1485//
f 1677// 1678// 1684//
f 1677// 1684// 1676//
f 1684// 1681// 1683//
f 1683// 1681// 1682//
f 1420// 1419// 1673//
f 1673// 1419// 1674//
f 1673// 1674// 1684//
f 1684// 1674// 1675//
f 1684// 1675// 1676//
f 1678// 1679// 1684//
f 1684// 1679// 1680//
f 1684// 1680// 1681//
f 1193// 1688// 1841//
f 1842// 1843// 1841//
f 1841// 1843// 1194//
f 1841// 1194// 1193//
f 1844// 1845// 1200//
f 1200// 1845// 1846//
f 1200// 1846// 1198//
f 1198// 1846// 1695//
f 1846// 1841// 1695//
f 1695// 1841// 1688//
f 1205// 1685// 1847//
f 1848// 1849// 1847//
f 1847// 1849// 1206//
f 1847// 1206// 1205//
f 1850// 1851// 1775//
f 1775// 1851// 1852//
f 1775// 1852// 1687//
f 1687// 1852// 1686//
f 1852// 1847// 1686//
f 1686// 1847// 1685//
f 720// 713// 1192//
f 1192// 713// 1415//
f 742// 766// 1697//
f 1697// 766// 777//
usemtl 3
f 1853// 1227// 1854//
f 1854// 1227// 1223//
f 1854// 1223// 1855//
f 1855// 1223// 1225//
f 1855// 1225// 1856//
f 1856// 1225// 1226//
f 1856// 1226// 1853//
f 1853// 1226// 1227//
f 1857// 1858// 1859//
f 1859// 1858// 1860//
f 1861// 1328// 1862//
f 1862// 1328// 1327//
f 1862// 1327// 1863//
f 1863// 1327// 1326//
f 1863// 1326// 1864//
f 1864// 1326// 1325//
f 1864// 1325// 1861//
f 1861// 1325// 1328//
f 1865// 1866// 1867//
f 1867// 1866// 1868//
f 1863// 1868// 1862//
f 1862// 1868// 1866//
f 1864// 1867// 1863//
f 1863// 1867// 1868//
f 1865// 1861// 1866//
f 1866// 1861// 1862//
f 1861// 1865// 1864//
f 1864// 1865// 1867//
f 1855// 1860// 1854//
f 1854// 1860// 1858//
f 1856// 1859// 1855//
f 1855// 1859// 1860//
f 1857// 1853// 1858//
f 1858// 1853// 1854//
f 1853// 1857// 1856//
f 1856// 1857// 1859//
f 1869// 1233// 1870//
f 1870// 1233// 1231//
f 1870// 1231// 1871//
f 1871// 1231// 1229//
f 1871// 1229// 1872//
f 1872// 1229// 1234//
f 1872// 1234// 1869//
f 1869// 1234// 1233//
f 1873// 1874// 1875//
f 1875// 1874// 1876//
f 1872// 1875// 1871//
f 1871// 1875// 1876//
f 1871// 1876// 1870//
f 1870// 1876// 1874//
f 1873// 1869// 1874//
f 1874// 1869// 1870//
f 1869// 1873// 1872//
f 1872// 1873// 1875//
f 1877// 1330// 1878//
f 1878// 1330// 1332//
f 1878// 1332// 1879//
f 1879// 1332// 1334//
f 1879// 1334// 1880//
f 1880// 1334// 1329//
f 1880// 1329// 1877//
f 1877// 1329// 1330//
f 1881// 1882// 1883//
f 1883// 1882// 1884//
f 1880// 1883// 1879//
f 1879// 1883// 1884//
f 1879// 1884// 1878//
f 1878// 1884// 1882//
f 1881// 1877// 1882//
f 1882// 1877// 1878//
f 1877// 1881// 1880//
f 1880// 1881// 1883//
f 1885// 1341// 1886//
f 1886// 1341// 1343//
f 1886// 1343// 1887//
f 1887// 1343// 1345//
f 1887// 1345// 1888//
f 1888// 1345// 1340//
f 1888// 1340// 1885//
f 1885// 1340// 1341//
f 1889// 1890// 1891//
f 1891// 1890// 1892//
f 1888// 1891// 1887//
f 1887// 1891// 1892//
f 1887// 1892// 1886//
f 1886// 1892// 1890//
f 1889// 1885// 1890//
f 1890// 1885// 1886//
f 1885// 1889// 1888//
f 1888// 1889// 1891//
f 1893// 1352// 1894//
f 1894// 1352// 1354//
f 1894// 1354// 1895//
f 1895// 1354// 1356//
f 1895// 1356// 1896//
f 1896// 1356// 1351//
f 1896// 1351// 1893//
f 1893// 1351// 1352//
f 1897// 1898// 1899//
f 1899// 1898// 1900//
f 1896// 1899// 1895//
f 1895// 1899// 1900//
f 1895// 1900// 1894//
f 1894// 1900// 1898//
f 1897// 1893// 1898//
f 1898// 1893// 1894//
f 1893// 1897// 1896//
f 1896// 1897// 1899//
f 1901// 1363// 1902//
f 1902// 1363// 1365//
f 1902// 1365// 1903//
f 1903// 1365// 1367//
f 1903// 1367// 1904//
f 1904// 1367// 1362//
f 1904// 1362// 1901//
f 1901// 1362// 1363//
f 1905// 1906// 1907//
f 1907// 1906// 1908//
f 1904// 1907// 1903//
f 1903// 1907// 1908//
f 1903// 1908// 1902//
f 1902// 1908// 1906//
f 1905// 1901// 1906//
f 1906// 1901// 1902//
f 1901// 1905// 1904//
f 1904// 1905// 1907//
f 1909// 1377// 1910//
f 1910// 1377// 1373//
f 1910// 1373// 1911//
f 1911// 1373// 1375//
f 1911// 1375// 1912//
f 1912// 1375// 1376//
f 1912// 1376// 1909//
f 1909// 1376// 1377//
f 1913// 1914// 1915//
f 1915// 1914// 1916//
f 1912// 1915// 1911//
f 1911// 1915// 1916//
f 1911// 1916// 1910//
f 1910// 1916// 1914//
f 1913// 1909// 1914//
f 1914// 1909// 1910//
f 1909// 1913// 1912//
f 1912// 1913// 1915//
f 1917// 1387// 1918//
f 1918// 1387// 1386//
f 1918// 1386// 1919//
f 1919// 1386// 1385//
f 1919// 1385// 1920//
f 1920// 1385// 1389//
f 1920// 1389// 1917//
f 1917// 1389// 1387//
f 1921// 1922// 1923//
f 1923// 1922// 1924//
f 1920// 1923// 1919//
f 1919// 1923// 1924//
f 1919// 1924// 1918//
f 1918// 1924// 1922//
f 1921// 1917// 1922//
f 1922// 1917// 1918//
f 1917// 1921// 1920//
f 1920// 1921// 1923//
f 1925// 1218// 1926//
f 1926// 1218// 1220//
f 1926// 1220// 1927//
f 1927// 1220// 1222//
f 1927// 1222// 1928//
f 1928// 1222// 1217//
f 1928// 1217// 1925//
f 1925// 1217// 1218//
f 1929// 1930// 1931//
f 1931// 1930// 1932//
f 1928// 1931// 1927//
f 1927// 1931// 1932//
f 1927// 1932// 1926//
f 1926// 1932// 1930//
f 1929// 1925// 1930//
f 1930// 1925// 1926//
f 1925// 1929// 1928//
f 1928// 1929// 1931//
f 1933// 1214// 1934//
f 1934// 1214// 1216//
f 1934// 1216// 1935//
f 1935// 1216// 1211//
f 1935// 1211// 1936//
f 1936// 1211// 1212//
f 1936// 1212// 1933//
f 1933// 1212// 1214//
f 1937// 1938// 1939//
f 1939// 1938// 1940//
f 1936// 1939// 1935//
f 1935// 1939// 1940//
f 1935// 1940// 1934//
f 1934// 1940// 1938//
f 1937// 1933// 1938//
f 1938// 1933// 1934//
f 1933// 1937// 1936//
f 1936// 1937// 1939//
f 1941// 1302// 1942//
f 1942// 1302// 1303//
f 1942// 1303// 1943//
f 1943// 1303// 1304//
f 1943// 1304// 1944//
f 1944// 1304// 1301//
f 1944// 1301// 1941//
f 1941// 1301// 1302//
f 1945// 1946// 1947//
f 1947// 1946// 1948//
f 1944// 1947// 1943//
f 1943// 1947// 1948//
f 1943// 1948// 1942//
f 1942// 1948// 1946//
f 1945// 1941// 1946//
f 1946// 1941// 1942//
f 1941// 1945// 1944//
f 1944// 1945// 1947//
f 1949// 1291// 1950//
f 1950// 1291// 1293//
f 1950// 1293// 1951//
f 1951// 1293// 1295//
f 1951// 1295// 1952//
f 1952// 1295// 1290//
f 1952// 1290// 1949//
f 1949// 1290// 1291//
f 1953// 1954// 1955//
f 1955// 1954// 1956//
f 1952// 1955// 1951//
f 1951// 1955// 1956//
f 1951// 1956// 1950//
f 1950// 1956// 1954//
f 1953// 1949// 1954//
f 1954// 1949// 1950//
f 1949// 1953// 1952//
f 1952// 1953// 1955//
f 1957// 1280// 1958//
f 1958// 1280// 1282//
f 1958// 1282// 1959//
f 1959// 1282// 1284//
f 1959// 1284// 1960//
f 1960// 1284// 1279//
f 1960// 1279// 1957//
f 1957// 1279// 1280//
f 1961// 1962// 1963//
f 1963// 1962// 1964//
f 1960// 1963// 1959//
f 1959// 1963// 1964//
f 1959// 1964// 1958//
f 1958// 1964// 1962//
f 1961// 1957// 1962//
f 1962// 1957// 1958//
f 1957// 1961// 1960//
f 1960// 1961// 1963//
f 1965// 1269// 1966//
f 1966// 1269// 1271//
f 1966// 1271// 1967//
f 1967// 1271// 1273//
f 1967// 1273// 1968//
f 1968// 1273// 1268//
f 1968// 1268// 1965//
f 1965// 1268// 1269//
f 1969// 1970// 1971//
f 1971// 1970// 1972//
f 1968// 1971// 1967//
f 1967// 1971// 1972//
f 1967// 1972// 1966//
f 1966// 1972// 1970//
f 1969// 1965// 1970//
f 1970// 1965// 1966//
f 1965// 1969// 1968//
f 1968// 1969// 1971//
f 1973// 1258// 1974//
f 1974// 1258// 1260//
f 1974// 1260// 1975//
f 1975// 1260// 1262//
f 1975// 1262// 1976//
f 1976// 1262// 1257//
f 1976// 1257// 1973//
f 1973// 1257// 1258//
f 1977// 1978// 1979//
f 1979// 1978// 1980//
f 1976// 1979// 1975//
f 1975// 1979// 1980//
f 1975// 1980// 1974//
f 1974// 1980// 1978//
f 1977// 1973// 1978//
f 1978// 1973// 1974//
f 1973// 1977// 1976//
f 1976// 1977// 1979//
f 1981// 1244// 1982//
f 1982// 1244// 1236//
f 1982// 1236// 1983//
f 1983// 1236// 1235//
f 1983// 1235// 1984//
f 1984// 1235// 1245//
f 1984// 1245// 1981//
f 1981// 1245// 1244//
f 1985// 1986// 1987//
f 1987// 1986// 1988//
f 1984// 1987// 1983//
f 1983// 1987// 1988//
f 1983// 1988// 1982//
f 1982// 1988// 1986//
f 1985// 1981// 1986//
f 1986// 1981// 1982//
f 1981// 1985// 1984//
f 1984// 1985// 1987//
f 1989// 1246// 1990//
f 1990// 1246// 1242//
f 1990// 1242// 1991//
f 1991// 1242// 1241//
f 1991// 1241// 1992//
f 1992// 1241// 1239//
f 1992// 1239// 1989//
f 1989// 1239// 1246//
f 1993// 1994// 1995//
f 1995// 1994// 1996//
f 1992// 1995// 1991//
f 1991// 1995// 1996//
f 1991// 1996// 1990//
f 1990// 1996// 1994//
f 1993// 1989// 1994//
f 1994// 1989// 1990//
f 1989// 1993// 1992//
f 1992// 1993// 1995//
f 1997// 1320// 1998//
f 1998// 1320// 1322//
f 1998// 1322// 1999//
f 1999// 1322// 1324//
f 1999// 1324// 2000//
f 2000// 1324// 1321//
f 2000// 1321// 1997//
f 1997// 1321// 1320//
f 2001// 2002// 2003//
f 2003// 2002// 2004//
f 2000// 2003// 1999//
f 1999// 2003// 2004//
f 1999// 2004// 1998//
f 1998// 2004// 2002//
f 2001// 1997// 2002//
f 2002// 1997// 1998//
f 1997// 2001// 2000//
f 2000// 2001// 2003//
f 2005// 1339// 2006//
f 2006// 1339// 1335//
f 2006// 1335// 2007//
f 2007// 1335// 1336//
f 2007// 1336// 2008//
f 2008// 1336// 1338//
f 2008// 1338// 2005//
f 2005// 1338// 1339//
f 2009// 2010// 2011//
f 2011// 2010// 2012//
f 2008// 2011// 2007//
f 2007// 2011// 2012//
f 2007// 2012// 2006//
f 2006// 2012// 2010//
f 2009// 2005// 2010//
f 2010// 2005// 2006//
f 2005// 2009// 2008//
f 2008// 2009// 2011//
f 2013// 1350// 2014//
f 2014// 1350// 1346//
f 2014// 1346// 2015//
f 2015// 1346// 1347//
f 2015// 1347// 2016//
f 2016// 1347// 1349//
f 2016// 1349// 2013//
f 2013// 1349// 1350//
f 2017// 2018// 2019//
f 2019// 2018// 2020//
f 2016// 2019// 2015//
f 2015// 2019// 2020//
f 2015// 2020// 2014//
f 2014// 2020// 2018//
f 2017// 2013// 2018//
f 2018// 2013// 2014//
f 2013// 2017// 2016//
f 2016// 2017// 2019//
f 2021// 1361// 2022//
f 2022// 1361// 1357//
f 2022// 1357// 2023//
f 2023// 1357// 1358//
f 2023// 1358// 2024//
f 2024// 1358// 1360//
f 2024// 1360// 2021//
f 2021// 1360// 1361//
f 2025// 2026// 2027//
f 2027// 2026// 2028//
f 2024// 2027// 2023//
f 2023// 2027// 2028//
f 2023// 2028// 2022//
f 2022// 2028// 2026//
f 2025// 2021// 2026//
f 2026// 2021// 2022//
f 2021// 2025// 2024//
f 2024// 2025// 2027//
f 2029// 1372// 2030//
f 2030// 1372// 1368//
f 2030// 1368// 2031//
f 2031// 1368// 1369//
f 2031// 1369// 2032//
f 2032// 1369// 1371//
f 2032// 1371// 2029//
f 2029// 1371// 1372//
f 2033// 2034// 2035//
f 2035// 2034// 2036//
f 2032// 2035// 2031//
f 2031// 2035// 2036//
f 2031// 2036// 2030//
f 2030// 2036// 2034//
f 2033// 2029// 2034//
f 2034// 2029// 2030//
f 2029// 2033// 2032//
f 2032// 2033// 2035//
f 2037// 1383// 2038//
f 2038// 1383// 1379//
f 2038// 1379// 2039//
f 2039// 1379// 1380//
f 2039// 1380// 2040//
f 2040// 1380// 1382//
f 2040// 1382// 2037//
f 2037// 1382// 1383//
f 2041// 2042// 2043//
f 2043// 2042// 2044//
f 2040// 2043// 2039//
f 2039// 2043// 2044//
f 2039// 2044// 2038//
f 2038// 2044// 2042//
f 2041// 2037// 2042//
f 2042// 2037// 2038//
f 2037// 2041// 2040//
f 2040// 2041// 2043//
f 2045// 1390// 2046//
f 2046// 1390// 1391//
f 2046// 1391// 2047//
f 2047// 1391// 1392//
f 2047// 1392// 2048//
f 2048// 1392// 1394//
f 2048// 1394// 2045//
f 2045// 1394// 1390//
f 2049// 2050// 2051//
f 2051// 2050// 2052//
f 2048// 2051// 2047//
f 2047// 2051// 2052//
f 2047// 2052// 2046//
f 2046// 2052// 2050//
f 2049// 2045// 2050//
f 2050// 2045// 2046//
f 2045// 2049// 2048//
f 2048// 2049// 2051//
f 2053// 1319// 2054//
f 2054// 1319// 1315//
f 2054// 1315// 2055//
f 2055// 1315// 1316//
f 2055// 1316// 2056//
f 2056// 1316// 1318//
f 2056// 1318// 2053//
f 2053// 1318// 1319//
f 2057// 2058// 2059//
f 2059// 2058// 2060//
f 2056// 2059// 2055//
f 2055// 2059// 2060//
f 2055// 2060// 2054//
f 2054// 2060// 2058//
f 2057// 2053// 2058//
f 2058// 2053// 2054//
f 2053// 2057// 2056//
f 2056// 2057// 2059//
f 2061// 1314// 2062//
f 2062// 1314// 1310//
f 2062// 1310// 2063//
f 2063// 1310// 1311//
f 2063// 1311// 2064//
f 2064// 1311// 1313//
f 2064// 1313// 2061//
f 2061// 1313// 1314//
f 2065// 2066// 2067//
f 2067// 2066// 2068//
f 2064// 2067// 2063//
f 2063// 2067// 2068//
f 2063// 2068// 2062//
f 2062// 2068// 2066//
f 2065// 2061// 2066//
f 2066// 2061// 2062//
f 2061// 2065// 2064//
f 2064// 2065// 2067//
f 2069// 1309// 2070//
f 2070// 1309// 1305//
f 2070// 1305// 2071//
f 2071// 1305// 1306//
f 2071// 1306// 2072//
f 2072// 1306// 1308//
f 2072// 1308// 2069//
f 2069// 1308// 1309//
f 2073// 2074// 2075//
f 2075// 2074// 2076//
f 2072// 2075// 2071//
f 2071// 2075// 2076//
f 2071// 2076// 2070//
f 2070// 2076// 2074//
f 2073// 2069// 2074//
f 2074// 2069// 2070//
f 2069// 2073// 2072//
f 2072// 2073// 2075//
f 2077// 1300// 2078//
f 2078// 1300// 1296//
f 2078// 1296// 2079//
f 2079// 1296// 1297//
f 2079// 1297// 2080//
f 2080// 1297// 1299//
f 2080// 1299// 2077//
f 2077// 1299// 1300//
f 2081// 2082// 2083//
f 2083// 2082// 2084//
f 2080// 2083// 2079//
f 2079// 2083// 2084//
f 2079// 2084// 2078//
f 2078// 2084// 2082//
f 2081// 2077// 2082//
f 2082// 2077// 2078//
f 2077// 2081// 2080//
f 2080// 2081// 2083//
f 2085// 1289// 2086//
f 2086// 1289// 1285//
f 2086// 1285// 2087//
f 2087// 1285// 1286//
f 2087// 1286// 2088//
f 2088// 1286// 1288//
f 2088// 1288// 2085//
f 2085// 1288// 1289//
f 2089// 2090// 2091//
f 2091// 2090// 2092//
f 2088// 2091// 2087//
f 2087// 2091// 2092//
f 2087// 2092// 2086//
f 2086// 2092// 2090//
f 2089// 2085// 2090//
f 2090// 2085// 2086//
f 2085// 2089// 2088//
f 2088// 2089// 2091//
f 2093// 1278// 2094//
f 2094// 1278// 1274//
f 2094// 1274// 2095//
f 2095// 1274// 1275//
f 2095// 1275// 2096//
f 2096// 1275// 1277//
f 2096// 1277// 2093//
f 2093// 1277// 1278//
f 2097// 2098// 2099//
f 2099// 2098// 2100//
f 2096// 2099// 2095//
f 2095// 2099// 2100//
f 2095// 2100// 2094//
f 2094// 2100// 2098//
f 2097// 2093// 2098//
f 2098// 2093// 2094//
f 2093// 2097// 2096//
f 2096// 2097// 2099//
f 2101// 1267// 2102//
f 2102// 1267// 1263//
f 2102// 1263// 2103//
f 2103// 1263// 1264//
f 2103// 1264// 2104//
f 2104// 1264// 1266//
f 2104// 1266// 2101//
f 2101// 1266// 1267//
f 2105// 2106// 2107//
f 2107// 2106// 2108//
f 2104// 2107// 2103//
f 2103// 2107// 2108//
f 2103// 2108// 2102//
f 2102// 2108// 2106//
f 2105// 2101// 2106//
f 2106// 2101// 2102//
f 2101// 2105// 2104//
f 2104// 2105// 2107//
f 2109// 1247// 2110//
f 2110// 1247// 1251//
f 2110// 1251// 2111//
f 2111// 1251// 1250//
f 2111// 1250// 2112//
f 2112// 1250// 1248//
f 2112// 1248// 2109//
f 2109// 1248// 1247//
f 2113// 2114// 2115//
f 2115// 2114// 2116//
f 2112// 2115// 2111//
f 2111// 2115// 2116//
f 2111// 2116// 2110//
f 2110// 2116// 2114//
f 2113// 2109// 2114//
f 2114// 2109// 2110//
f 2109// 2113// 2112//
f 2112// 2113// 2115//
f 2117// 1253// 2118//
f 2118// 1253// 1252//
f 2118// 1252// 2119//
f 2119// 1252// 1256//
f 2119// 1256// 2120//
f 2120// 1256// 1254//
f 2120// 1254// 2117//
f 2117// 1254// 1253//
f 2121// 2122// 2123//
f 2123// 2122// 2124//
f 2120// 2123// 2119//
f 2119// 2123// 2124//
f 2119// 2124// 2118//
f 2118// 2124// 2122//
f 2121// 2117// 2122//
f 2122// 2117// 2118//
f 2117// 2121// 2120//
f 2120// 2121// 2123//
usemtl 1
f 1848// 1851// 1849//
f 1849// 1851// 1850//
f 1849// 1850// 2125//
f 2125// 1850// 2126//
f 1171// 1187// 2127//
f 2127// 1187// 2126//
f 2127// 2126// 2128//
f 2128// 2126// 1850//
f 1850// 1775// 2128//
f 2128// 1775// 1774//
f 2128// 1774// 2127//
f 2127// 1774// 1773//
f 2127// 1773// 1171//
f 1171// 1773// 1174//
f 1187// 1190// 2126//
f 2126// 1190// 1202//
f 2126// 1202// 2125//
f 2125// 1202// 1203//
f 2125// 1203// 1849//
f 1849// 1203// 1206//
f 1848// 1847// 1851//
f 1851// 1847// 1852//
f 1842// 1845// 1843//
f 1843// 1845// 1844//
f 783// 781// 2129//
f 2129// 781// 2130//
f 1844// 2131// 1843//
f 1843// 2131// 2129//
f 1843// 2129// 2132//
f 2132// 2129// 2130//
f 1844// 1200// 2131//
f 2131// 1200// 1201//
f 2131// 1201// 2129//
f 2129// 1201// 1197//
f 2129// 1197// 783//
f 783// 1197// 778//
f 781// 780// 2130//
f 2130// 780// 1196//
f 2130// 1196// 2132//
f 2132// 1196// 1195//
f 2132// 1195// 1843//
f 1843// 1195// 1194//
f 1845// 1842// 1846//
f 1846// 1842// 1841//
f 1166// 1792// 1164//
f 1164// 1792// 1785//
f 1792// 1791// 1785//
f 1785// 1791// 1786//
f 1791// 1790// 1786//
f 1786// 1790// 1787//
f 1790// 1789// 1787//
f 1787// 1789// 1788//
f 1789// 1428// 1788//
f 1788// 1428// 1436//
f 1779// 1437// 1730//
f 1730// 1437// 1435//
f 1777// 1779// 1733//
f 1733// 1779// 1730//
f 1778// 1777// 1732//
f 1732// 1777// 1733//
f 1784// 1778// 1738//
f 1738// 1778// 1732//
f 1781// 1784// 1739//
f 1739// 1784// 1738//
f 1762// 1781// 1745//
f 1745// 1781// 1739//
f 1159// 1158// 1138//
f 1138// 1158// 1139//
f 1158// 1153// 1139//
f 1139// 1153// 1140//
f 1153// 1152// 1140//
f 1140// 1152// 1146//
f 1152// 1151// 1146//
f 1146// 1151// 1147//
f 1151// 1116// 1147//
f 1147// 1116// 1117//
f 1113// 1100// 1125//
f 1125// 1100// 1099//
f 1125// 1099// 1124//
f 1124// 1099// 1106//
f 1124// 1106// 1122//
f 1122// 1106// 1094//
f 1122// 1094// 1123//
f 1123// 1094// 1093//
f 1123// 1093// 1118//
f 1118// 1093// 1095//
f 1119// 1118// 1097//
f 1097// 1118// 1095//
f 1650// 1649// 2133//
f 2134// 774// 773//
f 1605// 1600// 2135//
f 2136// 1575// 1573//
f 1573// 1572// 2136//
f 2136// 1572// 1570//
f 2136// 1570// 2137//
f 2137// 1570// 1568//
f 2137// 1568// 1567//
f 1581// 2138// 1582//
f 1582// 2138// 2139//
f 1582// 2139// 1584//
f 1584// 2139// 1585//
f 1581// 1579// 2138//
f 2138// 1579// 1578//
f 2138// 1578// 2136//
f 2136// 1578// 1576//
f 2136// 1576// 1575//
f 1585// 2139// 1586//
f 1586// 2139// 2140//
f 1586// 2140// 1592//
f 1592// 2140// 1593//
f 1593// 2140// 2141//
f 1593// 2141// 1594//
f 1594// 2141// 1591//
f 1591// 2141// 2142//
f 1591// 2142// 1588//
f 1588// 2142// 1589//
f 1589// 2142// 2143//
f 1589// 2143// 1595//
f 1595// 2143// 1596//
f 1596// 2143// 2144//
f 1596// 2144// 1598//
f 2135// 1600// 2144//
f 2144// 1600// 1599//
f 2144// 1599// 1598//
f 1605// 2135// 1604//
f 1604// 2135// 2145//
f 1604// 2145// 1602//
f 1602// 2145// 2146//
f 1602// 2146// 1606//
f 1612// 1610// 2147//
f 2147// 1610// 1609//
f 2147// 1609// 2146//
f 2146// 1609// 1607//
f 2146// 1607// 1606//
f 1626// 1624// 2148//
f 2148// 1624// 1623//
f 2148// 1623// 1621//
f 1619// 1618// 2134//
f 1618// 1616// 2134//
f 2134// 1616// 1615//
f 2134// 1615// 2147//
f 2147// 1615// 1613//
f 2147// 1613// 1612//
f 1632// 2149// 1633//
f 1633// 2149// 2150//
f 1633// 2150// 1635//
f 1635// 2150// 1636//
f 1632// 1630// 2149//
f 2149// 1630// 1629//
f 2149// 1629// 2148//
f 2148// 1629// 1627//
f 2148// 1627// 1626//
f 1636// 2150// 1637//
f 1637// 2150// 2151//
f 1637// 2151// 1639//
f 1639// 2151// 1640//
f 1640// 2151// 2152//
f 1640// 2152// 1644//
f 1644// 2152// 1643//
f 1643// 2152// 2153//
f 1643// 2153// 1641//
f 1641// 2153// 1642//
f 1642// 2153// 2154//
f 1642// 2154// 1647//
f 1647// 2154// 1646//
f 1646// 2154// 2155//
f 1646// 2155// 1645//
f 2133// 1649// 2155//
f 2155// 1649// 1648//
f 2155// 1648// 1645//
f 1650// 2133// 1651//
f 1651// 2133// 2156//
f 1651// 2156// 1652//
f 1652// 2156// 2157//
f 1652// 2157// 1555//
f 1567// 1565// 2137//
f 2137// 1565// 1564//
f 2137// 1564// 2158//
f 2158// 1564// 1562//
f 2158// 1562// 1561//
f 1561// 1559// 2158//
f 2158// 1559// 1558//
f 2158// 1558// 2157//
f 2157// 1558// 1556//
f 2157// 1556// 1555//
f 785// 2136// 786//
f 786// 2136// 2137//
f 786// 2137// 792//
f 792// 2137// 2159//
f 792// 2159// 793//
f 793// 2159// 2160//
f 793// 2160// 794//
f 794// 2160// 2161//
f 794// 2161// 795//
f 795// 2161// 2162//
f 795// 2162// 796//
f 796// 2162// 2163//
f 796// 2163// 797//
f 797// 2163// 2164//
f 797// 2164// 787//
f 787// 2164// 2165//
f 787// 2165// 788//
f 788// 2165// 2166//
f 788// 2166// 789//
f 789// 2166// 2167//
f 789// 2167// 790//
f 790// 2167// 2168//
f 790// 2168// 791//
f 791// 2168// 2169//
f 791// 2169// 773//
f 773// 2169// 2148//
f 773// 2148// 2134//
f 2134// 2148// 1621//
f 2134// 1621// 1619//
f 2160// 2159// 2170//
f 2170// 2159// 2137//
f 2170// 2137// 2158//
f 2163// 2162// 2170//
f 2170// 2162// 2161//
f 2170// 2161// 2160//
f 2166// 2165// 2170//
f 2170// 2165// 2164//
f 2170// 2164// 2163//
f 2169// 2168// 2170//
f 2170// 2168// 2167//
f 2170// 2167// 2166//
f 2150// 2149// 2170//
f 2170// 2149// 2148//
f 2170// 2148// 2169//
f 2153// 2152// 2170//
f 2170// 2152// 2151//
f 2170// 2151// 2150//
f 2133// 2155// 2170//
f 2170// 2155// 2154//
f 2170// 2154// 2153//
f 2158// 2157// 2170//
f 2170// 2157// 2156//
f 2170// 2156// 2133//
f 1465// 1460// 2171//
f 1543// 1542// 2172//
f 2173// 1184// 1183//
f 1486// 1484// 2174//
f 2174// 1484// 1483//
f 2174// 1483// 1481//
f 1479// 1478// 2173//
f 1492// 2175// 1493//
f 1493// 2175// 2176//
f 1493// 2176// 1495//
f 1495// 2176// 1496//
f 1492// 1490// 2175//
f 2175// 1490// 1489//
f 2175// 1489// 2174//
f 2174// 1489// 1487//
f 2174// 1487// 1486//
f 1496// 2176// 1497//
f 1497// 2176// 2177//
f 1497// 2177// 1498//
f 1498// 2177// 1499//
f 1499// 2177// 2178//
f 1499// 2178// 1537//
f 1537// 2178// 1536//
f 1536// 2178// 2179//
f 1536// 2179// 1534//
f 1534// 2179// 1535//
f 1535// 2179// 2180//
f 1535// 2180// 1538//
f 1538// 2180// 1539//
f 1539// 2180// 2181//
f 1539// 2181// 1540//
f 2172// 1542// 2181//
f 2181// 1542// 1541//
f 2181// 1541// 1540//
f 1543// 2172// 1544//
f 1544// 2172// 2182//
f 1544// 2182// 1545//
f 1545// 2182// 2183//
f 1545// 2183// 1501//
f 1507// 1505// 2184//
f 2184// 1505// 1504//
f 2184// 1504// 2183//
f 2183// 1504// 1502//
f 2183// 1502// 1501//
f 2185// 1521// 1519//
f 1519// 1518// 2185//
f 2185// 1518// 1516//
f 2185// 1516// 2186//
f 2186// 1516// 1514//
f 2186// 1514// 1513//
f 1513// 1511// 2186//
f 2186// 1511// 1510//
f 2186// 1510// 2184//
f 2184// 1510// 1508//
f 2184// 1508// 1507//
f 1527// 2187// 1528//
f 1528// 2187// 2188//
f 1528// 2188// 1530//
f 1530// 2188// 1531//
f 1527// 1525// 2187//
f 2187// 1525// 1524//
f 2187// 1524// 2185//
f 2185// 1524// 1522//
f 2185// 1522// 1521//
f 1531// 2188// 1532//
f 1532// 2188// 2189//
f 1532// 2189// 1533//
f 1533// 2189// 1453//
f 1453// 2189// 2190//
f 1453// 2190// 1454//
f 1454// 2190// 1451//
f 1451// 2190// 2191//
f 1451// 2191// 1448//
f 1448// 2191// 1449//
f 1449// 2191// 2192//
f 1449// 2192// 1458//
f 1458// 2192// 1457//
f 1457// 2192// 2193//
f 1457// 2193// 1455//
f 2171// 1460// 2193//
f 2193// 1460// 1459//
f 2193// 1459// 1455//
f 1465// 2171// 1464//
f 1464// 2171// 2194//
f 1464// 2194// 1462//
f 1462// 2194// 2195//
f 1462// 2195// 1466//
f 1478// 1476// 2173//
f 2173// 1476// 1475//
f 2173// 1475// 2196//
f 2196// 1475// 1473//
f 2196// 1473// 1472//
f 1472// 1470// 2196//
f 2196// 1470// 1469//
f 2196// 1469// 2195//
f 2195// 1469// 1467//
f 2195// 1467// 1466//
f 1175// 2185// 1176//
f 1176// 2185// 2186//
f 1176// 2186// 1177//
f 1177// 2186// 2197//
f 1177// 2197// 1178//
f 1178// 2197// 2198//
f 1178// 2198// 1169//
f 1169// 2198// 2199//
f 1169// 2199// 1170//
f 1170// 2199// 2200//
f 1170// 2200// 1185//
f 1185// 2200// 2201//
f 1185// 2201// 1186//
f 1186// 2201// 2202//
f 1186// 2202// 1188//
f 1188// 2202// 2203//
f 1188// 2203// 1189//
f 1189// 2203// 2204//
f 1189// 2204// 1179//
f 1179// 2204// 2205//
f 1179// 2205// 1180//
f 1180// 2205// 2206//
f 1180// 2206// 1181//
f 1181// 2206// 2207//
f 1181// 2207// 1183//
f 1183// 2207// 2174//
f 1183// 2174// 2173//
f 2173// 2174// 1481//
f 2173// 1481// 1479//
f 2198// 2197// 2208//
f 2208// 2197// 2186//
f 2208// 2186// 2184//
f 2201// 2200// 2208//
f 2208// 2200// 2199//
f 2208// 2199// 2198//
f 2204// 2203// 2208//
f 2208// 2203// 2202//
f 2208// 2202// 2201//
f 2207// 2206// 2208//
f 2208// 2206// 2205//
f 2208// 2205// 2204//
f 2176// 2175// 2208//
f 2208// 2175// 2174//
f 2208// 2174// 2207//
f 2179// 2178// 2208//
f 2208// 2178// 2177//
f 2208// 2177// 2176//
f 2172// 2181// 2208//
f 2208// 2181// 2180//
f 2208// 2180// 2179//
f 2184// 2183// 2208//
f 2208// 2183// 2182//
f 2208// 2182// 2172//
f 715// 714// 806//
f 806// 808// 746//
f 746// 808// 747//
f 1089// 806// 1088//
f 1088// 806// 746//
f 1088// 746// 2209//
f 2209// 746// 2210//
f 1082// 2211// 2212//
f 2212// 715// 1082//
f 1082// 715// 806//
f 1082// 806// 1083//
f 1083// 806// 1089//
f 1083// 1089// 2213//
f 2213// 1089// 2214//
f 2213// 1446// 1083//
f 1083// 1446// 1085//
f 1445// 2214// 1087//
f 1087// 2214// 1089//
f 2214// 1445// 2213//
f 2213// 1445// 1446//
f 2209// 1443// 1088//
f 1088// 1443// 1086//
f 1444// 2210// 745//
f 745// 2210// 746//
f 2210// 1444// 2209//
f 2209// 1444// 1443//
f 2212// 1442// 715//
f 715// 1442// 716//
f 1441// 2211// 1084//
f 1084// 2211// 1082//
f 2211// 1441// 2212//
f 2212// 1441// 1442//
usemtl 3
f 2215// 1078// 2216//
f 2216// 1078// 1079//
f 2217// 2218// 2219//
f 2219// 2218// 2220//
f 2221// 1077// 2222//
f 2222// 1077// 1075//
f 2222// 1075// 2215//
f 2215// 1075// 1078//
f 2216// 1079// 2221//
f 2221// 1079// 1077//
f 2223// 1074// 2224//
f 2224// 1074// 1076//
f 2225// 2226// 2227//
f 2227// 2226// 2228//
f 2229// 1081// 2230//
f 2230// 1081// 1080//
f 2230// 1080// 2223//
f 2223// 1080// 1074//
f 2224// 1076// 2229//
f 2229// 1076// 1081//
f 2230// 2228// 2229//
f 2229// 2228// 2226//
f 2223// 2227// 2230//
f 2230// 2227// 2228//
f 2225// 2224// 2226//
f 2226// 2224// 2229//
f 2224// 2225// 2223//
f 2223// 2225// 2227//
f 2222// 2220// 2221//
f 2221// 2220// 2218//
f 2215// 2219// 2222//
f 2222// 2219// 2220//
f 2217// 2216// 2218//
f 2218// 2216// 2221//
f 2216// 2217// 2215//
f 2215// 2217// 2219//
f 2231// 1070// 2232//
f 2232// 1070// 1071//
f 2233// 2234// 2235//
f 2235// 2234// 2236//
f 2237// 1069// 2238//
f 2238// 1069// 1067//
f 2238// 1067// 2231//
f 2231// 1067// 1070//
f 2232// 1071// 2237//
f 2237// 1071// 1069//
f 2239// 1062// 2240//
f 2240// 1062// 1063//
f 2241// 2242// 2243//
f 2243// 2242// 2244//
f 2245// 1061// 2246//
f 2246// 1061// 1059//
f 2246// 1059// 2239//
f 2239// 1059// 1062//
f 2240// 1063// 2245//
f 2245// 1063// 1061//
f 2247// 1054// 2248//
f 2248// 1054// 1055//
f 2249// 2250// 2251//
f 2251// 2250// 2252//
f 2253// 1053// 2254//
f 2254// 1053// 1051//
f 2254// 1051// 2247//
f 2247// 1051// 1054//
f 2248// 1055// 2253//
f 2253// 1055// 1053//
f 2255// 1046// 2256//
f 2256// 1046// 1047//
f 2257// 2258// 2259//
f 2259// 2258// 2260//
f 2261// 1045// 2262//
f 2262// 1045// 1043//
f 2262// 1043// 2255//
f 2255// 1043// 1046//
f 2256// 1047// 2261//
f 2261// 1047// 1045//
f 2263// 1038// 2264//
f 2264// 1038// 1039//
f 2265// 2266// 2267//
f 2267// 2266// 2268//
f 2269// 1037// 2270//
f 2270// 1037// 1035//
f 2270// 1035// 2263//
f 2263// 1035// 1038//
f 2264// 1039// 2269//
f 2269// 1039// 1037//
f 2271// 1030// 2272//
f 2272// 1030// 1031//
f 2273// 2274// 2275//
f 2275// 2274// 2276//
f 2277// 1029// 2278//
f 2278// 1029// 1027//
f 2278// 1027// 2271//
f 2271// 1027// 1030//
f 2272// 1031// 2277//
f 2277// 1031// 1029//
f 2279// 1022// 2280//
f 2280// 1022// 1023//
f 2281// 2282// 2283//
f 2283// 2282// 2284//
f 2285// 1021// 2286//
f 2286// 1021// 1019//
f 2286// 1019// 2279//
f 2279// 1019// 1022//
f 2280// 1023// 2285//
f 2285// 1023// 1021//
f 2287// 1014// 2288//
f 2288// 1014// 1015//
f 2289// 2290// 2291//
f 2291// 2290// 2292//
f 2293// 1013// 2294//
f 2294// 1013// 1011//
f 2294// 1011// 2287//
f 2287// 1011// 1014//
f 2288// 1015// 2293//
f 2293// 1015// 1013//
f 2295// 1006// 2296//
f 2296// 1006// 1007//
f 2297// 2298// 2299//
f 2299// 2298// 2300//
f 2301// 1005// 2302//
f 2302// 1005// 1003//
f 2302// 1003// 2295//
f 2295// 1003// 1006//
f 2296// 1007// 2301//
f 2301// 1007// 1005//
f 2303// 998// 2304//
f 2304// 998// 999//
f 2305// 2306// 2307//
f 2307// 2306// 2308//
f 2309// 997// 2310//
f 2310// 997// 995//
f 2310// 995// 2303//
f 2303// 995// 998//
f 2304// 999// 2309//
f 2309// 999// 997//
f 2311// 990// 2312//
f 2312// 990// 991//
f 2313// 2314// 2315//
f 2315// 2314// 2316//
f 2317// 989// 2318//
f 2318// 989// 987//
f 2318// 987// 2311//
f 2311// 987// 990//
f 2312// 991// 2317//
f 2317// 991// 989//
f 2319// 982// 2320//
f 2320// 982// 983//
f 2321// 2322// 2323//
f 2323// 2322// 2324//
f 2325// 981// 2326//
f 2326// 981// 979//
f 2326// 979// 2319//
f 2319// 979// 982//
f 2320// 983// 2325//
f 2325// 983// 981//
f 2327// 974// 2328//
f 2328// 974// 975//
f 2329// 2330// 2331//
f 2331// 2330// 2332//
f 2333// 973// 2334//
f 2334// 973// 971//
f 2334// 971// 2327//
f 2327// 971// 974//
f 2328// 975// 2333//
f 2333// 975// 973//
f 2335// 966// 2336//
f 2336// 966// 967//
f 2337// 2338// 2339//
f 2339// 2338// 2340//
f 2341// 965// 2342//
f 2342// 965// 963//
f 2342// 963// 2335//
f 2335// 963// 966//
f 2336// 967// 2341//
f 2341// 967// 965//
f 2343// 958// 2344//
f 2344// 958// 959//
f 2345// 2346// 2347//
f 2347// 2346// 2348//
f 2349// 957// 2350//
f 2350// 957// 955//
f 2350// 955// 2343//
f 2343// 955// 958//
f 2344// 959// 2349//
f 2349// 959// 957//
f 2351// 950// 2352//
f 2352// 950// 951//
f 2353// 2354// 2355//
f 2355// 2354// 2356//
f 2357// 949// 2358//
f 2358// 949// 947//
f 2358// 947// 2351//
f 2351// 947// 950//
f 2352// 951// 2357//
f 2357// 951// 949//
f 2359// 1066// 2360//
f 2360// 1066// 1068//
f 2361// 2362// 2363//
f 2363// 2362// 2364//
f 2365// 1073// 2366//
f 2366// 1073// 1072//
f 2366// 1072// 2359//
f 2359// 1072// 1066//
f 2360// 1068// 2365//
f 2365// 1068// 1073//
f 2367// 1058// 2368//
f 2368// 1058// 1060//
f 2369// 2370// 2371//
f 2371// 2370// 2372//
f 2373// 1065// 2374//
f 2374// 1065// 1064//
f 2374// 1064// 2367//
f 2367// 1064// 1058//
f 2368// 1060// 2373//
f 2373// 1060// 1065//
f 2375// 1050// 2376//
f 2376// 1050// 1052//
f 2377// 2378// 2379//
f 2379// 2378// 2380//
f 2381// 1057// 2382//
f 2382// 1057// 1056//
f 2382// 1056// 2375//
f 2375// 1056// 1050//
f 2376// 1052// 2381//
f 2381// 1052// 1057//
f 2383// 1042// 2384//
f 2384// 1042// 1044//
f 2385// 2386// 2387//
f 2387// 2386// 2388//
f 2389// 1049// 2390//
f 2390// 1049// 1048//
f 2390// 1048// 2383//
f 2383// 1048// 1042//
f 2384// 1044// 2389//
f 2389// 1044// 1049//
f 2391// 1034// 2392//
f 2392// 1034// 1036//
f 2393// 2394// 2395//
f 2395// 2394// 2396//
f 2397// 1041// 2398//
f 2398// 1041// 1040//
f 2398// 1040// 2391//
f 2391// 1040// 1034//
f 2392// 1036// 2397//
f 2397// 1036// 1041//
f 2399// 1026// 2400//
f 2400// 1026// 1028//
f 2401// 2402// 2403//
f 2403// 2402// 2404//
f 2405// 1033// 2406//
f 2406// 1033// 1032//
f 2406// 1032// 2399//
f 2399// 1032// 1026//
f 2400// 1028// 2405//
f 2405// 1028// 1033//
f 2407// 1018// 2408//
f 2408// 1018// 1020//
f 2409// 2410// 2411//
f 2411// 2410// 2412//
f 2413// 1025// 2414//
f 2414// 1025// 1024//
f 2414// 1024// 2407//
f 2407// 1024// 1018//
f 2408// 1020// 2413//
f 2413// 1020// 1025//
f 2415// 1010// 2416//
f 2416// 1010// 1012//
f 2417// 2418// 2419//
f 2419// 2418// 2420//
f 2421// 1017// 2422//
f 2422// 1017// 1016//
f 2422// 1016// 2415//
f 2415// 1016// 1010//
f 2416// 1012// 2421//
f 2421// 1012// 1017//
f 2423// 1002// 2424//
f 2424// 1002// 1004//
f 2425// 2426// 2427//
f 2427// 2426// 2428//
f 2429// 1009// 2430//
f 2430// 1009// 1008//
f 2430// 1008// 2423//
f 2423// 1008// 1002//
f 2424// 1004// 2429//
f 2429// 1004// 1009//
f 2431// 994// 2432//
f 2432// 994// 996//
f 2433// 2434// 2435//
f 2435// 2434// 2436//
f 2437// 1001// 2438//
f 2438// 1001// 1000//
f 2438// 1000// 2431//
f 2431// 1000// 994//
f 2432// 996// 2437//
f 2437// 996// 1001//
f 2439// 986// 2440//
f 2440// 986// 988//
f 2441// 2442// 2443//
f 2443// 2442// 2444//
f 2445// 993// 2446//
f 2446// 993// 992//
f 2446// 992// 2439//
f 2439// 992// 986//
f 2440// 988// 2445//
f 2445// 988// 993//
f 2447// 978// 2448//
f 2448// 978// 980//
f 2449// 2450// 2451//
f 2451// 2450// 2452//
f 2453// 985// 2454//
f 2454// 985// 984//
f 2454// 984// 2447//
f 2447// 984// 978//
f 2448// 980// 2453//
f 2453// 980// 985//
f 2455// 970// 2456//
f 2456// 970// 972//
f 2457// 2458// 2459//
f 2459// 2458// 2460//
f 2461// 977// 2462//
f 2462// 977// 976//
f 2462// 976// 2455//
f 2455// 976// 970//
f 2456// 972// 2461//
f 2461// 972// 977//
f 2463// 962// 2464//
f 2464// 962// 964//
f 2465// 2466// 2467//
f 2467// 2466// 2468//
f 2469// 969// 2470//
f 2470// 969// 968//
f 2470// 968// 2463//
f 2463// 968// 962//
f 2464// 964// 2469//
f 2469// 964// 969//
f 2471// 954// 2472//
f 2472// 954// 956//
f 2473// 2474// 2475//
f 2475// 2474// 2476//
f 2477// 961// 2478//
f 2478// 961// 960//
f 2478// 960// 2471//
f 2471// 960// 954//
f 2472// 956// 2477//
f 2477// 956// 961//
f 2479// 946// 2480//
f 2480// 946// 948//
f 2481// 2482// 2483//
f 2483// 2482// 2484//
f 2485// 953// 2486//
f 2486// 953// 952//
f 2486// 952// 2479//
f 2479// 952// 946//
f 2480// 948// 2485//
f 2485// 948// 953//
f 2366// 2364// 2365//
f 2365// 2364// 2362//
f 2359// 2363// 2366//
f 2366// 2363// 2364//
f 2361// 2360// 2362//
f 2362// 2360// 2365//
f 2360// 2361// 2359//
f 2359// 2361// 2363//
f 2238// 2236// 2237//
f 2237// 2236// 2234//
f 2231// 2235// 2238//
f 2238// 2235// 2236//
f 2233// 2232// 2234//
f 2234// 2232// 2237//
f 2232// 2233// 2231//
f 2231// 2233// 2235//
f 2374// 2372// 2373//
f 2373// 2372// 2370//
f 2367// 2371// 2374//
f 2374// 2371// 2372//
f 2369// 2368// 2370//
f 2370// 2368// 2373//
f 2368// 2369// 2367//
f 2367// 2369// 2371//
f 2246// 2244// 2245//
f 2245// 2244// 2242//
f 2239// 2243// 2246//
f 2246// 2243// 2244//
f 2241// 2240// 2242//
f 2242// 2240// 2245//
f 2240// 2241// 2239//
f 2239// 2241// 2243//
f 2382// 2380// 2381//
f 2381// 2380// 2378//
f 2375// 2379// 2382//
f 2382// 2379// 2380//
f 2377// 2376// 2378//
f 2378// 2376// 2381//
f 2376// 2377// 2375//
f 2375// 2377// 2379//
f 2254// 2252// 2253//
f 2253// 2252// 2250//
f 2247// 2251// 2254//
f 2254// 2251// 2252//
f 2249// 2248// 2250//
f 2250// 2248// 2253//
f 2248// 2249// 2247//
f 2247// 2249// 2251//
f 2390// 2388// 2389//
f 2389// 2388// 2386//
f 2383// 2387// 2390//
f 2390// 2387// 2388//
f 2385// 2384// 2386//
f 2386// 2384// 2389//
f 2384// 2385// 2383//
f 2383// 2385// 2387//
f 2262// 2260// 2261//
f 2261// 2260// 2258//
f 2255// 2259// 2262//
f 2262// 2259// 2260//
f 2257// 2256// 2258//
f 2258// 2256// 2261//
f 2256// 2257// 2255//
f 2255// 2257// 2259//
f 2398// 2396// 2397//
f 2397// 2396// 2394//
f 2391// 2395// 2398//
f 2398// 2395// 2396//
f 2393// 2392// 2394//
f 2394// 2392// 2397//
f 2392// 2393// 2391//
f 2391// 2393// 2395//
f 2270// 2268// 2269//
f 2269// 2268// 2266//
f 2263// 2267// 2270//
f 2270// 2267// 2268//
f 2265// 2264// 2266//
f 2266// 2264// 2269//
f 2264// 2265// 2263//
f 2263// 2265// 2267//
f 2406// 2404// 2405//
f 2405// 2404// 2402//
f 2399// 2403// 2406//
f 2406// 2403// 2404//
f 2401// 2400// 2402//
f 2402// 2400// 2405//
f 2400// 2401// 2399//
f 2399// 2401// 2403//
f 2278// 2276// 2277//
f 2277// 2276// 2274//
f 2271// 2275// 2278//
f 2278// 2275// 2276//
f 2273// 2272// 2274//
f 2274// 2272// 2277//
f 2272// 2273// 2271//
f 2271// 2273// 2275//
f 2414// 2412// 2413//
f 2413// 2412// 2410//
f 2407// 2411// 2414//
f 2414// 2411// 2412//
f 2409// 2408// 2410//
f 2410// 2408// 2413//
f 2408// 2409// 2407//
f 2407// 2409// 2411//
f 2286// 2284// 2285//
f 2285// 2284// 2282//
f 2279// 2283// 2286//
f 2286// 2283// 2284//
f 2281// 2280// 2282//
f 2282// 2280// 2285//
f 2280// 2281// 2279//
f 2279// 2281// 2283//
f 2422// 2420// 2421//
f 2421// 2420// 2418//
f 2415// 2419// 2422//
f 2422// 2419// 2420//
f 2417// 2416// 2418//
f 2418// 2416// 2421//
f 2416// 2417// 2415//
f 2415// 2417// 2419//
f 2294// 2292// 2293//
f 2293// 2292// 2290//
f 2287// 2291// 2294//
f 2294// 2291// 2292//
f 2289// 2288// 2290//
f 2290// 2288// 2293//
f 2288// 2289// 2287//
f 2287// 2289// 2291//
f 2430// 2428// 2429//
f 2429// 2428// 2426//
f 2423// 2427// 2430//
f 2430// 2427// 2428//
f 2425// 2424// 2426//
f 2426// 2424// 2429//
f 2424// 2425// 2423//
f 2423// 2425// 2427//
f 2302// 2300// 2301//
f 2301// 2300// 2298//
f 2295// 2299// 2302//
f 2302// 2299// 2300//
f 2297// 2296// 2298//
f 2298// 2296// 2301//
f 2296// 2297// 2295//
f 2295// 2297// 2299//
f 2438// 2436// 2437//
f 2437// 2436// 2434//
f 2431// 2435// 2438//
f 2438// 2435// 2436//
f 2433// 2432// 2434//
f 2434// 2432// 2437//
f 2432// 2433// 2431//
f 2431// 2433// 2435//
f 2310// 2308// 2309//
f 2309// 2308// 2306//
f 2303// 2307// 2310//
f 2310// 2307// 2308//
f 2305// 2304// 2306//
f 2306// 2304// 2309//
f 2304// 2305// 2303//
f 2303// 2305// 2307//
f 2446// 2444// 2445//
f 2445// 2444// 2442//
f 2439// 2443// 2446//
f 2446// 2443// 2444//
f 2441// 2440// 2442//
f 2442// 2440// 2445//
f 2440// 2441// 2439//
f 2439// 2441// 2443//
f 2318// 2316// 2317//
f 2317// 2316// 2314//
f 2311// 2315// 2318//
f 2318// 2315// 2316//
f 2313// 2312// 2314//
f 2314// 2312// 2317//
f 2312// 2313// 2311//
f 2311// 2313// 2315//
f 2454// 2452// 2453//
f 2453// 2452// 2450//
f 2447// 2451// 2454//
f 2454// 2451// 2452//
f 2449// 2448// 2450//
f 2450// 2448// 2453//
f 2448// 2449// 2447//
f 2447// 2449// 2451//
f 2326// 2324// 2325//
f 2325// 2324// 2322//
f 2319// 2323// 2326//
f 2326// 2323// 2324//
f 2321// 2320// 2322//
f 2322// 2320// 2325//
f 2320// 2321// 2319//
f 2319// 2321// 2323//
f 2462// 2460// 2461//
f 2461// 2460// 2458//
f 2455// 2459// 2462//
f 2462// 2459// 2460//
f 2457// 2456// 2458//
f 2458// 2456// 2461//
f 2456// 2457// 2455//
f 2455// 2457// 2459//
f 2334// 2332// 2333//
f 2333// 2332// 2330//
f 2327// 2331// 2334//
f 2334// 2331// 2332//
f 2329// 2328// 2330//
f 2330// 2328// 2333//
f 2328// 2329// 2327//
f 2327// 2329// 2331//
f 2470// 2468// 2469//
f 2469// 2468// 2466//
f 2463// 2467// 2470//
f 2470// 2467// 2468//
f 2465// 2464// 2466//
f 2466// 2464// 2469//
f 2464// 2465// 2463//
f 2463// 2465// 2467//
f 2342// 2340// 2341//
f 2341// 2340// 2338//
f 2335// 2339// 2342//
f 2342// 2339// 2340//
f 2337// 2336// 2338//
f 2338// 2336// 2341//
f 2336// 2337// 2335//
f 2335// 2337// 2339//
f 2478// 2476// 2477//
f 2477// 2476// 2474//
f 2471// 2475// 2478//
f 2478// 2475// 2476//
f 2473// 2472// 2474//
f 2474// 2472// 2477//
f 2472// 2473// 2471//
f 2471// 2473// 2475//
f 2350// 2348// 2349//
f 2349// 2348// 2346//
f 2343// 2347// 2350//
f 2350// 2347// 2348//
f 2345// 2344// 2346//
f 2346// 2344// 2349//
f 2344// 2345// 2343//
f 2343// 2345// 2347//
f 2486// 2484// 2485//
f 2485// 2484// 2482//
f 2479// 2483// 2486//
f 2486// 2483// 2484//
f 2481// 2480// 2482//
f 2482// 2480// 2485//
f 2480// 2481// 2479//
f 2479// 2481// 2483//
f 2358// 2356// 2357//
f 2357// 2356// 2354//
f 2351// 2355// 2358//
f 2358// 2355// 2356//
f 2353// 2352// 2354//
f 2354// 2352// 2357//
f 2352// 2353// 2351//
f 2351// 2353// 2355//
usemtl 1
f 1839// 2136// 784//
f 784// 2136// 785//
f 775// 774// 1824//
f 1824// 774// 2134//
f 1838// 2185// 1172//
f 1172// 2185// 1175//
f 1182// 1184// 1840//
f 1840// 1184// 2173//
f 749// 748// 800//
f 800// 748// 809//
f 803// 917// 915//
f 943// 374// 372//
f 2135// 2144// 809//
f 809// 2144// 2143//
f 809// 2143// 2142//
f 734// 736// 807//
f 807// 736// 798//
f 2134// 2147// 1824//
f 1824// 2147// 2146//
f 1824// 2146// 2145//
f 2145// 2135// 1824//
f 1824// 2135// 809//
f 1824// 809// 805//
f 805// 809// 873//
f 805// 873// 372//
f 372// 873// 945//
f 372// 945// 943//
f 2142// 2141// 809//
f 809// 2141// 2140//
f 809// 2140// 800//
f 800// 2140// 2139//
f 800// 2139// 1839//
f 1839// 2139// 2138//
f 1839// 2138// 2136//
f 939// 867// 866//
f 2192// 2191// 807//
f 807// 2191// 2190//
f 937// 935// 374//
f 2194// 2171// 807//
f 807// 2171// 2193//
f 807// 2193// 2192//
f 915// 812// 803//
f 803// 812// 807//
f 803// 807// 1838//
f 1838// 807// 2190//
f 1838// 2190// 2189//
f 2189// 2188// 1838//
f 1838// 2188// 2187//
f 1838// 2187// 2185//
f 866// 937// 939//
f 939// 937// 374//
f 939// 374// 941//
f 941// 374// 943//
f 941// 943// 877//
f 877// 943// 876//
f 2194// 807// 2195//
f 2195// 807// 798//
f 2195// 798// 2196//
f 2196// 798// 1840//
f 2196// 1840// 2173//
f 931// 859// 858//
f 929// 927// 374//
f 858// 929// 931//
f 931// 929// 374//
f 931// 374// 933//
f 933// 374// 935//
f 933// 935// 872//
f 872// 935// 871//
f 923// 851// 850//
f 921// 919// 374//
f 850// 921// 923//
f 923// 921// 374//
f 923// 374// 925//
f 925// 374// 927//
f 925// 927// 864//
f 864// 927// 863//
f 879// 843// 842//
f 885// 883// 374//
f 842// 885// 879//
f 879// 885// 374//
f 879// 374// 881//
f 881// 374// 919//
f 881// 919// 856//
f 856// 919// 855//
f 887// 835// 834//
f 834// 893// 887//
f 887// 893// 374//
f 887// 374// 889//
f 889// 374// 883//
f 889// 883// 848//
f 848// 883// 847//
f 839// 840// 891//
f 891// 840// 897//
f 823// 822// 895//
f 895// 822// 901//
f 899// 392// 390//
f 831// 832// 899//
f 899// 832// 905//
f 899// 905// 392//
f 392// 905// 903//
f 392// 903// 394//
f 380// 378// 895//
f 895// 378// 376//
f 895// 376// 897//
f 897// 376// 374//
f 897// 374// 891//
f 891// 374// 893//
f 390// 388// 899//
f 899// 388// 386//
f 899// 386// 901//
f 901// 386// 384//
f 901// 384// 895//
f 895// 384// 382//
f 895// 382// 380//
f 907// 828// 829//
f 829// 913// 907//
f 907// 913// 394//
f 907// 394// 909//
f 909// 394// 903//
f 909// 903// 815//
f 815// 903// 816//
f 818// 817// 911//
f 911// 817// 917//
f 803// 412// 917//
f 917// 412// 394//
f 917// 394// 911//
f 911// 394// 913//
f 356// 355// 2487//
f 2487// 355// 2488//
f 2487// 2488// 2489//
f 2489// 2488// 1809//
f 2489// 1809// 346//
f 346// 1809// 347//
f 2490// 2491// 399//
f 399// 2491// 395//
f 2491// 2492// 373//
f 373// 2492// 368//
f 393// 395// 2491//
f 393// 2491// 391//
f 373// 375// 2491//
f 2491// 375// 377//
f 2491// 377// 379//
f 379// 381// 2491//
f 2491// 381// 383//
f 2491// 383// 385//
f 385// 387// 2491//
f 2491// 387// 389//
f 2491// 389// 391//
f 2492// 2488// 368//
f 368// 2488// 355//
f 2490// 399// 397//
f 397// 2493// 2490//
f 2490// 2493// 2494//
f 2490// 2494// 1810//
f 2494// 427// 443//
f 2494// 443// 1810//
f 1810// 443// 442//
f 1810// 442// 440//
f 64// 62// 1810//
f 64// 1810// 640//
f 440// 438// 1810//
f 1810// 438// 436//
f 1810// 436// 435//
f 435// 434// 1810//
f 1810// 434// 604//
f 1810// 604// 640//
f 1809// 2488// 709//
f 709// 2488// 2492//
f 709// 2492// 707//
f 707// 2492// 2491//
f 707// 2491// 1810//
f 1810// 2491// 2490//
f 1724// 406// 1725//
f 1725// 406// 407//
f 1725// 407// 1726//
f 1726// 407// 404//
f 1726// 404// 1727//
f 404// 403// 1727//
f 1727// 403// 402//
f 1727// 402// 1728//
f 1728// 402// 415//
f 1728// 415// 1718//
f 1718// 415// 417//
f 1718// 417// 1719//
f 1719// 417// 422//
f 1719// 422// 1720//
f 1720// 422// 421//
f 1720// 421// 1721//
f 421// 419// 1721//
f 1721// 419// 418//
f 1721// 418// 1717//
f 418// 432// 1717//
f 1717// 432// 431//
f 1717// 431// 1715//
f 1715// 431// 429//
f 1715// 429// 1716//
f 1716// 429// 428//
f 1716// 428// 1729//
f 1729// 428// 424//
f 405// 406// 2495//
f 2495// 406// 1724//
f 2495// 1724// 1723//
f 2495// 1723// 2496//
f 2496// 1723// 1722//
f 1722// 1729// 2496//
f 2496// 1729// 424//
f 2496// 424// 423//
f 704// 1714// 706//
f 706// 1714// 370//
f 706// 370// 369//
f 1708// 353// 1709//
f 1709// 353// 352//
f 1709// 352// 1710//
f 1710// 352// 351//
f 1710// 351// 1711//
f 351// 350// 1711//
f 1711// 350// 349//
f 1711// 349// 1712//
f 1712// 349// 345//
f 1712// 345// 1713//
f 1713// 345// 343//
f 1713// 343// 1702//
f 1702// 343// 342//
f 1702// 342// 1703//
f 1703// 342// 341//
f 1703// 341// 1704//
f 341// 340// 1704//
f 1704// 340// 339//
f 1704// 339// 1705//
f 1705// 339// 360//
f 1705// 360// 1706//
f 1706// 360// 359//
f 1706// 359// 1707//
f 1707// 359// 358//
f 1707// 358// 1714//
f 1714// 358// 370//
f 354// 353// 705//
f 705// 353// 1708//
f 705// 1708// 703//
f 2497// 706// 357//
f 357// 706// 369//
f 348// 354// 2498//
f 2498// 354// 705//
f 2498// 2489// 348//
f 348// 2489// 346//
f 2487// 2497// 356//
f 356// 2497// 357//
f 2489// 2498// 705//
f 2489// 705// 2487//
f 2487// 705// 706//
f 2487// 706// 2497//
f 396// 405// 2499//
f 2499// 405// 2495//
f 2500// 2496// 425//
f 425// 2496// 423//
f 2499// 2493// 396//
f 396// 2493// 397//
f 2494// 2500// 427//
f 427// 2500// 425//
f 2493// 2499// 2495//
f 2493// 2495// 2494//
f 2494// 2495// 2496//
f 2494// 2496// 2500//
usemtl 4
f 1698// 2501// 310//
f 310// 2501// 312//
f 2501// 1699// 312//
f 312// 1699// 329//
f 1699// 2501// 1698//
usemtl 5
f 2502// 2503// 680//
f 680// 2503// 683//
f 2504// 2502// 679//
f 679// 2502// 680//
f 2505// 2504// 678//
f 678// 2504// 679//
f 2506// 2505// 682//
f 682// 2505// 678//
f 2507// 2506// 681//
f 681// 2506// 682//
f 2503// 2507// 683//
f 683// 2507// 681//
f 2505// 2506// 2504//
f 2504// 2506// 2507//
f 2504// 2507// 2502//
f 2502// 2507// 2503//
f 2508// 553// 554//
f 2508// 554// 2509//
f 2509// 554// 558//
f 2509// 558// 2510//
f 2510// 558// 557//
f 2510// 557// 555//
f 2511// 2510// 504//
f 504// 2510// 555//
f 2511// 504// 507//
f 2511// 507// 2512//
f 507// 512// 2512//
f 2512// 512// 513//
f 2512// 513// 2513//
f 2513// 513// 526//
f 2513// 526// 2514//
f 2514// 526// 525//
f 2514// 525// 2515//
f 2515// 525// 524//
f 2515// 524// 2516//
f 2516// 524// 527//
f 2516// 527// 2517//
f 2517// 527// 523//
f 2517// 523// 2518//
f 2518// 523// 522//
f 2518// 522// 2519//
f 2519// 522// 521//
f 2519// 521// 2520//
f 2520// 521// 511//
f 2520// 511// 2521//
f 2521// 511// 510//
f 2521// 510// 2522//
f 2522// 510// 506//
f 2522// 506// 2523//
f 2523// 506// 508//
f 2523// 508// 2524//
f 2524// 508// 509//
f 2524// 509// 2525//
f 2525// 509// 520//
f 2525// 520// 2526//
f 2526// 520// 519//
f 2526// 519// 2527//
f 2527// 519// 517//
f 2527// 517// 2528//
f 2528// 517// 516//
f 2528// 516// 2529//
f 2529// 516// 515//
f 2529// 515// 2530//
f 2530// 515// 514//
f 518// 2531// 514//
f 514// 2531// 2532//
f 514// 2532// 2530//
f 518// 505// 2531//
f 2531// 505// 503//
f 2531// 503// 2533//
f 2534// 2533// 530//
f 530// 2533// 503//
f 535// 2535// 2536//
f 2534// 530// 529//
f 2534// 529// 2537//
f 529// 528// 2537//
f 2537// 528// 455//
f 2537// 455// 2536//
f 2536// 455// 536//
f 2536// 536// 535//
f 2535// 535// 534//
f 2535// 534// 2538//
f 534// 532// 2538//
f 2538// 532// 531//
f 2538// 531// 2539//
f 2539// 531// 540//
f 2539// 540// 2540//
f 2540// 540// 539//
f 2540// 539// 2541//
f 2541// 539// 538//
f 537// 2542// 538//
f 538// 2542// 2543//
f 538// 2543// 2541//
f 537// 541// 2542//
f 2542// 541// 545//
f 2542// 545// 2544//
f 2544// 545// 544//
f 2544// 544// 2545//
f 2545// 544// 542//
f 2// 2546// 542//
f 542// 2546// 2547//
f 542// 2547// 2545//
f 2// 1// 2546//
f 2546// 1// 549//
f 2546// 549// 2548//
f 2548// 549// 548//
f 2548// 548// 2549//
f 546// 2550// 547//
f 547// 2550// 2549//
f 547// 2549// 548//
f 550// 2551// 546//
f 546// 2551// 2552//
f 546// 2552// 2550//
f 550// 552// 2551//
f 2551// 552// 553//
f 2551// 553// 2508//
f 2531// 2533// 2534//
f 2519// 2520// 2547//
f 2523// 2524// 2543//
f 2547// 2520// 2545//
f 2543// 2524// 2541//
f 2531// 2534// 2532//
f 2532// 2534// 2537//
f 2532// 2537// 2530//
f 2530// 2537// 2536//
f 2530// 2536// 2529//
f 2529// 2536// 2535//
f 2529// 2535// 2528//
f 2528// 2535// 2538//
f 2528// 2538// 2527//
f 2510// 2511// 2509//
f 2509// 2511// 2512//
f 2509// 2512// 2508//
f 2538// 2539// 2527//
f 2527// 2539// 2540//
f 2527// 2540// 2526//
f 2526// 2540// 2541//
f 2526// 2541// 2525//
f 2525// 2541// 2524//
f 2547// 2546// 2519//
f 2519// 2546// 2548//
f 2519// 2548// 2518//
f 2518// 2548// 2549//
f 2518// 2549// 2517//
f 2517// 2549// 2550//
f 2517// 2550// 2516//
f 2516// 2550// 2552//
f 2516// 2552// 2515//
f 2515// 2552// 2551//
f 2515// 2551// 2514//
f 2514// 2551// 2508//
f 2514// 2508// 2513//
f 2513// 2508// 2512//
f 2520// 2521// 2545//
f 2545// 2521// 2522//
f 2545// 2522// 2544//
f 2544// 2522// 2523//
f 2544// 2523// 2542//
f 2542// 2523// 2543//
f 2553// 2554// 292//
f 292// 2554// 294//
f 297// 2555// 299//
f 299// 2555// 2553//
f 299// 2553// 292//
f 2556// 2555// 296//
f 296// 2555// 297//
f 300// 2557// 298//
f 298// 2557// 2556//
f 298// 2556// 296//
f 2558// 2557// 301//
f 301// 2557// 300//
f 304// 2559// 302//
f 302// 2559// 2558//
f 302// 2558// 301//
f 2560// 2559// 305//
f 305// 2559// 304//
f 291// 2561// 303//
f 303// 2561// 2560//
f 303// 2560// 305//
f 2562// 2561// 289//
f 289// 2561// 291//
f 306// 2563// 290//
f 290// 2563// 2562//
f 290// 2562// 289//
f 2564// 2563// 308//
f 308// 2563// 306//
f 294// 2554// 501//
f 501// 2554// 2564//
f 501// 2564// 308//
f 2564// 2554// 2553//
f 2553// 2555// 2564//
f 2564// 2555// 2556//
f 2564// 2556// 2563//
f 2561// 2562// 2560//
f 2560// 2562// 2563//
f 2560// 2563// 2559//
f 2559// 2563// 2556//
f 2559// 2556// 2558//
f 2558// 2556// 2557//
f 2565// 2566// 2567//
f 2567// 2566// 2568//
f 2567// 2568// 2569//
f 2569// 2568// 2570//
f 2569// 2570// 2571//
f 2571// 2570// 2572//
f 2571// 2572// 2573//
f 2573// 2572// 2574//
f 2573// 2574// 2575//
f 2575// 2574// 2576//
f 2575// 2576// 2577//
f 2577// 2576// 2578//
f 2577// 2578// 2579//
f 2579// 2578// 2580//
f 2579// 2580// 2581//
f 2581// 2580// 2582//
f 2581// 2582// 2583//
f 2583// 2582// 2584//
f 2583// 2584// 2585//
f 2585// 2584// 2586//
f 2585// 2586// 2587//
f 2587// 2586// 2588//
f 2587// 2588// 2589//
f 2589// 2588// 2590//
f 2589// 2590// 2591//
f 2591// 2590// 2592//
f 2591// 2592// 2593//
f 2593// 2592// 2594//
f 2593// 2594// 2595//
f 2595// 2594// 2596//
f 2595// 2596// 2597//
f 2597// 2596// 2598//
f 2597// 2598// 2599//
f 2599// 2598// 2600//
f 2599// 2600// 2565//
f 2565// 2600// 2566//
f 2588// 2586// 691//
f 691// 2586// 692//
f 2588// 691// 690//
f 2588// 690// 2590//
f 2590// 690// 689//
f 2590// 689// 2592//
f 2592// 689// 698//
f 2592// 698// 2594//
f 2594// 698// 697//
f 2594// 697// 2596//
f 2596// 697// 685//
f 2596// 685// 2598//
f 2598// 685// 684//
f 2598// 684// 2600//
f 2600// 684// 701//
f 2600// 701// 2566//
f 2566// 701// 700//
f 2566// 700// 2568//
f 2568// 700// 699//
f 2568// 699// 2570//
f 2570// 699// 696//
f 2570// 696// 2572//
f 2572// 696// 695//
f 2572// 695// 2574//
f 2574// 695// 694//
f 2574// 694// 2576//
f 2576// 694// 688//
f 2576// 688// 2578//
f 2578// 688// 687//
f 2578// 687// 2580//
f 2580// 687// 686//
f 2580// 686// 2582//
f 2584// 2582// 693//
f 693// 2582// 686//
f 2586// 2584// 692//
f 692// 2584// 693//
f 2581// 2583// 2601//
f 2601// 2583// 2602//
f 2583// 2585// 2602//
f 2602// 2585// 2603//
f 2585// 2587// 2603//
f 2603// 2587// 2604//
f 2595// 2605// 2606//
f 2595// 2606// 2593//
f 2593// 2606// 2607//
f 2593// 2607// 2591//
f 2591// 2607// 2608//
f 2591// 2608// 2589//
f 2589// 2608// 2604//
f 2589// 2604// 2587//
f 2567// 2609// 2610//
f 2567// 2610// 2565//
f 2565// 2610// 2611//
f 2565// 2611// 2599//
f 2599// 2611// 2612//
f 2599// 2612// 2597//
f 2597// 2612// 2605//
f 2597// 2605// 2595//
f 2575// 2613// 2614//
f 2575// 2614// 2573//
f 2573// 2614// 2615//
f 2573// 2615// 2571//
f 2571// 2615// 2616//
f 2571// 2616// 2569//
f 2569// 2616// 2609//
f 2569// 2609// 2567//
f 2581// 2601// 2617//
f 2581// 2617// 2579//
f 2579// 2617// 2618//
f 2579// 2618// 2577//
f 2577// 2618// 2613//
f 2577// 2613// 2575//
usemtl 1
f 2602// 2603// 2601//
f 2601// 2603// 2604//
f 2601// 2604// 2608//
f 2608// 2607// 2601//
f 2601// 2607// 2606//
f 2601// 2606// 2605//
f 2605// 2612// 2601//
f 2601// 2612// 2611//
f 2601// 2611// 2610//
f 2610// 2609// 2601//
f 2601// 2609// 2616//
f 2601// 2616// 2615//
f 2615// 2614// 2601//
f 2601// 2614// 2613//
f 2601// 2613// 2617//
f 2617// 2613// 2618//
usemtl 5
f 2619// 2620// 2621//
f 2621// 2620// 2622//
f 2623// 2624// 2619//
f 2619// 2624// 2625//
f 2619// 2625// 2620//
f 2620// 2625// 2626//
f 2623// 2627// 2624//
f 2624// 2627// 2628//
f 2624// 2628// 2629//
f 2629// 2628// 2630//
f 2629// 2630// 2631//
f 2631// 2632// 2629//
f 2629// 2632// 2621//
f 2629// 2621// 2633//
f 2633// 2621// 2622//
f 2633// 2622// 2634//
f 2629// 2633// 277//
f 277// 2633// 272//
f 2624// 2629// 286//
f 286// 2629// 277//
f 283// 2625// 285//
f 285// 2625// 2624//
f 285// 2624// 286//
f 2626// 2625// 281//
f 281// 2625// 283//
f 2620// 2626// 280//
f 280// 2626// 281//
f 274// 2622// 275//
f 275// 2622// 2620//
f 275// 2620// 280//
f 2634// 2622// 273//
f 273// 2622// 274//
f 2633// 2634// 272//
f 272// 2634// 273//
f 2619// 2621// 2635//
f 2635// 2621// 2636//
f 2621// 2632// 2636//
f 2636// 2632// 2637//
f 2630// 2638// 2639//
f 2630// 2639// 2631//
f 2631// 2639// 2637//
f 2631// 2637// 2632//
f 2630// 2628// 2638//
f 2638// 2628// 2640//
f 2623// 2641// 2642//
f 2623// 2642// 2627//
f 2627// 2642// 2640//
f 2627// 2640// 2628//
f 2623// 2619// 2641//
f 2641// 2619// 2635//
usemtl 1
f 2638// 2640// 2639//
f 2639// 2640// 2642//
f 2639// 2642// 2637//
f 2637// 2642// 2641//
f 2637// 2641// 2636//
f 2636// 2641// 2635//
usemtl 5
f 2643// 2644// 644//
f 644// 2644// 645//
f 2645// 2643// 647//
f 647// 2643// 644//
f 2646// 2645// 646//
f 646// 2645// 647//
f 2647// 2646// 648//
f 648// 2646// 646//
f 2648// 2647// 649//
f 649// 2647// 648//
f 2649// 2648// 650//
f 650// 2648// 649//
f 2650// 2649// 651//
f 651// 2649// 650//
f 2651// 2650// 643//
f 643// 2650// 651//
f 2652// 2651// 641//
f 641// 2651// 643//
f 2653// 2652// 636//
f 636// 2652// 641//
f 2654// 2653// 637//
f 637// 2653// 636//
f 2644// 2654// 645//
f 645// 2654// 637//
f 2654// 2644// 2643//
f 2643// 2645// 2654//
f 2654// 2645// 2646//
f 2654// 2646// 2653//
f 2651// 2652// 2650//
f 2650// 2652// 2653//
f 2650// 2653// 2649//
f 2649// 2653// 2646//
f 2649// 2646// 2648//
f 2648// 2646// 2647//
f 2655// 2656// 2657//
f 2658// 2659// 2660//
f 2661// 2662// 2663//
f 2663// 2662// 2664//
f 2665// 2666// 2656//
f 2656// 2666// 2662//
f 2656// 2662// 2657//
f 2657// 2662// 2661//
f 2657// 2667// 2655//
f 2655// 2667// 2668//
f 2655// 2668// 2669//
f 2669// 2668// 2670//
f 2669// 2670// 2671//
f 2671// 2670// 2672//
f 2671// 2672// 2673//
f 2673// 2672// 2674//
f 2673// 2674// 2675//
f 2675// 2674// 2676//
f 2675// 2676// 2677//
f 2677// 2676// 2678//
f 2677// 2678// 2679//
f 2679// 2678// 2680//
f 2679// 2680// 2681//
f 2681// 2680// 2682//
f 2681// 2682// 2683//
f 2683// 2682// 2684//
f 2660// 2659// 2685//
f 2685// 2659// 2686//
f 2685// 2686// 2687//
f 2687// 2686// 2688//
f 2687// 2688// 2689//
f 2660// 2690// 2658//
f 2658// 2690// 2691//
f 2658// 2691// 2692//
f 2692// 2691// 2693//
f 2692// 2693// 2694//
f 2695// 2696// 2697//
f 2697// 2696// 2698//
f 2697// 2698// 2699//
f 2699// 2698// 2700//
f 2699// 2700// 2701//
f 2701// 2700// 2702//
f 2701// 2702// 2703//
f 2703// 2702// 2704//
f 2703// 2704// 2705//
f 2705// 2704// 2706//
f 2705// 2706// 2707//
f 2707// 2706// 2708//
f 2707// 2708// 2709//
f 2709// 2708// 2710//
f 2709// 2710// 2711//
f 2711// 2710// 2712//
f 2711// 2712// 2713//
f 2713// 2712// 2714//
f 2713// 2714// 2662//
f 2662// 2714// 2694//
f 2662// 2694// 2664//
f 2664// 2694// 2693//
f 2688// 2715// 2689//
f 2689// 2715// 2716//
f 2689// 2716// 2717//
f 2717// 2716// 2718//
f 2717// 2718// 2719//
f 2719// 2718// 2720//
f 2719// 2720// 2721//
f 2721// 2720// 2722//
f 2721// 2722// 2684//
f 2684// 2722// 2723//
f 2684// 2723// 2683//
f 2701// 591// 590//
f 2701// 590// 2699//
f 2699// 590// 589//
f 2699// 589// 2697//
f 2697// 589// 588//
f 2697// 588// 2695//
f 2696// 2695// 560//
f 560// 2695// 588//
f 2696// 560// 573//
f 2696// 573// 2698//
f 2698// 573// 577//
f 2698// 577// 2700//
f 2700// 577// 576//
f 2700// 576// 2702//
f 2702// 576// 575//
f 2702// 575// 2704//
f 2704// 575// 600//
f 2704// 600// 2706//
f 2706// 600// 599//
f 2706// 599// 2708//
f 2708// 599// 598//
f 2708// 598// 2710//
f 2710// 598// 597//
f 2710// 597// 2712//
f 2712// 597// 596//
f 2712// 596// 2714//
f 2714// 596// 595//
f 2714// 595// 2694//
f 2692// 2694// 574//
f 574// 2694// 595//
f 2692// 574// 572//
f 2692// 572// 2658//
f 2658// 572// 571//
f 2658// 571// 2659//
f 2659// 571// 559//
f 2659// 559// 2686//
f 2686// 559// 561//
f 2686// 561// 2688//
f 2688// 561// 562//
f 2688// 562// 2715//
f 2715// 562// 587//
f 2715// 587// 2716//
f 2716// 587// 586//
f 2716// 586// 2718//
f 2718// 586// 565//
f 2718// 565// 2720//
f 2720// 565// 564//
f 2720// 564// 2722//
f 2722// 564// 580//
f 2722// 580// 2723//
f 2723// 580// 579//
f 2723// 579// 2683//
f 605// 2677// 606//
f 606// 2677// 2679//
f 606// 2679// 607//
f 607// 2679// 2681//
f 607// 2681// 578//
f 578// 2681// 2683//
f 578// 2683// 579//
f 2677// 605// 602//
f 2677// 602// 2675//
f 2675// 602// 601//
f 2675// 601// 2673//
f 601// 634// 2673//
f 2673// 634// 585//
f 2673// 585// 2671//
f 2671// 585// 584//
f 2671// 584// 2669//
f 2669// 584// 582//
f 2669// 582// 2655//
f 2656// 2655// 581//
f 581// 2655// 582//
f 2665// 2656// 583//
f 583// 2656// 581//
f 2666// 2665// 594//
f 594// 2665// 583//
f 2662// 2666// 593//
f 593// 2666// 594//
f 2662// 593// 592//
f 2662// 592// 2713//
f 2713// 592// 570//
f 2713// 570// 2711//
f 2711// 570// 569//
f 2711// 569// 2709//
f 2709// 569// 568//
f 2709// 568// 2707//
f 2707// 568// 567//
f 2707// 567// 2705//
f 2705// 567// 566//
f 2705// 566// 2703//
f 2703// 566// 591//
f 2703// 591// 2701//
f 2660// 2724// 2725//
f 2660// 2725// 2690//
f 2690// 2725// 2726//
f 2690// 2726// 2691//
f 2691// 2726// 2727//
f 2691// 2727// 2693//
f 2717// 2728// 2729//
f 2717// 2729// 2689//
f 2689// 2729// 2730//
f 2689// 2730// 2687//
f 2687// 2730// 2731//
f 2687// 2731// 2685//
f 2685// 2731// 2724//
f 2685// 2724// 2660//
f 2682// 2732// 2733//
f 2682// 2733// 2684//
f 2684// 2733// 2734//
f 2684// 2734// 2721//
f 2721// 2734// 2735//
f 2721// 2735// 2719//
f 2719// 2735// 2728//
f 2719// 2728// 2717//
f 2676// 2736// 2737//
f 2676// 2737// 2678//
f 2678// 2737// 2738//
f 2678// 2738// 2680//
f 2680// 2738// 2732//
f 2680// 2732// 2682//
f 2668// 2739// 2740//
f 2668// 2740// 2670//
f 2670// 2740// 2741//
f 2670// 2741// 2672//
f 2672// 2741// 2742//
f 2672// 2742// 2674//
f 2674// 2742// 2736//
f 2674// 2736// 2676//
f 2663// 2743// 2744//
f 2663// 2744// 2661//
f 2661// 2744// 2745//
f 2661// 2745// 2657//
f 2657// 2745// 2746//
f 2657// 2746// 2667//
f 2667// 2746// 2739//
f 2667// 2739// 2668//
f 2663// 2664// 2743//
f 2743// 2664// 2747//
f 2664// 2693// 2747//
f 2747// 2693// 2727//
usemtl 1
f 2747// 2727// 2743//
f 2743// 2727// 2726//
f 2726// 2725// 2743//
f 2743// 2725// 2724//
f 2743// 2724// 2744//
f 2744// 2724// 2745//
f 2745// 2724// 2731//
f 2745// 2731// 2746//
f 2733// 2732// 2740//
f 2733// 2740// 2734//
f 2741// 2740// 2742//
f 2742// 2740// 2736//
f 2731// 2730// 2746//
f 2746// 2730// 2729//
f 2746// 2729// 2739//
f 2739// 2729// 2728//
f 2739// 2728// 2740//
f 2740// 2728// 2735//
f 2740// 2735// 2734//
f 2732// 2738// 2740//
f 2740// 2738// 2737//
f 2740// 2737// 2736//
usemtl 5
f 195// 2748// 2749//
f 2750// 257// 254//
f 2750// 254// 2751//
f 2751// 254// 199//
f 2751// 199// 2749//
f 2749// 199// 198//
f 2749// 198// 195//
f 2752// 2748// 211//
f 211// 2748// 195//
f 2752// 211// 2753//
f 2753// 211// 210//
f 212// 2754// 207//
f 207// 2754// 2753//
f 207// 2753// 208//
f 208// 2753// 210//
f 2754// 212// 2755//
f 2755// 212// 8//
f 8// 7// 2755//
f 2755// 7// 235//
f 2755// 235// 2756//
f 2756// 235// 234//
f 2756// 234// 2757//
f 2757// 234// 222//
f 2757// 222// 2758//
f 2758// 222// 221//
f 2758// 221// 2759//
f 2759// 221// 220//
f 2759// 220// 2760//
f 2760// 220// 233//
f 2760// 233// 2761//
f 2761// 233// 232//
f 2761// 232// 2762//
f 2762// 232// 231//
f 2762// 231// 2763//
f 2763// 231// 230//
f 2763// 230// 2764//
f 2764// 230// 250//
f 2764// 250// 2765//
f 2765// 250// 249//
f 2765// 249// 2766//
f 2766// 249// 247//
f 2766// 247// 2767//
f 2767// 247// 245//
f 2767// 245// 2768//
f 2768// 245// 244//
f 2768// 244// 2769//
f 2769// 244// 243//
f 2769// 243// 2770//
f 2770// 243// 242//
f 2770// 242// 2771//
f 2771// 242// 241//
f 2771// 241// 2772//
f 2772// 241// 238//
f 2772// 238// 2773//
f 2773// 238// 253//
f 2773// 253// 2774//
f 2774// 253// 252//
f 2774// 252// 2775//
f 2775// 252// 251//
f 2775// 251// 2776//
f 2776// 251// 240//
f 2776// 240// 2777//
f 2777// 240// 239//
f 2777// 239// 2778//
f 2778// 239// 237//
f 2778// 237// 2779//
f 2779// 237// 236//
f 2779// 236// 2780//
f 2780// 236// 246//
f 2780// 246// 2781//
f 2781// 246// 248//
f 2781// 248// 2782//
f 2782// 248// 216//
f 2782// 216// 2783//
f 2784// 2783// 215//
f 215// 2783// 216//
f 2784// 215// 229//
f 2784// 229// 2785//
f 2785// 229// 227//
f 2785// 227// 2786//
f 2786// 227// 226//
f 2786// 226// 2787//
f 2787// 226// 218//
f 2787// 218// 2788//
f 2788// 218// 217//
f 2788// 217// 2789//
f 2789// 217// 2790//
f 2790// 217// 225//
f 225// 224// 2790//
f 2790// 224// 223//
f 2790// 223// 2791//
f 2791// 223// 205//
f 2791// 205// 2792//
f 2792// 205// 204//
f 2792// 204// 2793//
f 2793// 204// 203//
f 2793// 203// 2794//
f 2794// 203// 202//
f 2794// 202// 2795//
f 2795// 202// 201//
f 2795// 201// 2796//
f 255// 2797// 2798//
f 2796// 201// 206//
f 2796// 206// 2799//
f 2799// 206// 200//
f 2799// 200// 2798//
f 2798// 200// 256//
f 2798// 256// 255//
f 2797// 255// 259//
f 2797// 259// 2800//
f 2800// 259// 270//
f 2800// 270// 2801//
f 2801// 270// 269//
f 2801// 269// 2802//
f 2802// 269// 268//
f 2802// 268// 2803//
f 2803// 268// 262//
f 2803// 262// 2804//
f 2804// 262// 261//
f 2804// 261// 2805//
f 2805// 261// 267//
f 2805// 267// 2806//
f 2806// 267// 266//
f 2806// 266// 2807//
f 2807// 266// 265//
f 2807// 265// 2808//
f 2808// 265// 264//
f 2808// 264// 2809//
f 2809// 264// 263//
f 2809// 263// 2810//
f 2810// 263// 260//
f 2810// 260// 2811//
f 2811// 260// 258//
f 2811// 258// 2812//
f 2812// 258// 257//
f 2812// 257// 2750//
f 2776// 2777// 2788//
f 2788// 2777// 2787//
f 2800// 2767// 2797//
f 2797// 2767// 2768//
f 2756// 2757// 2808//
f 2808// 2757// 2758//
f 2808// 2758// 2807//
f 2807// 2758// 2759//
f 2807// 2759// 2806//
f 2806// 2759// 2760//
f 2806// 2760// 2805//
f 2805// 2760// 2761//
f 2805// 2761// 2804//
f 2804// 2761// 2762//
f 2804// 2762// 2803//
f 2803// 2762// 2763//
f 2803// 2763// 2802//
f 2802// 2763// 2764//
f 2802// 2764// 2801//
f 2801// 2764// 2765//
f 2801// 2765// 2800//
f 2800// 2765// 2766//
f 2800// 2766// 2767//
f 2754// 2750// 2753//
f 2753// 2750// 2751//
f 2753// 2751// 2752//
f 2752// 2751// 2749//
f 2752// 2749// 2748//
f 2777// 2778// 2787//
f 2787// 2778// 2779//
f 2787// 2779// 2786//
f 2786// 2779// 2780//
f 2786// 2780// 2785//
f 2785// 2780// 2781//
f 2785// 2781// 2784//
f 2784// 2781// 2782//
f 2784// 2782// 2783//
f 2808// 2809// 2756//
f 2756// 2809// 2810//
f 2756// 2810// 2755//
f 2755// 2810// 2811//
f 2755// 2811// 2754//
f 2754// 2811// 2812//
f 2754// 2812// 2750//
f 2788// 2789// 2776//
f 2776// 2789// 2790//
f 2776// 2790// 2775//
f 2775// 2790// 2791//
f 2775// 2791// 2774//
f 2774// 2791// 2792//
f 2774// 2792// 2773//
f 2773// 2792// 2793//
f 2773// 2793// 2772//
f 2772// 2793// 2794//
f 2772// 2794// 2771//
f 2771// 2794// 2795//
f 2771// 2795// 2770//
f 2770// 2795// 2796//
f 2770// 2796// 2769//
f 2769// 2796// 2799//
f 2769// 2799// 2768//
f 2768// 2799// 2798//
f 2768// 2798// 2797//
f 2813// 2814// 191//
f 191// 2814// 189//
f 2815// 2813// 193//
f 193// 2813// 191//
f 2815// 193// 194//
f 2815// 194// 2816//
f 2816// 194// 188//
f 2816// 188// 2817//
f 2818// 2817// 187//
f 187// 2817// 188//
f 2819// 2818// 186//
f 186// 2818// 187//
f 610// 2820// 192//
f 192// 2820// 2819//
f 192// 2819// 186//
f 2821// 2820// 609//
f 609// 2820// 610//
f 612// 2822// 608//
f 608// 2822// 2821//
f 608// 2821// 609//
f 616// 2823// 611//
f 611// 2823// 2822//
f 611// 2822// 612//
f 2823// 616// 614//
f 2823// 614// 2824//
f 2824// 614// 613//
f 2824// 613// 2825//
f 613// 627// 2825//
f 2825// 627// 626//
f 2825// 626// 2826//
f 2826// 626// 621//
f 2826// 621// 2827//
f 2827// 621// 620//
f 2827// 620// 2828//
f 2828// 620// 619//
f 2828// 619// 2829//
f 2829// 619// 617//
f 2829// 617// 2830//
f 2831// 2830// 618//
f 618// 2830// 617//
f 2831// 618// 625//
f 2831// 625// 2832//
f 2832// 625// 624//
f 2832// 624// 2833//
f 2833// 624// 623//
f 2833// 623// 2834//
f 2834// 623// 622//
f 2834// 622// 2835//
f 622// 633// 2835//
f 2835// 633// 632//
f 2835// 632// 2836//
f 2836// 632// 631//
f 2836// 631// 2837//
f 2837// 631// 629//
f 2837// 629// 2838//
f 2838// 629// 628//
f 2838// 628// 2839//
f 189// 2814// 630//
f 630// 2814// 2839//
f 630// 2839// 628//
f 2816// 2817// 2839//
f 2814// 2813// 2839//
f 2839// 2813// 2815//
f 2839// 2815// 2816//
f 2820// 2821// 2819//
f 2819// 2821// 2822//
f 2819// 2822// 2818//
f 2838// 2824// 2837//
f 2837// 2824// 2825//
f 2830// 2831// 2829//
f 2829// 2831// 2832//
f 2829// 2832// 2828//
f 2828// 2832// 2833//
f 2828// 2833// 2827//
f 2827// 2833// 2834//
f 2827// 2834// 2826//
f 2826// 2834// 2835//
f 2826// 2835// 2825//
f 2825// 2835// 2836//
f 2825// 2836// 2837//
f 2817// 2818// 2839//
f 2839// 2818// 2822//
f 2839// 2822// 2838//
f 2838// 2822// 2823//
f 2838// 2823// 2824//
f 2840// 2841// 181//
f 181// 2841// 182//
f 178// 2842// 180//
f 180// 2842// 2840//
f 180// 2840// 181//
f 2843// 2842// 177//
f 177// 2842// 178//
f 171// 2844// 179//
f 179// 2844// 2843//
f 179// 2843// 177//
f 2845// 2844// 172//
f 172// 2844// 171//
f 175// 2846// 173//
f 173// 2846// 2845//
f 173// 2845// 172//
f 2847// 2846// 176//
f 176// 2846// 175//
f 167// 2848// 174//
f 174// 2848// 2847//
f 174// 2847// 176//
f 2849// 2848// 170//
f 170// 2848// 167//
f 10// 2850// 11//
f 11// 2850// 2849//
f 11// 2849// 170//
f 2851// 2850// 185//
f 185// 2850// 10//
f 182// 2841// 184//
f 184// 2841// 2851//
f 184// 2851// 185//
f 2851// 2841// 2840//
f 2840// 2842// 2851//
f 2851// 2842// 2843//
f 2851// 2843// 2850//
f 2848// 2849// 2847//
f 2847// 2849// 2850//
f 2847// 2850// 2846//
f 2846// 2850// 2843//
f 2846// 2843// 2845//
f 2845// 2843// 2844//
f 2852// 2853// 2854//
f 2854// 2853// 2855//
f 2854// 2855// 2856//
f 2856// 2855// 2857//
f 2856// 2857// 2858//
f 2858// 2857// 2859//
f 2858// 2859// 2860//
f 2860// 2859// 2861//
f 2860// 2861// 2862//
f 2862// 2861// 2863//
f 2862// 2863// 2864//
f 2864// 2863// 2865//
f 2864// 2865// 2866//
f 2866// 2865// 2867//
f 2866// 2867// 2868//
f 2868// 2867// 2869//
f 2868// 2869// 2870//
f 2870// 2869// 2871//
f 2870// 2871// 2872//
f 2872// 2871// 2873//
f 2872// 2873// 2874//
f 2874// 2873// 2875//
f 2874// 2875// 2876//
f 2876// 2875// 2877//
f 2876// 2877// 2878//
f 2878// 2877// 2879//
f 2878// 2879// 2880//
f 2880// 2879// 2881//
f 2880// 2881// 2882//
f 2882// 2881// 2883//
f 2882// 2883// 2884//
f 2884// 2883// 2885//
f 2884// 2885// 2886//
f 2886// 2885// 2887//
f 2886// 2887// 2852//
f 2852// 2887// 2853//
f 2875// 2873// 656//
f 656// 2873// 657//
f 2875// 656// 655//
f 2875// 655// 2877//
f 2877// 655// 654//
f 2877// 654// 2879//
f 2879// 654// 667//
f 2879// 667// 2881//
f 2881// 667// 666//
f 2881// 666// 2883//
f 2883// 666// 653//
f 2883// 653// 2885//
f 2885// 653// 652//
f 2885// 652// 2887//
f 2887// 652// 670//
f 2887// 670// 2853//
f 2853// 670// 669//
f 2853// 669// 2855//
f 2855// 669// 668//
f 2855// 668// 2857//
f 2857// 668// 665//
f 2857// 665// 2859//
f 2859// 665// 664//
f 2859// 664// 2861//
f 2861// 664// 663//
f 2861// 663// 2863//
f 2863// 663// 662//
f 2863// 662// 2865//
f 2865// 662// 661//
f 2865// 661// 2867//
f 2867// 661// 659//
f 2867// 659// 2869//
f 2871// 2869// 658//
f 658// 2869// 659//
f 2873// 2871// 657//
f 657// 2871// 658//
f 2868// 2870// 2888//
f 2888// 2870// 2889//
f 2870// 2872// 2889//
f 2889// 2872// 2890//
f 2872// 2874// 2890//
f 2890// 2874// 2891//
f 2882// 2892// 2893//
f 2882// 2893// 2880//
f 2880// 2893// 2894//
f 2880// 2894// 2878//
f 2878// 2894// 2895//
f 2878// 2895// 2876//
f 2876// 2895// 2891//
f 2876// 2891// 2874//
f 2854// 2896// 2897//
f 2854// 2897// 2852//
f 2852// 2897// 2898//
f 2852// 2898// 2886//
f 2886// 2898// 2899//
f 2886// 2899// 2884//
f 2884// 2899// 2892//
f 2884// 2892// 2882//
f 2862// 2900// 2901//
f 2862// 2901// 2860//
f 2860// 2901// 2902//
f 2860// 2902// 2858//
f 2858// 2902// 2903//
f 2858// 2903// 2856//
f 2856// 2903// 2896//
f 2856// 2896// 2854//
f 2868// 2888// 2904//
f 2868// 2904// 2866//
f 2866// 2904// 2905//
f 2866// 2905// 2864//
f 2864// 2905// 2900//
f 2864// 2900// 2862//
usemtl 1
f 2889// 2890// 2888//
f 2888// 2890// 2891//
f 2888// 2891// 2895//
f 2895// 2894// 2888//
f 2888// 2894// 2893//
f 2888// 2893// 2892//
f 2892// 2899// 2888//
f 2888// 2899// 2898//
f 2888// 2898// 2897//
f 2897// 2896// 2888//
f 2888// 2896// 2903//
f 2888// 2903// 2902//
f 2902// 2901// 2888//
f 2888// 2901// 2900//
f 2888// 2900// 2904//
f 2904// 2900// 2905//
usemtl 5
f 2906// 2907// 2908//
f 2908// 2907// 2909//
f 2910// 2911// 2906//
f 2906// 2911// 2912//
f 2906// 2912// 2907//
f 2907// 2912// 2913//
f 2910// 2914// 2911//
f 2911// 2914// 2915//
f 2911// 2915// 2916//
f 2916// 2915// 2917//
f 2916// 2917// 2918//
f 2918// 2919// 2916//
f 2916// 2919// 2908//
f 2916// 2908// 2920//
f 2920// 2908// 2909//
f 2920// 2909// 2921//
f 2916// 2920// 677//
f 677// 2920// 702//
f 2911// 2916// 676//
f 676// 2916// 677//
f 2912// 2911// 672//
f 672// 2911// 676//
f 2913// 2912// 671//
f 671// 2912// 672//
f 2907// 2913// 675//
f 675// 2913// 671//
f 2909// 2907// 674//
f 674// 2907// 675//
f 2921// 2909// 673//
f 673// 2909// 674//
f 2920// 2921// 702//
f 702// 2921// 673//
f 2906// 2908// 2922//
f 2922// 2908// 2923//
f 2908// 2919// 2923//
f 2923// 2919// 2924//
f 2917// 2925// 2926//
f 2917// 2926// 2918//
f 2918// 2926// 2924//
f 2918// 2924// 2919//
f 2917// 2915// 2925//
f 2925// 2915// 2927//
f 2910// 2928// 2929//
f 2910// 2929// 2914//
f 2914// 2929// 2927//
f 2914// 2927// 2915//
f 2910// 2906// 2928//
f 2928// 2906// 2922//
usemtl 1
f 2925// 2927// 2926//
f 2926// 2927// 2929//
f 2926// 2929// 2924//
f 2924// 2929// 2928//
f 2924// 2928// 2923//
f 2923// 2928// 2922//
usemtl 5
f 2930// 2931// 2932//
f 2933// 2934// 2935//
f 2936// 2937// 2938//
f 2939// 2940// 2941//
f 2941// 2940// 2942//
f 2932// 2931// 2943//
f 2944// 2945// 2946//
f 2946// 2945// 2947//
f 2946// 2947// 2948//
f 2948// 2947// 2949//
f 2948// 2949// 2935//
f 2935// 2949// 2950//
f 2935// 2950// 2933//
f 2951// 2939// 2952//
f 2952// 2939// 2953//
f 2952// 2953// 2954//
f 2954// 2953// 2955//
f 2954// 2955// 2956//
f 2956// 2955// 2957//
f 2956// 2957// 2958//
f 2958// 2957// 2959//
f 2958// 2959// 2960//
f 2960// 2959// 2949//
f 2960// 2949// 2961//
f 2961// 2949// 2962//
f 2963// 2964// 2965//
f 2965// 2964// 2966//
f 2965// 2966// 2967//
f 2967// 2966// 2968//
f 2967// 2968// 2969//
f 2969// 2968// 2970//
f 2936// 2938// 2971//
f 2971// 2938// 2972//
f 2971// 2972// 2973//
f 2973// 2972// 2974//
f 2973// 2974// 2975//
f 2976// 2977// 2940//
f 2940// 2977// 2978//
f 2940// 2978// 2942//
f 2931// 2979// 2943//
f 2943// 2979// 2980//
f 2943// 2980// 2981//
f 2981// 2980// 2982//
f 2981// 2982// 2936//
f 2936// 2982// 2983//
f 2936// 2983// 2937//
f 2984// 2985// 2947//
f 2947// 2985// 2986//
f 2947// 2986// 2949//
f 2949// 2986// 2987//
f 2949// 2987// 2962//
f 2988// 2989// 2990//
f 2990// 2989// 2991//
f 2990// 2991// 2992//
f 2992// 2991// 2993//
f 2992// 2993// 2994//
f 2994// 2993// 2995//
f 2994// 2995// 2996//
f 2996// 2995// 2997//
f 2996// 2997// 2998//
f 2932// 2999// 2930//
f 2930// 2999// 3000//
f 2930// 3000// 3001//
f 3001// 3000// 3002//
f 3001// 3002// 3003//
f 3003// 3002// 3004//
f 3003// 3004// 3005//
f 3006// 2940// 3007//
f 3007// 2940// 2939//
f 3007// 2939// 3008//
f 3008// 2939// 2951//
f 3006// 3009// 2940//
f 2940// 3009// 3010//
f 2940// 3010// 3011//
f 3011// 3010// 3012//
f 3011// 3012// 3013//
f 3013// 3012// 3014//
f 3013// 3014// 3015//
f 3015// 3014// 3016//
f 3015// 3016// 3017//
f 3017// 3016// 3018//
f 3017// 3018// 3019//
f 3019// 3018// 3020//
f 3019// 3020// 3021//
f 3021// 3020// 3022//
f 3021// 3022// 3023//
f 3023// 3022// 3024//
f 3023// 3024// 3025//
f 3025// 3024// 3026//
f 3025// 3026// 3027//
f 3027// 3026// 3028//
f 3027// 3028// 2947//
f 2947// 3028// 3029//
f 2947// 3029// 2984//
f 2968// 3030// 2970//
f 2970// 3030// 3031//
f 2970// 3031// 3032//
f 3032// 3031// 3033//
f 3032// 3033// 3034//
f 3034// 3033// 3035//
f 3034// 3035// 3036//
f 3036// 3035// 3037//
f 3036// 3037// 3038//
f 3038// 3037// 3039//
f 3038// 3039// 3040//
f 3040// 3039// 3041//
f 3040// 3041// 2988//
f 2988// 3041// 3042//
f 2988// 3042// 2989//
f 3043// 3044// 3045//
f 3045// 3044// 3046//
f 3045// 3046// 2965//
f 2965// 3046// 3047//
f 2965// 3047// 2963//
f 2975// 2974// 3048//
f 3048// 2974// 3049//
f 3048// 3049// 3050//
f 3050// 3049// 3051//
f 3050// 3051// 3052//
f 3052// 3051// 3053//
f 3052// 3053// 3054//
f 3054// 3053// 3055//
f 3054// 3055// 3043//
f 3043// 3055// 3056//
f 3043// 3056// 3044//
f 3057// 3058// 3059//
f 3004// 3060// 3005//
f 3005// 3060// 3061//
f 3005// 3061// 3062//
f 3062// 3061// 3063//
f 3062// 3063// 3064//
f 3064// 3063// 3065//
f 3064// 3065// 3066//
f 3066// 3065// 3067//
f 3066// 3067// 3068//
f 3068// 3067// 3069//
f 3068// 3069// 2976//
f 2976// 3069// 3070//
f 2976// 3070// 2977//
f 2997// 3071// 2998//
f 2998// 3071// 3057//
f 2998// 3057// 3072//
f 3072// 3057// 3059//
f 3073// 3074// 3057//
f 3057// 3074// 3075//
f 3057// 3075// 3058//
f 3076// 3077// 3078//
f 3077// 3079// 3078//
f 3078// 3079// 3080//
f 3078// 3080// 3081//
f 3073// 3057// 3078//
f 3078// 3057// 3082//
f 3078// 3082// 3076//
f 3036// 76// 75//
f 164// 2970// 3032//
f 3036// 75// 3034//
f 3034// 75// 166//
f 3034// 166// 3032//
f 3032// 166// 165//
f 3032// 165// 164//
f 164// 14// 2970//
f 2970// 14// 13//
f 2970// 13// 2969//
f 2969// 13// 22//
f 2969// 22// 2967//
f 2967// 22// 21//
f 2967// 21// 2965//
f 2965// 21// 20//
f 2965// 20// 3045//
f 3045// 20// 19//
f 3045// 19// 3043//
f 3054// 3043// 18//
f 18// 3043// 19//
f 18// 17// 3054//
f 3054// 17// 23//
f 3054// 23// 3052//
f 3052// 23// 25//
f 3052// 25// 3050//
f 3050// 25// 26//
f 3050// 26// 3048//
f 3048// 26// 27//
f 3048// 27// 2975//
f 2975// 27// 2973//
f 2973// 27// 29//
f 2973// 29// 31//
f 2973// 31// 38//
f 2973// 38// 2971//
f 2971// 38// 40//
f 2971// 40// 2936//
f 2936// 40// 39//
f 2936// 39// 2981//
f 2981// 39// 37//
f 2981// 37// 2943//
f 2943// 37// 36//
f 2943// 36// 2932//
f 2932// 36// 42//
f 2932// 42// 2999//
f 2999// 42// 41//
f 2999// 41// 3000//
f 3000// 41// 35//
f 3000// 35// 3002//
f 50// 3063// 3061//
f 3002// 35// 34//
f 3002// 34// 3004//
f 3004// 34// 33//
f 3004// 33// 3060//
f 33// 53// 3060//
f 3060// 53// 52//
f 3060// 52// 3061//
f 3061// 52// 51//
f 3061// 51// 50//
f 3063// 50// 48//
f 3063// 48// 3065//
f 3065// 48// 47//
f 3065// 47// 3067//
f 3067// 47// 44//
f 3067// 44// 3069//
f 3069// 44// 43//
f 3069// 43// 3070//
f 3070// 43// 46//
f 3070// 46// 2977//
f 2977// 46// 56//
f 2977// 56// 2978//
f 2978// 56// 57//
f 2978// 57// 2942//
f 57// 58// 2942//
f 2942// 58// 55//
f 2942// 55// 2941//
f 2941// 55// 54//
f 2941// 54// 2939//
f 2939// 54// 59//
f 2939// 59// 2953//
f 59// 61// 2953//
f 2953// 61// 63//
f 2953// 63// 2955//
f 2955// 63// 65//
f 2955// 65// 2957//
f 123// 2948// 2935//
f 2957// 65// 74//
f 73// 2949// 74//
f 74// 2949// 2959//
f 74// 2959// 2957//
f 73// 72// 2949//
f 2949// 72// 71//
f 2949// 71// 2950//
f 2950// 71// 70//
f 2950// 70// 2933//
f 2933// 70// 69//
f 2933// 69// 2934//
f 2934// 69// 68//
f 2934// 68// 2935//
f 2935// 68// 122//
f 2935// 122// 123//
f 2946// 2948// 104//
f 104// 2948// 123//
f 2944// 2946// 80//
f 80// 2946// 104//
f 2945// 2944// 82//
f 82// 2944// 80//
f 2947// 2945// 81//
f 81// 2945// 82//
f 2947// 81// 83//
f 2947// 83// 3027//
f 3027// 83// 84//
f 3027// 84// 3025//
f 3025// 84// 126//
f 3025// 126// 3023//
f 3023// 126// 125//
f 3023// 125// 3021//
f 3021// 125// 124//
f 3021// 124// 3019//
f 3019// 124// 101//
f 3019// 101// 3017//
f 3017// 101// 100//
f 3017// 100// 3015//
f 3015// 100// 98//
f 3015// 98// 3013//
f 3013// 98// 109//
f 3013// 109// 3011//
f 3011// 109// 111//
f 3011// 111// 2940//
f 2940// 111// 110//
f 2940// 110// 2976//
f 2976// 110// 108//
f 2976// 108// 3068//
f 3068// 108// 107//
f 3068// 107// 3066//
f 3066// 107// 97//
f 3066// 97// 3064//
f 3064// 97// 99//
f 3064// 99// 3062//
f 3005// 3062// 99//
f 99// 91// 3005//
f 3005// 91// 136//
f 3005// 136// 135//
f 149// 3001// 135//
f 135// 3001// 3003//
f 135// 3003// 3005//
f 149// 163// 3001//
f 3001// 163// 162//
f 3001// 162// 2930//
f 2930// 162// 161//
f 2930// 161// 2931//
f 2931// 161// 155//
f 2931// 155// 2979//
f 2979// 155// 154//
f 2979// 154// 2980//
f 2980// 154// 153//
f 2980// 153// 2982//
f 2982// 153// 150//
f 2982// 150// 2983//
f 2983// 150// 145//
f 2983// 145// 2937//
f 2937// 145// 148//
f 2937// 148// 2938//
f 2938// 148// 156//
f 2938// 156// 2972//
f 2972// 156// 158//
f 2972// 158// 2974//
f 2974// 158// 160//
f 2974// 160// 3049//
f 3049// 160// 159//
f 3049// 159// 3051//
f 3051// 159// 157//
f 3051// 157// 3053//
f 3053// 157// 147//
f 3053// 147// 3055//
f 3055// 147// 146//
f 3055// 146// 3056//
f 3056// 146// 144//
f 3056// 144// 3044//
f 3044// 144// 143//
f 3044// 143// 3046//
f 3046// 143// 152//
f 3046// 152// 3047//
f 3047// 152// 2963//
f 2963// 152// 151//
f 2963// 151// 137//
f 2964// 2963// 138//
f 138// 2963// 137//
f 2964// 138// 142//
f 2964// 142// 2966//
f 2966// 142// 141//
f 2966// 141// 2968//
f 2968// 141// 140//
f 2968// 140// 3030//
f 3030// 140// 139//
f 3030// 139// 3031//
f 3031// 139// 90//
f 3031// 90// 3033//
f 90// 89// 3033//
f 3033// 89// 88//
f 3033// 88// 3035//
f 3035// 88// 115//
f 3035// 115// 3037//
f 3037// 115// 114//
f 3037// 114// 3039//
f 3039// 114// 113//
f 3039// 113// 3041//
f 3041// 113// 112//
f 3041// 112// 3042//
f 3042// 112// 134//
f 3042// 134// 2989//
f 2989// 134// 133//
f 2989// 133// 2991//
f 2991// 133// 132//
f 2991// 132// 2993//
f 2993// 132// 131//
f 2993// 131// 2995//
f 2997// 2995// 130//
f 130// 2995// 131//
f 2997// 130// 95//
f 2997// 95// 3071//
f 3071// 95// 94//
f 3071// 94// 3057//
f 3057// 94// 93//
f 3057// 93// 3082//
f 3082// 93// 79//
f 3082// 79// 3076//
f 3076// 79// 78//
f 3076// 78// 3077//
f 3077// 78// 85//
f 3077// 85// 3079//
f 3079// 85// 106//
f 3079// 106// 3080//
f 3080// 106// 105//
f 3080// 105// 3081//
f 3081// 105// 103//
f 3081// 103// 3078//
f 3078// 103// 102//
f 3078// 102// 3073//
f 3073// 102// 121//
f 3073// 121// 3074//
f 3074// 121// 120//
f 3074// 120// 3075//
f 3075// 120// 119//
f 3075// 119// 3058//
f 3058// 119// 118//
f 3058// 118// 3059//
f 3059// 118// 117//
f 3059// 117// 3072//
f 3072// 117// 116//
f 3072// 116// 2998//
f 2998// 116// 129//
f 2998// 129// 2996//
f 2994// 2996// 128//
f 128// 2996// 129//
f 2994// 128// 127//
f 2994// 127// 2992//
f 2992// 127// 87//
f 2992// 87// 2990//
f 2990// 87// 86//
f 2990// 86// 2988//
f 2988// 86// 92//
f 2988// 92// 3040//
f 3040// 92// 96//
f 3040// 96// 3038//
f 3038// 96// 76//
f 3038// 76// 3036//
f 3022// 3083// 3084//
f 3022// 3084// 3024//
f 3024// 3084// 3085//
f 3024// 3085// 3026//
f 3026// 3085// 3086//
f 3026// 3086// 3028//
f 3028// 3086// 3087//
f 3028// 3087// 3029//
f 3029// 3087// 3088//
f 3029// 3088// 2984//
f 2984// 3088// 3089//
f 2984// 3089// 2985//
f 2985// 3089// 3090//
f 2985// 3090// 2986//
f 2986// 3090// 3091//
f 2986// 3091// 2987//
f 2987// 3091// 3092//
f 2987// 3092// 2962//
f 2962// 3092// 3093//
f 2962// 3093// 2961//
f 2961// 3093// 3094//
f 2961// 3094// 2960//
f 2960// 3094// 3095//
f 2960// 3095// 2958//
f 2958// 3095// 3096//
f 2958// 3096// 2956//
f 2956// 3096// 3097//
f 2956// 3097// 2954//
f 2954// 3097// 3098//
f 2954// 3098// 2952//
f 2952// 3098// 3099//
f 2952// 3099// 2951//
f 2951// 3099// 3100//
f 2951// 3100// 3008//
f 3008// 3100// 3101//
f 3008// 3101// 3007//
f 3007// 3101// 3102//
f 3007// 3102// 3006//
f 3006// 3102// 3103//
f 3006// 3103// 3009//
f 3009// 3103// 3104//
f 3009// 3104// 3010//
f 3010// 3104// 3105//
f 3010// 3105// 3012//
f 3012// 3105// 3106//
f 3012// 3106// 3014//
f 3014// 3106// 3107//
f 3014// 3107// 3016//
f 3016// 3107// 3108//
f 3016// 3108// 3018//
f 3018// 3108// 3109//
f 3018// 3109// 3020//
f 3020// 3109// 3083//
f 3020// 3083// 3022//
usemtl 1
f 3097// 3107// 3106//
f 3095// 3094// 3084//
f 3083// 3109// 3097//
f 3097// 3109// 3108//
f 3097// 3108// 3107//
f 3102// 3101// 3106//
f 3106// 3101// 3100//
f 3083// 3097// 3084//
f 3084// 3097// 3096//
f 3084// 3096// 3095//
f 3105// 3104// 3106//
f 3106// 3104// 3103//
f 3106// 3103// 3102//
f 3100// 3099// 3106//
f 3106// 3099// 3098//
f 3106// 3098// 3097//
f 3094// 3093// 3084//
f 3084// 3093// 3092//
f 3084// 3092// 3091//
f 3091// 3090// 3084//
f 3084// 3090// 3089//
f 3084// 3089// 3088//
f 3088// 3087// 3084//
f 3084// 3087// 3086//
f 3084// 3086// 3085//
