Upload_designator,Native_reference,Source_BOM_designator,LCSC_part,Assembly,Native_footprint,Actual_X_mm,Actual_Y_mm,CPL_X_mm,CPL_Y_mm,Rotation_deg,Native_rotation_deg,Library_rotation_offset_deg,Center_basis,Assembly_note
B1,B1,B1,C49678,SMT,Capacitor_SMD:C_0805_2012Metric,152.903000,-121.551000,152.903000,-121.551000,270.000000,270.000000,0,Native KiCad body origin; angle corrected separately against exact purchased library,
B2,B2,B2,C49678,SMT,Capacitor_SMD:C_0805_2012Metric,172.100000,-121.551000,172.100000,-121.551000,270.000000,270.000000,0,Native KiCad body origin; angle corrected separately against exact purchased library,
B3,B3,B3,C49678,SMT,Capacitor_SMD:C_0805_2012Metric,191.380000,-121.551000,191.380000,-121.551000,270.000000,270.000000,0,Native KiCad body origin; angle corrected separately against exact purchased library,
B4,B4,B4,C49678,SMT,Capacitor_SMD:C_0805_2012Metric,222.229000,-121.551000,222.229000,-121.551000,270.000000,270.000000,0,Native KiCad body origin; angle corrected separately against exact purchased library,
B5,B5,B5,C49678,SMT,Capacitor_SMD:C_0805_2012Metric,261.796000,-121.551000,261.796000,-121.551000,270.000000,270.000000,0,Native KiCad body origin; angle corrected separately against exact purchased library,
B6,B6,B6,C49678,SMT,Capacitor_SMD:C_0805_2012Metric,98.750000,-79.820000,98.750000,-79.820000,270.000000,270.000000,0,Native KiCad body origin; angle corrected separately against exact purchased library,
B9,B9,B9,C49678,SMT,Capacitor_SMD:C_0805_2012Metric,345.318000,-121.970000,345.318000,-121.970000,270.000000,270.000000,0,Native KiCad body origin; angle corrected separately against exact purchased library,
B10,B10,B10,C49678,SMT,Capacitor_SMD:C_0805_2012Metric,340.502000,-149.634000,340.502000,-149.634000,270.000000,270.000000,0,Native KiCad body origin; angle corrected separately against exact purchased library,
B11,B11,B11,C49678,SMT,Capacitor_SMD:C_0805_2012Metric,360.919000,-149.634000,360.919000,-149.634000,270.000000,270.000000,0,Native KiCad body origin; angle corrected separately against exact purchased library,
B12,B12,B12,C49678,SMT,Capacitor_SMD:C_0805_2012Metric,382.142000,-149.634000,382.142000,-149.634000,270.000000,270.000000,0,Native KiCad body origin; angle corrected separately against exact purchased library,
B13,B13,B13,C49678,SMT,Capacitor_SMD:C_0805_2012Metric,383.500000,-146.000000,383.500000,-146.000000,270.000000,270.000000,0,Native KiCad body origin; angle corrected separately against exact purchased library,
B15,B15,B15,C49678,SMT,Capacitor_SMD:C_0805_2012Metric,350.582000,-161.649000,350.582000,-161.649000,270.000000,270.000000,0,Native KiCad body origin; angle corrected separately against exact purchased library,
B16,B16,B16,C49678,SMT,Capacitor_SMD:C_0805_2012Metric,387.675000,-173.022000,387.675000,-173.022000,270.000000,270.000000,0,Native KiCad body origin; angle corrected separately against exact purchased library,
B18,B18,B18,C49678,SMT,Capacitor_SMD:C_0805_2012Metric,416.879000,-155.031000,416.879000,-155.031000,270.000000,270.000000,0,Native KiCad body origin; angle corrected separately against exact purchased library,
B19,B19,B19,C49678,SMT,Capacitor_SMD:C_0805_2012Metric,420.850000,-157.178000,420.850000,-157.178000,270.000000,270.000000,0,Native KiCad body origin; angle corrected separately against exact purchased library,
BR3,BR3,BR3,C906984,THT,wpc_cost:ONSEMI_GBPC2506W_18mm_formed,251.988000,-23.304000,251.988000,-23.304000,270.000000,270.000000,0,Native F.Fab body-outline bounding-box center,"Form wire leads to 18 x 18 mm pattern; + to pad 1, - to pad 2, AC to 3/4; preserve 0.12 mm standoff. New body max 11.23 mm. M4x20 screw replaces M4x16. No public library; manually preserve native +, minus, AC and formed-lead mapping."
C2,C2,C2,C109394,THT,Capacitor_THT:CP_Radial_D8.0mm_P3.50mm,125.000000,-58.700000,125.000000,-58.700000,0.000000,0.000000,0,Radial capacitor F.Fab body-circle center,
C4,C4,C4,C109394,THT,Capacitor_THT:CP_Radial_D8.0mm_P3.50mm,254.418000,-81.423000,254.418000,-81.423000,270.000000,270.000000,0,Radial capacitor F.Fab body-circle center,
C5,C5,C5,C443892,THT,Capacitor_THT:CP_Radial_D18.0mm_P7.50mm,324.583000,-48.345000,324.583000,-48.345000,0.000000,0.000000,0,Radial capacitor F.Fab body-circle center,
C6,C6,C6,C443892,THT,Capacitor_THT:CP_Radial_D18.0mm_P7.50mm,399.694000,-107.527000,399.694000,-107.527000,0.000000,0.000000,0,Radial capacitor F.Fab body-circle center,
C7,C7,C7,C443892,THT,Capacitor_THT:CP_Radial_D18.0mm_P7.50mm,361.049000,-107.863000,361.049000,-107.863000,0.000000,0.000000,0,Radial capacitor F.Fab body-circle center,
C8,C8,C8,C3445915,THT,Capacitor_THT:CP_Radial_D18.0mm_P7.50mm,324.000000,-93.000000,324.000000,-93.000000,270.000000,270.000000,0,Radial capacitor F.Fab body-circle center,
C9,C9,C9,C109394,THT,Capacitor_THT:CP_Radial_D8.0mm_P3.50mm,241.868000,-81.395000,241.868000,-81.395000,270.000000,270.000000,0,Radial capacitor F.Fab body-circle center,
C11,C11,C11,C443892,THT,Capacitor_THT:CP_Radial_D18.0mm_P7.50mm,322.000000,-23.000000,322.000000,-23.000000,270.000000,270.000000,0,Radial capacitor F.Fab body-circle center,
C12,C12,C12,C109394,THT,Capacitor_THT:CP_Radial_D8.0mm_P3.50mm,113.847000,-68.390000,113.847000,-68.390000,270.000000,270.000000,0,Radial capacitor F.Fab body-circle center,
C13,C13,C13,C49678,SMT,Capacitor_SMD:C_0805_2012Metric,337.175000,-172.686000,337.175000,-172.686000,270.000000,270.000000,0,Native KiCad body origin; angle corrected separately against exact purchased library,
C14,C14,C14,C49678,SMT,Capacitor_SMD:C_0805_2012Metric,333.165000,-172.686000,333.165000,-172.686000,270.000000,270.000000,0,Native KiCad body origin; angle corrected separately against exact purchased library,
C15,C15,C15,C49678,SMT,Capacitor_SMD:C_0805_2012Metric,354.544000,-161.646000,354.544000,-161.646000,270.000000,270.000000,0,Native KiCad body origin; angle corrected separately against exact purchased library,
C16,C16,C16,C49678,SMT,Capacitor_SMD:C_0805_2012Metric,358.506000,-172.686000,358.506000,-172.686000,270.000000,270.000000,0,Native KiCad body origin; angle corrected separately against exact purchased library,
C17,C17,C17,C49678,SMT,Capacitor_SMD:C_0805_2012Metric,374.293000,-164.875000,374.293000,-164.875000,270.000000,270.000000,0,Native KiCad body origin; angle corrected separately against exact purchased library,
C18,C18,C18,C49678,SMT,Capacitor_SMD:C_0805_2012Metric,370.315000,-164.872000,370.315000,-164.872000,270.000000,270.000000,0,Native KiCad body origin; angle corrected separately against exact purchased library,
C19,C19,C19,C49678,SMT,Capacitor_SMD:C_0805_2012Metric,391.636000,-172.686000,391.636000,-172.686000,270.000000,270.000000,0,Native KiCad body origin; angle corrected separately against exact purchased library,
C20,C20,C20,C49678,SMT,Capacitor_SMD:C_0805_2012Metric,395.597000,-172.686000,395.597000,-172.686000,270.000000,270.000000,0,Native KiCad body origin; angle corrected separately against exact purchased library,
C21,C21,C21,C1710,SMT,Capacitor_SMD:C_0805_2012Metric,86.000000,-73.600000,86.000000,-73.600000,90.000000,90.000000,0,Native KiCad body origin; angle corrected separately against exact purchased library,
C30,C30,C30,C443892,THT,Capacitor_THT:CP_Radial_D18.0mm_P7.50mm,24.600000,-56.000000,24.600000,-56.000000,0.000000,0.000000,0,Radial capacitor F.Fab body-circle center,
C31,C31,C31,C49678,SMT,Capacitor_SMD:C_0805_2012Metric,368.536000,-174.232000,368.536000,-174.232000,270.000000,270.000000,0,Native KiCad body origin; angle corrected separately against exact purchased library,
C32,C32,C32,C3445915,THT,Capacitor_THT:CP_Radial_D18.0mm_P7.50mm,284.000000,-93.000000,284.000000,-93.000000,270.000000,270.000000,0,Radial capacitor F.Fab body-circle center,
C33,C33,C33,C138687,SMT,Capacitor_SMD:C_1210_3225Metric,266.200000,-51.500000,266.200000,-51.500000,180.000000,180.000000,0,Native KiCad body origin; angle corrected separately against exact purchased library,
C34,C34,C34,C138687,SMT,Capacitor_SMD:C_1210_3225Metric,266.200000,-46.500000,266.200000,-46.500000,180.000000,180.000000,0,Native KiCad body origin; angle corrected separately against exact purchased library,
C35,C35,C35,C307331,SMT,Capacitor_SMD:C_0402_1005Metric,266.400000,-61.200000,266.400000,-61.200000,0.000000,0.000000,0,Native KiCad body origin; angle corrected separately against exact purchased library,
C36,C36,C36,C49678,SMT,Capacitor_SMD:C_0805_2012Metric,279.000000,-69.000000,279.000000,-69.000000,0.000000,0.000000,0,Native KiCad body origin; angle corrected separately against exact purchased library,
C37,C37,C37,C107121,SMT,Capacitor_SMD:C_0805_2012Metric,283.000000,-65.000000,283.000000,-65.000000,0.000000,0.000000,0,Native KiCad body origin; angle corrected separately against exact purchased library,
C38,C38,C38,C138687,SMT,Capacitor_SMD:C_1210_3225Metric,271.800000,-51.500000,271.800000,-51.500000,0.000000,0.000000,0,Native KiCad body origin; angle corrected separately against exact purchased library,
C39,C39,C39,C138687,SMT,Capacitor_SMD:C_1210_3225Metric,140.200000,-61.500000,140.200000,-61.500000,180.000000,180.000000,0,Native KiCad body origin; angle corrected separately against exact purchased library,
C40,C40,C40,C138687,SMT,Capacitor_SMD:C_1210_3225Metric,140.200000,-56.500000,140.200000,-56.500000,180.000000,180.000000,0,Native KiCad body origin; angle corrected separately against exact purchased library,
C41,C41,C41,C307331,SMT,Capacitor_SMD:C_0402_1005Metric,140.400000,-71.200000,140.400000,-71.200000,0.000000,0.000000,0,Native KiCad body origin; angle corrected separately against exact purchased library,
C42,C42,C42,C73142,SMT,Capacitor_SMD:C_0805_2012Metric,153.000000,-79.000000,153.000000,-79.000000,0.000000,0.000000,0,Native KiCad body origin; angle corrected separately against exact purchased library,
C43,C43,C43,C62774,SMT,Capacitor_SMD:C_0805_2012Metric,157.000000,-75.000000,157.000000,-75.000000,0.000000,0.000000,0,Native KiCad body origin; angle corrected separately against exact purchased library,
C44,C44,C44,C138687,SMT,Capacitor_SMD:C_1210_3225Metric,145.800000,-61.500000,145.800000,-61.500000,0.000000,0.000000,0,Native KiCad body origin; angle corrected separately against exact purchased library,
C45,C45,C45,C307331,SMT,Capacitor_SMD:C_0402_1005Metric,271.600000,-61.200000,271.600000,-61.200000,180.000000,180.000000,0,Native KiCad body origin; angle corrected separately against exact purchased library,
C46,C46,C46,C138687,SMT,Capacitor_SMD:C_1210_3225Metric,276.000000,-58.000000,276.000000,-58.000000,0.000000,0.000000,0,Native KiCad body origin; angle corrected separately against exact purchased library,
C47,C47,C47,C307331,SMT,Capacitor_SMD:C_0402_1005Metric,268.480000,-55.450000,268.480000,-55.450000,0.000000,0.000000,0,Native KiCad body origin; angle corrected separately against exact purchased library,
C48,C48,C48,C307331,SMT,Capacitor_SMD:C_0402_1005Metric,269.520000,-54.350000,269.520000,-54.350000,180.000000,180.000000,0,Native KiCad body origin; angle corrected separately against exact purchased library,
C49,C49,C49,C138687,SMT,Capacitor_SMD:C_1210_3225Metric,261.000000,-51.500000,261.000000,-51.500000,180.000000,180.000000,0,Native KiCad body origin; angle corrected separately against exact purchased library,
C50,C50,C50,C138687,SMT,Capacitor_SMD:C_1210_3225Metric,261.000000,-46.500000,261.000000,-46.500000,180.000000,180.000000,0,Native KiCad body origin; angle corrected separately against exact purchased library,
C51,C51,C51,C138687,SMT,Capacitor_SMD:C_1210_3225Metric,271.800000,-46.500000,271.800000,-46.500000,0.000000,0.000000,0,Native KiCad body origin; angle corrected separately against exact purchased library,
C52,C52,C52,C307331,SMT,Capacitor_SMD:C_0402_1005Metric,145.600000,-71.200000,145.600000,-71.200000,180.000000,180.000000,0,Native KiCad body origin; angle corrected separately against exact purchased library,
C53,C53,C53,C138687,SMT,Capacitor_SMD:C_1210_3225Metric,150.000000,-68.000000,150.000000,-68.000000,0.000000,0.000000,0,Native KiCad body origin; angle corrected separately against exact purchased library,
C54,C54,C54,C307331,SMT,Capacitor_SMD:C_0402_1005Metric,142.480000,-65.450000,142.480000,-65.450000,0.000000,0.000000,0,Native KiCad body origin; angle corrected separately against exact purchased library,
C55,C55,C55,C307331,SMT,Capacitor_SMD:C_0402_1005Metric,143.520000,-64.350000,143.520000,-64.350000,180.000000,180.000000,0,Native KiCad body origin; angle corrected separately against exact purchased library,
C56,C56,C56,C138687,SMT,Capacitor_SMD:C_1210_3225Metric,135.000000,-61.500000,135.000000,-61.500000,180.000000,180.000000,0,Native KiCad body origin; angle corrected separately against exact purchased library,
C57,C57,C57,C138687,SMT,Capacitor_SMD:C_1210_3225Metric,135.000000,-56.500000,135.000000,-56.500000,180.000000,180.000000,0,Native KiCad body origin; angle corrected separately against exact purchased library,
C58,C58,C58,C138687,SMT,Capacitor_SMD:C_1210_3225Metric,145.800000,-56.500000,145.800000,-56.500000,0.000000,0.000000,0,Native KiCad body origin; angle corrected separately against exact purchased library,
C59,C59,C59,C443892,THT,Capacitor_THT:CP_Radial_D18.0mm_P7.50mm,324.583000,-68.345000,324.583000,-68.345000,0.000000,0.000000,0,Radial capacitor F.Fab body-circle center,
C60,C60,C60,C443892,THT,Capacitor_THT:CP_Radial_D18.0mm_P7.50mm,399.694000,-127.527000,399.694000,-127.527000,0.000000,0.000000,0,Radial capacitor F.Fab body-circle center,
C61,C61,C61,C443892,THT,Capacitor_THT:CP_Radial_D18.0mm_P7.50mm,361.049000,-127.863000,361.049000,-127.863000,0.000000,0.000000,0,Radial capacitor F.Fab body-circle center,
C62,C62,C62,C443892,THT,Capacitor_THT:CP_Radial_D18.0mm_P7.50mm,342.000000,-16.000000,342.000000,-16.000000,270.000000,270.000000,0,Radial capacitor F.Fab body-circle center,
C63,C63,C63,C443892,THT,Capacitor_THT:CP_Radial_D18.0mm_P7.50mm,28.000000,-75.000000,28.000000,-75.000000,0.000000,0.000000,0,Radial capacitor F.Fab body-circle center,
C64,C64,C64,C3445915,THT,Capacitor_THT:CP_Radial_D18.0mm_P7.50mm,344.000000,-93.000000,344.000000,-93.000000,270.000000,270.000000,0,Radial capacitor F.Fab body-circle center,
C65,C65,C65,C3445915,THT,Capacitor_THT:CP_Radial_D18.0mm_P7.50mm,304.000000,-93.000000,304.000000,-93.000000,270.000000,270.000000,0,Radial capacitor F.Fab body-circle center,
D1,D1,D1,C95872,SMT,Diode_SMD:D_SMA,220.385000,-156.116000,220.385000,-156.116000,0.000000,0.000000,0,Native KiCad body origin; angle corrected separately against exact purchased library,
D2,D2,D2,C95872,SMT,Diode_SMD:D_SMA,220.385000,-182.522000,220.385000,-182.522000,0.000000,0.000000,0,Native KiCad body origin; angle corrected separately against exact purchased library,
D3,D3,D3,C95872,SMT,Diode_SMD:D_SMA,220.385000,-208.918000,220.385000,-208.918000,0.000000,0.000000,0,Native KiCad body origin; angle corrected separately against exact purchased library,
D5,D5,D5,C460944,SMT,Diode_SMD:D_SMC,163.382000,-156.209000,163.382000,-156.209000,0.000000,0.000000,0,Native KiCad body origin; angle corrected separately against exact purchased library,
D6,D6,D6,C460944,SMT,Diode_SMD:D_SMC,163.382000,-182.615000,163.382000,-182.615000,0.000000,0.000000,0,Native KiCad body origin; angle corrected separately against exact purchased library,
D7,D7,D7,C460944,SMT,Diode_SMD:D_SMC,163.382000,-209.023000,163.382000,-209.023000,0.000000,0.000000,0,Native KiCad body origin; angle corrected separately against exact purchased library,
D8,D8,D8,C460944,SMT,Diode_SMD:D_SMC,163.382000,-235.427000,163.382000,-235.427000,0.000000,0.000000,0,Native KiCad body origin; angle corrected separately against exact purchased library,
D9,D9,D9,C95872,SMT,Diode_SMD:D_SMA,196.913000,-156.116000,196.913000,-156.116000,0.000000,0.000000,0,Native KiCad body origin; angle corrected separately against exact purchased library,
D10,D10,D10,C95872,SMT,Diode_SMD:D_SMA,196.913000,-182.522000,196.913000,-182.522000,0.000000,0.000000,0,Native KiCad body origin; angle corrected separately against exact purchased library,
D11,D11,D11,C95872,SMT,Diode_SMD:D_SMA,196.913000,-208.918000,196.913000,-208.918000,0.000000,0.000000,0,Native KiCad body origin; angle corrected separately against exact purchased library,
D12,D12,D12,C95872,SMT,Diode_SMD:D_SMA,196.913000,-235.334000,196.913000,-235.334000,0.000000,0.000000,0,Native KiCad body origin; angle corrected separately against exact purchased library,
D17,D17,D17,C460944,SMT,Diode_SMD:D_SMC,244.108000,-156.209000,244.108000,-156.209000,0.000000,0.000000,0,Native KiCad body origin; angle corrected separately against exact purchased library,
D18,D18,D18,C460944,SMT,Diode_SMD:D_SMC,244.108000,-182.615000,244.108000,-182.615000,0.000000,0.000000,0,Native KiCad body origin; angle corrected separately against exact purchased library,
D19,D19,D19,C460944,SMT,Diode_SMD:D_SMC,244.108000,-209.023000,244.108000,-209.023000,0.000000,0.000000,0,Native KiCad body origin; angle corrected separately against exact purchased library,
D20,D20,D20,C460944,SMT,Diode_SMD:D_SMC,244.108000,-235.427000,244.108000,-235.427000,0.000000,0.000000,0,Native KiCad body origin; angle corrected separately against exact purchased library,
D21,D21,D21,C460944,SMT,Diode_SMD:D_SMC,265.904000,-156.209000,265.904000,-156.209000,0.000000,0.000000,0,Native KiCad body origin; angle corrected separately against exact purchased library,
D22,D22,D22,C460944,SMT,Diode_SMD:D_SMC,265.904000,-182.615000,265.904000,-182.615000,0.000000,0.000000,0,Native KiCad body origin; angle corrected separately against exact purchased library,
D23,D23,D23,C460944,SMT,Diode_SMD:D_SMC,265.904000,-209.023000,265.904000,-209.023000,0.000000,0.000000,0,Native KiCad body origin; angle corrected separately against exact purchased library,
D24,D24,D24,C460944,SMT,Diode_SMD:D_SMC,265.904000,-235.427000,265.904000,-235.427000,0.000000,0.000000,0,Native KiCad body origin; angle corrected separately against exact purchased library,
D25,D25,D25,C460944,SMT,Diode_SMD:D_SMC,286.861000,-159.827000,286.861000,-159.827000,0.000000,0.000000,0,Native KiCad body origin; angle corrected separately against exact purchased library,
D26,D26,D26,C460944,SMT,Diode_SMD:D_SMC,286.861000,-185.412000,286.861000,-185.412000,0.000000,0.000000,0,Native KiCad body origin; angle corrected separately against exact purchased library,
D27,D27,D27,C460944,SMT,Diode_SMD:D_SMC,286.861000,-210.977000,286.861000,-210.977000,0.000000,0.000000,0,Native KiCad body origin; angle corrected separately against exact purchased library,
D28,D28,D28,C460944,SMT,Diode_SMD:D_SMC,286.861000,-236.556000,286.861000,-236.556000,0.000000,0.000000,0,Native KiCad body origin; angle corrected separately against exact purchased library,
D29,D29,D29,C460944,SMT,Diode_SMD:D_SMC,311.422000,-159.827000,311.422000,-159.827000,0.000000,0.000000,0,Native KiCad body origin; angle corrected separately against exact purchased library,
D30,D30,D30,C460944,SMT,Diode_SMD:D_SMC,311.422000,-185.412000,311.422000,-185.412000,0.000000,0.000000,0,Native KiCad body origin; angle corrected separately against exact purchased library,
D31,D31,D31,C460944,SMT,Diode_SMD:D_SMC,311.422000,-210.977000,311.422000,-210.977000,0.000000,0.000000,0,Native KiCad body origin; angle corrected separately against exact purchased library,
D32,D32,D32,C460944,SMT,Diode_SMD:D_SMC,311.422000,-236.556000,311.422000,-236.556000,0.000000,0.000000,0,Native KiCad body origin; angle corrected separately against exact purchased library,
D33,D33,D33,C81598,SMT,Diode_SMD:D_SOD-123,352.108000,-166.520000,352.108000,-166.520000,0.000000,0.000000,0,Native KiCad body origin; angle corrected separately against exact purchased library,
D34,D34,D34,C81598,SMT,Diode_SMD:D_SOD-123,351.912000,-170.842000,351.912000,-170.842000,0.000000,0.000000,0,Native KiCad body origin; angle corrected separately against exact purchased library,
D38,D38,D38,C95872,SMT,Diode_SMD:D_SMA,220.385000,-235.334000,220.385000,-235.334000,0.000000,0.000000,0,Native KiCad body origin; angle corrected separately against exact purchased library,
D101,D101,D101,C5143116,THT,wpc_cost:TO220_Schottky_AKA_5772,350.000000,-54.300000,350.000000,-54.300000,180.000000,180.000000,0,Native F.Fab body-outline bounding-box center, Anodes are symmetric; public TO-220 3D model is below PCB / wrongly framed. Retain native tab direction and require manual tab-to-heatsink review.
D102,D102,D102,C5143116,THT,wpc_cost:TO220_Schottky_AKA_5772,376.000000,-78.300000,376.000000,-78.300000,180.000000,180.000000,0,Native F.Fab body-outline bounding-box center, Anodes are symmetric; public TO-220 3D model is below PCB / wrongly framed. Retain native tab direction and require manual tab-to-heatsink review.
D103,D103,D103,C5143116,THT,wpc_cost:TO220_Schottky_AKA_5772,350.000000,-31.700000,350.000000,-31.700000,0.000000,0.000000,0,Native F.Fab body-outline bounding-box center, Anodes are symmetric; public TO-220 3D model is below PCB / wrongly framed. Retain native tab direction and require manual tab-to-heatsink review.
D104,D104,D104,C5143116,THT,wpc_cost:TO220_Schottky_AKA_5772,363.400000,-16.700000,363.400000,-16.700000,0.000000,0.000000,0,Native F.Fab body-outline bounding-box center, Anodes are symmetric; public TO-220 3D model is below PCB / wrongly framed. Retain native tab direction and require manual tab-to-heatsink review.
D105,D105,D105,C235758,SMT,wpc_cost:D2PAK_Schottky_AKA,290.000000,-114.000000,290.000000,-114.000000,270.000000,0.000000,-90,Native KiCad body origin; angle corrected separately against exact purchased library, CPL rotation includes -90 deg LCSC library correction; native PCB rotation is 0 deg.
D106,D106,D106,C235758,SMT,wpc_cost:D2PAK_Schottky_AKA,311.000000,-114.000000,311.000000,-114.000000,90.000000,180.000000,-90,Native KiCad body origin; angle corrected separately against exact purchased library, CPL rotation includes -90 deg LCSC library correction; native PCB rotation is 180 deg.
D107,D107,D107,C235758,SMT,wpc_cost:D2PAK_Schottky_AKA,290.000000,-128.000000,290.000000,-128.000000,90.000000,180.000000,-90,Native KiCad body origin; angle corrected separately against exact purchased library, CPL rotation includes -90 deg LCSC library correction; native PCB rotation is 180 deg.
D108,D108,D108,C235758,SMT,wpc_cost:D2PAK_Schottky_AKA,311.000000,-128.000000,311.000000,-128.000000,270.000000,0.000000,-90,Native KiCad body origin; angle corrected separately against exact purchased library, CPL rotation includes -90 deg LCSC library correction; native PCB rotation is 0 deg.
D109,D109,D109,C235758,SMT,wpc_cost:D2PAK_Schottky_AKA,281.000000,-12.000000,281.000000,-12.000000,270.000000,0.000000,-90,Native KiCad body origin; angle corrected separately against exact purchased library, CPL rotation includes -90 deg LCSC library correction; native PCB rotation is 0 deg.
D110,D110,D110,C235758,SMT,wpc_cost:D2PAK_Schottky_AKA,302.000000,-12.000000,302.000000,-12.000000,90.000000,180.000000,-90,Native KiCad body origin; angle corrected separately against exact purchased library, CPL rotation includes -90 deg LCSC library correction; native PCB rotation is 180 deg.
D111,D111,D111,C235758,SMT,wpc_cost:D2PAK_Schottky_AKA,281.000000,-26.000000,281.000000,-26.000000,90.000000,180.000000,-90,Native KiCad body origin; angle corrected separately against exact purchased library, CPL rotation includes -90 deg LCSC library correction; native PCB rotation is 180 deg.
D112,D112,D112,C235758,SMT,wpc_cost:D2PAK_Schottky_AKA,302.000000,-26.000000,302.000000,-26.000000,270.000000,0.000000,-90,Native KiCad body origin; angle corrected separately against exact purchased library, CPL rotation includes -90 deg LCSC library correction; native PCB rotation is 0 deg.
D113,D113,D113,C235758,SMT,wpc_cost:D2PAK_Schottky_AKA,17.000000,-40.000000,17.000000,-40.000000,180.000000,270.000000,-90,Native KiCad body origin; angle corrected separately against exact purchased library, CPL rotation includes -90 deg LCSC library correction; native PCB rotation is 270 deg.
D114,D114,D114,C235758,SMT,wpc_cost:D2PAK_Schottky_AKA,30.400000,-40.000000,30.400000,-40.000000,180.000000,270.000000,-90,Native KiCad body origin; angle corrected separately against exact purchased library, CPL rotation includes -90 deg LCSC library correction; native PCB rotation is 270 deg.
D115,D115,D115,C235758,SMT,wpc_cost:D2PAK_Schottky_AKA,17.000000,-19.000000,17.000000,-19.000000,0.000000,90.000000,-90,Native KiCad body origin; angle corrected separately against exact purchased library, CPL rotation includes -90 deg LCSC library correction; native PCB rotation is 90 deg.
D116,D116,D116,C235758,SMT,wpc_cost:D2PAK_Schottky_AKA,30.400000,-19.000000,30.400000,-19.000000,0.000000,90.000000,-90,Native KiCad body origin; angle corrected separately against exact purchased library, CPL rotation includes -90 deg LCSC library correction; native PCB rotation is 90 deg.
F101,F101,F101,C268204,THT,wpc_cost:HONGJU_FH1_200CK_G,165.142000,-64.716000,165.142000,-64.716000,270.000000,270.000000,0,Native F.Fab body-outline bounding-box center,
F102,F102,F102,C268204,THT,wpc_cost:HONGJU_FH1_200CK_G,180.483000,-64.716000,180.483000,-64.716000,270.000000,270.000000,0,Native F.Fab body-outline bounding-box center,
F103,F103,F103,C142824,Fuse cartridge insertion,wpc_cost:HONGJU_FH1_200CK_G,196.494000,-64.716000,196.794000,-64.716000,270.000000,270.000000,0,Native F.Fab body-outline bounding-box center,Insert F103 into FH103. CPL X +0.3 mm is a stacked-part selection offset only; actual position is holder center.
F104,F104,F104,C142824,Fuse cartridge insertion,wpc_cost:HONGJU_FH1_200CK_G,211.834000,-64.716000,212.134000,-64.716000,270.000000,270.000000,0,Native F.Fab body-outline bounding-box center,Insert F104 into FH104. CPL X +0.3 mm is a stacked-part selection offset only; actual position is holder center.
F105,F105,F105,C142824,Fuse cartridge insertion,wpc_cost:HONGJU_FH1_200CK_G,227.343000,-64.716000,227.643000,-64.716000,270.000000,270.000000,0,Native F.Fab body-outline bounding-box center,Insert F105 into FH105. CPL X +0.3 mm is a stacked-part selection offset only; actual position is holder center.
F106,F106,F106,C5381754,Fuse cartridge insertion,wpc_cost:HONGJU_FH1_200CK_G,32.945000,-233.211000,33.245000,-233.211000,0.000000,0.000000,0,Native F.Fab body-outline bounding-box center,Insert F106 into FH106. CPL X +0.3 mm is a stacked-part selection offset only; actual position is holder center.
F107,F107,F107,C5381754,Fuse cartridge insertion,wpc_cost:HONGJU_FH1_200CK_G,32.945000,-218.624000,33.245000,-218.624000,0.000000,0.000000,0,Native F.Fab body-outline bounding-box center,Insert F107 into FH107. CPL X +0.3 mm is a stacked-part selection offset only; actual position is holder center.
F108,F108,F108,C5381754,Fuse cartridge insertion,wpc_cost:HONGJU_FH1_200CK_G,33.095000,-204.038000,33.395000,-204.038000,0.000000,0.000000,0,Native F.Fab body-outline bounding-box center,Insert F108 into FH108. CPL X +0.3 mm is a stacked-part selection offset only; actual position is holder center.
F109,F109,F109,C5381754,Fuse cartridge insertion,wpc_cost:HONGJU_FH1_200CK_G,77.793000,-218.624000,78.093000,-218.624000,0.000000,0.000000,0,Native F.Fab body-outline bounding-box center,Insert F109 into FH109. CPL X +0.3 mm is a stacked-part selection offset only; actual position is holder center.
F110,F110,F110,C5381754,Fuse cartridge insertion,wpc_cost:HONGJU_FH1_200CK_G,77.793000,-233.211000,78.093000,-233.211000,0.000000,0.000000,0,Native F.Fab body-outline bounding-box center,Insert F110 into FH110. CPL X +0.3 mm is a stacked-part selection offset only; actual position is holder center.
F111,F111,F111,C5381754,Fuse cartridge insertion,wpc_cost:HONGJU_FH1_200CK_G,400.951000,-46.525000,401.251000,-46.525000,0.000000,0.000000,0,Native F.Fab body-outline bounding-box center,Insert F111 into FH111. CPL X +0.3 mm is a stacked-part selection offset only; actual position is holder center.
F112,F112,F112,C3014110,SMT,wpc_cost:TLC_TA_2410_Fuse,400.951000,-61.614000,400.951000,-61.614000,0.000000,0.000000,0,Native KiCad body origin; angle corrected separately against exact purchased library,TLC TA7 soldered 2410 time-lag 7 A fuse; replacement requires desoldering. No holder. Do not up-rate.
F113,F113,F113,C5381754,Fuse cartridge insertion,wpc_cost:HONGJU_FH1_200CK_G,400.951000,-76.451000,401.251000,-76.451000,0.000000,0.000000,0,Native F.Fab body-outline bounding-box center,Insert F113 into FH113. CPL X +0.3 mm is a stacked-part selection offset only; actual position is holder center.
F114,F114,F114,C2936126,Fuse cartridge insertion,wpc_cost:HONGJU_FH1_200CK_G,400.951000,-91.373000,401.251000,-91.373000,0.000000,0.000000,0,Native F.Fab body-outline bounding-box center,Insert F114 into FH114. CPL X +0.3 mm is a stacked-part selection offset only; actual position is holder center.
F115,F115,F115,C5381743,Fuse cartridge insertion,wpc_cost:HONGJU_FH1_200CK_G,91.457000,-92.630000,91.757000,-92.630000,0.000000,0.000000,0,Native F.Fab body-outline bounding-box center,Insert F115 into FH115. CPL X +0.3 mm is a stacked-part selection offset only; actual position is holder center.
F116,F116,F116,C142824,Fuse cartridge insertion,wpc_cost:HONGJU_FH1_200CK_G,57.255000,-40.657000,57.555000,-40.657000,270.000000,270.000000,0,Native F.Fab body-outline bounding-box center,Insert F116 into FH116. CPL X +0.3 mm is a stacked-part selection offset only; actual position is holder center.
FH103,F103,F103_HOLDER,C268204,THT holder,wpc_cost:HONGJU_FH1_200CK_G,196.494000,-64.716000,196.494000,-64.716000,270.000000,270.000000,0,Native F.Fab body-outline bounding-box center,Fit holder before inserting the separately listed cartridge.
FH104,F104,F104_HOLDER,C268204,THT holder,wpc_cost:HONGJU_FH1_200CK_G,211.834000,-64.716000,211.834000,-64.716000,270.000000,270.000000,0,Native F.Fab body-outline bounding-box center,Fit holder before inserting the separately listed cartridge.
FH105,F105,F105_HOLDER,C268204,THT holder,wpc_cost:HONGJU_FH1_200CK_G,227.343000,-64.716000,227.343000,-64.716000,270.000000,270.000000,0,Native F.Fab body-outline bounding-box center,Fit holder before inserting the separately listed cartridge.
FH106,F106,F106_HOLDER,C268204,THT holder,wpc_cost:HONGJU_FH1_200CK_G,32.945000,-233.211000,32.945000,-233.211000,0.000000,0.000000,0,Native F.Fab body-outline bounding-box center,Fit holder before inserting the separately listed cartridge.
FH107,F107,F107_HOLDER,C268204,THT holder,wpc_cost:HONGJU_FH1_200CK_G,32.945000,-218.624000,32.945000,-218.624000,0.000000,0.000000,0,Native F.Fab body-outline bounding-box center,Fit holder before inserting the separately listed cartridge.
FH108,F108,F108_HOLDER,C268204,THT holder,wpc_cost:HONGJU_FH1_200CK_G,33.095000,-204.038000,33.095000,-204.038000,0.000000,0.000000,0,Native F.Fab body-outline bounding-box center,Fit holder before inserting the separately listed cartridge.
FH109,F109,F109_HOLDER,C268204,THT holder,wpc_cost:HONGJU_FH1_200CK_G,77.793000,-218.624000,77.793000,-218.624000,0.000000,0.000000,0,Native F.Fab body-outline bounding-box center,Fit holder before inserting the separately listed cartridge.
FH110,F110,F110_HOLDER,C268204,THT holder,wpc_cost:HONGJU_FH1_200CK_G,77.793000,-233.211000,77.793000,-233.211000,0.000000,0.000000,0,Native F.Fab body-outline bounding-box center,Fit holder before inserting the separately listed cartridge.
FH111,F111,F111_HOLDER,C268204,THT holder,wpc_cost:HONGJU_FH1_200CK_G,400.951000,-46.525000,400.951000,-46.525000,0.000000,0.000000,0,Native F.Fab body-outline bounding-box center,Fit holder before inserting the separately listed cartridge.
FH113,F113,F113_HOLDER,C268204,THT holder,wpc_cost:HONGJU_FH1_200CK_G,400.951000,-76.451000,400.951000,-76.451000,0.000000,0.000000,0,Native F.Fab body-outline bounding-box center,Fit holder before inserting the separately listed cartridge.
FH114,F114,F114_HOLDER,C268204,THT holder,wpc_cost:HONGJU_FH1_200CK_G,400.951000,-91.373000,400.951000,-91.373000,0.000000,0.000000,0,Native F.Fab body-outline bounding-box center,Fit holder before inserting the separately listed cartridge.
FH115,F115,F115_HOLDER,C268204,THT holder,wpc_cost:HONGJU_FH1_200CK_G,91.457000,-92.630000,91.457000,-92.630000,0.000000,0.000000,0,Native F.Fab body-outline bounding-box center,Fit holder before inserting the separately listed cartridge.
FH116,F116,F116_HOLDER,C268204,THT holder,wpc_cost:HONGJU_FH1_200CK_G,57.255000,-40.657000,57.255000,-40.657000,270.000000,270.000000,0,Native F.Fab body-outline bounding-box center,Fit holder before inserting the separately listed cartridge.
J101,J101,J101,C305801,THT,wpc_cost:TE_J101_Prepared,431.206000,-113.168000,431.206000,-113.168000,90.000000,270.000000,180,TE drawing 640456 / 640445 housing center; friction wall inward, CPL rotation includes +180 deg LCSC library correction; native PCB rotation is 270 deg. Supplier housing and numbered pads disagree by 180 deg; CPL follows inward friction wall. Assembler must resolve model/pad conflict against native pin/key guide. Remove key post 3; retain its PCB hole.
J102,J102,J102,C305802,THT,wpc_cost:TE_J102_Prepared,431.206000,-65.554000,431.206000,-65.554000,90.000000,270.000000,180,TE drawing 640456 / 640445 housing center; friction wall inward, CPL rotation includes +180 deg LCSC library correction; native PCB rotation is 270 deg. Supplier housing and numbered pads disagree by 180 deg; CPL follows inward friction wall. Assembler must resolve model/pad conflict against native pin/key guide. Remove key post 7; retain its PCB hole.
J103,J103,J103,C240824,THT,Connector_Molex:Molex_KK-396_A-41791-0004_1x04_P3.96mm_Vertical,432.073000,-33.950000,432.073000,-33.950000,270.000000,270.000000,0,Molex housing including friction-lock lip; supplier model and native F.Fab agree,
J104,J104,J104,C505166,THT,Connector_Molex:Molex_KK-396_A-41791-0005_1x05_P3.96mm_Vertical,400.532000,-10.793000,400.532000,-10.793000,180.000000,0.000000,180,Molex housing including friction-lock lip; supplier model and native F.Fab agree, CPL rotation includes +180 deg LCSC library correction; native PCB rotation is 0 deg. Numbered pads verified; supplier library has no 3D housing. Confirm inward friction wall manually. Remove key post 3; retain its PCB hole.
J105,J105,J105,C505166,THT,Connector_Molex:Molex_KK-396_A-41791-0005_1x05_P3.96mm_Vertical,400.532000,-33.426000,400.532000,-33.426000,180.000000,0.000000,180,Molex housing including friction-lock lip; supplier model and native F.Fab agree, CPL rotation includes +180 deg LCSC library correction; native PCB rotation is 0 deg. Numbered pads verified; supplier library has no 3D housing. Confirm inward friction wall manually. Remove key post 3; retain its PCB hole.
J106,J106,J106,C505166,THT,Connector_Molex:Molex_KK-396_A-41791-0005_1x05_P3.96mm_Vertical,222.229000,-11.631000,222.229000,-11.631000,180.000000,0.000000,180,Molex housing including friction-lock lip; supplier model and native F.Fab agree, CPL rotation includes +180 deg LCSC library correction; native PCB rotation is 0 deg. Numbered pads verified; supplier library has no 3D housing. Confirm inward friction wall manually. Remove key post 4; retain its PCB hole.
J107,J107,J107,C86500,THT,wpc_cost:TE_J107_Prepared,217.786000,-34.712000,217.786000,-34.712000,180.000000,0.000000,180,TE drawing 640456 / 640445 housing center; friction wall inward, CPL rotation includes +180 deg LCSC library correction; native PCB rotation is 0 deg. Supplier housing and numbered pads disagree by 180 deg; CPL follows inward friction wall. Assembler must resolve model/pad conflict against native pin/key guide. Remove key post 4; retain its PCB hole.
J108,J108,J108,C240823,THT,Connector_Molex:Molex_KK-396_A-41791-0003_1x03_P3.96mm_Vertical,198.757000,-11.631000,198.757000,-11.631000,0.000000,0.000000,0,Molex housing including friction-lock lip; supplier model and native F.Fab agree,
J109,J109,J109,C305801,THT,wpc_cost:TE_J109_Prepared,161.034000,-12.498000,161.034000,-12.498000,180.000000,0.000000,180,TE drawing 640456 / 640445 housing center; friction wall inward, CPL rotation includes +180 deg LCSC library correction; native PCB rotation is 0 deg. Supplier housing and numbered pads disagree by 180 deg; CPL follows inward friction wall. Assembler must resolve model/pad conflict against native pin/key guide. Remove key post 6; retain its PCB hole.
J110,J110,J110,C305802,THT,wpc_cost:TE_J110_Prepared,122.222000,-12.498000,122.222000,-12.498000,180.000000,0.000000,180,TE drawing 640456 / 640445 housing center; friction wall inward, CPL rotation includes +180 deg LCSC library correction; native PCB rotation is 0 deg. Supplier housing and numbered pads disagree by 180 deg; CPL follows inward friction wall. Assembler must resolve model/pad conflict against native pin/key guide. Remove key post 5; retain its PCB hole.
J111,J111,J111,C588986,THT,Connector_Molex:Molex_KK-254_AE-6410-05A_1x05_P2.54mm_Vertical,82.403000,-15.907000,82.403000,-15.907000,180.000000,0.000000,180,Native F.Fab body-outline bounding-box center, CPL rotation includes +180 deg LCSC library correction; native PCB rotation is 0 deg. Supplier housing and numbered pads disagree by 180 deg; CPL follows inward friction wall. Assembler must resolve model/pad conflict against native pin/key guide. Remove key post 4; retain its PCB hole.
J112,J112,J112,C505166,THT,Connector_Molex:Molex_KK-396_A-41791-0005_1x05_P3.96mm_Vertical,59.350000,-11.631000,59.350000,-11.631000,180.000000,0.000000,180,Molex housing including friction-lock lip; supplier model and native F.Fab agree, CPL rotation includes +180 deg LCSC library correction; native PCB rotation is 0 deg. Numbered pads verified; supplier library has no 3D housing. Confirm inward friction wall manually. Remove key post 4; retain its PCB hole.
J113,J113,J113,C5200275,THT,wpc_cost:XFCN_EH254V_12_34P,6.950000,-108.139000,6.950000,-108.139000,90.000000,180.000000,-90,Native F.Fab body-outline bounding-box center, CPL rotation includes -90 deg LCSC library correction; native PCB rotation is 180 deg.
J114,J114,J114,C305801,THT,wpc_cost:TE_J114_Prepared,8.372000,-175.369000,8.372000,-175.369000,270.000000,90.000000,180,TE drawing 640456 / 640445 housing center; friction wall inward, CPL rotation includes +180 deg LCSC library correction; native PCB rotation is 90 deg. Supplier housing and numbered pads disagree by 180 deg; CPL follows inward friction wall. Assembler must resolve model/pad conflict against native pin/key guide. Remove key post 6; retain its PCB hole.
J115A,J115,J115,C86500,THT,wpc_cost:TE_J115_Prepared,8.372000,-235.702000,8.372000,-235.702000,270.000000,90.000000,180,TE drawing 640456 / 640445 housing center; friction wall inward,Two 640445-6 headers: J115A pins 1-6; J115B pins 7-12. Align friction walls; dress seam if necessary. Preserve pin-1/key mapping. CPL rotation includes +180 deg LCSC library correction; native PCB rotation is 90 deg. Supplier housing and numbered pads disagree by 180 deg; CPL follows inward friction wall. Assembler must resolve model/pad conflict against native pin/key guide. No key post removed in J115A.
J115B,J115,J115,C86500,THT,wpc_cost:TE_J115_Prepared,8.372000,-211.942000,8.372000,-211.942000,270.000000,90.000000,180,TE drawing 640456 / 640445 housing center; friction wall inward,Two 640445-6 headers: J115A pins 1-6; J115B pins 7-12. Align friction walls; dress seam if necessary. Preserve pin-1/key mapping. CPL rotation includes +180 deg LCSC library correction; native PCB rotation is 90 deg. Supplier housing and numbered pads disagree by 180 deg; CPL follows inward friction wall. Assembler must resolve model/pad conflict against native pin/key guide. Remove local post 3 (native J115 pin 9).
J116,J116,J116,C240824,THT,Connector_Molex:Molex_KK-396_A-41791-0004_1x04_P3.96mm_Vertical,22.047000,-247.818000,22.047000,-247.818000,180.000000,180.000000,0,Molex housing including friction-lock lip; supplier model and native F.Fab agree, Remove key post 1; retain its PCB hole.
J117,J117,J117,C240824,THT,Connector_Molex:Molex_KK-396_A-41791-0004_1x04_P3.96mm_Vertical,22.047000,-265.405000,22.047000,-265.405000,180.000000,180.000000,0,Molex housing including friction-lock lip; supplier model and native F.Fab agree, Remove key post 1; retain its PCB hole.
J118,J118,J118,C240824,THT,Connector_Molex:Molex_KK-396_A-41791-0004_1x04_P3.96mm_Vertical,41.327000,-247.818000,41.327000,-247.818000,180.000000,180.000000,0,Molex housing including friction-lock lip; supplier model and native F.Fab agree, Remove key post 1; retain its PCB hole.
J119,J119,J119,C240823,THT,Connector_Molex:Molex_KK-396_A-41791-0003_1x03_P3.96mm_Vertical,42.585000,-265.405000,42.585000,-265.405000,180.000000,180.000000,0,Molex housing including friction-lock lip; supplier model and native F.Fab agree, Remove key post 2; retain its PCB hole.
J120,J120,J120,C592598,THT,wpc_cost:TE_J120_Prepared,90.199000,-246.951000,90.199000,-246.951000,0.000000,180.000000,180,TE drawing 640456 / 640445 housing center; friction wall inward,"Trim 13-position 1-640445-3 to 11: remove pins/body 12-13 at far end. Preserve pin 1 and friction wall; deburr. CPL rotation includes +180 deg LCSC library correction; native PCB rotation is 180 deg. No public library; TE family wall orientation inferred, manual placement required. Select matched C592598 row; trim J120/J121 and remove only specified key posts. C592598 must be checked/selected on the JLCPCB Select Parts page; a matched but unchecked row is excluded from assembly. No public LCSC footprint was returned for this code; use native pin-1/key drawing for manual placement. Remove key post 4; retain its PCB hole."
J121,J121,J121,C592598,THT,wpc_cost:TE_J121_Prepared,79.218000,-264.538000,79.218000,-264.538000,0.000000,180.000000,180,TE drawing 640456 / 640445 housing center; friction wall inward,"Trim 13-position 1-640445-3 to 11: remove pins/body 12-13 at far end. Preserve pin 1 and friction wall; deburr. CPL rotation includes +180 deg LCSC library correction; native PCB rotation is 180 deg. No public library; TE family wall orientation inferred, manual placement required. Select matched C592598 row; trim J120/J121 and remove only specified key posts. C592598 must be checked/selected on the JLCPCB Select Parts page; a matched but unchecked row is excluded from assembly. No public LCSC footprint was returned for this code; use native pin-1/key drawing for manual placement. Remove key post 4; retain its PCB hole."
J122,J122,J122,C305802,THT,wpc_cost:TE_J122_Prepared,128.509000,-264.538000,128.509000,-264.538000,0.000000,180.000000,180,TE drawing 640456 / 640445 housing center; friction wall inward, CPL rotation includes +180 deg LCSC library correction; native PCB rotation is 180 deg. Supplier housing and numbered pads disagree by 180 deg; CPL follows inward friction wall. Assembler must resolve model/pad conflict against native pin/key guide. Remove key post 7; retain its PCB hole.
J123,J123,J123,C505166,THT,Connector_Molex:Molex_KK-396_A-41791-0005_1x05_P3.96mm_Vertical,129.180000,-247.818000,129.180000,-247.818000,0.000000,180.000000,180,Molex housing including friction-lock lip; supplier model and native F.Fab agree, CPL rotation includes +180 deg LCSC library correction; native PCB rotation is 180 deg. Numbered pads verified; supplier library has no 3D housing. Confirm inward friction wall manually. Remove key post 2; retain its PCB hole.
J124,J124,J124,C505166,THT,Connector_Molex:Molex_KK-396_A-41791-0005_1x05_P3.96mm_Vertical,152.903000,-247.818000,152.903000,-247.818000,0.000000,180.000000,180,Molex housing including friction-lock lip; supplier model and native F.Fab agree, CPL rotation includes +180 deg LCSC library correction; native PCB rotation is 180 deg. Numbered pads verified; supplier library has no 3D housing. Confirm inward friction wall manually. Remove key post 4; retain its PCB hole.
J125,J125,J125,C305802,THT,wpc_cost:TE_J125_Prepared,202.362000,-246.951000,202.362000,-246.951000,0.000000,180.000000,180,TE drawing 640456 / 640445 housing center; friction wall inward, CPL rotation includes +180 deg LCSC library correction; native PCB rotation is 180 deg. Supplier housing and numbered pads disagree by 180 deg; CPL follows inward friction wall. Assembler must resolve model/pad conflict against native pin/key guide. Remove key post 4; retain its PCB hole.
J126,J126,J126,C592598,THT,wpc_cost:TE_J126_Prepared,199.176000,-264.538000,199.176000,-264.538000,0.000000,180.000000,180,TE drawing 640456 / 640445 housing center; friction wall inward," CPL rotation includes +180 deg LCSC library correction; native PCB rotation is 180 deg. No public library; TE family wall orientation inferred, manual placement required. Select matched C592598 row; trim J120/J121 and remove only specified key posts. C592598 must be checked/selected on the JLCPCB Select Parts page; a matched but unchecked row is excluded from assembly. No public LCSC footprint was returned for this code; use native pin-1/key drawing for manual placement. Remove key post 9; retain its PCB hole."
J127,J127,J127,C305802,THT,wpc_cost:TE_J127_Prepared,252.491000,-246.951000,252.491000,-246.951000,0.000000,180.000000,180,TE drawing 640456 / 640445 housing center; friction wall inward, CPL rotation includes +180 deg LCSC library correction; native PCB rotation is 180 deg. Supplier housing and numbered pads disagree by 180 deg; CPL follows inward friction wall. Assembler must resolve model/pad conflict against native pin/key guide. Remove key post 2; retain its PCB hole.
J128,J128,J128,C505166,THT,Connector_Molex:Molex_KK-396_A-41791-0005_1x05_P3.96mm_Vertical,244.947000,-265.405000,244.947000,-265.405000,0.000000,180.000000,180,Molex housing including friction-lock lip; supplier model and native F.Fab agree, CPL rotation includes +180 deg LCSC library correction; native PCB rotation is 180 deg. Numbered pads verified; supplier library has no 3D housing. Confirm inward friction wall manually. Remove key post 4; retain its PCB hole.
J129,J129,J129,C505166,THT,Connector_Molex:Molex_KK-396_A-41791-0005_1x05_P3.96mm_Vertical,267.580000,-265.405000,267.580000,-265.405000,0.000000,180.000000,180,Molex housing including friction-lock lip; supplier model and native F.Fab agree, CPL rotation includes +180 deg LCSC library correction; native PCB rotation is 180 deg. Numbered pads verified; supplier library has no 3D housing. Confirm inward friction wall manually. Remove key post 3; retain its PCB hole.
J130,J130,J130,C305802,THT,wpc_cost:TE_J130_Prepared,306.477000,-246.951000,306.477000,-246.951000,0.000000,180.000000,180,TE drawing 640456 / 640445 housing center; friction wall inward, CPL rotation includes +180 deg LCSC library correction; native PCB rotation is 180 deg. Supplier housing and numbered pads disagree by 180 deg; CPL follows inward friction wall. Assembler must resolve model/pad conflict against native pin/key guide. Remove key post 3; retain its PCB hole.
J131,J131,J131,C505166,THT,Connector_Molex:Molex_KK-396_A-41791-0005_1x05_P3.96mm_Vertical,306.393000,-265.405000,306.393000,-265.405000,0.000000,180.000000,180,Molex housing including friction-lock lip; supplier model and native F.Fab agree, CPL rotation includes +180 deg LCSC library correction; native PCB rotation is 180 deg. Numbered pads verified; supplier library has no 3D housing. Confirm inward friction wall manually. Remove key post 2; retain its PCB hole.
J132,J132,J132,C505166,THT,Connector_Molex:Molex_KK-396_A-41791-0005_1x05_P3.96mm_Vertical,331.541000,-265.405000,331.541000,-265.405000,0.000000,180.000000,180,Molex housing including friction-lock lip; supplier model and native F.Fab agree, CPL rotation includes +180 deg LCSC library correction; native PCB rotation is 180 deg. Numbered pads verified; supplier library has no 3D housing. Confirm inward friction wall manually. Remove key post 4; retain its PCB hole.
J133,J133,J133,C94118,THT,wpc_cost:TE_J133_Prepared,359.205000,-244.461500,359.205000,-244.461500,0.000000,180.000000,180,TE drawing 640456 / 640445 housing center; friction wall inward,"Trim 10-position 1-640456-0 to 9: remove final position 10. Preserve pin 1, key and friction wall; deburr. CPL rotation includes +180 deg LCSC library correction; native PCB rotation is 180 deg. Remove key post 3; retain its PCB hole."
J134,J134,J134,C94118,THT,wpc_cost:TE_J134_Prepared,359.205000,-257.454500,359.205000,-257.454500,0.000000,180.000000,180,TE drawing 640456 / 640445 housing center; friction wall inward,"Trim 10-position 1-640456-0 to 9: remove final position 10. Preserve pin 1, key and friction wall; deburr. CPL rotation includes +180 deg LCSC library correction; native PCB rotation is 180 deg. Remove key post 3; retain its PCB hole."
J135,J135,J135,C94118,THT,wpc_cost:TE_J135_Prepared,359.205000,-267.172500,359.205000,-267.172500,0.000000,180.000000,180,TE drawing 640456 / 640445 housing center; friction wall inward,"Trim 10-position 1-640456-0 to 9: remove final position 10. Preserve pin 1, key and friction wall; deburr. CPL rotation includes +180 deg LCSC library correction; native PCB rotation is 180 deg. Remove key post 3; retain its PCB hole."
J136,J136,J136,C240823,THT,Connector_Molex:Molex_KK-396_A-41791-0003_1x03_P3.96mm_Vertical,380.413000,-265.405000,380.413000,-265.405000,180.000000,180.000000,0,Molex housing including friction-lock lip; supplier model and native F.Fab agree, Remove key post 1; retain its PCB hole.
J137,J137,J137,C305802,THT,wpc_cost:TE_J137_Prepared,406.819000,-246.113000,406.819000,-246.113000,0.000000,180.000000,180,TE drawing 640456 / 640445 housing center; friction wall inward, CPL rotation includes +180 deg LCSC library correction; native PCB rotation is 180 deg. Supplier housing and numbered pads disagree by 180 deg; CPL follows inward friction wall. Assembler must resolve model/pad conflict against native pin/key guide. Remove key post 8; retain its PCB hole.
J138,J138,J138,C305802,THT,wpc_cost:TE_J138_Prepared,406.819000,-264.538000,406.819000,-264.538000,0.000000,180.000000,180,TE drawing 640456 / 640445 housing center; friction wall inward, CPL rotation includes +180 deg LCSC library correction; native PCB rotation is 180 deg. Supplier housing and numbered pads disagree by 180 deg; CPL follows inward friction wall. Assembler must resolve model/pad conflict against native pin/key guide. Remove key post 8; retain its PCB hole.
L1,L1,L1,C840531,SMT,Inductor_SMD:L_Bourns_SRP1245A,269.000000,-69.000000,269.000000,-69.000000,0.000000,0.000000,0,Native KiCad body origin; angle corrected separately against exact purchased library,
L2,L2,L2,C840531,SMT,Inductor_SMD:L_Bourns_SRP1245A,143.000000,-79.000000,143.000000,-79.000000,0.000000,0.000000,0,Native KiCad body origin; angle corrected separately against exact purchased library,
LED1,LED1,LED1,C84256,SMT,LED_SMD:LED_0805_2012Metric,19.532000,-130.353000,19.532000,-130.353000,270.000000,270.000000,0,Native KiCad body origin; angle corrected separately against exact purchased library,
LED2,LED2,LED2,C84256,SMT,LED_SMD:LED_0805_2012Metric,63.542000,-60.356000,63.542000,-60.356000,270.000000,270.000000,0,Native KiCad body origin; angle corrected separately against exact purchased library,
LED3,LED3,LED3,C84256,SMT,LED_SMD:LED_0805_2012Metric,73.434000,-60.356000,73.434000,-60.356000,270.000000,270.000000,0,Native KiCad body origin; angle corrected separately against exact purchased library,
LED4,LED4,LED4,C84256,SMT,LED_SMD:LED_0805_2012Metric,186.015000,-88.439000,186.015000,-88.439000,270.000000,270.000000,0,Native KiCad body origin; angle corrected separately against exact purchased library,
LED5,LED5,LED5,C84256,SMT,LED_SMD:LED_0805_2012Metric,340.762000,-38.945000,340.762000,-38.945000,270.000000,270.000000,0,Native KiCad body origin; angle corrected separately against exact purchased library,
LED6,LED6,LED6,C84256,SMT,LED_SMD:LED_0805_2012Metric,352.000000,-84.000000,352.000000,-84.000000,270.000000,270.000000,0,Native KiCad body origin; angle corrected separately against exact purchased library,
LED7,LED7,LED7,C84256,SMT,LED_SMD:LED_0805_2012Metric,43.423000,-51.974000,43.423000,-51.974000,270.000000,270.000000,0,Native KiCad body origin; angle corrected separately against exact purchased library,
Q9,Q9,Q9,C8512,SMT,Package_TO_SOT_SMD:SOT-23,140.496000,-208.423000,140.496000,-208.423000,90.000000,270.000000,180,Native KiCad body origin; angle corrected separately against exact purchased library, CPL rotation includes +180 deg LCSC library correction; native PCB rotation is 270 deg.
Q10,Q10,Q10,C9102,THT,Package_TO_SOT_THT:TO-220-3_Vertical,118.394000,-209.990000,118.394000,-209.990000,270.000000,270.000000,0,Native F.Fab body-outline bounding-box center,
Q11,Q11,Q11,C8512,SMT,Package_TO_SOT_SMD:SOT-23,60.189000,-158.526000,60.189000,-158.526000,90.000000,270.000000,180,Native KiCad body origin; angle corrected separately against exact purchased library, CPL rotation includes +180 deg LCSC library correction; native PCB rotation is 270 deg.
Q12,Q12,Q12,C9102,THT,Package_TO_SOT_THT:TO-220-3_Vertical,39.343000,-159.274000,39.343000,-159.274000,270.000000,270.000000,0,Native F.Fab body-outline bounding-box center,
Q13,Q13,Q13,C8512,SMT,Package_TO_SOT_SMD:SOT-23,97.744000,-131.720000,97.744000,-131.720000,90.000000,270.000000,180,Native KiCad body origin; angle corrected separately against exact purchased library, CPL rotation includes +180 deg LCSC library correction; native PCB rotation is 270 deg.
Q14,Q14,Q14,C9102,THT,Package_TO_SOT_THT:TO-220-3_Vertical,78.994000,-132.449000,78.994000,-132.449000,270.000000,270.000000,0,Native F.Fab body-outline bounding-box center,
Q15,Q15,Q15,C8512,SMT,Package_TO_SOT_SMD:SOT-23,99.420000,-182.855000,99.420000,-182.855000,90.000000,270.000000,180,Native KiCad body origin; angle corrected separately against exact purchased library, CPL rotation includes +180 deg LCSC library correction; native PCB rotation is 270 deg.
Q16,Q16,Q16,C9102,THT,Package_TO_SOT_THT:TO-220-3_Vertical,78.994000,-184.842000,78.994000,-184.842000,270.000000,270.000000,0,Native F.Fab body-outline bounding-box center,
Q17,Q17,Q17,C8512,SMT,Package_TO_SOT_SMD:SOT-23,140.496000,-156.868000,140.496000,-156.868000,90.000000,270.000000,180,Native KiCad body origin; angle corrected separately against exact purchased library, CPL rotation includes +180 deg LCSC library correction; native PCB rotation is 270 deg.
Q18,Q18,Q18,C9102,THT,Package_TO_SOT_THT:TO-220-3_Vertical,129.291000,-157.597000,129.291000,-157.597000,270.000000,270.000000,0,Native F.Fab body-outline bounding-box center,
Q20,Q20,Q20,C485687,SMT,Package_TO_SOT_SMD:TO-252-2,164.435000,-147.327000,164.435000,-147.327000,180.000000,0.000000,180,Native KiCad body origin; angle corrected separately against exact purchased library, CPL rotation includes +180 deg LCSC library correction; native PCB rotation is 0 deg.
Q22,Q22,Q22,C485687,SMT,Package_TO_SOT_SMD:TO-252-2,164.435000,-173.733000,164.435000,-173.733000,180.000000,0.000000,180,Native KiCad body origin; angle corrected separately against exact purchased library, CPL rotation includes +180 deg LCSC library correction; native PCB rotation is 0 deg.
Q24,Q24,Q24,C485687,SMT,Package_TO_SOT_SMD:TO-252-2,164.435000,-200.139000,164.435000,-200.139000,180.000000,0.000000,180,Native KiCad body origin; angle corrected separately against exact purchased library, CPL rotation includes +180 deg LCSC library correction; native PCB rotation is 0 deg.
Q26,Q26,Q26,C485687,SMT,Package_TO_SOT_SMD:TO-252-2,164.435000,-226.545000,164.435000,-226.545000,180.000000,0.000000,180,Native KiCad body origin; angle corrected separately against exact purchased library, CPL rotation includes +180 deg LCSC library correction; native PCB rotation is 0 deg.
Q28,Q28,Q28,C485687,SMT,Package_TO_SOT_SMD:TO-252-2,197.966000,-148.820000,197.966000,-148.820000,180.000000,0.000000,180,Native KiCad body origin; angle corrected separately against exact purchased library, CPL rotation includes +180 deg LCSC library correction; native PCB rotation is 0 deg.
Q30,Q30,Q30,C485687,SMT,Package_TO_SOT_SMD:TO-252-2,197.966000,-175.226000,197.966000,-175.226000,180.000000,0.000000,180,Native KiCad body origin; angle corrected separately against exact purchased library, CPL rotation includes +180 deg LCSC library correction; native PCB rotation is 0 deg.
Q32,Q32,Q32,C485687,SMT,Package_TO_SOT_SMD:TO-252-2,197.966000,-201.634000,197.966000,-201.634000,180.000000,0.000000,180,Native KiCad body origin; angle corrected separately against exact purchased library, CPL rotation includes +180 deg LCSC library correction; native PCB rotation is 0 deg.
Q34,Q34,Q34,C485687,SMT,Package_TO_SOT_SMD:TO-252-2,197.966000,-228.038000,197.966000,-228.038000,180.000000,0.000000,180,Native KiCad body origin; angle corrected separately against exact purchased library, CPL rotation includes +180 deg LCSC library correction; native PCB rotation is 0 deg.
Q36,Q36,Q36,C485687,SMT,Package_TO_SOT_SMD:TO-252-2,221.438000,-148.820000,221.438000,-148.820000,180.000000,0.000000,180,Native KiCad body origin; angle corrected separately against exact purchased library, CPL rotation includes +180 deg LCSC library correction; native PCB rotation is 0 deg.
Q38,Q38,Q38,C485687,SMT,Package_TO_SOT_SMD:TO-252-2,221.438000,-175.226000,221.438000,-175.226000,180.000000,0.000000,180,Native KiCad body origin; angle corrected separately against exact purchased library, CPL rotation includes +180 deg LCSC library correction; native PCB rotation is 0 deg.
Q40,Q40,Q40,C485687,SMT,Package_TO_SOT_SMD:TO-252-2,221.438000,-201.634000,221.438000,-201.634000,180.000000,0.000000,180,Native KiCad body origin; angle corrected separately against exact purchased library, CPL rotation includes +180 deg LCSC library correction; native PCB rotation is 0 deg.
Q42,Q42,Q42,C485687,SMT,Package_TO_SOT_SMD:TO-252-2,221.438000,-228.038000,221.438000,-228.038000,180.000000,0.000000,180,Native KiCad body origin; angle corrected separately against exact purchased library, CPL rotation includes +180 deg LCSC library correction; native PCB rotation is 0 deg.
Q44,Q44,Q44,C485687,SMT,Package_TO_SOT_SMD:TO-252-2,245.161000,-147.327000,245.161000,-147.327000,180.000000,0.000000,180,Native KiCad body origin; angle corrected separately against exact purchased library, CPL rotation includes +180 deg LCSC library correction; native PCB rotation is 0 deg.
Q46,Q46,Q46,C485687,SMT,Package_TO_SOT_SMD:TO-252-2,245.161000,-173.733000,245.161000,-173.733000,180.000000,0.000000,180,Native KiCad body origin; angle corrected separately against exact purchased library, CPL rotation includes +180 deg LCSC library correction; native PCB rotation is 0 deg.
Q48,Q48,Q48,C485687,SMT,Package_TO_SOT_SMD:TO-252-2,245.161000,-200.139000,245.161000,-200.139000,180.000000,0.000000,180,Native KiCad body origin; angle corrected separately against exact purchased library, CPL rotation includes +180 deg LCSC library correction; native PCB rotation is 0 deg.
Q50,Q50,Q50,C485687,SMT,Package_TO_SOT_SMD:TO-252-2,245.161000,-226.545000,245.161000,-226.545000,180.000000,0.000000,180,Native KiCad body origin; angle corrected separately against exact purchased library, CPL rotation includes +180 deg LCSC library correction; native PCB rotation is 0 deg.
Q52,Q52,Q52,C485687,SMT,Package_TO_SOT_SMD:TO-252-2,266.957000,-147.327000,266.957000,-147.327000,180.000000,0.000000,180,Native KiCad body origin; angle corrected separately against exact purchased library, CPL rotation includes +180 deg LCSC library correction; native PCB rotation is 0 deg.
Q54,Q54,Q54,C485687,SMT,Package_TO_SOT_SMD:TO-252-2,266.957000,-173.733000,266.957000,-173.733000,180.000000,0.000000,180,Native KiCad body origin; angle corrected separately against exact purchased library, CPL rotation includes +180 deg LCSC library correction; native PCB rotation is 0 deg.
Q56,Q56,Q56,C485687,SMT,Package_TO_SOT_SMD:TO-252-2,266.957000,-200.139000,266.957000,-200.139000,180.000000,0.000000,180,Native KiCad body origin; angle corrected separately against exact purchased library, CPL rotation includes +180 deg LCSC library correction; native PCB rotation is 0 deg.
Q58,Q58,Q58,C485687,SMT,Package_TO_SOT_SMD:TO-252-2,266.957000,-226.545000,266.957000,-226.545000,180.000000,0.000000,180,Native KiCad body origin; angle corrected separately against exact purchased library, CPL rotation includes +180 deg LCSC library correction; native PCB rotation is 0 deg.
Q64,Q64,Q64,C485687,SMT,Package_TO_SOT_SMD:TO-252-2,287.913000,-150.970000,287.913000,-150.970000,180.000000,0.000000,180,Native KiCad body origin; angle corrected separately against exact purchased library, CPL rotation includes +180 deg LCSC library correction; native PCB rotation is 0 deg.
Q66,Q66,Q66,C485687,SMT,Package_TO_SOT_SMD:TO-252-2,287.913000,-176.532000,287.913000,-176.532000,180.000000,0.000000,180,Native KiCad body origin; angle corrected separately against exact purchased library, CPL rotation includes +180 deg LCSC library correction; native PCB rotation is 0 deg.
Q68,Q68,Q68,C485687,SMT,Package_TO_SOT_SMD:TO-252-2,287.913000,-202.112000,287.913000,-202.112000,180.000000,0.000000,180,Native KiCad body origin; angle corrected separately against exact purchased library, CPL rotation includes +180 deg LCSC library correction; native PCB rotation is 0 deg.
Q70,Q70,Q70,C485687,SMT,Package_TO_SOT_SMD:TO-252-2,287.913000,-227.680000,287.913000,-227.680000,180.000000,0.000000,180,Native KiCad body origin; angle corrected separately against exact purchased library, CPL rotation includes +180 deg LCSC library correction; native PCB rotation is 0 deg.
Q76,Q76,Q76,C485687,SMT,Package_TO_SOT_SMD:TO-252-2,312.475000,-150.970000,312.475000,-150.970000,180.000000,0.000000,180,Native KiCad body origin; angle corrected separately against exact purchased library, CPL rotation includes +180 deg LCSC library correction; native PCB rotation is 0 deg.
Q78,Q78,Q78,C485687,SMT,Package_TO_SOT_SMD:TO-252-2,312.475000,-176.532000,312.475000,-176.532000,180.000000,0.000000,180,Native KiCad body origin; angle corrected separately against exact purchased library, CPL rotation includes +180 deg LCSC library correction; native PCB rotation is 0 deg.
Q80,Q80,Q80,C485687,SMT,Package_TO_SOT_SMD:TO-252-2,312.475000,-202.112000,312.475000,-202.112000,180.000000,0.000000,180,Native KiCad body origin; angle corrected separately against exact purchased library, CPL rotation includes +180 deg LCSC library correction; native PCB rotation is 0 deg.
Q82,Q82,Q82,C485687,SMT,Package_TO_SOT_SMD:TO-252-2,312.475000,-227.680000,312.475000,-227.680000,180.000000,0.000000,180,Native KiCad body origin; angle corrected separately against exact purchased library, CPL rotation includes +180 deg LCSC library correction; native PCB rotation is 0 deg.
Q83,Q83,Q83,C3007,SMT,Package_TO_SOT_SMD:TO-252-2,354.687000,-181.400000,354.687000,-181.400000,90.000000,0.000000,90,Native KiCad body origin; angle corrected separately against exact purchased library, CPL rotation includes +90 deg LCSC library correction; native PCB rotation is 0 deg.
Q84,Q84,Q84,C3007,SMT,Package_TO_SOT_SMD:TO-252-2,354.512000,-198.254000,354.512000,-198.254000,90.000000,0.000000,90,Native KiCad body origin; angle corrected separately against exact purchased library, CPL rotation includes +90 deg LCSC library correction; native PCB rotation is 0 deg.
Q85,Q85,Q85,C3007,SMT,Package_TO_SOT_SMD:TO-252-2,354.660000,-215.126000,354.660000,-215.126000,90.000000,0.000000,90,Native KiCad body origin; angle corrected separately against exact purchased library, CPL rotation includes +90 deg LCSC library correction; native PCB rotation is 0 deg.
Q86,Q86,Q86,C3007,SMT,Package_TO_SOT_SMD:TO-252-2,354.512000,-231.986000,354.512000,-231.986000,90.000000,0.000000,90,Native KiCad body origin; angle corrected separately against exact purchased library, CPL rotation includes +90 deg LCSC library correction; native PCB rotation is 0 deg.
Q87,Q87,Q87,C3007,SMT,Package_TO_SOT_SMD:TO-252-2,376.387000,-181.436000,376.387000,-181.436000,90.000000,0.000000,90,Native KiCad body origin; angle corrected separately against exact purchased library, CPL rotation includes +90 deg LCSC library correction; native PCB rotation is 0 deg.
Q88,Q88,Q88,C3007,SMT,Package_TO_SOT_SMD:TO-252-2,376.511000,-198.260000,376.511000,-198.260000,90.000000,0.000000,90,Native KiCad body origin; angle corrected separately against exact purchased library, CPL rotation includes +90 deg LCSC library correction; native PCB rotation is 0 deg.
Q89,Q89,Q89,C3007,SMT,Package_TO_SOT_SMD:TO-252-2,376.382000,-215.095000,376.382000,-215.095000,90.000000,0.000000,90,Native KiCad body origin; angle corrected separately against exact purchased library, CPL rotation includes +90 deg LCSC library correction; native PCB rotation is 0 deg.
Q90,Q90,Q90,C3007,SMT,Package_TO_SOT_SMD:TO-252-2,376.511000,-231.972000,376.511000,-231.972000,90.000000,0.000000,90,Native KiCad body origin; angle corrected separately against exact purchased library, CPL rotation includes +90 deg LCSC library correction; native PCB rotation is 0 deg.
Q91,Q91,Q91,C2624,SMT,Package_TO_SOT_SMD:TO-252-2,411.644000,-181.479000,411.644000,-181.479000,180.000000,0.000000,180,Native KiCad body origin; angle corrected separately against exact purchased library, CPL rotation includes +180 deg LCSC library correction; native PCB rotation is 0 deg.
Q92,Q92,Q92,C2624,SMT,Package_TO_SOT_SMD:TO-252-2,411.644000,-198.343000,411.644000,-198.343000,180.000000,0.000000,180,Native KiCad body origin; angle corrected separately against exact purchased library, CPL rotation includes +180 deg LCSC library correction; native PCB rotation is 0 deg.
Q93,Q93,Q93,C2624,SMT,Package_TO_SOT_SMD:TO-252-2,411.644000,-215.218000,411.644000,-215.218000,180.000000,0.000000,180,Native KiCad body origin; angle corrected separately against exact purchased library, CPL rotation includes +180 deg LCSC library correction; native PCB rotation is 0 deg.
Q94,Q94,Q94,C2624,SMT,Package_TO_SOT_SMD:TO-252-2,411.644000,-232.061000,411.644000,-232.061000,180.000000,0.000000,180,Native KiCad body origin; angle corrected separately against exact purchased library, CPL rotation includes +180 deg LCSC library correction; native PCB rotation is 0 deg.
Q95,Q95,Q95,C2624,SMT,Package_TO_SOT_SMD:TO-252-2,433.440000,-189.505000,433.440000,-189.505000,180.000000,0.000000,180,Native KiCad body origin; angle corrected separately against exact purchased library, CPL rotation includes +180 deg LCSC library correction; native PCB rotation is 0 deg.
Q96,Q96,Q96,C2624,SMT,Package_TO_SOT_SMD:TO-252-2,433.440000,-206.369000,433.440000,-206.369000,180.000000,0.000000,180,Native KiCad body origin; angle corrected separately against exact purchased library, CPL rotation includes +180 deg LCSC library correction; native PCB rotation is 0 deg.
Q97,Q97,Q97,C2624,SMT,Package_TO_SOT_SMD:TO-252-2,433.440000,-223.224000,433.440000,-223.224000,180.000000,0.000000,180,Native KiCad body origin; angle corrected separately against exact purchased library, CPL rotation includes +180 deg LCSC library correction; native PCB rotation is 0 deg.
Q98,Q98,Q98,C2624,SMT,Package_TO_SOT_SMD:TO-252-2,433.510000,-240.089000,433.510000,-240.089000,180.000000,0.000000,180,Native KiCad body origin; angle corrected separately against exact purchased library, CPL rotation includes +180 deg LCSC library correction; native PCB rotation is 0 deg.
R3,R3,R3,C17414,SMT,Resistor_SMD:R_0805_2012Metric,74.462000,-71.972000,74.462000,-71.972000,0.000000,0.000000,0,Native KiCad body origin; angle corrected separately against exact purchased library,
R4,R4,R4,C17414,SMT,Resistor_SMD:R_0805_2012Metric,69.052000,-69.997000,69.052000,-69.997000,0.000000,0.000000,0,Native KiCad body origin; angle corrected separately against exact purchased library,
R6,R6,R6,C17414,SMT,Resistor_SMD:R_0805_2012Metric,75.758000,-68.022000,75.758000,-68.022000,0.000000,0.000000,0,Native KiCad body origin; angle corrected separately against exact purchased library,
R7,R7,R7,C1882619,SMT,Resistor_SMD:R_2512_6332Metric,140.496000,-214.312000,140.496000,-214.312000,0.000000,0.000000,0,Native KiCad body origin; angle corrected separately against exact purchased library,
R8,R8,R8,C17710,SMT,Resistor_SMD:R_0805_2012Metric,120.378000,-114.972000,120.378000,-114.972000,0.000000,0.000000,0,Native KiCad body origin; angle corrected separately against exact purchased library,
R9,R9,R9,C17414,SMT,Resistor_SMD:R_0805_2012Metric,140.496000,-203.493000,140.496000,-203.493000,0.000000,0.000000,0,Native KiCad body origin; angle corrected separately against exact purchased library,
R10,R10,R10,C1882619,SMT,Resistor_SMD:R_2512_6332Metric,60.189000,-164.436000,60.189000,-164.436000,0.000000,0.000000,0,Native KiCad body origin; angle corrected separately against exact purchased library,
R11,R11,R11,C17710,SMT,Resistor_SMD:R_0805_2012Metric,120.378000,-118.878000,120.378000,-118.878000,0.000000,0.000000,0,Native KiCad body origin; angle corrected separately against exact purchased library,
R12,R12,R12,C17414,SMT,Resistor_SMD:R_0805_2012Metric,60.189000,-153.646000,60.189000,-153.646000,0.000000,0.000000,0,Native KiCad body origin; angle corrected separately against exact purchased library,
R13,R13,R13,C1882619,SMT,Resistor_SMD:R_2512_6332Metric,97.744000,-137.609000,97.744000,-137.609000,0.000000,0.000000,0,Native KiCad body origin; angle corrected separately against exact purchased library,
R14,R14,R14,C17710,SMT,Resistor_SMD:R_0805_2012Metric,120.378000,-122.793000,120.378000,-122.793000,0.000000,0.000000,0,Native KiCad body origin; angle corrected separately against exact purchased library,
R15,R15,R15,C17414,SMT,Resistor_SMD:R_0805_2012Metric,97.744000,-126.790000,97.744000,-126.790000,0.000000,0.000000,0,Native KiCad body origin; angle corrected separately against exact purchased library,
R16,R16,R16,C1882619,SMT,Resistor_SMD:R_2512_6332Metric,99.420000,-188.745000,99.420000,-188.745000,0.000000,0.000000,0,Native KiCad body origin; angle corrected separately against exact purchased library,
R17,R17,R17,C17710,SMT,Resistor_SMD:R_0805_2012Metric,120.378000,-126.743000,120.378000,-126.743000,0.000000,0.000000,0,Native KiCad body origin; angle corrected separately against exact purchased library,
R18,R18,R18,C17414,SMT,Resistor_SMD:R_0805_2012Metric,99.420000,-177.925000,99.420000,-177.925000,0.000000,0.000000,0,Native KiCad body origin; angle corrected separately against exact purchased library,
R19,R19,R19,C1882619,SMT,Resistor_SMD:R_2512_6332Metric,140.496000,-162.758000,140.496000,-162.758000,0.000000,0.000000,0,Native KiCad body origin; angle corrected separately against exact purchased library,
R20,R20,R20,C17710,SMT,Resistor_SMD:R_0805_2012Metric,120.378000,-130.657000,120.378000,-130.657000,0.000000,0.000000,0,Native KiCad body origin; angle corrected separately against exact purchased library,
R21,R21,R21,C17414,SMT,Resistor_SMD:R_0805_2012Metric,140.496000,-151.938000,140.496000,-151.938000,0.000000,0.000000,0,Native KiCad body origin; angle corrected separately against exact purchased library,
R22,R22,R22,C17408,SMT,Resistor_SMD:R_0805_2012Metric,163.382000,-136.913000,163.382000,-136.913000,0.000000,0.000000,0,Native KiCad body origin; angle corrected separately against exact purchased library,
R23,R23,R23,C17414,SMT,Resistor_SMD:R_0805_2012Metric,163.382000,-140.863000,163.382000,-140.863000,0.000000,0.000000,0,Native KiCad body origin; angle corrected separately against exact purchased library,
R26,R26,R26,C17408,SMT,Resistor_SMD:R_0805_2012Metric,163.382000,-163.318000,163.382000,-163.318000,0.000000,0.000000,0,Native KiCad body origin; angle corrected separately against exact purchased library,
R27,R27,R27,C17414,SMT,Resistor_SMD:R_0805_2012Metric,163.382000,-167.268000,163.382000,-167.268000,0.000000,0.000000,0,Native KiCad body origin; angle corrected separately against exact purchased library,
R30,R30,R30,C17408,SMT,Resistor_SMD:R_0805_2012Metric,163.382000,-189.718000,163.382000,-189.718000,0.000000,0.000000,0,Native KiCad body origin; angle corrected separately against exact purchased library,
R31,R31,R31,C17414,SMT,Resistor_SMD:R_0805_2012Metric,163.382000,-193.668000,163.382000,-193.668000,0.000000,0.000000,0,Native KiCad body origin; angle corrected separately against exact purchased library,
R34,R34,R34,C17408,SMT,Resistor_SMD:R_0805_2012Metric,163.382000,-216.130000,163.382000,-216.130000,0.000000,0.000000,0,Native KiCad body origin; angle corrected separately against exact purchased library,
R35,R35,R35,C17414,SMT,Resistor_SMD:R_0805_2012Metric,163.382000,-220.080000,163.382000,-220.080000,0.000000,0.000000,0,Native KiCad body origin; angle corrected separately against exact purchased library,
R38,R38,R38,C17408,SMT,Resistor_SMD:R_0805_2012Metric,196.913000,-138.396000,196.913000,-138.396000,0.000000,0.000000,0,Native KiCad body origin; angle corrected separately against exact purchased library,
R39,R39,R39,C17414,SMT,Resistor_SMD:R_0805_2012Metric,196.913000,-142.346000,196.913000,-142.346000,0.000000,0.000000,0,Native KiCad body origin; angle corrected separately against exact purchased library,
R42,R42,R42,C17408,SMT,Resistor_SMD:R_0805_2012Metric,196.913000,-164.802000,196.913000,-164.802000,0.000000,0.000000,0,Native KiCad body origin; angle corrected separately against exact purchased library,
R43,R43,R43,C17414,SMT,Resistor_SMD:R_0805_2012Metric,196.913000,-168.752000,196.913000,-168.752000,0.000000,0.000000,0,Native KiCad body origin; angle corrected separately against exact purchased library,
R46,R46,R46,C17408,SMT,Resistor_SMD:R_0805_2012Metric,196.913000,-191.215000,196.913000,-191.215000,0.000000,0.000000,0,Native KiCad body origin; angle corrected separately against exact purchased library,
R47,R47,R47,C17414,SMT,Resistor_SMD:R_0805_2012Metric,196.913000,-195.165000,196.913000,-195.165000,0.000000,0.000000,0,Native KiCad body origin; angle corrected separately against exact purchased library,
R50,R50,R50,C17408,SMT,Resistor_SMD:R_0805_2012Metric,196.913000,-217.614000,196.913000,-217.614000,0.000000,0.000000,0,Native KiCad body origin; angle corrected separately against exact purchased library,
R51,R51,R51,C17414,SMT,Resistor_SMD:R_0805_2012Metric,196.913000,-221.564000,196.913000,-221.564000,0.000000,0.000000,0,Native KiCad body origin; angle corrected separately against exact purchased library,
R54,R54,R54,C17408,SMT,Resistor_SMD:R_0805_2012Metric,220.385000,-138.396000,220.385000,-138.396000,0.000000,0.000000,0,Native KiCad body origin; angle corrected separately against exact purchased library,
R55,R55,R55,C17414,SMT,Resistor_SMD:R_0805_2012Metric,220.385000,-142.346000,220.385000,-142.346000,0.000000,0.000000,0,Native KiCad body origin; angle corrected separately against exact purchased library,
R58,R58,R58,C17408,SMT,Resistor_SMD:R_0805_2012Metric,220.385000,-164.802000,220.385000,-164.802000,0.000000,0.000000,0,Native KiCad body origin; angle corrected separately against exact purchased library,
R59,R59,R59,C17414,SMT,Resistor_SMD:R_0805_2012Metric,220.385000,-168.752000,220.385000,-168.752000,0.000000,0.000000,0,Native KiCad body origin; angle corrected separately against exact purchased library,
R62,R62,R62,C17408,SMT,Resistor_SMD:R_0805_2012Metric,220.385000,-191.215000,220.385000,-191.215000,0.000000,0.000000,0,Native KiCad body origin; angle corrected separately against exact purchased library,
R63,R63,R63,C17414,SMT,Resistor_SMD:R_0805_2012Metric,220.385000,-195.165000,220.385000,-195.165000,0.000000,0.000000,0,Native KiCad body origin; angle corrected separately against exact purchased library,
R66,R66,R66,C17408,SMT,Resistor_SMD:R_0805_2012Metric,220.385000,-217.614000,220.385000,-217.614000,0.000000,0.000000,0,Native KiCad body origin; angle corrected separately against exact purchased library,
R67,R67,R67,C17414,SMT,Resistor_SMD:R_0805_2012Metric,220.385000,-221.564000,220.385000,-221.564000,0.000000,0.000000,0,Native KiCad body origin; angle corrected separately against exact purchased library,
R70,R70,R70,C17408,SMT,Resistor_SMD:R_0805_2012Metric,244.108000,-136.913000,244.108000,-136.913000,0.000000,0.000000,0,Native KiCad body origin; angle corrected separately against exact purchased library,
R71,R71,R71,C17414,SMT,Resistor_SMD:R_0805_2012Metric,244.108000,-140.863000,244.108000,-140.863000,0.000000,0.000000,0,Native KiCad body origin; angle corrected separately against exact purchased library,
R74,R74,R74,C17408,SMT,Resistor_SMD:R_0805_2012Metric,244.108000,-163.318000,244.108000,-163.318000,0.000000,0.000000,0,Native KiCad body origin; angle corrected separately against exact purchased library,
R75,R75,R75,C17414,SMT,Resistor_SMD:R_0805_2012Metric,244.108000,-167.268000,244.108000,-167.268000,0.000000,0.000000,0,Native KiCad body origin; angle corrected separately against exact purchased library,
R78,R78,R78,C17408,SMT,Resistor_SMD:R_0805_2012Metric,244.108000,-189.718000,244.108000,-189.718000,0.000000,0.000000,0,Native KiCad body origin; angle corrected separately against exact purchased library,
R79,R79,R79,C17414,SMT,Resistor_SMD:R_0805_2012Metric,244.108000,-193.668000,244.108000,-193.668000,0.000000,0.000000,0,Native KiCad body origin; angle corrected separately against exact purchased library,
R82,R82,R82,C17408,SMT,Resistor_SMD:R_0805_2012Metric,244.108000,-216.130000,244.108000,-216.130000,0.000000,0.000000,0,Native KiCad body origin; angle corrected separately against exact purchased library,
R83,R83,R83,C17414,SMT,Resistor_SMD:R_0805_2012Metric,244.108000,-220.080000,244.108000,-220.080000,0.000000,0.000000,0,Native KiCad body origin; angle corrected separately against exact purchased library,
R86,R86,R86,C17408,SMT,Resistor_SMD:R_0805_2012Metric,265.904000,-136.913000,265.904000,-136.913000,0.000000,0.000000,0,Native KiCad body origin; angle corrected separately against exact purchased library,
R87,R87,R87,C17414,SMT,Resistor_SMD:R_0805_2012Metric,265.904000,-140.863000,265.904000,-140.863000,0.000000,0.000000,0,Native KiCad body origin; angle corrected separately against exact purchased library,
R90,R90,R90,C17408,SMT,Resistor_SMD:R_0805_2012Metric,265.904000,-163.318000,265.904000,-163.318000,0.000000,0.000000,0,Native KiCad body origin; angle corrected separately against exact purchased library,
R91,R91,R91,C17414,SMT,Resistor_SMD:R_0805_2012Metric,265.904000,-167.268000,265.904000,-167.268000,0.000000,0.000000,0,Native KiCad body origin; angle corrected separately against exact purchased library,
R94,R94,R94,C17408,SMT,Resistor_SMD:R_0805_2012Metric,265.904000,-189.718000,265.904000,-189.718000,0.000000,0.000000,0,Native KiCad body origin; angle corrected separately against exact purchased library,
R95,R95,R95,C17414,SMT,Resistor_SMD:R_0805_2012Metric,265.904000,-193.668000,265.904000,-193.668000,0.000000,0.000000,0,Native KiCad body origin; angle corrected separately against exact purchased library,
R98,R98,R98,C17408,SMT,Resistor_SMD:R_0805_2012Metric,265.904000,-216.130000,265.904000,-216.130000,0.000000,0.000000,0,Native KiCad body origin; angle corrected separately against exact purchased library,
R99,R99,R99,C17414,SMT,Resistor_SMD:R_0805_2012Metric,265.904000,-220.080000,265.904000,-220.080000,0.000000,0.000000,0,Native KiCad body origin; angle corrected separately against exact purchased library,
R126,R126,R126,C17414,SMT,Resistor_SMD:R_0805_2012Metric,286.861000,-140.617000,286.861000,-140.617000,0.000000,0.000000,0,Native KiCad body origin; angle corrected separately against exact purchased library,
R127,R127,R127,C17408,SMT,Resistor_SMD:R_0805_2012Metric,286.861000,-144.520000,286.861000,-144.520000,0.000000,0.000000,0,Native KiCad body origin; angle corrected separately against exact purchased library,
R128,R128,R128,C17414,SMT,Resistor_SMD:R_0805_2012Metric,286.861000,-166.129000,286.861000,-166.129000,0.000000,0.000000,0,Native KiCad body origin; angle corrected separately against exact purchased library,
R129,R129,R129,C17408,SMT,Resistor_SMD:R_0805_2012Metric,286.861000,-170.079000,286.861000,-170.079000,0.000000,0.000000,0,Native KiCad body origin; angle corrected separately against exact purchased library,
R130,R130,R130,C17414,SMT,Resistor_SMD:R_0805_2012Metric,286.861000,-191.712000,286.861000,-191.712000,0.000000,0.000000,0,Native KiCad body origin; angle corrected separately against exact purchased library,
R131,R131,R131,C17408,SMT,Resistor_SMD:R_0805_2012Metric,286.861000,-195.662000,286.861000,-195.662000,0.000000,0.000000,0,Native KiCad body origin; angle corrected separately against exact purchased library,
R132,R132,R132,C17414,SMT,Resistor_SMD:R_0805_2012Metric,286.861000,-217.279000,286.861000,-217.279000,0.000000,0.000000,0,Native KiCad body origin; angle corrected separately against exact purchased library,
R133,R133,R133,C17408,SMT,Resistor_SMD:R_0805_2012Metric,286.861000,-221.229000,286.861000,-221.229000,0.000000,0.000000,0,Native KiCad body origin; angle corrected separately against exact purchased library,
R134,R134,R134,C17414,SMT,Resistor_SMD:R_0805_2012Metric,311.422000,-140.617000,311.422000,-140.617000,0.000000,0.000000,0,Native KiCad body origin; angle corrected separately against exact purchased library,
R135,R135,R135,C17408,SMT,Resistor_SMD:R_0805_2012Metric,311.422000,-144.520000,311.422000,-144.520000,0.000000,0.000000,0,Native KiCad body origin; angle corrected separately against exact purchased library,
R136,R136,R136,C17414,SMT,Resistor_SMD:R_0805_2012Metric,311.422000,-166.129000,311.422000,-166.129000,0.000000,0.000000,0,Native KiCad body origin; angle corrected separately against exact purchased library,
R137,R137,R137,C17408,SMT,Resistor_SMD:R_0805_2012Metric,311.422000,-170.079000,311.422000,-170.079000,0.000000,0.000000,0,Native KiCad body origin; angle corrected separately against exact purchased library,
R138,R138,R138,C17414,SMT,Resistor_SMD:R_0805_2012Metric,311.422000,-191.712000,311.422000,-191.712000,0.000000,0.000000,0,Native KiCad body origin; angle corrected separately against exact purchased library,
R139,R139,R139,C17408,SMT,Resistor_SMD:R_0805_2012Metric,311.422000,-195.662000,311.422000,-195.662000,0.000000,0.000000,0,Native KiCad body origin; angle corrected separately against exact purchased library,
R140,R140,R140,C17414,SMT,Resistor_SMD:R_0805_2012Metric,311.422000,-217.279000,311.422000,-217.279000,0.000000,0.000000,0,Native KiCad body origin; angle corrected separately against exact purchased library,
R141,R141,R141,C17408,SMT,Resistor_SMD:R_0805_2012Metric,311.422000,-221.229000,311.422000,-221.229000,0.000000,0.000000,0,Native KiCad body origin; angle corrected separately against exact purchased library,
R142,R142,R142,C17414,SMT,Resistor_SMD:R_0805_2012Metric,329.232000,-172.686000,329.232000,-172.686000,270.000000,270.000000,0,Native KiCad body origin; angle corrected separately against exact purchased library,
R143,R143,R143,C17414,SMT,Resistor_SMD:R_0805_2012Metric,346.044000,-149.382000,346.044000,-149.382000,270.000000,270.000000,0,Native KiCad body origin; angle corrected separately against exact purchased library,
R144,R144,R144,C17414,SMT,Resistor_SMD:R_0805_2012Metric,362.453000,-174.531000,362.453000,-174.531000,270.000000,270.000000,0,Native KiCad body origin; angle corrected separately against exact purchased library,
R145,R145,R145,C17414,SMT,Resistor_SMD:R_0805_2012Metric,364.852000,-149.382000,364.852000,-149.382000,270.000000,270.000000,0,Native KiCad body origin; angle corrected separately against exact purchased library,
R146,R146,R146,C17414,SMT,Resistor_SMD:R_0805_2012Metric,368.802000,-149.382000,368.802000,-149.382000,270.000000,270.000000,0,Native KiCad body origin; angle corrected separately against exact purchased library,
R147,R147,R147,C17414,SMT,Resistor_SMD:R_0805_2012Metric,366.369000,-164.879000,366.369000,-164.879000,270.000000,270.000000,0,Native KiCad body origin; angle corrected separately against exact purchased library,
R148,R148,R148,C17414,SMT,Resistor_SMD:R_0805_2012Metric,399.528000,-172.686000,399.528000,-172.686000,270.000000,270.000000,0,Native KiCad body origin; angle corrected separately against exact purchased library,
R149,R149,R149,C17414,SMT,Resistor_SMD:R_0805_2012Metric,399.457000,-149.634000,399.457000,-149.634000,270.000000,270.000000,0,Native KiCad body origin; angle corrected separately against exact purchased library,
R150,R150,R150,C875839,SMT,Resistor_SMD:R_2512_6332Metric,340.382000,-201.607000,340.382000,-201.607000,270.000000,270.000000,0,Native KiCad body origin; angle corrected separately against exact purchased library,
R151,R151,R151,C875839,SMT,Resistor_SMD:R_2512_6332Metric,340.389000,-222.145000,340.389000,-222.145000,270.000000,270.000000,0,Native KiCad body origin; angle corrected separately against exact purchased library,
R152,R152,R152,C875839,SMT,Resistor_SMD:R_2512_6332Metric,334.308000,-201.607000,334.308000,-201.607000,270.000000,270.000000,0,Native KiCad body origin; angle corrected separately against exact purchased library,
R153,R153,R153,C875839,SMT,Resistor_SMD:R_2512_6332Metric,334.308000,-222.145000,334.308000,-222.145000,270.000000,270.000000,0,Native KiCad body origin; angle corrected separately against exact purchased library,
R154,R154,R154,C17513,SMT,Resistor_SMD:R_0805_2012Metric,349.853000,-191.802000,349.853000,-191.802000,0.000000,0.000000,0,Native KiCad body origin; angle corrected separately against exact purchased library,
R155,R155,R155,C17408,SMT,Resistor_SMD:R_0805_2012Metric,349.564000,-174.942000,349.564000,-174.942000,0.000000,0.000000,0,Native KiCad body origin; angle corrected separately against exact purchased library,
R156,R156,R156,C17513,SMT,Resistor_SMD:R_0805_2012Metric,349.624000,-204.750000,349.624000,-204.750000,0.000000,0.000000,0,Native KiCad body origin; angle corrected separately against exact purchased library,
R157,R157,R157,C17408,SMT,Resistor_SMD:R_0805_2012Metric,350.021000,-187.852000,350.021000,-187.852000,0.000000,0.000000,0,Native KiCad body origin; angle corrected separately against exact purchased library,
R158,R158,R158,C17513,SMT,Resistor_SMD:R_0805_2012Metric,350.145000,-225.486000,350.145000,-225.486000,0.000000,0.000000,0,Native KiCad body origin; angle corrected separately against exact purchased library,
R159,R159,R159,C17408,SMT,Resistor_SMD:R_0805_2012Metric,349.594000,-208.652000,349.594000,-208.652000,0.000000,0.000000,0,Native KiCad body origin; angle corrected separately against exact purchased library,
R160,R160,R160,C17513,SMT,Resistor_SMD:R_0805_2012Metric,349.564000,-238.448000,349.564000,-238.448000,0.000000,0.000000,0,Native KiCad body origin; angle corrected separately against exact purchased library,
R161,R161,R161,C17408,SMT,Resistor_SMD:R_0805_2012Metric,350.021000,-221.584000,350.021000,-221.584000,0.000000,0.000000,0,Native KiCad body origin; angle corrected separately against exact purchased library,
R162,R162,R162,C17513,SMT,Resistor_SMD:R_0805_2012Metric,370.102000,-169.559000,370.102000,-169.559000,0.000000,0.000000,0,Native KiCad body origin; angle corrected separately against exact purchased library,
R164,R164,R164,C17513,SMT,Resistor_SMD:R_0805_2012Metric,371.731000,-191.791000,371.731000,-191.791000,0.000000,0.000000,0,Native KiCad body origin; angle corrected separately against exact purchased library,
R165,R165,R165,C17408,SMT,Resistor_SMD:R_0805_2012Metric,373.246000,-174.965000,373.246000,-174.965000,0.000000,0.000000,0,Native KiCad body origin; angle corrected separately against exact purchased library,
R166,R166,R166,C17513,SMT,Resistor_SMD:R_0805_2012Metric,371.671000,-204.713000,371.671000,-204.713000,0.000000,0.000000,0,Native KiCad body origin; angle corrected separately against exact purchased library,
R167,R167,R167,C17408,SMT,Resistor_SMD:R_0805_2012Metric,371.731000,-187.890000,371.731000,-187.890000,0.000000,0.000000,0,Native KiCad body origin; angle corrected separately against exact purchased library,
R168,R168,R168,C17513,SMT,Resistor_SMD:R_0805_2012Metric,371.731000,-225.472000,371.731000,-225.472000,0.000000,0.000000,0,Native KiCad body origin; angle corrected separately against exact purchased library,
R169,R169,R169,C17408,SMT,Resistor_SMD:R_0805_2012Metric,371.731000,-208.615000,371.731000,-208.615000,0.000000,0.000000,0,Native KiCad body origin; angle corrected separately against exact purchased library,
R170,R170,R170,C17513,SMT,Resistor_SMD:R_0805_2012Metric,371.611000,-238.447000,371.611000,-238.447000,0.000000,0.000000,0,Native KiCad body origin; angle corrected separately against exact purchased library,
R171,R171,R171,C17408,SMT,Resistor_SMD:R_0805_2012Metric,371.701000,-221.570000,371.701000,-221.570000,0.000000,0.000000,0,Native KiCad body origin; angle corrected separately against exact purchased library,
R172,R172,R172,C875839,SMT,Resistor_SMD:R_2512_6332Metric,391.311000,-201.607000,391.311000,-201.607000,270.000000,270.000000,0,Native KiCad body origin; angle corrected separately against exact purchased library,
R173,R173,R173,C875839,SMT,Resistor_SMD:R_2512_6332Metric,391.311000,-222.145000,391.311000,-222.145000,270.000000,270.000000,0,Native KiCad body origin; angle corrected separately against exact purchased library,
R174,R174,R174,C875839,SMT,Resistor_SMD:R_2512_6332Metric,385.201000,-201.607000,385.201000,-201.607000,270.000000,270.000000,0,Native KiCad body origin; angle corrected separately against exact purchased library,
R175,R175,R175,C875839,SMT,Resistor_SMD:R_2512_6332Metric,385.201000,-222.145000,385.201000,-222.145000,270.000000,270.000000,0,Native KiCad body origin; angle corrected separately against exact purchased library,
R176,R176,R176,C4310,SMT,Resistor_SMD:R_0805_2012Metric,406.819000,-175.019000,406.819000,-175.019000,0.000000,0.000000,0,Native KiCad body origin; angle corrected separately against exact purchased library,
R177,R177,R177,C17513,SMT,Resistor_SMD:R_0805_2012Metric,406.819000,-187.979000,406.819000,-187.979000,0.000000,0.000000,0,Native KiCad body origin; angle corrected separately against exact purchased library,
R178,R178,R178,C4310,SMT,Resistor_SMD:R_0805_2012Metric,406.819000,-191.880000,406.819000,-191.880000,0.000000,0.000000,0,Native KiCad body origin; angle corrected separately against exact purchased library,
R179,R179,R179,C17513,SMT,Resistor_SMD:R_0805_2012Metric,406.819000,-204.818000,406.819000,-204.818000,0.000000,0.000000,0,Native KiCad body origin; angle corrected separately against exact purchased library,
R180,R180,R180,C4310,SMT,Resistor_SMD:R_0805_2012Metric,406.819000,-208.718000,406.819000,-208.718000,0.000000,0.000000,0,Native KiCad body origin; angle corrected separately against exact purchased library,
R181,R181,R181,C17513,SMT,Resistor_SMD:R_0805_2012Metric,406.819000,-221.709000,406.819000,-221.709000,0.000000,0.000000,0,Native KiCad body origin; angle corrected separately against exact purchased library,
R182,R182,R182,C4310,SMT,Resistor_SMD:R_0805_2012Metric,406.819000,-225.610000,406.819000,-225.610000,0.000000,0.000000,0,Native KiCad body origin; angle corrected separately against exact purchased library,
R183,R183,R183,C17513,SMT,Resistor_SMD:R_0805_2012Metric,406.819000,-238.523000,406.819000,-238.523000,0.000000,0.000000,0,Native KiCad body origin; angle corrected separately against exact purchased library,
R184,R184,R184,C4310,SMT,Resistor_SMD:R_0805_2012Metric,428.615000,-183.005000,428.615000,-183.005000,0.000000,0.000000,0,Native KiCad body origin; angle corrected separately against exact purchased library,
R185,R185,R185,C17513,SMT,Resistor_SMD:R_0805_2012Metric,428.615000,-196.001000,428.615000,-196.001000,0.000000,0.000000,0,Native KiCad body origin; angle corrected separately against exact purchased library,
R186,R186,R186,C4310,SMT,Resistor_SMD:R_0805_2012Metric,428.615000,-199.901000,428.615000,-199.901000,0.000000,0.000000,0,Native KiCad body origin; angle corrected separately against exact purchased library,
R187,R187,R187,C17513,SMT,Resistor_SMD:R_0805_2012Metric,428.615000,-212.822000,428.615000,-212.822000,0.000000,0.000000,0,Native KiCad body origin; angle corrected separately against exact purchased library,
R188,R188,R188,C4310,SMT,Resistor_SMD:R_0805_2012Metric,428.615000,-216.772000,428.615000,-216.772000,0.000000,0.000000,0,Native KiCad body origin; angle corrected separately against exact purchased library,
R189,R189,R189,C17513,SMT,Resistor_SMD:R_0805_2012Metric,428.615000,-229.692000,428.615000,-229.692000,0.000000,0.000000,0,Native KiCad body origin; angle corrected separately against exact purchased library,
R190,R190,R190,C4310,SMT,Resistor_SMD:R_0805_2012Metric,428.615000,-233.593000,428.615000,-233.593000,0.000000,0.000000,0,Native KiCad body origin; angle corrected separately against exact purchased library,
R191,R191,R191,C17513,SMT,Resistor_SMD:R_0805_2012Metric,428.799000,-246.589000,428.799000,-246.589000,0.000000,0.000000,0,Native KiCad body origin; angle corrected separately against exact purchased library,
R192,R192,R192,C17710,SMT,Resistor_SMD:R_0805_2012Metric,176.794000,-88.439000,176.794000,-88.439000,0.000000,0.000000,0,Native KiCad body origin; angle corrected separately against exact purchased library,
R193,R193,R193,C17513,SMT,Resistor_SMD:R_0805_2012Metric,23.723000,-120.294000,23.723000,-120.294000,0.000000,0.000000,0,Native KiCad body origin; angle corrected separately against exact purchased library,
R194,R194,R194,C4310,SMT,Resistor_SMD:R_0805_2012Metric,341.063000,-43.625000,341.063000,-43.625000,0.000000,0.000000,0,Native KiCad body origin; angle corrected separately against exact purchased library,
R196,R196,R196,C4310,SMT,Resistor_SMD:R_0805_2012Metric,352.000000,-79.000000,352.000000,-79.000000,0.000000,0.000000,0,Native KiCad body origin; angle corrected separately against exact purchased library,
R197,R197,R197,C17414,SMT,Resistor_SMD:R_0805_2012Metric,53.483000,-69.158000,53.483000,-69.158000,0.000000,0.000000,0,Native KiCad body origin; angle corrected separately against exact purchased library,
R206,R206,R206,C17593,SMT,Resistor_SMD:R_0805_2012Metric,81.168000,-69.997000,81.168000,-69.997000,0.000000,0.000000,0,Native KiCad body origin; angle corrected separately against exact purchased library,
R250,R250,R250,C4310,SMT,Resistor_SMD:R_0805_2012Metric,41.327000,-63.710000,41.327000,-63.710000,0.000000,0.000000,0,Native KiCad body origin; angle corrected separately against exact purchased library,
R251,R251,R251,C4310,SMT,Resistor_SMD:R_0805_2012Metric,412.899000,-155.078000,412.899000,-155.078000,270.000000,270.000000,0,Native KiCad body origin; angle corrected separately against exact purchased library,
R253,R253,R253,C4310,SMT,Resistor_SMD:R_0805_2012Metric,257.185000,-121.551000,257.185000,-121.551000,270.000000,270.000000,0,Native KiCad body origin; angle corrected separately against exact purchased library,
R254,R254,R254,C4310,SMT,Resistor_SMD:R_0805_2012Metric,217.618000,-121.551000,217.618000,-121.551000,270.000000,270.000000,0,Native KiCad body origin; angle corrected separately against exact purchased library,
R255,R255,R255,C4310,SMT,Resistor_SMD:R_0805_2012Metric,186.770000,-121.551000,186.770000,-121.551000,270.000000,270.000000,0,Native KiCad body origin; angle corrected separately against exact purchased library,
R256,R256,R256,C4310,SMT,Resistor_SMD:R_0805_2012Metric,167.489000,-121.551000,167.489000,-121.551000,270.000000,270.000000,0,Native KiCad body origin; angle corrected separately against exact purchased library,
R259,R259,R259,C1882622,SMT,Resistor_SMD:R_2512_6332Metric,300.525000,-71.450000,300.525000,-71.450000,0.000000,0.000000,0,Native KiCad body origin; angle corrected separately against exact purchased library,
R260,R260,R260,C1882622,SMT,Resistor_SMD:R_2512_6332Metric,300.525000,-77.360000,300.525000,-77.360000,0.000000,0.000000,0,Native KiCad body origin; angle corrected separately against exact purchased library,
R261,R261,R261,C17427,SMT,Resistor_SMD:R_0805_2012Metric,263.000000,-60.500000,263.000000,-60.500000,0.000000,0.000000,0,Native KiCad body origin; angle corrected separately against exact purchased library,
R262,R262,R262,C273956,SMT,Resistor_SMD:R_0805_2012Metric,259.000000,-60.500000,259.000000,-60.500000,0.000000,0.000000,0,Native KiCad body origin; angle corrected separately against exact purchased library,
R263,R263,R263,C17719,SMT,Resistor_SMD:R_0805_2012Metric,258.000000,-65.000000,258.000000,-65.000000,0.000000,0.000000,0,Native KiCad body origin; angle corrected separately against exact purchased library,
R264,R264,R264,C865625,SMT,Resistor_SMD:R_0805_2012Metric,276.000000,-61.000000,276.000000,-61.000000,0.000000,0.000000,0,Native KiCad body origin; angle corrected separately against exact purchased library,
R265,R265,R265,C865367,SMT,Resistor_SMD:R_0805_2012Metric,280.000000,-61.000000,280.000000,-61.000000,0.000000,0.000000,0,Native KiCad body origin; angle corrected separately against exact purchased library,
R266,R266,R266,C17633,SMT,Resistor_SMD:R_0805_2012Metric,279.000000,-65.000000,279.000000,-65.000000,0.000000,0.000000,0,Native KiCad body origin; angle corrected separately against exact purchased library,
R267,R267,R267,C483008,SMT,Resistor_SMD:R_0805_2012Metric,137.000000,-70.500000,137.000000,-70.500000,0.000000,0.000000,0,Native KiCad body origin; angle corrected separately against exact purchased library,
R268,R268,R268,C4328,SMT,Resistor_SMD:R_0805_2012Metric,133.000000,-70.500000,133.000000,-70.500000,0.000000,0.000000,0,Native KiCad body origin; angle corrected separately against exact purchased library,
R269,R269,R269,C17719,SMT,Resistor_SMD:R_0805_2012Metric,132.000000,-75.000000,132.000000,-75.000000,0.000000,0.000000,0,Native KiCad body origin; angle corrected separately against exact purchased library,
R270,R270,R270,C706223,SMT,Resistor_SMD:R_0805_2012Metric,150.000000,-71.000000,150.000000,-71.000000,0.000000,0.000000,0,Native KiCad body origin; angle corrected separately against exact purchased library,
R271,R271,R271,C865384,SMT,Resistor_SMD:R_0805_2012Metric,154.000000,-71.000000,154.000000,-71.000000,0.000000,0.000000,0,Native KiCad body origin; angle corrected separately against exact purchased library,
R272,R272,R272,C17686,SMT,Resistor_SMD:R_0805_2012Metric,153.000000,-75.000000,153.000000,-75.000000,0.000000,0.000000,0,Native KiCad body origin; angle corrected separately against exact purchased library,
R301,R301,R301,C17414,SMT,Resistor_SMD:R_0805_2012Metric,367.021000,-230.528000,367.021000,-230.528000,270.000000,270.000000,0,Native KiCad body origin; angle corrected separately against exact purchased library,
R302,R302,R302,C17414,SMT,Resistor_SMD:R_0805_2012Metric,366.991000,-220.050000,366.991000,-220.050000,270.000000,270.000000,0,Native KiCad body origin; angle corrected separately against exact purchased library,
R303,R303,R303,C17414,SMT,Resistor_SMD:R_0805_2012Metric,366.991000,-209.571000,366.991000,-209.571000,270.000000,270.000000,0,Native KiCad body origin; angle corrected separately against exact purchased library,
R304,R304,R304,C17414,SMT,Resistor_SMD:R_0805_2012Metric,366.996000,-199.092000,366.996000,-199.092000,270.000000,270.000000,0,Native KiCad body origin; angle corrected separately against exact purchased library,
R305,R305,R305,C17414,SMT,Resistor_SMD:R_0805_2012Metric,345.004000,-230.528000,345.004000,-230.528000,270.000000,270.000000,0,Native KiCad body origin; angle corrected separately against exact purchased library,
R306,R306,R306,C17414,SMT,Resistor_SMD:R_0805_2012Metric,345.319000,-221.342000,345.319000,-221.342000,270.000000,270.000000,0,Native KiCad body origin; angle corrected separately against exact purchased library,
R307,R307,R307,C17414,SMT,Resistor_SMD:R_0805_2012Metric,344.914000,-209.571000,344.914000,-209.571000,270.000000,270.000000,0,Native KiCad body origin; angle corrected separately against exact purchased library,
R308,R308,R308,C17414,SMT,Resistor_SMD:R_0805_2012Metric,345.312000,-187.164000,345.312000,-187.164000,270.000000,270.000000,0,Native KiCad body origin; angle corrected separately against exact purchased library,
R310,R310,R310,C17673,SMT,Resistor_SMD:R_0805_2012Metric,20.000000,-110.000000,20.000000,-110.000000,0.000000,0.000000,0,Native KiCad body origin; angle corrected separately against exact purchased library,
R311,R311,R311,C17673,SMT,Resistor_SMD:R_0805_2012Metric,20.000000,-107.000000,20.000000,-107.000000,0.000000,0.000000,0,Native KiCad body origin; angle corrected separately against exact purchased library,
R312,R312,R312,C17673,SMT,Resistor_SMD:R_0805_2012Metric,20.000000,-104.000000,20.000000,-104.000000,0.000000,0.000000,0,Native KiCad body origin; angle corrected separately against exact purchased library,
R313,R313,R313,C17673,SMT,Resistor_SMD:R_0805_2012Metric,16.000000,-109.000000,16.000000,-109.000000,180.000000,180.000000,0,Native KiCad body origin; angle corrected separately against exact purchased library,
R314,R314,R314,C17673,SMT,Resistor_SMD:R_0805_2012Metric,39.000000,-93.000000,39.000000,-93.000000,90.000000,90.000000,0,Native KiCad body origin; angle corrected separately against exact purchased library,
R315,R315,R315,C17673,SMT,Resistor_SMD:R_0805_2012Metric,19.000000,-97.000000,19.000000,-97.000000,270.000000,270.000000,0,Native KiCad body origin; angle corrected separately against exact purchased library,
R316,R316,R316,C17673,SMT,Resistor_SMD:R_0805_2012Metric,16.000000,-112.000000,16.000000,-112.000000,180.000000,180.000000,0,Native KiCad body origin; angle corrected separately against exact purchased library,
R317,R317,R317,C17673,SMT,Resistor_SMD:R_0805_2012Metric,74.000000,-65.000000,74.000000,-65.000000,0.000000,0.000000,0,Native KiCad body origin; angle corrected separately against exact purchased library,
R318,R318,R318,C17673,SMT,Resistor_SMD:R_0805_2012Metric,16.000000,-101.000000,16.000000,-101.000000,90.000000,90.000000,0,Native KiCad body origin; angle corrected separately against exact purchased library,
R319,R319,R319,C17673,SMT,Resistor_SMD:R_0805_2012Metric,20.000000,-86.000000,20.000000,-86.000000,270.000000,270.000000,0,Native KiCad body origin; angle corrected separately against exact purchased library,
R320,R320,R320,C17673,SMT,Resistor_SMD:R_0805_2012Metric,42.000000,-93.000000,42.000000,-93.000000,0.000000,0.000000,0,Native KiCad body origin; angle corrected separately against exact purchased library,
R321,R321,R321,C17673,SMT,Resistor_SMD:R_0805_2012Metric,20.000000,-118.000000,20.000000,-118.000000,270.000000,270.000000,0,Native KiCad body origin; angle corrected separately against exact purchased library,
R322,R322,R322,C17673,SMT,Resistor_SMD:R_0805_2012Metric,24.000000,-93.000000,24.000000,-93.000000,0.000000,0.000000,0,Native KiCad body origin; angle corrected separately against exact purchased library,
R323,R323,R323,C17673,SMT,Resistor_SMD:R_0805_2012Metric,16.000000,-106.000000,16.000000,-106.000000,180.000000,180.000000,0,Native KiCad body origin; angle corrected separately against exact purchased library,
R324,R324,R324,C17673,SMT,Resistor_SMD:R_0805_2012Metric,17.000000,-85.000000,17.000000,-85.000000,180.000000,180.000000,0,Native KiCad body origin; angle corrected separately against exact purchased library,
R325,R325,R325,C17673,SMT,Resistor_SMD:R_0805_2012Metric,16.000000,-115.000000,16.000000,-115.000000,180.000000,180.000000,0,Native KiCad body origin; angle corrected separately against exact purchased library,
R326,R326,R326,C705606,SMT,Resistor_SMD:R_2512_6332Metric,278.000000,-44.000000,278.000000,-44.000000,0.000000,0.000000,0,Native KiCad body origin; angle corrected separately against exact purchased library,
R327,R327,R327,C705608,SMT,Resistor_SMD:R_2512_6332Metric,152.000000,-54.000000,152.000000,-54.000000,0.000000,0.000000,0,Native KiCad body origin; angle corrected separately against exact purchased library,
U1,U1,U1,C2878759,SMT,Package_SO:SO-20_5.3x12.6mm_P1.27mm,151.646000,-107.300000,151.646000,-107.300000,90.000000,180.000000,-90,Native KiCad body origin; angle corrected separately against exact purchased library, CPL rotation includes -90 deg LCSC library correction; native PCB rotation is 180 deg.
U2,U2,U2,C2878759,SMT,Package_SO:SO-20_5.3x12.6mm_P1.27mm,170.842000,-107.300000,170.842000,-107.300000,270.000000,0.000000,-90,Native KiCad body origin; angle corrected separately against exact purchased library, CPL rotation includes -90 deg LCSC library correction; native PCB rotation is 0 deg.
U3,U3,U3,C2878759,SMT,Package_SO:SO-20_5.3x12.6mm_P1.27mm,190.123000,-107.300000,190.123000,-107.300000,270.000000,0.000000,-90,Native KiCad body origin; angle corrected separately against exact purchased library, CPL rotation includes -90 deg LCSC library correction; native PCB rotation is 0 deg.
U4,U4,U4,C2878759,SMT,Package_SO:SO-20_5.3x12.6mm_P1.27mm,220.972000,-107.300000,220.972000,-107.300000,270.000000,0.000000,-90,Native KiCad body origin; angle corrected separately against exact purchased library, CPL rotation includes -90 deg LCSC library correction; native PCB rotation is 0 deg.
U5,U5,U5,C2878759,SMT,Package_SO:SO-20_5.3x12.6mm_P1.27mm,260.539000,-107.300000,260.539000,-107.300000,270.000000,0.000000,-90,Native KiCad body origin; angle corrected separately against exact purchased library, CPL rotation includes -90 deg LCSC library correction; native PCB rotation is 0 deg.
U6,U6,U6,C7948,SMT,Package_SO:SOIC-14_3.9x8.7mm_P1.27mm,92.122000,-71.490000,92.122000,-71.490000,270.000000,0.000000,-90,Native KiCad body origin; angle corrected separately against exact purchased library, CPL rotation includes -90 deg LCSC library correction; native PCB rotation is 0 deg.
U9,U9,U9,C6772,SMT,Package_SO:SO-20_5.3x12.6mm_P1.27mm,336.358000,-121.970000,336.358000,-121.970000,270.000000,0.000000,-90,Native KiCad body origin; angle corrected separately against exact purchased library, CPL rotation includes -90 deg LCSC library correction; native PCB rotation is 0 deg.
U10,U10,U10,C352961,SMT,Package_SO:SOIC-14_3.9x8.7mm_P1.27mm,333.772000,-149.885000,333.772000,-149.885000,270.000000,0.000000,-90,Native KiCad body origin; angle corrected separately against exact purchased library, CPL rotation includes -90 deg LCSC library correction; native PCB rotation is 0 deg.
U11,U11,U11,C352961,SMT,Package_SO:SOIC-14_3.9x8.7mm_P1.27mm,354.225000,-149.717000,354.225000,-149.717000,270.000000,0.000000,-90,Native KiCad body origin; angle corrected separately against exact purchased library, CPL rotation includes -90 deg LCSC library correction; native PCB rotation is 0 deg.
U12,U12,U12,C352961,SMT,Package_SO:SOIC-14_3.9x8.7mm_P1.27mm,375.455000,-149.634000,375.455000,-149.634000,270.000000,0.000000,-90,Native KiCad body origin; angle corrected separately against exact purchased library, CPL rotation includes -90 deg LCSC library correction; native PCB rotation is 0 deg.
U13,U13,U13,C352961,SMT,Package_SO:SOIC-14_3.9x8.7mm_P1.27mm,388.823000,-149.634000,388.823000,-149.634000,270.000000,0.000000,-90,Native KiCad body origin; angle corrected separately against exact purchased library, CPL rotation includes -90 deg LCSC library correction; native PCB rotation is 0 deg.
U15,U15,U15,C7948,SMT,Package_SO:SOIC-14_3.9x8.7mm_P1.27mm,343.857000,-167.411000,343.857000,-167.411000,270.000000,0.000000,-90,Native KiCad body origin; angle corrected separately against exact purchased library, CPL rotation includes -90 deg LCSC library correction; native PCB rotation is 0 deg.
U16,U16,U16,C7948,SMT,Package_SO:SOIC-14_3.9x8.7mm_P1.27mm,380.987000,-171.333000,380.987000,-171.333000,270.000000,0.000000,-90,Native KiCad body origin; angle corrected separately against exact purchased library, CPL rotation includes -90 deg LCSC library correction; native PCB rotation is 0 deg.
U18,U18,U18,C2878759,SMT,Package_SO:SO-20_5.3x12.6mm_P1.27mm,408.408000,-165.417000,408.408000,-165.417000,270.000000,0.000000,-90,Native KiCad body origin; angle corrected separately against exact purchased library, CPL rotation includes -90 deg LCSC library correction; native PCB rotation is 0 deg.
U19,U19,U19,C165895,SMT,Package_SO:SOIC-18W_7.5x11.6mm_P1.27mm,425.010000,-171.681000,425.010000,-171.681000,270.000000,0.000000,-90,Native KiCad body origin; angle corrected separately against exact purchased library, CPL rotation includes -90 deg LCSC library correction; native PCB rotation is 0 deg.
U20,U20,U20,C22397842,SMT,wpc_cost:TI_RYQ0021B_5x3mm,269.000000,-58.000000,269.000000,-58.000000,0.000000,0.000000,0,Native KiCad body origin; angle corrected separately against exact purchased library,
U21,U21,U21,C22397842,SMT,wpc_cost:TI_RYQ0021B_5x3mm,143.000000,-68.000000,143.000000,-68.000000,0.000000,0.000000,0,Native KiCad body origin; angle corrected separately against exact purchased library,
W1,W1,W1,C189505,SMT,Resistor_SMD:R_2512_6332Metric,16.990000,-204.541000,16.990000,-204.541000,270.000000,270.000000,0,Native KiCad body origin; angle corrected separately against exact purchased library,
