v 5.93 2.65 1.15
v 6.55 2.65 1.15
v 5.93 2.65 0.95
newmtl 1
Ka 0.25098039215686274 0.25098039215686274 0.25098039215686274
Kd 0.25098039215686274 0.25098039215686274 0.25098039215686274
Ks 0.07450980392156863 0.07450980392156863 0.07450980392156863
d 0.0
endmtl
v 6.55 2.65 0.95
v 5.5 2.65 0.95
v 4.66 2.65 0.95
v 5.5 2.65 1.15
v 4.66 2.65 1.15
v 4.23 2.65 0.95
v 3.39 2.65 0.95
v 4.23 2.65 1.15
v 3.39 2.65 1.15
v 2.96 2.65 0.95
v 2.12 2.65 0.95
v 2.96 2.65 1.15
v 2.12 2.65 1.15
v 1.69 2.65 0.95
v 0.85 2.65 0.95
v 1.69 2.65 1.15
v 0.85 2.65 1.15
v 0.42 2.65 0.95
v -0.42 2.65 0.95
v 0.42 2.65 1.15
v -0.42 2.65 1.15
v -0.85 2.65 0.95
v -1.69 2.65 0.95
v -0.85 2.65 1.15
v -1.69 2.65 1.15
v -2.12 2.65 0.95
v -2.96 2.65 0.95
v -2.12 2.65 1.15
v -2.96 2.65 1.15
v -3.39 2.65 0.95
v -4.23 2.65 0.95
v -3.39 2.65 1.15
v -4.23 2.65 1.15
v -4.66 2.65 0.95
v -5.5 2.65 0.95
v -4.66 2.65 1.15
v -5.5 2.65 1.15
v 5.5 -2.65 1.15
v 4.66 -2.65 1.15
v 5.5 -2.65 0.95
v 4.66 -2.65 0.95
v 4.23 -2.65 1.15
v 3.39 -2.65 1.15
v 4.23 -2.65 0.95
v 3.39 -2.65 0.95
v 2.96 -2.65 1.15
v 2.12 -2.65 1.15
v 2.96 -2.65 0.95
v 2.12 -2.65 0.95
v 1.69 -2.65 1.15
v 0.85 -2.65 1.15
v 1.69 -2.65 0.95
v 0.85 -2.65 0.95
v 0.42 -2.65 1.15
v -0.42 -2.65 1.15
v 0.42 -2.65 0.95
v -0.42 -2.65 0.95
v -0.85 -2.65 1.15
v -1.69 -2.65 1.15
v -0.85 -2.65 0.95
v -1.69 -2.65 0.95
v -2.12 -2.65 1.15
v -2.96 -2.65 1.15
v -2.12 -2.65 0.95
v -2.96 -2.65 0.95
v -3.39 -2.65 1.15
v -4.23 -2.65 1.15
v -3.39 -2.65 0.95
v -4.23 -2.65 0.95
v -4.66 -2.65 1.15
v -5.5 -2.65 1.15
v -4.66 -2.65 0.95
v -5.5 -2.65 0.95
v -5.93 -2.65 1.15
v -6.55 -2.65 1.15
v -5.93 -2.65 0.95
v -6.55 -2.65 0.95
v -0.077091 2.416102 0.1
v -0.042945 -0.122409 0.1
v -0.077091 -0.162958 0.1
v -0.042945 -0.160824 0.1
v 0.14486 -0.160824 0.1
v -0.034408 0.150762 0.1
v 0.097909 0.150762 0.1
v 0.097909 0.035518 0.1
v 0.213153 -0.142684 0.1
v 0.213153 -0.104269 0.1
v 0.14486 0.189176 0.1
v 0.097909 -0.002897 0.1
v 0.097909 -0.122409 0.1
v -0.025872 -0.002897 0.1
v -0.025872 0.035518 0.1
v 0.386512 -0.148943 0.1
v 0.503397 -0.160824 0.1
v 0.352589 -0.16062 0.1
v 0.330039 -0.162958 0.1
v -0.034408 0.189176 0.1
v 0.455047 0.096991 0.1
v 0.434533 0.129714 0.1
v 0.635714 0.189176 0.1
v 0.329581 0.151159 0.1
v 0.355778 0.141705 0.1
v 0.219425 -0.107744 0.1
v 0.380003 0.125499 0.1
v 0.401139 0.102165 0.1
v 0.426567 0.010441 0.1
v 0.423023 -0.027448 0.1
v 0.413515 -0.057553 0.1
v 0.335632 -0.123016 0.1
v 0.302987 -0.126678 0.1
v 0.361135 -0.113627 0.1
v 0.382615 -0.099149 0.1
v 0.399039 -0.081822 0.1
v 0.256528 -0.121521 0.1
v 0.415568 0.075142 0.1
v 0.424898 0.037673 0.1
v 0.402934 0.160103 0.1
v 0.682665 0.189176 0.1
v 6.416102 2.416102 0.1
v 0.682665 -0.160824 0.1
v 6.416102 -0.162958 0.1
v 0.414665 -0.130965 0.1
v 0.440955 -0.103288 0.1
v 0.503397 -0.122409 0.1
v 0.4596 -0.070008 0.1
v 0.635714 -0.122409 0.1
v 0.470134 -0.032961 0.1
v 0.473519 0.007574 0.1
v 0.468484 0.057333 0.1
v 0.36969 0.179239 0.1
v 0.330671 0.190575 0.1
v 0.295517 0.193444 0.1
v 0.253618 0.190553 0.1
v 0.213153 0.179572 0.1
v 0.213153 0.132621 0.1
v 0.252577 0.149503 0.1
v 0.295117 0.15503 0.1
v 0.309456 -0.165092 0.1
v 6.416102 -2.416102 0.1
v 0.299886 -0.164928 0.1
v -0.077091 -2.416102 0.1
v 0.285827 -0.162958 0.1
v -6.416102 -2.416102 0.1
v -6.416102 -0.162958 0.1
v 0.250461 -0.158002 0.1
v -0.418555 -0.160824 0.1
v -0.375468 -0.064897 0.1
v -0.355396 -0.096202 0.1
v -0.683189 -0.160824 0.1
v -0.734408 -0.160824 0.1
v -0.597823 0.189176 0.1
v -6.416102 2.416102 0.1
v -0.550872 0.189176 0.1
v -0.326588 -0.123786 0.1
v -0.290043 -0.145023 0.1
v -0.249713 -0.157044 0.1
v -0.206407 -0.160824 0.1
v -0.111238 -0.160824 0.1
v -0.111238 0.189176 0.1
v -0.210009 0.189176 0.1
v -0.339985 0.14354 0.1
v -0.364735 0.116096 0.1
v -0.381001 0.085995 0.1
v -0.260574 0.183771 0.1
v -0.301524 0.169391 0.1
v -0.339619 0.143862 0.1
v -0.469774 -0.160824 0.1
v -0.503187 -0.062653 0.1
v -0.647775 -0.062653 0.1
v -0.390401 0.051511 0.1
v -0.392945 0.018578 0.1
v -0.388033 -0.028262 0.1
v 6.416102 -2.113603 2.0
v 6.416102 -0.82644 2.0
v 0.772061 -0.82644 2.0
v 0.813543 0.057125 2.0
v 0.83598 0.131273 2.0
v 0.772061 2.416102 2.0
v 0.857111 0.166539 2.0
v 0.934194 0.217989 2.0
v 0.976329 0.222919 2.0
v 1.012725 0.219092 2.0
v 1.042212 0.208791 2.0
v 6.416102 2.416102 2.0
v 1.068174 0.191574 2.0
v 6.416102 -0.286228 2.0
v 0.929524 -0.285431 2.0
v 0.900603 -0.275087 2.0
v 0.772061 -0.286228 2.0
v 0.875546 -0.258463 2.0
v 0.850892 -0.231495 2.0
v 0.880586 0.191005 2.0
v 0.903761 0.206424 2.0
v 1.108727 -0.188351 2.0
v 1.085821 -0.229072 2.0
v 1.061231 -0.255847 2.0
v 1.033427 -0.274347 2.0
v 1.088331 0.16968 2.0
v 1.109267 0.132073 2.0
v 1.127211 0.068369 2.0
v 0.829011 -0.191085 2.0
v 0.811399 -0.124457 2.0
v 0.805598 -0.042897 2.0
v 1.134866 -0.031083 2.0
v 1.127383 -0.123827 2.0
v 1.002125 -0.285309 2.0
v 0.99355 -0.286228 2.0
v 0.965087 -0.289276 2.0
v 0.936887 -0.286228 2.0
v -0.947478 -0.286228 2.0
v -0.989277 -0.289276 2.0
v -0.779768 -0.82644 2.0
v -1.018864 -0.286228 2.0
v -3.390618 -0.82644 2.0
v -1.115134 -0.190191 2.0
v -3.390618 2.416102 2.0
v -1.115134 -0.263362 2.0
v -3.390618 -0.286228 2.0
v -1.099109 -0.271022 2.0
v -1.053628 -0.282645 2.0
v -0.779768 -0.286228 2.0
v -0.823464 -0.214735 2.0
v -0.839616 -0.238181 2.0
v -1.115134 0.088772 2.0
v -1.110654 0.123325 2.0
v -1.100882 0.147253 2.0
v -1.085167 0.168962 2.0
v -0.868261 -0.049093 2.0
v -0.839419 -0.075964 2.0
v -0.828549 0.136029 2.0
v -0.8228 -0.100965 2.0
v -0.813524 -0.126026 2.0
v -0.810256 -0.154273 2.0
v -0.814192 -0.189403 2.0
v -0.860528 -0.256437 2.0
v -0.888784 -0.271899 2.0
v -0.937585 -0.285506 2.0
v -0.828549 0.209199 2.0
v -0.779768 2.416102 2.0
v -0.882796 0.220546 2.0
v -0.938305 0.222919 2.0
v -1.066843 -0.008307 2.0
v -1.089008 0.01285 2.0
v -1.103337 0.035437 2.0
v -1.112278 0.061499 2.0
v -1.063696 0.187592 2.0
v -1.03558 0.203746 2.0
v -0.993578 0.217528 2.0
v -0.94183 -0.006121 2.0
v -0.866351 0.155657 2.0
v -0.988304 0.018506 2.0
v -0.909094 0.165873 2.0
v -0.94364 0.168041 2.0
v -0.992897 -0.053091 2.0
v -1.078583 -0.212651 2.0
v -0.924942 -0.089156 2.0
v -1.019397 -0.230846 2.0
v -0.917978 -0.093597 2.0
v -0.981845 -0.234398 2.0
v -0.945539 -0.231601 2.0
v -1.040603 0.06248 2.0
v -1.045865 0.076267 2.0
v -1.048061 0.095346 2.0
v -1.032148 0.050078 2.0
v -1.016815 0.036632 2.0
v -0.920164 -0.22474 2.0
v -0.902231 -0.21484 2.0
v -0.89182 -0.205029 2.0
v -1.034783 0.134703 2.0
v -1.042072 0.12336 2.0
v -1.046492 0.110497 2.0
v -0.8852 -0.195115 2.0
v -0.879444 -0.179521 2.0
v -0.877329 -0.159798 2.0
v -0.879503 -0.142055 2.0
v -0.885168 -0.12783 2.0
v -0.897399 -0.11106 2.0
v -0.978643 0.164868 2.0
v -1.005188 0.156378 2.0
v -1.02339 0.145653 2.0
v -0.695555 0.137843 2.0
v -0.656733 0.176437 2.0
v -0.723987 0.090997 2.0
v -0.39802 0.199482 2.0
v -0.354544 0.170247 2.0
v -0.22489 2.416102 2.0
v -0.445289 0.216305 2.0
v -0.326164 -0.203371 2.0
v -0.364013 -0.241768 2.0
v -0.22489 -0.286228 2.0
v -0.621975 -0.266633 2.0
v -0.574992 -0.28279 2.0
v -0.542543 -0.286228 2.0
v -0.405523 -0.267299 2.0
v -0.453816 -0.283325 2.0
v -0.483051 -0.286228 2.0
v -0.662876 -0.240581 2.0
v -0.698793 -0.203399 2.0
v -0.726492 -0.156722 2.0
v -0.610552 0.203445 2.0
v -0.559926 0.218244 2.0
v -0.505664 0.222919 2.0
v -0.273671 -0.027272 2.0
v -0.280394 -0.099598 2.0
v -0.298445 -0.156889 2.0
v -0.317447 0.128486 2.0
v -0.29138 0.078558 2.0
v -0.277207 0.022814 2.0
v -0.743395 -0.10269 2.0
v -0.74928 -0.039086 2.0
v -0.742444 0.033163 2.0
v -0.513762 -0.289276 2.0
v 0.390964 -0.286228 2.0
v 0.390964 2.416102 2.0
v 0.354378 -0.202386 2.0
v 0.354378 -0.257264 2.0
v 0.301081 -0.279148 2.0
v 0.250557 -0.286228 2.0
v 0.29657 0.218789 2.0
v 0.354378 0.203102 2.0
v 0.354378 0.136029 2.0
v 0.298058 0.160145 2.0
v 0.345417 -0.20735 2.0
v 0.237286 0.168041 2.0
v 0.188052 0.162512 2.0
v 0.155184 -0.282887 2.0
v 0.106722 -0.266206 2.0
v -0.063305 -0.286228 2.0
v 0.066503 -0.240523 2.0
v 0.028946 -0.200985 2.0
v 0.00231 -0.153442 2.0
v 0.008815 0.085128 2.0
v 0.038121 0.131875 2.0
v -0.063305 2.416102 2.0
v 0.083262 0.175288 2.0
v 0.150627 0.149005 2.0
v 0.11602 0.125854 2.0
v 0.085826 0.09252 2.0
v 0.0495 -0.038514 2.0
v 0.054563 -0.092642 2.0
v 0.068147 -0.135649 2.0
v 0.179407 -0.229167 2.0
v 0.226044 -0.234398 2.0
v 0.142975 -0.215755 2.0
v 0.112289 -0.195072 2.0
v 0.088826 -0.170319 2.0
v 0.292414 -0.227032 2.0
v 0.065213 0.053915 2.0
v 0.051885 3.89E-4 2.0
v -0.012738 -0.100517 2.0
v -0.017573 -0.042611 2.0
v -0.01038 0.028474 2.0
v 0.130754 0.202626 2.0
v 0.186494 0.218819 2.0
v 0.236714 0.222919 2.0
v 0.230474 -0.289042 2.0
v 0.390964 -0.82644 2.0
v 0.216802 -0.289276 2.0
v 0.187398 -0.286228 2.0
v -0.063305 -0.82644 2.0
v 0.738525 -0.228301 2.0
v 0.617692 0.21892 2.0
v 0.65136 0.208173 2.0
v 0.738525 -0.283179 2.0
v 0.427549 -0.283179 2.0
v 0.427549 -0.258407 2.0
v 0.431848 -0.211244 2.0
v 0.479978 0.197056 2.0
v 0.445842 0.168422 2.0
v 0.445842 0.107256 2.0
v 0.444243 -0.174326 2.0
v 0.46451 -0.142766 2.0
v 0.505465 -0.10198 2.0
v 0.681647 0.189382 2.0
v 0.701845 0.168609 2.0
v 0.715431 0.145409 2.0
v 0.70742 0.0048 2.0
v 0.68732 -0.02536 2.0
v 0.639604 -0.070657 2.0
v 0.557884 -0.062339 2.0
v 0.563315 -0.058522 2.0
v 0.462789 0.123522 2.0
v 0.513811 0.213585 2.0
v 0.553268 0.221923 2.0
v 0.575224 0.222919 2.0
v 0.72365 0.118781 2.0
v 0.726329 0.088963 2.0
v 0.72141 0.043009 2.0
v 0.614573 -0.08901 2.0
v 0.53653 -0.146136 2.0
v 0.512437 -0.169931 2.0
v 0.652388 0.027866 2.0
v 0.662208 0.055177 2.0
v 0.497385 0.147891 2.0
v 0.501416 -0.186898 2.0
v 0.495374 -0.204765 2.0
v 0.493098 -0.228301 2.0
v 0.633378 3.98E-4 2.0
v 0.665354 0.084104 2.0
v 0.663111 0.105771 2.0
v 0.657399 0.122357 2.0
v 0.621519 0.157431 2.0
v 0.598005 0.1653 2.0
v 0.569127 0.168041 2.0
v 0.531627 0.162502 2.0
v 0.648555 0.136354 2.0
v 0.636977 0.147682 2.0
v -0.17611 0.216821 2.0
v -0.17611 -0.283179 2.0
v -0.109036 -0.283179 2.0
v -0.109036 0.216821 2.0
v -0.22489 -0.82644 2.0
v -5.699595 -1.488603 2.0
v -5.674621 -1.548898 2.0
v 0.772061 -2.113603 2.0
v 0.390964 -2.113603 2.0
v -0.063305 -2.113603 2.0
v -0.22489 -2.113603 2.0
v -0.779768 -2.113603 2.0
v -3.390618 -2.113603 2.0
v -5.666102 -1.613603 2.0
v -5.980807 -1.855084 2.0
v -6.041102 -1.830109 2.0
v -6.291101 -2.113603 2.0
v -6.092878 -1.79038 2.0
v -6.291101 -0.82644 2.0
v -6.166102 -1.613603 2.0
v -6.157584 -1.548898 2.0
v -6.132608 -1.488603 2.0
v -6.092878 -1.436826 2.0
v -5.674621 -1.678308 2.0
v -5.699595 -1.738603 2.0
v -5.739325 -1.79038 2.0
v -6.132608 -1.738603 2.0
v -6.157584 -1.678308 2.0
v -5.851398 -1.372121 2.0
v -5.791102 -1.397097 2.0
v -5.739325 -1.436826 2.0
v -6.041102 -1.397097 2.0
v -5.980807 -1.372121 2.0
v -5.916102 -1.363603 2.0
v -6.291101 -0.286228 2.0
v -6.291101 2.416102 2.0
v -5.791102 -1.830109 2.0
v -5.851398 -1.855084 2.0
v -5.916102 -1.863603 2.0
v -6.416102 2.416102 2.0
v -6.416102 -0.286228 2.0
v -6.416102 -0.82644 2.0
v -6.416102 -2.113603 2.0
v 6.65 -2.55 0.95
v 6.65 2.55 0.95
v 6.65 -2.55 1.15
v 6.65 2.55 1.15
v -5.93 2.65 0.95
v -6.55 2.65 0.95
v -5.93 2.65 1.15
v -6.55 2.65 1.15
v -6.65 2.55 0.95
v -6.65 -2.55 0.95
v -6.65 2.55 1.15
v -6.65 -2.55 1.15
v 5.93 -2.65 0.95
v 6.55 -2.65 0.95
v 5.93 -2.65 1.15
v 6.55 -2.65 1.15
v 6.55151 -2.649988 0.949935
v 6.416102 -2.51458 0.182621
v -6.416102 -2.51458 0.182621
v -6.55151 -2.649988 0.949935
v 6.649989 -2.55151 0.949935
v 6.51458 -2.416102 0.182621
v 6.51458 2.416102 0.182621
v 6.649989 2.55151 0.949935
v -6.649989 2.55151 0.949935
v -6.51458 2.416102 0.182621
v -6.51458 -2.416102 0.182621
v -6.649989 -2.55151 0.949935
v -6.55151 2.649988 0.949935
v -6.416102 2.51458 0.182621
v 6.416102 2.51458 0.182621
v 6.55151 2.649988 0.949935
v 6.55151 2.649988 1.150065
v 6.416102 2.51458 1.917379
v -6.416102 2.51458 1.917379
v -6.55151 2.649988 1.150065
v -6.649989 -2.55151 1.150065
v -6.567159 -2.46868 1.619433
v -6.51458 -2.113603 1.917379
v -6.51458 2.416102 1.917379
v -6.649989 2.55151 1.150065
v 6.649989 2.55151 1.150065
v 6.51458 2.416102 1.917379
v 6.51458 -2.113603 1.917379
v 6.567159 -2.46868 1.619433
v 6.649989 -2.55151 1.150065
v -6.55151 -2.649988 1.150065
v -6.468681 -2.567159 1.619433
v 6.468681 -2.567159 1.619433
v 6.55151 -2.649988 1.150065
v 6.416102 -2.177882 1.976604
v -6.416102 -2.177882 1.976604
v 6.468681 -2.532959 1.678659
v -6.468681 -2.532959 1.678659
v -6.416102 2.439159 0.102711
v -6.421263 2.438715 0.102727
v -6.434237 2.430564 0.102727
v -6.430564 2.434237 0.102727
v -6.460967 2.416102 0.110665
v -6.461227 2.416102 0.11076
v -6.460096 2.426143 0.11076
v -6.480349 2.416102 0.123431
v -6.480696 2.416102 0.123661
v -6.479076 2.430475 0.123661
v -6.494622 2.434023 0.140726
v -6.505884 2.436594 0.161023
v -6.499074 2.456059 0.161023
v -6.464502 2.500416 0.17658
v -6.45808 2.503212 0.17722
v -6.456059 2.499073 0.161023
v -6.441123 2.510596 0.178909
v -6.437816 2.511123 0.1794
v -6.436594 2.505884 0.161023
v -6.488102 2.47352 0.161023
v -6.49137 2.476139 0.176123
v -6.484708 2.484708 0.175786
v -6.503212 2.458081 0.17722
v -6.500416 2.464502 0.17658
v -6.510596 2.441122 0.178909
v -6.511122 2.437816 0.1794
v -6.508193 2.416102 0.161023
v -6.50785 2.416102 0.16042
v -6.496641 2.416102 0.140726
v -6.496262 2.416102 0.14032
v -6.416102 2.508193 0.161023
v -6.416102 2.50785 0.16042
v -6.434023 2.494622 0.140726
v -6.488665 2.451046 0.140726
v -6.416102 2.496641 0.140726
v -6.416102 2.496262 0.14032
v -6.430476 2.479076 0.123661
v -6.474299 2.444128 0.123661
v -6.47907 2.466317 0.140726
v -6.47352 2.488102 0.161023
v -6.476139 2.49137 0.176123
v -6.416102 2.480696 0.123661
v -6.416102 2.480349 0.123431
v -6.426143 2.460096 0.11076
v -6.466317 2.47907 0.140726
v -6.466603 2.456375 0.123661
v -6.456758 2.435681 0.11076
v -6.438715 2.421263 0.102727
v -6.444237 2.451382 0.11076
v -6.451046 2.488665 0.140726
v -6.444128 2.474299 0.123661
v -6.435681 2.456758 0.11076
v -6.426166 2.437 0.102727
v -6.439159 2.416102 0.102711
v -6.439297 2.416102 0.102727
v -6.456376 2.466604 0.123661
v -6.451382 2.444237 0.11076
v -6.437 2.426166 0.102727
v -6.416102 2.461227 0.11076
v -6.416102 2.460967 0.110665
v -6.416102 2.439297 0.102727
v -6.439159 -2.416102 0.102711
v -6.508193 -2.416102 0.161023
v -6.50785 -2.416102 0.16042
v -6.496641 -2.416102 0.140726
v -6.496262 -2.416102 0.14032
v -6.480696 -2.416102 0.123661
v -6.480349 -2.416102 0.123431
v -6.461227 -2.416102 0.11076
v -6.460967 -2.416102 0.110665
v -6.439297 -2.416102 0.102727
v -6.572181 2.647002 0.948399
v -6.647002 2.572181 0.948399
v -6.646327 2.576853 0.948051
v -6.639448 2.593114 0.947236
v -6.63635 2.600435 0.946869
v -6.627542 2.611854 0.946642
v -6.620711 2.620711 0.946466
v -6.611854 2.627542 0.946642
v -6.600435 2.63635 0.946869
v -6.593114 2.639448 0.947236
v -6.576853 2.646327 0.948051
v 6.416102 2.439159 0.102711
v 6.416102 2.439297 0.102727
v 6.416102 2.460967 0.110665
v 6.416102 2.461227 0.11076
v 6.416102 2.480349 0.123431
v 6.416102 2.480696 0.123661
v 6.416102 2.496262 0.14032
v 6.416102 2.496641 0.140726
v 6.416102 2.50785 0.16042
v 6.416102 2.508193 0.161023
v -6.438507 -2.422105 0.102727
v -6.416102 -2.460967 0.110665
v -6.416102 -2.461227 0.11076
v -6.427781 -2.45969 0.11076
v -6.416102 -2.480349 0.123431
v -6.416102 -2.480696 0.123661
v -6.43282 -2.478495 0.123661
v -6.436947 -2.493897 0.140726
v -6.439937 -2.505055 0.161023
v -6.462147 -2.495855 0.161023
v -6.510596 -2.441122 0.178909
v -6.500416 -2.464502 0.17658
v -6.510482 -2.441385 0.178883
v -6.505055 -2.439937 0.161023
v -6.441123 -2.510596 0.178909
v -6.441385 -2.510482 0.178883
v -6.464502 -2.500416 0.17658
v -6.464691 -2.500269 0.176572
v -6.484708 -2.484708 0.175786
v -6.416102 -2.508193 0.161023
v -6.416102 -2.50785 0.16042
v -6.416102 -2.496641 0.140726
v -6.416102 -2.496262 0.14032
v -6.493896 -2.436947 0.140726
v -6.456371 -2.485851 0.140726
v -6.48122 -2.48122 0.161023
v -6.478495 -2.43282 0.123661
v -6.448399 -2.472042 0.123661
v -6.473052 -2.473052 0.140726
v -6.459689 -2.427781 0.11076
v -6.461777 -2.461776 0.123661
v -6.438664 -2.455181 0.11076
v -6.422105 -2.438507 0.102727
v -6.500269 -2.464691 0.176572
v -6.495855 -2.462147 0.161023
v -6.48585 -2.456372 0.140726
v -6.472042 -2.448399 0.123661
v -6.455182 -2.438664 0.11076
v -6.43619 -2.4277 0.102727
v -6.416102 -2.439159 0.102711
v -6.416102 -2.439297 0.102727
v -6.44801 -2.44801 0.11076
v -6.4277 -2.436189 0.102727
v -6.432504 -2.432503 0.102727
v -6.647002 2.572181 1.151601
v -6.646327 2.576853 1.151949
v -6.639448 2.593114 1.152764
v -6.63635 2.600435 1.153131
v -6.627542 2.611854 1.153358
v -6.620711 2.620711 1.153534
v -6.611854 2.627542 1.153358
v -6.600435 2.63635 1.153131
v -6.593114 2.639448 1.152764
v -6.576853 2.646327 1.151949
v -6.572181 2.647002 1.151601
v 6.439159 2.416102 0.102711
v 6.438507 2.422105 0.102727
v 6.427781 2.45969 0.11076
v 6.43282 2.478495 0.123661
v 6.436947 2.493897 0.140726
v 6.439937 2.505055 0.161023
v 6.462147 2.495855 0.161023
v 6.510596 2.441122 0.178909
v 6.508193 2.416102 0.161023
v 6.500416 2.464502 0.17658
v 6.510482 2.441385 0.178883
v 6.505055 2.439937 0.161023
v 6.441123 2.510596 0.178909
v 6.441385 2.510482 0.178883
v 6.464502 2.500416 0.17658
v 6.464691 2.500269 0.176572
v 6.484708 2.484708 0.175786
v 6.50785 2.416102 0.16042
v 6.493896 2.436947 0.140726
v 6.456371 2.485851 0.140726
v 6.48122 2.48122 0.161023
v 6.496641 2.416102 0.140726
v 6.496262 2.416102 0.14032
v 6.478495 2.43282 0.123661
v 6.448399 2.472042 0.123661
v 6.473052 2.473052 0.140726
v 6.480696 2.416102 0.123661
v 6.480349 2.416102 0.123431
v 6.459689 2.427781 0.11076
v 6.461777 2.461776 0.123661
v 6.438664 2.455181 0.11076
v 6.422105 2.438507 0.102727
v 6.500269 2.464691 0.176572
v 6.495855 2.462147 0.161023
v 6.48585 2.456372 0.140726
v 6.472042 2.448399 0.123661
v 6.455182 2.438664 0.11076
v 6.43619 2.4277 0.102727
v 6.44801 2.44801 0.11076
v 6.4277 2.436189 0.102727
v 6.432504 2.432503 0.102727
v 6.461227 2.416102 0.11076
v 6.460967 2.416102 0.110665
v 6.439297 2.416102 0.102727
v 6.439159 -2.416102 0.102711
v 6.439297 -2.416102 0.102727
v 6.460967 -2.416102 0.110665
v 6.461227 -2.416102 0.11076
v 6.480349 -2.416102 0.123431
v 6.480696 -2.416102 0.123661
v 6.496262 -2.416102 0.14032
v 6.496641 -2.416102 0.140726
v 6.50785 -2.416102 0.16042
v 6.508193 -2.416102 0.161023
v 6.416102 -2.439159 0.102711
v 6.416102 -2.439297 0.102727
v 6.416102 -2.460967 0.110665
v 6.416102 -2.461227 0.11076
v 6.416102 -2.480349 0.123431
v 6.416102 -2.480696 0.123661
v 6.416102 -2.496262 0.14032
v 6.416102 -2.496641 0.140726
v 6.416102 -2.50785 0.16042
v 6.416102 -2.508193 0.161023
v -6.647002 -2.572181 0.948399
v -6.646327 -2.576853 0.948051
v -6.639448 -2.593114 0.947236
v -6.63635 -2.600435 0.946869
v -6.627542 -2.611854 0.946642
v -6.620711 -2.620711 0.946466
v -6.611854 -2.627542 0.946642
v -6.600435 -2.63635 0.946869
v -6.593114 -2.639448 0.947236
v -6.576853 -2.646327 0.948051
v -6.572181 -2.647002 0.948399
v -6.510596 2.441122 1.921091
v -6.510482 2.441385 1.921117
v -6.500416 2.464502 1.92342
v -6.500269 2.464691 1.923428
v -6.484708 2.484708 1.924214
v -6.464691 2.500269 1.923428
v -6.464502 2.500416 1.92342
v -6.441385 2.510482 1.921117
v -6.441123 2.510596 1.921091
v 6.647002 2.572181 0.948399
v 6.646327 2.576853 0.948051
v 6.63635 2.600435 0.946869
v 6.639448 2.593114 0.947236
v 6.620711 2.620711 0.946466
v 6.627542 2.611854 0.946642
v 6.611854 2.627542 0.946642
v 6.600435 2.63635 0.946869
v 6.593114 2.639448 0.947236
v 6.576853 2.646327 0.948051
v 6.572181 2.647002 0.948399
v 6.422105 -2.438507 0.102727
v 6.459689 -2.427781 0.11076
v 6.478495 -2.43282 0.123661
v 6.493896 -2.436947 0.140726
v 6.505055 -2.439937 0.161023
v 6.495855 -2.462147 0.161023
v 6.441123 -2.510596 0.178909
v 6.464502 -2.500416 0.17658
v 6.441385 -2.510482 0.178883
v 6.439937 -2.505055 0.161023
v 6.510596 -2.441122 0.178909
v 6.510482 -2.441385 0.178883
v 6.500416 -2.464502 0.17658
v 6.500269 -2.464691 0.176572
v 6.484708 -2.484708 0.175786
v 6.436947 -2.493897 0.140726
v 6.48585 -2.456372 0.140726
v 6.48122 -2.48122 0.161023
v 6.43282 -2.478495 0.123661
v 6.472042 -2.448399 0.123661
v 6.473052 -2.473052 0.140726
v 6.427781 -2.45969 0.11076
v 6.461777 -2.461776 0.123661
v 6.455182 -2.438664 0.11076
v 6.438507 -2.422105 0.102727
v 6.464691 -2.500269 0.176572
v 6.462147 -2.495855 0.161023
v 6.456371 -2.485851 0.140726
v 6.448399 -2.472042 0.123661
v 6.438664 -2.455181 0.11076
v 6.4277 -2.436189 0.102727
v 6.44801 -2.44801 0.11076
v 6.43619 -2.4277 0.102727
v 6.432504 -2.432503 0.102727
v -6.572181 -2.647002 1.151601
v -6.576853 -2.646327 1.151949
v -6.593114 -2.639448 1.152764
v -6.600435 -2.63635 1.153131
v -6.611854 -2.627542 1.153358
v -6.620711 -2.620711 1.153534
v -6.627542 -2.611854 1.153358
v -6.63635 -2.600435 1.153131
v -6.639448 -2.593114 1.152764
v -6.646327 -2.576853 1.151949
v -6.647002 -2.572181 1.151601
v -6.496262 2.416102 1.95968
v -6.480696 2.416102 1.976339
v -6.478495 2.43282 1.976339
v -6.459689 2.427781 1.98924
v -6.438507 2.422105 1.997273
v -6.43619 2.4277 1.997273
v -6.4277 2.436189 1.997273
v -6.432504 2.432503 1.997273
v -6.422105 2.438507 1.997273
v -6.439159 2.416102 1.997289
v -6.505055 2.439937 1.938977
v -6.495855 2.462147 1.938977
v -6.48122 2.48122 1.938977
v -6.462147 2.495855 1.938977
v -6.439937 2.505055 1.938977
v -6.416102 2.508193 1.938977
v -6.416102 2.439159 1.997289
v -6.480349 2.416102 1.976569
v -6.461227 2.416102 1.98924
v -6.460967 2.416102 1.989335
v -6.439297 2.416102 1.997273
v -6.455182 2.438664 1.98924
v -6.44801 2.44801 1.98924
v -6.438664 2.455181 1.98924
v -6.427781 2.45969 1.98924
v -6.416102 2.439297 1.997273
v -6.416102 2.460967 1.989335
v -6.416102 2.461227 1.98924
v -6.416102 2.480349 1.976569
v -6.472042 2.448399 1.976339
v -6.461777 2.461776 1.976339
v -6.448399 2.472042 1.976339
v -6.43282 2.478495 1.976339
v -6.50785 2.416102 1.939579
v -6.496641 2.416102 1.959275
v -6.493896 2.436947 1.959275
v -6.48585 2.456372 1.959275
v -6.473052 2.473052 1.959275
v -6.456371 2.485851 1.959275
v -6.436947 2.493897 1.959275
v -6.508193 2.416102 1.938977
v -6.416102 2.480696 1.976339
v -6.416102 2.496262 1.95968
v -6.416102 2.496641 1.959275
v -6.416102 2.50785 1.939579
v 6.572181 2.647002 1.151601
v 6.576853 2.646327 1.151949
v 6.593114 2.639448 1.152764
v 6.600435 2.63635 1.153131
v 6.611854 2.627542 1.153358
v 6.620711 2.620711 1.153534
v 6.627542 2.611854 1.153358
v 6.63635 2.600435 1.153131
v 6.639448 2.593114 1.152764
v 6.646327 2.576853 1.151949
v 6.647002 2.572181 1.151601
v 6.600435 -2.63635 0.946869
v 6.599975 -2.636544 0.946892
v 6.576853 -2.646327 0.948051
v 6.575864 -2.64647 0.948125
v 6.620711 -2.620711 0.946466
v 6.63635 -2.600435 0.946869
v 6.636544 -2.599975 0.946892
v 6.646327 -2.576853 0.948051
v 6.64647 -2.575864 0.948125
v -6.563825 -2.489617 1.622539
v -6.563175 -2.493701 1.623145
v -6.556052 -2.510059 1.624775
v -6.552995 -2.517081 1.625475
v -6.544269 -2.528305 1.625916
v -6.537287 -2.537287 1.626269
v -6.529027 -2.543708 1.625944
v -6.517081 -2.552995 1.625475
v -6.510899 -2.555686 1.624859
v -6.493701 -2.563175 1.623145
v -6.490524 -2.56368 1.622674
v -6.429467 -2.17568 1.976339
v -6.48297 -2.530605 1.678375
v -6.430306 -2.175542 1.976322
v -6.492255 -2.529075 1.678191
v -6.439677 -2.173998 1.976136
v -6.497276 -2.527419 1.677103
v -6.444525 -2.172398 1.975086
v -6.514484 -2.521742 1.673374
v -6.461905 -2.166665 1.97132
v -6.527676 -2.514772 1.667395
v -6.474714 -2.159897 1.965514
v -6.534097 -2.511379 1.664485
v -6.481518 -2.156302 1.96243
v -6.537086 -2.508969 1.66214
v -6.485594 -2.153015 1.959233
v -6.54356 -2.503749 1.657062
v -6.490503 -2.149057 1.955382
v -6.549974 -2.498577 1.65203
v -6.497395 -2.1435 1.949976
v -6.557603 -2.488724 1.641634
v -6.505018 -2.133655 1.939588
v -6.558085 -2.488101 1.640977
v -6.505516 -2.133013 1.93891
v -6.561209 -2.484068 1.636721
v -6.50863 -2.128991 1.934667
v -6.439159 -2.113603 1.997289
v -6.439297 -2.113603 1.997273
v -6.460967 -2.113603 1.989335
v -6.461227 -2.113603 1.98924
v -6.480349 -2.113603 1.976569
v -6.480696 -2.113603 1.976339
v -6.496262 -2.113603 1.95968
v -6.496641 -2.113603 1.959275
v -6.50785 -2.113603 1.939579
v -6.508193 -2.113603 1.938977
v 6.416102 2.439159 1.997289
v 6.416102 2.439297 1.997273
v 6.416102 2.460967 1.989335
v 6.416102 2.461227 1.98924
v 6.416102 2.480349 1.976569
v 6.416102 2.480696 1.976339
v 6.416102 2.496262 1.95968
v 6.416102 2.496641 1.959275
v 6.416102 2.50785 1.939579
v 6.416102 2.508193 1.938977
v 6.441123 2.510596 1.921091
v 6.464502 2.500416 1.92342
v 6.441385 2.510482 1.921117
v 6.464691 2.500269 1.923428
v 6.484708 2.484708 1.924214
v 6.500269 2.464691 1.923428
v 6.500416 2.464502 1.92342
v 6.510482 2.441385 1.921117
v 6.510596 2.441122 1.921091
v 6.575864 -2.64647 1.151875
v 6.576853 -2.646327 1.151949
v 6.599975 -2.636544 1.153108
v 6.600435 -2.63635 1.153131
v 6.620711 -2.620711 1.153534
v 6.63635 -2.600435 1.153131
v 6.636544 -2.599975 1.153108
v 6.646327 -2.576853 1.151949
v 6.64647 -2.575864 1.151875
v -6.531426 -2.518168 1.662172
v -6.468681 -2.560494 1.64167
v -6.489229 -2.558155 1.641705
v -6.508735 -2.551285 1.641705
v -6.526208 -2.540223 1.641705
v -6.551659 -2.507955 1.641705
v -6.540762 -2.525532 1.641705
v -6.518757 -2.530957 1.662172
v -6.503547 -2.540585 1.662172
v -6.486567 -2.546565 1.662172
v -6.468681 -2.548593 1.662172
v -6.468681 -2.560484 1.641705
v -6.468681 -2.54884 1.661745
v -6.426143 -2.157597 1.98924
v -6.421263 -2.136216 1.997273
v -6.426166 -2.134501 1.997273
v -6.466603 -2.153877 1.976339
v -6.444128 -2.1718 1.976339
v -6.488665 -2.148548 1.959275
v -6.474299 -2.141629 1.976339
v -6.416102 -2.136798 1.997273
v -6.416102 -2.136662 1.997289
v -6.438715 -2.118764 1.997273
v -6.416102 -2.158472 1.989333
v -6.416102 -2.158728 1.98924
v -6.460096 -2.123644 1.98924
v -6.456376 -2.164104 1.976339
v -6.444237 -2.148883 1.98924
v -6.435681 -2.154259 1.98924
v -6.430564 -2.131738 1.997273
v -6.434237 -2.128065 1.997273
v -6.451382 -2.141738 1.98924
v -6.456758 -2.133182 1.98924
v -6.437 -2.123667 1.997273
v -6.479076 -2.127976 1.976339
v -6.494622 -2.131525 1.959275
v 6.43282 2.478495 1.976339
v 6.427781 2.45969 1.98924
v 6.422105 2.438507 1.997273
v 6.4277 2.436189 1.997273
v 6.43619 2.4277 1.997273
v 6.432504 2.432503 1.997273
v 6.438507 2.422105 1.997273
v 6.439937 2.505055 1.938977
v 6.462147 2.495855 1.938977
v 6.48122 2.48122 1.938977
v 6.495855 2.462147 1.938977
v 6.505055 2.439937 1.938977
v 6.508193 2.416102 1.938977
v 6.439159 2.416102 1.997289
v 6.438664 2.455181 1.98924
v 6.44801 2.44801 1.98924
v 6.455182 2.438664 1.98924
v 6.459689 2.427781 1.98924
v 6.439297 2.416102 1.997273
v 6.460967 2.416102 1.989335
v 6.461227 2.416102 1.98924
v 6.480349 2.416102 1.976569
v 6.448399 2.472042 1.976339
v 6.461777 2.461776 1.976339
v 6.472042 2.448399 1.976339
v 6.478495 2.43282 1.976339
v 6.436947 2.493897 1.959275
v 6.456371 2.485851 1.959275
v 6.473052 2.473052 1.959275
v 6.48585 2.456372 1.959275
v 6.493896 2.436947 1.959275
v 6.480696 2.416102 1.976339
v 6.496262 2.416102 1.95968
v 6.496641 2.416102 1.959275
v 6.50785 2.416102 1.939579
v 6.563825 -2.489617 1.622539
v 6.563175 -2.493701 1.623145
v 6.556052 -2.510059 1.624775
v 6.552995 -2.517081 1.625475
v 6.544269 -2.528305 1.625916
v 6.490524 -2.56368 1.622674
v 6.493701 -2.563175 1.623145
v 6.510899 -2.555686 1.624859
v 6.517081 -2.552995 1.625475
v 6.529027 -2.543708 1.625944
v 6.537287 -2.537287 1.626269
v 6.468681 -2.548593 1.662172
v 6.468681 -2.54884 1.661745
v 6.468681 -2.560484 1.641705
v 6.468681 -2.560494 1.64167
v 6.416102 -2.158728 1.98924
v 6.416102 -2.158472 1.989333
v 6.416102 -2.136798 1.997273
v 6.416102 -2.136662 1.997289
v 6.508193 -2.113603 1.938977
v 6.50785 -2.113603 1.939579
v 6.496641 -2.113603 1.959275
v 6.496262 -2.113603 1.95968
v 6.480696 -2.113603 1.976339
v 6.480349 -2.113603 1.976569
v 6.461227 -2.113603 1.98924
v 6.460967 -2.113603 1.989335
v 6.439297 -2.113603 1.997273
v 6.439159 -2.113603 1.997289
v 6.531426 -2.518168 1.662172
v 6.514484 -2.521742 1.673374
v 6.518757 -2.530957 1.662172
v 6.497276 -2.527419 1.677103
v 6.503547 -2.540585 1.662172
v 6.492255 -2.529075 1.678191
v 6.486567 -2.546565 1.662172
v 6.48297 -2.530605 1.678375
v 6.537086 -2.508969 1.66214
v 6.534097 -2.511379 1.664485
v 6.527676 -2.514772 1.667395
v 6.540762 -2.525532 1.641705
v 6.54356 -2.503749 1.657062
v 6.551659 -2.507955 1.641705
v 6.549974 -2.498577 1.65203
v 6.557603 -2.488724 1.641634
v 6.561209 -2.484068 1.636721
v 6.558085 -2.488101 1.640977
v 6.526208 -2.540223 1.641705
v 6.508735 -2.551285 1.641705
v 6.489229 -2.558155 1.641705
v 6.438664 -2.152683 1.98924
v 6.427781 -2.157191 1.98924
v 6.432688 -2.175149 1.976275
v 6.438507 -2.119606 1.997273
v 6.4277 -2.133691 1.997273
v 6.432504 -2.130004 1.997273
v 6.422105 -2.136008 1.997273
v 6.43619 -2.125201 1.997273
v 6.461777 -2.159278 1.976339
v 6.481518 -2.156302 1.96243
v 6.472042 -2.1459 1.976339
v 6.485259 -2.153286 1.959496
v 6.478495 -2.130321 1.976339
v 6.485594 -2.153015 1.959233
v 6.493896 -2.134448 1.959275
v 6.497395 -2.1435 1.949976
v 6.502764 -2.136566 1.942659
v 6.439677 -2.173998 1.976136
v 6.449375 -2.170798 1.974035
v 6.448399 -2.169543 1.976339
v 6.461905 -2.166665 1.97132
v 6.466858 -2.164048 1.969075
v 6.429467 -2.17568 1.976339
v 6.459689 -2.125282 1.98924
v 6.455182 -2.136166 1.98924
v 6.44801 -2.145511 1.98924
v 6.505516 -2.133013 1.93891
v 6.50863 -2.128991 1.934667
v -5.666102 -1.613603 1.95
v -5.674621 -1.548898 1.95
newmtl 2
Ka 0.6470588235294118 0.6470588235294118 0.6470588235294118
Kd 0.6470588235294118 0.6470588235294118 0.6470588235294118
Ks 0.19607843137254902 0.19607843137254902 0.19607843137254902
d 0.0
endmtl
v -5.699595 -1.488603 1.95
v -5.739325 -1.436826 1.95
v -5.791102 -1.397097 1.95
v -5.851398 -1.372121 1.95
v -5.916102 -1.363603 1.95
v -5.980807 -1.372121 1.95
v -6.041102 -1.397097 1.95
v -6.092878 -1.436826 1.95
v -6.132608 -1.488603 1.95
v -6.157584 -1.548898 1.95
v -6.166102 -1.613603 1.95
v -6.157584 -1.678308 1.95
v -6.132608 -1.738603 1.95
v -6.092878 -1.79038 1.95
v -6.041102 -1.830109 1.95
v -5.980807 -1.855084 1.95
v -5.916102 -1.863603 1.95
v -5.851398 -1.855084 1.95
v -5.791102 -1.830109 1.95
v -5.739325 -1.79038 1.95
v -5.699595 -1.738603 1.95
v -5.674621 -1.678308 1.95
v -5.916102 -1.613603 1.95
v -1.115134 -0.263362 1.99
v -1.115134 -0.190191 1.99
newmtl 3
Ka 0.8941176470588236 0.8941176470588236 0.8941176470588236
Kd 0.6274509803921569 0.6274509803921569 0.6274509803921569
Ks 0.043137254901960784 0.043137254901960784 0.043137254901960784
d 0.0
endmtl
v -0.981845 -0.234398 1.99
v -1.019397 -0.230846 1.99
v -1.078583 -0.212651 1.99
v -0.877329 -0.159798 1.99
v -0.879444 -0.179521 1.99
v -0.8852 -0.195115 1.99
v -0.89182 -0.205029 1.99
v -0.902231 -0.21484 1.99
v -0.920164 -0.22474 1.99
v -0.945539 -0.231601 1.99
v -0.992897 -0.053091 1.99
v -0.924942 -0.089156 1.99
v -0.917978 -0.093597 1.99
v -0.897399 -0.11106 1.99
v -0.885168 -0.12783 1.99
v -0.879503 -0.142055 1.99
v -1.115134 0.088772 1.99
v -1.112278 0.061499 1.99
v -1.103337 0.035437 1.99
v -1.089008 0.01285 1.99
v -1.066843 -0.008307 1.99
v -0.938305 0.222919 1.99
v -0.993578 0.217528 1.99
v -1.03558 0.203746 1.99
v -1.063696 0.187592 1.99
v -1.085167 0.168962 1.99
v -1.100882 0.147253 1.99
v -1.110654 0.123325 1.99
v -0.828549 0.209199 1.99
v -0.882796 0.220546 1.99
v -0.828549 0.136029 1.99
v -0.94364 0.168041 1.99
v -0.909094 0.165873 1.99
v -0.866351 0.155657 1.99
v -1.048061 0.095346 1.99
v -1.046492 0.110497 1.99
v -1.042072 0.12336 1.99
v -1.034783 0.134703 1.99
v -1.02339 0.145653 1.99
v -1.005188 0.156378 1.99
v -0.978643 0.164868 1.99
v -0.94183 -0.006121 1.99
v -0.988304 0.018506 1.99
v -1.016815 0.036632 1.99
v -1.032148 0.050078 1.99
v -1.040603 0.06248 1.99
v -1.045865 0.076267 1.99
v -0.810256 -0.154273 1.99
v -0.813524 -0.126026 1.99
v -0.8228 -0.100965 1.99
v -0.839419 -0.075964 1.99
v -0.868261 -0.049093 1.99
v -0.989277 -0.289276 1.99
v -0.937585 -0.285506 1.99
v -0.888784 -0.271899 1.99
v -0.860528 -0.256437 1.99
v -0.839616 -0.238181 1.99
v -0.823464 -0.214735 1.99
v -0.814192 -0.189403 1.99
v -1.099109 -0.271022 1.99
v -1.053628 -0.282645 1.99
v -0.74928 -0.039086 1.99
v -0.743395 -0.10269 1.99
v -0.726492 -0.156722 1.99
v -0.698793 -0.203399 1.99
v -0.662876 -0.240581 1.99
v -0.621975 -0.266633 1.99
v -0.574992 -0.28279 1.99
v -0.513762 -0.289276 1.99
v -0.505664 0.222919 1.99
v -0.559926 0.218244 1.99
v -0.610552 0.203445 1.99
v -0.656733 0.176437 1.99
v -0.695555 0.137843 1.99
v -0.723987 0.090997 1.99
v -0.742444 0.033163 1.99
v -0.273671 -0.027272 1.99
v -0.277207 0.022814 1.99
v -0.29138 0.078558 1.99
v -0.317447 0.128486 1.99
v -0.354544 0.170247 1.99
v -0.39802 0.199482 1.99
v -0.445289 0.216305 1.99
v -0.453816 -0.283325 1.99
v -0.405523 -0.267299 1.99
v -0.364013 -0.241768 1.99
v -0.326164 -0.203371 1.99
v -0.298445 -0.156889 1.99
v -0.280394 -0.099598 1.99
v -0.682207 -0.033655 1.99
v -0.676836 -0.091191 1.99
v -0.662493 -0.136752 1.99
v -0.64123 -0.172464 1.99
v -0.614164 -0.200541 1.99
v -0.584743 -0.219222 1.99
v -0.550198 -0.230803 1.99
v -0.513572 -0.234398 1.99
v -0.468649 -0.229699 1.99
v -0.433984 -0.217866 1.99
v -0.404868 -0.199284 1.99
v -0.381757 -0.175644 1.99
v -0.362083 -0.143901 1.99
v -0.346514 -0.096357 1.99
v -0.340744 -0.034608 1.99
v -0.345687 0.024485 1.99
v -0.35844 0.069605 1.99
v -0.379307 0.10709 1.99
v -0.403791 0.133105 1.99
v -0.431613 0.151374 1.99
v -0.464637 0.163111 1.99
v -0.509379 0.168041 1.99
v -0.55408 0.162742 1.99
v -0.587655 0.14999 1.99
v -0.617634 0.129355 1.99
v -0.646454 0.096622 1.99
v -0.66686 0.057506 1.99
v -0.680214 0.00207 1.99
v -0.682207 -0.033655 2.0
v -0.680214 0.00207 2.0
v -0.66686 0.057506 2.0
v -0.646454 0.096622 2.0
v -0.617634 0.129355 2.0
v -0.587655 0.14999 2.0
v -0.55408 0.162742 2.0
v -0.509379 0.168041 2.0
v -0.464637 0.163111 2.0
v -0.431613 0.151374 2.0
v -0.403791 0.133105 2.0
v -0.379307 0.10709 2.0
v -0.35844 0.069605 2.0
v -0.345687 0.024485 2.0
v -0.340744 -0.034608 2.0
v -0.346514 -0.096357 2.0
v -0.362083 -0.143901 2.0
v -0.381757 -0.175644 2.0
v -0.404868 -0.199284 2.0
v -0.433984 -0.217866 2.0
v -0.468649 -0.229699 2.0
v -0.513572 -0.234398 2.0
v -0.550198 -0.230803 2.0
v -0.584743 -0.219222 2.0
v -0.614164 -0.200541 2.0
v -0.64123 -0.172464 2.0
v -0.662493 -0.136752 2.0
v -0.676836 -0.091191 2.0
v -0.17611 0.216821 1.99
v -0.109036 0.216821 1.99
v -0.109036 -0.283179 1.99
v -0.17611 -0.283179 1.99
v 0.354378 -0.202386 1.99
v 0.354378 -0.257264 1.99
v 0.301081 -0.279148 1.99
v 0.216802 -0.289276 1.99
v 0.230474 -0.289042 1.99
v -0.017573 -0.042611 1.99
v -0.012738 -0.100517 1.99
v 0.00231 -0.153442 1.99
v 0.028946 -0.200985 1.99
v 0.066503 -0.240523 1.99
v 0.106722 -0.266206 1.99
v 0.155184 -0.282887 1.99
v 0.236714 0.222919 1.99
v 0.186494 0.218819 1.99
v 0.130754 0.202626 1.99
v 0.083262 0.175288 1.99
v 0.038121 0.131875 1.99
v 0.008815 0.085128 1.99
v -0.01038 0.028474 1.99
v 0.354378 0.203102 1.99
v 0.29657 0.218789 1.99
v 0.354378 0.136029 1.99
v 0.237286 0.168041 1.99
v 0.298058 0.160145 1.99
v 0.0495 -0.038514 1.99
v 0.051885 3.89E-4 1.99
v 0.065213 0.053915 1.99
v 0.085826 0.09252 1.99
v 0.11602 0.125854 1.99
v 0.150627 0.149005 1.99
v 0.188052 0.162512 1.99
v 0.226044 -0.234398 1.99
v 0.179407 -0.229167 1.99
v 0.142975 -0.215755 1.99
v 0.112289 -0.195072 1.99
v 0.088826 -0.170319 1.99
v 0.068147 -0.135649 1.99
v 0.054563 -0.092642 1.99
v 0.345417 -0.20735 1.99
v 0.292414 -0.227032 1.99
v 0.665354 0.084104 1.99
v 0.662208 0.055177 1.99
v 0.652388 0.027866 1.99
v 0.633378 3.98E-4 1.99
v 0.563315 -0.058522 1.99
v 0.569127 0.168041 1.99
v 0.598005 0.1653 1.99
v 0.621519 0.157431 1.99
v 0.636977 0.147682 1.99
v 0.648555 0.136354 1.99
v 0.657399 0.122357 1.99
v 0.663111 0.105771 1.99
v 0.445842 0.107256 1.99
v 0.462789 0.123522 1.99
v 0.497385 0.147891 1.99
v 0.531627 0.162502 1.99
v 0.445842 0.168422 1.99
v 0.575224 0.222919 1.99
v 0.553268 0.221923 1.99
v 0.513811 0.213585 1.99
v 0.479978 0.197056 1.99
v 0.726329 0.088963 1.99
v 0.72365 0.118781 1.99
v 0.715431 0.145409 1.99
v 0.701845 0.168609 1.99
v 0.681647 0.189382 1.99
v 0.65136 0.208173 1.99
v 0.617692 0.21892 1.99
v 0.614573 -0.08901 1.99
v 0.639604 -0.070657 1.99
v 0.68732 -0.02536 1.99
v 0.70742 0.0048 1.99
v 0.72141 0.043009 1.99
v 0.493098 -0.228301 1.99
v 0.495374 -0.204765 1.99
v 0.501416 -0.186898 1.99
v 0.512437 -0.169931 1.99
v 0.53653 -0.146136 1.99
v 0.738525 -0.228301 1.99
v 0.738525 -0.283179 1.99
v 0.427549 -0.283179 1.99
v 0.427549 -0.258407 1.99
v 0.557884 -0.062339 1.99
v 0.505465 -0.10198 1.99
v 0.46451 -0.142766 1.99
v 0.444243 -0.174326 1.99
v 0.431848 -0.211244 1.99
v 0.965087 -0.289276 1.99
v 0.929524 -0.285431 1.99
v 0.900603 -0.275087 1.99
v 0.875546 -0.258463 1.99
v 0.850892 -0.231495 1.99
v 0.829011 -0.191085 1.99
v 0.811399 -0.124457 1.99
v 0.805598 -0.042897 1.99
v 0.976329 0.222919 1.99
v 0.934194 0.217989 1.99
v 0.903761 0.206424 1.99
v 0.880586 0.191005 1.99
v 0.857111 0.166539 1.99
v 0.83598 0.131273 1.99
v 0.813543 0.057125 1.99
v 1.134866 -0.031083 1.99
v 1.127211 0.068369 1.99
v 1.109267 0.132073 1.99
v 1.088331 0.16968 1.99
v 1.068174 0.191574 1.99
v 1.042212 0.208791 1.99
v 1.012725 0.219092 1.99
v 1.002125 -0.285309 1.99
v 1.033427 -0.274347 1.99
v 1.061231 -0.255847 1.99
v 1.085821 -0.229072 1.99
v 1.108727 -0.188351 1.99
v 1.127383 -0.123827 1.99
v 1.057803 0.074785 1.99
v 1.041206 0.122729 1.99
v 1.027779 0.142855 1.99
v 1.015231 0.154696 1.99
v 1.001347 0.1625 1.99
v 0.985643 0.167097 1.99
v 0.9729 0.168041 1.99
v 0.952014 0.16553 1.99
v 0.936149 0.159369 1.99
v 0.921674 0.149266 1.99
v 0.907563 0.133046 1.99
v 0.892611 0.104374 1.99
v 0.878576 0.048714 1.99
v 0.872671 -0.039848 1.99
v 0.88097 -0.136285 1.99
v 0.89576 -0.182666 1.99
v 0.90863 -0.204 1.99
v 0.923024 -0.218635 1.99
v 0.937888 -0.227692 1.99
v 0.955682 -0.233129 1.99
v 0.970994 -0.234398 1.99
v 0.991092 -0.232058 1.99
v 1.006708 -0.226022 1.99
v 1.021101 -0.215939 1.99
v 1.035174 -0.199668 1.99
v 1.049154 -0.172209 1.99
v 1.062439 -0.118911 1.99
v 1.067793 -0.036609 1.99
v 0.872671 -0.039848 2.0
v 0.878576 0.048714 2.0
v 0.892611 0.104374 2.0
v 0.907563 0.133046 2.0
v 0.921674 0.149266 2.0
v 0.936149 0.159369 2.0
v 0.952014 0.16553 2.0
v 0.9729 0.168041 2.0
v 0.985643 0.167097 2.0
v 1.001347 0.1625 2.0
v 1.015231 0.154696 2.0
v 1.027779 0.142855 2.0
v 1.041206 0.122729 2.0
v 1.057803 0.074785 2.0
v 1.067793 -0.036609 2.0
v 1.062439 -0.118911 2.0
v 1.049154 -0.172209 2.0
v 1.035174 -0.199668 2.0
v 1.021101 -0.215939 2.0
v 1.006708 -0.226022 2.0
v 0.991092 -0.232058 2.0
v 0.970994 -0.234398 2.0
v 0.955682 -0.233129 2.0
v 0.937888 -0.227692 2.0
v 0.923024 -0.218635 2.0
v 0.90863 -0.204 2.0
v 0.89576 -0.182666 2.0
v 0.88097 -0.136285 2.0
v -0.597823 0.189176 0.11
v -0.734408 -0.160824 0.11
newmtl 4
Ka 1.0 1.0 1.0
Kd 1.0 1.0 1.0
Ks 0.8784313725490196 0.8784313725490196 0.8784313725490196
d 0.0
endmtl
v -0.683189 -0.160824 0.11
v -0.647775 -0.062653 0.11
v -0.503187 -0.062653 0.11
v -0.469774 -0.160824 0.11
v -0.418555 -0.160824 0.11
v -0.550872 0.189176 0.11
v -0.514991 -0.024239 0.11
v -0.632036 -0.024239 0.11
v -0.567211 0.121951 0.11
v -0.57058 0.134089 0.11
v -0.572813 0.146493 0.11
v -0.573947 0.146493 0.11
v -0.576231 0.134127 0.11
v -0.579349 0.121951 0.11
v -0.514991 -0.024239 0.1
v -0.632036 -0.024239 0.1
v -0.567211 0.121951 0.1
v -0.57058 0.134089 0.1
v -0.572813 0.146493 0.1
v -0.573947 0.146493 0.1
v -0.576231 0.134127 0.1
v -0.579349 0.121951 0.1
v -0.206407 -0.160824 0.11
v -0.111238 -0.160824 0.11
v -0.111238 0.189176 0.11
v -0.210009 0.189176 0.11
v -0.392945 0.018578 0.11
v -0.390401 0.051511 0.11
v -0.381001 0.085995 0.11
v -0.364735 0.116096 0.11
v -0.339985 0.14354 0.11
v -0.339619 0.143862 0.11
v -0.301524 0.169391 0.11
v -0.260574 0.183771 0.11
v -0.249713 -0.157044 0.11
v -0.290043 -0.145023 0.11
v -0.326588 -0.123786 0.11
v -0.355396 -0.096202 0.11
v -0.375468 -0.064897 0.11
v -0.388033 -0.028262 0.11
v -0.322691 0.101681 0.11
v -0.30569 0.119732 0.11
v -0.280124 0.136248 0.11
v -0.251234 0.146358 0.11
v -0.209808 0.150762 0.11
v -0.158189 0.150762 0.11
v -0.158189 -0.122409 0.11
v -0.207874 -0.122409 0.11
v -0.2448 -0.118972 0.11
v -0.274253 -0.109779 0.11
v -0.298122 -0.095605 0.11
v -0.317753 -0.076215 0.11
v -0.332515 -0.052084 0.11
v -0.34278 -0.019184 0.11
v -0.345994 0.017577 0.11
v -0.34302 0.052411 0.11
v -0.33485 0.080094 0.11
v -0.209808 0.150762 0.1
v -0.158189 0.150762 0.1
v -0.251234 0.146358 0.1
v -0.280124 0.136248 0.1
v -0.30569 0.119732 0.1
v -0.322691 0.101681 0.1
v -0.33485 0.080094 0.1
v -0.34302 0.052411 0.1
v -0.345994 0.017577 0.1
v -0.34278 -0.019184 0.1
v -0.332515 -0.052084 0.1
v -0.317753 -0.076215 0.1
v -0.298122 -0.095605 0.1
v -0.274253 -0.109779 0.1
v -0.2448 -0.118972 0.1
v -0.207874 -0.122409 0.1
v -0.158189 -0.122409 0.1
v -0.042945 -0.122409 0.11
v -0.042945 -0.160824 0.11
v 0.14486 -0.160824 0.11
v 0.14486 0.189176 0.11
v -0.034408 0.189176 0.11
v -0.034408 0.150762 0.11
v 0.097909 0.150762 0.11
v 0.097909 0.035518 0.11
v -0.025872 0.035518 0.11
v -0.025872 -0.002897 0.11
v 0.097909 -0.002897 0.11
v 0.097909 -0.122409 0.11
v 0.213153 -0.104269 0.11
v 0.213153 -0.142684 0.11
v 0.250461 -0.158002 0.11
v 0.309456 -0.165092 0.11
v 0.299886 -0.164928 0.11
v 0.473519 0.007574 0.11
v 0.470134 -0.032961 0.11
v 0.4596 -0.070008 0.11
v 0.440955 -0.103288 0.11
v 0.414665 -0.130965 0.11
v 0.386512 -0.148943 0.11
v 0.352589 -0.16062 0.11
v 0.295517 0.193444 0.11
v 0.330671 0.190575 0.11
v 0.36969 0.179239 0.11
v 0.402934 0.160103 0.11
v 0.434533 0.129714 0.11
v 0.455047 0.096991 0.11
v 0.468484 0.057333 0.11
v 0.213153 0.179572 0.11
v 0.253618 0.190553 0.11
v 0.213153 0.132621 0.11
v 0.295117 0.15503 0.11
v 0.252577 0.149503 0.11
v 0.426567 0.010441 0.11
v 0.424898 0.037673 0.11
v 0.415568 0.075142 0.11
v 0.401139 0.102165 0.11
v 0.380003 0.125499 0.11
v 0.355778 0.141705 0.11
v 0.329581 0.151159 0.11
v 0.302987 -0.126678 0.11
v 0.335632 -0.123016 0.11
v 0.361135 -0.113627 0.11
v 0.382615 -0.099149 0.11
v 0.399039 -0.081822 0.11
v 0.413515 -0.057553 0.11
v 0.423023 -0.027448 0.11
v 0.219425 -0.107744 0.11
v 0.256528 -0.121521 0.11
v 0.503397 -0.122409 0.11
v 0.503397 -0.160824 0.11
v 0.682665 -0.160824 0.11
v 0.682665 0.189176 0.11
v 0.635714 0.189176 0.11
v 0.635714 -0.122409 0.11
v -5.5 -3.9 -0.1
v -5.5 -3.9 0.1
v -5.93 -3.9 -0.1
newmtl 5
Ka 0.8509803921568627 0.8509803921568627 0.8509803921568627
Kd 0.8509803921568627 0.8509803921568627 0.8509803921568627
Ks 0.4235294117647059 0.4235294117647059 0.4235294117647059
d 0.0
endmtl
v -5.93 -3.9 0.1
v -5.93 -2.784542 1.15
v -5.93 -2.784542 0.95
v -5.5 -2.784542 0.95
v -5.5 -2.784542 1.15
v -5.93 -2.872002 0.898485
v -5.93 -3.046922 0.995454
v -5.93 -2.859781 0.915872
v -5.93 -3.01026 1.047614
v -5.93 -2.844162 0.930283
v -5.93 -2.963403 1.09085
v -5.93 -2.825851 0.941069
v -5.93 -2.908469 1.123207
v -5.93 -2.805674 0.947742
v -5.93 -2.847937 1.143225
v -5.5 -2.805674 0.947742
v -5.5 -2.825851 0.941069
v -5.5 -2.844162 0.930283
v -5.5 -2.859781 0.915872
v -5.5 -2.872002 0.898485
v -5.5 -2.847937 1.143225
v -5.5 -2.908469 1.123207
v -5.5 -2.963403 1.09085
v -5.5 -3.01026 1.047614
v -5.5 -3.046922 0.995454
v -5.93 -3.514772 0.151515
v -5.93 -3.339852 0.054546
v -5.5 -3.339852 0.054546
v -5.5 -3.514772 0.151515
v -5.93 -3.526992 0.134128
v -5.93 -3.376514 0.002385
v -5.93 -3.542611 0.119717
v -5.93 -3.42337 -0.04085
v -5.93 -3.560923 0.108931
v -5.93 -3.478305 -0.073207
v -5.93 -3.5811 0.102258
v -5.93 -3.538837 -0.093225
v -5.93 -3.602232 0.1
v -5.93 -3.602232 -0.1
v -5.5 -3.602232 -0.1
v -5.5 -3.538837 -0.093225
v -5.5 -3.478305 -0.073207
v -5.5 -3.42337 -0.04085
v -5.5 -3.376514 0.002385
v -5.5 -3.602232 0.1
v -5.5 -3.5811 0.102258
v -5.5 -3.560923 0.108931
v -5.5 -3.542611 0.119717
v -5.5 -3.526992 0.134128
v -4.23 -3.9 -0.1
v -4.23 -3.9 0.1
v -4.66 -3.9 -0.1
v -4.66 -3.9 0.1
v -4.66 -2.784542 1.15
v -4.66 -2.784542 0.95
v -4.23 -2.784542 0.95
v -4.23 -2.784542 1.15
v -4.66 -2.872002 0.898485
v -4.66 -3.046922 0.995454
v -4.66 -2.859781 0.915872
v -4.66 -3.01026 1.047614
v -4.66 -2.844162 0.930283
v -4.66 -2.963403 1.09085
v -4.66 -2.825851 0.941069
v -4.66 -2.908469 1.123207
v -4.66 -2.805674 0.947742
v -4.66 -2.847937 1.143225
v -4.23 -2.805674 0.947742
v -4.23 -2.825851 0.941069
v -4.23 -2.844162 0.930283
v -4.23 -2.859781 0.915872
v -4.23 -2.872002 0.898485
v -4.23 -2.847937 1.143225
v -4.23 -2.908469 1.123207
v -4.23 -2.963403 1.09085
v -4.23 -3.01026 1.047614
v -4.23 -3.046922 0.995454
v -4.66 -3.514772 0.151515
v -4.66 -3.339852 0.054546
v -4.23 -3.339852 0.054546
v -4.23 -3.514772 0.151515
v -4.66 -3.526992 0.134128
v -4.66 -3.376514 0.002385
v -4.66 -3.542611 0.119717
v -4.66 -3.42337 -0.04085
v -4.66 -3.560923 0.108931
v -4.66 -3.478305 -0.073207
v -4.66 -3.5811 0.102258
v -4.66 -3.538837 -0.093225
v -4.66 -3.602232 0.1
v -4.66 -3.602232 -0.1
v -4.23 -3.602232 -0.1
v -4.23 -3.538837 -0.093225
v -4.23 -3.478305 -0.073207
v -4.23 -3.42337 -0.04085
v -4.23 -3.376514 0.002385
v -4.23 -3.602232 0.1
v -4.23 -3.5811 0.102258
v -4.23 -3.560923 0.108931
v -4.23 -3.542611 0.119717
v -4.23 -3.526992 0.134128
v -2.96 -3.9 -0.1
v -2.96 -3.9 0.1
v -3.39 -3.9 -0.1
v -3.39 -3.9 0.1
v -3.39 -2.784542 1.15
v -3.39 -2.784542 0.95
v -2.96 -2.784542 0.95
v -2.96 -2.784542 1.15
v -3.39 -2.872002 0.898485
v -3.39 -3.046922 0.995454
v -3.39 -2.859781 0.915872
v -3.39 -3.01026 1.047614
v -3.39 -2.844162 0.930283
v -3.39 -2.963403 1.09085
v -3.39 -2.825851 0.941069
v -3.39 -2.908469 1.123207
v -3.39 -2.805674 0.947742
v -3.39 -2.847937 1.143225
v -2.96 -2.805674 0.947742
v -2.96 -2.825851 0.941069
v -2.96 -2.844162 0.930283
v -2.96 -2.859781 0.915872
v -2.96 -2.872002 0.898485
v -2.96 -2.847937 1.143225
v -2.96 -2.908469 1.123207
v -2.96 -2.963403 1.09085
v -2.96 -3.01026 1.047614
v -2.96 -3.046922 0.995454
v -3.39 -3.514772 0.151515
v -3.39 -3.339852 0.054546
v -2.96 -3.339852 0.054546
v -2.96 -3.514772 0.151515
v -3.39 -3.526992 0.134128
v -3.39 -3.376514 0.002385
v -3.39 -3.542611 0.119717
v -3.39 -3.42337 -0.04085
v -3.39 -3.560923 0.108931
v -3.39 -3.478305 -0.073207
v -3.39 -3.5811 0.102258
v -3.39 -3.538837 -0.093225
v -3.39 -3.602232 0.1
v -3.39 -3.602232 -0.1
v -2.96 -3.602232 -0.1
v -2.96 -3.538837 -0.093225
v -2.96 -3.478305 -0.073207
v -2.96 -3.42337 -0.04085
v -2.96 -3.376514 0.002385
v -2.96 -3.602232 0.1
v -2.96 -3.5811 0.102258
v -2.96 -3.560923 0.108931
v -2.96 -3.542611 0.119717
v -2.96 -3.526992 0.134128
v -1.69 -3.9 -0.1
v -1.69 -3.9 0.1
v -2.12 -3.9 -0.1
v -2.12 -3.9 0.1
v -2.12 -2.784542 1.15
v -2.12 -2.784542 0.95
v -1.69 -2.784542 0.95
v -1.69 -2.784542 1.15
v -2.12 -2.872002 0.898485
v -2.12 -3.046922 0.995454
v -2.12 -2.859781 0.915872
v -2.12 -3.01026 1.047614
v -2.12 -2.844162 0.930283
v -2.12 -2.963403 1.09085
v -2.12 -2.825851 0.941069
v -2.12 -2.908469 1.123207
v -2.12 -2.805674 0.947742
v -2.12 -2.847937 1.143225
v -1.69 -2.805674 0.947742
v -1.69 -2.825851 0.941069
v -1.69 -2.844162 0.930283
v -1.69 -2.859781 0.915872
v -1.69 -2.872002 0.898485
v -1.69 -2.847937 1.143225
v -1.69 -2.908469 1.123207
v -1.69 -2.963403 1.09085
v -1.69 -3.01026 1.047614
v -1.69 -3.046922 0.995454
v -2.12 -3.514772 0.151515
v -2.12 -3.339852 0.054546
v -1.69 -3.339852 0.054546
v -1.69 -3.514772 0.151515
v -2.12 -3.526992 0.134128
v -2.12 -3.376514 0.002385
v -2.12 -3.542611 0.119717
v -2.12 -3.42337 -0.04085
v -2.12 -3.560923 0.108931
v -2.12 -3.478305 -0.073207
v -2.12 -3.5811 0.102258
v -2.12 -3.538837 -0.093225
v -2.12 -3.602232 0.1
v -2.12 -3.602232 -0.1
v -1.69 -3.602232 -0.1
v -1.69 -3.538837 -0.093225
v -1.69 -3.478305 -0.073207
v -1.69 -3.42337 -0.04085
v -1.69 -3.376514 0.002385
v -1.69 -3.602232 0.1
v -1.69 -3.5811 0.102258
v -1.69 -3.560923 0.108931
v -1.69 -3.542611 0.119717
v -1.69 -3.526992 0.134128
v -0.42 -3.9 -0.1
v -0.42 -3.9 0.1
v -0.85 -3.9 -0.1
v -0.85 -3.9 0.1
v -0.85 -2.784542 1.15
v -0.85 -2.784542 0.95
v -0.42 -2.784542 0.95
v -0.42 -2.784542 1.15
v -0.85 -2.872002 0.898485
v -0.85 -3.046922 0.995454
v -0.85 -2.859781 0.915872
v -0.85 -3.01026 1.047614
v -0.85 -2.844162 0.930283
v -0.85 -2.963403 1.09085
v -0.85 -2.825851 0.941069
v -0.85 -2.908469 1.123207
v -0.85 -2.805674 0.947742
v -0.85 -2.847937 1.143225
v -0.42 -2.805674 0.947742
v -0.42 -2.825851 0.941069
v -0.42 -2.844162 0.930283
v -0.42 -2.859781 0.915872
v -0.42 -2.872002 0.898485
v -0.42 -2.847937 1.143225
v -0.42 -2.908469 1.123207
v -0.42 -2.963403 1.09085
v -0.42 -3.01026 1.047614
v -0.42 -3.046922 0.995454
v -0.85 -3.514772 0.151515
v -0.85 -3.339852 0.054546
v -0.42 -3.339852 0.054546
v -0.42 -3.514772 0.151515
v -0.85 -3.526992 0.134128
v -0.85 -3.376514 0.002385
v -0.85 -3.542611 0.119717
v -0.85 -3.42337 -0.04085
v -0.85 -3.560923 0.108931
v -0.85 -3.478305 -0.073207
v -0.85 -3.5811 0.102258
v -0.85 -3.538837 -0.093225
v -0.85 -3.602232 0.1
v -0.85 -3.602232 -0.1
v -0.42 -3.602232 -0.1
v -0.42 -3.538837 -0.093225
v -0.42 -3.478305 -0.073207
v -0.42 -3.42337 -0.04085
v -0.42 -3.376514 0.002385
v -0.42 -3.602232 0.1
v -0.42 -3.5811 0.102258
v -0.42 -3.560923 0.108931
v -0.42 -3.542611 0.119717
v -0.42 -3.526992 0.134128
v 0.85 -3.9 -0.1
v 0.85 -3.9 0.1
v 0.42 -3.9 -0.1
v 0.42 -3.9 0.1
v 0.42 -2.784542 1.15
v 0.42 -2.784542 0.95
v 0.85 -2.784542 0.95
v 0.85 -2.784542 1.15
v 0.42 -2.872002 0.898485
v 0.42 -3.046922 0.995454
v 0.42 -2.859781 0.915872
v 0.42 -3.01026 1.047614
v 0.42 -2.844162 0.930283
v 0.42 -2.963403 1.09085
v 0.42 -2.825851 0.941069
v 0.42 -2.908469 1.123207
v 0.42 -2.805674 0.947742
v 0.42 -2.847937 1.143225
v 0.85 -2.805674 0.947742
v 0.85 -2.825851 0.941069
v 0.85 -2.844162 0.930283
v 0.85 -2.859781 0.915872
v 0.85 -2.872002 0.898485
v 0.85 -2.847937 1.143225
v 0.85 -2.908469 1.123207
v 0.85 -2.963403 1.09085
v 0.85 -3.01026 1.047614
v 0.85 -3.046922 0.995454
v 0.42 -3.514772 0.151515
v 0.42 -3.339852 0.054546
v 0.85 -3.339852 0.054546
v 0.85 -3.514772 0.151515
v 0.42 -3.526992 0.134128
v 0.42 -3.376514 0.002385
v 0.42 -3.542611 0.119717
v 0.42 -3.42337 -0.04085
v 0.42 -3.560923 0.108931
v 0.42 -3.478305 -0.073207
v 0.42 -3.5811 0.102258
v 0.42 -3.538837 -0.093225
v 0.42 -3.602232 0.1
v 0.42 -3.602232 -0.1
v 0.85 -3.602232 -0.1
v 0.85 -3.538837 -0.093225
v 0.85 -3.478305 -0.073207
v 0.85 -3.42337 -0.04085
v 0.85 -3.376514 0.002385
v 0.85 -3.602232 0.1
v 0.85 -3.5811 0.102258
v 0.85 -3.560923 0.108931
v 0.85 -3.542611 0.119717
v 0.85 -3.526992 0.134128
v 2.12 -3.9 -0.1
v 2.12 -3.9 0.1
v 1.69 -3.9 -0.1
v 1.69 -3.9 0.1
v 1.69 -2.784542 1.15
v 1.69 -2.784542 0.95
v 2.12 -2.784542 0.95
v 2.12 -2.784542 1.15
v 1.69 -2.872002 0.898485
v 1.69 -3.046922 0.995454
v 1.69 -2.859781 0.915872
v 1.69 -3.01026 1.047614
v 1.69 -2.844162 0.930283
v 1.69 -2.963403 1.09085
v 1.69 -2.825851 0.941069
v 1.69 -2.908469 1.123207
v 1.69 -2.805674 0.947742
v 1.69 -2.847937 1.143225
v 2.12 -2.805674 0.947742
v 2.12 -2.825851 0.941069
v 2.12 -2.844162 0.930283
v 2.12 -2.859781 0.915872
v 2.12 -2.872002 0.898485
v 2.12 -2.847937 1.143225
v 2.12 -2.908469 1.123207
v 2.12 -2.963403 1.09085
v 2.12 -3.01026 1.047614
v 2.12 -3.046922 0.995454
v 1.69 -3.514772 0.151515
v 1.69 -3.339852 0.054546
v 2.12 -3.339852 0.054546
v 2.12 -3.514772 0.151515
v 1.69 -3.526992 0.134128
v 1.69 -3.376514 0.002385
v 1.69 -3.542611 0.119717
v 1.69 -3.42337 -0.04085
v 1.69 -3.560923 0.108931
v 1.69 -3.478305 -0.073207
v 1.69 -3.5811 0.102258
v 1.69 -3.538837 -0.093225
v 1.69 -3.602232 0.1
v 1.69 -3.602232 -0.1
v 2.12 -3.602232 -0.1
v 2.12 -3.538837 -0.093225
v 2.12 -3.478305 -0.073207
v 2.12 -3.42337 -0.04085
v 2.12 -3.376514 0.002385
v 2.12 -3.602232 0.1
v 2.12 -3.5811 0.102258
v 2.12 -3.560923 0.108931
v 2.12 -3.542611 0.119717
v 2.12 -3.526992 0.134128
v 3.39 -3.9 -0.1
v 3.39 -3.9 0.1
v 2.96 -3.9 -0.1
v 2.96 -3.9 0.1
v 2.96 -2.784542 1.15
v 2.96 -2.784542 0.95
v 3.39 -2.784542 0.95
v 3.39 -2.784542 1.15
v 2.96 -2.872002 0.898485
v 2.96 -3.046922 0.995454
v 2.96 -2.859781 0.915872
v 2.96 -3.01026 1.047614
v 2.96 -2.844162 0.930283
v 2.96 -2.963403 1.09085
v 2.96 -2.825851 0.941069
v 2.96 -2.908469 1.123207
v 2.96 -2.805674 0.947742
v 2.96 -2.847937 1.143225
v 3.39 -2.805674 0.947742
v 3.39 -2.825851 0.941069
v 3.39 -2.844162 0.930283
v 3.39 -2.859781 0.915872
v 3.39 -2.872002 0.898485
v 3.39 -2.847937 1.143225
v 3.39 -2.908469 1.123207
v 3.39 -2.963403 1.09085
v 3.39 -3.01026 1.047614
v 3.39 -3.046922 0.995454
v 2.96 -3.514772 0.151515
v 2.96 -3.339852 0.054546
v 3.39 -3.339852 0.054546
v 3.39 -3.514772 0.151515
v 2.96 -3.526992 0.134128
v 2.96 -3.376514 0.002385
v 2.96 -3.542611 0.119717
v 2.96 -3.42337 -0.04085
v 2.96 -3.560923 0.108931
v 2.96 -3.478305 -0.073207
v 2.96 -3.5811 0.102258
v 2.96 -3.538837 -0.093225
v 2.96 -3.602232 0.1
v 2.96 -3.602232 -0.1
v 3.39 -3.602232 -0.1
v 3.39 -3.538837 -0.093225
v 3.39 -3.478305 -0.073207
v 3.39 -3.42337 -0.04085
v 3.39 -3.376514 0.002385
v 3.39 -3.602232 0.1
v 3.39 -3.5811 0.102258
v 3.39 -3.560923 0.108931
v 3.39 -3.542611 0.119717
v 3.39 -3.526992 0.134128
v 4.66 -3.9 -0.1
v 4.66 -3.9 0.1
v 4.23 -3.9 -0.1
v 4.23 -3.9 0.1
v 4.23 -2.784542 1.15
v 4.23 -2.784542 0.95
v 4.66 -2.784542 0.95
v 4.66 -2.784542 1.15
v 4.23 -2.872002 0.898485
v 4.23 -3.046922 0.995454
v 4.23 -2.859781 0.915872
v 4.23 -3.01026 1.047614
v 4.23 -2.844162 0.930283
v 4.23 -2.963403 1.09085
v 4.23 -2.825851 0.941069
v 4.23 -2.908469 1.123207
v 4.23 -2.805674 0.947742
v 4.23 -2.847937 1.143225
v 4.66 -2.805674 0.947742
v 4.66 -2.825851 0.941069
v 4.66 -2.844162 0.930283
v 4.66 -2.859781 0.915872
v 4.66 -2.872002 0.898485
v 4.66 -2.847937 1.143225
v 4.66 -2.908469 1.123207
v 4.66 -2.963403 1.09085
v 4.66 -3.01026 1.047614
v 4.66 -3.046922 0.995454
v 4.23 -3.514772 0.151515
v 4.23 -3.339852 0.054546
v 4.66 -3.339852 0.054546
v 4.66 -3.514772 0.151515
v 4.23 -3.526992 0.134128
v 4.23 -3.376514 0.002385
v 4.23 -3.542611 0.119717
v 4.23 -3.42337 -0.04085
v 4.23 -3.560923 0.108931
v 4.23 -3.478305 -0.073207
v 4.23 -3.5811 0.102258
v 4.23 -3.538837 -0.093225
v 4.23 -3.602232 0.1
v 4.23 -3.602232 -0.1
v 4.66 -3.602232 -0.1
v 4.66 -3.538837 -0.093225
v 4.66 -3.478305 -0.073207
v 4.66 -3.42337 -0.04085
v 4.66 -3.376514 0.002385
v 4.66 -3.602232 0.1
v 4.66 -3.5811 0.102258
v 4.66 -3.560923 0.108931
v 4.66 -3.542611 0.119717
v 4.66 -3.526992 0.134128
v 5.93 -3.9 -0.1
v 5.93 -3.9 0.1
v 5.5 -3.9 -0.1
v 5.5 -3.9 0.1
v 5.5 -2.784542 1.15
v 5.5 -2.784542 0.95
v 5.93 -2.784542 0.95
v 5.93 -2.784542 1.15
v 5.5 -2.872002 0.898485
v 5.5 -3.046922 0.995454
v 5.5 -2.859781 0.915872
v 5.5 -3.01026 1.047614
v 5.5 -2.844162 0.930283
v 5.5 -2.963403 1.09085
v 5.5 -2.825851 0.941069
v 5.5 -2.908469 1.123207
v 5.5 -2.805674 0.947742
v 5.5 -2.847937 1.143225
v 5.93 -2.805674 0.947742
v 5.93 -2.825851 0.941069
v 5.93 -2.844162 0.930283
v 5.93 -2.859781 0.915872
v 5.93 -2.872002 0.898485
v 5.93 -2.847937 1.143225
v 5.93 -2.908469 1.123207
v 5.93 -2.963403 1.09085
v 5.93 -3.01026 1.047614
v 5.93 -3.046922 0.995454
v 5.5 -3.514772 0.151515
v 5.5 -3.339852 0.054546
v 5.93 -3.339852 0.054546
v 5.93 -3.514772 0.151515
v 5.5 -3.526992 0.134128
v 5.5 -3.376514 0.002385
v 5.5 -3.542611 0.119717
v 5.5 -3.42337 -0.04085
v 5.5 -3.560923 0.108931
v 5.5 -3.478305 -0.073207
v 5.5 -3.5811 0.102258
v 5.5 -3.538837 -0.093225
v 5.5 -3.602232 0.1
v 5.5 -3.602232 -0.1
v 5.93 -3.602232 -0.1
v 5.93 -3.538837 -0.093225
v 5.93 -3.478305 -0.073207
v 5.93 -3.42337 -0.04085
v 5.93 -3.376514 0.002385
v 5.93 -3.602232 0.1
v 5.93 -3.5811 0.102258
v 5.93 -3.560923 0.108931
v 5.93 -3.542611 0.119717
v 5.93 -3.526992 0.134128
v -5.5 3.9 0.1
v -5.5 3.9 -0.1
v -5.93 3.9 0.1
v -5.93 3.9 -0.1
v -5.5 2.784542 1.15
v -5.5 2.784542 0.95
v -5.93 2.784542 0.95
v -5.93 2.784542 1.15
v -5.5 2.872002 0.898485
v -5.5 3.046922 0.995454
v -5.5 2.859781 0.915872
v -5.5 3.01026 1.047614
v -5.5 2.844162 0.930283
v -5.5 2.963403 1.09085
v -5.5 2.825851 0.941069
v -5.5 2.908469 1.123207
v -5.5 2.805674 0.947742
v -5.5 2.847937 1.143225
v -5.93 2.805674 0.947742
v -5.93 2.825851 0.941069
v -5.93 2.844162 0.930283
v -5.93 2.859781 0.915872
v -5.93 2.872002 0.898485
v -5.93 2.847937 1.143225
v -5.93 2.908469 1.123207
v -5.93 2.963403 1.09085
v -5.93 3.01026 1.047614
v -5.93 3.046922 0.995454
v -5.5 3.514772 0.151515
v -5.5 3.339852 0.054546
v -5.93 3.339852 0.054546
v -5.93 3.514772 0.151515
v -5.5 3.526992 0.134128
v -5.5 3.376514 0.002385
v -5.5 3.542611 0.119717
v -5.5 3.42337 -0.04085
v -5.5 3.560923 0.108931
v -5.5 3.478305 -0.073207
v -5.5 3.5811 0.102258
v -5.5 3.538837 -0.093225
v -5.5 3.602232 0.1
v -5.5 3.602232 -0.1
v -5.93 3.602232 -0.1
v -5.93 3.538837 -0.093225
v -5.93 3.478305 -0.073207
v -5.93 3.42337 -0.04085
v -5.93 3.376514 0.002385
v -5.93 3.602232 0.1
v -5.93 3.5811 0.102258
v -5.93 3.560923 0.108931
v -5.93 3.542611 0.119717
v -5.93 3.526992 0.134128
v -4.23 3.9 0.1
v -4.23 3.9 -0.1
v -4.66 3.9 0.1
v -4.66 3.9 -0.1
v -4.23 2.784542 1.15
v -4.23 2.784542 0.95
v -4.66 2.784542 0.95
v -4.66 2.784542 1.15
v -4.23 2.872002 0.898485
v -4.23 3.046922 0.995454
v -4.23 2.859781 0.915872
v -4.23 3.01026 1.047614
v -4.23 2.844162 0.930283
v -4.23 2.963403 1.09085
v -4.23 2.825851 0.941069
v -4.23 2.908469 1.123207
v -4.23 2.805674 0.947742
v -4.23 2.847937 1.143225
v -4.66 2.805674 0.947742
v -4.66 2.825851 0.941069
v -4.66 2.844162 0.930283
v -4.66 2.859781 0.915872
v -4.66 2.872002 0.898485
v -4.66 2.847937 1.143225
v -4.66 2.908469 1.123207
v -4.66 2.963403 1.09085
v -4.66 3.01026 1.047614
v -4.66 3.046922 0.995454
v -4.23 3.514772 0.151515
v -4.23 3.339852 0.054546
v -4.66 3.339852 0.054546
v -4.66 3.514772 0.151515
v -4.23 3.526992 0.134128
v -4.23 3.376514 0.002385
v -4.23 3.542611 0.119717
v -4.23 3.42337 -0.04085
v -4.23 3.560923 0.108931
v -4.23 3.478305 -0.073207
v -4.23 3.5811 0.102258
v -4.23 3.538837 -0.093225
v -4.23 3.602232 0.1
v -4.23 3.602232 -0.1
v -4.66 3.602232 -0.1
v -4.66 3.538837 -0.093225
v -4.66 3.478305 -0.073207
v -4.66 3.42337 -0.04085
v -4.66 3.376514 0.002385
v -4.66 3.602232 0.1
v -4.66 3.5811 0.102258
v -4.66 3.560923 0.108931
v -4.66 3.542611 0.119717
v -4.66 3.526992 0.134128
v -2.96 3.9 0.1
v -2.96 3.9 -0.1
v -3.39 3.9 0.1
v -3.39 3.9 -0.1
v -2.96 2.784542 1.15
v -2.96 2.784542 0.95
v -3.39 2.784542 0.95
v -3.39 2.784542 1.15
v -2.96 2.872002 0.898485
v -2.96 3.046922 0.995454
v -2.96 2.859781 0.915872
v -2.96 3.01026 1.047614
v -2.96 2.844162 0.930283
v -2.96 2.963403 1.09085
v -2.96 2.825851 0.941069
v -2.96 2.908469 1.123207
v -2.96 2.805674 0.947742
v -2.96 2.847937 1.143225
v -3.39 2.805674 0.947742
v -3.39 2.825851 0.941069
v -3.39 2.844162 0.930283
v -3.39 2.859781 0.915872
v -3.39 2.872002 0.898485
v -3.39 2.847937 1.143225
v -3.39 2.908469 1.123207
v -3.39 2.963403 1.09085
v -3.39 3.01026 1.047614
v -3.39 3.046922 0.995454
v -2.96 3.514772 0.151515
v -2.96 3.339852 0.054546
v -3.39 3.339852 0.054546
v -3.39 3.514772 0.151515
v -2.96 3.526992 0.134128
v -2.96 3.376514 0.002385
v -2.96 3.542611 0.119717
v -2.96 3.42337 -0.04085
v -2.96 3.560923 0.108931
v -2.96 3.478305 -0.073207
v -2.96 3.5811 0.102258
v -2.96 3.538837 -0.093225
v -2.96 3.602232 0.1
v -2.96 3.602232 -0.1
v -3.39 3.602232 -0.1
v -3.39 3.538837 -0.093225
v -3.39 3.478305 -0.073207
v -3.39 3.42337 -0.04085
v -3.39 3.376514 0.002385
v -3.39 3.602232 0.1
v -3.39 3.5811 0.102258
v -3.39 3.560923 0.108931
v -3.39 3.542611 0.119717
v -3.39 3.526992 0.134128
v -1.69 3.9 0.1
v -1.69 3.9 -0.1
v -2.12 3.9 0.1
v -2.12 3.9 -0.1
v -1.69 2.784542 1.15
v -1.69 2.784542 0.95
v -2.12 2.784542 0.95
v -2.12 2.784542 1.15
v -1.69 2.872002 0.898485
v -1.69 3.046922 0.995454
v -1.69 2.859781 0.915872
v -1.69 3.01026 1.047614
v -1.69 2.844162 0.930283
v -1.69 2.963403 1.09085
v -1.69 2.825851 0.941069
v -1.69 2.908469 1.123207
v -1.69 2.805674 0.947742
v -1.69 2.847937 1.143225
v -2.12 2.805674 0.947742
v -2.12 2.825851 0.941069
v -2.12 2.844162 0.930283
v -2.12 2.859781 0.915872
v -2.12 2.872002 0.898485
v -2.12 2.847937 1.143225
v -2.12 2.908469 1.123207
v -2.12 2.963403 1.09085
v -2.12 3.01026 1.047614
v -2.12 3.046922 0.995454
v -1.69 3.514772 0.151515
v -1.69 3.339852 0.054546
v -2.12 3.339852 0.054546
v -2.12 3.514772 0.151515
v -1.69 3.526992 0.134128
v -1.69 3.376514 0.002385
v -1.69 3.542611 0.119717
v -1.69 3.42337 -0.04085
v -1.69 3.560923 0.108931
v -1.69 3.478305 -0.073207
v -1.69 3.5811 0.102258
v -1.69 3.538837 -0.093225
v -1.69 3.602232 0.1
v -1.69 3.602232 -0.1
v -2.12 3.602232 -0.1
v -2.12 3.538837 -0.093225
v -2.12 3.478305 -0.073207
v -2.12 3.42337 -0.04085
v -2.12 3.376514 0.002385
v -2.12 3.602232 0.1
v -2.12 3.5811 0.102258
v -2.12 3.560923 0.108931
v -2.12 3.542611 0.119717
v -2.12 3.526992 0.134128
v -0.42 3.9 0.1
v -0.42 3.9 -0.1
v -0.85 3.9 0.1
v -0.85 3.9 -0.1
v -0.42 2.784542 1.15
v -0.42 2.784542 0.95
v -0.85 2.784542 0.95
v -0.85 2.784542 1.15
v -0.42 2.872002 0.898485
v -0.42 3.046922 0.995454
v -0.42 2.859781 0.915872
v -0.42 3.01026 1.047614
v -0.42 2.844162 0.930283
v -0.42 2.963403 1.09085
v -0.42 2.825851 0.941069
v -0.42 2.908469 1.123207
v -0.42 2.805674 0.947742
v -0.42 2.847937 1.143225
v -0.85 2.805674 0.947742
v -0.85 2.825851 0.941069
v -0.85 2.844162 0.930283
v -0.85 2.859781 0.915872
v -0.85 2.872002 0.898485
v -0.85 2.847937 1.143225
v -0.85 2.908469 1.123207
v -0.85 2.963403 1.09085
v -0.85 3.01026 1.047614
v -0.85 3.046922 0.995454
v -0.42 3.514772 0.151515
v -0.42 3.339852 0.054546
v -0.85 3.339852 0.054546
v -0.85 3.514772 0.151515
v -0.42 3.526992 0.134128
v -0.42 3.376514 0.002385
v -0.42 3.542611 0.119717
v -0.42 3.42337 -0.04085
v -0.42 3.560923 0.108931
v -0.42 3.478305 -0.073207
v -0.42 3.5811 0.102258
v -0.42 3.538837 -0.093225
v -0.42 3.602232 0.1
v -0.42 3.602232 -0.1
v -0.85 3.602232 -0.1
v -0.85 3.538837 -0.093225
v -0.85 3.478305 -0.073207
v -0.85 3.42337 -0.04085
v -0.85 3.376514 0.002385
v -0.85 3.602232 0.1
v -0.85 3.5811 0.102258
v -0.85 3.560923 0.108931
v -0.85 3.542611 0.119717
v -0.85 3.526992 0.134128
v 0.85 3.9 0.1
v 0.85 3.9 -0.1
v 0.42 3.9 0.1
v 0.42 3.9 -0.1
v 0.85 2.784542 1.15
v 0.85 2.784542 0.95
v 0.42 2.784542 0.95
v 0.42 2.784542 1.15
v 0.85 2.872002 0.898485
v 0.85 3.046922 0.995454
v 0.85 2.859781 0.915872
v 0.85 3.01026 1.047614
v 0.85 2.844162 0.930283
v 0.85 2.963403 1.09085
v 0.85 2.825851 0.941069
v 0.85 2.908469 1.123207
v 0.85 2.805674 0.947742
v 0.85 2.847937 1.143225
v 0.42 2.805674 0.947742
v 0.42 2.825851 0.941069
v 0.42 2.844162 0.930283
v 0.42 2.859781 0.915872
v 0.42 2.872002 0.898485
v 0.42 2.847937 1.143225
v 0.42 2.908469 1.123207
v 0.42 2.963403 1.09085
v 0.42 3.01026 1.047614
v 0.42 3.046922 0.995454
v 0.85 3.514772 0.151515
v 0.85 3.339852 0.054546
v 0.42 3.339852 0.054546
v 0.42 3.514772 0.151515
v 0.85 3.526992 0.134128
v 0.85 3.376514 0.002385
v 0.85 3.542611 0.119717
v 0.85 3.42337 -0.04085
v 0.85 3.560923 0.108931
v 0.85 3.478305 -0.073207
v 0.85 3.5811 0.102258
v 0.85 3.538837 -0.093225
v 0.85 3.602232 0.1
v 0.85 3.602232 -0.1
v 0.42 3.602232 -0.1
v 0.42 3.538837 -0.093225
v 0.42 3.478305 -0.073207
v 0.42 3.42337 -0.04085
v 0.42 3.376514 0.002385
v 0.42 3.602232 0.1
v 0.42 3.5811 0.102258
v 0.42 3.560923 0.108931
v 0.42 3.542611 0.119717
v 0.42 3.526992 0.134128
v 2.12 3.9 0.1
v 2.12 3.9 -0.1
v 1.69 3.9 0.1
v 1.69 3.9 -0.1
v 2.12 2.784542 1.15
v 2.12 2.784542 0.95
v 1.69 2.784542 0.95
v 1.69 2.784542 1.15
v 2.12 2.872002 0.898485
v 2.12 3.046922 0.995454
v 2.12 2.859781 0.915872
v 2.12 3.01026 1.047614
v 2.12 2.844162 0.930283
v 2.12 2.963403 1.09085
v 2.12 2.825851 0.941069
v 2.12 2.908469 1.123207
v 2.12 2.805674 0.947742
v 2.12 2.847937 1.143225
v 1.69 2.805674 0.947742
v 1.69 2.825851 0.941069
v 1.69 2.844162 0.930283
v 1.69 2.859781 0.915872
v 1.69 2.872002 0.898485
v 1.69 2.847937 1.143225
v 1.69 2.908469 1.123207
v 1.69 2.963403 1.09085
v 1.69 3.01026 1.047614
v 1.69 3.046922 0.995454
v 2.12 3.514772 0.151515
v 2.12 3.339852 0.054546
v 1.69 3.339852 0.054546
v 1.69 3.514772 0.151515
v 2.12 3.526992 0.134128
v 2.12 3.376514 0.002385
v 2.12 3.542611 0.119717
v 2.12 3.42337 -0.04085
v 2.12 3.560923 0.108931
v 2.12 3.478305 -0.073207
v 2.12 3.5811 0.102258
v 2.12 3.538837 -0.093225
v 2.12 3.602232 0.1
v 2.12 3.602232 -0.1
v 1.69 3.602232 -0.1
v 1.69 3.538837 -0.093225
v 1.69 3.478305 -0.073207
v 1.69 3.42337 -0.04085
v 1.69 3.376514 0.002385
v 1.69 3.602232 0.1
v 1.69 3.5811 0.102258
v 1.69 3.560923 0.108931
v 1.69 3.542611 0.119717
v 1.69 3.526992 0.134128
v 3.39 3.9 0.1
v 3.39 3.9 -0.1
v 2.96 3.9 0.1
v 2.96 3.9 -0.1
v 3.39 2.784542 1.15
v 3.39 2.784542 0.95
v 2.96 2.784542 0.95
v 2.96 2.784542 1.15
v 3.39 2.872002 0.898485
v 3.39 3.046922 0.995454
v 3.39 2.859781 0.915872
v 3.39 3.01026 1.047614
v 3.39 2.844162 0.930283
v 3.39 2.963403 1.09085
v 3.39 2.825851 0.941069
v 3.39 2.908469 1.123207
v 3.39 2.805674 0.947742
v 3.39 2.847937 1.143225
v 2.96 2.805674 0.947742
v 2.96 2.825851 0.941069
v 2.96 2.844162 0.930283
v 2.96 2.859781 0.915872
v 2.96 2.872002 0.898485
v 2.96 2.847937 1.143225
v 2.96 2.908469 1.123207
v 2.96 2.963403 1.09085
v 2.96 3.01026 1.047614
v 2.96 3.046922 0.995454
v 3.39 3.514772 0.151515
v 3.39 3.339852 0.054546
v 2.96 3.339852 0.054546
v 2.96 3.514772 0.151515
v 3.39 3.526992 0.134128
v 3.39 3.376514 0.002385
v 3.39 3.542611 0.119717
v 3.39 3.42337 -0.04085
v 3.39 3.560923 0.108931
v 3.39 3.478305 -0.073207
v 3.39 3.5811 0.102258
v 3.39 3.538837 -0.093225
v 3.39 3.602232 0.1
v 3.39 3.602232 -0.1
v 2.96 3.602232 -0.1
v 2.96 3.538837 -0.093225
v 2.96 3.478305 -0.073207
v 2.96 3.42337 -0.04085
v 2.96 3.376514 0.002385
v 2.96 3.602232 0.1
v 2.96 3.5811 0.102258
v 2.96 3.560923 0.108931
v 2.96 3.542611 0.119717
v 2.96 3.526992 0.134128
v 4.66 3.9 0.1
v 4.66 3.9 -0.1
v 4.23 3.9 0.1
v 4.23 3.9 -0.1
v 4.66 2.784542 1.15
v 4.66 2.784542 0.95
v 4.23 2.784542 0.95
v 4.23 2.784542 1.15
v 4.66 2.872002 0.898485
v 4.66 3.046922 0.995454
v 4.66 2.859781 0.915872
v 4.66 3.01026 1.047614
v 4.66 2.844162 0.930283
v 4.66 2.963403 1.09085
v 4.66 2.825851 0.941069
v 4.66 2.908469 1.123207
v 4.66 2.805674 0.947742
v 4.66 2.847937 1.143225
v 4.23 2.805674 0.947742
v 4.23 2.825851 0.941069
v 4.23 2.844162 0.930283
v 4.23 2.859781 0.915872
v 4.23 2.872002 0.898485
v 4.23 2.847937 1.143225
v 4.23 2.908469 1.123207
v 4.23 2.963403 1.09085
v 4.23 3.01026 1.047614
v 4.23 3.046922 0.995454
v 4.66 3.514772 0.151515
v 4.66 3.339852 0.054546
v 4.23 3.339852 0.054546
v 4.23 3.514772 0.151515
v 4.66 3.526992 0.134128
v 4.66 3.376514 0.002385
v 4.66 3.542611 0.119717
v 4.66 3.42337 -0.04085
v 4.66 3.560923 0.108931
v 4.66 3.478305 -0.073207
v 4.66 3.5811 0.102258
v 4.66 3.538837 -0.093225
v 4.66 3.602232 0.1
v 4.66 3.602232 -0.1
v 4.23 3.602232 -0.1
v 4.23 3.538837 -0.093225
v 4.23 3.478305 -0.073207
v 4.23 3.42337 -0.04085
v 4.23 3.376514 0.002385
v 4.23 3.602232 0.1
v 4.23 3.5811 0.102258
v 4.23 3.560923 0.108931
v 4.23 3.542611 0.119717
v 4.23 3.526992 0.134128
v 5.93 3.9 0.1
v 5.93 3.9 -0.1
v 5.5 3.9 0.1
v 5.5 3.9 -0.1
v 5.93 2.784542 1.15
v 5.93 2.784542 0.95
v 5.5 2.784542 0.95
v 5.5 2.784542 1.15
v 5.93 2.872002 0.898485
v 5.93 3.046922 0.995454
v 5.93 2.859781 0.915872
v 5.93 3.01026 1.047614
v 5.93 2.844162 0.930283
v 5.93 2.963403 1.09085
v 5.93 2.825851 0.941069
v 5.93 2.908469 1.123207
v 5.93 2.805674 0.947742
v 5.93 2.847937 1.143225
v 5.5 2.805674 0.947742
v 5.5 2.825851 0.941069
v 5.5 2.844162 0.930283
v 5.5 2.859781 0.915872
v 5.5 2.872002 0.898485
v 5.5 2.847937 1.143225
v 5.5 2.908469 1.123207
v 5.5 2.963403 1.09085
v 5.5 3.01026 1.047614
v 5.5 3.046922 0.995454
v 5.93 3.514772 0.151515
v 5.93 3.339852 0.054546
v 5.5 3.339852 0.054546
v 5.5 3.514772 0.151515
v 5.93 3.526992 0.134128
v 5.93 3.376514 0.002385
v 5.93 3.542611 0.119717
v 5.93 3.42337 -0.04085
v 5.93 3.560923 0.108931
v 5.93 3.478305 -0.073207
v 5.93 3.5811 0.102258
v 5.93 3.538837 -0.093225
v 5.93 3.602232 0.1
v 5.93 3.602232 -0.1
v 5.5 3.602232 -0.1
v 5.5 3.538837 -0.093225
v 5.5 3.478305 -0.073207
v 5.5 3.42337 -0.04085
v 5.5 3.376514 0.002385
v 5.5 3.602232 0.1
v 5.5 3.5811 0.102258
v 5.5 3.560923 0.108931
v 5.5 3.542611 0.119717
v 5.5 3.526992 0.134128
usemtl 1
f 1// 2// 3//
f 3// 2// 4//
f 5// 6// 7//
f 7// 6// 8//
f 9// 10// 11//
f 11// 10// 12//
f 13// 14// 15//
f 15// 14// 16//
f 17// 18// 19//
f 19// 18// 20//
f 21// 22// 23//
f 23// 22// 24//
f 25// 26// 27//
f 27// 26// 28//
f 29// 30// 31//
f 31// 30// 32//
f 33// 34// 35//
f 35// 34// 36//
f 37// 38// 39//
f 39// 38// 40//
f 41// 42// 43//
f 43// 42// 44//
f 45// 46// 47//
f 47// 46// 48//
f 49// 50// 51//
f 51// 50// 52//
f 53// 54// 55//
f 55// 54// 56//
f 57// 58// 59//
f 59// 58// 60//
f 61// 62// 63//
f 63// 62// 64//
f 65// 66// 67//
f 67// 66// 68//
f 69// 70// 71//
f 71// 70// 72//
f 73// 74// 75//
f 75// 74// 76//
f 77// 78// 79//
f 79// 78// 80//
f 81// 82// 83//
f 83// 82// 84//
f 83// 84// 85//
f 86// 87// 88//
f 89// 85// 90//
f 90// 85// 91//
f 92// 93// 94//
f 94// 93// 82//
f 94// 82// 95//
f 96// 97// 98//
f 98// 97// 99//
f 88// 95// 86//
f 86// 95// 82//
f 86// 82// 100//
f 100// 82// 81//
f 100// 81// 91//
f 101// 102// 103//
f 104// 105// 106//
f 106// 105// 107//
f 106// 107// 108//
f 109// 110// 106//
f 106// 110// 111//
f 112// 113// 114//
f 114// 113// 115//
f 111// 116// 106//
f 106// 116// 115//
f 106// 115// 117//
f 117// 115// 113//
f 108// 118// 106//
f 106// 118// 119//
f 106// 119// 109//
f 102// 120// 103//
f 103// 120// 81//
f 103// 81// 121//
f 121// 81// 122//
f 121// 122// 123//
f 123// 122// 124//
f 96// 125// 97//
f 97// 125// 126//
f 97// 126// 127//
f 127// 126// 128//
f 127// 128// 129//
f 128// 130// 129//
f 129// 130// 131//
f 129// 131// 103//
f 103// 131// 132//
f 103// 132// 101//
f 120// 133// 81//
f 81// 133// 134//
f 81// 134// 135//
f 135// 136// 81//
f 81// 136// 137//
f 81// 137// 91//
f 91// 137// 138//
f 91// 138// 90//
f 90// 138// 139//
f 90// 139// 106//
f 106// 139// 140//
f 106// 140// 104//
f 97// 123// 99//
f 99// 123// 124//
f 99// 124// 141//
f 141// 124// 142//
f 141// 142// 143//
f 143// 142// 144//
f 143// 144// 145//
f 146// 147// 144//
f 144// 147// 83//
f 144// 83// 145//
f 145// 83// 85//
f 145// 85// 148//
f 148// 85// 89//
f 149// 150// 151//
f 152// 83// 153//
f 153// 83// 147//
f 153// 147// 154//
f 154// 147// 155//
f 154// 155// 156//
f 156// 155// 81//
f 151// 157// 149//
f 149// 157// 158//
f 149// 158// 159//
f 160// 161// 83//
f 83// 161// 162//
f 83// 162// 81//
f 81// 162// 163//
f 164// 165// 156//
f 156// 165// 166//
f 163// 167// 81//
f 81// 167// 168//
f 81// 168// 156//
f 156// 168// 169//
f 156// 169// 164//
f 159// 160// 149//
f 149// 160// 83//
f 149// 83// 170//
f 170// 83// 152//
f 170// 152// 171//
f 171// 152// 172//
f 166// 173// 156//
f 156// 173// 174//
f 156// 174// 149//
f 149// 174// 175//
f 149// 175// 150//
f 176// 177// 178//
f 179// 180// 181//
f 181// 180// 182//
f 181// 183// 184//
f 184// 185// 181//
f 181// 185// 186//
f 181// 186// 187//
f 187// 186// 188//
f 187// 188// 189//
f 190// 191// 192//
f 192// 191// 193//
f 192// 193// 194//
f 182// 195// 181//
f 181// 195// 196//
f 181// 196// 183//
f 197// 198// 189//
f 189// 198// 199//
f 189// 199// 200//
f 188// 201// 189//
f 189// 201// 202//
f 189// 202// 203//
f 194// 204// 192//
f 192// 204// 205//
f 192// 205// 206//
f 203// 207// 189//
f 189// 207// 208//
f 189// 208// 197//
f 200// 209// 189//
f 189// 209// 210//
f 189// 210// 177//
f 177// 210// 178//
f 178// 210// 211//
f 178// 211// 212//
f 213// 214// 215//
f 215// 214// 216//
f 215// 216// 217//
f 218// 219// 220//
f 220// 219// 221//
f 220// 221// 222//
f 217// 216// 221//
f 221// 216// 223//
f 221// 223// 222//
f 224// 225// 226//
f 227// 228// 219//
f 219// 228// 229//
f 219// 229// 230//
f 231// 232// 233//
f 233// 232// 234//
f 235// 236// 224//
f 224// 236// 237//
f 224// 237// 225//
f 226// 238// 224//
f 224// 238// 239//
f 224// 239// 240//
f 234// 235// 233//
f 233// 235// 224//
f 233// 224// 241//
f 241// 224// 242//
f 241// 242// 243//
f 243// 242// 244//
f 245// 246// 218//
f 218// 246// 247//
f 218// 247// 219//
f 219// 247// 248//
f 219// 248// 227//
f 230// 249// 219//
f 219// 249// 250//
f 219// 250// 242//
f 242// 250// 251//
f 242// 251// 244//
f 231// 233// 252//
f 252// 233// 253//
f 252// 253// 254//
f 254// 253// 255//
f 254// 255// 256//
f 245// 218// 257//
f 257// 218// 258//
f 257// 258// 259//
f 259// 258// 260//
f 259// 260// 261//
f 261// 260// 262//
f 261// 262// 263//
f 264// 256// 265//
f 265// 256// 266//
f 264// 267// 256//
f 256// 267// 268//
f 256// 268// 254//
f 263// 269// 261//
f 261// 269// 270//
f 261// 270// 271//
f 272// 273// 274//
f 271// 275// 261//
f 261// 275// 276//
f 261// 276// 277//
f 278// 279// 277//
f 277// 279// 280//
f 277// 280// 261//
f 256// 281// 266//
f 266// 281// 282//
f 266// 282// 274//
f 274// 282// 283//
f 274// 283// 272//
f 284// 285// 242//
f 284// 242// 286//
f 287// 288// 289//
f 287// 289// 290//
f 291// 292// 293//
f 294// 224// 295//
f 295// 224// 296//
f 292// 297// 293//
f 293// 297// 298//
f 293// 298// 299//
f 294// 300// 224//
f 224// 300// 301//
f 224// 301// 302//
f 285// 303// 242//
f 242// 303// 304//
f 242// 304// 289//
f 289// 304// 305//
f 289// 305// 290//
f 306// 307// 293//
f 293// 307// 308//
f 293// 308// 291//
f 288// 309// 289//
f 289// 309// 310//
f 289// 310// 311//
f 302// 312// 224//
f 224// 312// 313//
f 224// 313// 242//
f 242// 313// 314//
f 242// 314// 286//
f 240// 213// 224//
f 224// 213// 215//
f 224// 215// 296//
f 296// 215// 315//
f 316// 317// 318//
f 318// 319// 316//
f 316// 319// 320//
f 316// 320// 321//
f 322// 323// 317//
f 317// 323// 324//
f 317// 324// 318//
f 318// 324// 325//
f 318// 325// 326//
f 326// 325// 327//
f 326// 327// 328//
f 329// 330// 331//
f 330// 332// 331//
f 331// 332// 333//
f 331// 333// 334//
f 335// 336// 337//
f 337// 336// 338//
f 328// 339// 326//
f 326// 339// 340//
f 326// 340// 341//
f 342// 343// 326//
f 326// 343// 344//
f 345// 346// 347//
f 347// 346// 348//
f 344// 349// 326//
f 326// 349// 348//
f 326// 348// 350//
f 350// 348// 346//
f 341// 351// 326//
f 326// 351// 352//
f 326// 352// 342//
f 334// 353// 331//
f 331// 353// 354//
f 331// 354// 337//
f 337// 354// 355//
f 337// 355// 335//
f 338// 356// 337//
f 337// 356// 357//
f 337// 357// 317//
f 317// 357// 358//
f 317// 358// 322//
f 321// 359// 360//
f 359// 361// 360//
f 360// 361// 362//
f 360// 362// 363//
f 364// 192// 181//
f 181// 192// 206//
f 181// 206// 179//
f 365// 366// 181//
f 364// 367// 192//
f 192// 367// 368//
f 192// 368// 316//
f 316// 368// 369//
f 316// 369// 370//
f 371// 317// 372//
f 372// 317// 316//
f 372// 316// 373//
f 373// 316// 370//
f 370// 374// 373//
f 373// 374// 375//
f 373// 375// 376//
f 366// 377// 181//
f 181// 377// 378//
f 181// 378// 379//
f 380// 381// 364//
f 364// 381// 382//
f 376// 383// 373//
f 373// 383// 384//
f 373// 384// 385//
f 371// 386// 317//
f 317// 386// 387//
f 317// 387// 181//
f 181// 387// 388//
f 181// 388// 365//
f 379// 389// 181//
f 181// 389// 390//
f 181// 390// 364//
f 364// 390// 391//
f 364// 391// 380//
f 382// 392// 364//
f 364// 392// 393//
f 364// 393// 394//
f 395// 396// 397//
f 394// 398// 364//
f 364// 398// 399//
f 364// 399// 400//
f 385// 384// 397//
f 397// 384// 401//
f 397// 401// 395//
f 396// 402// 397//
f 397// 402// 403//
f 397// 403// 404//
f 405// 406// 397//
f 397// 406// 407//
f 397// 407// 408//
f 404// 409// 397//
f 397// 409// 410//
f 397// 410// 405//
f 411// 293// 412//
f 412// 293// 331//
f 412// 331// 413//
f 413// 331// 414//
f 414// 331// 337//
f 414// 337// 411//
f 411// 337// 289//
f 411// 289// 293//
f 293// 289// 311//
f 293// 311// 306//
f 321// 360// 316//
f 316// 360// 178//
f 316// 178// 192//
f 192// 178// 212//
f 192// 212// 190//
f 315// 215// 299//
f 299// 215// 415//
f 299// 415// 293//
f 293// 415// 363//
f 293// 363// 331//
f 331// 363// 362//
f 331// 362// 329//
f 416// 417// 217//
f 176// 178// 418//
f 418// 178// 360//
f 418// 360// 419//
f 419// 360// 363//
f 419// 363// 420//
f 420// 363// 415//
f 420// 415// 421//
f 421// 415// 215//
f 421// 215// 422//
f 422// 215// 217//
f 422// 217// 423//
f 423// 217// 417//
f 423// 417// 424//
f 425// 426// 427//
f 427// 426// 428//
f 429// 427// 430//
f 430// 431// 429//
f 429// 431// 432//
f 429// 432// 433//
f 424// 434// 423//
f 423// 434// 435//
f 423// 435// 436//
f 428// 437// 427//
f 427// 437// 438//
f 427// 438// 430//
f 439// 440// 217//
f 217// 440// 441//
f 217// 441// 416//
f 433// 442// 429//
f 429// 442// 443//
f 429// 443// 444//
f 444// 439// 429//
f 429// 439// 217//
f 429// 217// 445//
f 445// 217// 221//
f 445// 221// 446//
f 446// 221// 219//
f 436// 447// 423//
f 423// 447// 448//
f 423// 448// 427//
f 427// 448// 449//
f 427// 449// 425//
f 446// 450// 445//
f 445// 450// 451//
f 445// 451// 429//
f 429// 451// 452//
f 429// 452// 427//
f 427// 452// 453//
f 454// 455// 456//
f 456// 455// 457//
f 458// 459// 460//
f 460// 459// 461//
f 462// 463// 464//
f 464// 463// 465//
f 466// 467// 468//
f 468// 467// 469//
f 470// 467// 471//
f 471// 467// 466//
f 471// 466// 43//
f 43// 44// 471//
f 471// 44// 47//
f 471// 47// 48//
f 48// 51// 471//
f 471// 51// 52//
f 471// 52// 55//
f 55// 56// 471//
f 471// 56// 59//
f 471// 59// 472//
f 59// 60// 472//
f 472// 60// 63//
f 472// 63// 64//
f 64// 67// 472//
f 472// 67// 68//
f 472// 68// 71//
f 71// 72// 472//
f 472// 72// 75//
f 472// 75// 76//
f 76// 79// 472//
f 472// 79// 80//
f 472// 80// 473//
f 454// 474// 475//
f 454// 475// 455//
f 455// 475// 476//
f 455// 476// 477//
f 462// 478// 479//
f 462// 479// 463//
f 463// 479// 480//
f 463// 480// 481//
f 482// 459// 483//
f 483// 459// 458//
f 483// 458// 38//
f 38// 37// 483//
f 483// 37// 34//
f 483// 34// 33//
f 33// 30// 483//
f 483// 30// 29//
f 483// 29// 26//
f 26// 25// 483//
f 483// 25// 22//
f 483// 22// 484//
f 22// 21// 484//
f 484// 21// 18//
f 484// 18// 17//
f 17// 14// 484//
f 484// 14// 13//
f 484// 13// 10//
f 10// 9// 484//
f 484// 9// 6//
f 484// 6// 5//
f 5// 3// 484//
f 484// 3// 4//
f 484// 4// 485//
f 486// 2// 487//
f 487// 2// 1//
f 487// 1// 7//
f 7// 8// 487//
f 487// 8// 11//
f 487// 11// 12//
f 12// 15// 487//
f 487// 15// 16//
f 487// 16// 19//
f 19// 20// 487//
f 487// 20// 23//
f 487// 23// 488//
f 23// 24// 488//
f 488// 24// 27//
f 488// 27// 28//
f 28// 31// 488//
f 488// 31// 32//
f 488// 32// 35//
f 35// 36// 488//
f 488// 36// 39//
f 488// 39// 40//
f 40// 460// 488//
f 488// 460// 461//
f 488// 461// 489//
f 465// 490// 491//
f 491// 492// 493//
f 465// 491// 464//
f 464// 491// 493//
f 464// 493// 494//
f 457// 495// 496//
f 496// 497// 457//
f 457// 497// 498//
f 457// 498// 456//
f 456// 498// 499//
f 500// 78// 501//
f 501// 78// 77//
f 501// 77// 74//
f 74// 73// 501//
f 501// 73// 70//
f 501// 70// 69//
f 69// 66// 501//
f 501// 66// 65//
f 501// 65// 62//
f 62// 61// 501//
f 501// 61// 58//
f 501// 58// 502//
f 58// 57// 502//
f 502// 57// 54//
f 502// 54// 53//
f 53// 50// 502//
f 502// 50// 49//
f 502// 49// 46//
f 46// 45// 502//
f 502// 45// 42//
f 502// 42// 41//
f 41// 468// 502//
f 502// 468// 469//
f 502// 469// 503//
f 504// 505// 506//
f 506// 505// 507//
f 508// 155// 509//
f 510// 511// 155//
f 512// 513// 514//
f 515// 516// 517//
f 518// 519// 520//
f 521// 522// 523//
f 524// 525// 526//
f 526// 525// 483//
f 527// 528// 529//
f 520// 530// 531//
f 530// 520// 532//
f 532// 520// 519//
f 532// 519// 533//
f 479// 533// 534//
f 534// 533// 519//
f 534// 519// 535//
f 535// 519// 518//
f 535// 518// 536//
f 536// 518// 537//
f 483// 538// 526//
f 526// 538// 539//
f 526// 539// 540//
f 516// 537// 517//
f 517// 537// 518//
f 517// 518// 541//
f 541// 518// 520//
f 541// 520// 527//
f 527// 520// 531//
f 527// 531// 528//
f 539// 542// 540//
f 540// 542// 543//
f 540// 543// 544//
f 513// 515// 514//
f 514// 515// 517//
f 514// 517// 545//
f 545// 517// 541//
f 545// 541// 546//
f 546// 541// 527//
f 546// 527// 547//
f 547// 527// 529//
f 547// 529// 548//
f 543// 549// 544//
f 544// 549// 550//
f 544// 550// 551//
f 547// 552// 546//
f 546// 552// 553//
f 546// 553// 545//
f 545// 553// 554//
f 545// 554// 514//
f 514// 554// 555//
f 514// 555// 512//
f 511// 510// 556//
f 522// 524// 523//
f 523// 524// 526//
f 523// 526// 557//
f 557// 526// 540//
f 557// 540// 558//
f 558// 540// 544//
f 558// 544// 559//
f 559// 544// 551//
f 559// 551// 560//
f 560// 551// 509//
f 560// 509// 155//
f 155// 561// 555//
f 555// 561// 562//
f 555// 562// 512//
f 552// 563// 553//
f 553// 563// 564//
f 553// 564// 554//
f 554// 564// 565//
f 554// 565// 555//
f 555// 565// 155//
f 563// 556// 564//
f 564// 556// 510//
f 564// 510// 565//
f 565// 510// 155//
f 550// 566// 551//
f 551// 566// 567//
f 551// 567// 509//
f 509// 567// 568//
f 509// 568// 508//
f 548// 521// 547//
f 547// 521// 523//
f 547// 523// 552//
f 552// 523// 557//
f 552// 557// 563//
f 563// 557// 558//
f 563// 558// 556//
f 556// 558// 559//
f 556// 559// 511//
f 511// 559// 560//
f 511// 560// 155//
f 147// 146// 569//
f 480// 479// 570//
f 570// 479// 534//
f 570// 534// 571//
f 571// 534// 535//
f 571// 535// 572//
f 572// 535// 536//
f 572// 536// 573//
f 573// 536// 537//
f 573// 537// 574//
f 574// 537// 516//
f 574// 516// 575//
f 575// 516// 515//
f 575// 515// 576//
f 576// 515// 513//
f 576// 513// 577//
f 577// 513// 512//
f 577// 512// 578//
f 578// 512// 562//
f 578// 562// 569//
f 569// 562// 561//
f 569// 561// 147//
f 147// 561// 155//
f 524// 579// 525//
f 525// 579// 482//
f 525// 482// 483//
f 479// 478// 533//
f 533// 478// 580//
f 533// 580// 532//
f 532// 580// 581//
f 532// 581// 530//
f 530// 581// 582//
f 530// 582// 531//
f 531// 582// 583//
f 531// 583// 528//
f 528// 583// 584//
f 528// 584// 529//
f 529// 584// 585//
f 529// 585// 548//
f 548// 585// 586//
f 548// 586// 521//
f 521// 586// 587//
f 521// 587// 522//
f 522// 587// 588//
f 522// 588// 524//
f 524// 588// 589//
f 524// 589// 579//
f 81// 155// 508//
f 122// 81// 590//
f 590// 81// 508//
f 590// 508// 591//
f 591// 508// 568//
f 591// 568// 592//
f 592// 568// 567//
f 592// 567// 593//
f 593// 567// 566//
f 593// 566// 594//
f 594// 566// 550//
f 594// 550// 595//
f 595// 550// 549//
f 595// 549// 596//
f 596// 549// 543//
f 596// 543// 597//
f 597// 543// 542//
f 597// 542// 598//
f 598// 542// 539//
f 598// 539// 599//
f 599// 539// 538//
f 599// 538// 484//
f 484// 538// 483//
f 569// 146// 600//
f 601// 602// 603//
f 604// 605// 606//
f 607// 608// 609//
f 610// 480// 570//
f 611// 612// 613//
f 613// 612// 610//
f 614// 615// 608//
f 608// 615// 616//
f 608// 616// 609//
f 609// 616// 617//
f 609// 617// 618//
f 472// 614// 619//
f 619// 614// 608//
f 619// 608// 620//
f 620// 608// 607//
f 620// 607// 621//
f 621// 607// 622//
f 610// 570// 613//
f 613// 570// 571//
f 613// 571// 623//
f 605// 622// 606//
f 606// 622// 607//
f 606// 607// 624//
f 624// 607// 609//
f 624// 609// 625//
f 625// 609// 618//
f 571// 572// 623//
f 623// 572// 573//
f 623// 573// 626//
f 602// 604// 603//
f 603// 604// 606//
f 603// 606// 627//
f 627// 606// 624//
f 627// 624// 628//
f 628// 624// 625//
f 573// 574// 626//
f 626// 574// 575//
f 626// 575// 629//
f 628// 630// 627//
f 627// 630// 631//
f 627// 631// 603//
f 603// 631// 632//
f 603// 632// 601//
f 633// 611// 634//
f 634// 611// 613//
f 634// 613// 635//
f 635// 613// 623//
f 635// 623// 636//
f 636// 623// 626//
f 636// 626// 637//
f 637// 626// 629//
f 637// 629// 638//
f 638// 629// 600//
f 638// 600// 146//
f 146// 639// 632//
f 632// 639// 640//
f 632// 640// 601//
f 630// 641// 631//
f 631// 641// 642//
f 631// 642// 632//
f 632// 642// 146//
f 641// 643// 642//
f 642// 643// 146//
f 575// 576// 629//
f 629// 576// 577//
f 629// 577// 600//
f 600// 577// 578//
f 600// 578// 569//
f 618// 633// 625//
f 625// 633// 634//
f 625// 634// 628//
f 628// 634// 635//
f 628// 635// 630//
f 630// 635// 636//
f 630// 636// 641//
f 641// 636// 637//
f 641// 637// 643//
f 643// 637// 638//
f 643// 638// 146//
f 478// 462// 464//
f 464// 494// 478//
f 478// 494// 644//
f 478// 644// 580//
f 580// 644// 645//
f 580// 645// 581//
f 581// 645// 646//
f 581// 646// 582//
f 582// 646// 583//
f 583// 646// 647//
f 583// 647// 584//
f 584// 647// 648//
f 584// 648// 585//
f 585// 648// 649//
f 585// 649// 586//
f 586// 649// 650//
f 586// 650// 587//
f 587// 650// 651//
f 587// 651// 588//
f 588// 651// 652//
f 588// 652// 589//
f 589// 652// 653//
f 589// 653// 579//
f 489// 461// 459//
f 653// 654// 579//
f 579// 654// 489//
f 579// 489// 482//
f 482// 489// 459//
f 655// 122// 656//
f 592// 593// 657//
f 594// 595// 658//
f 659// 660// 661//
f 662// 476// 663//
f 664// 665// 666//
f 666// 665// 662//
f 667// 668// 660//
f 660// 668// 669//
f 660// 669// 661//
f 661// 669// 670//
f 661// 670// 671//
f 484// 667// 599//
f 599// 667// 660//
f 599// 660// 598//
f 598// 660// 659//
f 598// 659// 597//
f 597// 659// 596//
f 662// 663// 666//
f 666// 663// 672//
f 666// 672// 673//
f 595// 596// 658//
f 658// 596// 659//
f 658// 659// 674//
f 674// 659// 661//
f 674// 661// 675//
f 675// 661// 671//
f 672// 676// 673//
f 673// 676// 677//
f 673// 677// 678//
f 593// 594// 657//
f 657// 594// 658//
f 657// 658// 679//
f 679// 658// 674//
f 679// 674// 680//
f 680// 674// 675//
f 677// 681// 678//
f 678// 681// 682//
f 678// 682// 683//
f 680// 684// 679//
f 679// 684// 685//
f 679// 685// 657//
f 657// 685// 686//
f 657// 686// 592//
f 687// 664// 688//
f 688// 664// 666//
f 688// 666// 689//
f 689// 666// 673//
f 689// 673// 690//
f 690// 673// 678//
f 690// 678// 691//
f 691// 678// 683//
f 691// 683// 692//
f 692// 683// 656//
f 692// 656// 122//
f 122// 590// 686//
f 686// 590// 591//
f 686// 591// 592//
f 684// 693// 685//
f 685// 693// 694//
f 685// 694// 686//
f 686// 694// 122//
f 693// 695// 694//
f 694// 695// 122//
f 682// 696// 683//
f 683// 696// 697//
f 683// 697// 656//
f 656// 697// 698//
f 656// 698// 655//
f 671// 687// 675//
f 675// 687// 688//
f 675// 688// 680//
f 680// 688// 689//
f 680// 689// 684//
f 684// 689// 690//
f 684// 690// 693//
f 693// 690// 691//
f 693// 691// 695//
f 695// 691// 692//
f 695// 692// 122//
f 124// 122// 655//
f 142// 124// 699//
f 699// 124// 655//
f 699// 655// 700//
f 700// 655// 698//
f 700// 698// 701//
f 701// 698// 697//
f 701// 697// 702//
f 702// 697// 696//
f 702// 696// 703//
f 703// 696// 682//
f 703// 682// 704//
f 704// 682// 681//
f 704// 681// 705//
f 705// 681// 677//
f 705// 677// 706//
f 706// 677// 676//
f 706// 676// 707//
f 707// 676// 672//
f 707// 672// 708//
f 708// 672// 663//
f 708// 663// 475//
f 475// 663// 476//
f 144// 142// 709//
f 146// 144// 639//
f 639// 144// 709//
f 639// 709// 640//
f 640// 709// 710//
f 640// 710// 601//
f 601// 710// 711//
f 601// 711// 602//
f 602// 711// 712//
f 602// 712// 604//
f 604// 712// 713//
f 604// 713// 605//
f 605// 713// 714//
f 605// 714// 622//
f 622// 714// 715//
f 622// 715// 621//
f 621// 715// 716//
f 621// 716// 620//
f 620// 716// 717//
f 620// 717// 619//
f 619// 717// 718//
f 619// 718// 472//
f 472// 718// 471//
f 481// 480// 719//
f 719// 480// 610//
f 719// 610// 720//
f 720// 610// 721//
f 721// 610// 612//
f 721// 612// 722//
f 722// 612// 611//
f 722// 611// 723//
f 723// 611// 633//
f 723// 633// 724//
f 724// 633// 618//
f 724// 618// 725//
f 725// 618// 617//
f 725// 617// 726//
f 726// 617// 616//
f 726// 616// 727//
f 727// 616// 615//
f 727// 615// 728//
f 728// 615// 614//
f 728// 614// 729//
f 729// 614// 472//
f 729// 472// 473//
f 494// 493// 644//
f 644// 493// 730//
f 644// 730// 645//
f 645// 730// 646//
f 646// 730// 731//
f 646// 731// 647//
f 647// 731// 732//
f 647// 732// 648//
f 648// 732// 733//
f 648// 733// 649//
f 649// 733// 734//
f 649// 734// 650//
f 650// 734// 735//
f 650// 735// 651//
f 651// 735// 736//
f 651// 736// 652//
f 652// 736// 737//
f 652// 737// 653//
f 653// 737// 738//
f 653// 738// 654//
f 654// 738// 488//
f 654// 488// 489//
f 477// 476// 739//
f 739// 476// 662//
f 739// 662// 740//
f 664// 741// 742//
f 740// 662// 742//
f 742// 662// 665//
f 742// 665// 664//
f 671// 743// 744//
f 741// 664// 744//
f 744// 664// 687//
f 744// 687// 671//
f 743// 671// 745//
f 745// 671// 670//
f 745// 670// 746//
f 746// 670// 669//
f 746// 669// 747//
f 747// 669// 668//
f 747// 668// 748//
f 748// 668// 667//
f 748// 667// 749//
f 749// 667// 484//
f 749// 484// 485//
f 709// 142// 750//
f 701// 702// 751//
f 703// 704// 752//
f 753// 754// 755//
f 756// 471// 718//
f 757// 758// 759//
f 759// 758// 756//
f 760// 761// 754//
f 754// 761// 762//
f 754// 762// 755//
f 755// 762// 763//
f 755// 763// 764//
f 475// 760// 708//
f 708// 760// 754//
f 708// 754// 707//
f 707// 754// 753//
f 707// 753// 706//
f 706// 753// 705//
f 756// 718// 759//
f 759// 718// 717//
f 759// 717// 765//
f 704// 705// 752//
f 752// 705// 753//
f 752// 753// 766//
f 766// 753// 755//
f 766// 755// 767//
f 767// 755// 764//
f 717// 716// 765//
f 765// 716// 715//
f 765// 715// 768//
f 702// 703// 751//
f 751// 703// 752//
f 751// 752// 769//
f 769// 752// 766//
f 769// 766// 770//
f 770// 766// 767//
f 715// 714// 768//
f 768// 714// 713//
f 768// 713// 771//
f 770// 772// 769//
f 769// 772// 773//
f 769// 773// 751//
f 751// 773// 774//
f 751// 774// 701//
f 775// 757// 776//
f 776// 757// 759//
f 776// 759// 777//
f 777// 759// 765//
f 777// 765// 778//
f 778// 765// 768//
f 778// 768// 779//
f 779// 768// 771//
f 779// 771// 780//
f 780// 771// 750//
f 780// 750// 142//
f 142// 699// 774//
f 774// 699// 700//
f 774// 700// 701//
f 772// 781// 773//
f 773// 781// 782//
f 773// 782// 774//
f 774// 782// 142//
f 781// 783// 782//
f 782// 783// 142//
f 713// 712// 771//
f 771// 712// 711//
f 771// 711// 750//
f 750// 711// 710//
f 750// 710// 709//
f 764// 775// 767//
f 767// 775// 776//
f 767// 776// 770//
f 770// 776// 777//
f 770// 777// 772//
f 772// 777// 778//
f 772// 778// 781//
f 781// 778// 779//
f 781// 779// 783//
f 783// 779// 780//
f 783// 780// 142//
f 80// 78// 473//
f 473// 78// 500//
f 473// 500// 729//
f 500// 784// 729//
f 729// 784// 785//
f 729// 785// 728//
f 728// 785// 786//
f 728// 786// 727//
f 727// 786// 726//
f 726// 786// 787//
f 726// 787// 725//
f 725// 787// 788//
f 725// 788// 724//
f 724// 788// 789//
f 724// 789// 723//
f 723// 789// 790//
f 723// 790// 722//
f 722// 790// 791//
f 722// 791// 721//
f 721// 791// 792//
f 721// 792// 720//
f 720// 792// 793//
f 720// 793// 719//
f 490// 465// 463//
f 793// 794// 719//
f 719// 794// 490//
f 719// 490// 481//
f 481// 490// 463//
f 795// 796// 797//
f 798// 799// 800//
f 450// 801// 802//
f 803// 801// 450//
f 800// 799// 450//
f 804// 450// 799//
f 805// 731// 730//
f 731// 805// 732//
f 732// 805// 806//
f 732// 806// 733//
f 733// 806// 807//
f 733// 807// 734//
f 734// 807// 808//
f 734// 808// 735//
f 735// 808// 736//
f 736// 808// 809//
f 736// 809// 737//
f 737// 809// 738//
f 738// 809// 810//
f 738// 810// 488//
f 811// 803// 450//
f 812// 813// 798//
f 798// 813// 814//
f 798// 814// 799//
f 799// 814// 815//
f 799// 815// 804//
f 816// 802// 817//
f 817// 802// 801//
f 817// 801// 818//
f 818// 801// 803//
f 818// 803// 819//
f 811// 820// 803//
f 803// 820// 821//
f 803// 821// 819//
f 819// 821// 822//
f 819// 822// 823//
f 797// 816// 824//
f 824// 816// 817//
f 824// 817// 825//
f 825// 817// 818//
f 825// 818// 826//
f 826// 818// 819//
f 826// 819// 827//
f 827// 819// 823//
f 828// 829// 830//
f 830// 829// 795//
f 795// 797// 830//
f 830// 797// 824//
f 830// 824// 831//
f 831// 824// 825//
f 831// 825// 832//
f 832// 825// 826//
f 832// 826// 833//
f 833// 826// 827//
f 833// 827// 834//
f 796// 812// 797//
f 797// 812// 798//
f 797// 798// 816//
f 816// 798// 800//
f 816// 800// 802//
f 802// 800// 450//
f 828// 805// 835//
f 835// 805// 730//
f 835// 730// 493//
f 823// 836// 827//
f 827// 836// 837//
f 827// 837// 834//
f 834// 837// 838//
f 834// 838// 839//
f 828// 830// 805//
f 805// 830// 831//
f 805// 831// 806//
f 806// 831// 832//
f 806// 832// 807//
f 807// 832// 833//
f 807// 833// 808//
f 808// 833// 834//
f 808// 834// 809//
f 809// 834// 839//
f 809// 839// 810//
f 4// 2// 485//
f 485// 2// 486//
f 485// 486// 749//
f 749// 486// 840//
f 749// 840// 748//
f 748// 840// 841//
f 748// 841// 747//
f 747// 841// 842//
f 747// 842// 746//
f 746// 842// 843//
f 746// 843// 745//
f 745// 843// 844//
f 745// 844// 743//
f 743// 844// 845//
f 743// 845// 744//
f 744// 845// 846//
f 744// 846// 741//
f 741// 846// 847//
f 741// 847// 742//
f 847// 848// 742//
f 742// 848// 849//
f 742// 849// 740//
f 740// 849// 850//
f 457// 455// 495//
f 495// 455// 477//
f 495// 477// 850//
f 850// 477// 739//
f 850// 739// 740//
f 851// 852// 756//
f 756// 852// 853//
f 756// 853// 471//
f 471// 853// 854//
f 471// 854// 470//
f 756// 758// 851//
f 851// 758// 757//
f 851// 757// 855//
f 855// 757// 775//
f 775// 764// 855//
f 855// 764// 763//
f 855// 763// 856//
f 856// 763// 762//
f 856// 762// 857//
f 857// 762// 761//
f 857// 761// 858//
f 858// 761// 760//
f 858// 760// 859//
f 859// 760// 475//
f 859// 475// 474//
f 491// 490// 860//
f 860// 490// 794//
f 860// 794// 861//
f 861// 794// 793//
f 861// 793// 862//
f 862// 793// 792//
f 862// 792// 863//
f 863// 792// 791//
f 863// 791// 864//
f 864// 791// 790//
f 864// 790// 865//
f 865// 790// 789//
f 865// 789// 866//
f 866// 789// 788//
f 866// 788// 867//
f 867// 788// 787//
f 867// 787// 868//
f 868// 787// 786//
f 868// 786// 869//
f 869// 786// 785//
f 869// 785// 870//
f 870// 785// 784//
f 870// 784// 501//
f 501// 784// 500//
f 507// 505// 871//
f 507// 871// 872//
f 872// 871// 873//
f 872// 873// 874//
f 874// 873// 875//
f 874// 875// 876//
f 876// 875// 877//
f 876// 877// 878//
f 878// 877// 879//
f 878// 879// 880//
f 880// 879// 881//
f 880// 881// 882//
f 882// 881// 883//
f 882// 883// 884//
f 884// 883// 885//
f 884// 885// 886//
f 886// 885// 887//
f 886// 887// 888//
f 888// 887// 889//
f 888// 889// 890//
f 890// 889// 891//
f 890// 891// 892//
f 892// 891// 893//
f 892// 893// 894//
f 893// 895// 894//
f 894// 895// 492//
f 894// 492// 491//
f 451// 450// 804//
f 896// 453// 452//
f 452// 451// 896//
f 896// 451// 804//
f 896// 804// 897//
f 897// 804// 815//
f 897// 815// 898//
f 898// 815// 814//
f 898// 814// 899//
f 899// 814// 813//
f 899// 813// 900//
f 900// 813// 812//
f 900// 812// 901//
f 901// 812// 796//
f 901// 796// 902//
f 902// 796// 795//
f 902// 795// 903//
f 903// 795// 829//
f 903// 829// 904//
f 904// 829// 828//
f 904// 828// 905//
f 905// 828// 835//
f 905// 835// 492//
f 492// 835// 493//
f 811// 906// 820//
f 820// 906// 907//
f 820// 907// 821//
f 821// 907// 908//
f 821// 908// 822//
f 822// 908// 909//
f 822// 909// 823//
f 823// 909// 910//
f 823// 910// 836//
f 836// 910// 911//
f 836// 911// 837//
f 837// 911// 912//
f 837// 912// 838//
f 838// 912// 913//
f 838// 913// 839//
f 839// 913// 914//
f 839// 914// 810//
f 810// 914// 915//
f 810// 915// 488//
f 488// 915// 487//
f 450// 446// 811//
f 811// 446// 219//
f 811// 219// 242//
f 242// 289// 811//
f 811// 289// 337//
f 811// 337// 317//
f 317// 181// 811//
f 811// 181// 187//
f 811// 187// 906//
f 486// 487// 840//
f 840// 487// 916//
f 840// 916// 841//
f 917// 843// 842//
f 841// 916// 842//
f 842// 916// 918//
f 842// 918// 917//
f 843// 917// 844//
f 844// 917// 919//
f 844// 919// 845//
f 845// 919// 920//
f 845// 920// 846//
f 846// 920// 921//
f 846// 921// 847//
f 847// 921// 922//
f 847// 922// 848//
f 848// 922// 923//
f 848// 923// 849//
f 849// 923// 924//
f 849// 924// 850//
f 850// 924// 496//
f 850// 496// 495//
f 469// 467// 503//
f 503// 467// 470//
f 503// 470// 925//
f 925// 470// 854//
f 925// 854// 926//
f 926// 854// 853//
f 926// 853// 927//
f 927// 853// 852//
f 927// 852// 928//
f 928// 852// 851//
f 928// 851// 929//
f 929// 851// 855//
f 929// 855// 930//
f 930// 855// 856//
f 930// 856// 931//
f 931// 856// 857//
f 931// 857// 932//
f 932// 857// 858//
f 932// 858// 933//
f 933// 858// 859//
f 933// 859// 499//
f 499// 859// 474//
f 499// 474// 456//
f 456// 474// 454//
f 882// 884// 934//
f 870// 501// 935//
f 870// 936// 869//
f 869// 936// 937//
f 869// 937// 868//
f 868// 937// 867//
f 867// 937// 938//
f 867// 938// 866//
f 861// 862// 939//
f 939// 862// 863//
f 939// 863// 940//
f 940// 863// 864//
f 940// 864// 938//
f 938// 864// 865//
f 938// 865// 866//
f 890// 892// 860//
f 860// 892// 894//
f 860// 894// 491//
f 860// 861// 890//
f 890// 861// 939//
f 890// 939// 888//
f 888// 939// 886//
f 882// 934// 880//
f 880// 934// 941//
f 880// 941// 878//
f 878// 941// 942//
f 878// 942// 876//
f 876// 942// 874//
f 874// 942// 943//
f 874// 943// 872//
f 872// 943// 944//
f 872// 944// 507//
f 870// 935// 936//
f 936// 935// 945//
f 936// 945// 946//
f 886// 939// 884//
f 884// 939// 940//
f 884// 940// 934//
f 934// 940// 938//
f 934// 938// 941//
f 941// 938// 937//
f 941// 937// 942//
f 942// 937// 936//
f 942// 936// 943//
f 943// 936// 946//
f 943// 946// 944//
f 947// 948// 949//
f 949// 948// 453//
f 883// 881// 950//
f 947// 873// 871//
f 951// 877// 875//
f 889// 887// 952//
f 952// 887// 885//
f 952// 885// 953//
f 954// 955// 948//
f 948// 955// 453//
f 956// 453// 896//
f 954// 948// 957//
f 957// 948// 947//
f 957// 947// 958//
f 958// 947// 871//
f 958// 871// 505//
f 896// 897// 956//
f 956// 897// 898//
f 956// 898// 959//
f 879// 877// 960//
f 960// 877// 951//
f 960// 951// 961//
f 961// 951// 962//
f 961// 962// 963//
f 963// 964// 961//
f 961// 964// 965//
f 961// 965// 960//
f 960// 965// 950//
f 960// 950// 879//
f 879// 950// 881//
f 885// 883// 953//
f 953// 883// 950//
f 953// 950// 966//
f 966// 950// 965//
f 966// 965// 967//
f 967// 965// 964//
f 967// 964// 453//
f 963// 453// 964//
f 875// 873// 951//
f 951// 873// 947//
f 951// 947// 962//
f 962// 947// 949//
f 962// 949// 963//
f 963// 949// 453//
f 898// 899// 959//
f 959// 899// 900//
f 959// 900// 968//
f 891// 889// 969//
f 969// 889// 952//
f 969// 952// 968//
f 968// 952// 953//
f 968// 953// 959//
f 959// 953// 966//
f 959// 966// 956//
f 956// 966// 967//
f 956// 967// 453//
f 492// 895// 905//
f 905// 895// 893//
f 905// 893// 904//
f 904// 893// 891//
f 904// 891// 903//
f 903// 891// 969//
f 903// 969// 902//
f 902// 969// 968//
f 902// 968// 901//
f 901// 968// 900//
f 912// 911// 970//
f 971// 972// 973//
f 187// 974// 975//
f 976// 974// 187//
f 973// 972// 187//
f 906// 187// 972//
f 977// 918// 916//
f 918// 977// 917//
f 917// 977// 978//
f 917// 978// 919//
f 919// 978// 979//
f 919// 979// 920//
f 920// 979// 980//
f 920// 980// 921//
f 921// 980// 922//
f 922// 980// 981//
f 922// 981// 923//
f 923// 981// 924//
f 924// 981// 982//
f 924// 982// 496//
f 983// 976// 187//
f 910// 909// 971//
f 971// 909// 908//
f 971// 908// 972//
f 972// 908// 907//
f 972// 907// 906//
f 984// 975// 985//
f 985// 975// 974//
f 985// 974// 986//
f 986// 974// 976//
f 986// 976// 987//
f 983// 988// 976//
f 976// 988// 989//
f 976// 989// 987//
f 987// 989// 990//
f 987// 990// 991//
f 970// 984// 992//
f 992// 984// 985//
f 992// 985// 993//
f 993// 985// 986//
f 993// 986// 994//
f 994// 986// 987//
f 994// 987// 995//
f 995// 987// 991//
f 914// 913// 996//
f 996// 913// 912//
f 912// 970// 996//
f 996// 970// 992//
f 996// 992// 997//
f 997// 992// 993//
f 997// 993// 998//
f 998// 993// 994//
f 998// 994// 999//
f 999// 994// 995//
f 999// 995// 1000//
f 911// 910// 970//
f 970// 910// 971//
f 970// 971// 984//
f 984// 971// 973//
f 984// 973// 975//
f 975// 973// 187//
f 914// 977// 915//
f 915// 977// 916//
f 915// 916// 487//
f 991// 1001// 995//
f 995// 1001// 1002//
f 995// 1002// 1000//
f 1000// 1002// 1003//
f 1000// 1003// 1004//
f 914// 996// 977//
f 977// 996// 997//
f 977// 997// 978//
f 978// 997// 998//
f 978// 998// 979//
f 979// 998// 999//
f 979// 999// 980//
f 980// 999// 1000//
f 980// 1000// 981//
f 981// 1000// 1004//
f 981// 1004// 982//
f 499// 498// 933//
f 933// 498// 1005//
f 933// 1005// 932//
f 932// 1005// 1006//
f 932// 1006// 931//
f 931// 1006// 1007//
f 931// 1007// 930//
f 1007// 1008// 930//
f 930// 1008// 1009//
f 930// 1009// 929//
f 502// 503// 1010//
f 1010// 503// 925//
f 1010// 925// 1011//
f 1011// 925// 926//
f 1011// 926// 1012//
f 1012// 926// 927//
f 1012// 927// 1013//
f 1013// 927// 928//
f 1013// 928// 1014//
f 1014// 928// 929//
f 1014// 929// 1015//
f 1015// 929// 1009//
f 506// 507// 1016//
f 1016// 507// 944//
f 1016// 944// 1017//
f 1017// 944// 946//
f 1017// 946// 1018//
f 1018// 946// 945//
f 1018// 945// 1019//
f 945// 935// 1019//
f 1019// 935// 501//
f 1019// 501// 502//
f 505// 504// 958//
f 958// 504// 1020//
f 958// 1020// 957//
f 957// 1020// 1021//
f 957// 1021// 954//
f 954// 1021// 1022//
f 954// 1022// 955//
f 955// 1022// 1023//
f 1023// 176// 418//
f 418// 419// 1023//
f 1023// 419// 420//
f 1023// 420// 955//
f 955// 420// 421//
f 955// 421// 422//
f 422// 423// 955//
f 955// 423// 427//
f 955// 427// 453//
f 497// 496// 1024//
f 1024// 496// 982//
f 1024// 982// 1025//
f 1025// 982// 1004//
f 1025// 1004// 1026//
f 1026// 1004// 1003//
f 1026// 1003// 1027//
f 1027// 1003// 1002//
f 1027// 1002// 1028//
f 1028// 1002// 1001//
f 1028// 1001// 1029//
f 1029// 1001// 991//
f 1029// 991// 1030//
f 1030// 991// 990//
f 1030// 990// 1031//
f 1031// 990// 989//
f 1031// 989// 1032//
f 1032// 989// 988//
f 1032// 988// 1033//
f 1033// 988// 983//
f 983// 187// 189//
f 983// 189// 1033//
f 1033// 189// 177//
f 1033// 177// 176//
f 1034// 1035// 1036//
f 1036// 1035// 1037//
f 1036// 1037// 1038//
f 1038// 1037// 1039//
f 1038// 1039// 1040//
f 1040// 1039// 1041//
f 1042// 1043// 1034//
f 1034// 1043// 1044//
f 1034// 1044// 1035//
f 1042// 1045// 1046//
f 1046// 1045// 1047//
f 1046// 1047// 1048//
f 1048// 1047// 1049//
f 498// 1050// 1005//
f 1005// 1050// 1051//
f 1005// 1051// 1006//
f 1006// 1051// 1049//
f 1006// 1049// 1007//
f 1007// 1049// 1047//
f 1007// 1047// 1008//
f 1008// 1047// 1045//
f 1008// 1045// 1009//
f 1009// 1045// 1015//
f 1015// 1045// 1052//
f 1015// 1052// 1014//
f 1014// 1052// 1013//
f 1013// 1052// 1053//
f 1013// 1053// 1012//
f 1019// 502// 1010//
f 1012// 1053// 1011//
f 1011// 1053// 1054//
f 1011// 1054// 1010//
f 1010// 1054// 1018//
f 1010// 1018// 1019//
f 1041// 506// 1040//
f 1040// 506// 1016//
f 1040// 1016// 1017//
f 1042// 1034// 1045//
f 1045// 1034// 1036//
f 1045// 1036// 1052//
f 1052// 1036// 1038//
f 1052// 1038// 1053//
f 1053// 1038// 1040//
f 1053// 1040// 1054//
f 1054// 1040// 1017//
f 1054// 1017// 1018//
f 1055// 1056// 1057//
f 1031// 1032// 1058//
f 176// 1059// 1060//
f 1061// 1059// 176//
f 176// 1062// 1058//
f 1063// 1064// 1065//
f 1065// 1064// 1066//
f 1065// 1066// 1067//
f 1067// 1066// 1068//
f 1067// 1068// 1069//
f 1069// 1068// 1070//
f 1069// 1070// 1071//
f 1072// 1073// 1074//
f 1074// 1073// 1075//
f 1074// 1075// 1063//
f 1063// 1075// 1076//
f 1063// 1076// 1064//
f 1057// 1056// 1077//
f 1077// 1056// 1020//
f 1077// 1020// 504//
f 1032// 1033// 1058//
f 1058// 1033// 176//
f 1060// 1062// 176//
f 1029// 1030// 1078//
f 1078// 1030// 1031//
f 176// 1023// 1061//
f 1061// 1023// 1022//
f 1061// 1022// 1021//
f 1031// 1058// 1078//
f 1078// 1058// 1062//
f 1078// 1062// 1079//
f 1079// 1062// 1060//
f 1079// 1060// 1080//
f 1080// 1060// 1059//
f 1080// 1059// 1055//
f 1055// 1059// 1061//
f 1055// 1061// 1056//
f 1056// 1061// 1021//
f 1056// 1021// 1020//
f 1067// 1028// 1029//
f 1029// 1078// 1067//
f 1067// 1078// 1079//
f 1067// 1079// 1065//
f 1065// 1079// 1080//
f 1065// 1080// 1063//
f 1063// 1080// 1055//
f 1063// 1055// 1074//
f 1074// 1055// 1057//
f 1074// 1057// 1072//
f 1028// 1067// 1027//
f 1027// 1067// 1069//
f 1027// 1069// 1026//
f 1026// 1069// 1071//
f 1026// 1071// 1025//
f 1025// 1071// 1081//
f 1025// 1081// 1024//
f 1024// 1081// 1082//
f 1024// 1082// 497//
f 504// 506// 1077//
f 1077// 506// 1041//
f 1077// 1041// 1057//
f 1057// 1041// 1039//
f 1057// 1039// 1072//
f 1072// 1039// 1073//
f 1073// 1039// 1037//
f 1073// 1037// 1075//
f 1075// 1037// 1035//
f 1075// 1035// 1076//
f 1076// 1035// 1044//
f 1076// 1044// 1064//
f 1064// 1044// 1043//
f 1064// 1043// 1066//
f 1066// 1043// 1042//
f 1066// 1042// 1068//
f 1068// 1042// 1046//
f 1068// 1046// 1070//
f 1070// 1046// 1048//
f 1070// 1048// 1071//
f 1071// 1048// 1049//
f 1071// 1049// 1081//
f 1081// 1049// 1051//
f 1081// 1051// 1082//
f 1051// 1050// 1082//
f 1082// 1050// 498//
f 1082// 498// 497//
usemtl 2
f 1083// 424// 1084//
f 1084// 424// 417//
f 1084// 417// 1085//
f 1085// 417// 416//
f 1085// 416// 1086//
f 1086// 416// 441//
f 1086// 441// 1087//
f 1087// 441// 440//
f 1087// 440// 1088//
f 1088// 440// 439//
f 1088// 439// 1089//
f 1089// 439// 444//
f 1089// 444// 1090//
f 1090// 444// 443//
f 1090// 443// 1091//
f 1091// 443// 442//
f 1091// 442// 1092//
f 1092// 442// 433//
f 1092// 433// 1093//
f 1093// 433// 432//
f 1093// 432// 1094//
f 1094// 432// 431//
f 1094// 431// 1095//
f 1095// 431// 430//
f 1095// 430// 1096//
f 1096// 430// 438//
f 1096// 438// 1097//
f 1097// 438// 437//
f 1097// 437// 1098//
f 1098// 437// 428//
f 1098// 428// 1099//
f 1099// 428// 426//
f 1099// 426// 1100//
f 1100// 426// 425//
f 1100// 425// 1101//
f 1101// 425// 449//
f 1101// 449// 1102//
f 1102// 449// 448//
f 1102// 448// 1103//
f 1103// 448// 447//
f 1103// 447// 1104//
f 1104// 447// 436//
f 1104// 436// 1105//
f 1105// 436// 435//
f 1105// 435// 1106//
f 1106// 435// 434//
f 1106// 434// 1083//
f 1083// 434// 424//
f 1105// 1106// 1107//
f 1107// 1106// 1083//
f 1107// 1083// 1084//
f 1102// 1103// 1107//
f 1107// 1103// 1104//
f 1107// 1104// 1105//
f 1099// 1100// 1107//
f 1107// 1100// 1101//
f 1107// 1101// 1102//
f 1096// 1097// 1107//
f 1107// 1097// 1098//
f 1107// 1098// 1099//
f 1093// 1094// 1107//
f 1107// 1094// 1095//
f 1107// 1095// 1096//
f 1090// 1091// 1107//
f 1107// 1091// 1092//
f 1107// 1092// 1093//
f 1087// 1088// 1107//
f 1107// 1088// 1089//
f 1107// 1089// 1090//
f 1084// 1085// 1107//
f 1107// 1085// 1086//
f 1107// 1086// 1087//
usemtl 3
f 1108// 1109// 220//
f 220// 1109// 218//
f 1110// 262// 260//
f 1110// 260// 1111//
f 1111// 260// 258//
f 1111// 258// 1112//
f 1112// 258// 218//
f 1112// 218// 1109//
f 1113// 277// 276//
f 1113// 276// 1114//
f 1114// 276// 275//
f 1114// 275// 1115//
f 1115// 275// 271//
f 1115// 271// 1116//
f 1116// 271// 270//
f 1116// 270// 1117//
f 1117// 270// 269//
f 1117// 269// 1118//
f 1118// 269// 263//
f 1118// 263// 1119//
f 1119// 263// 262//
f 1119// 262// 1110//
f 1120// 257// 259//
f 1120// 259// 1121//
f 1121// 259// 261//
f 1121// 261// 1122//
f 1122// 261// 280//
f 1122// 280// 1123//
f 1123// 280// 279//
f 1123// 279// 1124//
f 1124// 279// 278//
f 1124// 278// 1125//
f 1125// 278// 277//
f 1125// 277// 1113//
f 1126// 227// 248//
f 1126// 248// 1127//
f 1127// 248// 247//
f 1127// 247// 1128//
f 1128// 247// 246//
f 1128// 246// 1129//
f 1129// 246// 245//
f 1129// 245// 1130//
f 1130// 245// 257//
f 1130// 257// 1120//
f 1131// 244// 251//
f 1131// 251// 1132//
f 1132// 251// 250//
f 1132// 250// 1133//
f 1133// 250// 249//
f 1133// 249// 1134//
f 1134// 249// 230//
f 1134// 230// 1135//
f 1135// 230// 229//
f 1135// 229// 1136//
f 1136// 229// 228//
f 1136// 228// 1137//
f 1137// 228// 227//
f 1137// 227// 1126//
f 1138// 241// 243//
f 1138// 243// 1139//
f 1139// 243// 244//
f 1139// 244// 1131//
f 1138// 1140// 241//
f 241// 1140// 233//
f 1141// 256// 255//
f 1141// 255// 1142//
f 1142// 255// 253//
f 1142// 253// 1143//
f 1143// 253// 233//
f 1143// 233// 1140//
f 1144// 266// 274//
f 1144// 274// 1145//
f 1145// 274// 273//
f 1145// 273// 1146//
f 1146// 273// 272//
f 1146// 272// 1147//
f 1147// 272// 283//
f 1147// 283// 1148//
f 1148// 283// 282//
f 1148// 282// 1149//
f 1149// 282// 281//
f 1149// 281// 1150//
f 1150// 281// 256//
f 1150// 256// 1141//
f 1151// 252// 254//
f 1151// 254// 1152//
f 1152// 254// 268//
f 1152// 268// 1153//
f 1153// 268// 267//
f 1153// 267// 1154//
f 1154// 267// 264//
f 1154// 264// 1155//
f 1155// 264// 265//
f 1155// 265// 1156//
f 1156// 265// 266//
f 1156// 266// 1144//
f 1157// 236// 235//
f 1157// 235// 1158//
f 1158// 235// 234//
f 1158// 234// 1159//
f 1159// 234// 232//
f 1159// 232// 1160//
f 1160// 232// 231//
f 1160// 231// 1161//
f 1161// 231// 252//
f 1161// 252// 1151//
f 1162// 214// 1163//
f 1163// 214// 213//
f 213// 240// 1163//
f 1163// 240// 239//
f 1163// 239// 1164//
f 1164// 239// 238//
f 1164// 238// 1165//
f 1165// 238// 226//
f 1165// 226// 1166//
f 1166// 226// 225//
f 1166// 225// 1167//
f 1167// 225// 237//
f 1167// 237// 1168//
f 1168// 237// 236//
f 1168// 236// 1157//
f 1108// 220// 222//
f 1108// 222// 1169//
f 1169// 222// 223//
f 1169// 223// 1170//
f 1170// 223// 1162//
f 1162// 223// 216//
f 1162// 216// 214//
f 1109// 1108// 1112//
f 1112// 1108// 1169//
f 1112// 1169// 1111//
f 1111// 1169// 1170//
f 1111// 1170// 1110//
f 1110// 1170// 1162//
f 1110// 1162// 1119//
f 1119// 1162// 1163//
f 1119// 1163// 1118//
f 1118// 1163// 1164//
f 1118// 1164// 1117//
f 1117// 1164// 1165//
f 1117// 1165// 1116//
f 1116// 1165// 1166//
f 1116// 1166// 1115//
f 1115// 1166// 1167//
f 1115// 1167// 1114//
f 1114// 1167// 1168//
f 1114// 1168// 1113//
f 1113// 1168// 1157//
f 1113// 1157// 1125//
f 1125// 1157// 1158//
f 1125// 1158// 1124//
f 1124// 1158// 1159//
f 1124// 1159// 1123//
f 1123// 1159// 1160//
f 1123// 1160// 1122//
f 1122// 1160// 1161//
f 1122// 1161// 1121//
f 1121// 1161// 1151//
f 1121// 1151// 1120//
f 1120// 1151// 1152//
f 1120// 1152// 1130//
f 1130// 1152// 1153//
f 1130// 1153// 1129//
f 1129// 1153// 1154//
f 1129// 1154// 1128//
f 1128// 1154// 1155//
f 1128// 1155// 1127//
f 1127// 1155// 1156//
f 1127// 1156// 1126//
f 1126// 1156// 1144//
f 1126// 1144// 1137//
f 1137// 1144// 1145//
f 1137// 1145// 1136//
f 1136// 1145// 1146//
f 1136// 1146// 1135//
f 1135// 1146// 1147//
f 1135// 1147// 1134//
f 1134// 1147// 1148//
f 1134// 1148// 1133//
f 1133// 1148// 1149//
f 1133// 1149// 1132//
f 1132// 1149// 1150//
f 1132// 1150// 1131//
f 1131// 1150// 1141//
f 1131// 1141// 1139//
f 1139// 1141// 1142//
f 1139// 1142// 1138//
f 1138// 1142// 1143//
f 1138// 1143// 1140//
f 1171// 313// 312//
f 1171// 312// 1172//
f 1172// 312// 302//
f 1172// 302// 1173//
f 1173// 302// 301//
f 1173// 301// 1174//
f 1174// 301// 300//
f 1174// 300// 1175//
f 1175// 300// 294//
f 1175// 294// 1176//
f 1176// 294// 295//
f 1176// 295// 1177//
f 1177// 295// 1178//
f 1178// 295// 296//
f 1178// 296// 315//
f 1179// 305// 304//
f 1179// 304// 1180//
f 1180// 304// 303//
f 1180// 303// 1181//
f 1181// 303// 285//
f 1181// 285// 1182//
f 1182// 285// 284//
f 1182// 284// 1183//
f 1183// 284// 286//
f 1183// 286// 1184//
f 1184// 286// 314//
f 1184// 314// 1185//
f 1185// 314// 313//
f 1185// 313// 1171//
f 1186// 306// 311//
f 1186// 311// 1187//
f 1187// 311// 310//
f 1187// 310// 1188//
f 1188// 310// 309//
f 1188// 309// 1189//
f 1189// 309// 288//
f 1189// 288// 1190//
f 1190// 288// 287//
f 1190// 287// 1191//
f 1191// 287// 290//
f 1191// 290// 1192//
f 1192// 290// 305//
f 1192// 305// 1179//
f 1178// 315// 1193//
f 1193// 315// 299//
f 299// 298// 1193//
f 1193// 298// 297//
f 1193// 297// 1194//
f 1194// 297// 292//
f 1194// 292// 1195//
f 1195// 292// 291//
f 1195// 291// 1196//
f 1196// 291// 308//
f 1196// 308// 1197//
f 1197// 308// 307//
f 1197// 307// 1198//
f 1198// 307// 306//
f 1198// 306// 1186//
f 1199// 1171// 1200//
f 1200// 1171// 1172//
f 1200// 1172// 1201//
f 1201// 1172// 1173//
f 1201// 1173// 1202//
f 1202// 1173// 1174//
f 1202// 1174// 1203//
f 1203// 1174// 1175//
f 1203// 1175// 1204//
f 1204// 1175// 1176//
f 1204// 1176// 1205//
f 1205// 1176// 1177//
f 1205// 1177// 1206//
f 1206// 1177// 1178//
f 1206// 1178// 1207//
f 1207// 1178// 1193//
f 1207// 1193// 1208//
f 1208// 1193// 1194//
f 1208// 1194// 1209//
f 1209// 1194// 1195//
f 1209// 1195// 1210//
f 1210// 1195// 1196//
f 1210// 1196// 1211//
f 1211// 1196// 1197//
f 1211// 1197// 1212//
f 1212// 1197// 1198//
f 1212// 1198// 1213//
f 1213// 1198// 1186//
f 1213// 1186// 1214//
f 1214// 1186// 1187//
f 1214// 1187// 1215//
f 1215// 1187// 1188//
f 1215// 1188// 1216//
f 1216// 1188// 1189//
f 1216// 1189// 1217//
f 1217// 1189// 1190//
f 1217// 1190// 1218//
f 1218// 1190// 1191//
f 1218// 1191// 1219//
f 1219// 1191// 1192//
f 1219// 1192// 1220//
f 1220// 1192// 1179//
f 1220// 1179// 1221//
f 1221// 1179// 1180//
f 1221// 1180// 1222//
f 1222// 1180// 1181//
f 1222// 1181// 1223//
f 1223// 1181// 1182//
f 1223// 1182// 1224//
f 1224// 1182// 1183//
f 1224// 1183// 1225//
f 1225// 1183// 1184//
f 1225// 1184// 1226//
f 1226// 1184// 1185//
f 1226// 1185// 1199//
f 1199// 1185// 1171//
f 1199// 1227// 1228//
f 1199// 1228// 1226//
f 1226// 1228// 1229//
f 1226// 1229// 1225//
f 1225// 1229// 1230//
f 1225// 1230// 1224//
f 1224// 1230// 1231//
f 1224// 1231// 1223//
f 1223// 1231// 1232//
f 1223// 1232// 1222//
f 1222// 1232// 1233//
f 1222// 1233// 1221//
f 1221// 1233// 1234//
f 1221// 1234// 1220//
f 1220// 1234// 1235//
f 1220// 1235// 1219//
f 1219// 1235// 1236//
f 1219// 1236// 1218//
f 1218// 1236// 1237//
f 1218// 1237// 1217//
f 1217// 1237// 1238//
f 1217// 1238// 1216//
f 1216// 1238// 1239//
f 1216// 1239// 1215//
f 1215// 1239// 1240//
f 1215// 1240// 1214//
f 1214// 1240// 1241//
f 1214// 1241// 1213//
f 1213// 1241// 1242//
f 1213// 1242// 1212//
f 1212// 1242// 1243//
f 1212// 1243// 1211//
f 1211// 1243// 1244//
f 1211// 1244// 1210//
f 1210// 1244// 1245//
f 1210// 1245// 1209//
f 1209// 1245// 1246//
f 1209// 1246// 1208//
f 1208// 1246// 1247//
f 1208// 1247// 1207//
f 1207// 1247// 1248//
f 1207// 1248// 1206//
f 1206// 1248// 1249//
f 1206// 1249// 1205//
f 1205// 1249// 1250//
f 1205// 1250// 1204//
f 1204// 1250// 1251//
f 1204// 1251// 1203//
f 1203// 1251// 1252//
f 1203// 1252// 1202//
f 1202// 1252// 1253//
f 1202// 1253// 1201//
f 1201// 1253// 1254//
f 1201// 1254// 1200//
f 1200// 1254// 1227//
f 1200// 1227// 1199//
usemtl 1
f 1227// 1241// 1228//
f 1228// 1241// 1240//
f 1245// 1244// 1227//
f 1245// 1227// 1246//
f 1244// 1243// 1227//
f 1227// 1243// 1242//
f 1227// 1242// 1241//
f 1232// 1228// 1233//
f 1233// 1228// 1234//
f 1253// 1252// 1249//
f 1249// 1252// 1251//
f 1249// 1251// 1250//
f 1253// 1249// 1254//
f 1254// 1249// 1248//
f 1254// 1248// 1227//
f 1227// 1248// 1247//
f 1227// 1247// 1246//
f 1232// 1231// 1228//
f 1228// 1231// 1230//
f 1228// 1230// 1229//
f 1240// 1239// 1228//
f 1228// 1239// 1238//
f 1228// 1238// 1237//
f 1237// 1236// 1228//
f 1228// 1236// 1235//
f 1228// 1235// 1234//
usemtl 3
f 1255// 1256// 411//
f 411// 1256// 414//
f 1256// 1257// 414//
f 414// 1257// 413//
f 1257// 1258// 413//
f 413// 1258// 412//
f 1258// 1255// 412//
f 412// 1255// 411//
f 1258// 1257// 1255//
f 1255// 1257// 1256//
f 1259// 1260// 318//
f 318// 1260// 319//
f 319// 1260// 1261//
f 1262// 361// 359//
f 1262// 359// 1263//
f 1263// 359// 321//
f 1263// 321// 1261//
f 1261// 321// 320//
f 1261// 320// 319//
f 1264// 354// 353//
f 1264// 353// 1265//
f 1265// 353// 334//
f 1265// 334// 1266//
f 1266// 334// 333//
f 1266// 333// 1267//
f 1267// 333// 332//
f 1267// 332// 1268//
f 1268// 332// 330//
f 1268// 330// 1269//
f 1269// 330// 329//
f 1269// 329// 1270//
f 1270// 329// 1262//
f 1262// 329// 362//
f 1262// 362// 361//
f 1271// 358// 357//
f 1271// 357// 1272//
f 1272// 357// 356//
f 1272// 356// 1273//
f 1273// 356// 338//
f 1273// 338// 1274//
f 1274// 338// 336//
f 1274// 336// 1275//
f 1275// 336// 335//
f 1275// 335// 1276//
f 1276// 335// 355//
f 1276// 355// 1277//
f 1277// 355// 354//
f 1277// 354// 1264//
f 1278// 323// 322//
f 1278// 322// 1279//
f 1279// 322// 358//
f 1279// 358// 1271//
f 1278// 1280// 323//
f 323// 1280// 324//
f 1281// 327// 325//
f 1281// 325// 1282//
f 1282// 325// 324//
f 1282// 324// 1280//
f 1283// 342// 352//
f 1283// 352// 1284//
f 1284// 352// 351//
f 1284// 351// 1285//
f 1285// 351// 341//
f 1285// 341// 1286//
f 1286// 341// 340//
f 1286// 340// 1287//
f 1287// 340// 339//
f 1287// 339// 1288//
f 1288// 339// 328//
f 1288// 328// 1289//
f 1289// 328// 327//
f 1289// 327// 1281//
f 1290// 346// 345//
f 1290// 345// 1291//
f 1291// 345// 347//
f 1291// 347// 1292//
f 1292// 347// 348//
f 1292// 348// 1293//
f 1293// 348// 349//
f 1293// 349// 1294//
f 1294// 349// 344//
f 1294// 344// 1295//
f 1295// 344// 343//
f 1295// 343// 1296//
f 1296// 343// 342//
f 1296// 342// 1283//
f 1259// 318// 326//
f 1259// 326// 1297//
f 1297// 326// 350//
f 1297// 350// 1298//
f 1298// 350// 346//
f 1298// 346// 1290//
f 1291// 1262// 1290//
f 1290// 1262// 1263//
f 1290// 1263// 1298//
f 1298// 1263// 1261//
f 1298// 1261// 1297//
f 1297// 1261// 1260//
f 1297// 1260// 1259//
f 1280// 1278// 1282//
f 1282// 1278// 1279//
f 1282// 1279// 1281//
f 1281// 1279// 1271//
f 1281// 1271// 1289//
f 1289// 1271// 1272//
f 1289// 1272// 1288//
f 1288// 1272// 1273//
f 1288// 1273// 1287//
f 1287// 1273// 1274//
f 1287// 1274// 1286//
f 1286// 1274// 1275//
f 1286// 1275// 1285//
f 1285// 1275// 1276//
f 1285// 1276// 1284//
f 1284// 1276// 1277//
f 1284// 1277// 1283//
f 1283// 1277// 1264//
f 1283// 1264// 1296//
f 1296// 1264// 1265//
f 1296// 1265// 1295//
f 1295// 1265// 1266//
f 1295// 1266// 1294//
f 1294// 1266// 1267//
f 1294// 1267// 1293//
f 1293// 1267// 1268//
f 1293// 1268// 1292//
f 1292// 1268// 1269//
f 1292// 1269// 1291//
f 1291// 1269// 1270//
f 1291// 1270// 1262//
f 1299// 402// 396//
f 1299// 396// 1300//
f 1300// 396// 395//
f 1300// 395// 1301//
f 1301// 395// 401//
f 1301// 401// 1302//
f 1302// 401// 384//
f 1302// 384// 1303//
f 1304// 407// 406//
f 1304// 406// 1305//
f 1305// 406// 405//
f 1305// 405// 1306//
f 1306// 405// 410//
f 1306// 410// 1307//
f 1307// 410// 409//
f 1307// 409// 1308//
f 1308// 409// 404//
f 1308// 404// 1309//
f 1309// 404// 403//
f 1309// 403// 1310//
f 1310// 403// 402//
f 1310// 402// 1299//
f 1311// 373// 385//
f 1311// 385// 1312//
f 1312// 385// 397//
f 1312// 397// 1313//
f 1313// 397// 408//
f 1313// 408// 1314//
f 1314// 408// 407//
f 1314// 407// 1304//
f 1311// 1315// 373//
f 373// 1315// 372//
f 1316// 388// 387//
f 1316// 387// 1317//
f 1317// 387// 386//
f 1317// 386// 1318//
f 1318// 386// 371//
f 1318// 371// 1319//
f 1319// 371// 372//
f 1319// 372// 1315//
f 1320// 390// 389//
f 1320// 389// 1321//
f 1321// 389// 379//
f 1321// 379// 1322//
f 1322// 379// 378//
f 1322// 378// 1323//
f 1323// 378// 377//
f 1323// 377// 1324//
f 1324// 377// 366//
f 1324// 366// 1325//
f 1325// 366// 365//
f 1325// 365// 1326//
f 1326// 365// 388//
f 1326// 388// 1316//
f 1327// 392// 382//
f 1327// 382// 1328//
f 1328// 382// 381//
f 1328// 381// 1329//
f 1329// 381// 380//
f 1329// 380// 1330//
f 1330// 380// 391//
f 1330// 391// 1331//
f 1331// 391// 390//
f 1331// 390// 1320//
f 1332// 400// 399//
f 1332// 399// 1333//
f 1333// 399// 398//
f 1333// 398// 1334//
f 1334// 398// 394//
f 1334// 394// 1335//
f 1335// 394// 393//
f 1335// 393// 1336//
f 1336// 393// 392//
f 1336// 392// 1327//
f 1332// 1337// 400//
f 400// 1337// 364//
f 1337// 1338// 364//
f 364// 1338// 367//
f 1338// 1339// 367//
f 367// 1339// 368//
f 1339// 1340// 368//
f 368// 1340// 369//
f 1303// 384// 383//
f 1303// 383// 1341//
f 1341// 383// 376//
f 1341// 376// 1342//
f 1342// 376// 375//
f 1342// 375// 1343//
f 1343// 375// 374//
f 1343// 374// 1344//
f 1344// 374// 370//
f 1344// 370// 1345//
f 1345// 370// 369//
f 1345// 369// 1340//
f 1338// 1337// 1339//
f 1339// 1337// 1332//
f 1304// 1317// 1314//
f 1314// 1317// 1318//
f 1314// 1318// 1313//
f 1313// 1318// 1319//
f 1313// 1319// 1312//
f 1312// 1319// 1315//
f 1312// 1315// 1311//
f 1302// 1303// 1327//
f 1327// 1303// 1341//
f 1327// 1341// 1336//
f 1336// 1341// 1342//
f 1336// 1342// 1335//
f 1335// 1342// 1343//
f 1335// 1343// 1334//
f 1334// 1343// 1344//
f 1334// 1344// 1333//
f 1333// 1344// 1345//
f 1333// 1345// 1332//
f 1332// 1345// 1340//
f 1332// 1340// 1339//
f 1327// 1328// 1302//
f 1302// 1328// 1329//
f 1302// 1329// 1301//
f 1301// 1329// 1330//
f 1301// 1330// 1300//
f 1300// 1330// 1331//
f 1300// 1331// 1299//
f 1299// 1331// 1320//
f 1299// 1320// 1310//
f 1310// 1320// 1321//
f 1310// 1321// 1309//
f 1309// 1321// 1322//
f 1309// 1322// 1308//
f 1308// 1322// 1323//
f 1308// 1323// 1307//
f 1307// 1323// 1324//
f 1307// 1324// 1306//
f 1306// 1324// 1325//
f 1306// 1325// 1305//
f 1305// 1325// 1326//
f 1305// 1326// 1304//
f 1304// 1326// 1316//
f 1304// 1316// 1317//
f 211// 1346// 212//
f 212// 1346// 1347//
f 212// 1347// 190//
f 190// 1347// 1348//
f 190// 1348// 191//
f 191// 1348// 1349//
f 191// 1349// 193//
f 193// 1349// 1350//
f 193// 1350// 194//
f 194// 1350// 1351//
f 194// 1351// 204//
f 204// 1351// 1352//
f 204// 1352// 205//
f 205// 1352// 1353//
f 205// 1353// 206//
f 1354// 184// 183//
f 1354// 183// 1355//
f 1355// 183// 196//
f 1355// 196// 1356//
f 1356// 196// 195//
f 1356// 195// 1357//
f 1357// 195// 182//
f 1357// 182// 1358//
f 1358// 182// 180//
f 1358// 180// 1359//
f 1359// 180// 179//
f 1359// 179// 1360//
f 1360// 179// 206//
f 1360// 206// 1353//
f 1361// 207// 203//
f 1361// 203// 1362//
f 1362// 203// 202//
f 1362// 202// 1363//
f 1363// 202// 201//
f 1363// 201// 1364//
f 1364// 201// 188//
f 1364// 188// 1365//
f 1365// 188// 186//
f 1365// 186// 1366//
f 1366// 186// 185//
f 1366// 185// 1367//
f 1367// 185// 184//
f 1367// 184// 1354//
f 1346// 211// 1368//
f 1368// 211// 210//
f 210// 209// 1368//
f 1368// 209// 200//
f 1368// 200// 1369//
f 1369// 200// 199//
f 1369// 199// 1370//
f 1370// 199// 198//
f 1370// 198// 1371//
f 1371// 198// 197//
f 1371// 197// 1372//
f 1372// 197// 208//
f 1372// 208// 1373//
f 1373// 208// 207//
f 1373// 207// 1361//
f 1374// 1363// 1375//
f 1375// 1363// 1364//
f 1375// 1364// 1376//
f 1376// 1364// 1365//
f 1376// 1365// 1377//
f 1377// 1365// 1366//
f 1377// 1366// 1378//
f 1378// 1366// 1367//
f 1378// 1367// 1379//
f 1379// 1367// 1380//
f 1380// 1367// 1354//
f 1380// 1354// 1381//
f 1381// 1354// 1355//
f 1381// 1355// 1382//
f 1382// 1355// 1356//
f 1382// 1356// 1383//
f 1383// 1356// 1357//
f 1383// 1357// 1384//
f 1384// 1357// 1358//
f 1384// 1358// 1385//
f 1385// 1358// 1359//
f 1385// 1359// 1386//
f 1386// 1359// 1360//
f 1386// 1360// 1387//
f 1387// 1360// 1353//
f 1387// 1353// 1388//
f 1388// 1353// 1352//
f 1388// 1352// 1389//
f 1389// 1352// 1351//
f 1389// 1351// 1390//
f 1390// 1351// 1350//
f 1390// 1350// 1391//
f 1391// 1350// 1349//
f 1391// 1349// 1392//
f 1392// 1349// 1348//
f 1392// 1348// 1393//
f 1393// 1348// 1347//
f 1393// 1347// 1394//
f 1394// 1347// 1346//
f 1394// 1346// 1395//
f 1395// 1346// 1368//
f 1395// 1368// 1396//
f 1396// 1368// 1369//
f 1396// 1369// 1397//
f 1397// 1369// 1370//
f 1397// 1370// 1398//
f 1398// 1370// 1371//
f 1398// 1371// 1399//
f 1399// 1371// 1372//
f 1399// 1372// 1400//
f 1400// 1372// 1373//
f 1400// 1373// 1401//
f 1401// 1373// 1361//
f 1401// 1361// 1374//
f 1374// 1361// 1362//
f 1374// 1362// 1363//
f 1387// 1402// 1403//
f 1387// 1403// 1386//
f 1386// 1403// 1404//
f 1386// 1404// 1385//
f 1385// 1404// 1405//
f 1385// 1405// 1384//
f 1384// 1405// 1406//
f 1384// 1406// 1383//
f 1383// 1406// 1407//
f 1383// 1407// 1382//
f 1382// 1407// 1408//
f 1382// 1408// 1381//
f 1381// 1408// 1409//
f 1381// 1409// 1380//
f 1380// 1409// 1410//
f 1380// 1410// 1379//
f 1379// 1410// 1411//
f 1379// 1411// 1378//
f 1378// 1411// 1412//
f 1378// 1412// 1377//
f 1377// 1412// 1413//
f 1377// 1413// 1376//
f 1376// 1413// 1414//
f 1376// 1414// 1375//
f 1375// 1414// 1415//
f 1375// 1415// 1374//
f 1374// 1415// 1416//
f 1374// 1416// 1401//
f 1401// 1416// 1417//
f 1401// 1417// 1400//
f 1400// 1417// 1418//
f 1400// 1418// 1399//
f 1399// 1418// 1419//
f 1399// 1419// 1398//
f 1398// 1419// 1420//
f 1398// 1420// 1397//
f 1397// 1420// 1421//
f 1397// 1421// 1396//
f 1396// 1421// 1422//
f 1396// 1422// 1395//
f 1395// 1422// 1423//
f 1395// 1423// 1394//
f 1394// 1423// 1424//
f 1394// 1424// 1393//
f 1393// 1424// 1425//
f 1393// 1425// 1392//
f 1392// 1425// 1426//
f 1392// 1426// 1391//
f 1391// 1426// 1427//
f 1391// 1427// 1390//
f 1390// 1427// 1428//
f 1390// 1428// 1389//
f 1389// 1428// 1429//
f 1389// 1429// 1388//
f 1388// 1429// 1402//
f 1388// 1402// 1387//
usemtl 1
f 1404// 1403// 1416//
f 1416// 1403// 1402//
f 1416// 1402// 1417//
f 1417// 1402// 1418//
f 1411// 1410// 1416//
f 1415// 1414// 1413//
f 1424// 1429// 1428//
f 1422// 1421// 1402//
f 1415// 1413// 1416//
f 1416// 1413// 1412//
f 1416// 1412// 1411//
f 1410// 1409// 1416//
f 1416// 1409// 1408//
f 1416// 1408// 1407//
f 1407// 1406// 1416//
f 1416// 1406// 1405//
f 1416// 1405// 1404//
f 1429// 1424// 1402//
f 1402// 1424// 1423//
f 1402// 1423// 1422//
f 1421// 1420// 1402//
f 1402// 1420// 1419//
f 1402// 1419// 1418//
f 1428// 1427// 1424//
f 1424// 1427// 1426//
f 1424// 1426// 1425//
usemtl 4
f 1430// 1431// 154//
f 154// 1431// 153//
f 1431// 1432// 153//
f 153// 1432// 152//
f 1432// 1433// 152//
f 152// 1433// 172//
f 1433// 1434// 172//
f 172// 1434// 171//
f 1434// 1435// 171//
f 171// 1435// 170//
f 1435// 1436// 170//
f 170// 1436// 149//
f 1436// 1437// 149//
f 149// 1437// 156//
f 1437// 1430// 156//
f 156// 1430// 154//
f 1438// 1434// 1439//
f 1439// 1434// 1433//
f 1440// 1437// 1438//
f 1438// 1437// 1436//
f 1438// 1436// 1434//
f 1434// 1436// 1435//
f 1440// 1441// 1437//
f 1437// 1441// 1442//
f 1437// 1442// 1430//
f 1430// 1442// 1443//
f 1430// 1443// 1444//
f 1444// 1445// 1430//
f 1430// 1445// 1439//
f 1430// 1439// 1431//
f 1431// 1439// 1433//
f 1431// 1433// 1432//
f 1438// 1439// 1446//
f 1446// 1439// 1447//
f 1440// 1438// 1448//
f 1448// 1438// 1446//
f 1440// 1448// 1449//
f 1440// 1449// 1441//
f 1441// 1449// 1450//
f 1441// 1450// 1442//
f 1443// 1442// 1451//
f 1451// 1442// 1450//
f 1443// 1451// 1452//
f 1443// 1452// 1444//
f 1444// 1452// 1453//
f 1444// 1453// 1445//
f 1439// 1445// 1447//
f 1447// 1445// 1453//
f 1454// 1455// 160//
f 160// 1455// 161//
f 1455// 1456// 161//
f 161// 1456// 162//
f 1456// 1457// 162//
f 162// 1457// 163//
f 1458// 174// 173//
f 1458// 173// 1459//
f 1459// 173// 166//
f 1459// 166// 1460//
f 1460// 166// 165//
f 1460// 165// 1461//
f 1461// 165// 164//
f 1461// 164// 1462//
f 1462// 164// 169//
f 1462// 169// 1463//
f 1463// 169// 168//
f 1463// 168// 1464//
f 1464// 168// 167//
f 1464// 167// 1465//
f 1465// 167// 163//
f 1465// 163// 1457//
f 1454// 160// 159//
f 1454// 159// 1466//
f 1466// 159// 158//
f 1466// 158// 1467//
f 1467// 158// 157//
f 1467// 157// 1468//
f 1468// 157// 151//
f 1468// 151// 1469//
f 1469// 151// 150//
f 1469// 150// 1470//
f 1470// 150// 175//
f 1470// 175// 1471//
f 1471// 175// 174//
f 1471// 174// 1458//
f 1460// 1461// 1472//
f 1472// 1461// 1462//
f 1472// 1462// 1473//
f 1473// 1462// 1463//
f 1473// 1463// 1474//
f 1474// 1463// 1464//
f 1474// 1464// 1475//
f 1475// 1464// 1465//
f 1475// 1465// 1476//
f 1476// 1465// 1457//
f 1476// 1457// 1477//
f 1477// 1457// 1456//
f 1477// 1456// 1478//
f 1478// 1456// 1455//
f 1478// 1455// 1479//
f 1479// 1455// 1454//
f 1479// 1454// 1480//
f 1480// 1454// 1466//
f 1480// 1466// 1481//
f 1481// 1466// 1467//
f 1481// 1467// 1482//
f 1482// 1467// 1468//
f 1482// 1468// 1483//
f 1483// 1468// 1469//
f 1483// 1469// 1484//
f 1484// 1469// 1470//
f 1484// 1470// 1485//
f 1485// 1470// 1471//
f 1485// 1471// 1486//
f 1486// 1471// 1458//
f 1486// 1458// 1487//
f 1487// 1458// 1459//
f 1487// 1459// 1488//
f 1488// 1459// 1460//
f 1488// 1460// 1472//
f 1476// 1477// 1489//
f 1489// 1477// 1490//
f 1476// 1489// 1491//
f 1476// 1491// 1475//
f 1475// 1491// 1492//
f 1475// 1492// 1474//
f 1474// 1492// 1493//
f 1474// 1493// 1473//
f 1473// 1493// 1494//
f 1473// 1494// 1472//
f 1472// 1494// 1495//
f 1472// 1495// 1488//
f 1488// 1495// 1496//
f 1488// 1496// 1487//
f 1487// 1496// 1497//
f 1487// 1497// 1486//
f 1486// 1497// 1498//
f 1486// 1498// 1485//
f 1485// 1498// 1499//
f 1485// 1499// 1484//
f 1484// 1499// 1500//
f 1484// 1500// 1483//
f 1483// 1500// 1501//
f 1483// 1501// 1482//
f 1482// 1501// 1502//
f 1482// 1502// 1481//
f 1481// 1502// 1503//
f 1481// 1503// 1480//
f 1480// 1503// 1504//
f 1480// 1504// 1479//
f 1478// 1479// 1505//
f 1505// 1479// 1504//
f 1477// 1478// 1490//
f 1490// 1478// 1505//
f 1506// 1507// 82//
f 82// 1507// 84//
f 1507// 1508// 84//
f 84// 1508// 85//
f 1508// 1509// 85//
f 85// 1509// 91//
f 1509// 1510// 91//
f 91// 1510// 100//
f 1510// 1511// 100//
f 100// 1511// 86//
f 1511// 1512// 86//
f 86// 1512// 87//
f 1512// 1513// 87//
f 87// 1513// 88//
f 1513// 1514// 88//
f 88// 1514// 95//
f 1514// 1515// 95//
f 95// 1515// 94//
f 1515// 1516// 94//
f 94// 1516// 92//
f 1516// 1517// 92//
f 92// 1517// 93//
f 1517// 1506// 93//
f 93// 1506// 82//
f 1508// 1507// 1506//
f 1506// 1517// 1508//
f 1508// 1517// 1516//
f 1508// 1516// 1509//
f 1511// 1510// 1512//
f 1512// 1510// 1509//
f 1512// 1509// 1513//
f 1513// 1509// 1516//
f 1513// 1516// 1514//
f 1514// 1516// 1515//
f 1518// 1519// 90//
f 90// 1519// 89//
f 89// 1519// 1520//
f 1521// 141// 143//
f 1521// 143// 1522//
f 1522// 143// 145//
f 1522// 145// 1520//
f 1520// 145// 148//
f 1520// 148// 89//
f 1523// 131// 130//
f 1523// 130// 1524//
f 1524// 130// 128//
f 1524// 128// 1525//
f 1525// 128// 126//
f 1525// 126// 1526//
f 1526// 126// 125//
f 1526// 125// 1527//
f 1527// 125// 96//
f 1527// 96// 1528//
f 1528// 96// 98//
f 1528// 98// 1529//
f 1529// 98// 1521//
f 1521// 98// 99//
f 1521// 99// 141//
f 1530// 135// 134//
f 1530// 134// 1531//
f 1531// 134// 133//
f 1531// 133// 1532//
f 1532// 133// 120//
f 1532// 120// 1533//
f 1533// 120// 102//
f 1533// 102// 1534//
f 1534// 102// 101//
f 1534// 101// 1535//
f 1535// 101// 132//
f 1535// 132// 1536//
f 1536// 132// 131//
f 1536// 131// 1523//
f 1537// 137// 136//
f 1537// 136// 1538//
f 1538// 136// 135//
f 1538// 135// 1530//
f 1537// 1539// 137//
f 137// 1539// 138//
f 1540// 140// 139//
f 1540// 139// 1541//
f 1541// 139// 138//
f 1541// 138// 1539//
f 1542// 109// 119//
f 1542// 119// 1543//
f 1543// 119// 118//
f 1543// 118// 1544//
f 1544// 118// 108//
f 1544// 108// 1545//
f 1545// 108// 107//
f 1545// 107// 1546//
f 1546// 107// 105//
f 1546// 105// 1547//
f 1547// 105// 104//
f 1547// 104// 1548//
f 1548// 104// 140//
f 1548// 140// 1540//
f 1549// 113// 112//
f 1549// 112// 1550//
f 1550// 112// 114//
f 1550// 114// 1551//
f 1551// 114// 115//
f 1551// 115// 1552//
f 1552// 115// 116//
f 1552// 116// 1553//
f 1553// 116// 111//
f 1553// 111// 1554//
f 1554// 111// 110//
f 1554// 110// 1555//
f 1555// 110// 109//
f 1555// 109// 1542//
f 1518// 90// 106//
f 1518// 106// 1556//
f 1556// 106// 117//
f 1556// 117// 1557//
f 1557// 117// 113//
f 1557// 113// 1549//
f 1550// 1521// 1549//
f 1549// 1521// 1522//
f 1549// 1522// 1557//
f 1557// 1522// 1520//
f 1557// 1520// 1556//
f 1556// 1520// 1519//
f 1556// 1519// 1518//
f 1539// 1537// 1541//
f 1541// 1537// 1538//
f 1541// 1538// 1540//
f 1540// 1538// 1530//
f 1540// 1530// 1548//
f 1548// 1530// 1531//
f 1548// 1531// 1547//
f 1547// 1531// 1532//
f 1547// 1532// 1546//
f 1546// 1532// 1533//
f 1546// 1533// 1545//
f 1545// 1533// 1534//
f 1545// 1534// 1544//
f 1544// 1534// 1535//
f 1544// 1535// 1543//
f 1543// 1535// 1536//
f 1543// 1536// 1542//
f 1542// 1536// 1523//
f 1542// 1523// 1555//
f 1555// 1523// 1524//
f 1555// 1524// 1554//
f 1554// 1524// 1525//
f 1554// 1525// 1553//
f 1553// 1525// 1526//
f 1553// 1526// 1552//
f 1552// 1526// 1527//
f 1552// 1527// 1551//
f 1551// 1527// 1528//
f 1551// 1528// 1550//
f 1550// 1528// 1529//
f 1550// 1529// 1521//
f 1558// 1559// 127//
f 127// 1559// 97//
f 1559// 1560// 97//
f 97// 1560// 123//
f 1560// 1561// 123//
f 123// 1561// 121//
f 1561// 1562// 121//
f 121// 1562// 103//
f 1562// 1563// 103//
f 103// 1563// 129//
f 1563// 1558// 129//
f 129// 1558// 127//
f 1562// 1561// 1563//
f 1563// 1561// 1560//
f 1563// 1560// 1558//
f 1558// 1560// 1559//
usemtl 1
f 1446// 1447// 1448//
f 1448// 1447// 1453//
f 1448// 1453// 1449//
f 1449// 1453// 1452//
f 1449// 1452// 1450//
f 1450// 1452// 1451//
f 1490// 1505// 1489//
f 1489// 1505// 1504//
f 1489// 1504// 1503//
f 1497// 1496// 1489//
f 1489// 1496// 1495//
f 1489// 1495// 1491//
f 1503// 1502// 1489//
f 1489// 1502// 1501//
f 1489// 1501// 1500//
f 1500// 1499// 1489//
f 1489// 1499// 1498//
f 1489// 1498// 1497//
f 1494// 1493// 1495//
f 1495// 1493// 1492//
f 1495// 1492// 1491//
usemtl 5
f 1564// 1565// 1566//
f 1566// 1565// 1567//
f 1568// 77// 1569//
f 1569// 77// 79//
f 1569// 79// 1570//
f 1570// 79// 76//
f 1570// 76// 1571//
f 1571// 76// 74//
f 74// 77// 1571//
f 1571// 77// 1568//
f 1572// 1573// 1574//
f 1574// 1573// 1575//
f 1574// 1575// 1576//
f 1576// 1575// 1577//
f 1576// 1577// 1578//
f 1578// 1577// 1579//
f 1578// 1579// 1580//
f 1580// 1579// 1581//
f 1580// 1581// 1569//
f 1569// 1581// 1568//
f 1569// 1570// 1580//
f 1580// 1570// 1582//
f 1580// 1582// 1578//
f 1578// 1582// 1583//
f 1578// 1583// 1576//
f 1576// 1583// 1584//
f 1576// 1584// 1574//
f 1574// 1584// 1585//
f 1574// 1585// 1572//
f 1572// 1585// 1586//
f 1570// 1571// 1582//
f 1582// 1571// 1587//
f 1582// 1587// 1583//
f 1583// 1587// 1588//
f 1583// 1588// 1584//
f 1584// 1588// 1589//
f 1584// 1589// 1585//
f 1585// 1589// 1590//
f 1585// 1590// 1586//
f 1586// 1590// 1591//
f 1573// 1591// 1590//
f 1573// 1590// 1575//
f 1575// 1590// 1589//
f 1575// 1589// 1577//
f 1577// 1589// 1588//
f 1577// 1588// 1579//
f 1579// 1588// 1587//
f 1579// 1587// 1581//
f 1581// 1587// 1571//
f 1581// 1571// 1568//
f 1592// 1573// 1593//
f 1593// 1573// 1572//
f 1593// 1572// 1594//
f 1594// 1572// 1586//
f 1594// 1586// 1595//
f 1595// 1586// 1591//
f 1591// 1573// 1595//
f 1595// 1573// 1592//
f 1592// 1593// 1596//
f 1596// 1593// 1597//
f 1596// 1597// 1598//
f 1598// 1597// 1599//
f 1598// 1599// 1600//
f 1600// 1599// 1601//
f 1600// 1601// 1602//
f 1602// 1601// 1603//
f 1602// 1603// 1604//
f 1604// 1603// 1605//
f 1606// 1605// 1603//
f 1606// 1603// 1607//
f 1607// 1603// 1601//
f 1607// 1601// 1608//
f 1608// 1601// 1599//
f 1608// 1599// 1609//
f 1609// 1599// 1597//
f 1609// 1597// 1610//
f 1610// 1597// 1593//
f 1610// 1593// 1594//
f 1611// 1606// 1612//
f 1612// 1606// 1607//
f 1612// 1607// 1613//
f 1613// 1607// 1608//
f 1613// 1608// 1614//
f 1614// 1608// 1609//
f 1614// 1609// 1615//
f 1615// 1609// 1610//
f 1615// 1610// 1595//
f 1595// 1610// 1594//
f 1595// 1592// 1615//
f 1615// 1592// 1596//
f 1615// 1596// 1614//
f 1614// 1596// 1598//
f 1614// 1598// 1613//
f 1613// 1598// 1600//
f 1613// 1600// 1612//
f 1612// 1600// 1602//
f 1612// 1602// 1611//
f 1611// 1602// 1604//
f 1567// 1604// 1566//
f 1566// 1604// 1605//
f 1566// 1605// 1564//
f 1564// 1605// 1606//
f 1564// 1606// 1565//
f 1565// 1606// 1611//
f 1611// 1604// 1565//
f 1565// 1604// 1567//
f 1616// 1617// 1618//
f 1618// 1617// 1619//
f 1620// 73// 1621//
f 1621// 73// 75//
f 1621// 75// 1622//
f 1622// 75// 72//
f 1622// 72// 1623//
f 1623// 72// 70//
f 70// 73// 1623//
f 1623// 73// 1620//
f 1624// 1625// 1626//
f 1626// 1625// 1627//
f 1626// 1627// 1628//
f 1628// 1627// 1629//
f 1628// 1629// 1630//
f 1630// 1629// 1631//
f 1630// 1631// 1632//
f 1632// 1631// 1633//
f 1632// 1633// 1621//
f 1621// 1633// 1620//
f 1621// 1622// 1632//
f 1632// 1622// 1634//
f 1632// 1634// 1630//
f 1630// 1634// 1635//
f 1630// 1635// 1628//
f 1628// 1635// 1636//
f 1628// 1636// 1626//
f 1626// 1636// 1637//
f 1626// 1637// 1624//
f 1624// 1637// 1638//
f 1622// 1623// 1634//
f 1634// 1623// 1639//
f 1634// 1639// 1635//
f 1635// 1639// 1640//
f 1635// 1640// 1636//
f 1636// 1640// 1641//
f 1636// 1641// 1637//
f 1637// 1641// 1642//
f 1637// 1642// 1638//
f 1638// 1642// 1643//
f 1625// 1643// 1642//
f 1625// 1642// 1627//
f 1627// 1642// 1641//
f 1627// 1641// 1629//
f 1629// 1641// 1640//
f 1629// 1640// 1631//
f 1631// 1640// 1639//
f 1631// 1639// 1633//
f 1633// 1639// 1623//
f 1633// 1623// 1620//
f 1644// 1625// 1645//
f 1645// 1625// 1624//
f 1645// 1624// 1646//
f 1646// 1624// 1638//
f 1646// 1638// 1647//
f 1647// 1638// 1643//
f 1643// 1625// 1647//
f 1647// 1625// 1644//
f 1644// 1645// 1648//
f 1648// 1645// 1649//
f 1648// 1649// 1650//
f 1650// 1649// 1651//
f 1650// 1651// 1652//
f 1652// 1651// 1653//
f 1652// 1653// 1654//
f 1654// 1653// 1655//
f 1654// 1655// 1656//
f 1656// 1655// 1657//
f 1658// 1657// 1655//
f 1658// 1655// 1659//
f 1659// 1655// 1653//
f 1659// 1653// 1660//
f 1660// 1653// 1651//
f 1660// 1651// 1661//
f 1661// 1651// 1649//
f 1661// 1649// 1662//
f 1662// 1649// 1645//
f 1662// 1645// 1646//
f 1663// 1658// 1664//
f 1664// 1658// 1659//
f 1664// 1659// 1665//
f 1665// 1659// 1660//
f 1665// 1660// 1666//
f 1666// 1660// 1661//
f 1666// 1661// 1667//
f 1667// 1661// 1662//
f 1667// 1662// 1647//
f 1647// 1662// 1646//
f 1647// 1644// 1667//
f 1667// 1644// 1648//
f 1667// 1648// 1666//
f 1666// 1648// 1650//
f 1666// 1650// 1665//
f 1665// 1650// 1652//
f 1665// 1652// 1664//
f 1664// 1652// 1654//
f 1664// 1654// 1663//
f 1663// 1654// 1656//
f 1619// 1656// 1618//
f 1618// 1656// 1657//
f 1618// 1657// 1616//
f 1616// 1657// 1658//
f 1616// 1658// 1617//
f 1617// 1658// 1663//
f 1663// 1656// 1617//
f 1617// 1656// 1619//
f 1668// 1669// 1670//
f 1670// 1669// 1671//
f 1672// 69// 1673//
f 1673// 69// 71//
f 1673// 71// 1674//
f 1674// 71// 68//
f 1674// 68// 1675//
f 1675// 68// 66//
f 66// 69// 1675//
f 1675// 69// 1672//
f 1676// 1677// 1678//
f 1678// 1677// 1679//
f 1678// 1679// 1680//
f 1680// 1679// 1681//
f 1680// 1681// 1682//
f 1682// 1681// 1683//
f 1682// 1683// 1684//
f 1684// 1683// 1685//
f 1684// 1685// 1673//
f 1673// 1685// 1672//
f 1673// 1674// 1684//
f 1684// 1674// 1686//
f 1684// 1686// 1682//
f 1682// 1686// 1687//
f 1682// 1687// 1680//
f 1680// 1687// 1688//
f 1680// 1688// 1678//
f 1678// 1688// 1689//
f 1678// 1689// 1676//
f 1676// 1689// 1690//
f 1674// 1675// 1686//
f 1686// 1675// 1691//
f 1686// 1691// 1687//
f 1687// 1691// 1692//
f 1687// 1692// 1688//
f 1688// 1692// 1693//
f 1688// 1693// 1689//
f 1689// 1693// 1694//
f 1689// 1694// 1690//
f 1690// 1694// 1695//
f 1677// 1695// 1694//
f 1677// 1694// 1679//
f 1679// 1694// 1693//
f 1679// 1693// 1681//
f 1681// 1693// 1692//
f 1681// 1692// 1683//
f 1683// 1692// 1691//
f 1683// 1691// 1685//
f 1685// 1691// 1675//
f 1685// 1675// 1672//
f 1696// 1677// 1697//
f 1697// 1677// 1676//
f 1697// 1676// 1698//
f 1698// 1676// 1690//
f 1698// 1690// 1699//
f 1699// 1690// 1695//
f 1695// 1677// 1699//
f 1699// 1677// 1696//
f 1696// 1697// 1700//
f 1700// 1697// 1701//
f 1700// 1701// 1702//
f 1702// 1701// 1703//
f 1702// 1703// 1704//
f 1704// 1703// 1705//
f 1704// 1705// 1706//
f 1706// 1705// 1707//
f 1706// 1707// 1708//
f 1708// 1707// 1709//
f 1710// 1709// 1707//
f 1710// 1707// 1711//
f 1711// 1707// 1705//
f 1711// 1705// 1712//
f 1712// 1705// 1703//
f 1712// 1703// 1713//
f 1713// 1703// 1701//
f 1713// 1701// 1714//
f 1714// 1701// 1697//
f 1714// 1697// 1698//
f 1715// 1710// 1716//
f 1716// 1710// 1711//
f 1716// 1711// 1717//
f 1717// 1711// 1712//
f 1717// 1712// 1718//
f 1718// 1712// 1713//
f 1718// 1713// 1719//
f 1719// 1713// 1714//
f 1719// 1714// 1699//
f 1699// 1714// 1698//
f 1699// 1696// 1719//
f 1719// 1696// 1700//
f 1719// 1700// 1718//
f 1718// 1700// 1702//
f 1718// 1702// 1717//
f 1717// 1702// 1704//
f 1717// 1704// 1716//
f 1716// 1704// 1706//
f 1716// 1706// 1715//
f 1715// 1706// 1708//
f 1671// 1708// 1670//
f 1670// 1708// 1709//
f 1670// 1709// 1668//
f 1668// 1709// 1710//
f 1668// 1710// 1669//
f 1669// 1710// 1715//
f 1715// 1708// 1669//
f 1669// 1708// 1671//
f 1720// 1721// 1722//
f 1722// 1721// 1723//
f 1724// 65// 1725//
f 1725// 65// 67//
f 1725// 67// 1726//
f 1726// 67// 64//
f 1726// 64// 1727//
f 1727// 64// 62//
f 62// 65// 1727//
f 1727// 65// 1724//
f 1728// 1729// 1730//
f 1730// 1729// 1731//
f 1730// 1731// 1732//
f 1732// 1731// 1733//
f 1732// 1733// 1734//
f 1734// 1733// 1735//
f 1734// 1735// 1736//
f 1736// 1735// 1737//
f 1736// 1737// 1725//
f 1725// 1737// 1724//
f 1725// 1726// 1736//
f 1736// 1726// 1738//
f 1736// 1738// 1734//
f 1734// 1738// 1739//
f 1734// 1739// 1732//
f 1732// 1739// 1740//
f 1732// 1740// 1730//
f 1730// 1740// 1741//
f 1730// 1741// 1728//
f 1728// 1741// 1742//
f 1726// 1727// 1738//
f 1738// 1727// 1743//
f 1738// 1743// 1739//
f 1739// 1743// 1744//
f 1739// 1744// 1740//
f 1740// 1744// 1745//
f 1740// 1745// 1741//
f 1741// 1745// 1746//
f 1741// 1746// 1742//
f 1742// 1746// 1747//
f 1729// 1747// 1746//
f 1729// 1746// 1731//
f 1731// 1746// 1745//
f 1731// 1745// 1733//
f 1733// 1745// 1744//
f 1733// 1744// 1735//
f 1735// 1744// 1743//
f 1735// 1743// 1737//
f 1737// 1743// 1727//
f 1737// 1727// 1724//
f 1748// 1729// 1749//
f 1749// 1729// 1728//
f 1749// 1728// 1750//
f 1750// 1728// 1742//
f 1750// 1742// 1751//
f 1751// 1742// 1747//
f 1747// 1729// 1751//
f 1751// 1729// 1748//
f 1748// 1749// 1752//
f 1752// 1749// 1753//
f 1752// 1753// 1754//
f 1754// 1753// 1755//
f 1754// 1755// 1756//
f 1756// 1755// 1757//
f 1756// 1757// 1758//
f 1758// 1757// 1759//
f 1758// 1759// 1760//
f 1760// 1759// 1761//
f 1762// 1761// 1759//
f 1762// 1759// 1763//
f 1763// 1759// 1757//
f 1763// 1757// 1764//
f 1764// 1757// 1755//
f 1764// 1755// 1765//
f 1765// 1755// 1753//
f 1765// 1753// 1766//
f 1766// 1753// 1749//
f 1766// 1749// 1750//
f 1767// 1762// 1768//
f 1768// 1762// 1763//
f 1768// 1763// 1769//
f 1769// 1763// 1764//
f 1769// 1764// 1770//
f 1770// 1764// 1765//
f 1770// 1765// 1771//
f 1771// 1765// 1766//
f 1771// 1766// 1751//
f 1751// 1766// 1750//
f 1751// 1748// 1771//
f 1771// 1748// 1752//
f 1771// 1752// 1770//
f 1770// 1752// 1754//
f 1770// 1754// 1769//
f 1769// 1754// 1756//
f 1769// 1756// 1768//
f 1768// 1756// 1758//
f 1768// 1758// 1767//
f 1767// 1758// 1760//
f 1723// 1760// 1722//
f 1722// 1760// 1761//
f 1722// 1761// 1720//
f 1720// 1761// 1762//
f 1720// 1762// 1721//
f 1721// 1762// 1767//
f 1767// 1760// 1721//
f 1721// 1760// 1723//
f 1772// 1773// 1774//
f 1774// 1773// 1775//
f 1776// 61// 1777//
f 1777// 61// 63//
f 1777// 63// 1778//
f 1778// 63// 60//
f 1778// 60// 1779//
f 1779// 60// 58//
f 58// 61// 1779//
f 1779// 61// 1776//
f 1780// 1781// 1782//
f 1782// 1781// 1783//
f 1782// 1783// 1784//
f 1784// 1783// 1785//
f 1784// 1785// 1786//
f 1786// 1785// 1787//
f 1786// 1787// 1788//
f 1788// 1787// 1789//
f 1788// 1789// 1777//
f 1777// 1789// 1776//
f 1777// 1778// 1788//
f 1788// 1778// 1790//
f 1788// 1790// 1786//
f 1786// 1790// 1791//
f 1786// 1791// 1784//
f 1784// 1791// 1792//
f 1784// 1792// 1782//
f 1782// 1792// 1793//
f 1782// 1793// 1780//
f 1780// 1793// 1794//
f 1778// 1779// 1790//
f 1790// 1779// 1795//
f 1790// 1795// 1791//
f 1791// 1795// 1796//
f 1791// 1796// 1792//
f 1792// 1796// 1797//
f 1792// 1797// 1793//
f 1793// 1797// 1798//
f 1793// 1798// 1794//
f 1794// 1798// 1799//
f 1781// 1799// 1798//
f 1781// 1798// 1783//
f 1783// 1798// 1797//
f 1783// 1797// 1785//
f 1785// 1797// 1796//
f 1785// 1796// 1787//
f 1787// 1796// 1795//
f 1787// 1795// 1789//
f 1789// 1795// 1779//
f 1789// 1779// 1776//
f 1800// 1781// 1801//
f 1801// 1781// 1780//
f 1801// 1780// 1802//
f 1802// 1780// 1794//
f 1802// 1794// 1803//
f 1803// 1794// 1799//
f 1799// 1781// 1803//
f 1803// 1781// 1800//
f 1800// 1801// 1804//
f 1804// 1801// 1805//
f 1804// 1805// 1806//
f 1806// 1805// 1807//
f 1806// 1807// 1808//
f 1808// 1807// 1809//
f 1808// 1809// 1810//
f 1810// 1809// 1811//
f 1810// 1811// 1812//
f 1812// 1811// 1813//
f 1814// 1813// 1811//
f 1814// 1811// 1815//
f 1815// 1811// 1809//
f 1815// 1809// 1816//
f 1816// 1809// 1807//
f 1816// 1807// 1817//
f 1817// 1807// 1805//
f 1817// 1805// 1818//
f 1818// 1805// 1801//
f 1818// 1801// 1802//
f 1819// 1814// 1820//
f 1820// 1814// 1815//
f 1820// 1815// 1821//
f 1821// 1815// 1816//
f 1821// 1816// 1822//
f 1822// 1816// 1817//
f 1822// 1817// 1823//
f 1823// 1817// 1818//
f 1823// 1818// 1803//
f 1803// 1818// 1802//
f 1803// 1800// 1823//
f 1823// 1800// 1804//
f 1823// 1804// 1822//
f 1822// 1804// 1806//
f 1822// 1806// 1821//
f 1821// 1806// 1808//
f 1821// 1808// 1820//
f 1820// 1808// 1810//
f 1820// 1810// 1819//
f 1819// 1810// 1812//
f 1775// 1812// 1774//
f 1774// 1812// 1813//
f 1774// 1813// 1772//
f 1772// 1813// 1814//
f 1772// 1814// 1773//
f 1773// 1814// 1819//
f 1819// 1812// 1773//
f 1773// 1812// 1775//
f 1824// 1825// 1826//
f 1826// 1825// 1827//
f 1828// 57// 1829//
f 1829// 57// 59//
f 1829// 59// 1830//
f 1830// 59// 56//
f 1830// 56// 1831//
f 1831// 56// 54//
f 54// 57// 1831//
f 1831// 57// 1828//
f 1832// 1833// 1834//
f 1834// 1833// 1835//
f 1834// 1835// 1836//
f 1836// 1835// 1837//
f 1836// 1837// 1838//
f 1838// 1837// 1839//
f 1838// 1839// 1840//
f 1840// 1839// 1841//
f 1840// 1841// 1829//
f 1829// 1841// 1828//
f 1829// 1830// 1840//
f 1840// 1830// 1842//
f 1840// 1842// 1838//
f 1838// 1842// 1843//
f 1838// 1843// 1836//
f 1836// 1843// 1844//
f 1836// 1844// 1834//
f 1834// 1844// 1845//
f 1834// 1845// 1832//
f 1832// 1845// 1846//
f 1830// 1831// 1842//
f 1842// 1831// 1847//
f 1842// 1847// 1843//
f 1843// 1847// 1848//
f 1843// 1848// 1844//
f 1844// 1848// 1849//
f 1844// 1849// 1845//
f 1845// 1849// 1850//
f 1845// 1850// 1846//
f 1846// 1850// 1851//
f 1833// 1851// 1850//
f 1833// 1850// 1835//
f 1835// 1850// 1849//
f 1835// 1849// 1837//
f 1837// 1849// 1848//
f 1837// 1848// 1839//
f 1839// 1848// 1847//
f 1839// 1847// 1841//
f 1841// 1847// 1831//
f 1841// 1831// 1828//
f 1852// 1833// 1853//
f 1853// 1833// 1832//
f 1853// 1832// 1854//
f 1854// 1832// 1846//
f 1854// 1846// 1855//
f 1855// 1846// 1851//
f 1851// 1833// 1855//
f 1855// 1833// 1852//
f 1852// 1853// 1856//
f 1856// 1853// 1857//
f 1856// 1857// 1858//
f 1858// 1857// 1859//
f 1858// 1859// 1860//
f 1860// 1859// 1861//
f 1860// 1861// 1862//
f 1862// 1861// 1863//
f 1862// 1863// 1864//
f 1864// 1863// 1865//
f 1866// 1865// 1863//
f 1866// 1863// 1867//
f 1867// 1863// 1861//
f 1867// 1861// 1868//
f 1868// 1861// 1859//
f 1868// 1859// 1869//
f 1869// 1859// 1857//
f 1869// 1857// 1870//
f 1870// 1857// 1853//
f 1870// 1853// 1854//
f 1871// 1866// 1872//
f 1872// 1866// 1867//
f 1872// 1867// 1873//
f 1873// 1867// 1868//
f 1873// 1868// 1874//
f 1874// 1868// 1869//
f 1874// 1869// 1875//
f 1875// 1869// 1870//
f 1875// 1870// 1855//
f 1855// 1870// 1854//
f 1855// 1852// 1875//
f 1875// 1852// 1856//
f 1875// 1856// 1874//
f 1874// 1856// 1858//
f 1874// 1858// 1873//
f 1873// 1858// 1860//
f 1873// 1860// 1872//
f 1872// 1860// 1862//
f 1872// 1862// 1871//
f 1871// 1862// 1864//
f 1827// 1864// 1826//
f 1826// 1864// 1865//
f 1826// 1865// 1824//
f 1824// 1865// 1866//
f 1824// 1866// 1825//
f 1825// 1866// 1871//
f 1871// 1864// 1825//
f 1825// 1864// 1827//
f 1876// 1877// 1878//
f 1878// 1877// 1879//
f 1880// 53// 1881//
f 1881// 53// 55//
f 1881// 55// 1882//
f 1882// 55// 52//
f 1882// 52// 1883//
f 1883// 52// 50//
f 50// 53// 1883//
f 1883// 53// 1880//
f 1884// 1885// 1886//
f 1886// 1885// 1887//
f 1886// 1887// 1888//
f 1888// 1887// 1889//
f 1888// 1889// 1890//
f 1890// 1889// 1891//
f 1890// 1891// 1892//
f 1892// 1891// 1893//
f 1892// 1893// 1881//
f 1881// 1893// 1880//
f 1881// 1882// 1892//
f 1892// 1882// 1894//
f 1892// 1894// 1890//
f 1890// 1894// 1895//
f 1890// 1895// 1888//
f 1888// 1895// 1896//
f 1888// 1896// 1886//
f 1886// 1896// 1897//
f 1886// 1897// 1884//
f 1884// 1897// 1898//
f 1882// 1883// 1894//
f 1894// 1883// 1899//
f 1894// 1899// 1895//
f 1895// 1899// 1900//
f 1895// 1900// 1896//
f 1896// 1900// 1901//
f 1896// 1901// 1897//
f 1897// 1901// 1902//
f 1897// 1902// 1898//
f 1898// 1902// 1903//
f 1885// 1903// 1902//
f 1885// 1902// 1887//
f 1887// 1902// 1901//
f 1887// 1901// 1889//
f 1889// 1901// 1900//
f 1889// 1900// 1891//
f 1891// 1900// 1899//
f 1891// 1899// 1893//
f 1893// 1899// 1883//
f 1893// 1883// 1880//
f 1904// 1885// 1905//
f 1905// 1885// 1884//
f 1905// 1884// 1906//
f 1906// 1884// 1898//
f 1906// 1898// 1907//
f 1907// 1898// 1903//
f 1903// 1885// 1907//
f 1907// 1885// 1904//
f 1904// 1905// 1908//
f 1908// 1905// 1909//
f 1908// 1909// 1910//
f 1910// 1909// 1911//
f 1910// 1911// 1912//
f 1912// 1911// 1913//
f 1912// 1913// 1914//
f 1914// 1913// 1915//
f 1914// 1915// 1916//
f 1916// 1915// 1917//
f 1918// 1917// 1915//
f 1918// 1915// 1919//
f 1919// 1915// 1913//
f 1919// 1913// 1920//
f 1920// 1913// 1911//
f 1920// 1911// 1921//
f 1921// 1911// 1909//
f 1921// 1909// 1922//
f 1922// 1909// 1905//
f 1922// 1905// 1906//
f 1923// 1918// 1924//
f 1924// 1918// 1919//
f 1924// 1919// 1925//
f 1925// 1919// 1920//
f 1925// 1920// 1926//
f 1926// 1920// 1921//
f 1926// 1921// 1927//
f 1927// 1921// 1922//
f 1927// 1922// 1907//
f 1907// 1922// 1906//
f 1907// 1904// 1927//
f 1927// 1904// 1908//
f 1927// 1908// 1926//
f 1926// 1908// 1910//
f 1926// 1910// 1925//
f 1925// 1910// 1912//
f 1925// 1912// 1924//
f 1924// 1912// 1914//
f 1924// 1914// 1923//
f 1923// 1914// 1916//
f 1879// 1916// 1878//
f 1878// 1916// 1917//
f 1878// 1917// 1876//
f 1876// 1917// 1918//
f 1876// 1918// 1877//
f 1877// 1918// 1923//
f 1923// 1916// 1877//
f 1877// 1916// 1879//
f 1928// 1929// 1930//
f 1930// 1929// 1931//
f 1932// 49// 1933//
f 1933// 49// 51//
f 1933// 51// 1934//
f 1934// 51// 48//
f 1934// 48// 1935//
f 1935// 48// 46//
f 46// 49// 1935//
f 1935// 49// 1932//
f 1936// 1937// 1938//
f 1938// 1937// 1939//
f 1938// 1939// 1940//
f 1940// 1939// 1941//
f 1940// 1941// 1942//
f 1942// 1941// 1943//
f 1942// 1943// 1944//
f 1944// 1943// 1945//
f 1944// 1945// 1933//
f 1933// 1945// 1932//
f 1933// 1934// 1944//
f 1944// 1934// 1946//
f 1944// 1946// 1942//
f 1942// 1946// 1947//
f 1942// 1947// 1940//
f 1940// 1947// 1948//
f 1940// 1948// 1938//
f 1938// 1948// 1949//
f 1938// 1949// 1936//
f 1936// 1949// 1950//
f 1934// 1935// 1946//
f 1946// 1935// 1951//
f 1946// 1951// 1947//
f 1947// 1951// 1952//
f 1947// 1952// 1948//
f 1948// 1952// 1953//
f 1948// 1953// 1949//
f 1949// 1953// 1954//
f 1949// 1954// 1950//
f 1950// 1954// 1955//
f 1937// 1955// 1954//
f 1937// 1954// 1939//
f 1939// 1954// 1953//
f 1939// 1953// 1941//
f 1941// 1953// 1952//
f 1941// 1952// 1943//
f 1943// 1952// 1951//
f 1943// 1951// 1945//
f 1945// 1951// 1935//
f 1945// 1935// 1932//
f 1956// 1937// 1957//
f 1957// 1937// 1936//
f 1957// 1936// 1958//
f 1958// 1936// 1950//
f 1958// 1950// 1959//
f 1959// 1950// 1955//
f 1955// 1937// 1959//
f 1959// 1937// 1956//
f 1956// 1957// 1960//
f 1960// 1957// 1961//
f 1960// 1961// 1962//
f 1962// 1961// 1963//
f 1962// 1963// 1964//
f 1964// 1963// 1965//
f 1964// 1965// 1966//
f 1966// 1965// 1967//
f 1966// 1967// 1968//
f 1968// 1967// 1969//
f 1970// 1969// 1967//
f 1970// 1967// 1971//
f 1971// 1967// 1965//
f 1971// 1965// 1972//
f 1972// 1965// 1963//
f 1972// 1963// 1973//
f 1973// 1963// 1961//
f 1973// 1961// 1974//
f 1974// 1961// 1957//
f 1974// 1957// 1958//
f 1975// 1970// 1976//
f 1976// 1970// 1971//
f 1976// 1971// 1977//
f 1977// 1971// 1972//
f 1977// 1972// 1978//
f 1978// 1972// 1973//
f 1978// 1973// 1979//
f 1979// 1973// 1974//
f 1979// 1974// 1959//
f 1959// 1974// 1958//
f 1959// 1956// 1979//
f 1979// 1956// 1960//
f 1979// 1960// 1978//
f 1978// 1960// 1962//
f 1978// 1962// 1977//
f 1977// 1962// 1964//
f 1977// 1964// 1976//
f 1976// 1964// 1966//
f 1976// 1966// 1975//
f 1975// 1966// 1968//
f 1931// 1968// 1930//
f 1930// 1968// 1969//
f 1930// 1969// 1928//
f 1928// 1969// 1970//
f 1928// 1970// 1929//
f 1929// 1970// 1975//
f 1975// 1968// 1929//
f 1929// 1968// 1931//
f 1980// 1981// 1982//
f 1982// 1981// 1983//
f 1984// 45// 1985//
f 1985// 45// 47//
f 1985// 47// 1986//
f 1986// 47// 44//
f 1986// 44// 1987//
f 1987// 44// 42//
f 42// 45// 1987//
f 1987// 45// 1984//
f 1988// 1989// 1990//
f 1990// 1989// 1991//
f 1990// 1991// 1992//
f 1992// 1991// 1993//
f 1992// 1993// 1994//
f 1994// 1993// 1995//
f 1994// 1995// 1996//
f 1996// 1995// 1997//
f 1996// 1997// 1985//
f 1985// 1997// 1984//
f 1985// 1986// 1996//
f 1996// 1986// 1998//
f 1996// 1998// 1994//
f 1994// 1998// 1999//
f 1994// 1999// 1992//
f 1992// 1999// 2000//
f 1992// 2000// 1990//
f 1990// 2000// 2001//
f 1990// 2001// 1988//
f 1988// 2001// 2002//
f 1986// 1987// 1998//
f 1998// 1987// 2003//
f 1998// 2003// 1999//
f 1999// 2003// 2004//
f 1999// 2004// 2000//
f 2000// 2004// 2005//
f 2000// 2005// 2001//
f 2001// 2005// 2006//
f 2001// 2006// 2002//
f 2002// 2006// 2007//
f 1989// 2007// 2006//
f 1989// 2006// 1991//
f 1991// 2006// 2005//
f 1991// 2005// 1993//
f 1993// 2005// 2004//
f 1993// 2004// 1995//
f 1995// 2004// 2003//
f 1995// 2003// 1997//
f 1997// 2003// 1987//
f 1997// 1987// 1984//
f 2008// 1989// 2009//
f 2009// 1989// 1988//
f 2009// 1988// 2010//
f 2010// 1988// 2002//
f 2010// 2002// 2011//
f 2011// 2002// 2007//
f 2007// 1989// 2011//
f 2011// 1989// 2008//
f 2008// 2009// 2012//
f 2012// 2009// 2013//
f 2012// 2013// 2014//
f 2014// 2013// 2015//
f 2014// 2015// 2016//
f 2016// 2015// 2017//
f 2016// 2017// 2018//
f 2018// 2017// 2019//
f 2018// 2019// 2020//
f 2020// 2019// 2021//
f 2022// 2021// 2019//
f 2022// 2019// 2023//
f 2023// 2019// 2017//
f 2023// 2017// 2024//
f 2024// 2017// 2015//
f 2024// 2015// 2025//
f 2025// 2015// 2013//
f 2025// 2013// 2026//
f 2026// 2013// 2009//
f 2026// 2009// 2010//
f 2027// 2022// 2028//
f 2028// 2022// 2023//
f 2028// 2023// 2029//
f 2029// 2023// 2024//
f 2029// 2024// 2030//
f 2030// 2024// 2025//
f 2030// 2025// 2031//
f 2031// 2025// 2026//
f 2031// 2026// 2011//
f 2011// 2026// 2010//
f 2011// 2008// 2031//
f 2031// 2008// 2012//
f 2031// 2012// 2030//
f 2030// 2012// 2014//
f 2030// 2014// 2029//
f 2029// 2014// 2016//
f 2029// 2016// 2028//
f 2028// 2016// 2018//
f 2028// 2018// 2027//
f 2027// 2018// 2020//
f 1983// 2020// 1982//
f 1982// 2020// 2021//
f 1982// 2021// 1980//
f 1980// 2021// 2022//
f 1980// 2022// 1981//
f 1981// 2022// 2027//
f 2027// 2020// 1981//
f 1981// 2020// 1983//
f 2032// 2033// 2034//
f 2034// 2033// 2035//
f 2036// 41// 2037//
f 2037// 41// 43//
f 2037// 43// 2038//
f 2038// 43// 466//
f 2038// 466// 2039//
f 2039// 466// 468//
f 468// 41// 2039//
f 2039// 41// 2036//
f 2040// 2041// 2042//
f 2042// 2041// 2043//
f 2042// 2043// 2044//
f 2044// 2043// 2045//
f 2044// 2045// 2046//
f 2046// 2045// 2047//
f 2046// 2047// 2048//
f 2048// 2047// 2049//
f 2048// 2049// 2037//
f 2037// 2049// 2036//
f 2037// 2038// 2048//
f 2048// 2038// 2050//
f 2048// 2050// 2046//
f 2046// 2050// 2051//
f 2046// 2051// 2044//
f 2044// 2051// 2052//
f 2044// 2052// 2042//
f 2042// 2052// 2053//
f 2042// 2053// 2040//
f 2040// 2053// 2054//
f 2038// 2039// 2050//
f 2050// 2039// 2055//
f 2050// 2055// 2051//
f 2051// 2055// 2056//
f 2051// 2056// 2052//
f 2052// 2056// 2057//
f 2052// 2057// 2053//
f 2053// 2057// 2058//
f 2053// 2058// 2054//
f 2054// 2058// 2059//
f 2041// 2059// 2058//
f 2041// 2058// 2043//
f 2043// 2058// 2057//
f 2043// 2057// 2045//
f 2045// 2057// 2056//
f 2045// 2056// 2047//
f 2047// 2056// 2055//
f 2047// 2055// 2049//
f 2049// 2055// 2039//
f 2049// 2039// 2036//
f 2060// 2041// 2061//
f 2061// 2041// 2040//
f 2061// 2040// 2062//
f 2062// 2040// 2054//
f 2062// 2054// 2063//
f 2063// 2054// 2059//
f 2059// 2041// 2063//
f 2063// 2041// 2060//
f 2060// 2061// 2064//
f 2064// 2061// 2065//
f 2064// 2065// 2066//
f 2066// 2065// 2067//
f 2066// 2067// 2068//
f 2068// 2067// 2069//
f 2068// 2069// 2070//
f 2070// 2069// 2071//
f 2070// 2071// 2072//
f 2072// 2071// 2073//
f 2074// 2073// 2071//
f 2074// 2071// 2075//
f 2075// 2071// 2069//
f 2075// 2069// 2076//
f 2076// 2069// 2067//
f 2076// 2067// 2077//
f 2077// 2067// 2065//
f 2077// 2065// 2078//
f 2078// 2065// 2061//
f 2078// 2061// 2062//
f 2079// 2074// 2080//
f 2080// 2074// 2075//
f 2080// 2075// 2081//
f 2081// 2075// 2076//
f 2081// 2076// 2082//
f 2082// 2076// 2077//
f 2082// 2077// 2083//
f 2083// 2077// 2078//
f 2083// 2078// 2063//
f 2063// 2078// 2062//
f 2063// 2060// 2083//
f 2083// 2060// 2064//
f 2083// 2064// 2082//
f 2082// 2064// 2066//
f 2082// 2066// 2081//
f 2081// 2066// 2068//
f 2081// 2068// 2080//
f 2080// 2068// 2070//
f 2080// 2070// 2079//
f 2079// 2070// 2072//
f 2035// 2072// 2034//
f 2034// 2072// 2073//
f 2034// 2073// 2032//
f 2032// 2073// 2074//
f 2032// 2074// 2033//
f 2033// 2074// 2079//
f 2079// 2072// 2033//
f 2033// 2072// 2035//
f 2084// 2085// 2086//
f 2086// 2085// 2087//
f 2088// 40// 2089//
f 2089// 40// 38//
f 2089// 38// 2090//
f 2090// 38// 458//
f 2090// 458// 2091//
f 2091// 458// 460//
f 460// 40// 2091//
f 2091// 40// 2088//
f 2092// 2093// 2094//
f 2094// 2093// 2095//
f 2094// 2095// 2096//
f 2096// 2095// 2097//
f 2096// 2097// 2098//
f 2098// 2097// 2099//
f 2098// 2099// 2100//
f 2100// 2099// 2101//
f 2100// 2101// 2089//
f 2089// 2101// 2088//
f 2089// 2090// 2100//
f 2100// 2090// 2102//
f 2100// 2102// 2098//
f 2098// 2102// 2103//
f 2098// 2103// 2096//
f 2096// 2103// 2104//
f 2096// 2104// 2094//
f 2094// 2104// 2105//
f 2094// 2105// 2092//
f 2092// 2105// 2106//
f 2090// 2091// 2102//
f 2102// 2091// 2107//
f 2102// 2107// 2103//
f 2103// 2107// 2108//
f 2103// 2108// 2104//
f 2104// 2108// 2109//
f 2104// 2109// 2105//
f 2105// 2109// 2110//
f 2105// 2110// 2106//
f 2106// 2110// 2111//
f 2093// 2111// 2110//
f 2093// 2110// 2095//
f 2095// 2110// 2109//
f 2095// 2109// 2097//
f 2097// 2109// 2108//
f 2097// 2108// 2099//
f 2099// 2108// 2107//
f 2099// 2107// 2101//
f 2101// 2107// 2091//
f 2101// 2091// 2088//
f 2112// 2093// 2113//
f 2113// 2093// 2092//
f 2113// 2092// 2114//
f 2114// 2092// 2106//
f 2114// 2106// 2115//
f 2115// 2106// 2111//
f 2111// 2093// 2115//
f 2115// 2093// 2112//
f 2112// 2113// 2116//
f 2116// 2113// 2117//
f 2116// 2117// 2118//
f 2118// 2117// 2119//
f 2118// 2119// 2120//
f 2120// 2119// 2121//
f 2120// 2121// 2122//
f 2122// 2121// 2123//
f 2122// 2123// 2124//
f 2124// 2123// 2125//
f 2126// 2125// 2123//
f 2126// 2123// 2127//
f 2127// 2123// 2121//
f 2127// 2121// 2128//
f 2128// 2121// 2119//
f 2128// 2119// 2129//
f 2129// 2119// 2117//
f 2129// 2117// 2130//
f 2130// 2117// 2113//
f 2130// 2113// 2114//
f 2131// 2126// 2132//
f 2132// 2126// 2127//
f 2132// 2127// 2133//
f 2133// 2127// 2128//
f 2133// 2128// 2134//
f 2134// 2128// 2129//
f 2134// 2129// 2135//
f 2135// 2129// 2130//
f 2135// 2130// 2115//
f 2115// 2130// 2114//
f 2115// 2112// 2135//
f 2135// 2112// 2116//
f 2135// 2116// 2134//
f 2134// 2116// 2118//
f 2134// 2118// 2133//
f 2133// 2118// 2120//
f 2133// 2120// 2132//
f 2132// 2120// 2122//
f 2132// 2122// 2131//
f 2131// 2122// 2124//
f 2084// 2124// 2085//
f 2085// 2124// 2125//
f 2085// 2125// 2087//
f 2087// 2125// 2126//
f 2087// 2126// 2086//
f 2086// 2126// 2131//
f 2131// 2124// 2086//
f 2086// 2124// 2084//
f 2136// 2137// 2138//
f 2138// 2137// 2139//
f 2140// 36// 2141//
f 2141// 36// 34//
f 2141// 34// 2142//
f 2142// 34// 37//
f 2142// 37// 2143//
f 2143// 37// 39//
f 39// 36// 2143//
f 2143// 36// 2140//
f 2144// 2145// 2146//
f 2146// 2145// 2147//
f 2146// 2147// 2148//
f 2148// 2147// 2149//
f 2148// 2149// 2150//
f 2150// 2149// 2151//
f 2150// 2151// 2152//
f 2152// 2151// 2153//
f 2152// 2153// 2141//
f 2141// 2153// 2140//
f 2141// 2142// 2152//
f 2152// 2142// 2154//
f 2152// 2154// 2150//
f 2150// 2154// 2155//
f 2150// 2155// 2148//
f 2148// 2155// 2156//
f 2148// 2156// 2146//
f 2146// 2156// 2157//
f 2146// 2157// 2144//
f 2144// 2157// 2158//
f 2142// 2143// 2154//
f 2154// 2143// 2159//
f 2154// 2159// 2155//
f 2155// 2159// 2160//
f 2155// 2160// 2156//
f 2156// 2160// 2161//
f 2156// 2161// 2157//
f 2157// 2161// 2162//
f 2157// 2162// 2158//
f 2158// 2162// 2163//
f 2145// 2163// 2162//
f 2145// 2162// 2147//
f 2147// 2162// 2161//
f 2147// 2161// 2149//
f 2149// 2161// 2160//
f 2149// 2160// 2151//
f 2151// 2160// 2159//
f 2151// 2159// 2153//
f 2153// 2159// 2143//
f 2153// 2143// 2140//
f 2164// 2145// 2165//
f 2165// 2145// 2144//
f 2165// 2144// 2166//
f 2166// 2144// 2158//
f 2166// 2158// 2167//
f 2167// 2158// 2163//
f 2163// 2145// 2167//
f 2167// 2145// 2164//
f 2164// 2165// 2168//
f 2168// 2165// 2169//
f 2168// 2169// 2170//
f 2170// 2169// 2171//
f 2170// 2171// 2172//
f 2172// 2171// 2173//
f 2172// 2173// 2174//
f 2174// 2173// 2175//
f 2174// 2175// 2176//
f 2176// 2175// 2177//
f 2178// 2177// 2175//
f 2178// 2175// 2179//
f 2179// 2175// 2173//
f 2179// 2173// 2180//
f 2180// 2173// 2171//
f 2180// 2171// 2181//
f 2181// 2171// 2169//
f 2181// 2169// 2182//
f 2182// 2169// 2165//
f 2182// 2165// 2166//
f 2183// 2178// 2184//
f 2184// 2178// 2179//
f 2184// 2179// 2185//
f 2185// 2179// 2180//
f 2185// 2180// 2186//
f 2186// 2180// 2181//
f 2186// 2181// 2187//
f 2187// 2181// 2182//
f 2187// 2182// 2167//
f 2167// 2182// 2166//
f 2167// 2164// 2187//
f 2187// 2164// 2168//
f 2187// 2168// 2186//
f 2186// 2168// 2170//
f 2186// 2170// 2185//
f 2185// 2170// 2172//
f 2185// 2172// 2184//
f 2184// 2172// 2174//
f 2184// 2174// 2183//
f 2183// 2174// 2176//
f 2136// 2176// 2137//
f 2137// 2176// 2177//
f 2137// 2177// 2139//
f 2139// 2177// 2178//
f 2139// 2178// 2138//
f 2138// 2178// 2183//
f 2183// 2176// 2138//
f 2138// 2176// 2136//
f 2188// 2189// 2190//
f 2190// 2189// 2191//
f 2192// 32// 2193//
f 2193// 32// 30//
f 2193// 30// 2194//
f 2194// 30// 33//
f 2194// 33// 2195//
f 2195// 33// 35//
f 35// 32// 2195//
f 2195// 32// 2192//
f 2196// 2197// 2198//
f 2198// 2197// 2199//
f 2198// 2199// 2200//
f 2200// 2199// 2201//
f 2200// 2201// 2202//
f 2202// 2201// 2203//
f 2202// 2203// 2204//
f 2204// 2203// 2205//
f 2204// 2205// 2193//
f 2193// 2205// 2192//
f 2193// 2194// 2204//
f 2204// 2194// 2206//
f 2204// 2206// 2202//
f 2202// 2206// 2207//
f 2202// 2207// 2200//
f 2200// 2207// 2208//
f 2200// 2208// 2198//
f 2198// 2208// 2209//
f 2198// 2209// 2196//
f 2196// 2209// 2210//
f 2194// 2195// 2206//
f 2206// 2195// 2211//
f 2206// 2211// 2207//
f 2207// 2211// 2212//
f 2207// 2212// 2208//
f 2208// 2212// 2213//
f 2208// 2213// 2209//
f 2209// 2213// 2214//
f 2209// 2214// 2210//
f 2210// 2214// 2215//
f 2197// 2215// 2214//
f 2197// 2214// 2199//
f 2199// 2214// 2213//
f 2199// 2213// 2201//
f 2201// 2213// 2212//
f 2201// 2212// 2203//
f 2203// 2212// 2211//
f 2203// 2211// 2205//
f 2205// 2211// 2195//
f 2205// 2195// 2192//
f 2216// 2197// 2217//
f 2217// 2197// 2196//
f 2217// 2196// 2218//
f 2218// 2196// 2210//
f 2218// 2210// 2219//
f 2219// 2210// 2215//
f 2215// 2197// 2219//
f 2219// 2197// 2216//
f 2216// 2217// 2220//
f 2220// 2217// 2221//
f 2220// 2221// 2222//
f 2222// 2221// 2223//
f 2222// 2223// 2224//
f 2224// 2223// 2225//
f 2224// 2225// 2226//
f 2226// 2225// 2227//
f 2226// 2227// 2228//
f 2228// 2227// 2229//
f 2230// 2229// 2227//
f 2230// 2227// 2231//
f 2231// 2227// 2225//
f 2231// 2225// 2232//
f 2232// 2225// 2223//
f 2232// 2223// 2233//
f 2233// 2223// 2221//
f 2233// 2221// 2234//
f 2234// 2221// 2217//
f 2234// 2217// 2218//
f 2235// 2230// 2236//
f 2236// 2230// 2231//
f 2236// 2231// 2237//
f 2237// 2231// 2232//
f 2237// 2232// 2238//
f 2238// 2232// 2233//
f 2238// 2233// 2239//
f 2239// 2233// 2234//
f 2239// 2234// 2219//
f 2219// 2234// 2218//
f 2219// 2216// 2239//
f 2239// 2216// 2220//
f 2239// 2220// 2238//
f 2238// 2220// 2222//
f 2238// 2222// 2237//
f 2237// 2222// 2224//
f 2237// 2224// 2236//
f 2236// 2224// 2226//
f 2236// 2226// 2235//
f 2235// 2226// 2228//
f 2188// 2228// 2189//
f 2189// 2228// 2229//
f 2189// 2229// 2191//
f 2191// 2229// 2230//
f 2191// 2230// 2190//
f 2190// 2230// 2235//
f 2235// 2228// 2190//
f 2190// 2228// 2188//
f 2240// 2241// 2242//
f 2242// 2241// 2243//
f 2244// 28// 2245//
f 2245// 28// 26//
f 2245// 26// 2246//
f 2246// 26// 29//
f 2246// 29// 2247//
f 2247// 29// 31//
f 31// 28// 2247//
f 2247// 28// 2244//
f 2248// 2249// 2250//
f 2250// 2249// 2251//
f 2250// 2251// 2252//
f 2252// 2251// 2253//
f 2252// 2253// 2254//
f 2254// 2253// 2255//
f 2254// 2255// 2256//
f 2256// 2255// 2257//
f 2256// 2257// 2245//
f 2245// 2257// 2244//
f 2245// 2246// 2256//
f 2256// 2246// 2258//
f 2256// 2258// 2254//
f 2254// 2258// 2259//
f 2254// 2259// 2252//
f 2252// 2259// 2260//
f 2252// 2260// 2250//
f 2250// 2260// 2261//
f 2250// 2261// 2248//
f 2248// 2261// 2262//
f 2246// 2247// 2258//
f 2258// 2247// 2263//
f 2258// 2263// 2259//
f 2259// 2263// 2264//
f 2259// 2264// 2260//
f 2260// 2264// 2265//
f 2260// 2265// 2261//
f 2261// 2265// 2266//
f 2261// 2266// 2262//
f 2262// 2266// 2267//
f 2249// 2267// 2266//
f 2249// 2266// 2251//
f 2251// 2266// 2265//
f 2251// 2265// 2253//
f 2253// 2265// 2264//
f 2253// 2264// 2255//
f 2255// 2264// 2263//
f 2255// 2263// 2257//
f 2257// 2263// 2247//
f 2257// 2247// 2244//
f 2268// 2249// 2269//
f 2269// 2249// 2248//
f 2269// 2248// 2270//
f 2270// 2248// 2262//
f 2270// 2262// 2271//
f 2271// 2262// 2267//
f 2267// 2249// 2271//
f 2271// 2249// 2268//
f 2268// 2269// 2272//
f 2272// 2269// 2273//
f 2272// 2273// 2274//
f 2274// 2273// 2275//
f 2274// 2275// 2276//
f 2276// 2275// 2277//
f 2276// 2277// 2278//
f 2278// 2277// 2279//
f 2278// 2279// 2280//
f 2280// 2279// 2281//
f 2282// 2281// 2279//
f 2282// 2279// 2283//
f 2283// 2279// 2277//
f 2283// 2277// 2284//
f 2284// 2277// 2275//
f 2284// 2275// 2285//
f 2285// 2275// 2273//
f 2285// 2273// 2286//
f 2286// 2273// 2269//
f 2286// 2269// 2270//
f 2287// 2282// 2288//
f 2288// 2282// 2283//
f 2288// 2283// 2289//
f 2289// 2283// 2284//
f 2289// 2284// 2290//
f 2290// 2284// 2285//
f 2290// 2285// 2291//
f 2291// 2285// 2286//
f 2291// 2286// 2271//
f 2271// 2286// 2270//
f 2271// 2268// 2291//
f 2291// 2268// 2272//
f 2291// 2272// 2290//
f 2290// 2272// 2274//
f 2290// 2274// 2289//
f 2289// 2274// 2276//
f 2289// 2276// 2288//
f 2288// 2276// 2278//
f 2288// 2278// 2287//
f 2287// 2278// 2280//
f 2240// 2280// 2241//
f 2241// 2280// 2281//
f 2241// 2281// 2243//
f 2243// 2281// 2282//
f 2243// 2282// 2242//
f 2242// 2282// 2287//
f 2287// 2280// 2242//
f 2242// 2280// 2240//
f 2292// 2293// 2294//
f 2294// 2293// 2295//
f 2296// 24// 2297//
f 2297// 24// 22//
f 2297// 22// 2298//
f 2298// 22// 25//
f 2298// 25// 2299//
f 2299// 25// 27//
f 27// 24// 2299//
f 2299// 24// 2296//
f 2300// 2301// 2302//
f 2302// 2301// 2303//
f 2302// 2303// 2304//
f 2304// 2303// 2305//
f 2304// 2305// 2306//
f 2306// 2305// 2307//
f 2306// 2307// 2308//
f 2308// 2307// 2309//
f 2308// 2309// 2297//
f 2297// 2309// 2296//
f 2297// 2298// 2308//
f 2308// 2298// 2310//
f 2308// 2310// 2306//
f 2306// 2310// 2311//
f 2306// 2311// 2304//
f 2304// 2311// 2312//
f 2304// 2312// 2302//
f 2302// 2312// 2313//
f 2302// 2313// 2300//
f 2300// 2313// 2314//
f 2298// 2299// 2310//
f 2310// 2299// 2315//
f 2310// 2315// 2311//
f 2311// 2315// 2316//
f 2311// 2316// 2312//
f 2312// 2316// 2317//
f 2312// 2317// 2313//
f 2313// 2317// 2318//
f 2313// 2318// 2314//
f 2314// 2318// 2319//
f 2301// 2319// 2318//
f 2301// 2318// 2303//
f 2303// 2318// 2317//
f 2303// 2317// 2305//
f 2305// 2317// 2316//
f 2305// 2316// 2307//
f 2307// 2316// 2315//
f 2307// 2315// 2309//
f 2309// 2315// 2299//
f 2309// 2299// 2296//
f 2320// 2301// 2321//
f 2321// 2301// 2300//
f 2321// 2300// 2322//
f 2322// 2300// 2314//
f 2322// 2314// 2323//
f 2323// 2314// 2319//
f 2319// 2301// 2323//
f 2323// 2301// 2320//
f 2320// 2321// 2324//
f 2324// 2321// 2325//
f 2324// 2325// 2326//
f 2326// 2325// 2327//
f 2326// 2327// 2328//
f 2328// 2327// 2329//
f 2328// 2329// 2330//
f 2330// 2329// 2331//
f 2330// 2331// 2332//
f 2332// 2331// 2333//
f 2334// 2333// 2331//
f 2334// 2331// 2335//
f 2335// 2331// 2329//
f 2335// 2329// 2336//
f 2336// 2329// 2327//
f 2336// 2327// 2337//
f 2337// 2327// 2325//
f 2337// 2325// 2338//
f 2338// 2325// 2321//
f 2338// 2321// 2322//
f 2339// 2334// 2340//
f 2340// 2334// 2335//
f 2340// 2335// 2341//
f 2341// 2335// 2336//
f 2341// 2336// 2342//
f 2342// 2336// 2337//
f 2342// 2337// 2343//
f 2343// 2337// 2338//
f 2343// 2338// 2323//
f 2323// 2338// 2322//
f 2323// 2320// 2343//
f 2343// 2320// 2324//
f 2343// 2324// 2342//
f 2342// 2324// 2326//
f 2342// 2326// 2341//
f 2341// 2326// 2328//
f 2341// 2328// 2340//
f 2340// 2328// 2330//
f 2340// 2330// 2339//
f 2339// 2330// 2332//
f 2292// 2332// 2293//
f 2293// 2332// 2333//
f 2293// 2333// 2295//
f 2295// 2333// 2334//
f 2295// 2334// 2294//
f 2294// 2334// 2339//
f 2339// 2332// 2294//
f 2294// 2332// 2292//
f 2344// 2345// 2346//
f 2346// 2345// 2347//
f 2348// 20// 2349//
f 2349// 20// 18//
f 2349// 18// 2350//
f 2350// 18// 21//
f 2350// 21// 2351//
f 2351// 21// 23//
f 23// 20// 2351//
f 2351// 20// 2348//
f 2352// 2353// 2354//
f 2354// 2353// 2355//
f 2354// 2355// 2356//
f 2356// 2355// 2357//
f 2356// 2357// 2358//
f 2358// 2357// 2359//
f 2358// 2359// 2360//
f 2360// 2359// 2361//
f 2360// 2361// 2349//
f 2349// 2361// 2348//
f 2349// 2350// 2360//
f 2360// 2350// 2362//
f 2360// 2362// 2358//
f 2358// 2362// 2363//
f 2358// 2363// 2356//
f 2356// 2363// 2364//
f 2356// 2364// 2354//
f 2354// 2364// 2365//
f 2354// 2365// 2352//
f 2352// 2365// 2366//
f 2350// 2351// 2362//
f 2362// 2351// 2367//
f 2362// 2367// 2363//
f 2363// 2367// 2368//
f 2363// 2368// 2364//
f 2364// 2368// 2369//
f 2364// 2369// 2365//
f 2365// 2369// 2370//
f 2365// 2370// 2366//
f 2366// 2370// 2371//
f 2353// 2371// 2370//
f 2353// 2370// 2355//
f 2355// 2370// 2369//
f 2355// 2369// 2357//
f 2357// 2369// 2368//
f 2357// 2368// 2359//
f 2359// 2368// 2367//
f 2359// 2367// 2361//
f 2361// 2367// 2351//
f 2361// 2351// 2348//
f 2372// 2353// 2373//
f 2373// 2353// 2352//
f 2373// 2352// 2374//
f 2374// 2352// 2366//
f 2374// 2366// 2375//
f 2375// 2366// 2371//
f 2371// 2353// 2375//
f 2375// 2353// 2372//
f 2372// 2373// 2376//
f 2376// 2373// 2377//
f 2376// 2377// 2378//
f 2378// 2377// 2379//
f 2378// 2379// 2380//
f 2380// 2379// 2381//
f 2380// 2381// 2382//
f 2382// 2381// 2383//
f 2382// 2383// 2384//
f 2384// 2383// 2385//
f 2386// 2385// 2383//
f 2386// 2383// 2387//
f 2387// 2383// 2381//
f 2387// 2381// 2388//
f 2388// 2381// 2379//
f 2388// 2379// 2389//
f 2389// 2379// 2377//
f 2389// 2377// 2390//
f 2390// 2377// 2373//
f 2390// 2373// 2374//
f 2391// 2386// 2392//
f 2392// 2386// 2387//
f 2392// 2387// 2393//
f 2393// 2387// 2388//
f 2393// 2388// 2394//
f 2394// 2388// 2389//
f 2394// 2389// 2395//
f 2395// 2389// 2390//
f 2395// 2390// 2375//
f 2375// 2390// 2374//
f 2375// 2372// 2395//
f 2395// 2372// 2376//
f 2395// 2376// 2394//
f 2394// 2376// 2378//
f 2394// 2378// 2393//
f 2393// 2378// 2380//
f 2393// 2380// 2392//
f 2392// 2380// 2382//
f 2392// 2382// 2391//
f 2391// 2382// 2384//
f 2344// 2384// 2345//
f 2345// 2384// 2385//
f 2345// 2385// 2347//
f 2347// 2385// 2386//
f 2347// 2386// 2346//
f 2346// 2386// 2391//
f 2391// 2384// 2346//
f 2346// 2384// 2344//
f 2396// 2397// 2398//
f 2398// 2397// 2399//
f 2400// 16// 2401//
f 2401// 16// 14//
f 2401// 14// 2402//
f 2402// 14// 17//
f 2402// 17// 2403//
f 2403// 17// 19//
f 19// 16// 2403//
f 2403// 16// 2400//
f 2404// 2405// 2406//
f 2406// 2405// 2407//
f 2406// 2407// 2408//
f 2408// 2407// 2409//
f 2408// 2409// 2410//
f 2410// 2409// 2411//
f 2410// 2411// 2412//
f 2412// 2411// 2413//
f 2412// 2413// 2401//
f 2401// 2413// 2400//
f 2401// 2402// 2412//
f 2412// 2402// 2414//
f 2412// 2414// 2410//
f 2410// 2414// 2415//
f 2410// 2415// 2408//
f 2408// 2415// 2416//
f 2408// 2416// 2406//
f 2406// 2416// 2417//
f 2406// 2417// 2404//
f 2404// 2417// 2418//
f 2402// 2403// 2414//
f 2414// 2403// 2419//
f 2414// 2419// 2415//
f 2415// 2419// 2420//
f 2415// 2420// 2416//
f 2416// 2420// 2421//
f 2416// 2421// 2417//
f 2417// 2421// 2422//
f 2417// 2422// 2418//
f 2418// 2422// 2423//
f 2405// 2423// 2422//
f 2405// 2422// 2407//
f 2407// 2422// 2421//
f 2407// 2421// 2409//
f 2409// 2421// 2420//
f 2409// 2420// 2411//
f 2411// 2420// 2419//
f 2411// 2419// 2413//
f 2413// 2419// 2403//
f 2413// 2403// 2400//
f 2424// 2405// 2425//
f 2425// 2405// 2404//
f 2425// 2404// 2426//
f 2426// 2404// 2418//
f 2426// 2418// 2427//
f 2427// 2418// 2423//
f 2423// 2405// 2427//
f 2427// 2405// 2424//
f 2424// 2425// 2428//
f 2428// 2425// 2429//
f 2428// 2429// 2430//
f 2430// 2429// 2431//
f 2430// 2431// 2432//
f 2432// 2431// 2433//
f 2432// 2433// 2434//
f 2434// 2433// 2435//
f 2434// 2435// 2436//
f 2436// 2435// 2437//
f 2438// 2437// 2435//
f 2438// 2435// 2439//
f 2439// 2435// 2433//
f 2439// 2433// 2440//
f 2440// 2433// 2431//
f 2440// 2431// 2441//
f 2441// 2431// 2429//
f 2441// 2429// 2442//
f 2442// 2429// 2425//
f 2442// 2425// 2426//
f 2443// 2438// 2444//
f 2444// 2438// 2439//
f 2444// 2439// 2445//
f 2445// 2439// 2440//
f 2445// 2440// 2446//
f 2446// 2440// 2441//
f 2446// 2441// 2447//
f 2447// 2441// 2442//
f 2447// 2442// 2427//
f 2427// 2442// 2426//
f 2427// 2424// 2447//
f 2447// 2424// 2428//
f 2447// 2428// 2446//
f 2446// 2428// 2430//
f 2446// 2430// 2445//
f 2445// 2430// 2432//
f 2445// 2432// 2444//
f 2444// 2432// 2434//
f 2444// 2434// 2443//
f 2443// 2434// 2436//
f 2396// 2436// 2397//
f 2397// 2436// 2437//
f 2397// 2437// 2399//
f 2399// 2437// 2438//
f 2399// 2438// 2398//
f 2398// 2438// 2443//
f 2443// 2436// 2398//
f 2398// 2436// 2396//
f 2448// 2449// 2450//
f 2450// 2449// 2451//
f 2452// 12// 2453//
f 2453// 12// 10//
f 2453// 10// 2454//
f 2454// 10// 13//
f 2454// 13// 2455//
f 2455// 13// 15//
f 15// 12// 2455//
f 2455// 12// 2452//
f 2456// 2457// 2458//
f 2458// 2457// 2459//
f 2458// 2459// 2460//
f 2460// 2459// 2461//
f 2460// 2461// 2462//
f 2462// 2461// 2463//
f 2462// 2463// 2464//
f 2464// 2463// 2465//
f 2464// 2465// 2453//
f 2453// 2465// 2452//
f 2453// 2454// 2464//
f 2464// 2454// 2466//
f 2464// 2466// 2462//
f 2462// 2466// 2467//
f 2462// 2467// 2460//
f 2460// 2467// 2468//
f 2460// 2468// 2458//
f 2458// 2468// 2469//
f 2458// 2469// 2456//
f 2456// 2469// 2470//
f 2454// 2455// 2466//
f 2466// 2455// 2471//
f 2466// 2471// 2467//
f 2467// 2471// 2472//
f 2467// 2472// 2468//
f 2468// 2472// 2473//
f 2468// 2473// 2469//
f 2469// 2473// 2474//
f 2469// 2474// 2470//
f 2470// 2474// 2475//
f 2457// 2475// 2474//
f 2457// 2474// 2459//
f 2459// 2474// 2473//
f 2459// 2473// 2461//
f 2461// 2473// 2472//
f 2461// 2472// 2463//
f 2463// 2472// 2471//
f 2463// 2471// 2465//
f 2465// 2471// 2455//
f 2465// 2455// 2452//
f 2476// 2457// 2477//
f 2477// 2457// 2456//
f 2477// 2456// 2478//
f 2478// 2456// 2470//
f 2478// 2470// 2479//
f 2479// 2470// 2475//
f 2475// 2457// 2479//
f 2479// 2457// 2476//
f 2476// 2477// 2480//
f 2480// 2477// 2481//
f 2480// 2481// 2482//
f 2482// 2481// 2483//
f 2482// 2483// 2484//
f 2484// 2483// 2485//
f 2484// 2485// 2486//
f 2486// 2485// 2487//
f 2486// 2487// 2488//
f 2488// 2487// 2489//
f 2490// 2489// 2487//
f 2490// 2487// 2491//
f 2491// 2487// 2485//
f 2491// 2485// 2492//
f 2492// 2485// 2483//
f 2492// 2483// 2493//
f 2493// 2483// 2481//
f 2493// 2481// 2494//
f 2494// 2481// 2477//
f 2494// 2477// 2478//
f 2495// 2490// 2496//
f 2496// 2490// 2491//
f 2496// 2491// 2497//
f 2497// 2491// 2492//
f 2497// 2492// 2498//
f 2498// 2492// 2493//
f 2498// 2493// 2499//
f 2499// 2493// 2494//
f 2499// 2494// 2479//
f 2479// 2494// 2478//
f 2479// 2476// 2499//
f 2499// 2476// 2480//
f 2499// 2480// 2498//
f 2498// 2480// 2482//
f 2498// 2482// 2497//
f 2497// 2482// 2484//
f 2497// 2484// 2496//
f 2496// 2484// 2486//
f 2496// 2486// 2495//
f 2495// 2486// 2488//
f 2448// 2488// 2449//
f 2449// 2488// 2489//
f 2449// 2489// 2451//
f 2451// 2489// 2490//
f 2451// 2490// 2450//
f 2450// 2490// 2495//
f 2495// 2488// 2450//
f 2450// 2488// 2448//
f 2500// 2501// 2502//
f 2502// 2501// 2503//
f 2504// 8// 2505//
f 2505// 8// 6//
f 2505// 6// 2506//
f 2506// 6// 9//
f 2506// 9// 2507//
f 2507// 9// 11//
f 11// 8// 2507//
f 2507// 8// 2504//
f 2508// 2509// 2510//
f 2510// 2509// 2511//
f 2510// 2511// 2512//
f 2512// 2511// 2513//
f 2512// 2513// 2514//
f 2514// 2513// 2515//
f 2514// 2515// 2516//
f 2516// 2515// 2517//
f 2516// 2517// 2505//
f 2505// 2517// 2504//
f 2505// 2506// 2516//
f 2516// 2506// 2518//
f 2516// 2518// 2514//
f 2514// 2518// 2519//
f 2514// 2519// 2512//
f 2512// 2519// 2520//
f 2512// 2520// 2510//
f 2510// 2520// 2521//
f 2510// 2521// 2508//
f 2508// 2521// 2522//
f 2506// 2507// 2518//
f 2518// 2507// 2523//
f 2518// 2523// 2519//
f 2519// 2523// 2524//
f 2519// 2524// 2520//
f 2520// 2524// 2525//
f 2520// 2525// 2521//
f 2521// 2525// 2526//
f 2521// 2526// 2522//
f 2522// 2526// 2527//
f 2509// 2527// 2526//
f 2509// 2526// 2511//
f 2511// 2526// 2525//
f 2511// 2525// 2513//
f 2513// 2525// 2524//
f 2513// 2524// 2515//
f 2515// 2524// 2523//
f 2515// 2523// 2517//
f 2517// 2523// 2507//
f 2517// 2507// 2504//
f 2528// 2509// 2529//
f 2529// 2509// 2508//
f 2529// 2508// 2530//
f 2530// 2508// 2522//
f 2530// 2522// 2531//
f 2531// 2522// 2527//
f 2527// 2509// 2531//
f 2531// 2509// 2528//
f 2528// 2529// 2532//
f 2532// 2529// 2533//
f 2532// 2533// 2534//
f 2534// 2533// 2535//
f 2534// 2535// 2536//
f 2536// 2535// 2537//
f 2536// 2537// 2538//
f 2538// 2537// 2539//
f 2538// 2539// 2540//
f 2540// 2539// 2541//
f 2542// 2541// 2539//
f 2542// 2539// 2543//
f 2543// 2539// 2537//
f 2543// 2537// 2544//
f 2544// 2537// 2535//
f 2544// 2535// 2545//
f 2545// 2535// 2533//
f 2545// 2533// 2546//
f 2546// 2533// 2529//
f 2546// 2529// 2530//
f 2547// 2542// 2548//
f 2548// 2542// 2543//
f 2548// 2543// 2549//
f 2549// 2543// 2544//
f 2549// 2544// 2550//
f 2550// 2544// 2545//
f 2550// 2545// 2551//
f 2551// 2545// 2546//
f 2551// 2546// 2531//
f 2531// 2546// 2530//
f 2531// 2528// 2551//
f 2551// 2528// 2532//
f 2551// 2532// 2550//
f 2550// 2532// 2534//
f 2550// 2534// 2549//
f 2549// 2534// 2536//
f 2549// 2536// 2548//
f 2548// 2536// 2538//
f 2548// 2538// 2547//
f 2547// 2538// 2540//
f 2500// 2540// 2501//
f 2501// 2540// 2541//
f 2501// 2541// 2503//
f 2503// 2541// 2542//
f 2503// 2542// 2502//
f 2502// 2542// 2547//
f 2547// 2540// 2502//
f 2502// 2540// 2500//
f 2552// 2553// 2554//
f 2554// 2553// 2555//
f 2556// 1// 2557//
f 2557// 1// 3//
f 2557// 3// 2558//
f 2558// 3// 5//
f 2558// 5// 2559//
f 2559// 5// 7//
f 7// 1// 2559//
f 2559// 1// 2556//
f 2560// 2561// 2562//
f 2562// 2561// 2563//
f 2562// 2563// 2564//
f 2564// 2563// 2565//
f 2564// 2565// 2566//
f 2566// 2565// 2567//
f 2566// 2567// 2568//
f 2568// 2567// 2569//
f 2568// 2569// 2557//
f 2557// 2569// 2556//
f 2557// 2558// 2568//
f 2568// 2558// 2570//
f 2568// 2570// 2566//
f 2566// 2570// 2571//
f 2566// 2571// 2564//
f 2564// 2571// 2572//
f 2564// 2572// 2562//
f 2562// 2572// 2573//
f 2562// 2573// 2560//
f 2560// 2573// 2574//
f 2558// 2559// 2570//
f 2570// 2559// 2575//
f 2570// 2575// 2571//
f 2571// 2575// 2576//
f 2571// 2576// 2572//
f 2572// 2576// 2577//
f 2572// 2577// 2573//
f 2573// 2577// 2578//
f 2573// 2578// 2574//
f 2574// 2578// 2579//
f 2561// 2579// 2578//
f 2561// 2578// 2563//
f 2563// 2578// 2577//
f 2563// 2577// 2565//
f 2565// 2577// 2576//
f 2565// 2576// 2567//
f 2567// 2576// 2575//
f 2567// 2575// 2569//
f 2569// 2575// 2559//
f 2569// 2559// 2556//
f 2580// 2561// 2581//
f 2581// 2561// 2560//
f 2581// 2560// 2582//
f 2582// 2560// 2574//
f 2582// 2574// 2583//
f 2583// 2574// 2579//
f 2579// 2561// 2583//
f 2583// 2561// 2580//
f 2580// 2581// 2584//
f 2584// 2581// 2585//
f 2584// 2585// 2586//
f 2586// 2585// 2587//
f 2586// 2587// 2588//
f 2588// 2587// 2589//
f 2588// 2589// 2590//
f 2590// 2589// 2591//
f 2590// 2591// 2592//
f 2592// 2591// 2593//
f 2594// 2593// 2591//
f 2594// 2591// 2595//
f 2595// 2591// 2589//
f 2595// 2589// 2596//
f 2596// 2589// 2587//
f 2596// 2587// 2597//
f 2597// 2587// 2585//
f 2597// 2585// 2598//
f 2598// 2585// 2581//
f 2598// 2581// 2582//
f 2599// 2594// 2600//
f 2600// 2594// 2595//
f 2600// 2595// 2601//
f 2601// 2595// 2596//
f 2601// 2596// 2602//
f 2602// 2596// 2597//
f 2602// 2597// 2603//
f 2603// 2597// 2598//
f 2603// 2598// 2583//
f 2583// 2598// 2582//
f 2583// 2580// 2603//
f 2603// 2580// 2584//
f 2603// 2584// 2602//
f 2602// 2584// 2586//
f 2602// 2586// 2601//
f 2601// 2586// 2588//
f 2601// 2588// 2600//
f 2600// 2588// 2590//
f 2600// 2590// 2599//
f 2599// 2590// 2592//
f 2552// 2592// 2553//
f 2553// 2592// 2593//
f 2553// 2593// 2555//
f 2555// 2593// 2594//
f 2555// 2594// 2554//
f 2554// 2594// 2599//
f 2599// 2592// 2554//
f 2554// 2592// 2552//
