v -0.202129 2.609459 -1.0
v -0.163105 -0.162072 -1.0
v -0.202129 -0.208413 -1.0
newmtl 1
Ka 0.2235294117647059 0.2235294117647059 0.2235294117647059
Kd 0.2235294117647059 0.2235294117647059 0.2235294117647059
Ks 0.11372549019607843 0.11372549019607843 0.11372549019607843
d 0.0
endmtl
v -0.163105 -0.205974 -1.0
v 0.051529 -0.205974 -1.0
v -0.153349 0.150123 -1.0
v -0.002129 0.150123 -1.0
v -0.002129 0.018416 -1.0
v 0.129578 -0.185243 -1.0
v 0.129578 -0.14134 -1.0
v 0.051529 0.194026 -1.0
v -0.002129 -0.025487 -1.0
v -0.002129 -0.162072 -1.0
v -0.143593 -0.025487 -1.0
v -0.143593 0.018416 -1.0
v 0.327703 -0.192397 -1.0
v 0.461286 -0.205974 -1.0
v 0.288933 -0.205741 -1.0
v 0.263162 -0.208413 -1.0
v -0.153349 0.194026 -1.0
v 0.406029 0.088671 -1.0
v 0.382584 0.126069 -1.0
v 0.612505 0.194026 -1.0
v 0.262639 0.150578 -1.0
v 0.292579 0.139773 -1.0
v 0.136747 -0.145311 -1.0
v 0.320265 0.121251 -1.0
v 0.34442 0.094585 -1.0
v 0.373481 -0.010243 -1.0
v 0.36943 -0.053545 -1.0
v 0.358563 -0.087951 -1.0
v 0.269555 -0.162765 -1.0
v 0.232246 -0.16695 -1.0
v 0.2987 -0.152035 -1.0
v 0.323249 -0.135489 -1.0
v 0.34202 -0.115687 -1.0
v 0.17915 -0.161057 -1.0
v 0.36091 0.063701 -1.0
v 0.371573 0.02088 -1.0
v 0.346471 0.160799 -1.0
v 0.666164 0.194026 -1.0
v 6.309459 2.609459 -1.0
v 0.666164 -0.205974 -1.0
v 6.309459 -0.208413 -1.0
v 0.359879 -0.17185 -1.0
v 0.389924 -0.140219 -1.0
v 0.461286 -0.162072 -1.0
v 0.411233 -0.102185 -1.0
v 0.612505 -0.162072 -1.0
v 0.423271 -0.059845 -1.0
v 0.427139 -0.01352 -1.0
v 0.421385 0.043348 -1.0
v 0.308477 0.182669 -1.0
v 0.263885 0.195624 -1.0
v 0.223709 0.198904 -1.0
v 0.175825 0.195599 -1.0
v 0.129578 0.18305 -1.0
v 0.129578 0.129391 -1.0
v 0.174634 0.148685 -1.0
v 0.223252 0.155001 -1.0
v 0.239639 -0.210852 -1.0
v 6.309459 -2.609459 -1.0
v 0.228702 -0.210665 -1.0
v -0.202129 -2.609459 -1.0
v 0.212635 -0.208413 -1.0
v -6.309459 -2.609459 -1.0
v -6.309459 -0.208413 -1.0
v 0.172216 -0.20275 -1.0
v -0.592373 -0.205974 -1.0
v -0.543131 -0.096343 -1.0
v -0.520192 -0.132121 -1.0
v -0.894812 -0.205974 -1.0
v -0.953349 -0.205974 -1.0
v -0.797251 0.194026 -1.0
v -6.309459 2.609459 -1.0
v -0.743593 0.194026 -1.0
v -0.487268 -0.163645 -1.0
v -0.445503 -0.187916 -1.0
v -0.399412 -0.201654 -1.0
v -0.349919 -0.205974 -1.0
v -0.241153 -0.205974 -1.0
v -0.241153 0.194026 -1.0
v -0.354035 0.194026 -1.0
v -0.502579 0.14187 -1.0
v -0.530865 0.110505 -1.0
v -0.549454 0.076104 -1.0
v -0.411824 0.187848 -1.0
v -0.458624 0.171414 -1.0
v -0.502161 0.142238 -1.0
v -0.65091 -0.205974 -1.0
v -0.689096 -0.093779 -1.0
v -0.854339 -0.093779 -1.0
v -0.560198 0.036694 -1.0
v -0.563105 -9.44E-4 -1.0
v -0.557492 -0.054476 -1.0
v 6.407236 2.743398 -0.046979
v 6.435555 2.735556 -0.102778
v -6.350973 2.75 0.0
v -5.92 2.75 0.0
v -5.92 2.728919 -0.15
v -6.435555 2.735556 -0.102778
v -6.407236 2.743398 -0.046979
v -6.392764 2.746249 -0.026686
v -6.357597 2.749895 -7.5E-4
v -6.364395 2.749578 -0.002998
v -5.51 2.75 0.0
v -4.65 2.75 0.0
v -5.51 2.728919 -0.15
v -4.65 2.728919 -0.15
v -4.24 2.728919 -0.15
v -2.11 2.728919 -0.15
v -1.7 2.728919 -0.15
v -6.378403 2.748322 -0.011943
v -6.37134 2.749053 -0.006734
v -2.97 2.728919 -0.15
v -2.97 2.75 0.0
v -2.11 2.75 0.0
v -3.38 2.728919 -0.15
v -3.38 2.75 0.0
v -4.24 2.75 0.0
v 0.43 2.728919 -0.15
v 0.84 2.728919 -0.15
v -0.43 2.728919 -0.15
v -0.43 2.75 0.0
v 0.43 2.75 0.0
v -0.84 2.728919 -0.15
v -0.84 2.75 0.0
v -1.7 2.75 0.0
v 2.97 2.728919 -0.15
v 3.38 2.728919 -0.15
v 2.11 2.728919 -0.15
v 2.11 2.75 0.0
v 2.97 2.75 0.0
v 1.7 2.728919 -0.15
v 1.7 2.75 0.0
v 0.84 2.75 0.0
v 4.65 2.728919 -0.15
v 4.65 2.75 0.0
v 5.51 2.75 0.0
v 5.51 2.728919 -0.15
v 4.24 2.728919 -0.15
v 4.24 2.75 0.0
v 3.38 2.75 0.0
v 5.92 2.728919 -0.15
v 5.92 2.75 0.0
v 6.350973 2.75 -0.0
v 6.357597 2.749895 -7.5E-4
v 6.364395 2.749578 -0.002998
v 6.37134 2.749053 -0.006734
v 6.378403 2.748322 -0.011943
v 6.392764 2.746249 -0.026686
v 6.22253 2.621557 0.913917
v 5.92 2.745784 0.03
v 5.51 2.745784 0.03
v 4.65 2.745784 0.03
v 4.24 2.745784 0.03
v 3.38 2.745784 0.03
v 2.97 2.745784 0.03
v 2.11 2.745784 0.03
v 1.7 2.745784 0.03
v 0.84 2.745784 0.03
v 0.43 2.745784 0.03
v -0.43 2.745784 0.03
v -0.84 2.745784 0.03
v -3.38 2.745784 0.03
v -1.7 2.745784 0.03
v -2.11 2.745784 0.03
v -2.97 2.745784 0.03
v -4.24 2.745784 0.03
v -4.65 2.745784 0.03
v -5.51 2.745784 0.03
v -5.92 2.745784 0.03
v -6.22253 2.621557 0.913917
v -6.407236 -2.743398 -0.046979
v -6.435555 -2.735556 -0.102778
v 6.350973 -2.75 0.0
v 5.92 -2.75 0.0
v 5.92 -2.728919 -0.15
v 5.51 -2.75 0.0
v 4.65 -2.75 0.0
v 5.51 -2.728919 -0.15
v 4.65 -2.728919 -0.15
v 6.435555 -2.735556 -0.102778
v 6.407236 -2.743398 -0.046979
v 6.392764 -2.746249 -0.026686
v 6.357597 -2.749895 -7.5E-4
v 6.364395 -2.749578 -0.002998
v 4.24 -2.728919 -0.15
v 6.378403 -2.748322 -0.011943
v 6.37134 -2.749053 -0.006734
v 2.97 -2.728919 -0.15
v 2.97 -2.75 0.0
v 2.11 -2.75 0.0
v 2.11 -2.728919 -0.15
v 1.7 -2.728919 -0.15
v 3.38 -2.728919 -0.15
v 3.38 -2.75 0.0
v 4.24 -2.75 0.0
v 0.43 -2.728919 -0.15
v 0.43 -2.75 0.0
v -0.43 -2.75 0.0
v -0.43 -2.728919 -0.15
v -0.84 -2.728919 -0.15
v 0.84 -2.728919 -0.15
v 0.84 -2.75 0.0
v 1.7 -2.75 0.0
v -2.11 -2.728919 -0.15
v -2.11 -2.75 0.0
v -2.97 -2.75 0.0
v -2.97 -2.728919 -0.15
v -3.38 -2.728919 -0.15
v -1.7 -2.728919 -0.15
v -1.7 -2.75 0.0
v -0.84 -2.75 0.0
v -4.65 -2.728919 -0.15
v -4.65 -2.75 0.0
v -5.51 -2.75 0.0
v -5.51 -2.728919 -0.15
v -4.24 -2.728919 -0.15
v -4.24 -2.75 0.0
v -3.38 -2.75 0.0
v -5.92 -2.728919 -0.15
v -5.92 -2.75 0.0
v -6.350973 -2.75 0.0
v -6.357597 -2.749895 -7.5E-4
v -6.364395 -2.749578 -0.002998
v -6.37134 -2.749053 -0.006734
v -6.378403 -2.748322 -0.011943
v -6.392764 -2.746249 -0.026686
v -6.22253 -2.621557 0.913917
v -5.92 -2.745784 0.03
v -5.51 -2.745784 0.03
v -4.65 -2.745784 0.03
v -4.24 -2.745784 0.03
v -3.38 -2.745784 0.03
v -2.97 -2.745784 0.03
v -2.11 -2.745784 0.03
v -1.7 -2.745784 0.03
v -0.84 -2.745784 0.03
v -0.43 -2.745784 0.03
v 0.43 -2.745784 0.03
v 0.84 -2.745784 0.03
v 3.38 -2.745784 0.03
v 1.7 -2.745784 0.03
v 2.11 -2.745784 0.03
v 2.97 -2.745784 0.03
v 4.24 -2.745784 0.03
v 4.65 -2.745784 0.03
v 5.51 -2.745784 0.03
v 5.92 -2.745784 0.03
v 6.22253 -2.621557 0.913917
v 6.44605 2.69392 -0.028108
v 6.448044 2.680683 -0.013917
v 6.448044 -2.680683 -0.013917
v 6.443398 2.707236 -0.046979
v 6.443398 -2.707236 -0.046979
v 6.44605 -2.69392 -0.028108
v -6.44605 -2.69392 -0.028108
v -6.448044 -2.680683 -0.013917
v -6.448044 2.680683 -0.013917
v -6.443398 -2.707236 -0.046979
v -6.443398 2.707236 -0.046979
v -6.44605 2.69392 -0.028108
v 6.448044 2.649017 0.013917
v 6.321558 2.522531 0.913917
v 6.448044 -2.649017 0.013917
v 6.321558 -2.522531 0.913917
v -6.448044 -2.649017 0.013917
v -6.321558 -2.522531 0.913917
v -6.448044 2.649017 0.013917
v -6.321558 2.522531 0.913917
v -5.651769 -2.227881 1.0
v -5.719959 -2.199636 1.0
v -6.22253 -2.522531 1.0
v -5.851692 -2.027957 1.0
v -5.861326 -1.95478 1.0
v -5.851692 -1.881603 1.0
v -6.22253 2.522531 1.0
v -5.823447 -1.813413 1.0
v -5.778515 -2.154704 1.0
v -5.823447 -2.096148 1.0
v -5.295857 -1.95478 1.0
v 6.22253 -2.522531 1.0
v -5.305491 -1.881603 1.0
v 6.22253 2.522531 1.0
v -5.333736 -1.813413 1.0
v -5.378668 -1.754857 1.0
v -5.305491 -2.027957 1.0
v -5.333736 -2.096148 1.0
v -5.378668 -2.154704 1.0
v -5.778515 -1.754857 1.0
v -5.719959 -1.709925 1.0
v -5.651769 -1.68168 1.0
v -5.578591 -1.672046 1.0
v -5.505414 -1.68168 1.0
v -5.437224 -1.709925 1.0
v -5.437224 -2.199636 1.0
v -5.505414 -2.227881 1.0
v -5.578591 -2.237515 1.0
v 0.43 -2.881293 0.03
newmtl 2
Ka 1.0 1.0 1.0
Kd 1.0 1.0 1.0
Ks 0.5019607843137255 0.5019607843137255 0.5019607843137255
d 0.0
endmtl
v 0.84 -2.881293 0.03
v 0.84 -3.9 -1.02
v 0.84 -3.309775 -1.02
v 0.43 -3.9 -1.02
v 0.43 -3.309775 -1.02
v 0.84 -3.9 -1.2
v 0.43 -3.9 -1.2
v 0.84 -3.309775 -1.2
v 0.43 -3.309775 -1.2
v 0.43 -3.252121 -1.193261
v 0.84 -3.252121 -1.193261
v 0.43 -3.197575 -1.173408
v 0.84 -3.197575 -1.173408
v 0.43 -3.149078 -1.141511
v 0.84 -3.149078 -1.141511
v 0.43 -3.109244 -1.09929
v 0.84 -3.109244 -1.09929
v 0.43 -3.080221 -1.04902
v 0.84 -3.080221 -1.04902
v 0.43 -3.063573 -0.993412
v 0.84 -3.063573 -0.993412
v 0.84 -2.920685 -0.183054
v 0.43 -2.920685 -0.183054
v 0.84 -2.918021 -0.174157
v 0.43 -2.918021 -0.174157
v 0.84 -2.913378 -0.166114
v 0.43 -2.913378 -0.166114
v 0.84 -2.907004 -0.159358
v 0.43 -2.907004 -0.159358
v 0.84 -2.899245 -0.154255
v 0.43 -2.899245 -0.154255
v 0.84 -2.890517 -0.151078
v 0.43 -2.890517 -0.151078
v 0.84 -2.881293 -0.15
v 0.43 -2.881293 -0.15
v 0.43 -2.932028 0.02407
v 0.84 -2.932028 0.02407
v 0.43 -2.980029 0.006599
v 0.84 -2.980029 0.006599
v 0.43 -3.022706 -0.02147
v 0.84 -3.022706 -0.02147
v 0.43 -3.05776 -0.058625
v 0.84 -3.05776 -0.058625
v 0.43 -3.0833 -0.102862
v 0.84 -3.0833 -0.102862
v 0.43 -3.09795 -0.151797
v 0.84 -3.09795 -0.151797
v 0.84 -3.240839 -0.962155
v 0.43 -3.240839 -0.962155
v 0.84 -3.2455 -0.977726
v 0.43 -3.2455 -0.977726
v 0.84 -3.253626 -0.991801
v 0.43 -3.253626 -0.991801
v 0.84 -3.26478 -1.003623
v 0.43 -3.26478 -1.003623
v 0.84 -3.278359 -1.012554
v 0.43 -3.278359 -1.012554
v 0.84 -3.293632 -1.018113
v 0.43 -3.293632 -1.018113
v 1.7 -2.881293 0.03
v 2.11 -2.881293 0.03
v 2.11 -3.9 -1.02
v 2.11 -3.309775 -1.02
v 1.7 -3.9 -1.02
v 1.7 -3.309775 -1.02
v 2.11 -3.9 -1.2
v 1.7 -3.9 -1.2
v 2.11 -3.309775 -1.2
v 1.7 -3.309775 -1.2
v 1.7 -3.252121 -1.193261
v 2.11 -3.252121 -1.193261
v 1.7 -3.197575 -1.173408
v 2.11 -3.197575 -1.173408
v 1.7 -3.149078 -1.141511
v 2.11 -3.149078 -1.141511
v 1.7 -3.109244 -1.09929
v 2.11 -3.109244 -1.09929
v 1.7 -3.080221 -1.04902
v 2.11 -3.080221 -1.04902
v 1.7 -3.063573 -0.993412
v 2.11 -3.063573 -0.993412
v 2.11 -2.920685 -0.183054
v 1.7 -2.920685 -0.183054
v 2.11 -2.918021 -0.174157
v 1.7 -2.918021 -0.174157
v 2.11 -2.913378 -0.166114
v 1.7 -2.913378 -0.166114
v 2.11 -2.907004 -0.159358
v 1.7 -2.907004 -0.159358
v 2.11 -2.899245 -0.154255
v 1.7 -2.899245 -0.154255
v 2.11 -2.890517 -0.151078
v 1.7 -2.890517 -0.151078
v 2.11 -2.881293 -0.15
v 1.7 -2.881293 -0.15
v 1.7 -2.932028 0.02407
v 2.11 -2.932028 0.02407
v 1.7 -2.980029 0.006599
v 2.11 -2.980029 0.006599
v 1.7 -3.022706 -0.02147
v 2.11 -3.022706 -0.02147
v 1.7 -3.05776 -0.058625
v 2.11 -3.05776 -0.058625
v 1.7 -3.0833 -0.102862
v 2.11 -3.0833 -0.102862
v 1.7 -3.09795 -0.151797
v 2.11 -3.09795 -0.151797
v 2.11 -3.240839 -0.962155
v 1.7 -3.240839 -0.962155
v 2.11 -3.2455 -0.977726
v 1.7 -3.2455 -0.977726
v 2.11 -3.253626 -0.991801
v 1.7 -3.253626 -0.991801
v 2.11 -3.26478 -1.003623
v 1.7 -3.26478 -1.003623
v 2.11 -3.278359 -1.012554
v 1.7 -3.278359 -1.012554
v 2.11 -3.293632 -1.018113
v 1.7 -3.293632 -1.018113
v 2.97 -2.881293 0.03
v 3.38 -2.881293 0.03
v 3.38 -3.9 -1.02
v 3.38 -3.309775 -1.02
v 2.97 -3.9 -1.02
v 2.97 -3.309775 -1.02
v 3.38 -3.9 -1.2
v 2.97 -3.9 -1.2
v 3.38 -3.309775 -1.2
v 2.97 -3.309775 -1.2
v 2.97 -3.252121 -1.193261
v 3.38 -3.252121 -1.193261
v 2.97 -3.197575 -1.173408
v 3.38 -3.197575 -1.173408
v 2.97 -3.149078 -1.141511
v 3.38 -3.149078 -1.141511
v 2.97 -3.109244 -1.09929
v 3.38 -3.109244 -1.09929
v 2.97 -3.080221 -1.04902
v 3.38 -3.080221 -1.04902
v 2.97 -3.063573 -0.993412
v 3.38 -3.063573 -0.993412
v 3.38 -2.920685 -0.183054
v 2.97 -2.920685 -0.183054
v 3.38 -2.918021 -0.174157
v 2.97 -2.918021 -0.174157
v 3.38 -2.913378 -0.166114
v 2.97 -2.913378 -0.166114
v 3.38 -2.907004 -0.159358
v 2.97 -2.907004 -0.159358
v 3.38 -2.899245 -0.154255
v 2.97 -2.899245 -0.154255
v 3.38 -2.890517 -0.151078
v 2.97 -2.890517 -0.151078
v 3.38 -2.881293 -0.15
v 2.97 -2.881293 -0.15
v 2.97 -2.932028 0.02407
v 3.38 -2.932028 0.02407
v 2.97 -2.980029 0.006599
v 3.38 -2.980029 0.006599
v 2.97 -3.022706 -0.02147
v 3.38 -3.022706 -0.02147
v 2.97 -3.05776 -0.058625
v 3.38 -3.05776 -0.058625
v 2.97 -3.0833 -0.102862
v 3.38 -3.0833 -0.102862
v 2.97 -3.09795 -0.151797
v 3.38 -3.09795 -0.151797
v 3.38 -3.240839 -0.962155
v 2.97 -3.240839 -0.962155
v 3.38 -3.2455 -0.977726
v 2.97 -3.2455 -0.977726
v 3.38 -3.253626 -0.991801
v 2.97 -3.253626 -0.991801
v 3.38 -3.26478 -1.003623
v 2.97 -3.26478 -1.003623
v 3.38 -3.278359 -1.012554
v 2.97 -3.278359 -1.012554
v 3.38 -3.293632 -1.018113
v 2.97 -3.293632 -1.018113
v 4.24 -2.881293 0.03
v 4.65 -2.881293 0.03
v 4.65 -3.9 -1.02
v 4.65 -3.309775 -1.02
v 4.24 -3.9 -1.02
v 4.24 -3.309775 -1.02
v 4.65 -3.9 -1.2
v 4.24 -3.9 -1.2
v 4.65 -3.309775 -1.2
v 4.24 -3.309775 -1.2
v 4.24 -3.252121 -1.193261
v 4.65 -3.252121 -1.193261
v 4.24 -3.197575 -1.173408
v 4.65 -3.197575 -1.173408
v 4.24 -3.149078 -1.141511
v 4.65 -3.149078 -1.141511
v 4.24 -3.109244 -1.09929
v 4.65 -3.109244 -1.09929
v 4.24 -3.080221 -1.04902
v 4.65 -3.080221 -1.04902
v 4.24 -3.063573 -0.993412
v 4.65 -3.063573 -0.993412
v 4.65 -2.920685 -0.183054
v 4.24 -2.920685 -0.183054
v 4.65 -2.918021 -0.174157
v 4.24 -2.918021 -0.174157
v 4.65 -2.913378 -0.166114
v 4.24 -2.913378 -0.166114
v 4.65 -2.907004 -0.159358
v 4.24 -2.907004 -0.159358
v 4.65 -2.899245 -0.154255
v 4.24 -2.899245 -0.154255
v 4.65 -2.890517 -0.151078
v 4.24 -2.890517 -0.151078
v 4.65 -2.881293 -0.15
v 4.24 -2.881293 -0.15
v 4.24 -2.932028 0.02407
v 4.65 -2.932028 0.02407
v 4.24 -2.980029 0.006599
v 4.65 -2.980029 0.006599
v 4.24 -3.022706 -0.02147
v 4.65 -3.022706 -0.02147
v 4.24 -3.05776 -0.058625
v 4.65 -3.05776 -0.058625
v 4.24 -3.0833 -0.102862
v 4.65 -3.0833 -0.102862
v 4.24 -3.09795 -0.151797
v 4.65 -3.09795 -0.151797
v 4.65 -3.240839 -0.962155
v 4.24 -3.240839 -0.962155
v 4.65 -3.2455 -0.977726
v 4.24 -3.2455 -0.977726
v 4.65 -3.253626 -0.991801
v 4.24 -3.253626 -0.991801
v 4.65 -3.26478 -1.003623
v 4.24 -3.26478 -1.003623
v 4.65 -3.278359 -1.012554
v 4.24 -3.278359 -1.012554
v 4.65 -3.293632 -1.018113
v 4.24 -3.293632 -1.018113
v 5.51 -2.881293 0.03
v 5.92 -2.881293 0.03
v 5.92 -3.9 -1.02
v 5.92 -3.309775 -1.02
v 5.51 -3.9 -1.02
v 5.51 -3.309775 -1.02
v 5.92 -3.9 -1.2
v 5.51 -3.9 -1.2
v 5.92 -3.309775 -1.2
v 5.51 -3.309775 -1.2
v 5.51 -3.252121 -1.193261
v 5.92 -3.252121 -1.193261
v 5.51 -3.197575 -1.173408
v 5.92 -3.197575 -1.173408
v 5.51 -3.149078 -1.141511
v 5.92 -3.149078 -1.141511
v 5.51 -3.109244 -1.09929
v 5.92 -3.109244 -1.09929
v 5.51 -3.080221 -1.04902
v 5.92 -3.080221 -1.04902
v 5.51 -3.063573 -0.993412
v 5.92 -3.063573 -0.993412
v 5.92 -2.920685 -0.183054
v 5.51 -2.920685 -0.183054
v 5.92 -2.918021 -0.174157
v 5.51 -2.918021 -0.174157
v 5.92 -2.913378 -0.166114
v 5.51 -2.913378 -0.166114
v 5.92 -2.907004 -0.159358
v 5.51 -2.907004 -0.159358
v 5.92 -2.899245 -0.154255
v 5.51 -2.899245 -0.154255
v 5.92 -2.890517 -0.151078
v 5.51 -2.890517 -0.151078
v 5.92 -2.881293 -0.15
v 5.51 -2.881293 -0.15
v 5.51 -2.932028 0.02407
v 5.92 -2.932028 0.02407
v 5.51 -2.980029 0.006599
v 5.92 -2.980029 0.006599
v 5.51 -3.022706 -0.02147
v 5.92 -3.022706 -0.02147
v 5.51 -3.05776 -0.058625
v 5.92 -3.05776 -0.058625
v 5.51 -3.0833 -0.102862
v 5.92 -3.0833 -0.102862
v 5.51 -3.09795 -0.151797
v 5.92 -3.09795 -0.151797
v 5.92 -3.240839 -0.962155
v 5.51 -3.240839 -0.962155
v 5.92 -3.2455 -0.977726
v 5.51 -3.2455 -0.977726
v 5.92 -3.253626 -0.991801
v 5.51 -3.253626 -0.991801
v 5.92 -3.26478 -1.003623
v 5.51 -3.26478 -1.003623
v 5.92 -3.278359 -1.012554
v 5.51 -3.278359 -1.012554
v 5.92 -3.293632 -1.018113
v 5.51 -3.293632 -1.018113
v -0.84 -2.881293 0.03
v -0.43 -2.881293 0.03
v -0.43 -3.9 -1.02
v -0.43 -3.309775 -1.02
v -0.84 -3.9 -1.02
v -0.84 -3.309775 -1.02
v -0.43 -3.9 -1.2
v -0.84 -3.9 -1.2
v -0.43 -3.309775 -1.2
v -0.84 -3.309775 -1.2
v -0.84 -3.252121 -1.193261
v -0.43 -3.252121 -1.193261
v -0.84 -3.197575 -1.173408
v -0.43 -3.197575 -1.173408
v -0.84 -3.149078 -1.141511
v -0.43 -3.149078 -1.141511
v -0.84 -3.109244 -1.09929
v -0.43 -3.109244 -1.09929
v -0.84 -3.080221 -1.04902
v -0.43 -3.080221 -1.04902
v -0.84 -3.063573 -0.993412
v -0.43 -3.063573 -0.993412
v -0.43 -2.920685 -0.183054
v -0.84 -2.920685 -0.183054
v -0.43 -2.918021 -0.174157
v -0.84 -2.918021 -0.174157
v -0.43 -2.913378 -0.166114
v -0.84 -2.913378 -0.166114
v -0.43 -2.907004 -0.159358
v -0.84 -2.907004 -0.159358
v -0.43 -2.899245 -0.154255
v -0.84 -2.899245 -0.154255
v -0.43 -2.890517 -0.151078
v -0.84 -2.890517 -0.151078
v -0.43 -2.881293 -0.15
v -0.84 -2.881293 -0.15
v -0.84 -2.932028 0.02407
v -0.43 -2.932028 0.02407
v -0.84 -2.980029 0.006599
v -0.43 -2.980029 0.006599
v -0.84 -3.022706 -0.02147
v -0.43 -3.022706 -0.02147
v -0.84 -3.05776 -0.058625
v -0.43 -3.05776 -0.058625
v -0.84 -3.0833 -0.102862
v -0.43 -3.0833 -0.102862
v -0.84 -3.09795 -0.151797
v -0.43 -3.09795 -0.151797
v -0.43 -3.240839 -0.962155
v -0.84 -3.240839 -0.962155
v -0.43 -3.2455 -0.977726
v -0.84 -3.2455 -0.977726
v -0.43 -3.253626 -0.991801
v -0.84 -3.253626 -0.991801
v -0.43 -3.26478 -1.003623
v -0.84 -3.26478 -1.003623
v -0.43 -3.278359 -1.012554
v -0.84 -3.278359 -1.012554
v -0.43 -3.293632 -1.018113
v -0.84 -3.293632 -1.018113
v -2.11 -2.881293 0.03
v -1.7 -2.881293 0.03
v -1.7 -3.9 -1.02
v -1.7 -3.309775 -1.02
v -2.11 -3.9 -1.02
v -2.11 -3.309775 -1.02
v -1.7 -3.9 -1.2
v -2.11 -3.9 -1.2
v -1.7 -3.309775 -1.2
v -2.11 -3.309775 -1.2
v -2.11 -3.252121 -1.193261
v -1.7 -3.252121 -1.193261
v -2.11 -3.197575 -1.173408
v -1.7 -3.197575 -1.173408
v -2.11 -3.149078 -1.141511
v -1.7 -3.149078 -1.141511
v -2.11 -3.109244 -1.09929
v -1.7 -3.109244 -1.09929
v -2.11 -3.080221 -1.04902
v -1.7 -3.080221 -1.04902
v -2.11 -3.063573 -0.993412
v -1.7 -3.063573 -0.993412
v -1.7 -2.920685 -0.183054
v -2.11 -2.920685 -0.183054
v -1.7 -2.918021 -0.174157
v -2.11 -2.918021 -0.174157
v -1.7 -2.913378 -0.166114
v -2.11 -2.913378 -0.166114
v -1.7 -2.907004 -0.159358
v -2.11 -2.907004 -0.159358
v -1.7 -2.899245 -0.154255
v -2.11 -2.899245 -0.154255
v -1.7 -2.890517 -0.151078
v -2.11 -2.890517 -0.151078
v -1.7 -2.881293 -0.15
v -2.11 -2.881293 -0.15
v -2.11 -2.932028 0.02407
v -1.7 -2.932028 0.02407
v -2.11 -2.980029 0.006599
v -1.7 -2.980029 0.006599
v -2.11 -3.022706 -0.02147
v -1.7 -3.022706 -0.02147
v -2.11 -3.05776 -0.058625
v -1.7 -3.05776 -0.058625
v -2.11 -3.0833 -0.102862
v -1.7 -3.0833 -0.102862
v -2.11 -3.09795 -0.151797
v -1.7 -3.09795 -0.151797
v -1.7 -3.240839 -0.962155
v -2.11 -3.240839 -0.962155
v -1.7 -3.2455 -0.977726
v -2.11 -3.2455 -0.977726
v -1.7 -3.253626 -0.991801
v -2.11 -3.253626 -0.991801
v -1.7 -3.26478 -1.003623
v -2.11 -3.26478 -1.003623
v -1.7 -3.278359 -1.012554
v -2.11 -3.278359 -1.012554
v -1.7 -3.293632 -1.018113
v -2.11 -3.293632 -1.018113
v -3.38 -2.881293 0.03
v -2.97 -2.881293 0.03
v -2.97 -3.9 -1.02
v -2.97 -3.309775 -1.02
v -3.38 -3.9 -1.02
v -3.38 -3.309775 -1.02
v -2.97 -3.9 -1.2
v -3.38 -3.9 -1.2
v -2.97 -3.309775 -1.2
v -3.38 -3.309775 -1.2
v -3.38 -3.252121 -1.193261
v -2.97 -3.252121 -1.193261
v -3.38 -3.197575 -1.173408
v -2.97 -3.197575 -1.173408
v -3.38 -3.149078 -1.141511
v -2.97 -3.149078 -1.141511
v -3.38 -3.109244 -1.09929
v -2.97 -3.109244 -1.09929
v -3.38 -3.080221 -1.04902
v -2.97 -3.080221 -1.04902
v -3.38 -3.063573 -0.993412
v -2.97 -3.063573 -0.993412
v -2.97 -2.920685 -0.183054
v -3.38 -2.920685 -0.183054
v -2.97 -2.918021 -0.174157
v -3.38 -2.918021 -0.174157
v -2.97 -2.913378 -0.166114
v -3.38 -2.913378 -0.166114
v -2.97 -2.907004 -0.159358
v -3.38 -2.907004 -0.159358
v -2.97 -2.899245 -0.154255
v -3.38 -2.899245 -0.154255
v -2.97 -2.890517 -0.151078
v -3.38 -2.890517 -0.151078
v -2.97 -2.881293 -0.15
v -3.38 -2.881293 -0.15
v -3.38 -2.932028 0.02407
v -2.97 -2.932028 0.02407
v -3.38 -2.980029 0.006599
v -2.97 -2.980029 0.006599
v -3.38 -3.022706 -0.02147
v -2.97 -3.022706 -0.02147
v -3.38 -3.05776 -0.058625
v -2.97 -3.05776 -0.058625
v -3.38 -3.0833 -0.102862
v -2.97 -3.0833 -0.102862
v -3.38 -3.09795 -0.151797
v -2.97 -3.09795 -0.151797
v -2.97 -3.240839 -0.962155
v -3.38 -3.240839 -0.962155
v -2.97 -3.2455 -0.977726
v -3.38 -3.2455 -0.977726
v -2.97 -3.253626 -0.991801
v -3.38 -3.253626 -0.991801
v -2.97 -3.26478 -1.003623
v -3.38 -3.26478 -1.003623
v -2.97 -3.278359 -1.012554
v -3.38 -3.278359 -1.012554
v -2.97 -3.293632 -1.018113
v -3.38 -3.293632 -1.018113
v -4.65 -2.881293 0.03
v -4.24 -2.881293 0.03
v -4.24 -3.9 -1.02
v -4.24 -3.309775 -1.02
v -4.65 -3.9 -1.02
v -4.65 -3.309775 -1.02
v -4.24 -3.9 -1.2
v -4.65 -3.9 -1.2
v -4.24 -3.309775 -1.2
v -4.65 -3.309775 -1.2
v -4.65 -3.252121 -1.193261
v -4.24 -3.252121 -1.193261
v -4.65 -3.197575 -1.173408
v -4.24 -3.197575 -1.173408
v -4.65 -3.149078 -1.141511
v -4.24 -3.149078 -1.141511
v -4.65 -3.109244 -1.09929
v -4.24 -3.109244 -1.09929
v -4.65 -3.080221 -1.04902
v -4.24 -3.080221 -1.04902
v -4.65 -3.063573 -0.993412
v -4.24 -3.063573 -0.993412
v -4.24 -2.920685 -0.183054
v -4.65 -2.920685 -0.183054
v -4.24 -2.918021 -0.174157
v -4.65 -2.918021 -0.174157
v -4.24 -2.913378 -0.166114
v -4.65 -2.913378 -0.166114
v -4.24 -2.907004 -0.159358
v -4.65 -2.907004 -0.159358
v -4.24 -2.899245 -0.154255
v -4.65 -2.899245 -0.154255
v -4.24 -2.890517 -0.151078
v -4.65 -2.890517 -0.151078
v -4.24 -2.881293 -0.15
v -4.65 -2.881293 -0.15
v -4.65 -2.932028 0.02407
v -4.24 -2.932028 0.02407
v -4.65 -2.980029 0.006599
v -4.24 -2.980029 0.006599
v -4.65 -3.022706 -0.02147
v -4.24 -3.022706 -0.02147
v -4.65 -3.05776 -0.058625
v -4.24 -3.05776 -0.058625
v -4.65 -3.0833 -0.102862
v -4.24 -3.0833 -0.102862
v -4.65 -3.09795 -0.151797
v -4.24 -3.09795 -0.151797
v -4.24 -3.240839 -0.962155
v -4.65 -3.240839 -0.962155
v -4.24 -3.2455 -0.977726
v -4.65 -3.2455 -0.977726
v -4.24 -3.253626 -0.991801
v -4.65 -3.253626 -0.991801
v -4.24 -3.26478 -1.003623
v -4.65 -3.26478 -1.003623
v -4.24 -3.278359 -1.012554
v -4.65 -3.278359 -1.012554
v -4.24 -3.293632 -1.018113
v -4.65 -3.293632 -1.018113
v -5.92 -2.881293 0.03
v -5.51 -2.881293 0.03
v -5.51 -3.9 -1.02
v -5.51 -3.309775 -1.02
v -5.92 -3.9 -1.02
v -5.92 -3.309775 -1.02
v -5.51 -3.9 -1.2
v -5.92 -3.9 -1.2
v -5.51 -3.309775 -1.2
v -5.92 -3.309775 -1.2
v -5.92 -3.252121 -1.193261
v -5.51 -3.252121 -1.193261
v -5.92 -3.197575 -1.173408
v -5.51 -3.197575 -1.173408
v -5.92 -3.149078 -1.141511
v -5.51 -3.149078 -1.141511
v -5.92 -3.109244 -1.09929
v -5.51 -3.109244 -1.09929
v -5.92 -3.080221 -1.04902
v -5.51 -3.080221 -1.04902
v -5.92 -3.063573 -0.993412
v -5.51 -3.063573 -0.993412
v -5.51 -2.920685 -0.183054
v -5.92 -2.920685 -0.183054
v -5.51 -2.918021 -0.174157
v -5.92 -2.918021 -0.174157
v -5.51 -2.913378 -0.166114
v -5.92 -2.913378 -0.166114
v -5.51 -2.907004 -0.159358
v -5.92 -2.907004 -0.159358
v -5.51 -2.899245 -0.154255
v -5.92 -2.899245 -0.154255
v -5.51 -2.890517 -0.151078
v -5.92 -2.890517 -0.151078
v -5.51 -2.881293 -0.15
v -5.92 -2.881293 -0.15
v -5.92 -2.932028 0.02407
v -5.51 -2.932028 0.02407
v -5.92 -2.980029 0.006599
v -5.51 -2.980029 0.006599
v -5.92 -3.022706 -0.02147
v -5.51 -3.022706 -0.02147
v -5.92 -3.05776 -0.058625
v -5.51 -3.05776 -0.058625
v -5.92 -3.0833 -0.102862
v -5.51 -3.0833 -0.102862
v -5.92 -3.09795 -0.151797
v -5.51 -3.09795 -0.151797
v -5.51 -3.240839 -0.962155
v -5.92 -3.240839 -0.962155
v -5.51 -3.2455 -0.977726
v -5.92 -3.2455 -0.977726
v -5.51 -3.253626 -0.991801
v -5.92 -3.253626 -0.991801
v -5.51 -3.26478 -1.003623
v -5.92 -3.26478 -1.003623
v -5.51 -3.278359 -1.012554
v -5.92 -3.278359 -1.012554
v -5.51 -3.293632 -1.018113
v -5.92 -3.293632 -1.018113
v 0.84 2.881293 0.03
v 0.43 2.881293 0.03
v 0.84 3.309775 -1.02
v 0.84 3.9 -1.02
v 0.43 3.309775 -1.02
v 0.43 3.9 -1.02
v 0.84 3.293632 -1.018113
v 0.43 3.293632 -1.018113
v 0.84 3.278359 -1.012554
v 0.43 3.278359 -1.012554
v 0.84 3.26478 -1.003623
v 0.43 3.26478 -1.003623
v 0.84 3.253626 -0.991801
v 0.43 3.253626 -0.991801
v 0.84 3.2455 -0.977726
v 0.43 3.2455 -0.977726
v 0.84 3.240839 -0.962155
v 0.43 3.240839 -0.962155
v 0.84 3.09795 -0.151797
v 0.43 3.09795 -0.151797
v 0.43 3.0833 -0.102862
v 0.84 3.0833 -0.102862
v 0.43 3.05776 -0.058625
v 0.84 3.05776 -0.058625
v 0.43 3.022706 -0.02147
v 0.84 3.022706 -0.02147
v 0.43 2.980029 0.006599
v 0.84 2.980029 0.006599
v 0.43 2.932028 0.02407
v 0.84 2.932028 0.02407
v 0.43 2.881293 -0.15
v 0.84 2.881293 -0.15
v 0.84 2.890517 -0.151078
v 0.43 2.890517 -0.151078
v 0.84 2.899245 -0.154255
v 0.43 2.899245 -0.154255
v 0.84 2.907004 -0.159358
v 0.43 2.907004 -0.159358
v 0.84 2.913378 -0.166114
v 0.43 2.913378 -0.166114
v 0.84 2.918021 -0.174157
v 0.43 2.918021 -0.174157
v 0.84 2.920685 -0.183054
v 0.43 2.920685 -0.183054
v 0.84 3.063573 -0.993412
v 0.43 3.063573 -0.993412
v 0.43 3.080221 -1.04902
v 0.84 3.080221 -1.04902
v 0.43 3.109244 -1.09929
v 0.84 3.109244 -1.09929
v 0.43 3.149078 -1.141511
v 0.84 3.149078 -1.141511
v 0.43 3.197575 -1.173408
v 0.84 3.197575 -1.173408
v 0.43 3.252121 -1.193261
v 0.84 3.252121 -1.193261
v 0.43 3.309775 -1.2
v 0.84 3.309775 -1.2
v 0.84 3.9 -1.2
v 0.43 3.9 -1.2
v 2.11 2.881293 0.03
v 1.7 2.881293 0.03
v 2.11 3.309775 -1.02
v 2.11 3.9 -1.02
v 1.7 3.309775 -1.02
v 1.7 3.9 -1.02
v 2.11 3.293632 -1.018113
v 1.7 3.293632 -1.018113
v 2.11 3.278359 -1.012554
v 1.7 3.278359 -1.012554
v 2.11 3.26478 -1.003623
v 1.7 3.26478 -1.003623
v 2.11 3.253626 -0.991801
v 1.7 3.253626 -0.991801
v 2.11 3.2455 -0.977726
v 1.7 3.2455 -0.977726
v 2.11 3.240839 -0.962155
v 1.7 3.240839 -0.962155
v 2.11 3.09795 -0.151797
v 1.7 3.09795 -0.151797
v 1.7 3.0833 -0.102862
v 2.11 3.0833 -0.102862
v 1.7 3.05776 -0.058625
v 2.11 3.05776 -0.058625
v 1.7 3.022706 -0.02147
v 2.11 3.022706 -0.02147
v 1.7 2.980029 0.006599
v 2.11 2.980029 0.006599
v 1.7 2.932028 0.02407
v 2.11 2.932028 0.02407
v 1.7 2.881293 -0.15
v 2.11 2.881293 -0.15
v 2.11 2.890517 -0.151078
v 1.7 2.890517 -0.151078
v 2.11 2.899245 -0.154255
v 1.7 2.899245 -0.154255
v 2.11 2.907004 -0.159358
v 1.7 2.907004 -0.159358
v 2.11 2.913378 -0.166114
v 1.7 2.913378 -0.166114
v 2.11 2.918021 -0.174157
v 1.7 2.918021 -0.174157
v 2.11 2.920685 -0.183054
v 1.7 2.920685 -0.183054
v 2.11 3.063573 -0.993412
v 1.7 3.063573 -0.993412
v 1.7 3.080221 -1.04902
v 2.11 3.080221 -1.04902
v 1.7 3.109244 -1.09929
v 2.11 3.109244 -1.09929
v 1.7 3.149078 -1.141511
v 2.11 3.149078 -1.141511
v 1.7 3.197575 -1.173408
v 2.11 3.197575 -1.173408
v 1.7 3.252121 -1.193261
v 2.11 3.252121 -1.193261
v 1.7 3.309775 -1.2
v 2.11 3.309775 -1.2
v 2.11 3.9 -1.2
v 1.7 3.9 -1.2
v 3.38 2.881293 0.03
v 2.97 2.881293 0.03
v 3.38 3.309775 -1.02
v 3.38 3.9 -1.02
v 2.97 3.309775 -1.02
v 2.97 3.9 -1.02
v 3.38 3.293632 -1.018113
v 2.97 3.293632 -1.018113
v 3.38 3.278359 -1.012554
v 2.97 3.278359 -1.012554
v 3.38 3.26478 -1.003623
v 2.97 3.26478 -1.003623
v 3.38 3.253626 -0.991801
v 2.97 3.253626 -0.991801
v 3.38 3.2455 -0.977726
v 2.97 3.2455 -0.977726
v 3.38 3.240839 -0.962155
v 2.97 3.240839 -0.962155
v 3.38 3.09795 -0.151797
v 2.97 3.09795 -0.151797
v 2.97 3.0833 -0.102862
v 3.38 3.0833 -0.102862
v 2.97 3.05776 -0.058625
v 3.38 3.05776 -0.058625
v 2.97 3.022706 -0.02147
v 3.38 3.022706 -0.02147
v 2.97 2.980029 0.006599
v 3.38 2.980029 0.006599
v 2.97 2.932028 0.02407
v 3.38 2.932028 0.02407
v 2.97 2.881293 -0.15
v 3.38 2.881293 -0.15
v 3.38 2.890517 -0.151078
v 2.97 2.890517 -0.151078
v 3.38 2.899245 -0.154255
v 2.97 2.899245 -0.154255
v 3.38 2.907004 -0.159358
v 2.97 2.907004 -0.159358
v 3.38 2.913378 -0.166114
v 2.97 2.913378 -0.166114
v 3.38 2.918021 -0.174157
v 2.97 2.918021 -0.174157
v 3.38 2.920685 -0.183054
v 2.97 2.920685 -0.183054
v 3.38 3.063573 -0.993412
v 2.97 3.063573 -0.993412
v 2.97 3.080221 -1.04902
v 3.38 3.080221 -1.04902
v 2.97 3.109244 -1.09929
v 3.38 3.109244 -1.09929
v 2.97 3.149078 -1.141511
v 3.38 3.149078 -1.141511
v 2.97 3.197575 -1.173408
v 3.38 3.197575 -1.173408
v 2.97 3.252121 -1.193261
v 3.38 3.252121 -1.193261
v 2.97 3.309775 -1.2
v 3.38 3.309775 -1.2
v 3.38 3.9 -1.2
v 2.97 3.9 -1.2
v 4.65 2.881293 0.03
v 4.24 2.881293 0.03
v 4.65 3.309775 -1.02
v 4.65 3.9 -1.02
v 4.24 3.309775 -1.02
v 4.24 3.9 -1.02
v 4.65 3.293632 -1.018113
v 4.24 3.293632 -1.018113
v 4.65 3.278359 -1.012554
v 4.24 3.278359 -1.012554
v 4.65 3.26478 -1.003623
v 4.24 3.26478 -1.003623
v 4.65 3.253626 -0.991801
v 4.24 3.253626 -0.991801
v 4.65 3.2455 -0.977726
v 4.24 3.2455 -0.977726
v 4.65 3.240839 -0.962155
v 4.24 3.240839 -0.962155
v 4.65 3.09795 -0.151797
v 4.24 3.09795 -0.151797
v 4.24 3.0833 -0.102862
v 4.65 3.0833 -0.102862
v 4.24 3.05776 -0.058625
v 4.65 3.05776 -0.058625
v 4.24 3.022706 -0.02147
v 4.65 3.022706 -0.02147
v 4.24 2.980029 0.006599
v 4.65 2.980029 0.006599
v 4.24 2.932028 0.02407
v 4.65 2.932028 0.02407
v 4.24 2.881293 -0.15
v 4.65 2.881293 -0.15
v 4.65 2.890517 -0.151078
v 4.24 2.890517 -0.151078
v 4.65 2.899245 -0.154255
v 4.24 2.899245 -0.154255
v 4.65 2.907004 -0.159358
v 4.24 2.907004 -0.159358
v 4.65 2.913378 -0.166114
v 4.24 2.913378 -0.166114
v 4.65 2.918021 -0.174157
v 4.24 2.918021 -0.174157
v 4.65 2.920685 -0.183054
v 4.24 2.920685 -0.183054
v 4.65 3.063573 -0.993412
v 4.24 3.063573 -0.993412
v 4.24 3.080221 -1.04902
v 4.65 3.080221 -1.04902
v 4.24 3.109244 -1.09929
v 4.65 3.109244 -1.09929
v 4.24 3.149078 -1.141511
v 4.65 3.149078 -1.141511
v 4.24 3.197575 -1.173408
v 4.65 3.197575 -1.173408
v 4.24 3.252121 -1.193261
v 4.65 3.252121 -1.193261
v 4.24 3.309775 -1.2
v 4.65 3.309775 -1.2
v 4.65 3.9 -1.2
v 4.24 3.9 -1.2
v 5.92 2.881293 0.03
v 5.51 2.881293 0.03
v 5.92 3.309775 -1.02
v 5.92 3.9 -1.02
v 5.51 3.309775 -1.02
v 5.51 3.9 -1.02
v 5.92 3.293632 -1.018113
v 5.51 3.293632 -1.018113
v 5.92 3.278359 -1.012554
v 5.51 3.278359 -1.012554
v 5.92 3.26478 -1.003623
v 5.51 3.26478 -1.003623
v 5.92 3.253626 -0.991801
v 5.51 3.253626 -0.991801
v 5.92 3.2455 -0.977726
v 5.51 3.2455 -0.977726
v 5.92 3.240839 -0.962155
v 5.51 3.240839 -0.962155
v 5.92 3.09795 -0.151797
v 5.51 3.09795 -0.151797
v 5.51 3.0833 -0.102862
v 5.92 3.0833 -0.102862
v 5.51 3.05776 -0.058625
v 5.92 3.05776 -0.058625
v 5.51 3.022706 -0.02147
v 5.92 3.022706 -0.02147
v 5.51 2.980029 0.006599
v 5.92 2.980029 0.006599
v 5.51 2.932028 0.02407
v 5.92 2.932028 0.02407
v 5.51 2.881293 -0.15
v 5.92 2.881293 -0.15
v 5.92 2.890517 -0.151078
v 5.51 2.890517 -0.151078
v 5.92 2.899245 -0.154255
v 5.51 2.899245 -0.154255
v 5.92 2.907004 -0.159358
v 5.51 2.907004 -0.159358
v 5.92 2.913378 -0.166114
v 5.51 2.913378 -0.166114
v 5.92 2.918021 -0.174157
v 5.51 2.918021 -0.174157
v 5.92 2.920685 -0.183054
v 5.51 2.920685 -0.183054
v 5.92 3.063573 -0.993412
v 5.51 3.063573 -0.993412
v 5.51 3.080221 -1.04902
v 5.92 3.080221 -1.04902
v 5.51 3.109244 -1.09929
v 5.92 3.109244 -1.09929
v 5.51 3.149078 -1.141511
v 5.92 3.149078 -1.141511
v 5.51 3.197575 -1.173408
v 5.92 3.197575 -1.173408
v 5.51 3.252121 -1.193261
v 5.92 3.252121 -1.193261
v 5.51 3.309775 -1.2
v 5.92 3.309775 -1.2
v 5.92 3.9 -1.2
v 5.51 3.9 -1.2
v -0.43 2.881293 0.03
v -0.84 2.881293 0.03
v -0.43 3.309775 -1.02
v -0.43 3.9 -1.02
v -0.84 3.309775 -1.02
v -0.84 3.9 -1.02
v -0.43 3.293632 -1.018113
v -0.84 3.293632 -1.018113
v -0.43 3.278359 -1.012554
v -0.84 3.278359 -1.012554
v -0.43 3.26478 -1.003623
v -0.84 3.26478 -1.003623
v -0.43 3.253626 -0.991801
v -0.84 3.253626 -0.991801
v -0.43 3.2455 -0.977726
v -0.84 3.2455 -0.977726
v -0.43 3.240839 -0.962155
v -0.84 3.240839 -0.962155
v -0.43 3.09795 -0.151797
v -0.84 3.09795 -0.151797
v -0.84 3.0833 -0.102862
v -0.43 3.0833 -0.102862
v -0.84 3.05776 -0.058625
v -0.43 3.05776 -0.058625
v -0.84 3.022706 -0.02147
v -0.43 3.022706 -0.02147
v -0.84 2.980029 0.006599
v -0.43 2.980029 0.006599
v -0.84 2.932028 0.02407
v -0.43 2.932028 0.02407
v -0.84 2.881293 -0.15
v -0.43 2.881293 -0.15
v -0.43 2.890517 -0.151078
v -0.84 2.890517 -0.151078
v -0.43 2.899245 -0.154255
v -0.84 2.899245 -0.154255
v -0.43 2.907004 -0.159358
v -0.84 2.907004 -0.159358
v -0.43 2.913378 -0.166114
v -0.84 2.913378 -0.166114
v -0.43 2.918021 -0.174157
v -0.84 2.918021 -0.174157
v -0.43 2.920685 -0.183054
v -0.84 2.920685 -0.183054
v -0.43 3.063573 -0.993412
v -0.84 3.063573 -0.993412
v -0.84 3.080221 -1.04902
v -0.43 3.080221 -1.04902
v -0.84 3.109244 -1.09929
v -0.43 3.109244 -1.09929
v -0.84 3.149078 -1.141511
v -0.43 3.149078 -1.141511
v -0.84 3.197575 -1.173408
v -0.43 3.197575 -1.173408
v -0.84 3.252121 -1.193261
v -0.43 3.252121 -1.193261
v -0.84 3.309775 -1.2
v -0.43 3.309775 -1.2
v -0.43 3.9 -1.2
v -0.84 3.9 -1.2
v -1.7 2.881293 0.03
v -2.11 2.881293 0.03
v -1.7 3.309775 -1.02
v -1.7 3.9 -1.02
v -2.11 3.309775 -1.02
v -2.11 3.9 -1.02
v -1.7 3.293632 -1.018113
v -2.11 3.293632 -1.018113
v -1.7 3.278359 -1.012554
v -2.11 3.278359 -1.012554
v -1.7 3.26478 -1.003623
v -2.11 3.26478 -1.003623
v -1.7 3.253626 -0.991801
v -2.11 3.253626 -0.991801
v -1.7 3.2455 -0.977726
v -2.11 3.2455 -0.977726
v -1.7 3.240839 -0.962155
v -2.11 3.240839 -0.962155
v -1.7 3.09795 -0.151797
v -2.11 3.09795 -0.151797
v -2.11 3.0833 -0.102862
v -1.7 3.0833 -0.102862
v -2.11 3.05776 -0.058625
v -1.7 3.05776 -0.058625
v -2.11 3.022706 -0.02147
v -1.7 3.022706 -0.02147
v -2.11 2.980029 0.006599
v -1.7 2.980029 0.006599
v -2.11 2.932028 0.02407
v -1.7 2.932028 0.02407
v -2.11 2.881293 -0.15
v -1.7 2.881293 -0.15
v -1.7 2.890517 -0.151078
v -2.11 2.890517 -0.151078
v -1.7 2.899245 -0.154255
v -2.11 2.899245 -0.154255
v -1.7 2.907004 -0.159358
v -2.11 2.907004 -0.159358
v -1.7 2.913378 -0.166114
v -2.11 2.913378 -0.166114
v -1.7 2.918021 -0.174157
v -2.11 2.918021 -0.174157
v -1.7 2.920685 -0.183054
v -2.11 2.920685 -0.183054
v -1.7 3.063573 -0.993412
v -2.11 3.063573 -0.993412
v -2.11 3.080221 -1.04902
v -1.7 3.080221 -1.04902
v -2.11 3.109244 -1.09929
v -1.7 3.109244 -1.09929
v -2.11 3.149078 -1.141511
v -1.7 3.149078 -1.141511
v -2.11 3.197575 -1.173408
v -1.7 3.197575 -1.173408
v -2.11 3.252121 -1.193261
v -1.7 3.252121 -1.193261
v -2.11 3.309775 -1.2
v -1.7 3.309775 -1.2
v -1.7 3.9 -1.2
v -2.11 3.9 -1.2
v -2.97 2.881293 0.03
v -3.38 2.881293 0.03
v -2.97 3.309775 -1.02
v -2.97 3.9 -1.02
v -3.38 3.309775 -1.02
v -3.38 3.9 -1.02
v -2.97 3.293632 -1.018113
v -3.38 3.293632 -1.018113
v -2.97 3.278359 -1.012554
v -3.38 3.278359 -1.012554
v -2.97 3.26478 -1.003623
v -3.38 3.26478 -1.003623
v -2.97 3.253626 -0.991801
v -3.38 3.253626 -0.991801
v -2.97 3.2455 -0.977726
v -3.38 3.2455 -0.977726
v -2.97 3.240839 -0.962155
v -3.38 3.240839 -0.962155
v -2.97 3.09795 -0.151797
v -3.38 3.09795 -0.151797
v -3.38 3.0833 -0.102862
v -2.97 3.0833 -0.102862
v -3.38 3.05776 -0.058625
v -2.97 3.05776 -0.058625
v -3.38 3.022706 -0.02147
v -2.97 3.022706 -0.02147
v -3.38 2.980029 0.006599
v -2.97 2.980029 0.006599
v -3.38 2.932028 0.02407
v -2.97 2.932028 0.02407
v -3.38 2.881293 -0.15
v -2.97 2.881293 -0.15
v -2.97 2.890517 -0.151078
v -3.38 2.890517 -0.151078
v -2.97 2.899245 -0.154255
v -3.38 2.899245 -0.154255
v -2.97 2.907004 -0.159358
v -3.38 2.907004 -0.159358
v -2.97 2.913378 -0.166114
v -3.38 2.913378 -0.166114
v -2.97 2.918021 -0.174157
v -3.38 2.918021 -0.174157
v -2.97 2.920685 -0.183054
v -3.38 2.920685 -0.183054
v -2.97 3.063573 -0.993412
v -3.38 3.063573 -0.993412
v -3.38 3.080221 -1.04902
v -2.97 3.080221 -1.04902
v -3.38 3.109244 -1.09929
v -2.97 3.109244 -1.09929
v -3.38 3.149078 -1.141511
v -2.97 3.149078 -1.141511
v -3.38 3.197575 -1.173408
v -2.97 3.197575 -1.173408
v -3.38 3.252121 -1.193261
v -2.97 3.252121 -1.193261
v -3.38 3.309775 -1.2
v -2.97 3.309775 -1.2
v -2.97 3.9 -1.2
v -3.38 3.9 -1.2
v -4.24 2.881293 0.03
v -4.65 2.881293 0.03
v -4.24 3.309775 -1.02
v -4.24 3.9 -1.02
v -4.65 3.309775 -1.02
v -4.65 3.9 -1.02
v -4.24 3.293632 -1.018113
v -4.65 3.293632 -1.018113
v -4.24 3.278359 -1.012554
v -4.65 3.278359 -1.012554
v -4.24 3.26478 -1.003623
v -4.65 3.26478 -1.003623
v -4.24 3.253626 -0.991801
v -4.65 3.253626 -0.991801
v -4.24 3.2455 -0.977726
v -4.65 3.2455 -0.977726
v -4.24 3.240839 -0.962155
v -4.65 3.240839 -0.962155
v -4.24 3.09795 -0.151797
v -4.65 3.09795 -0.151797
v -4.65 3.0833 -0.102862
v -4.24 3.0833 -0.102862
v -4.65 3.05776 -0.058625
v -4.24 3.05776 -0.058625
v -4.65 3.022706 -0.02147
v -4.24 3.022706 -0.02147
v -4.65 2.980029 0.006599
v -4.24 2.980029 0.006599
v -4.65 2.932028 0.02407
v -4.24 2.932028 0.02407
v -4.65 2.881293 -0.15
v -4.24 2.881293 -0.15
v -4.24 2.890517 -0.151078
v -4.65 2.890517 -0.151078
v -4.24 2.899245 -0.154255
v -4.65 2.899245 -0.154255
v -4.24 2.907004 -0.159358
v -4.65 2.907004 -0.159358
v -4.24 2.913378 -0.166114
v -4.65 2.913378 -0.166114
v -4.24 2.918021 -0.174157
v -4.65 2.918021 -0.174157
v -4.24 2.920685 -0.183054
v -4.65 2.920685 -0.183054
v -4.24 3.063573 -0.993412
v -4.65 3.063573 -0.993412
v -4.65 3.080221 -1.04902
v -4.24 3.080221 -1.04902
v -4.65 3.109244 -1.09929
v -4.24 3.109244 -1.09929
v -4.65 3.149078 -1.141511
v -4.24 3.149078 -1.141511
v -4.65 3.197575 -1.173408
v -4.24 3.197575 -1.173408
v -4.65 3.252121 -1.193261
v -4.24 3.252121 -1.193261
v -4.65 3.309775 -1.2
v -4.24 3.309775 -1.2
v -4.24 3.9 -1.2
v -4.65 3.9 -1.2
v -5.51 2.881293 0.03
v -5.92 2.881293 0.03
v -5.51 3.309775 -1.02
v -5.51 3.9 -1.02
v -5.92 3.309775 -1.02
v -5.92 3.9 -1.02
v -5.51 3.293632 -1.018113
v -5.92 3.293632 -1.018113
v -5.51 3.278359 -1.012554
v -5.92 3.278359 -1.012554
v -5.51 3.26478 -1.003623
v -5.92 3.26478 -1.003623
v -5.51 3.253626 -0.991801
v -5.92 3.253626 -0.991801
v -5.51 3.2455 -0.977726
v -5.92 3.2455 -0.977726
v -5.51 3.240839 -0.962155
v -5.92 3.240839 -0.962155
v -5.51 3.09795 -0.151797
v -5.92 3.09795 -0.151797
v -5.92 3.0833 -0.102862
v -5.51 3.0833 -0.102862
v -5.92 3.05776 -0.058625
v -5.51 3.05776 -0.058625
v -5.92 3.022706 -0.02147
v -5.51 3.022706 -0.02147
v -5.92 2.980029 0.006599
v -5.51 2.980029 0.006599
v -5.92 2.932028 0.02407
v -5.51 2.932028 0.02407
v -5.92 2.881293 -0.15
v -5.51 2.881293 -0.15
v -5.51 2.890517 -0.151078
v -5.92 2.890517 -0.151078
v -5.51 2.899245 -0.154255
v -5.92 2.899245 -0.154255
v -5.51 2.907004 -0.159358
v -5.92 2.907004 -0.159358
v -5.51 2.913378 -0.166114
v -5.92 2.913378 -0.166114
v -5.51 2.918021 -0.174157
v -5.92 2.918021 -0.174157
v -5.51 2.920685 -0.183054
v -5.92 2.920685 -0.183054
v -5.51 3.063573 -0.993412
v -5.92 3.063573 -0.993412
v -5.92 3.080221 -1.04902
v -5.51 3.080221 -1.04902
v -5.92 3.109244 -1.09929
v -5.51 3.109244 -1.09929
v -5.92 3.149078 -1.141511
v -5.51 3.149078 -1.141511
v -5.92 3.197575 -1.173408
v -5.51 3.197575 -1.173408
v -5.92 3.252121 -1.193261
v -5.51 3.252121 -1.193261
v -5.92 3.309775 -1.2
v -5.51 3.309775 -1.2
v -5.51 3.9 -1.2
v -5.92 3.9 -1.2
v -0.797251 0.194026 -0.999
v -0.953349 -0.205974 -0.999
newmtl 3
Ka 0.0 0.0 0.0
Kd 0.0 0.0 0.0
Ks 0.0 0.0 0.0
d 0.0
endmtl
v -0.894812 -0.205974 -0.999
v -0.854339 -0.093779 -0.999
v -0.689096 -0.093779 -0.999
v -0.65091 -0.205974 -0.999
v -0.592373 -0.205974 -0.999
v -0.743593 0.194026 -0.999
v -0.702586 -0.049877 -0.999
v -0.836352 -0.049877 -0.999
v -0.762266 0.117196 -0.999
v -0.766116 0.131069 -0.999
v -0.768669 0.145245 -0.999
v -0.769964 0.145245 -0.999
v -0.772575 0.131112 -0.999
v -0.776138 0.117196 -0.999
v -0.702586 -0.049877 -1.0
v -0.836352 -0.049877 -1.0
v -0.762266 0.117196 -1.0
v -0.766116 0.131069 -1.0
v -0.768669 0.145245 -1.0
v -0.769964 0.145245 -1.0
v -0.772575 0.131112 -1.0
v -0.776138 0.117196 -1.0
v -0.349919 -0.205974 -0.999
v -0.241153 -0.205974 -0.999
v -0.241153 0.194026 -0.999
v -0.354035 0.194026 -0.999
v -0.563105 -9.44E-4 -0.999
v -0.560198 0.036694 -0.999
v -0.549454 0.076104 -0.999
v -0.530865 0.110505 -0.999
v -0.502579 0.14187 -0.999
v -0.502161 0.142238 -0.999
v -0.458624 0.171414 -0.999
v -0.411824 0.187848 -0.999
v -0.399412 -0.201654 -0.999
v -0.445503 -0.187916 -0.999
v -0.487268 -0.163645 -0.999
v -0.520192 -0.132121 -0.999
v -0.543131 -0.096343 -0.999
v -0.557492 -0.054476 -0.999
v -0.482814 0.094031 -0.999
v -0.463385 0.114661 -0.999
v -0.434167 0.133536 -0.999
v -0.40115 0.14509 -0.999
v -0.353806 0.150123 -0.999
v -0.294812 0.150123 -0.999
v -0.294812 -0.162072 -0.999
v -0.351596 -0.162072 -0.999
v -0.393796 -0.158144 -0.999
v -0.427456 -0.147637 -0.999
v -0.454736 -0.131438 -0.999
v -0.477171 -0.109279 -0.999
v -0.494042 -0.0817 -0.999
v -0.505774 -0.0441 -0.999
v -0.509446 -0.002087 -0.999
v -0.506048 0.037723 -0.999
v -0.49671 0.06936 -0.999
v -0.353806 0.150123 -1.0
v -0.294812 0.150123 -1.0
v -0.40115 0.14509 -1.0
v -0.434167 0.133536 -1.0
v -0.463385 0.114661 -1.0
v -0.482814 0.094031 -1.0
v -0.49671 0.06936 -1.0
v -0.506048 0.037723 -1.0
v -0.509446 -0.002087 -1.0
v -0.505774 -0.0441 -1.0
v -0.494042 -0.0817 -1.0
v -0.477171 -0.109279 -1.0
v -0.454736 -0.131438 -1.0
v -0.427456 -0.147637 -1.0
v -0.393796 -0.158144 -1.0
v -0.351596 -0.162072 -1.0
v -0.294812 -0.162072 -1.0
v -0.163105 -0.162072 -0.999
v -0.163105 -0.205974 -0.999
v 0.051529 -0.205974 -0.999
v 0.051529 0.194026 -0.999
v -0.153349 0.194026 -0.999
v -0.153349 0.150123 -0.999
v -0.002129 0.150123 -0.999
v -0.002129 0.018416 -0.999
v -0.143593 0.018416 -0.999
v -0.143593 -0.025487 -0.999
v -0.002129 -0.025487 -0.999
v -0.002129 -0.162072 -0.999
v 0.129578 -0.14134 -0.999
v 0.129578 -0.185243 -0.999
v 0.172216 -0.20275 -0.999
v 0.239639 -0.210852 -0.999
v 0.228702 -0.210665 -0.999
v 0.288933 -0.205741 -0.999
v 0.327703 -0.192397 -0.999
v 0.359879 -0.17185 -0.999
v 0.389924 -0.140219 -0.999
v 0.411233 -0.102185 -0.999
v 0.423271 -0.059845 -0.999
v 0.427139 -0.01352 -0.999
v 0.223709 0.198904 -0.999
v 0.263885 0.195624 -0.999
v 0.308477 0.182669 -0.999
v 0.346471 0.160799 -0.999
v 0.382584 0.126069 -0.999
v 0.406029 0.088671 -0.999
v 0.421385 0.043348 -0.999
v 0.129578 0.18305 -0.999
v 0.175825 0.195599 -0.999
v 0.129578 0.129391 -0.999
v 0.223252 0.155001 -0.999
v 0.174634 0.148685 -0.999
v 0.373481 -0.010243 -0.999
v 0.371573 0.02088 -0.999
v 0.36091 0.063701 -0.999
v 0.34442 0.094585 -0.999
v 0.320265 0.121251 -0.999
v 0.292579 0.139773 -0.999
v 0.262639 0.150578 -0.999
v 0.232246 -0.16695 -0.999
v 0.269555 -0.162765 -0.999
v 0.2987 -0.152035 -0.999
v 0.323249 -0.135489 -0.999
v 0.34202 -0.115687 -0.999
v 0.358563 -0.087951 -0.999
v 0.36943 -0.053545 -0.999
v 0.136747 -0.145311 -0.999
v 0.17915 -0.161057 -0.999
v 0.461286 -0.162072 -0.999
v 0.461286 -0.205974 -0.999
v 0.666164 -0.205974 -0.999
v 0.666164 0.194026 -0.999
v 0.612505 0.194026 -0.999
v 0.612505 -0.162072 -0.999
v -5.345953 -2.089094 0.999
v -5.319117 -2.024306 0.999
v -5.578591 -1.95478 0.999
newmtl 4
Ka 0.5019607843137255 0.5019607843137255 0.5019607843137255
Kd 0.5019607843137255 0.5019607843137255 0.5019607843137255
Ks 0.25098039215686274 0.25098039215686274 0.25098039215686274
d 0.0
endmtl
v -5.309964 -1.95478 0.999
v -5.319117 -1.885254 0.999
v -5.509066 -2.214255 0.999
v -5.444278 -2.187419 0.999
v -5.388643 -2.144729 0.999
v -5.712905 -2.187419 0.999
v -5.648118 -2.214255 0.999
v -5.578591 -2.223408 0.999
v -5.838066 -2.024306 0.999
v -5.81123 -2.089094 0.999
v -5.76854 -2.144729 0.999
v -5.81123 -1.820466 0.999
v -5.838066 -1.885254 0.999
v -5.847219 -1.95478 0.999
v -5.648118 -1.695306 0.999
v -5.712905 -1.722142 0.999
v -5.76854 -1.764832 0.999
v -5.444278 -1.722142 0.999
v -5.509066 -1.695306 0.999
v -5.578591 -1.686153 0.999
v -5.345953 -1.820466 0.999
v -5.388643 -1.764832 0.999
v 6.448044 -2.66485 0.0
v 6.317775 -2.547856 0.916945
v 6.448044 -2.678343 -0.01186
v 6.317701 -2.548028 0.916959
v 6.30766 -2.571498 0.918846
v 6.307564 -2.571622 0.91885
v 6.291884 -2.591884 0.919494
v 6.271622 -2.607564 0.91885
v 6.271498 -2.60766 0.918846
v 6.247856 -2.617775 0.916945
v 6.248028 -2.617702 0.916959
v 6.448044 2.678343 -0.01186
v 6.448044 2.66485 0.0
v 6.304061 -2.522531 0.957789
v 6.28846 -2.522531 0.975189
v 6.286213 -2.539594 0.975189
v 6.267128 -2.53448 0.988703
v 6.245487 -2.528682 0.997135
v 6.243113 -2.534414 0.997135
v 6.234414 -2.543113 0.997135
v 6.239336 -2.539336 0.997135
v 6.228682 -2.545487 0.997135
v 6.246156 -2.522531 0.997152
v 6.312551 -2.546652 0.936255
v 6.303241 -2.569129 0.936255
v 6.28843 -2.58843 0.936255
v 6.269129 -2.603241 0.936255
v 6.246652 -2.612551 0.936255
v 6.22253 -2.615727 0.936255
v 6.22253 -2.546156 0.997152
v 6.288108 -2.522531 0.975429
v 6.268701 -2.522531 0.988703
v 6.268435 -2.522531 0.988803
v 6.246297 -2.522531 0.997135
v 6.262516 -2.545616 0.988703
v 6.255178 -2.555178 0.988703
v 6.245616 -2.562515 0.988703
v 6.23448 -2.567128 0.988703
v 6.22253 -2.546297 0.997135
v 6.22253 -2.568435 0.988803
v 6.22253 -2.568701 0.988703
v 6.22253 -2.588108 0.975429
v 6.279627 -2.555495 0.975189
v 6.269149 -2.569149 0.975189
v 6.255496 -2.579627 0.975189
v 6.239594 -2.586213 0.975189
v 6.315392 -2.522531 0.936881
v 6.30444 -2.522531 0.957365
v 6.30165 -2.54373 0.957365
v 6.293466 -2.563485 0.957365
v 6.28045 -2.580449 0.957365
v 6.263485 -2.593467 0.957365
v 6.243731 -2.601649 0.957365
v 6.315727 -2.522531 0.936255
v 6.22253 -2.58846 0.975189
v 6.22253 -2.604061 0.957789
v 6.22253 -2.60444 0.957365
v 6.22253 -2.615392 0.936881
v 6.30766 2.571498 0.918846
v 6.298598 2.583208 0.919218
v 6.291884 2.591884 0.919494
v 6.318288 2.544418 0.916534
v 6.317775 2.547856 0.916945
v 6.310475 2.564916 0.918317
v 6.247856 2.617775 0.916945
v 6.244417 2.618288 0.916534
v 6.271498 2.60766 0.918846
v 6.264916 2.610476 0.918317
v 6.283208 2.598598 0.919218
v 6.315727 2.522531 0.936255
v 6.315392 2.522531 0.936881
v 6.30444 2.522531 0.957365
v 6.304061 2.522531 0.957789
v 6.28846 2.522531 0.975189
v 6.288108 2.522531 0.975429
v 6.268701 2.522531 0.988703
v 6.268435 2.522531 0.988803
v 6.246297 2.522531 0.997135
v 6.246156 2.522531 0.997152
v -6.22253 -2.615727 0.936255
v -6.22253 -2.615392 0.936881
v -6.22253 -2.60444 0.957365
v -6.22253 -2.604061 0.957789
v -6.22253 -2.58846 0.975189
v -6.22253 -2.588108 0.975429
v -6.22253 -2.568701 0.988703
v -6.22253 -2.568435 0.988803
v -6.22253 -2.546297 0.997135
v -6.22253 -2.546156 0.997152
v 6.22253 2.615392 0.936881
v 6.22253 2.60444 0.957365
v 6.240757 2.602387 0.957365
v 6.22253 2.604061 0.957789
v 6.22253 2.58846 0.975189
v 6.237201 2.586807 0.975189
v 6.232805 2.567544 0.988703
v 6.227819 2.545701 0.997135
v 6.232842 2.543943 0.997135
v 6.243943 2.532842 0.997135
v 6.241112 2.537349 0.997135
v 6.245701 2.527819 0.997135
v 6.22253 2.546156 0.997152
v 6.243268 2.61339 0.936255
v 6.262967 2.606498 0.936255
v 6.280638 2.595395 0.936255
v 6.295394 2.580638 0.936255
v 6.306498 2.562967 0.936255
v 6.313391 2.543269 0.936255
v 6.22253 2.588108 0.975429
v 6.22253 2.568701 0.988703
v 6.22253 2.568435 0.988803
v 6.22253 2.546297 0.997135
v 6.251318 2.558628 0.988703
v 6.258628 2.551317 0.988703
v 6.264129 2.542563 0.988703
v 6.267543 2.532804 0.988703
v 6.242563 2.564129 0.988703
v 6.237349 2.541112 0.997135
v 6.251136 2.581931 0.975189
v 6.263637 2.574076 0.975189
v 6.274076 2.563637 0.975189
v 6.281931 2.551136 0.975189
v 6.286807 2.537201 0.975189
v 6.25807 2.596329 0.957365
v 6.2736 2.58657 0.957365
v 6.286571 2.573601 0.957365
v 6.296329 2.55807 0.957365
v 6.302386 2.540757 0.957365
v 6.22253 2.615727 0.936255
v -6.239594 -2.586213 0.975189
v -6.23448 -2.567128 0.988703
v -6.228682 -2.545487 0.997135
v -6.234414 -2.543113 0.997135
v -6.243113 -2.534414 0.997135
v -6.239336 -2.539336 0.997135
v -6.245487 -2.528682 0.997135
v -6.246652 -2.612551 0.936255
v -6.248028 -2.617702 0.916959
v -6.247856 -2.617775 0.916945
v -6.271498 -2.60766 0.918846
v -6.269129 -2.603241 0.936255
v -6.271622 -2.607564 0.91885
v -6.28843 -2.58843 0.936255
v -6.291884 -2.591884 0.919494
v -6.303241 -2.569129 0.936255
v -6.307564 -2.571622 0.91885
v -6.30766 -2.571498 0.918846
v -6.312551 -2.546652 0.936255
v -6.317701 -2.548028 0.916959
v -6.317775 -2.547856 0.916945
v -6.315727 -2.522531 0.936255
v -6.246156 -2.522531 0.997152
v -6.245616 -2.562515 0.988703
v -6.255178 -2.555178 0.988703
v -6.262516 -2.545616 0.988703
v -6.267128 -2.53448 0.988703
v -6.246297 -2.522531 0.997135
v -6.268435 -2.522531 0.988803
v -6.268701 -2.522531 0.988703
v -6.288108 -2.522531 0.975429
v -6.255496 -2.579627 0.975189
v -6.269149 -2.569149 0.975189
v -6.279627 -2.555495 0.975189
v -6.286213 -2.539594 0.975189
v -6.243731 -2.601649 0.957365
v -6.263485 -2.593467 0.957365
v -6.28045 -2.580449 0.957365
v -6.293466 -2.563485 0.957365
v -6.30165 -2.54373 0.957365
v -6.28846 -2.522531 0.975189
v -6.304061 -2.522531 0.957789
v -6.30444 -2.522531 0.957365
v -6.315392 -2.522531 0.936881
v -6.22253 2.615727 0.936255
v -6.22253 2.615392 0.936881
v -6.22253 2.60444 0.957365
v -6.22253 2.604061 0.957789
v -6.22253 2.58846 0.975189
v -6.22253 2.588108 0.975429
v -6.22253 2.568701 0.988703
v -6.22253 2.568435 0.988803
v -6.22253 2.546297 0.997135
v -6.22253 2.546156 0.997152
v -6.315727 2.522531 0.936255
v -6.315392 2.522531 0.936881
v -6.30444 2.522531 0.957365
v -6.304061 2.522531 0.957789
v -6.28846 2.522531 0.975189
v -6.288108 2.522531 0.975429
v -6.268701 2.522531 0.988703
v -6.268435 2.522531 0.988803
v -6.246297 2.522531 0.997135
v -6.246156 2.522531 0.997152
v -6.448044 -2.678343 -0.01186
v -6.448044 -2.66485 -0.0
v -6.302386 2.540757 0.957365
v -6.286807 2.537201 0.975189
v -6.267543 2.532804 0.988703
v -6.245701 2.527819 0.997135
v -6.243943 2.532842 0.997135
v -6.232842 2.543943 0.997135
v -6.237349 2.541112 0.997135
v -6.227819 2.545701 0.997135
v -6.318288 2.544418 0.916534
v -6.313391 2.543269 0.936255
v -6.317775 2.547856 0.916945
v -6.306498 2.562967 0.936255
v -6.310475 2.564916 0.918317
v -6.30766 2.571498 0.918846
v -6.295394 2.580638 0.936255
v -6.298598 2.583208 0.919218
v -6.291884 2.591884 0.919494
v -6.280638 2.595395 0.936255
v -6.283208 2.598598 0.919218
v -6.271498 2.60766 0.918846
v -6.262967 2.606498 0.936255
v -6.264916 2.610476 0.918317
v -6.247856 2.617775 0.916945
v -6.243268 2.61339 0.936255
v -6.244417 2.618288 0.916534
v -6.258628 2.551317 0.988703
v -6.251318 2.558628 0.988703
v -6.242563 2.564129 0.988703
v -6.232805 2.567544 0.988703
v -6.264129 2.542563 0.988703
v -6.241112 2.537349 0.997135
v -6.281931 2.551136 0.975189
v -6.274076 2.563637 0.975189
v -6.263637 2.574076 0.975189
v -6.251136 2.581931 0.975189
v -6.237201 2.586807 0.975189
v -6.296329 2.55807 0.957365
v -6.286571 2.573601 0.957365
v -6.2736 2.58657 0.957365
v -6.25807 2.596329 0.957365
v -6.240757 2.602387 0.957365
v -6.448044 2.66485 0.0
v -6.448044 2.678343 -0.01186
usemtl 1
f 1// 2// 3//
f 3// 2// 4//
f 3// 4// 5//
f 6// 7// 8//
f 9// 5// 10//
f 10// 5// 11//
f 12// 13// 14//
f 14// 13// 2//
f 14// 2// 15//
f 16// 17// 18//
f 18// 17// 19//
f 8// 15// 6//
f 6// 15// 2//
f 6// 2// 20//
f 20// 2// 1//
f 20// 1// 11//
f 21// 22// 23//
f 24// 25// 26//
f 26// 25// 27//
f 26// 27// 28//
f 29// 30// 26//
f 26// 30// 31//
f 32// 33// 34//
f 34// 33// 35//
f 31// 36// 26//
f 26// 36// 35//
f 26// 35// 37//
f 37// 35// 33//
f 28// 38// 26//
f 26// 38// 39//
f 26// 39// 29//
f 22// 40// 23//
f 23// 40// 1//
f 23// 1// 41//
f 41// 1// 42//
f 41// 42// 43//
f 43// 42// 44//
f 16// 45// 17//
f 17// 45// 46//
f 17// 46// 47//
f 47// 46// 48//
f 47// 48// 49//
f 48// 50// 49//
f 49// 50// 51//
f 49// 51// 23//
f 23// 51// 52//
f 23// 52// 21//
f 40// 53// 1//
f 1// 53// 54//
f 1// 54// 55//
f 55// 56// 1//
f 1// 56// 57//
f 1// 57// 11//
f 11// 57// 58//
f 11// 58// 10//
f 10// 58// 59//
f 10// 59// 26//
f 26// 59// 60//
f 26// 60// 24//
f 17// 43// 19//
f 19// 43// 44//
f 19// 44// 61//
f 61// 44// 62//
f 61// 62// 63//
f 63// 62// 64//
f 63// 64// 65//
f 66// 67// 64//
f 64// 67// 3//
f 64// 3// 65//
f 65// 3// 5//
f 65// 5// 68//
f 68// 5// 9//
f 69// 70// 71//
f 72// 3// 73//
f 73// 3// 67//
f 73// 67// 74//
f 74// 67// 75//
f 74// 75// 76//
f 76// 75// 1//
f 71// 77// 69//
f 69// 77// 78//
f 69// 78// 79//
f 80// 81// 3//
f 3// 81// 82//
f 3// 82// 1//
f 1// 82// 83//
f 84// 85// 76//
f 76// 85// 86//
f 83// 87// 1//
f 1// 87// 88//
f 1// 88// 76//
f 76// 88// 89//
f 76// 89// 84//
f 79// 80// 69//
f 69// 80// 3//
f 69// 3// 90//
f 90// 3// 72//
f 90// 72// 91//
f 91// 72// 92//
f 86// 93// 76//
f 76// 93// 94//
f 76// 94// 69//
f 69// 94// 95//
f 69// 95// 70//
f 96// 97// 42//
f 98// 99// 100//
f 101// 102// 75//
f 75// 102// 103//
f 98// 75// 104//
f 104// 75// 105//
f 106// 107// 108//
f 108// 107// 109//
f 98// 100// 75//
f 75// 100// 108//
f 75// 108// 42//
f 42// 108// 109//
f 42// 109// 110//
f 111// 112// 42//
f 103// 113// 75//
f 75// 113// 114//
f 75// 114// 105//
f 115// 116// 117//
f 117// 111// 115//
f 115// 111// 42//
f 115// 42// 118//
f 118// 42// 110//
f 118// 110// 119//
f 119// 110// 120//
f 121// 122// 42//
f 123// 124// 125//
f 125// 121// 123//
f 123// 121// 42//
f 123// 42// 126//
f 126// 42// 112//
f 126// 112// 127//
f 127// 112// 128//
f 129// 130// 42//
f 131// 132// 133//
f 133// 129// 131//
f 131// 129// 42//
f 131// 42// 134//
f 134// 42// 122//
f 134// 122// 135//
f 135// 122// 136//
f 137// 138// 139//
f 139// 140// 137//
f 137// 140// 42//
f 137// 42// 141//
f 141// 42// 130//
f 141// 130// 142//
f 142// 130// 143//
f 140// 144// 42//
f 42// 144// 145//
f 42// 145// 146//
f 146// 147// 42//
f 42// 147// 148//
f 42// 148// 149//
f 149// 150// 42//
f 42// 150// 151//
f 42// 151// 96//
f 146// 145// 152//
f 152// 145// 153//
f 152// 153// 154//
f 139// 138// 154//
f 154// 138// 155//
f 154// 155// 152//
f 152// 155// 156//
f 142// 143// 156//
f 156// 143// 157//
f 156// 157// 152//
f 152// 157// 158//
f 133// 132// 158//
f 158// 132// 159//
f 158// 159// 152//
f 152// 159// 160//
f 135// 136// 160//
f 160// 136// 161//
f 160// 161// 152//
f 152// 161// 162//
f 125// 124// 162//
f 162// 124// 163//
f 162// 163// 152//
f 152// 163// 164//
f 165// 119// 120//
f 127// 128// 164//
f 164// 128// 166//
f 164// 166// 152//
f 152// 166// 167//
f 117// 116// 167//
f 167// 116// 168//
f 167// 168// 152//
f 152// 168// 165//
f 152// 165// 169//
f 169// 165// 120//
f 107// 106// 170//
f 170// 106// 171//
f 99// 98// 172//
f 172// 98// 173//
f 172// 173// 171//
f 171// 173// 152//
f 171// 152// 170//
f 170// 152// 169//
f 174// 175// 66//
f 176// 177// 178//
f 179// 180// 181//
f 181// 180// 182//
f 183// 184// 62//
f 62// 184// 185//
f 176// 62// 186//
f 186// 62// 187//
f 176// 178// 62//
f 62// 178// 181//
f 62// 181// 66//
f 66// 181// 182//
f 66// 182// 188//
f 185// 189// 62//
f 62// 189// 190//
f 62// 190// 187//
f 191// 192// 193//
f 194// 195// 66//
f 193// 194// 191//
f 191// 194// 66//
f 191// 66// 196//
f 196// 66// 188//
f 196// 188// 197//
f 197// 188// 198//
f 199// 200// 201//
f 202// 203// 66//
f 201// 202// 199//
f 199// 202// 66//
f 199// 66// 204//
f 204// 66// 195//
f 204// 195// 205//
f 205// 195// 206//
f 207// 208// 209//
f 210// 211// 66//
f 209// 210// 207//
f 207// 210// 66//
f 207// 66// 212//
f 212// 66// 203//
f 212// 203// 213//
f 213// 203// 214//
f 215// 216// 217//
f 217// 218// 215//
f 215// 218// 66//
f 215// 66// 219//
f 219// 66// 211//
f 219// 211// 220//
f 220// 211// 221//
f 218// 222// 66//
f 66// 222// 223//
f 66// 223// 224//
f 224// 225// 66//
f 66// 225// 226//
f 66// 226// 227//
f 227// 228// 66//
f 66// 228// 229//
f 66// 229// 174//
f 224// 223// 230//
f 230// 223// 231//
f 230// 231// 232//
f 217// 216// 232//
f 232// 216// 233//
f 232// 233// 230//
f 230// 233// 234//
f 220// 221// 234//
f 234// 221// 235//
f 234// 235// 230//
f 230// 235// 236//
f 209// 208// 236//
f 236// 208// 237//
f 236// 237// 230//
f 230// 237// 238//
f 213// 214// 238//
f 238// 214// 239//
f 238// 239// 230//
f 230// 239// 240//
f 201// 200// 240//
f 240// 200// 241//
f 240// 241// 230//
f 230// 241// 242//
f 243// 197// 198//
f 205// 206// 242//
f 242// 206// 244//
f 242// 244// 230//
f 230// 244// 245//
f 193// 192// 245//
f 245// 192// 246//
f 245// 246// 230//
f 230// 246// 243//
f 230// 243// 247//
f 247// 243// 198//
f 180// 179// 248//
f 248// 179// 249//
f 177// 176// 250//
f 250// 176// 251//
f 250// 251// 249//
f 249// 251// 230//
f 249// 230// 248//
f 248// 230// 247//
f 252// 253// 254//
f 42// 97// 62//
f 62// 97// 255//
f 62// 255// 252//
f 183// 62// 256//
f 256// 62// 252//
f 256// 252// 257//
f 257// 252// 254//
f 258// 259// 260//
f 66// 175// 75//
f 75// 175// 261//
f 75// 261// 258//
f 101// 75// 262//
f 262// 75// 258//
f 262// 258// 263//
f 263// 258// 260//
f 264// 265// 266//
f 266// 265// 267//
f 268// 269// 270//
f 270// 269// 271//
f 272// 273// 274//
f 275// 276// 274//
f 274// 276// 277//
f 274// 277// 278//
f 278// 277// 279//
f 273// 280// 274//
f 274// 280// 281//
f 274// 281// 275//
f 282// 283// 284//
f 284// 283// 285//
f 284// 285// 286//
f 286// 285// 287//
f 282// 288// 283//
f 283// 288// 289//
f 283// 289// 290//
f 279// 291// 278//
f 278// 291// 292//
f 278// 292// 293//
f 293// 294// 278//
f 278// 294// 295//
f 278// 295// 285//
f 285// 295// 296//
f 285// 296// 287//
f 290// 297// 283//
f 283// 297// 298//
f 283// 298// 274//
f 274// 298// 299//
f 274// 299// 272//
usemtl 2
f 241// 300// 242//
f 242// 300// 301//
f 302// 303// 304//
f 304// 303// 305//
f 306// 302// 307//
f 307// 302// 304//
f 308// 306// 309//
f 309// 306// 307//
f 308// 309// 310//
f 308// 310// 311//
f 311// 310// 312//
f 311// 312// 313//
f 313// 312// 314//
f 313// 314// 315//
f 315// 314// 316//
f 315// 316// 317//
f 317// 316// 318//
f 317// 318// 319//
f 319// 318// 320//
f 319// 320// 321//
f 322// 321// 323//
f 323// 321// 320//
f 322// 323// 324//
f 324// 323// 325//
f 324// 325// 326//
f 326// 325// 327//
f 326// 327// 328//
f 328// 327// 329//
f 328// 329// 330//
f 330// 329// 331//
f 330// 331// 332//
f 332// 331// 333//
f 332// 333// 334//
f 334// 333// 335//
f 204// 334// 199//
f 199// 334// 335//
f 301// 300// 336//
f 301// 336// 337//
f 337// 336// 338//
f 337// 338// 339//
f 339// 338// 340//
f 339// 340// 341//
f 341// 340// 342//
f 341// 342// 343//
f 343// 342// 344//
f 343// 344// 345//
f 345// 344// 346//
f 345// 346// 347//
f 348// 347// 349//
f 349// 347// 346//
f 348// 349// 350//
f 350// 349// 351//
f 350// 351// 352//
f 352// 351// 353//
f 352// 353// 354//
f 354// 353// 355//
f 354// 355// 356//
f 356// 355// 357//
f 356// 357// 358//
f 358// 357// 359//
f 358// 359// 303//
f 303// 359// 305//
f 334// 204// 205//
f 205// 242// 301//
f 332// 334// 339//
f 339// 334// 205//
f 339// 205// 337//
f 337// 205// 301//
f 302// 306// 303//
f 303// 306// 308//
f 303// 308// 358//
f 358// 308// 311//
f 358// 311// 356//
f 356// 311// 313//
f 356// 313// 354//
f 354// 313// 315//
f 354// 315// 352//
f 352// 315// 317//
f 352// 317// 350//
f 350// 317// 319//
f 350// 319// 348//
f 348// 319// 321//
f 348// 321// 347//
f 347// 321// 322//
f 347// 322// 345//
f 345// 322// 324//
f 345// 324// 343//
f 343// 324// 326//
f 343// 326// 341//
f 341// 326// 328//
f 341// 328// 339//
f 339// 328// 330//
f 339// 330// 332//
f 300// 241// 200//
f 300// 200// 336//
f 335// 333// 338//
f 338// 333// 331//
f 338// 331// 340//
f 340// 331// 329//
f 340// 329// 342//
f 342// 329// 327//
f 342// 327// 344//
f 344// 327// 325//
f 344// 325// 346//
f 346// 325// 323//
f 346// 323// 349//
f 349// 323// 320//
f 349// 320// 351//
f 351// 320// 318//
f 351// 318// 353//
f 353// 318// 316//
f 353// 316// 355//
f 355// 316// 314//
f 355// 314// 357//
f 357// 314// 312//
f 357// 312// 359//
f 359// 312// 310//
f 359// 310// 305//
f 305// 310// 309//
f 305// 309// 304//
f 304// 309// 307//
f 336// 200// 338//
f 338// 200// 199//
f 338// 199// 335//
f 244// 360// 245//
f 245// 360// 361//
f 362// 363// 364//
f 364// 363// 365//
f 366// 362// 367//
f 367// 362// 364//
f 368// 366// 369//
f 369// 366// 367//
f 368// 369// 370//
f 368// 370// 371//
f 371// 370// 372//
f 371// 372// 373//
f 373// 372// 374//
f 373// 374// 375//
f 375// 374// 376//
f 375// 376// 377//
f 377// 376// 378//
f 377// 378// 379//
f 379// 378// 380//
f 379// 380// 381//
f 382// 381// 383//
f 383// 381// 380//
f 382// 383// 384//
f 384// 383// 385//
f 384// 385// 386//
f 386// 385// 387//
f 386// 387// 388//
f 388// 387// 389//
f 388// 389// 390//
f 390// 389// 391//
f 390// 391// 392//
f 392// 391// 393//
f 392// 393// 394//
f 394// 393// 395//
f 194// 394// 195//
f 195// 394// 395//
f 361// 360// 396//
f 361// 396// 397//
f 397// 396// 398//
f 397// 398// 399//
f 399// 398// 400//
f 399// 400// 401//
f 401// 400// 402//
f 401// 402// 403//
f 403// 402// 404//
f 403// 404// 405//
f 405// 404// 406//
f 405// 406// 407//
f 408// 407// 409//
f 409// 407// 406//
f 408// 409// 410//
f 410// 409// 411//
f 410// 411// 412//
f 412// 411// 413//
f 412// 413// 414//
f 414// 413// 415//
f 414// 415// 416//
f 416// 415// 417//
f 416// 417// 418//
f 418// 417// 419//
f 418// 419// 363//
f 363// 419// 365//
f 394// 194// 193//
f 193// 245// 361//
f 392// 394// 399//
f 399// 394// 193//
f 399// 193// 397//
f 397// 193// 361//
f 362// 366// 363//
f 363// 366// 368//
f 363// 368// 418//
f 418// 368// 371//
f 418// 371// 416//
f 416// 371// 373//
f 416// 373// 414//
f 414// 373// 375//
f 414// 375// 412//
f 412// 375// 377//
f 412// 377// 410//
f 410// 377// 379//
f 410// 379// 408//
f 408// 379// 381//
f 408// 381// 407//
f 407// 381// 382//
f 407// 382// 405//
f 405// 382// 384//
f 405// 384// 403//
f 403// 384// 386//
f 403// 386// 401//
f 401// 386// 388//
f 401// 388// 399//
f 399// 388// 390//
f 399// 390// 392//
f 360// 244// 206//
f 360// 206// 396//
f 395// 393// 398//
f 398// 393// 391//
f 398// 391// 400//
f 400// 391// 389//
f 400// 389// 402//
f 402// 389// 387//
f 402// 387// 404//
f 404// 387// 385//
f 404// 385// 406//
f 406// 385// 383//
f 406// 383// 409//
f 409// 383// 380//
f 409// 380// 411//
f 411// 380// 378//
f 411// 378// 413//
f 413// 378// 376//
f 413// 376// 415//
f 415// 376// 374//
f 415// 374// 417//
f 417// 374// 372//
f 417// 372// 419//
f 419// 372// 370//
f 419// 370// 365//
f 365// 370// 369//
f 365// 369// 364//
f 364// 369// 367//
f 396// 206// 398//
f 398// 206// 195//
f 398// 195// 395//
f 246// 420// 243//
f 243// 420// 421//
f 422// 423// 424//
f 424// 423// 425//
f 426// 422// 427//
f 427// 422// 424//
f 428// 426// 429//
f 429// 426// 427//
f 428// 429// 430//
f 428// 430// 431//
f 431// 430// 432//
f 431// 432// 433//
f 433// 432// 434//
f 433// 434// 435//
f 435// 434// 436//
f 435// 436// 437//
f 437// 436// 438//
f 437// 438// 439//
f 439// 438// 440//
f 439// 440// 441//
f 442// 441// 443//
f 443// 441// 440//
f 442// 443// 444//
f 444// 443// 445//
f 444// 445// 446//
f 446// 445// 447//
f 446// 447// 448//
f 448// 447// 449//
f 448// 449// 450//
f 450// 449// 451//
f 450// 451// 452//
f 452// 451// 453//
f 452// 453// 454//
f 454// 453// 455//
f 196// 454// 191//
f 191// 454// 455//
f 421// 420// 456//
f 421// 456// 457//
f 457// 456// 458//
f 457// 458// 459//
f 459// 458// 460//
f 459// 460// 461//
f 461// 460// 462//
f 461// 462// 463//
f 463// 462// 464//
f 463// 464// 465//
f 465// 464// 466//
f 465// 466// 467//
f 468// 467// 469//
f 469// 467// 466//
f 468// 469// 470//
f 470// 469// 471//
f 470// 471// 472//
f 472// 471// 473//
f 472// 473// 474//
f 474// 473// 475//
f 474// 475// 476//
f 476// 475// 477//
f 476// 477// 478//
f 478// 477// 479//
f 478// 479// 423//
f 423// 479// 425//
f 454// 196// 197//
f 197// 243// 421//
f 452// 454// 459//
f 459// 454// 197//
f 459// 197// 457//
f 457// 197// 421//
f 422// 426// 423//
f 423// 426// 428//
f 423// 428// 478//
f 478// 428// 431//
f 478// 431// 476//
f 476// 431// 433//
f 476// 433// 474//
f 474// 433// 435//
f 474// 435// 472//
f 472// 435// 437//
f 472// 437// 470//
f 470// 437// 439//
f 470// 439// 468//
f 468// 439// 441//
f 468// 441// 467//
f 467// 441// 442//
f 467// 442// 465//
f 465// 442// 444//
f 465// 444// 463//
f 463// 444// 446//
f 463// 446// 461//
f 461// 446// 448//
f 461// 448// 459//
f 459// 448// 450//
f 459// 450// 452//
f 420// 246// 192//
f 420// 192// 456//
f 455// 453// 458//
f 458// 453// 451//
f 458// 451// 460//
f 460// 451// 449//
f 460// 449// 462//
f 462// 449// 447//
f 462// 447// 464//
f 464// 447// 445//
f 464// 445// 466//
f 466// 445// 443//
f 466// 443// 469//
f 469// 443// 440//
f 469// 440// 471//
f 471// 440// 438//
f 471// 438// 473//
f 473// 438// 436//
f 473// 436// 475//
f 475// 436// 434//
f 475// 434// 477//
f 477// 434// 432//
f 477// 432// 479//
f 479// 432// 430//
f 479// 430// 425//
f 425// 430// 429//
f 425// 429// 424//
f 424// 429// 427//
f 456// 192// 458//
f 458// 192// 191//
f 458// 191// 455//
f 247// 480// 248//
f 248// 480// 481//
f 482// 483// 484//
f 484// 483// 485//
f 486// 482// 487//
f 487// 482// 484//
f 488// 486// 489//
f 489// 486// 487//
f 488// 489// 490//
f 488// 490// 491//
f 491// 490// 492//
f 491// 492// 493//
f 493// 492// 494//
f 493// 494// 495//
f 495// 494// 496//
f 495// 496// 497//
f 497// 496// 498//
f 497// 498// 499//
f 499// 498// 500//
f 499// 500// 501//
f 502// 501// 503//
f 503// 501// 500//
f 502// 503// 504//
f 504// 503// 505//
f 504// 505// 506//
f 506// 505// 507//
f 506// 507// 508//
f 508// 507// 509//
f 508// 509// 510//
f 510// 509// 511//
f 510// 511// 512//
f 512// 511// 513//
f 512// 513// 514//
f 514// 513// 515//
f 182// 514// 188//
f 188// 514// 515//
f 481// 480// 516//
f 481// 516// 517//
f 517// 516// 518//
f 517// 518// 519//
f 519// 518// 520//
f 519// 520// 521//
f 521// 520// 522//
f 521// 522// 523//
f 523// 522// 524//
f 523// 524// 525//
f 525// 524// 526//
f 525// 526// 527//
f 528// 527// 529//
f 529// 527// 526//
f 528// 529// 530//
f 530// 529// 531//
f 530// 531// 532//
f 532// 531// 533//
f 532// 533// 534//
f 534// 533// 535//
f 534// 535// 536//
f 536// 535// 537//
f 536// 537// 538//
f 538// 537// 539//
f 538// 539// 483//
f 483// 539// 485//
f 514// 182// 180//
f 180// 248// 481//
f 512// 514// 519//
f 519// 514// 180//
f 519// 180// 517//
f 517// 180// 481//
f 482// 486// 483//
f 483// 486// 488//
f 483// 488// 538//
f 538// 488// 491//
f 538// 491// 536//
f 536// 491// 493//
f 536// 493// 534//
f 534// 493// 495//
f 534// 495// 532//
f 532// 495// 497//
f 532// 497// 530//
f 530// 497// 499//
f 530// 499// 528//
f 528// 499// 501//
f 528// 501// 527//
f 527// 501// 502//
f 527// 502// 525//
f 525// 502// 504//
f 525// 504// 523//
f 523// 504// 506//
f 523// 506// 521//
f 521// 506// 508//
f 521// 508// 519//
f 519// 508// 510//
f 519// 510// 512//
f 480// 247// 198//
f 480// 198// 516//
f 515// 513// 518//
f 518// 513// 511//
f 518// 511// 520//
f 520// 511// 509//
f 520// 509// 522//
f 522// 509// 507//
f 522// 507// 524//
f 524// 507// 505//
f 524// 505// 526//
f 526// 505// 503//
f 526// 503// 529//
f 529// 503// 500//
f 529// 500// 531//
f 531// 500// 498//
f 531// 498// 533//
f 533// 498// 496//
f 533// 496// 535//
f 535// 496// 494//
f 535// 494// 537//
f 537// 494// 492//
f 537// 492// 539//
f 539// 492// 490//
f 539// 490// 485//
f 485// 490// 489//
f 485// 489// 484//
f 484// 489// 487//
f 516// 198// 518//
f 518// 198// 188//
f 518// 188// 515//
f 249// 540// 250//
f 250// 540// 541//
f 542// 543// 544//
f 544// 543// 545//
f 546// 542// 547//
f 547// 542// 544//
f 548// 546// 549//
f 549// 546// 547//
f 548// 549// 550//
f 548// 550// 551//
f 551// 550// 552//
f 551// 552// 553//
f 553// 552// 554//
f 553// 554// 555//
f 555// 554// 556//
f 555// 556// 557//
f 557// 556// 558//
f 557// 558// 559//
f 559// 558// 560//
f 559// 560// 561//
f 562// 561// 563//
f 563// 561// 560//
f 562// 563// 564//
f 564// 563// 565//
f 564// 565// 566//
f 566// 565// 567//
f 566// 567// 568//
f 568// 567// 569//
f 568// 569// 570//
f 570// 569// 571//
f 570// 571// 572//
f 572// 571// 573//
f 572// 573// 574//
f 574// 573// 575//
f 178// 574// 181//
f 181// 574// 575//
f 541// 540// 576//
f 541// 576// 577//
f 577// 576// 578//
f 577// 578// 579//
f 579// 578// 580//
f 579// 580// 581//
f 581// 580// 582//
f 581// 582// 583//
f 583// 582// 584//
f 583// 584// 585//
f 585// 584// 586//
f 585// 586// 587//
f 588// 587// 589//
f 589// 587// 586//
f 588// 589// 590//
f 590// 589// 591//
f 590// 591// 592//
f 592// 591// 593//
f 592// 593// 594//
f 594// 593// 595//
f 594// 595// 596//
f 596// 595// 597//
f 596// 597// 598//
f 598// 597// 599//
f 598// 599// 543//
f 543// 599// 545//
f 574// 178// 177//
f 177// 250// 541//
f 572// 574// 579//
f 579// 574// 177//
f 579// 177// 577//
f 577// 177// 541//
f 542// 546// 543//
f 543// 546// 548//
f 543// 548// 598//
f 598// 548// 551//
f 598// 551// 596//
f 596// 551// 553//
f 596// 553// 594//
f 594// 553// 555//
f 594// 555// 592//
f 592// 555// 557//
f 592// 557// 590//
f 590// 557// 559//
f 590// 559// 588//
f 588// 559// 561//
f 588// 561// 587//
f 587// 561// 562//
f 587// 562// 585//
f 585// 562// 564//
f 585// 564// 583//
f 583// 564// 566//
f 583// 566// 581//
f 581// 566// 568//
f 581// 568// 579//
f 579// 568// 570//
f 579// 570// 572//
f 540// 249// 179//
f 540// 179// 576//
f 575// 573// 578//
f 578// 573// 571//
f 578// 571// 580//
f 580// 571// 569//
f 580// 569// 582//
f 582// 569// 567//
f 582// 567// 584//
f 584// 567// 565//
f 584// 565// 586//
f 586// 565// 563//
f 586// 563// 589//
f 589// 563// 560//
f 589// 560// 591//
f 591// 560// 558//
f 591// 558// 593//
f 593// 558// 556//
f 593// 556// 595//
f 595// 556// 554//
f 595// 554// 597//
f 597// 554// 552//
f 597// 552// 599//
f 599// 552// 550//
f 599// 550// 545//
f 545// 550// 549//
f 545// 549// 544//
f 544// 549// 547//
f 576// 179// 578//
f 578// 179// 181//
f 578// 181// 575//
f 239// 600// 240//
f 240// 600// 601//
f 602// 603// 604//
f 604// 603// 605//
f 606// 602// 607//
f 607// 602// 604//
f 608// 606// 609//
f 609// 606// 607//
f 608// 609// 610//
f 608// 610// 611//
f 611// 610// 612//
f 611// 612// 613//
f 613// 612// 614//
f 613// 614// 615//
f 615// 614// 616//
f 615// 616// 617//
f 617// 616// 618//
f 617// 618// 619//
f 619// 618// 620//
f 619// 620// 621//
f 622// 621// 623//
f 623// 621// 620//
f 622// 623// 624//
f 624// 623// 625//
f 624// 625// 626//
f 626// 625// 627//
f 626// 627// 628//
f 628// 627// 629//
f 628// 629// 630//
f 630// 629// 631//
f 630// 631// 632//
f 632// 631// 633//
f 632// 633// 634//
f 634// 633// 635//
f 202// 634// 203//
f 203// 634// 635//
f 601// 600// 636//
f 601// 636// 637//
f 637// 636// 638//
f 637// 638// 639//
f 639// 638// 640//
f 639// 640// 641//
f 641// 640// 642//
f 641// 642// 643//
f 643// 642// 644//
f 643// 644// 645//
f 645// 644// 646//
f 645// 646// 647//
f 648// 647// 649//
f 649// 647// 646//
f 648// 649// 650//
f 650// 649// 651//
f 650// 651// 652//
f 652// 651// 653//
f 652// 653// 654//
f 654// 653// 655//
f 654// 655// 656//
f 656// 655// 657//
f 656// 657// 658//
f 658// 657// 659//
f 658// 659// 603//
f 603// 659// 605//
f 634// 202// 201//
f 201// 240// 601//
f 632// 634// 639//
f 639// 634// 201//
f 639// 201// 637//
f 637// 201// 601//
f 602// 606// 603//
f 603// 606// 608//
f 603// 608// 658//
f 658// 608// 611//
f 658// 611// 656//
f 656// 611// 613//
f 656// 613// 654//
f 654// 613// 615//
f 654// 615// 652//
f 652// 615// 617//
f 652// 617// 650//
f 650// 617// 619//
f 650// 619// 648//
f 648// 619// 621//
f 648// 621// 647//
f 647// 621// 622//
f 647// 622// 645//
f 645// 622// 624//
f 645// 624// 643//
f 643// 624// 626//
f 643// 626// 641//
f 641// 626// 628//
f 641// 628// 639//
f 639// 628// 630//
f 639// 630// 632//
f 600// 239// 214//
f 600// 214// 636//
f 635// 633// 638//
f 638// 633// 631//
f 638// 631// 640//
f 640// 631// 629//
f 640// 629// 642//
f 642// 629// 627//
f 642// 627// 644//
f 644// 627// 625//
f 644// 625// 646//
f 646// 625// 623//
f 646// 623// 649//
f 649// 623// 620//
f 649// 620// 651//
f 651// 620// 618//
f 651// 618// 653//
f 653// 618// 616//
f 653// 616// 655//
f 655// 616// 614//
f 655// 614// 657//
f 657// 614// 612//
f 657// 612// 659//
f 659// 612// 610//
f 659// 610// 605//
f 605// 610// 609//
f 605// 609// 604//
f 604// 609// 607//
f 636// 214// 638//
f 638// 214// 203//
f 638// 203// 635//
f 237// 660// 238//
f 238// 660// 661//
f 662// 663// 664//
f 664// 663// 665//
f 666// 662// 667//
f 667// 662// 664//
f 668// 666// 669//
f 669// 666// 667//
f 668// 669// 670//
f 668// 670// 671//
f 671// 670// 672//
f 671// 672// 673//
f 673// 672// 674//
f 673// 674// 675//
f 675// 674// 676//
f 675// 676// 677//
f 677// 676// 678//
f 677// 678// 679//
f 679// 678// 680//
f 679// 680// 681//
f 682// 681// 683//
f 683// 681// 680//
f 682// 683// 684//
f 684// 683// 685//
f 684// 685// 686//
f 686// 685// 687//
f 686// 687// 688//
f 688// 687// 689//
f 688// 689// 690//
f 690// 689// 691//
f 690// 691// 692//
f 692// 691// 693//
f 692// 693// 694//
f 694// 693// 695//
f 212// 694// 207//
f 207// 694// 695//
f 661// 660// 696//
f 661// 696// 697//
f 697// 696// 698//
f 697// 698// 699//
f 699// 698// 700//
f 699// 700// 701//
f 701// 700// 702//
f 701// 702// 703//
f 703// 702// 704//
f 703// 704// 705//
f 705// 704// 706//
f 705// 706// 707//
f 708// 707// 709//
f 709// 707// 706//
f 708// 709// 710//
f 710// 709// 711//
f 710// 711// 712//
f 712// 711// 713//
f 712// 713// 714//
f 714// 713// 715//
f 714// 715// 716//
f 716// 715// 717//
f 716// 717// 718//
f 718// 717// 719//
f 718// 719// 663//
f 663// 719// 665//
f 694// 212// 213//
f 213// 238// 661//
f 692// 694// 699//
f 699// 694// 213//
f 699// 213// 697//
f 697// 213// 661//
f 662// 666// 663//
f 663// 666// 668//
f 663// 668// 718//
f 718// 668// 671//
f 718// 671// 716//
f 716// 671// 673//
f 716// 673// 714//
f 714// 673// 675//
f 714// 675// 712//
f 712// 675// 677//
f 712// 677// 710//
f 710// 677// 679//
f 710// 679// 708//
f 708// 679// 681//
f 708// 681// 707//
f 707// 681// 682//
f 707// 682// 705//
f 705// 682// 684//
f 705// 684// 703//
f 703// 684// 686//
f 703// 686// 701//
f 701// 686// 688//
f 701// 688// 699//
f 699// 688// 690//
f 699// 690// 692//
f 660// 237// 208//
f 660// 208// 696//
f 695// 693// 698//
f 698// 693// 691//
f 698// 691// 700//
f 700// 691// 689//
f 700// 689// 702//
f 702// 689// 687//
f 702// 687// 704//
f 704// 687// 685//
f 704// 685// 706//
f 706// 685// 683//
f 706// 683// 709//
f 709// 683// 680//
f 709// 680// 711//
f 711// 680// 678//
f 711// 678// 713//
f 713// 678// 676//
f 713// 676// 715//
f 715// 676// 674//
f 715// 674// 717//
f 717// 674// 672//
f 717// 672// 719//
f 719// 672// 670//
f 719// 670// 665//
f 665// 670// 669//
f 665// 669// 664//
f 664// 669// 667//
f 696// 208// 698//
f 698// 208// 207//
f 698// 207// 695//
f 235// 720// 236//
f 236// 720// 721//
f 722// 723// 724//
f 724// 723// 725//
f 726// 722// 727//
f 727// 722// 724//
f 728// 726// 729//
f 729// 726// 727//
f 728// 729// 730//
f 728// 730// 731//
f 731// 730// 732//
f 731// 732// 733//
f 733// 732// 734//
f 733// 734// 735//
f 735// 734// 736//
f 735// 736// 737//
f 737// 736// 738//
f 737// 738// 739//
f 739// 738// 740//
f 739// 740// 741//
f 742// 741// 743//
f 743// 741// 740//
f 742// 743// 744//
f 744// 743// 745//
f 744// 745// 746//
f 746// 745// 747//
f 746// 747// 748//
f 748// 747// 749//
f 748// 749// 750//
f 750// 749// 751//
f 750// 751// 752//
f 752// 751// 753//
f 752// 753// 754//
f 754// 753// 755//
f 210// 754// 211//
f 211// 754// 755//
f 721// 720// 756//
f 721// 756// 757//
f 757// 756// 758//
f 757// 758// 759//
f 759// 758// 760//
f 759// 760// 761//
f 761// 760// 762//
f 761// 762// 763//
f 763// 762// 764//
f 763// 764// 765//
f 765// 764// 766//
f 765// 766// 767//
f 768// 767// 769//
f 769// 767// 766//
f 768// 769// 770//
f 770// 769// 771//
f 770// 771// 772//
f 772// 771// 773//
f 772// 773// 774//
f 774// 773// 775//
f 774// 775// 776//
f 776// 775// 777//
f 776// 777// 778//
f 778// 777// 779//
f 778// 779// 723//
f 723// 779// 725//
f 754// 210// 209//
f 209// 236// 721//
f 752// 754// 759//
f 759// 754// 209//
f 759// 209// 757//
f 757// 209// 721//
f 722// 726// 723//
f 723// 726// 728//
f 723// 728// 778//
f 778// 728// 731//
f 778// 731// 776//
f 776// 731// 733//
f 776// 733// 774//
f 774// 733// 735//
f 774// 735// 772//
f 772// 735// 737//
f 772// 737// 770//
f 770// 737// 739//
f 770// 739// 768//
f 768// 739// 741//
f 768// 741// 767//
f 767// 741// 742//
f 767// 742// 765//
f 765// 742// 744//
f 765// 744// 763//
f 763// 744// 746//
f 763// 746// 761//
f 761// 746// 748//
f 761// 748// 759//
f 759// 748// 750//
f 759// 750// 752//
f 720// 235// 221//
f 720// 221// 756//
f 755// 753// 758//
f 758// 753// 751//
f 758// 751// 760//
f 760// 751// 749//
f 760// 749// 762//
f 762// 749// 747//
f 762// 747// 764//
f 764// 747// 745//
f 764// 745// 766//
f 766// 745// 743//
f 766// 743// 769//
f 769// 743// 740//
f 769// 740// 771//
f 771// 740// 738//
f 771// 738// 773//
f 773// 738// 736//
f 773// 736// 775//
f 775// 736// 734//
f 775// 734// 777//
f 777// 734// 732//
f 777// 732// 779//
f 779// 732// 730//
f 779// 730// 725//
f 725// 730// 729//
f 725// 729// 724//
f 724// 729// 727//
f 756// 221// 758//
f 758// 221// 211//
f 758// 211// 755//
f 233// 780// 234//
f 234// 780// 781//
f 782// 783// 784//
f 784// 783// 785//
f 786// 782// 787//
f 787// 782// 784//
f 788// 786// 789//
f 789// 786// 787//
f 788// 789// 790//
f 788// 790// 791//
f 791// 790// 792//
f 791// 792// 793//
f 793// 792// 794//
f 793// 794// 795//
f 795// 794// 796//
f 795// 796// 797//
f 797// 796// 798//
f 797// 798// 799//
f 799// 798// 800//
f 799// 800// 801//
f 802// 801// 803//
f 803// 801// 800//
f 802// 803// 804//
f 804// 803// 805//
f 804// 805// 806//
f 806// 805// 807//
f 806// 807// 808//
f 808// 807// 809//
f 808// 809// 810//
f 810// 809// 811//
f 810// 811// 812//
f 812// 811// 813//
f 812// 813// 814//
f 814// 813// 815//
f 219// 814// 215//
f 215// 814// 815//
f 781// 780// 816//
f 781// 816// 817//
f 817// 816// 818//
f 817// 818// 819//
f 819// 818// 820//
f 819// 820// 821//
f 821// 820// 822//
f 821// 822// 823//
f 823// 822// 824//
f 823// 824// 825//
f 825// 824// 826//
f 825// 826// 827//
f 828// 827// 829//
f 829// 827// 826//
f 828// 829// 830//
f 830// 829// 831//
f 830// 831// 832//
f 832// 831// 833//
f 832// 833// 834//
f 834// 833// 835//
f 834// 835// 836//
f 836// 835// 837//
f 836// 837// 838//
f 838// 837// 839//
f 838// 839// 783//
f 783// 839// 785//
f 814// 219// 220//
f 220// 234// 781//
f 812// 814// 819//
f 819// 814// 220//
f 819// 220// 817//
f 817// 220// 781//
f 782// 786// 783//
f 783// 786// 788//
f 783// 788// 838//
f 838// 788// 791//
f 838// 791// 836//
f 836// 791// 793//
f 836// 793// 834//
f 834// 793// 795//
f 834// 795// 832//
f 832// 795// 797//
f 832// 797// 830//
f 830// 797// 799//
f 830// 799// 828//
f 828// 799// 801//
f 828// 801// 827//
f 827// 801// 802//
f 827// 802// 825//
f 825// 802// 804//
f 825// 804// 823//
f 823// 804// 806//
f 823// 806// 821//
f 821// 806// 808//
f 821// 808// 819//
f 819// 808// 810//
f 819// 810// 812//
f 780// 233// 216//
f 780// 216// 816//
f 815// 813// 818//
f 818// 813// 811//
f 818// 811// 820//
f 820// 811// 809//
f 820// 809// 822//
f 822// 809// 807//
f 822// 807// 824//
f 824// 807// 805//
f 824// 805// 826//
f 826// 805// 803//
f 826// 803// 829//
f 829// 803// 800//
f 829// 800// 831//
f 831// 800// 798//
f 831// 798// 833//
f 833// 798// 796//
f 833// 796// 835//
f 835// 796// 794//
f 835// 794// 837//
f 837// 794// 792//
f 837// 792// 839//
f 839// 792// 790//
f 839// 790// 785//
f 785// 790// 789//
f 785// 789// 784//
f 784// 789// 787//
f 816// 216// 818//
f 818// 216// 215//
f 818// 215// 815//
f 231// 840// 232//
f 232// 840// 841//
f 842// 843// 844//
f 844// 843// 845//
f 846// 842// 847//
f 847// 842// 844//
f 848// 846// 849//
f 849// 846// 847//
f 848// 849// 850//
f 848// 850// 851//
f 851// 850// 852//
f 851// 852// 853//
f 853// 852// 854//
f 853// 854// 855//
f 855// 854// 856//
f 855// 856// 857//
f 857// 856// 858//
f 857// 858// 859//
f 859// 858// 860//
f 859// 860// 861//
f 862// 861// 863//
f 863// 861// 860//
f 862// 863// 864//
f 864// 863// 865//
f 864// 865// 866//
f 866// 865// 867//
f 866// 867// 868//
f 868// 867// 869//
f 868// 869// 870//
f 870// 869// 871//
f 870// 871// 872//
f 872// 871// 873//
f 872// 873// 874//
f 874// 873// 875//
f 218// 874// 222//
f 222// 874// 875//
f 841// 840// 876//
f 841// 876// 877//
f 877// 876// 878//
f 877// 878// 879//
f 879// 878// 880//
f 879// 880// 881//
f 881// 880// 882//
f 881// 882// 883//
f 883// 882// 884//
f 883// 884// 885//
f 885// 884// 886//
f 885// 886// 887//
f 888// 887// 889//
f 889// 887// 886//
f 888// 889// 890//
f 890// 889// 891//
f 890// 891// 892//
f 892// 891// 893//
f 892// 893// 894//
f 894// 893// 895//
f 894// 895// 896//
f 896// 895// 897//
f 896// 897// 898//
f 898// 897// 899//
f 898// 899// 843//
f 843// 899// 845//
f 874// 218// 217//
f 217// 232// 841//
f 872// 874// 879//
f 879// 874// 217//
f 879// 217// 877//
f 877// 217// 841//
f 842// 846// 843//
f 843// 846// 848//
f 843// 848// 898//
f 898// 848// 851//
f 898// 851// 896//
f 896// 851// 853//
f 896// 853// 894//
f 894// 853// 855//
f 894// 855// 892//
f 892// 855// 857//
f 892// 857// 890//
f 890// 857// 859//
f 890// 859// 888//
f 888// 859// 861//
f 888// 861// 887//
f 887// 861// 862//
f 887// 862// 885//
f 885// 862// 864//
f 885// 864// 883//
f 883// 864// 866//
f 883// 866// 881//
f 881// 866// 868//
f 881// 868// 879//
f 879// 868// 870//
f 879// 870// 872//
f 840// 231// 223//
f 840// 223// 876//
f 875// 873// 878//
f 878// 873// 871//
f 878// 871// 880//
f 880// 871// 869//
f 880// 869// 882//
f 882// 869// 867//
f 882// 867// 884//
f 884// 867// 865//
f 884// 865// 886//
f 886// 865// 863//
f 886// 863// 889//
f 889// 863// 860//
f 889// 860// 891//
f 891// 860// 858//
f 891// 858// 893//
f 893// 858// 856//
f 893// 856// 895//
f 895// 856// 854//
f 895// 854// 897//
f 897// 854// 852//
f 897// 852// 899//
f 899// 852// 850//
f 899// 850// 845//
f 845// 850// 849//
f 845// 849// 844//
f 844// 849// 847//
f 876// 223// 878//
f 878// 223// 222//
f 878// 222// 875//
f 900// 901// 161//
f 161// 901// 162//
f 902// 903// 904//
f 904// 903// 905//
f 902// 904// 906//
f 906// 904// 907//
f 906// 907// 908//
f 908// 907// 909//
f 908// 909// 910//
f 910// 909// 911//
f 910// 911// 912//
f 912// 911// 913//
f 912// 913// 914//
f 914// 913// 915//
f 914// 915// 916//
f 916// 915// 917//
f 918// 916// 919//
f 919// 916// 917//
f 918// 919// 920//
f 918// 920// 921//
f 921// 920// 922//
f 921// 922// 923//
f 923// 922// 924//
f 923// 924// 925//
f 925// 924// 926//
f 925// 926// 927//
f 927// 926// 928//
f 927// 928// 929//
f 929// 928// 901//
f 929// 901// 900//
f 930// 931// 121//
f 121// 931// 122//
f 931// 930// 932//
f 932// 930// 933//
f 932// 933// 934//
f 934// 933// 935//
f 934// 935// 936//
f 936// 935// 937//
f 936// 937// 938//
f 938// 937// 939//
f 938// 939// 940//
f 940// 939// 941//
f 940// 941// 942//
f 942// 941// 943//
f 944// 942// 945//
f 945// 942// 943//
f 944// 945// 946//
f 944// 946// 947//
f 947// 946// 948//
f 947// 948// 949//
f 949// 948// 950//
f 949// 950// 951//
f 951// 950// 952//
f 951// 952// 953//
f 953// 952// 954//
f 953// 954// 955//
f 955// 954// 956//
f 955// 956// 957//
f 958// 957// 959//
f 959// 957// 956//
f 903// 958// 905//
f 905// 958// 959//
f 900// 161// 136//
f 900// 136// 929//
f 931// 932// 927//
f 927// 932// 934//
f 927// 934// 925//
f 925// 934// 936//
f 925// 936// 923//
f 923// 936// 938//
f 923// 938// 921//
f 921// 938// 940//
f 921// 940// 918//
f 918// 940// 942//
f 918// 942// 916//
f 916// 942// 944//
f 916// 944// 914//
f 914// 944// 947//
f 914// 947// 912//
f 912// 947// 949//
f 912// 949// 910//
f 910// 949// 951//
f 910// 951// 908//
f 908// 951// 953//
f 908// 953// 906//
f 906// 953// 955//
f 906// 955// 902//
f 902// 955// 957//
f 902// 957// 903//
f 903// 957// 958//
f 929// 136// 927//
f 927// 136// 122//
f 927// 122// 931//
f 162// 901// 125//
f 125// 901// 928//
f 125// 928// 926//
f 905// 959// 904//
f 904// 959// 956//
f 904// 956// 907//
f 907// 956// 954//
f 907// 954// 909//
f 909// 954// 952//
f 909// 952// 911//
f 911// 952// 950//
f 911// 950// 913//
f 913// 950// 948//
f 913// 948// 915//
f 915// 948// 946//
f 915// 946// 917//
f 917// 946// 945//
f 917// 945// 919//
f 919// 945// 943//
f 919// 943// 920//
f 920// 943// 941//
f 920// 941// 922//
f 922// 941// 939//
f 922// 939// 924//
f 924// 939// 937//
f 924// 937// 926//
f 926// 937// 935//
f 121// 125// 930//
f 930// 125// 926//
f 930// 926// 933//
f 933// 926// 935//
f 960// 961// 159//
f 159// 961// 160//
f 962// 963// 964//
f 964// 963// 965//
f 962// 964// 966//
f 966// 964// 967//
f 966// 967// 968//
f 968// 967// 969//
f 968// 969// 970//
f 970// 969// 971//
f 970// 971// 972//
f 972// 971// 973//
f 972// 973// 974//
f 974// 973// 975//
f 974// 975// 976//
f 976// 975// 977//
f 978// 976// 979//
f 979// 976// 977//
f 978// 979// 980//
f 978// 980// 981//
f 981// 980// 982//
f 981// 982// 983//
f 983// 982// 984//
f 983// 984// 985//
f 985// 984// 986//
f 985// 986// 987//
f 987// 986// 988//
f 987// 988// 989//
f 989// 988// 961//
f 989// 961// 960//
f 990// 991// 134//
f 134// 991// 131//
f 991// 990// 992//
f 992// 990// 993//
f 992// 993// 994//
f 994// 993// 995//
f 994// 995// 996//
f 996// 995// 997//
f 996// 997// 998//
f 998// 997// 999//
f 998// 999// 1000//
f 1000// 999// 1001//
f 1000// 1001// 1002//
f 1002// 1001// 1003//
f 1004// 1002// 1005//
f 1005// 1002// 1003//
f 1004// 1005// 1006//
f 1004// 1006// 1007//
f 1007// 1006// 1008//
f 1007// 1008// 1009//
f 1009// 1008// 1010//
f 1009// 1010// 1011//
f 1011// 1010// 1012//
f 1011// 1012// 1013//
f 1013// 1012// 1014//
f 1013// 1014// 1015//
f 1015// 1014// 1016//
f 1015// 1016// 1017//
f 1018// 1017// 1019//
f 1019// 1017// 1016//
f 963// 1018// 965//
f 965// 1018// 1019//
f 960// 159// 132//
f 960// 132// 989//
f 991// 992// 987//
f 987// 992// 994//
f 987// 994// 985//
f 985// 994// 996//
f 985// 996// 983//
f 983// 996// 998//
f 983// 998// 981//
f 981// 998// 1000//
f 981// 1000// 978//
f 978// 1000// 1002//
f 978// 1002// 976//
f 976// 1002// 1004//
f 976// 1004// 974//
f 974// 1004// 1007//
f 974// 1007// 972//
f 972// 1007// 1009//
f 972// 1009// 970//
f 970// 1009// 1011//
f 970// 1011// 968//
f 968// 1011// 1013//
f 968// 1013// 966//
f 966// 1013// 1015//
f 966// 1015// 962//
f 962// 1015// 1017//
f 962// 1017// 963//
f 963// 1017// 1018//
f 989// 132// 987//
f 987// 132// 131//
f 987// 131// 991//
f 160// 961// 135//
f 135// 961// 988//
f 135// 988// 986//
f 965// 1019// 964//
f 964// 1019// 1016//
f 964// 1016// 967//
f 967// 1016// 1014//
f 967// 1014// 969//
f 969// 1014// 1012//
f 969// 1012// 971//
f 971// 1012// 1010//
f 971// 1010// 973//
f 973// 1010// 1008//
f 973// 1008// 975//
f 975// 1008// 1006//
f 975// 1006// 977//
f 977// 1006// 1005//
f 977// 1005// 979//
f 979// 1005// 1003//
f 979// 1003// 980//
f 980// 1003// 1001//
f 980// 1001// 982//
f 982// 1001// 999//
f 982// 999// 984//
f 984// 999// 997//
f 984// 997// 986//
f 986// 997// 995//
f 134// 135// 990//
f 990// 135// 986//
f 990// 986// 993//
f 993// 986// 995//
f 1020// 1021// 157//
f 157// 1021// 158//
f 1022// 1023// 1024//
f 1024// 1023// 1025//
f 1022// 1024// 1026//
f 1026// 1024// 1027//
f 1026// 1027// 1028//
f 1028// 1027// 1029//
f 1028// 1029// 1030//
f 1030// 1029// 1031//
f 1030// 1031// 1032//
f 1032// 1031// 1033//
f 1032// 1033// 1034//
f 1034// 1033// 1035//
f 1034// 1035// 1036//
f 1036// 1035// 1037//
f 1038// 1036// 1039//
f 1039// 1036// 1037//
f 1038// 1039// 1040//
f 1038// 1040// 1041//
f 1041// 1040// 1042//
f 1041// 1042// 1043//
f 1043// 1042// 1044//
f 1043// 1044// 1045//
f 1045// 1044// 1046//
f 1045// 1046// 1047//
f 1047// 1046// 1048//
f 1047// 1048// 1049//
f 1049// 1048// 1021//
f 1049// 1021// 1020//
f 1050// 1051// 129//
f 129// 1051// 130//
f 1051// 1050// 1052//
f 1052// 1050// 1053//
f 1052// 1053// 1054//
f 1054// 1053// 1055//
f 1054// 1055// 1056//
f 1056// 1055// 1057//
f 1056// 1057// 1058//
f 1058// 1057// 1059//
f 1058// 1059// 1060//
f 1060// 1059// 1061//
f 1060// 1061// 1062//
f 1062// 1061// 1063//
f 1064// 1062// 1065//
f 1065// 1062// 1063//
f 1064// 1065// 1066//
f 1064// 1066// 1067//
f 1067// 1066// 1068//
f 1067// 1068// 1069//
f 1069// 1068// 1070//
f 1069// 1070// 1071//
f 1071// 1070// 1072//
f 1071// 1072// 1073//
f 1073// 1072// 1074//
f 1073// 1074// 1075//
f 1075// 1074// 1076//
f 1075// 1076// 1077//
f 1078// 1077// 1079//
f 1079// 1077// 1076//
f 1023// 1078// 1025//
f 1025// 1078// 1079//
f 1020// 157// 143//
f 1020// 143// 1049//
f 1051// 1052// 1047//
f 1047// 1052// 1054//
f 1047// 1054// 1045//
f 1045// 1054// 1056//
f 1045// 1056// 1043//
f 1043// 1056// 1058//
f 1043// 1058// 1041//
f 1041// 1058// 1060//
f 1041// 1060// 1038//
f 1038// 1060// 1062//
f 1038// 1062// 1036//
f 1036// 1062// 1064//
f 1036// 1064// 1034//
f 1034// 1064// 1067//
f 1034// 1067// 1032//
f 1032// 1067// 1069//
f 1032// 1069// 1030//
f 1030// 1069// 1071//
f 1030// 1071// 1028//
f 1028// 1071// 1073//
f 1028// 1073// 1026//
f 1026// 1073// 1075//
f 1026// 1075// 1022//
f 1022// 1075// 1077//
f 1022// 1077// 1023//
f 1023// 1077// 1078//
f 1049// 143// 1047//
f 1047// 143// 130//
f 1047// 130// 1051//
f 158// 1021// 133//
f 133// 1021// 1048//
f 133// 1048// 1046//
f 1025// 1079// 1024//
f 1024// 1079// 1076//
f 1024// 1076// 1027//
f 1027// 1076// 1074//
f 1027// 1074// 1029//
f 1029// 1074// 1072//
f 1029// 1072// 1031//
f 1031// 1072// 1070//
f 1031// 1070// 1033//
f 1033// 1070// 1068//
f 1033// 1068// 1035//
f 1035// 1068// 1066//
f 1035// 1066// 1037//
f 1037// 1066// 1065//
f 1037// 1065// 1039//
f 1039// 1065// 1063//
f 1039// 1063// 1040//
f 1040// 1063// 1061//
f 1040// 1061// 1042//
f 1042// 1061// 1059//
f 1042// 1059// 1044//
f 1044// 1059// 1057//
f 1044// 1057// 1046//
f 1046// 1057// 1055//
f 129// 133// 1050//
f 1050// 133// 1046//
f 1050// 1046// 1053//
f 1053// 1046// 1055//
f 1080// 1081// 155//
f 155// 1081// 156//
f 1082// 1083// 1084//
f 1084// 1083// 1085//
f 1082// 1084// 1086//
f 1086// 1084// 1087//
f 1086// 1087// 1088//
f 1088// 1087// 1089//
f 1088// 1089// 1090//
f 1090// 1089// 1091//
f 1090// 1091// 1092//
f 1092// 1091// 1093//
f 1092// 1093// 1094//
f 1094// 1093// 1095//
f 1094// 1095// 1096//
f 1096// 1095// 1097//
f 1098// 1096// 1099//
f 1099// 1096// 1097//
f 1098// 1099// 1100//
f 1098// 1100// 1101//
f 1101// 1100// 1102//
f 1101// 1102// 1103//
f 1103// 1102// 1104//
f 1103// 1104// 1105//
f 1105// 1104// 1106//
f 1105// 1106// 1107//
f 1107// 1106// 1108//
f 1107// 1108// 1109//
f 1109// 1108// 1081//
f 1109// 1081// 1080//
f 1110// 1111// 141//
f 141// 1111// 137//
f 1111// 1110// 1112//
f 1112// 1110// 1113//
f 1112// 1113// 1114//
f 1114// 1113// 1115//
f 1114// 1115// 1116//
f 1116// 1115// 1117//
f 1116// 1117// 1118//
f 1118// 1117// 1119//
f 1118// 1119// 1120//
f 1120// 1119// 1121//
f 1120// 1121// 1122//
f 1122// 1121// 1123//
f 1124// 1122// 1125//
f 1125// 1122// 1123//
f 1124// 1125// 1126//
f 1124// 1126// 1127//
f 1127// 1126// 1128//
f 1127// 1128// 1129//
f 1129// 1128// 1130//
f 1129// 1130// 1131//
f 1131// 1130// 1132//
f 1131// 1132// 1133//
f 1133// 1132// 1134//
f 1133// 1134// 1135//
f 1135// 1134// 1136//
f 1135// 1136// 1137//
f 1138// 1137// 1139//
f 1139// 1137// 1136//
f 1083// 1138// 1085//
f 1085// 1138// 1139//
f 1080// 155// 138//
f 1080// 138// 1109//
f 1111// 1112// 1107//
f 1107// 1112// 1114//
f 1107// 1114// 1105//
f 1105// 1114// 1116//
f 1105// 1116// 1103//
f 1103// 1116// 1118//
f 1103// 1118// 1101//
f 1101// 1118// 1120//
f 1101// 1120// 1098//
f 1098// 1120// 1122//
f 1098// 1122// 1096//
f 1096// 1122// 1124//
f 1096// 1124// 1094//
f 1094// 1124// 1127//
f 1094// 1127// 1092//
f 1092// 1127// 1129//
f 1092// 1129// 1090//
f 1090// 1129// 1131//
f 1090// 1131// 1088//
f 1088// 1131// 1133//
f 1088// 1133// 1086//
f 1086// 1133// 1135//
f 1086// 1135// 1082//
f 1082// 1135// 1137//
f 1082// 1137// 1083//
f 1083// 1137// 1138//
f 1109// 138// 1107//
f 1107// 138// 137//
f 1107// 137// 1111//
f 156// 1081// 142//
f 142// 1081// 1108//
f 142// 1108// 1106//
f 1085// 1139// 1084//
f 1084// 1139// 1136//
f 1084// 1136// 1087//
f 1087// 1136// 1134//
f 1087// 1134// 1089//
f 1089// 1134// 1132//
f 1089// 1132// 1091//
f 1091// 1132// 1130//
f 1091// 1130// 1093//
f 1093// 1130// 1128//
f 1093// 1128// 1095//
f 1095// 1128// 1126//
f 1095// 1126// 1097//
f 1097// 1126// 1125//
f 1097// 1125// 1099//
f 1099// 1125// 1123//
f 1099// 1123// 1100//
f 1100// 1123// 1121//
f 1100// 1121// 1102//
f 1102// 1121// 1119//
f 1102// 1119// 1104//
f 1104// 1119// 1117//
f 1104// 1117// 1106//
f 1106// 1117// 1115//
f 141// 142// 1110//
f 1110// 142// 1106//
f 1110// 1106// 1113//
f 1113// 1106// 1115//
f 1140// 1141// 153//
f 153// 1141// 154//
f 1142// 1143// 1144//
f 1144// 1143// 1145//
f 1142// 1144// 1146//
f 1146// 1144// 1147//
f 1146// 1147// 1148//
f 1148// 1147// 1149//
f 1148// 1149// 1150//
f 1150// 1149// 1151//
f 1150// 1151// 1152//
f 1152// 1151// 1153//
f 1152// 1153// 1154//
f 1154// 1153// 1155//
f 1154// 1155// 1156//
f 1156// 1155// 1157//
f 1158// 1156// 1159//
f 1159// 1156// 1157//
f 1158// 1159// 1160//
f 1158// 1160// 1161//
f 1161// 1160// 1162//
f 1161// 1162// 1163//
f 1163// 1162// 1164//
f 1163// 1164// 1165//
f 1165// 1164// 1166//
f 1165// 1166// 1167//
f 1167// 1166// 1168//
f 1167// 1168// 1169//
f 1169// 1168// 1141//
f 1169// 1141// 1140//
f 1170// 1171// 140//
f 140// 1171// 144//
f 1171// 1170// 1172//
f 1172// 1170// 1173//
f 1172// 1173// 1174//
f 1174// 1173// 1175//
f 1174// 1175// 1176//
f 1176// 1175// 1177//
f 1176// 1177// 1178//
f 1178// 1177// 1179//
f 1178// 1179// 1180//
f 1180// 1179// 1181//
f 1180// 1181// 1182//
f 1182// 1181// 1183//
f 1184// 1182// 1185//
f 1185// 1182// 1183//
f 1184// 1185// 1186//
f 1184// 1186// 1187//
f 1187// 1186// 1188//
f 1187// 1188// 1189//
f 1189// 1188// 1190//
f 1189// 1190// 1191//
f 1191// 1190// 1192//
f 1191// 1192// 1193//
f 1193// 1192// 1194//
f 1193// 1194// 1195//
f 1195// 1194// 1196//
f 1195// 1196// 1197//
f 1198// 1197// 1199//
f 1199// 1197// 1196//
f 1143// 1198// 1145//
f 1145// 1198// 1199//
f 1140// 153// 145//
f 1140// 145// 1169//
f 1171// 1172// 1167//
f 1167// 1172// 1174//
f 1167// 1174// 1165//
f 1165// 1174// 1176//
f 1165// 1176// 1163//
f 1163// 1176// 1178//
f 1163// 1178// 1161//
f 1161// 1178// 1180//
f 1161// 1180// 1158//
f 1158// 1180// 1182//
f 1158// 1182// 1156//
f 1156// 1182// 1184//
f 1156// 1184// 1154//
f 1154// 1184// 1187//
f 1154// 1187// 1152//
f 1152// 1187// 1189//
f 1152// 1189// 1150//
f 1150// 1189// 1191//
f 1150// 1191// 1148//
f 1148// 1191// 1193//
f 1148// 1193// 1146//
f 1146// 1193// 1195//
f 1146// 1195// 1142//
f 1142// 1195// 1197//
f 1142// 1197// 1143//
f 1143// 1197// 1198//
f 1169// 145// 1167//
f 1167// 145// 144//
f 1167// 144// 1171//
f 154// 1141// 139//
f 139// 1141// 1168//
f 139// 1168// 1166//
f 1145// 1199// 1144//
f 1144// 1199// 1196//
f 1144// 1196// 1147//
f 1147// 1196// 1194//
f 1147// 1194// 1149//
f 1149// 1194// 1192//
f 1149// 1192// 1151//
f 1151// 1192// 1190//
f 1151// 1190// 1153//
f 1153// 1190// 1188//
f 1153// 1188// 1155//
f 1155// 1188// 1186//
f 1155// 1186// 1157//
f 1157// 1186// 1185//
f 1157// 1185// 1159//
f 1159// 1185// 1183//
f 1159// 1183// 1160//
f 1160// 1183// 1181//
f 1160// 1181// 1162//
f 1162// 1181// 1179//
f 1162// 1179// 1164//
f 1164// 1179// 1177//
f 1164// 1177// 1166//
f 1166// 1177// 1175//
f 140// 139// 1170//
f 1170// 139// 1166//
f 1170// 1166// 1173//
f 1173// 1166// 1175//
f 1200// 1201// 163//
f 163// 1201// 164//
f 1202// 1203// 1204//
f 1204// 1203// 1205//
f 1202// 1204// 1206//
f 1206// 1204// 1207//
f 1206// 1207// 1208//
f 1208// 1207// 1209//
f 1208// 1209// 1210//
f 1210// 1209// 1211//
f 1210// 1211// 1212//
f 1212// 1211// 1213//
f 1212// 1213// 1214//
f 1214// 1213// 1215//
f 1214// 1215// 1216//
f 1216// 1215// 1217//
f 1218// 1216// 1219//
f 1219// 1216// 1217//
f 1218// 1219// 1220//
f 1218// 1220// 1221//
f 1221// 1220// 1222//
f 1221// 1222// 1223//
f 1223// 1222// 1224//
f 1223// 1224// 1225//
f 1225// 1224// 1226//
f 1225// 1226// 1227//
f 1227// 1226// 1228//
f 1227// 1228// 1229//
f 1229// 1228// 1201//
f 1229// 1201// 1200//
f 1230// 1231// 126//
f 126// 1231// 123//
f 1231// 1230// 1232//
f 1232// 1230// 1233//
f 1232// 1233// 1234//
f 1234// 1233// 1235//
f 1234// 1235// 1236//
f 1236// 1235// 1237//
f 1236// 1237// 1238//
f 1238// 1237// 1239//
f 1238// 1239// 1240//
f 1240// 1239// 1241//
f 1240// 1241// 1242//
f 1242// 1241// 1243//
f 1244// 1242// 1245//
f 1245// 1242// 1243//
f 1244// 1245// 1246//
f 1244// 1246// 1247//
f 1247// 1246// 1248//
f 1247// 1248// 1249//
f 1249// 1248// 1250//
f 1249// 1250// 1251//
f 1251// 1250// 1252//
f 1251// 1252// 1253//
f 1253// 1252// 1254//
f 1253// 1254// 1255//
f 1255// 1254// 1256//
f 1255// 1256// 1257//
f 1258// 1257// 1259//
f 1259// 1257// 1256//
f 1203// 1258// 1205//
f 1205// 1258// 1259//
f 1200// 163// 124//
f 1200// 124// 1229//
f 1231// 1232// 1227//
f 1227// 1232// 1234//
f 1227// 1234// 1225//
f 1225// 1234// 1236//
f 1225// 1236// 1223//
f 1223// 1236// 1238//
f 1223// 1238// 1221//
f 1221// 1238// 1240//
f 1221// 1240// 1218//
f 1218// 1240// 1242//
f 1218// 1242// 1216//
f 1216// 1242// 1244//
f 1216// 1244// 1214//
f 1214// 1244// 1247//
f 1214// 1247// 1212//
f 1212// 1247// 1249//
f 1212// 1249// 1210//
f 1210// 1249// 1251//
f 1210// 1251// 1208//
f 1208// 1251// 1253//
f 1208// 1253// 1206//
f 1206// 1253// 1255//
f 1206// 1255// 1202//
f 1202// 1255// 1257//
f 1202// 1257// 1203//
f 1203// 1257// 1258//
f 1229// 124// 1227//
f 1227// 124// 123//
f 1227// 123// 1231//
f 164// 1201// 127//
f 127// 1201// 1228//
f 127// 1228// 1226//
f 1205// 1259// 1204//
f 1204// 1259// 1256//
f 1204// 1256// 1207//
f 1207// 1256// 1254//
f 1207// 1254// 1209//
f 1209// 1254// 1252//
f 1209// 1252// 1211//
f 1211// 1252// 1250//
f 1211// 1250// 1213//
f 1213// 1250// 1248//
f 1213// 1248// 1215//
f 1215// 1248// 1246//
f 1215// 1246// 1217//
f 1217// 1246// 1245//
f 1217// 1245// 1219//
f 1219// 1245// 1243//
f 1219// 1243// 1220//
f 1220// 1243// 1241//
f 1220// 1241// 1222//
f 1222// 1241// 1239//
f 1222// 1239// 1224//
f 1224// 1239// 1237//
f 1224// 1237// 1226//
f 1226// 1237// 1235//
f 126// 127// 1230//
f 1230// 127// 1226//
f 1230// 1226// 1233//
f 1233// 1226// 1235//
f 1260// 1261// 166//
f 166// 1261// 167//
f 1262// 1263// 1264//
f 1264// 1263// 1265//
f 1262// 1264// 1266//
f 1266// 1264// 1267//
f 1266// 1267// 1268//
f 1268// 1267// 1269//
f 1268// 1269// 1270//
f 1270// 1269// 1271//
f 1270// 1271// 1272//
f 1272// 1271// 1273//
f 1272// 1273// 1274//
f 1274// 1273// 1275//
f 1274// 1275// 1276//
f 1276// 1275// 1277//
f 1278// 1276// 1279//
f 1279// 1276// 1277//
f 1278// 1279// 1280//
f 1278// 1280// 1281//
f 1281// 1280// 1282//
f 1281// 1282// 1283//
f 1283// 1282// 1284//
f 1283// 1284// 1285//
f 1285// 1284// 1286//
f 1285// 1286// 1287//
f 1287// 1286// 1288//
f 1287// 1288// 1289//
f 1289// 1288// 1261//
f 1289// 1261// 1260//
f 1290// 1291// 111//
f 111// 1291// 112//
f 1291// 1290// 1292//
f 1292// 1290// 1293//
f 1292// 1293// 1294//
f 1294// 1293// 1295//
f 1294// 1295// 1296//
f 1296// 1295// 1297//
f 1296// 1297// 1298//
f 1298// 1297// 1299//
f 1298// 1299// 1300//
f 1300// 1299// 1301//
f 1300// 1301// 1302//
f 1302// 1301// 1303//
f 1304// 1302// 1305//
f 1305// 1302// 1303//
f 1304// 1305// 1306//
f 1304// 1306// 1307//
f 1307// 1306// 1308//
f 1307// 1308// 1309//
f 1309// 1308// 1310//
f 1309// 1310// 1311//
f 1311// 1310// 1312//
f 1311// 1312// 1313//
f 1313// 1312// 1314//
f 1313// 1314// 1315//
f 1315// 1314// 1316//
f 1315// 1316// 1317//
f 1318// 1317// 1319//
f 1319// 1317// 1316//
f 1263// 1318// 1265//
f 1265// 1318// 1319//
f 1260// 166// 128//
f 1260// 128// 1289//
f 1291// 1292// 1287//
f 1287// 1292// 1294//
f 1287// 1294// 1285//
f 1285// 1294// 1296//
f 1285// 1296// 1283//
f 1283// 1296// 1298//
f 1283// 1298// 1281//
f 1281// 1298// 1300//
f 1281// 1300// 1278//
f 1278// 1300// 1302//
f 1278// 1302// 1276//
f 1276// 1302// 1304//
f 1276// 1304// 1274//
f 1274// 1304// 1307//
f 1274// 1307// 1272//
f 1272// 1307// 1309//
f 1272// 1309// 1270//
f 1270// 1309// 1311//
f 1270// 1311// 1268//
f 1268// 1311// 1313//
f 1268// 1313// 1266//
f 1266// 1313// 1315//
f 1266// 1315// 1262//
f 1262// 1315// 1317//
f 1262// 1317// 1263//
f 1263// 1317// 1318//
f 1289// 128// 1287//
f 1287// 128// 112//
f 1287// 112// 1291//
f 167// 1261// 117//
f 117// 1261// 1288//
f 117// 1288// 1286//
f 1265// 1319// 1264//
f 1264// 1319// 1316//
f 1264// 1316// 1267//
f 1267// 1316// 1314//
f 1267// 1314// 1269//
f 1269// 1314// 1312//
f 1269// 1312// 1271//
f 1271// 1312// 1310//
f 1271// 1310// 1273//
f 1273// 1310// 1308//
f 1273// 1308// 1275//
f 1275// 1308// 1306//
f 1275// 1306// 1277//
f 1277// 1306// 1305//
f 1277// 1305// 1279//
f 1279// 1305// 1303//
f 1279// 1303// 1280//
f 1280// 1303// 1301//
f 1280// 1301// 1282//
f 1282// 1301// 1299//
f 1282// 1299// 1284//
f 1284// 1299// 1297//
f 1284// 1297// 1286//
f 1286// 1297// 1295//
f 111// 117// 1290//
f 1290// 117// 1286//
f 1290// 1286// 1293//
f 1293// 1286// 1295//
f 1320// 1321// 168//
f 168// 1321// 165//
f 1322// 1323// 1324//
f 1324// 1323// 1325//
f 1322// 1324// 1326//
f 1326// 1324// 1327//
f 1326// 1327// 1328//
f 1328// 1327// 1329//
f 1328// 1329// 1330//
f 1330// 1329// 1331//
f 1330// 1331// 1332//
f 1332// 1331// 1333//
f 1332// 1333// 1334//
f 1334// 1333// 1335//
f 1334// 1335// 1336//
f 1336// 1335// 1337//
f 1338// 1336// 1339//
f 1339// 1336// 1337//
f 1338// 1339// 1340//
f 1338// 1340// 1341//
f 1341// 1340// 1342//
f 1341// 1342// 1343//
f 1343// 1342// 1344//
f 1343// 1344// 1345//
f 1345// 1344// 1346//
f 1345// 1346// 1347//
f 1347// 1346// 1348//
f 1347// 1348// 1349//
f 1349// 1348// 1321//
f 1349// 1321// 1320//
f 1350// 1351// 118//
f 118// 1351// 115//
f 1351// 1350// 1352//
f 1352// 1350// 1353//
f 1352// 1353// 1354//
f 1354// 1353// 1355//
f 1354// 1355// 1356//
f 1356// 1355// 1357//
f 1356// 1357// 1358//
f 1358// 1357// 1359//
f 1358// 1359// 1360//
f 1360// 1359// 1361//
f 1360// 1361// 1362//
f 1362// 1361// 1363//
f 1364// 1362// 1365//
f 1365// 1362// 1363//
f 1364// 1365// 1366//
f 1364// 1366// 1367//
f 1367// 1366// 1368//
f 1367// 1368// 1369//
f 1369// 1368// 1370//
f 1369// 1370// 1371//
f 1371// 1370// 1372//
f 1371// 1372// 1373//
f 1373// 1372// 1374//
f 1373// 1374// 1375//
f 1375// 1374// 1376//
f 1375// 1376// 1377//
f 1378// 1377// 1379//
f 1379// 1377// 1376//
f 1323// 1378// 1325//
f 1325// 1378// 1379//
f 1320// 168// 116//
f 1320// 116// 1349//
f 1351// 1352// 1347//
f 1347// 1352// 1354//
f 1347// 1354// 1345//
f 1345// 1354// 1356//
f 1345// 1356// 1343//
f 1343// 1356// 1358//
f 1343// 1358// 1341//
f 1341// 1358// 1360//
f 1341// 1360// 1338//
f 1338// 1360// 1362//
f 1338// 1362// 1336//
f 1336// 1362// 1364//
f 1336// 1364// 1334//
f 1334// 1364// 1367//
f 1334// 1367// 1332//
f 1332// 1367// 1369//
f 1332// 1369// 1330//
f 1330// 1369// 1371//
f 1330// 1371// 1328//
f 1328// 1371// 1373//
f 1328// 1373// 1326//
f 1326// 1373// 1375//
f 1326// 1375// 1322//
f 1322// 1375// 1377//
f 1322// 1377// 1323//
f 1323// 1377// 1378//
f 1349// 116// 1347//
f 1347// 116// 115//
f 1347// 115// 1351//
f 165// 1321// 119//
f 119// 1321// 1348//
f 119// 1348// 1346//
f 1325// 1379// 1324//
f 1324// 1379// 1376//
f 1324// 1376// 1327//
f 1327// 1376// 1374//
f 1327// 1374// 1329//
f 1329// 1374// 1372//
f 1329// 1372// 1331//
f 1331// 1372// 1370//
f 1331// 1370// 1333//
f 1333// 1370// 1368//
f 1333// 1368// 1335//
f 1335// 1368// 1366//
f 1335// 1366// 1337//
f 1337// 1366// 1365//
f 1337// 1365// 1339//
f 1339// 1365// 1363//
f 1339// 1363// 1340//
f 1340// 1363// 1361//
f 1340// 1361// 1342//
f 1342// 1361// 1359//
f 1342// 1359// 1344//
f 1344// 1359// 1357//
f 1344// 1357// 1346//
f 1346// 1357// 1355//
f 118// 119// 1350//
f 1350// 119// 1346//
f 1350// 1346// 1353//
f 1353// 1346// 1355//
f 1380// 1381// 169//
f 169// 1381// 170//
f 1382// 1383// 1384//
f 1384// 1383// 1385//
f 1382// 1384// 1386//
f 1386// 1384// 1387//
f 1386// 1387// 1388//
f 1388// 1387// 1389//
f 1388// 1389// 1390//
f 1390// 1389// 1391//
f 1390// 1391// 1392//
f 1392// 1391// 1393//
f 1392// 1393// 1394//
f 1394// 1393// 1395//
f 1394// 1395// 1396//
f 1396// 1395// 1397//
f 1398// 1396// 1399//
f 1399// 1396// 1397//
f 1398// 1399// 1400//
f 1398// 1400// 1401//
f 1401// 1400// 1402//
f 1401// 1402// 1403//
f 1403// 1402// 1404//
f 1403// 1404// 1405//
f 1405// 1404// 1406//
f 1405// 1406// 1407//
f 1407// 1406// 1408//
f 1407// 1408// 1409//
f 1409// 1408// 1381//
f 1409// 1381// 1380//
f 1410// 1411// 109//
f 109// 1411// 110//
f 1411// 1410// 1412//
f 1412// 1410// 1413//
f 1412// 1413// 1414//
f 1414// 1413// 1415//
f 1414// 1415// 1416//
f 1416// 1415// 1417//
f 1416// 1417// 1418//
f 1418// 1417// 1419//
f 1418// 1419// 1420//
f 1420// 1419// 1421//
f 1420// 1421// 1422//
f 1422// 1421// 1423//
f 1424// 1422// 1425//
f 1425// 1422// 1423//
f 1424// 1425// 1426//
f 1424// 1426// 1427//
f 1427// 1426// 1428//
f 1427// 1428// 1429//
f 1429// 1428// 1430//
f 1429// 1430// 1431//
f 1431// 1430// 1432//
f 1431// 1432// 1433//
f 1433// 1432// 1434//
f 1433// 1434// 1435//
f 1435// 1434// 1436//
f 1435// 1436// 1437//
f 1438// 1437// 1439//
f 1439// 1437// 1436//
f 1383// 1438// 1385//
f 1385// 1438// 1439//
f 1380// 169// 120//
f 1380// 120// 1409//
f 1411// 1412// 1407//
f 1407// 1412// 1414//
f 1407// 1414// 1405//
f 1405// 1414// 1416//
f 1405// 1416// 1403//
f 1403// 1416// 1418//
f 1403// 1418// 1401//
f 1401// 1418// 1420//
f 1401// 1420// 1398//
f 1398// 1420// 1422//
f 1398// 1422// 1396//
f 1396// 1422// 1424//
f 1396// 1424// 1394//
f 1394// 1424// 1427//
f 1394// 1427// 1392//
f 1392// 1427// 1429//
f 1392// 1429// 1390//
f 1390// 1429// 1431//
f 1390// 1431// 1388//
f 1388// 1431// 1433//
f 1388// 1433// 1386//
f 1386// 1433// 1435//
f 1386// 1435// 1382//
f 1382// 1435// 1437//
f 1382// 1437// 1383//
f 1383// 1437// 1438//
f 1409// 120// 1407//
f 1407// 120// 110//
f 1407// 110// 1411//
f 170// 1381// 107//
f 107// 1381// 1408//
f 107// 1408// 1406//
f 1385// 1439// 1384//
f 1384// 1439// 1436//
f 1384// 1436// 1387//
f 1387// 1436// 1434//
f 1387// 1434// 1389//
f 1389// 1434// 1432//
f 1389// 1432// 1391//
f 1391// 1432// 1430//
f 1391// 1430// 1393//
f 1393// 1430// 1428//
f 1393// 1428// 1395//
f 1395// 1428// 1426//
f 1395// 1426// 1397//
f 1397// 1426// 1425//
f 1397// 1425// 1399//
f 1399// 1425// 1423//
f 1399// 1423// 1400//
f 1400// 1423// 1421//
f 1400// 1421// 1402//
f 1402// 1421// 1419//
f 1402// 1419// 1404//
f 1404// 1419// 1417//
f 1404// 1417// 1406//
f 1406// 1417// 1415//
f 109// 107// 1410//
f 1410// 107// 1406//
f 1410// 1406// 1413//
f 1413// 1406// 1415//
f 1440// 1441// 171//
f 171// 1441// 172//
f 1442// 1443// 1444//
f 1444// 1443// 1445//
f 1442// 1444// 1446//
f 1446// 1444// 1447//
f 1446// 1447// 1448//
f 1448// 1447// 1449//
f 1448// 1449// 1450//
f 1450// 1449// 1451//
f 1450// 1451// 1452//
f 1452// 1451// 1453//
f 1452// 1453// 1454//
f 1454// 1453// 1455//
f 1454// 1455// 1456//
f 1456// 1455// 1457//
f 1458// 1456// 1459//
f 1459// 1456// 1457//
f 1458// 1459// 1460//
f 1458// 1460// 1461//
f 1461// 1460// 1462//
f 1461// 1462// 1463//
f 1463// 1462// 1464//
f 1463// 1464// 1465//
f 1465// 1464// 1466//
f 1465// 1466// 1467//
f 1467// 1466// 1468//
f 1467// 1468// 1469//
f 1469// 1468// 1441//
f 1469// 1441// 1440//
f 1470// 1471// 100//
f 100// 1471// 108//
f 1471// 1470// 1472//
f 1472// 1470// 1473//
f 1472// 1473// 1474//
f 1474// 1473// 1475//
f 1474// 1475// 1476//
f 1476// 1475// 1477//
f 1476// 1477// 1478//
f 1478// 1477// 1479//
f 1478// 1479// 1480//
f 1480// 1479// 1481//
f 1480// 1481// 1482//
f 1482// 1481// 1483//
f 1484// 1482// 1485//
f 1485// 1482// 1483//
f 1484// 1485// 1486//
f 1484// 1486// 1487//
f 1487// 1486// 1488//
f 1487// 1488// 1489//
f 1489// 1488// 1490//
f 1489// 1490// 1491//
f 1491// 1490// 1492//
f 1491// 1492// 1493//
f 1493// 1492// 1494//
f 1493// 1494// 1495//
f 1495// 1494// 1496//
f 1495// 1496// 1497//
f 1498// 1497// 1499//
f 1499// 1497// 1496//
f 1443// 1498// 1445//
f 1445// 1498// 1499//
f 1440// 171// 106//
f 1440// 106// 1469//
f 1471// 1472// 1467//
f 1467// 1472// 1474//
f 1467// 1474// 1465//
f 1465// 1474// 1476//
f 1465// 1476// 1463//
f 1463// 1476// 1478//
f 1463// 1478// 1461//
f 1461// 1478// 1480//
f 1461// 1480// 1458//
f 1458// 1480// 1482//
f 1458// 1482// 1456//
f 1456// 1482// 1484//
f 1456// 1484// 1454//
f 1454// 1484// 1487//
f 1454// 1487// 1452//
f 1452// 1487// 1489//
f 1452// 1489// 1450//
f 1450// 1489// 1491//
f 1450// 1491// 1448//
f 1448// 1491// 1493//
f 1448// 1493// 1446//
f 1446// 1493// 1495//
f 1446// 1495// 1442//
f 1442// 1495// 1497//
f 1442// 1497// 1443//
f 1443// 1497// 1498//
f 1469// 106// 1467//
f 1467// 106// 108//
f 1467// 108// 1471//
f 172// 1441// 99//
f 99// 1441// 1468//
f 99// 1468// 1466//
f 1445// 1499// 1444//
f 1444// 1499// 1496//
f 1444// 1496// 1447//
f 1447// 1496// 1494//
f 1447// 1494// 1449//
f 1449// 1494// 1492//
f 1449// 1492// 1451//
f 1451// 1492// 1490//
f 1451// 1490// 1453//
f 1453// 1490// 1488//
f 1453// 1488// 1455//
f 1455// 1488// 1486//
f 1455// 1486// 1457//
f 1457// 1486// 1485//
f 1457// 1485// 1459//
f 1459// 1485// 1483//
f 1459// 1483// 1460//
f 1460// 1483// 1481//
f 1460// 1481// 1462//
f 1462// 1481// 1479//
f 1462// 1479// 1464//
f 1464// 1479// 1477//
f 1464// 1477// 1466//
f 1466// 1477// 1475//
f 100// 99// 1470//
f 1470// 99// 1466//
f 1470// 1466// 1473//
f 1473// 1466// 1475//
usemtl 3
f 1500// 1501// 74//
f 74// 1501// 73//
f 1501// 1502// 73//
f 73// 1502// 72//
f 1502// 1503// 72//
f 72// 1503// 92//
f 1503// 1504// 92//
f 92// 1504// 91//
f 1504// 1505// 91//
f 91// 1505// 90//
f 1505// 1506// 90//
f 90// 1506// 69//
f 1506// 1507// 69//
f 69// 1507// 76//
f 1507// 1500// 76//
f 76// 1500// 74//
f 1508// 1504// 1509//
f 1509// 1504// 1503//
f 1510// 1507// 1508//
f 1508// 1507// 1506//
f 1508// 1506// 1504//
f 1504// 1506// 1505//
f 1510// 1511// 1507//
f 1507// 1511// 1512//
f 1507// 1512// 1500//
f 1500// 1512// 1513//
f 1500// 1513// 1514//
f 1514// 1515// 1500//
f 1500// 1515// 1509//
f 1500// 1509// 1501//
f 1501// 1509// 1503//
f 1501// 1503// 1502//
f 1508// 1509// 1516//
f 1516// 1509// 1517//
f 1510// 1508// 1518//
f 1518// 1508// 1516//
f 1510// 1518// 1519//
f 1510// 1519// 1511//
f 1511// 1519// 1520//
f 1511// 1520// 1512//
f 1513// 1512// 1521//
f 1521// 1512// 1520//
f 1513// 1521// 1522//
f 1513// 1522// 1514//
f 1514// 1522// 1523//
f 1514// 1523// 1515//
f 1509// 1515// 1517//
f 1517// 1515// 1523//
f 1524// 1525// 80//
f 80// 1525// 81//
f 1525// 1526// 81//
f 81// 1526// 82//
f 1526// 1527// 82//
f 82// 1527// 83//
f 1528// 94// 93//
f 1528// 93// 1529//
f 1529// 93// 86//
f 1529// 86// 1530//
f 1530// 86// 85//
f 1530// 85// 1531//
f 1531// 85// 84//
f 1531// 84// 1532//
f 1532// 84// 89//
f 1532// 89// 1533//
f 1533// 89// 88//
f 1533// 88// 1534//
f 1534// 88// 87//
f 1534// 87// 1535//
f 1535// 87// 83//
f 1535// 83// 1527//
f 1524// 80// 79//
f 1524// 79// 1536//
f 1536// 79// 78//
f 1536// 78// 1537//
f 1537// 78// 77//
f 1537// 77// 1538//
f 1538// 77// 71//
f 1538// 71// 1539//
f 1539// 71// 70//
f 1539// 70// 1540//
f 1540// 70// 95//
f 1540// 95// 1541//
f 1541// 95// 94//
f 1541// 94// 1528//
f 1530// 1531// 1542//
f 1542// 1531// 1532//
f 1542// 1532// 1543//
f 1543// 1532// 1533//
f 1543// 1533// 1544//
f 1544// 1533// 1534//
f 1544// 1534// 1545//
f 1545// 1534// 1535//
f 1545// 1535// 1546//
f 1546// 1535// 1527//
f 1546// 1527// 1547//
f 1547// 1527// 1526//
f 1547// 1526// 1548//
f 1548// 1526// 1525//
f 1548// 1525// 1549//
f 1549// 1525// 1524//
f 1549// 1524// 1550//
f 1550// 1524// 1536//
f 1550// 1536// 1551//
f 1551// 1536// 1537//
f 1551// 1537// 1552//
f 1552// 1537// 1538//
f 1552// 1538// 1553//
f 1553// 1538// 1539//
f 1553// 1539// 1554//
f 1554// 1539// 1540//
f 1554// 1540// 1555//
f 1555// 1540// 1541//
f 1555// 1541// 1556//
f 1556// 1541// 1528//
f 1556// 1528// 1557//
f 1557// 1528// 1529//
f 1557// 1529// 1558//
f 1558// 1529// 1530//
f 1558// 1530// 1542//
f 1546// 1547// 1559//
f 1559// 1547// 1560//
f 1546// 1559// 1561//
f 1546// 1561// 1545//
f 1545// 1561// 1562//
f 1545// 1562// 1544//
f 1544// 1562// 1563//
f 1544// 1563// 1543//
f 1543// 1563// 1564//
f 1543// 1564// 1542//
f 1542// 1564// 1565//
f 1542// 1565// 1558//
f 1558// 1565// 1566//
f 1558// 1566// 1557//
f 1557// 1566// 1567//
f 1557// 1567// 1556//
f 1556// 1567// 1568//
f 1556// 1568// 1555//
f 1555// 1568// 1569//
f 1555// 1569// 1554//
f 1554// 1569// 1570//
f 1554// 1570// 1553//
f 1553// 1570// 1571//
f 1553// 1571// 1552//
f 1552// 1571// 1572//
f 1552// 1572// 1551//
f 1551// 1572// 1573//
f 1551// 1573// 1550//
f 1550// 1573// 1574//
f 1550// 1574// 1549//
f 1548// 1549// 1575//
f 1575// 1549// 1574//
f 1547// 1548// 1560//
f 1560// 1548// 1575//
f 1576// 1577// 2//
f 2// 1577// 4//
f 1577// 1578// 4//
f 4// 1578// 5//
f 1578// 1579// 5//
f 5// 1579// 11//
f 1579// 1580// 11//
f 11// 1580// 20//
f 1580// 1581// 20//
f 20// 1581// 6//
f 1581// 1582// 6//
f 6// 1582// 7//
f 1582// 1583// 7//
f 7// 1583// 8//
f 1583// 1584// 8//
f 8// 1584// 15//
f 1584// 1585// 15//
f 15// 1585// 14//
f 1585// 1586// 14//
f 14// 1586// 12//
f 1586// 1587// 12//
f 12// 1587// 13//
f 1587// 1576// 13//
f 13// 1576// 2//
f 1578// 1577// 1576//
f 1576// 1587// 1578//
f 1578// 1587// 1586//
f 1578// 1586// 1579//
f 1581// 1580// 1582//
f 1582// 1580// 1579//
f 1582// 1579// 1583//
f 1583// 1579// 1586//
f 1583// 1586// 1584//
f 1584// 1586// 1585//
f 1588// 1589// 10//
f 10// 1589// 9//
f 9// 1589// 1590//
f 1591// 61// 63//
f 1591// 63// 1592//
f 1592// 63// 65//
f 1592// 65// 1590//
f 1590// 65// 68//
f 1590// 68// 9//
f 61// 1591// 19//
f 19// 1591// 1593//
f 19// 1593// 18//
f 18// 1593// 1594//
f 18// 1594// 16//
f 16// 1594// 1595//
f 16// 1595// 45//
f 45// 1595// 1596//
f 45// 1596// 46//
f 46// 1596// 1597//
f 46// 1597// 48//
f 48// 1597// 1598//
f 48// 1598// 50//
f 50// 1598// 1599//
f 50// 1599// 51//
f 1600// 55// 54//
f 1600// 54// 1601//
f 1601// 54// 53//
f 1601// 53// 1602//
f 1602// 53// 40//
f 1602// 40// 1603//
f 1603// 40// 22//
f 1603// 22// 1604//
f 1604// 22// 21//
f 1604// 21// 1605//
f 1605// 21// 52//
f 1605// 52// 1606//
f 1606// 52// 51//
f 1606// 51// 1599//
f 1607// 57// 56//
f 1607// 56// 1608//
f 1608// 56// 55//
f 1608// 55// 1600//
f 1607// 1609// 57//
f 57// 1609// 58//
f 1610// 60// 59//
f 1610// 59// 1611//
f 1611// 59// 58//
f 1611// 58// 1609//
f 1612// 29// 39//
f 1612// 39// 1613//
f 1613// 39// 38//
f 1613// 38// 1614//
f 1614// 38// 28//
f 1614// 28// 1615//
f 1615// 28// 27//
f 1615// 27// 1616//
f 1616// 27// 25//
f 1616// 25// 1617//
f 1617// 25// 24//
f 1617// 24// 1618//
f 1618// 24// 60//
f 1618// 60// 1610//
f 1619// 33// 32//
f 1619// 32// 1620//
f 1620// 32// 34//
f 1620// 34// 1621//
f 1621// 34// 35//
f 1621// 35// 1622//
f 1622// 35// 36//
f 1622// 36// 1623//
f 1623// 36// 31//
f 1623// 31// 1624//
f 1624// 31// 30//
f 1624// 30// 1625//
f 1625// 30// 29//
f 1625// 29// 1612//
f 1588// 10// 26//
f 1588// 26// 1626//
f 1626// 26// 37//
f 1626// 37// 1627//
f 1627// 37// 33//
f 1627// 33// 1619//
f 1620// 1591// 1619//
f 1619// 1591// 1592//
f 1619// 1592// 1627//
f 1627// 1592// 1590//
f 1627// 1590// 1626//
f 1626// 1590// 1589//
f 1626// 1589// 1588//
f 1609// 1607// 1611//
f 1611// 1607// 1608//
f 1611// 1608// 1610//
f 1610// 1608// 1600//
f 1610// 1600// 1618//
f 1618// 1600// 1601//
f 1618// 1601// 1617//
f 1617// 1601// 1602//
f 1617// 1602// 1616//
f 1616// 1602// 1603//
f 1616// 1603// 1615//
f 1615// 1603// 1604//
f 1615// 1604// 1614//
f 1614// 1604// 1605//
f 1614// 1605// 1613//
f 1613// 1605// 1606//
f 1613// 1606// 1612//
f 1612// 1606// 1599//
f 1612// 1599// 1625//
f 1625// 1599// 1598//
f 1625// 1598// 1624//
f 1624// 1598// 1597//
f 1624// 1597// 1623//
f 1623// 1597// 1596//
f 1623// 1596// 1622//
f 1622// 1596// 1595//
f 1622// 1595// 1621//
f 1621// 1595// 1594//
f 1621// 1594// 1620//
f 1620// 1594// 1593//
f 1620// 1593// 1591//
f 1628// 1629// 47//
f 47// 1629// 17//
f 1629// 1630// 17//
f 17// 1630// 43//
f 1630// 1631// 43//
f 43// 1631// 41//
f 1631// 1632// 41//
f 41// 1632// 23//
f 1632// 1633// 23//
f 23// 1633// 49//
f 1633// 1628// 49//
f 49// 1628// 47//
f 1632// 1631// 1633//
f 1633// 1631// 1630//
f 1633// 1630// 1628//
f 1628// 1630// 1629//
usemtl 1
f 1516// 1517// 1518//
f 1518// 1517// 1523//
f 1518// 1523// 1519//
f 1519// 1523// 1522//
f 1519// 1522// 1520//
f 1520// 1522// 1521//
f 1560// 1575// 1559//
f 1559// 1575// 1574//
f 1559// 1574// 1573//
f 1567// 1566// 1559//
f 1559// 1566// 1565//
f 1559// 1565// 1561//
f 1573// 1572// 1559//
f 1559// 1572// 1571//
f 1559// 1571// 1570//
f 1570// 1569// 1559//
f 1559// 1569// 1568//
f 1559// 1568// 1567//
f 1564// 1563// 1565//
f 1565// 1563// 1562//
f 1565// 1562// 1561//
usemtl 4
f 1634// 1635// 1636//
f 1636// 1635// 1637//
f 1636// 1637// 1638//
f 1639// 1640// 1636//
f 1636// 1640// 1641//
f 1636// 1641// 1634//
f 1642// 1643// 1636//
f 1636// 1643// 1644//
f 1636// 1644// 1639//
f 1645// 1646// 1636//
f 1636// 1646// 1647//
f 1636// 1647// 1642//
f 1648// 1649// 1636//
f 1636// 1649// 1650//
f 1636// 1650// 1645//
f 1651// 1652// 1636//
f 1636// 1652// 1653//
f 1636// 1653// 1648//
f 1654// 1655// 1636//
f 1636// 1655// 1656//
f 1636// 1656// 1651//
f 1638// 1657// 1636//
f 1636// 1657// 1658//
f 1636// 1658// 1654//
usemtl 1
f 266// 267// 1659//
f 1659// 267// 1660//
f 1659// 1660// 1661//
f 1661// 1660// 254//
f 254// 1660// 1662//
f 254// 1662// 1663//
f 183// 256// 1663//
f 1663// 256// 257//
f 1663// 257// 254//
f 1663// 1664// 183//
f 183// 1664// 1665//
f 183// 1665// 184//
f 1665// 1666// 184//
f 184// 1666// 1667//
f 184// 1667// 185//
f 185// 1667// 189//
f 251// 176// 1668//
f 1668// 176// 186//
f 1668// 186// 187//
f 1667// 1669// 189//
f 189// 1669// 1668//
f 189// 1668// 190//
f 190// 1668// 187//
f 1670// 1671// 1659//
f 1659// 1671// 264//
f 1659// 264// 266//
f 1670// 1659// 253//
f 253// 1659// 1661//
f 253// 1661// 254//
f 1672// 1673// 1674//
f 1675// 1676// 1677//
f 283// 1678// 1679//
f 1680// 1678// 283//
f 1677// 1676// 283//
f 1681// 283// 1676//
f 1682// 1662// 1660//
f 1662// 1682// 1663//
f 1663// 1682// 1683//
f 1663// 1683// 1664//
f 1664// 1683// 1684//
f 1664// 1684// 1665//
f 1665// 1684// 1685//
f 1665// 1685// 1666//
f 1666// 1685// 1667//
f 1667// 1685// 1686//
f 1667// 1686// 1669//
f 1669// 1686// 1668//
f 1668// 1686// 1687//
f 1668// 1687// 251//
f 1688// 1680// 283//
f 1689// 1690// 1675//
f 1675// 1690// 1691//
f 1675// 1691// 1676//
f 1676// 1691// 1692//
f 1676// 1692// 1681//
f 1693// 1679// 1694//
f 1694// 1679// 1678//
f 1694// 1678// 1695//
f 1695// 1678// 1680//
f 1695// 1680// 1696//
f 1688// 1697// 1680//
f 1680// 1697// 1698//
f 1680// 1698// 1696//
f 1696// 1698// 1699//
f 1696// 1699// 1700//
f 1674// 1693// 1701//
f 1701// 1693// 1694//
f 1701// 1694// 1702//
f 1702// 1694// 1695//
f 1702// 1695// 1703//
f 1703// 1695// 1696//
f 1703// 1696// 1704//
f 1704// 1696// 1700//
f 1705// 1706// 1707//
f 1707// 1706// 1672//
f 1672// 1674// 1707//
f 1707// 1674// 1701//
f 1707// 1701// 1708//
f 1708// 1701// 1702//
f 1708// 1702// 1709//
f 1709// 1702// 1703//
f 1709// 1703// 1710//
f 1710// 1703// 1704//
f 1710// 1704// 1711//
f 1673// 1689// 1674//
f 1674// 1689// 1675//
f 1674// 1675// 1693//
f 1693// 1675// 1677//
f 1693// 1677// 1679//
f 1679// 1677// 283//
f 1705// 1682// 1712//
f 1712// 1682// 1660//
f 1712// 1660// 267//
f 1700// 1713// 1704//
f 1704// 1713// 1714//
f 1704// 1714// 1711//
f 1711// 1714// 1715//
f 1711// 1715// 1716//
f 1705// 1707// 1682//
f 1682// 1707// 1708//
f 1682// 1708// 1683//
f 1683// 1708// 1709//
f 1683// 1709// 1684//
f 1684// 1709// 1710//
f 1684// 1710// 1685//
f 1685// 1710// 1711//
f 1685// 1711// 1686//
f 1686// 1711// 1716//
f 1686// 1716// 1687//
f 1717// 255// 1718//
f 1718// 255// 97//
f 1718// 97// 1719//
f 1720// 265// 264//
f 1720// 264// 1721//
f 264// 1671// 1721//
f 1721// 1671// 1670//
f 1721// 1670// 1722//
f 1722// 1670// 253//
f 1722// 253// 1717//
f 1717// 253// 252//
f 1717// 252// 255//
f 1723// 150// 149//
f 149// 148// 1723//
f 1723// 148// 147//
f 1723// 147// 1724//
f 1724// 147// 146//
f 1724// 146// 152//
f 1725// 96// 151//
f 150// 1723// 151//
f 151// 1723// 1726//
f 151// 1726// 1725//
f 96// 1725// 97//
f 97// 1725// 1727//
f 97// 1727// 1719//
f 267// 265// 1712//
f 1712// 265// 1728//
f 1712// 1728// 1705//
f 1705// 1728// 1729//
f 1705// 1729// 1706//
f 1706// 1729// 1730//
f 1706// 1730// 1672//
f 1672// 1730// 1731//
f 1672// 1731// 1673//
f 1673// 1731// 1732//
f 1673// 1732// 1689//
f 1689// 1732// 1733//
f 1689// 1733// 1690//
f 1690// 1733// 1734//
f 1690// 1734// 1691//
f 1691// 1734// 1735//
f 1691// 1735// 1692//
f 1692// 1735// 1736//
f 1692// 1736// 1681//
f 1736// 1737// 1681//
f 1681// 1737// 285//
f 1681// 285// 283//
f 230// 251// 1738//
f 1738// 251// 1687//
f 1738// 1687// 1739//
f 1739// 1687// 1716//
f 1739// 1716// 1740//
f 1740// 1716// 1715//
f 1740// 1715// 1741//
f 1741// 1715// 1714//
f 1741// 1714// 1742//
f 1742// 1714// 1713//
f 1742// 1713// 1743//
f 1743// 1713// 1700//
f 1743// 1700// 1744//
f 1744// 1700// 1699//
f 1744// 1699// 1745//
f 1745// 1699// 1698//
f 1745// 1698// 1746//
f 1746// 1698// 1697//
f 1746// 1697// 1747//
f 1697// 1688// 1747//
f 1747// 1688// 283//
f 1747// 283// 274//
f 1748// 1749// 1750//
f 1751// 1752// 1753//
f 1754// 1755// 1756//
f 285// 1757// 1758//
f 1759// 1757// 285//
f 1756// 1755// 285//
f 1760// 285// 1755//
f 1724// 1761// 1723//
f 1723// 1761// 1762//
f 1723// 1762// 1726//
f 1726// 1762// 1725//
f 1725// 1762// 1763//
f 1725// 1763// 1727//
f 1727// 1763// 1719//
f 1719// 1763// 1764//
f 1719// 1764// 1718//
f 1718// 1764// 1717//
f 1717// 1764// 1765//
f 1717// 1765// 1722//
f 1722// 1765// 1721//
f 1721// 1765// 1766//
f 1721// 1766// 1720//
f 1720// 1766// 1728//
f 1720// 1728// 265//
f 1737// 1759// 285//
f 1767// 1768// 1754//
f 1754// 1768// 1769//
f 1754// 1769// 1755//
f 1755// 1769// 1770//
f 1755// 1770// 1760//
f 1771// 1758// 1772//
f 1772// 1758// 1757//
f 1772// 1757// 1773//
f 1773// 1757// 1759//
f 1773// 1759// 1774//
f 1752// 1767// 1753//
f 1753// 1767// 1754//
f 1753// 1754// 1775//
f 1775// 1754// 1756//
f 1775// 1756// 1776//
f 1776// 1756// 285//
f 1737// 1736// 1759//
f 1759// 1736// 1735//
f 1759// 1735// 1774//
f 1774// 1735// 1734//
f 1774// 1734// 1733//
f 1777// 1771// 1778//
f 1778// 1771// 1772//
f 1778// 1772// 1779//
f 1779// 1772// 1773//
f 1779// 1773// 1780//
f 1780// 1773// 1774//
f 1780// 1774// 1781//
f 1781// 1774// 1733//
f 1750// 1777// 1782//
f 1782// 1777// 1778//
f 1782// 1778// 1783//
f 1783// 1778// 1779//
f 1783// 1779// 1784//
f 1784// 1779// 1780//
f 1784// 1780// 1785//
f 1785// 1780// 1781//
f 1785// 1781// 1786//
f 1749// 1751// 1750//
f 1750// 1751// 1753//
f 1750// 1753// 1777//
f 1777// 1753// 1775//
f 1777// 1775// 1771//
f 1771// 1775// 1776//
f 1771// 1776// 1758//
f 1758// 1776// 285//
f 1724// 152// 1761//
f 1761// 152// 1787//
f 1761// 1787// 1748//
f 1733// 1732// 1781//
f 1781// 1732// 1731//
f 1781// 1731// 1786//
f 1786// 1731// 1730//
f 1786// 1730// 1729//
f 1748// 1750// 1761//
f 1761// 1750// 1782//
f 1761// 1782// 1762//
f 1762// 1782// 1783//
f 1762// 1783// 1763//
f 1763// 1783// 1784//
f 1763// 1784// 1764//
f 1764// 1784// 1785//
f 1764// 1785// 1765//
f 1765// 1785// 1786//
f 1765// 1786// 1766//
f 1766// 1786// 1729//
f 1766// 1729// 1728//
f 1741// 1742// 1788//
f 1789// 1790// 1791//
f 274// 1792// 1793//
f 1794// 1792// 274//
f 1791// 1790// 274//
f 1747// 274// 1790//
f 1795// 1796// 1797//
f 1796// 1795// 1798//
f 1798// 1795// 1799//
f 1798// 1799// 1800//
f 1800// 1799// 1801//
f 1800// 1801// 1802//
f 1802// 1801// 1803//
f 1802// 1803// 1804//
f 1804// 1803// 1805//
f 1805// 1803// 1806//
f 1805// 1806// 1807//
f 1807// 1806// 1808//
f 1808// 1806// 1809//
f 1808// 1809// 269//
f 1810// 1794// 274//
f 1743// 1744// 1789//
f 1789// 1744// 1745//
f 1789// 1745// 1790//
f 1790// 1745// 1746//
f 1790// 1746// 1747//
f 1811// 1793// 1812//
f 1812// 1793// 1792//
f 1812// 1792// 1813//
f 1813// 1792// 1794//
f 1813// 1794// 1814//
f 1810// 1815// 1794//
f 1794// 1815// 1816//
f 1794// 1816// 1814//
f 1814// 1816// 1817//
f 1814// 1817// 1818//
f 1788// 1811// 1819//
f 1819// 1811// 1812//
f 1819// 1812// 1820//
f 1820// 1812// 1813//
f 1820// 1813// 1821//
f 1821// 1813// 1814//
f 1821// 1814// 1822//
f 1822// 1814// 1818//
f 1739// 1740// 1823//
f 1823// 1740// 1741//
f 1741// 1788// 1823//
f 1823// 1788// 1819//
f 1823// 1819// 1824//
f 1824// 1819// 1820//
f 1824// 1820// 1825//
f 1825// 1820// 1821//
f 1825// 1821// 1826//
f 1826// 1821// 1822//
f 1826// 1822// 1827//
f 1742// 1743// 1788//
f 1788// 1743// 1789//
f 1788// 1789// 1811//
f 1811// 1789// 1791//
f 1811// 1791// 1793//
f 1793// 1791// 274//
f 1739// 1795// 1738//
f 1738// 1795// 1797//
f 1738// 1797// 230//
f 1818// 1828// 1822//
f 1822// 1828// 1829//
f 1822// 1829// 1827//
f 1827// 1829// 1830//
f 1827// 1830// 1831//
f 1739// 1823// 1795//
f 1795// 1823// 1824//
f 1795// 1824// 1799//
f 1799// 1824// 1825//
f 1799// 1825// 1801//
f 1801// 1825// 1826//
f 1801// 1826// 1803//
f 1803// 1826// 1827//
f 1803// 1827// 1806//
f 1806// 1827// 1831//
f 1806// 1831// 1809//
f 152// 173// 1787//
f 1787// 173// 1832//
f 1787// 1832// 1748//
f 1748// 1832// 1833//
f 1748// 1833// 1749//
f 1749// 1833// 1834//
f 1749// 1834// 1751//
f 1751// 1834// 1835//
f 1751// 1835// 1752//
f 1752// 1835// 1836//
f 1752// 1836// 1767//
f 1767// 1836// 1837//
f 1767// 1837// 1768//
f 1768// 1837// 1838//
f 1768// 1838// 1769//
f 1769// 1838// 1839//
f 1769// 1839// 1770//
f 1770// 1839// 1840//
f 1770// 1840// 1760//
f 1840// 1841// 1760//
f 1760// 1841// 278//
f 1760// 278// 285//
f 271// 269// 1842//
f 1842// 269// 1809//
f 1842// 1809// 1843//
f 1843// 1809// 1831//
f 1843// 1831// 1844//
f 1844// 1831// 1830//
f 1844// 1830// 1845//
f 1845// 1830// 1829//
f 1845// 1829// 1846//
f 1846// 1829// 1828//
f 1846// 1828// 1847//
f 1847// 1828// 1818//
f 1847// 1818// 1848//
f 1848// 1818// 1817//
f 1848// 1817// 1849//
f 1849// 1817// 1816//
f 1849// 1816// 1850//
f 1850// 1816// 1815//
f 1850// 1815// 1851//
f 1815// 1810// 1851//
f 1851// 1810// 274//
f 1851// 274// 278//
f 224// 230// 225//
f 225// 230// 1797//
f 225// 1797// 226//
f 229// 228// 1797//
f 1797// 228// 227//
f 1797// 227// 226//
f 1797// 1796// 229//
f 229// 1796// 1798//
f 229// 1798// 174//
f 174// 1798// 175//
f 1798// 1800// 175//
f 175// 1800// 1802//
f 175// 1802// 261//
f 261// 1802// 1804//
f 261// 1804// 1805//
f 1852// 259// 1805//
f 1805// 259// 258//
f 1805// 258// 261//
f 1808// 269// 268//
f 1805// 1807// 1852//
f 1852// 1807// 1808//
f 1852// 1808// 1853//
f 1853// 1808// 268//
f 1843// 1844// 1854//
f 1845// 1846// 1855//
f 1856// 1857// 1858//
f 278// 1859// 1860//
f 1861// 1859// 278//
f 1858// 1857// 278//
f 1851// 278// 1857//
f 1862// 1863// 1864//
f 1864// 1863// 1865//
f 1864// 1865// 1866//
f 1866// 1865// 1867//
f 1867// 1865// 1868//
f 1867// 1868// 1869//
f 1869// 1868// 1870//
f 1870// 1868// 1871//
f 1870// 1871// 1872//
f 1872// 1871// 1873//
f 1873// 1871// 1874//
f 1873// 1874// 1875//
f 1875// 1874// 1876//
f 1876// 1874// 1877//
f 1876// 1877// 1878//
f 1878// 1877// 1832//
f 1878// 1832// 173//
f 1841// 1861// 278//
f 1847// 1848// 1856//
f 1856// 1848// 1849//
f 1856// 1849// 1857//
f 1857// 1849// 1850//
f 1857// 1850// 1851//
f 1879// 1860// 1880//
f 1880// 1860// 1859//
f 1880// 1859// 1881//
f 1881// 1859// 1861//
f 1881// 1861// 1882//
f 1846// 1847// 1855//
f 1855// 1847// 1856//
f 1855// 1856// 1883//
f 1883// 1856// 1858//
f 1883// 1858// 1884//
f 1884// 1858// 278//
f 1841// 1840// 1861//
f 1861// 1840// 1839//
f 1861// 1839// 1882//
f 1882// 1839// 1838//
f 1882// 1838// 1837//
f 1885// 1879// 1886//
f 1886// 1879// 1880//
f 1886// 1880// 1887//
f 1887// 1880// 1881//
f 1887// 1881// 1888//
f 1888// 1881// 1882//
f 1888// 1882// 1889//
f 1889// 1882// 1837//
f 1854// 1885// 1890//
f 1890// 1885// 1886//
f 1890// 1886// 1891//
f 1891// 1886// 1887//
f 1891// 1887// 1892//
f 1892// 1887// 1888//
f 1892// 1888// 1893//
f 1893// 1888// 1889//
f 1893// 1889// 1894//
f 1844// 1845// 1854//
f 1854// 1845// 1855//
f 1854// 1855// 1885//
f 1885// 1855// 1883//
f 1885// 1883// 1879//
f 1879// 1883// 1884//
f 1879// 1884// 1860//
f 1860// 1884// 278//
f 1862// 271// 1863//
f 1863// 271// 1842//
f 1863// 1842// 1843//
f 1837// 1836// 1889//
f 1889// 1836// 1835//
f 1889// 1835// 1894//
f 1894// 1835// 1834//
f 1894// 1834// 1833//
f 1843// 1854// 1863//
f 1863// 1854// 1890//
f 1863// 1890// 1865//
f 1865// 1890// 1891//
f 1865// 1891// 1868//
f 1868// 1891// 1892//
f 1868// 1892// 1871//
f 1871// 1892// 1893//
f 1871// 1893// 1874//
f 1874// 1893// 1894//
f 1874// 1894// 1877//
f 1877// 1894// 1833//
f 1877// 1833// 1832//
f 1852// 1895// 259//
f 259// 1895// 1896//
f 259// 1896// 260//
f 1852// 1853// 1895//
f 1895// 1853// 268//
f 1895// 268// 270//
f 1867// 263// 260//
f 270// 271// 1895//
f 1895// 271// 1862//
f 1895// 1862// 1896//
f 1896// 1862// 1864//
f 1896// 1864// 260//
f 260// 1864// 1866//
f 260// 1866// 1867//
f 1869// 101// 1867//
f 1867// 101// 262//
f 1867// 262// 263//
f 1878// 173// 98//
f 1878// 98// 1876//
f 1876// 98// 104//
f 1876// 104// 105//
f 1869// 1870// 101//
f 101// 1870// 1872//
f 101// 1872// 102//
f 102// 1872// 1873//
f 102// 1873// 103//
f 103// 1873// 1875//
f 103// 1875// 113//
f 113// 1875// 1876//
f 113// 1876// 114//
f 114// 1876// 105//
f 1637// 284// 1638//
f 1638// 284// 286//
f 1638// 286// 1657//
f 1657// 286// 287//
f 1657// 287// 1658//
f 1658// 287// 296//
f 1658// 296// 1654//
f 1654// 296// 295//
f 1654// 295// 1655//
f 1655// 295// 294//
f 1655// 294// 1656//
f 1656// 294// 293//
f 1656// 293// 1651//
f 1651// 293// 292//
f 1651// 292// 1652//
f 1652// 292// 291//
f 1652// 291// 1653//
f 1653// 291// 279//
f 1653// 279// 1648//
f 1648// 279// 277//
f 1648// 277// 1649//
f 1649// 277// 276//
f 1649// 276// 1650//
f 1650// 276// 275//
f 1650// 275// 1645//
f 1645// 275// 281//
f 1645// 281// 1646//
f 1646// 281// 280//
f 1646// 280// 1647//
f 1647// 280// 273//
f 1647// 273// 1642//
f 1642// 273// 272//
f 1642// 272// 1643//
f 1643// 272// 299//
f 1643// 299// 1644//
f 1644// 299// 298//
f 1644// 298// 1639//
f 1639// 298// 297//
f 1639// 297// 1640//
f 1640// 297// 290//
f 1640// 290// 1641//
f 1641// 290// 289//
f 1641// 289// 1634//
f 1634// 289// 288//
f 1634// 288// 1635//
f 1635// 288// 282//
f 1635// 282// 1637//
f 1637// 282// 284//
